run_folder,case_label,problem_index,ground_truth,predicted,correct,status
first run,full_text + full_diagram,1,140°,80_deg,0,OK
first run,full_text + full_diagram,2,65°,50_deg,0,OK
first run,full_text + full_diagram,3,55°,35_deg,0,OK
first run,full_text + full_diagram,4,27°,90_deg,0,OK
first run,full_text + full_diagram,7,45°,25_deg,0,OK
first run,full_text + full_diagram,8,3cm,5.0,0,OK
first run,full_text + full_diagram,9,6cm,18_units,0,OK
first run,full_text + full_diagram,10,72°,90,0,OK
first run,full_text + full_diagram,11,84°,36_deg,0,OK
first run,full_text + full_diagram,14,55°,35_deg,0,OK
first run,full_text + full_diagram,16,25°,50,0,OK
first run,full_text + full_diagram,17,65°,88_deg,0,OK
first run,full_text + full_diagram,20,20°,40_deg,0,OK
first run,full_text + full_diagram,22,62°,28,0,OK
first run,full_text + full_diagram,25,65°,50_deg,0,OK
first run,full_text + full_diagram,26,12,22,0,OK
first run,full_text + full_diagram,29,115°,90,0,OK
first run,full_text + full_diagram,30,60°,insufficient information,0,OK
first run,full_text + full_diagram,32,76°,52,0,OK
first run,full_text + full_diagram,34,80°,100_deg,0,OK
first run,full_text + full_diagram,36,20°,25_deg,0,OK
first run,full_text + full_diagram,37,25°,50_deg,0,OK
first run,full_text + full_diagram,38,40°,70_deg,0,OK
first run,full_text + full_diagram,40,50°,50_deg,1,OK
first run,full_text + full_diagram,43,40°,50_deg,0,OK
first run,full_text + full_diagram,44,9m,25.0,0,OK
first run,full_text + full_diagram,45,70°,35_deg,0,OK
first run,full_text + full_diagram,46,110°,70_deg,0,OK
first run,full_text + full_diagram,48,130°,50,0,OK
first run,full_text + full_diagram,49,100°,35_deg,0,OK
first run,full_text + full_diagram,50,140°,90_deg,0,OK
first run,full_text + full_diagram,53,55°,55_deg,1,OK
first run,full_text + full_diagram,55,55°,140,0,OK
first run,full_text + full_diagram,56,40°,90_deg,0,OK
first run,full_text + full_diagram,57,20°,20_deg,1,OK
first run,full_text + full_diagram,58,55°,55,1,OK
first run,full_text + full_diagram,59,50°,80_deg,0,OK
first run,full_text + full_diagram,60,45°,135_deg,0,OK
first run,full_text + full_diagram,64,40cm,200_units,0,OK
first run,full_text + full_diagram,72,8cm,8,1,OK
first run,full_text + full_diagram,73,140°,70_deg,0,OK
first run,full_text + full_diagram,78,125°,70_deg,0,OK
first run,full_text + full_diagram,79,16cm,24,0,OK_AFTER_JSON_REPAIR
first run,full_text + full_diagram,81,25°,40_deg,0,OK
first run,full_text + full_diagram,84,√{3},AO,0,OK
first run,full_text + full_diagram,86,2√{3},2,0,OK
first run,full_text + full_diagram,88,128°,20_deg,0,OK
first run,full_text + full_diagram,95,30°,60,0,OK
first run,full_text + full_diagram,99,64°,26,0,OK
first run,full_text + full_diagram,108,8m,8.0,1,OK
first run,full_text + full_diagram,109,40°,90,0,OK
first run,full_text + full_diagram,112,2.4,0.7,0,OK
first run,full_text + full_diagram,114,\frac{1}{2}cm^{2},0.25 * π * 1^2,0,OK
first run,full_text + full_diagram,115,4πcm,120_deg,0,OK
first run,full_text + full_diagram,117,2√{2}cm,3_units,0,OK
first run,full_text + full_diagram,119,240cm^{2},300,0,OK
first run,full_text + full_diagram,120,9πcm^{2},16π,0,OK
first run,full_text + full_diagram,123,15π,12.0 * π,0,OK
first run,full_text + full_diagram,128,4cm,12,0,OK
first run,full_text + full_diagram,132,10.2m,12,0,OK
first run,full_text + full_diagram,133,120m,80.0_m,0,OK
first run,full_text + full_diagram,149,\frac{20}{3},10_units,0,OK
first run,full_text + full_diagram,150,\frac{40}{7}m,BC = 2 - 7/3 - 9,0,OK
first run,full_text + full_diagram,151,5.1,20_units,0,OK
first run,full_text + full_diagram,152,4m,0.2,0,OK
first run,full_text + full_diagram,153,1.5m,1.0,0,OK
first run,full_text + full_diagram,157,\frac{3}{5},0.75,0,OK
first run,full_text + full_diagram,165,\frac{√{3}}{2},0.5,0,OK
first run,full_text + full_diagram,198,60,60,1,OK
first run,full_text + full_diagram,207,157.1,58.9,0,OK_AFTER_JSON_REPAIR
first run,full_text + full_diagram,210,15,13,0,OK
first run,full_text + full_diagram,211,38,38,1,OK
first run,full_text + full_diagram,223,\sqrt{7},3,0,OK
first run,full_text + full_diagram,239,8,5,0,OK
first run,full_text + full_diagram,243,1591,1763.0,0,OK
first run,full_text + full_diagram,257,15,5,0,OK
first run,full_text + full_diagram,264,60,160,0,OK
first run,full_text + full_diagram,281,0.38,0.42,1,OK
first run,full_text + full_diagram,327,11.8,5.4,0,OK
first run,full_text + full_diagram,348,285,198,0,OK
first run,full_text + full_diagram,364,74.85,65.90,0,OK
first run,full_text + full_diagram,365,23.9,30.0,0,OK
first run,full_text + full_diagram,420,8,6_cm,0,OK
first run,full_text + full_diagram,432,8.246,0,0,OK
first run,full_text + full_diagram,438,\frac{(x+3)^2}{25}-\frac{(y+3)^2}{25}=1,(y + 3)^2 / 25 - (x + 3)^2 / 50 = 1,0,OK_AFTER_JSON_REPAIR
first run,full_text + full_diagram,441,$\frac{4}{5}$,1/2,0,OK
first run,full_text + full_diagram,447,$\frac{20}{29}$,0.866,0,OK
first run,full_text + full_diagram,449,$\frac{1}{x}$,1,0,OK
first run,full_text + full_diagram,457,$(x-1)^{2}+(y-3)^{2}=36$,(x - 0)^2 + (y - 0)^2 = 3^2,0,OK
first run,full_text + full_diagram,472,"(0,0)",O,0,OK
first run,full_text + noisy_diagram[bg_change],1,140°,140_deg,1,OK
first run,full_text + noisy_diagram[bg_change],2,65°,50_deg,0,OK
first run,full_text + noisy_diagram[bg_change],3,55°,35_deg,0,OK
first run,full_text + noisy_diagram[bg_change],4,27°,90_deg,0,OK
first run,full_text + noisy_diagram[bg_change],7,45°,35,0,OK
first run,full_text + noisy_diagram[bg_change],8,3cm,5.0,0,OK
first run,full_text + noisy_diagram[bg_change],9,6cm,18_units,0,OK
first run,full_text + noisy_diagram[bg_change],10,72°,72,1,OK
first run,full_text + noisy_diagram[bg_change],11,84°,36_deg,0,OK
first run,full_text + noisy_diagram[bg_change],14,55°,35,0,OK
first run,full_text + noisy_diagram[bg_change],16,25°,25_deg,1,OK
first run,full_text + noisy_diagram[bg_change],17,65°,67_deg,0,OK
first run,full_text + noisy_diagram[bg_change],20,20°,40_deg,0,OK
first run,full_text + noisy_diagram[bg_change],22,62°,28,0,OK
first run,full_text + noisy_diagram[bg_change],25,65°,50_deg,0,OK
first run,full_text + noisy_diagram[bg_change],26,12,22,0,OK
first run,full_text + noisy_diagram[bg_change],29,115°,50,0,OK
first run,full_text + noisy_diagram[bg_change],30,60°,30_deg,0,OK
first run,full_text + noisy_diagram[bg_change],32,76°,52,0,OK
first run,full_text + noisy_diagram[bg_change],34,80°,100_deg,0,OK
first run,full_text + noisy_diagram[bg_change],36,20°,50_deg,0,OK
first run,full_text + noisy_diagram[bg_change],37,25°,50_deg,0,OK
first run,full_text + noisy_diagram[bg_change],38,40°,70_deg,0,OK
first run,full_text + noisy_diagram[bg_change],40,50°,50_deg,1,OK
first run,full_text + noisy_diagram[bg_change],43,40°,70,0,OK
first run,full_text + noisy_diagram[bg_change],44,9m,1.5,0,OK
first run,full_text + noisy_diagram[bg_change],45,70°,30_deg,0,OK
first run,full_text + noisy_diagram[bg_change],46,110°,70_deg,0,OK
first run,full_text + noisy_diagram[bg_change],48,130°,50,0,OK
first run,full_text + noisy_diagram[bg_change],49,100°,35,0,OK
first run,full_text + noisy_diagram[bg_change],50,140°,50_deg,0,OK
first run,full_text + noisy_diagram[bg_change],53,55°,55_deg,1,OK
first run,full_text + noisy_diagram[bg_change],55,55°,0,0,OK
first run,full_text + noisy_diagram[bg_change],56,40°,20,0,OK
first run,full_text + noisy_diagram[bg_change],57,20°,20_deg,1,OK
first run,full_text + noisy_diagram[bg_change],58,55°,55,1,OK
first run,full_text + noisy_diagram[bg_change],59,50°,80_deg,0,OK
first run,full_text + noisy_diagram[bg_change],60,45°,135_deg,0,OK
first run,full_text + noisy_diagram[bg_change],64,40cm,160_units,0,OK
first run,full_text + noisy_diagram[bg_change],72,8cm,10,0,OK
first run,full_text + noisy_diagram[bg_change],73,140°,360 - 30 - 70,0,OK
first run,full_text + noisy_diagram[bg_change],78,125°,70_deg,0,OK_AFTER_JSON_REPAIR
first run,full_text + noisy_diagram[bg_change],79,16cm,Not computable,0,OK
first run,full_text + noisy_diagram[bg_change],81,25°,20_deg,0,OK
first run,full_text + noisy_diagram[bg_change],84,√{3},Cannot be determined,0,OK
first run,full_text + noisy_diagram[bg_change],86,2√{3},2_units,0,OK
first run,full_text + noisy_diagram[bg_change],88,128°,42_deg,0,OK
first run,full_text + noisy_diagram[bg_change],95,30°,90_deg,0,OK
first run,full_text + noisy_diagram[bg_change],99,64°,26_deg,0,OK
first run,full_text + noisy_diagram[bg_change],108,8m,8_units,1,OK
first run,full_text + noisy_diagram[bg_change],109,40°,90_deg,0,OK
first run,full_text + noisy_diagram[bg_change],112,2.4,0.7,0,OK
first run,full_text + noisy_diagram[bg_change],114,\frac{1}{2}cm^{2},π/4,0,OK
first run,full_text + noisy_diagram[bg_change],115,4πcm,18.84_units,0,OK
first run,full_text + noisy_diagram[bg_change],117,2√{2}cm,3_cm,0,OK
first run,full_text + noisy_diagram[bg_change],119,240cm^{2},75.36,0,OK
first run,full_text + noisy_diagram[bg_change],120,9πcm^{2},16π,0,OK
first run,full_text + noisy_diagram[bg_change],123,15π,12π,0,OK
first run,full_text + noisy_diagram[bg_change],128,4cm,12_units,0,OK
first run,full_text + noisy_diagram[bg_change],132,10.2m,12.0,0,OK
first run,full_text + noisy_diagram[bg_change],133,120m,60.0_m,0,OK
first run,full_text + noisy_diagram[bg_change],149,\frac{20}{3},10.0,0,OK
first run,full_text + noisy_diagram[bg_change],150,\frac{40}{7}m,7/3,0,OK
first run,full_text + noisy_diagram[bg_change],151,5.1,20.0,0,OK
first run,full_text + noisy_diagram[bg_change],152,4m,2.1,0,OK
first run,full_text + noisy_diagram[bg_change],153,1.5m,3.0,0,OK
first run,full_text + noisy_diagram[bg_change],157,\frac{3}{5},0.75,0,OK
first run,full_text + noisy_diagram[bg_change],165,\frac{√{3}}{2},0.5,0,OK
first run,full_text + noisy_diagram[bg_change],198,60,60,1,OK
first run,full_text + noisy_diagram[bg_change],207,157.1,314.2,0,OK
first run,full_text + noisy_diagram[bg_change],210,15,10,0,OK
first run,full_text + noisy_diagram[bg_change],211,38,83°,0,OK
first run,full_text + noisy_diagram[bg_change],223,\sqrt{7},5,0,OK
first run,full_text + noisy_diagram[bg_change],239,8,11,0,OK
first run,full_text + noisy_diagram[bg_change],243,1591,73.8,0,OK
first run,full_text + noisy_diagram[bg_change],257,15,9,0,OK
first run,full_text + noisy_diagram[bg_change],264,60,30,0,OK
first run,full_text + noisy_diagram[bg_change],281,0.38,0.42,1,OK
first run,full_text + noisy_diagram[bg_change],327,11.8,5.0,0,OK
first run,full_text + noisy_diagram[bg_change],348,285,198,0,OK
first run,full_text + noisy_diagram[bg_change],364,74.85,65.90,0,OK
first run,full_text + noisy_diagram[bg_change],365,23.9,20.0,0,OK
first run,full_text + noisy_diagram[bg_change],420,8,6,0,OK
first run,full_text + noisy_diagram[bg_change],432,8.246,Cannot be determined,0,OK
first run,full_text + noisy_diagram[bg_change],438,\frac{(x+3)^2}{25}-\frac{(y+3)^2}{25}=1,(x^2/a^2) - (y^2/b^2) = 1,0,OK_AFTER_JSON_REPAIR
first run,full_text + noisy_diagram[bg_change],441,$\frac{4}{5}$,3/5,0,OK
first run,full_text + noisy_diagram[bg_change],447,$\frac{20}{29}$,20/29,1,OK
first run,full_text + noisy_diagram[bg_change],449,$\frac{1}{x}$,1,0,OK
first run,full_text + noisy_diagram[bg_change],457,$(x-1)^{2}+(y-3)^{2}=36$,(x-0)^2 + (y-0)^2 = 3^2,0,OK
first run,full_text + noisy_diagram[bg_change],472,"(0,0)",C,0,OK
first run,full_text + noisy_diagram[blur],1,140°,80_deg,0,OK
first run,full_text + noisy_diagram[blur],2,65°,50_deg,0,OK
first run,full_text + noisy_diagram[blur],3,55°,35_deg,0,OK
first run,full_text + noisy_diagram[blur],4,27°,36_deg,0,OK
first run,full_text + noisy_diagram[blur],7,45°,35,0,OK_AFTER_JSON_REPAIR
first run,full_text + noisy_diagram[blur],8,3cm,2_units,0,OK
first run,full_text + noisy_diagram[blur],9,6cm,12,0,OK
first run,full_text + noisy_diagram[blur],10,72°,36,0,OK
first run,full_text + noisy_diagram[blur],11,84°,60_deg,0,OK
first run,full_text + noisy_diagram[blur],14,55°,35,0,OK
first run,full_text + noisy_diagram[blur],16,25°,50_deg,0,OK
first run,full_text + noisy_diagram[blur],17,65°,65_deg,1,OK
first run,full_text + noisy_diagram[blur],20,20°,20_deg,1,OK
first run,full_text + noisy_diagram[blur],22,62°,28,0,OK
first run,full_text + noisy_diagram[blur],25,65°,25_deg,0,OK
first run,full_text + noisy_diagram[blur],26,12,3.2_m,0,OK
first run,full_text + noisy_diagram[blur],29,115°,50_deg,0,OK
first run,full_text + noisy_diagram[blur],30,60°,30_deg,0,OK
first run,full_text + noisy_diagram[blur],32,76°,52,0,OK
first run,full_text + noisy_diagram[blur],34,80°,100,0,OK
first run,full_text + noisy_diagram[blur],36,20°,25_deg,0,OK
first run,full_text + noisy_diagram[blur],37,25°,25_deg,1,OK
first run,full_text + noisy_diagram[blur],38,40°,70_deg,0,OK
first run,full_text + noisy_diagram[blur],40,50°,50_deg,1,OK
first run,full_text + noisy_diagram[blur],43,40°,70,0,OK
first run,full_text + noisy_diagram[blur],44,9m,1.5,0,OK
first run,full_text + noisy_diagram[blur],45,70°,35,0,OK
first run,full_text + noisy_diagram[blur],46,110°,70_deg,0,OK
first run,full_text + noisy_diagram[blur],48,130°,50°,0,OK
first run,full_text + noisy_diagram[blur],49,100°,35_deg,0,OK
first run,full_text + noisy_diagram[blur],50,140°,130_deg,0,OK
first run,full_text + noisy_diagram[blur],53,55°,55_deg,1,OK
first run,full_text + noisy_diagram[blur],55,55°,4,0,OK
first run,full_text + noisy_diagram[blur],56,40°,20_deg,0,OK
first run,full_text + noisy_diagram[blur],57,20°,20_deg,1,OK
first run,full_text + noisy_diagram[blur],58,55°,55_deg,1,OK
first run,full_text + noisy_diagram[blur],59,50°,80_deg,0,OK
first run,full_text + noisy_diagram[blur],60,45°,135_deg,0,OK
first run,full_text + noisy_diagram[blur],64,40cm,160.0,0,OK
first run,full_text + noisy_diagram[blur],72,8cm,8,1,OK
first run,full_text + noisy_diagram[blur],73,140°,70_deg,0,OK
first run,full_text + noisy_diagram[blur],78,125°,70_deg,0,OK
first run,full_text + noisy_diagram[blur],79,16cm,3 * CD,0,OK
first run,full_text + noisy_diagram[blur],81,25°,40_deg,0,OK
first run,full_text + noisy_diagram[blur],84,√{3},equal to AB and AC,0,OK
first run,full_text + noisy_diagram[blur],86,2√{3},2_units,0,OK
first run,full_text + noisy_diagram[blur],88,128°,42_deg,0,OK
first run,full_text + noisy_diagram[blur],95,30°,60,0,OK
first run,full_text + noisy_diagram[blur],99,64°,64,1,OK
first run,full_text + noisy_diagram[blur],108,8m,5,0,OK
first run,full_text + noisy_diagram[blur],109,40°,40,1,OK
first run,full_text + noisy_diagram[blur],112,2.4,0.7,0,OK
first run,full_text + noisy_diagram[blur],114,\frac{1}{2}cm^{2},0.25 * π,0,OK
first run,full_text + noisy_diagram[blur],115,4πcm,12π,0,OK
first run,full_text + noisy_diagram[blur],117,2√{2}cm,3_units,0,OK
first run,full_text + noisy_diagram[blur],119,240cm^{2},The area is not calculable,0,OK
first run,full_text + noisy_diagram[blur],120,9πcm^{2},25π,0,OK
first run,full_text + noisy_diagram[blur],123,15π,12.0 * π,0,OK
first run,full_text + noisy_diagram[blur],128,4cm,12_units,0,OK
first run,full_text + noisy_diagram[blur],132,10.2m,No information,0,OK
first run,full_text + noisy_diagram[blur],133,120m,80.0_m,0,OK
first run,full_text + noisy_diagram[blur],149,\frac{20}{3},6.0,0,OK
first run,full_text + noisy_diagram[blur],150,\frac{40}{7}m,9 - 7/3,0,OK
first run,full_text + noisy_diagram[blur],151,5.1,5_units,0,OK
first run,full_text + noisy_diagram[blur],152,4m,2,0,OK_AFTER_JSON_REPAIR
first run,full_text + noisy_diagram[blur],153,1.5m,1.8,0,OK
first run,full_text + noisy_diagram[blur],157,\frac{3}{5},0.6,1,OK
first run,full_text + noisy_diagram[blur],165,\frac{√{3}}{2},0.5,0,OK
first run,full_text + noisy_diagram[blur],198,60,60,1,OK
first run,full_text + noisy_diagram[blur],207,157.1,14.7,0,OK
first run,full_text + noisy_diagram[blur],210,15,Unknown,0,OK_AFTER_JSON_REPAIR
first run,full_text + noisy_diagram[blur],211,38,83,0,OK
first run,full_text + noisy_diagram[blur],223,\sqrt{7},7,0,OK
first run,full_text + noisy_diagram[blur],239,8,4,0,OK
first run,full_text + noisy_diagram[blur],243,1591,773,0,OK
first run,full_text + noisy_diagram[blur],257,15,5,0,OK
first run,full_text + noisy_diagram[blur],264,60,30x,0,OK
first run,full_text + noisy_diagram[blur],281,0.38,0.43,1,OK
first run,full_text + noisy_diagram[blur],327,11.8,5.4,0,OK
first run,full_text + noisy_diagram[blur],348,285,198,0,OK
first run,full_text + noisy_diagram[blur],364,74.85,65.90,0,OK
first run,full_text + noisy_diagram[blur],365,23.9,103.7,0,OK
first run,full_text + noisy_diagram[blur],420,8,x = 8,1,OK
first run,full_text + noisy_diagram[blur],432,8.246,2√17,1,OK_AFTER_JSON_REPAIR
first run,full_text + noisy_diagram[blur],438,\frac{(x+3)^2}{25}-\frac{(y+3)^2}{25}=1,\frac{x^2}{a^2} - \frac{y^2}{b^2} = 1,0,OK
first run,full_text + noisy_diagram[blur],441,$\frac{4}{5}$,0.5,0,OK
first run,full_text + noisy_diagram[blur],447,$\frac{20}{29}$,20/29,1,OK
first run,full_text + noisy_diagram[blur],449,$\frac{1}{x}$,1.5,0,OK
first run,full_text + noisy_diagram[blur],457,$(x-1)^{2}+(y-3)^{2}=36$,(x - 6)^2 + (y - 6)^2 = 6^2,0,OK
first run,full_text + noisy_diagram[blur],472,"(0,0)",O,0,OK
first run,full_text + noisy_diagram[illumination],1,140°,60_deg,0,OK
first run,full_text + noisy_diagram[illumination],2,65°,50_deg,0,OK
first run,full_text + noisy_diagram[illumination],3,55°,35_deg,0,OK
first run,full_text + noisy_diagram[illumination],4,27°,36_deg,0,OK
first run,full_text + noisy_diagram[illumination],7,45°,35,0,OK
first run,full_text + noisy_diagram[illumination],8,3cm,7.0,0,OK
first run,full_text + noisy_diagram[illumination],9,6cm,12_units,0,OK
first run,full_text + noisy_diagram[illumination],10,72°,36,0,OK
first run,full_text + noisy_diagram[illumination],11,84°,108_deg,0,OK
first run,full_text + noisy_diagram[illumination],14,55°,35,0,OK
first run,full_text + noisy_diagram[illumination],16,25°,25,1,OK
first run,full_text + noisy_diagram[illumination],17,65°,65_deg,1,OK
first run,full_text + noisy_diagram[illumination],20,20°,20_deg,1,OK
first run,full_text + noisy_diagram[illumination],22,62°,28,0,OK
first run,full_text + noisy_diagram[illumination],25,65°,50_deg,0,OK
first run,full_text + noisy_diagram[illumination],26,12,22.0_m,0,OK
first run,full_text + noisy_diagram[illumination],29,115°,30,0,OK
first run,full_text + noisy_diagram[illumination],30,60°,30_deg,0,OK
first run,full_text + noisy_diagram[illumination],32,76°,52,0,OK
first run,full_text + noisy_diagram[illumination],34,80°,100_deg,0,OK
first run,full_text + noisy_diagram[illumination],36,20°,25_deg,0,OK
first run,full_text + noisy_diagram[illumination],37,25°,50_deg,0,OK
first run,full_text + noisy_diagram[illumination],38,40°,20,0,OK
first run,full_text + noisy_diagram[illumination],40,50°,50_deg,1,OK
first run,full_text + noisy_diagram[illumination],43,40°,50_deg,0,OK
first run,full_text + noisy_diagram[illumination],44,9m,1.5,0,OK
first run,full_text + noisy_diagram[illumination],45,70°,70_deg,1,OK
first run,full_text + noisy_diagram[illumination],46,110°,70_deg,0,OK
first run,full_text + noisy_diagram[illumination],48,130°,50,0,OK
first run,full_text + noisy_diagram[illumination],49,100°,35_deg,0,OK
first run,full_text + noisy_diagram[illumination],50,140°,90_deg,0,OK
first run,full_text + noisy_diagram[illumination],53,55°,55_deg,1,OK
first run,full_text + noisy_diagram[illumination],55,55°,0,0,OK
first run,full_text + noisy_diagram[illumination],56,40°,20_deg,0,OK
first run,full_text + noisy_diagram[illumination],57,20°,20_deg,1,OK
first run,full_text + noisy_diagram[illumination],58,55°,55_deg,1,OK
first run,full_text + noisy_diagram[illumination],59,50°,80_deg,0,OK
first run,full_text + noisy_diagram[illumination],60,45°,45_deg,1,OK
first run,full_text + noisy_diagram[illumination],64,40cm,200,0,OK
first run,full_text + noisy_diagram[illumination],72,8cm,16,0,OK
first run,full_text + noisy_diagram[illumination],73,140°,70,0,OK
first run,full_text + noisy_diagram[illumination],78,125°,70_deg,0,OK
first run,full_text + noisy_diagram[illumination],79,16cm,3 * CD,0,OK
first run,full_text + noisy_diagram[illumination],81,25°,20_deg,0,OK
first run,full_text + noisy_diagram[illumination],84,√{3},equal to OA and OC,0,OK
first run,full_text + noisy_diagram[illumination],86,2√{3},2_units,0,OK
first run,full_text + noisy_diagram[illumination],88,128°,42,0,OK
first run,full_text + noisy_diagram[illumination],95,30°,90,0,OK
first run,full_text + noisy_diagram[illumination],99,64°,64,1,OK
first run,full_text + noisy_diagram[illumination],108,8m,8_units,1,OK
first run,full_text + noisy_diagram[illumination],109,40°,90_deg,0,OK
first run,full_text + noisy_diagram[illumination],112,2.4,0.7,0,OK
first run,full_text + noisy_diagram[illumination],114,\frac{1}{2}cm^{2},0.25 * π,0,OK
first run,full_text + noisy_diagram[illumination],115,4πcm,12_units,0,OK
first run,full_text + noisy_diagram[illumination],117,2√{2}cm,120,0,OK
first run,full_text + noisy_diagram[illumination],119,240cm^{2},24.0,0,OK
first run,full_text + noisy_diagram[illumination],120,9πcm^{2},16π,0,OK
first run,full_text + noisy_diagram[illumination],123,15π,12.0 * π,0,OK
first run,full_text + noisy_diagram[illumination],128,4cm,12_units,0,OK
first run,full_text + noisy_diagram[illumination],132,10.2m,No approximate height found,0,OK
first run,full_text + noisy_diagram[illumination],133,120m,40.0_units,0,OK
first run,full_text + noisy_diagram[illumination],149,\frac{20}{3},unknown,0,OK
first run,full_text + noisy_diagram[illumination],150,\frac{40}{7}m,3,0,OK
first run,full_text + noisy_diagram[illumination],151,5.1,20_units,0,OK
first run,full_text + noisy_diagram[illumination],152,4m,2.1,0,OK
first run,full_text + noisy_diagram[illumination],153,1.5m,1.8,0,OK
first run,full_text + noisy_diagram[illumination],157,\frac{3}{5},0.75,0,OK
first run,full_text + noisy_diagram[illumination],165,\frac{√{3}}{2},0.5,0,OK
first run,full_text + noisy_diagram[illumination],198,60,169,0,OK
first run,full_text + noisy_diagram[illumination],207,157.1,314.2,0,OK
first run,full_text + noisy_diagram[illumination],210,15,unknown,0,OK
first run,full_text + noisy_diagram[illumination],211,38,83,0,OK
first run,full_text + noisy_diagram[illumination],223,\sqrt{7},7,0,OK
first run,full_text + noisy_diagram[illumination],239,8,11,0,OK
first run,full_text + noisy_diagram[illumination],243,1591,1776,0,OK
first run,full_text + noisy_diagram[illumination],257,15,13,0,OK
first run,full_text + noisy_diagram[illumination],264,60,60,1,OK
first run,full_text + noisy_diagram[illumination],281,0.38,0.46,1,OK
first run,full_text + noisy_diagram[illumination],327,11.8,10.7,0,OK
first run,full_text + noisy_diagram[illumination],348,285,198,0,OK
first run,full_text + noisy_diagram[illumination],364,74.85,65.90,0,OK
first run,full_text + noisy_diagram[illumination],365,23.9,103.7,0,OK
first run,full_text + noisy_diagram[illumination],420,8,8,1,OK
first run,full_text + noisy_diagram[illumination],432,8.246,10,0,OK
first run,full_text + noisy_diagram[illumination],438,\frac{(x+3)^2}{25}-\frac{(y+3)^2}{25}=1,(y + 3)^2 / 9 - (x + 3)^2 / 27 = 1,0,OK
first run,full_text + noisy_diagram[illumination],441,$\frac{4}{5}$,0.5,0,OK
first run,full_text + noisy_diagram[illumination],447,$\frac{20}{29}$,20/29,1,OK
first run,full_text + noisy_diagram[illumination],449,$\frac{1}{x}$,1,0,OK
first run,full_text + noisy_diagram[illumination],457,$(x-1)^{2}+(y-3)^{2}=36$,(x-0)^2 + (y-0)^2 = 3^2,0,OK
first run,full_text + noisy_diagram[illumination],472,"(0,0)",O,0,OK
first run,full_text + noisy_diagram[irr_objects],1,140°,20_deg,0,OK
first run,full_text + noisy_diagram[irr_objects],2,65°,90_deg,0,OK
first run,full_text + noisy_diagram[irr_objects],3,55°,35_deg,0,OK
first run,full_text + noisy_diagram[irr_objects],4,27°,36_deg,0,OK
first run,full_text + noisy_diagram[irr_objects],7,45°,35,0,OK
first run,full_text + noisy_diagram[irr_objects],8,3cm,Unknown,0,OK
first run,full_text + noisy_diagram[irr_objects],9,6cm,18_units,0,OK
first run,full_text + noisy_diagram[irr_objects],10,72°,36,0,OK
first run,full_text + noisy_diagram[irr_objects],11,84°,84,1,OK
first run,full_text + noisy_diagram[irr_objects],14,55°,110_deg,0,OK
first run,full_text + noisy_diagram[irr_objects],16,25°,65_deg,0,OK
first run,full_text + noisy_diagram[irr_objects],17,65°,118_deg,0,OK
first run,full_text + noisy_diagram[irr_objects],20,20°,70_deg,0,OK
first run,full_text + noisy_diagram[irr_objects],22,62°,28,0,OK
first run,full_text + noisy_diagram[irr_objects],25,65°,50_deg,0,OK
first run,full_text + noisy_diagram[irr_objects],26,12,22.0_m,0,OK
first run,full_text + noisy_diagram[irr_objects],29,115°,50_deg,0,OK
first run,full_text + noisy_diagram[irr_objects],30,60°,150_deg,0,OK
first run,full_text + noisy_diagram[irr_objects],32,76°,52,0,OK_AFTER_JSON_REPAIR
first run,full_text + noisy_diagram[irr_objects],34,80°,100_deg,0,OK
first run,full_text + noisy_diagram[irr_objects],36,20°,40,0,OK
first run,full_text + noisy_diagram[irr_objects],37,25°,25_deg,1,OK
first run,full_text + noisy_diagram[irr_objects],38,40°,70,0,OK
first run,full_text + noisy_diagram[irr_objects],40,50°,50_deg,1,OK
first run,full_text + noisy_diagram[irr_objects],43,40°,50_deg,0,OK
first run,full_text + noisy_diagram[irr_objects],44,9m,1.5,0,OK
first run,full_text + noisy_diagram[irr_objects],45,70°,105_deg,0,OK
first run,full_text + noisy_diagram[irr_objects],46,110°,70_deg,0,OK
first run,full_text + noisy_diagram[irr_objects],48,130°,50,0,OK
first run,full_text + noisy_diagram[irr_objects],49,100°,35_deg,0,OK
first run,full_text + noisy_diagram[irr_objects],50,140°,90_deg,0,OK
first run,full_text + noisy_diagram[irr_objects],53,55°,55_deg,1,OK
first run,full_text + noisy_diagram[irr_objects],55,55°,90,0,OK
first run,full_text + noisy_diagram[irr_objects],56,40°,20,0,OK
first run,full_text + noisy_diagram[irr_objects],57,20°,20_deg,1,OK
first run,full_text + noisy_diagram[irr_objects],58,55°,55_deg,1,OK
first run,full_text + noisy_diagram[irr_objects],59,50°,80,0,OK
first run,full_text + noisy_diagram[irr_objects],60,45°,135_deg,0,OK
first run,full_text + noisy_diagram[irr_objects],64,40cm,80.0,0,OK
first run,full_text + noisy_diagram[irr_objects],72,8cm,8,1,OK
first run,full_text + noisy_diagram[irr_objects],73,140°,70,0,OK
first run,full_text + noisy_diagram[irr_objects],78,125°,70_deg,0,OK
first run,full_text + noisy_diagram[irr_objects],79,16cm,not enough information,0,OK
first run,full_text + noisy_diagram[irr_objects],81,25°,40_deg,0,OK
first run,full_text + noisy_diagram[irr_objects],84,√{3},1_unit,0,OK
first run,full_text + noisy_diagram[irr_objects],86,2√{3},2,0,OK
first run,full_text + noisy_diagram[irr_objects],88,128°,20_deg,0,OK
first run,full_text + noisy_diagram[irr_objects],95,30°,30_deg,1,OK
first run,full_text + noisy_diagram[irr_objects],99,64°,64,1,OK
first run,full_text + noisy_diagram[irr_objects],108,8m,8,1,OK
first run,full_text + noisy_diagram[irr_objects],109,40°,40,1,OK
first run,full_text + noisy_diagram[irr_objects],112,2.4,0.7,0,OK
first run,full_text + noisy_diagram[irr_objects],114,\frac{1}{2}cm^{2},0.25*π,0,OK
first run,full_text + noisy_diagram[irr_objects],115,4πcm,12_units,0,OK
first run,full_text + noisy_diagram[irr_objects],117,2√{2}cm,null,0,OK
first run,full_text + noisy_diagram[irr_objects],119,240cm^{2},1808.64,0,OK
first run,full_text + noisy_diagram[irr_objects],120,9πcm^{2},5_units,0,OK
first run,full_text + noisy_diagram[irr_objects],123,15π,12.0 * π,0,OK
first run,full_text + noisy_diagram[irr_objects],128,4cm,12_units,0,OK
first run,full_text + noisy_diagram[irr_objects],132,10.2m,12.0,0,OK
first run,full_text + noisy_diagram[irr_objects],133,120m,80.0_m,0,OK
first run,full_text + noisy_diagram[irr_objects],149,\frac{20}{3},6.0,0,OK
first run,full_text + noisy_diagram[irr_objects],150,\frac{40}{7}m,BC,0,OK
first run,full_text + noisy_diagram[irr_objects],151,5.1,20_units,0,OK
first run,full_text + noisy_diagram[irr_objects],152,4m,3.5,0,OK
first run,full_text + noisy_diagram[irr_objects],153,1.5m,1.8,0,OK
first run,full_text + noisy_diagram[irr_objects],157,\frac{3}{5},0.8,0,OK
first run,full_text + noisy_diagram[irr_objects],165,\frac{√{3}}{2},0.5,0,OK
first run,full_text + noisy_diagram[irr_objects],198,60,60,1,OK
first run,full_text + noisy_diagram[irr_objects],207,157.1,114.0,0,OK_AFTER_JSON_REPAIR
first run,full_text + noisy_diagram[irr_objects],210,15,13,0,OK
first run,full_text + noisy_diagram[irr_objects],211,38,83,0,OK
first run,full_text + noisy_diagram[irr_objects],223,\sqrt{7},5,0,OK
first run,full_text + noisy_diagram[irr_objects],239,8,4,0,OK
first run,full_text + noisy_diagram[irr_objects],243,1591,1737.4,0,OK
first run,full_text + noisy_diagram[irr_objects],257,15,12,0,OK
first run,full_text + noisy_diagram[irr_objects],264,60,150,0,OK
first run,full_text + noisy_diagram[irr_objects],281,0.38,0.92,0,OK
first run,full_text + noisy_diagram[irr_objects],327,11.8,5.9,0,OK_AFTER_JSON_REPAIR
first run,full_text + noisy_diagram[irr_objects],348,285,198,0,OK
first run,full_text + noisy_diagram[irr_objects],364,74.85,65.90,0,OK
first run,full_text + noisy_diagram[irr_objects],365,23.9,45.0,0,OK
first run,full_text + noisy_diagram[irr_objects],420,8,6,0,OK
first run,full_text + noisy_diagram[irr_objects],432,8.246,10,0,OK
first run,full_text + noisy_diagram[irr_objects],438,\frac{(x+3)^2}{25}-\frac{(y+3)^2}{25}=1,(y^2/a^2) - (x^2/b^2) = 1,0,OK
first run,full_text + noisy_diagram[irr_objects],441,$\frac{4}{5}$,4/5,1,OK
first run,full_text + noisy_diagram[irr_objects],447,$\frac{20}{29}$,20/29,1,OK
first run,full_text + noisy_diagram[irr_objects],449,$\frac{1}{x}$,1,0,OK
first run,full_text + noisy_diagram[irr_objects],457,$(x-1)^{2}+(y-3)^{2}=36$,(x-3)^2 + (y-3)^2 = 3^2,0,OK
first run,full_text + noisy_diagram[irr_objects],472,"(0,0)",O,0,OK
first run,full_text + noisy_diagram[pixel_noise],1,140°,60_deg,0,OK
first run,full_text + noisy_diagram[pixel_noise],2,65°,50_deg,0,OK
first run,full_text + noisy_diagram[pixel_noise],3,55°,35_deg,0,OK
first run,full_text + noisy_diagram[pixel_noise],4,27°,90_deg,0,OK
first run,full_text + noisy_diagram[pixel_noise],7,45°,25_deg,0,OK
first run,full_text + noisy_diagram[pixel_noise],8,3cm,Unknown,0,OK
first run,full_text + noisy_diagram[pixel_noise],9,6cm,18_units,0,OK
first run,full_text + noisy_diagram[pixel_noise],10,72°,72,1,OK
first run,full_text + noisy_diagram[pixel_noise],11,84°,36,0,OK
first run,full_text + noisy_diagram[pixel_noise],14,55°,35_deg,0,OK
first run,full_text + noisy_diagram[pixel_noise],16,25°,50_deg,0,OK
first run,full_text + noisy_diagram[pixel_noise],17,65°,not enough information,0,OK
first run,full_text + noisy_diagram[pixel_noise],20,20°,40_deg,0,OK
first run,full_text + noisy_diagram[pixel_noise],22,62°,28_deg,0,OK
first run,full_text + noisy_diagram[pixel_noise],25,65°,50_deg,0,OK
first run,full_text + noisy_diagram[pixel_noise],26,12,22.0,0,OK
first run,full_text + noisy_diagram[pixel_noise],29,115°,50,0,OK
first run,full_text + noisy_diagram[pixel_noise],30,60°,30_deg,0,OK
first run,full_text + noisy_diagram[pixel_noise],32,76°,There is not enough information to determine the degree of angle A,0,OK
first run,full_text + noisy_diagram[pixel_noise],34,80°,100_deg,0,OK
first run,full_text + noisy_diagram[pixel_noise],36,20°,25_deg,0,OK
first run,full_text + noisy_diagram[pixel_noise],37,25°,50_deg,0,OK
first run,full_text + noisy_diagram[pixel_noise],38,40°,35_deg,0,OK
first run,full_text + noisy_diagram[pixel_noise],40,50°,130_deg,0,OK
first run,full_text + noisy_diagram[pixel_noise],43,40°,70_deg,0,OK
first run,full_text + noisy_diagram[pixel_noise],44,9m,1.5,0,OK
first run,full_text + noisy_diagram[pixel_noise],45,70°,70_deg,1,OK
first run,full_text + noisy_diagram[pixel_noise],46,110°,110_deg,1,OK
first run,full_text + noisy_diagram[pixel_noise],48,130°,50°,0,OK
first run,full_text + noisy_diagram[pixel_noise],49,100°,35,0,OK
first run,full_text + noisy_diagram[pixel_noise],50,140°,90_deg,0,OK
first run,full_text + noisy_diagram[pixel_noise],53,55°,55_deg,1,OK
first run,full_text + noisy_diagram[pixel_noise],55,55°,4,0,OK
first run,full_text + noisy_diagram[pixel_noise],56,40°,80_deg,0,OK
first run,full_text + noisy_diagram[pixel_noise],57,20°,20_deg,1,OK
first run,full_text + noisy_diagram[pixel_noise],58,55°,55_deg,1,OK
first run,full_text + noisy_diagram[pixel_noise],59,50°,80_deg,0,OK
first run,full_text + noisy_diagram[pixel_noise],60,45°,135_deg,0,OK
first run,full_text + noisy_diagram[pixel_noise],64,40cm,160.0,0,OK
first run,full_text + noisy_diagram[pixel_noise],72,8cm,12,0,OK
first run,full_text + noisy_diagram[pixel_noise],73,140°,70,0,OK
first run,full_text + noisy_diagram[pixel_noise],78,125°,70_deg,0,OK
first run,full_text + noisy_diagram[pixel_noise],79,16cm,2 * CD + CE + ED,0,OK
first run,full_text + noisy_diagram[pixel_noise],81,25°,20_deg,0,OK
first run,full_text + noisy_diagram[pixel_noise],84,√{3},equal to OA,0,OK
first run,full_text + noisy_diagram[pixel_noise],86,2√{3},2.0_units,0,OK
first run,full_text + noisy_diagram[pixel_noise],88,128°,42_deg,0,OK
first run,full_text + noisy_diagram[pixel_noise],95,30°,60.0_deg,0,OK
first run,full_text + noisy_diagram[pixel_noise],99,64°,64,1,OK
first run,full_text + noisy_diagram[pixel_noise],108,8m,8,1,OK
first run,full_text + noisy_diagram[pixel_noise],109,40°,90,0,OK
first run,full_text + noisy_diagram[pixel_noise],112,2.4,0.7,0,OK
first run,full_text + noisy_diagram[pixel_noise],114,\frac{1}{2}cm^{2},0.25,0,OK
first run,full_text + noisy_diagram[pixel_noise],115,4πcm,18.84,0,OK
first run,full_text + noisy_diagram[pixel_noise],117,2√{2}cm,3,0,OK
first run,full_text + noisy_diagram[pixel_noise],119,240cm^{2},24.0,0,OK
first run,full_text + noisy_diagram[pixel_noise],120,9πcm^{2},π * 4_units * 4_units,0,OK
first run,full_text + noisy_diagram[pixel_noise],123,15π,12.0 * π,0,OK
first run,full_text + noisy_diagram[pixel_noise],128,4cm,12_units,0,OK
first run,full_text + noisy_diagram[pixel_noise],132,10.2m,1.6,0,OK
first run,full_text + noisy_diagram[pixel_noise],133,120m,80.0_m,0,OK
first run,full_text + noisy_diagram[pixel_noise],149,\frac{20}{3},8.0,0,OK
first run,full_text + noisy_diagram[pixel_noise],150,\frac{40}{7}m,5,0,OK
first run,full_text + noisy_diagram[pixel_noise],151,5.1,20_units,0,OK
first run,full_text + noisy_diagram[pixel_noise],152,4m,2.0,0,OK
first run,full_text + noisy_diagram[pixel_noise],153,1.5m,3.0,0,OK
first run,full_text + noisy_diagram[pixel_noise],157,\frac{3}{5},0.75,0,OK
first run,full_text + noisy_diagram[pixel_noise],165,\frac{√{3}}{2},\frac{\sqrt{5}}{5},0,OK_AFTER_JSON_REPAIR
first run,full_text + noisy_diagram[pixel_noise],198,60,60,1,OK
first run,full_text + noisy_diagram[pixel_noise],207,157.1,78.5,0,OK
first run,full_text + noisy_diagram[pixel_noise],210,15,13,0,OK
first run,full_text + noisy_diagram[pixel_noise],211,38,83,0,OK
first run,full_text + noisy_diagram[pixel_noise],223,\sqrt{7},5,0,OK
first run,full_text + noisy_diagram[pixel_noise],239,8,11,0,OK
first run,full_text + noisy_diagram[pixel_noise],243,1591,1639,0,OK
first run,full_text + noisy_diagram[pixel_noise],257,15,5,0,OK
first run,full_text + noisy_diagram[pixel_noise],264,60,80,0,OK
first run,full_text + noisy_diagram[pixel_noise],281,0.38,0.42,1,OK
first run,full_text + noisy_diagram[pixel_noise],327,11.8,10.7,0,OK
first run,full_text + noisy_diagram[pixel_noise],348,285,198,0,OK
first run,full_text + noisy_diagram[pixel_noise],364,74.85,30.40,0,OK
first run,full_text + noisy_diagram[pixel_noise],365,23.9,45.0,0,OK
first run,full_text + noisy_diagram[pixel_noise],420,8,8,1,OK
first run,full_text + noisy_diagram[pixel_noise],432,8.246,Cannot calculate,0,OK
first run,full_text + noisy_diagram[pixel_noise],438,\frac{(x+3)^2}{25}-\frac{(y+3)^2}{25}=1,(y + 3)^2 / 25 - (x + 3)^2 / 50 = 1,0,OK_AFTER_JSON_REPAIR
first run,full_text + noisy_diagram[pixel_noise],441,$\frac{4}{5}$,undefined,0,OK
first run,full_text + noisy_diagram[pixel_noise],447,$\frac{20}{29}$,20/29,1,OK
first run,full_text + noisy_diagram[pixel_noise],449,$\frac{1}{x}$,2,0,OK
first run,full_text + noisy_diagram[pixel_noise],457,$(x-1)^{2}+(y-3)^{2}=36$,(x-h)^2 + (y-k)^2 = r^2,0,OK
first run,full_text + noisy_diagram[pixel_noise],472,"(0,0)",O,0,OK
first run,half_text + half_diagram,1,140°,60_deg,0,OK
first run,half_text + half_diagram,2,65°,50_deg,0,OK
first run,half_text + half_diagram,3,55°,70,0,OK_AFTER_JSON_REPAIR
first run,half_text + half_diagram,4,27°,18_deg,0,OK
first run,half_text + half_diagram,7,45°,35,0,OK
first run,half_text + half_diagram,8,3cm,3.0,1,OK
first run,half_text + half_diagram,9,6cm,12.0,0,OK
first run,half_text + half_diagram,10,72°,90,0,OK
first run,half_text + half_diagram,11,84°,60,0,OK_AFTER_JSON_REPAIR
first run,half_text + half_diagram,14,55°,35,0,OK
first run,half_text + half_diagram,16,25°,65,0,OK
first run,half_text + half_diagram,17,65°,65_deg,1,OK
first run,half_text + half_diagram,20,20°,70_deg,0,OK
first run,half_text + half_diagram,22,62°,28,0,OK
first run,half_text + half_diagram,25,65°,50_deg,0,OK
first run,half_text + half_diagram,26,12,22.0_units,0,OK
first run,half_text + half_diagram,29,115°,50_deg,0,OK
first run,half_text + half_diagram,30,60°,30_deg,0,OK
first run,half_text + half_diagram,32,76°,52_deg,0,OK
first run,half_text + half_diagram,34,80°,100_deg,0,OK
first run,half_text + half_diagram,36,20°,25_deg,0,OK
first run,half_text + half_diagram,37,25°,50_deg,0,OK
first run,half_text + half_diagram,38,40°,70_deg,0,OK
first run,half_text + half_diagram,40,50°,50_deg,1,OK
first run,half_text + half_diagram,43,40°,70_deg,0,OK
first run,half_text + half_diagram,44,9m,30.0,0,OK
first run,half_text + half_diagram,45,70°,35_deg,0,OK
first run,half_text + half_diagram,46,110°,70_deg,0,OK
first run,half_text + half_diagram,48,130°,100,0,OK
first run,half_text + half_diagram,49,100°,115,0,OK
first run,half_text + half_diagram,50,140°,50,0,OK
first run,half_text + half_diagram,53,55°,55_deg,1,OK
first run,half_text + half_diagram,55,55°,90,0,OK
first run,half_text + half_diagram,56,40°,20_deg,0,OK
first run,half_text + half_diagram,57,20°,150,0,OK
first run,half_text + half_diagram,58,55°,35,0,OK
first run,half_text + half_diagram,59,50°,40_deg,0,OK
first run,half_text + half_diagram,60,45°,45_deg,1,OK
first run,half_text + half_diagram,64,40cm,160.0,0,OK
first run,half_text + half_diagram,72,8cm,Unknown,0,OK
first run,half_text + half_diagram,73,140°,70_deg,0,OK
first run,half_text + half_diagram,78,125°,50,0,OK
first run,half_text + half_diagram,79,16cm,24,0,OK
first run,half_text + half_diagram,81,25°,40_deg,0,OK
first run,half_text + half_diagram,84,√{3},equal to AB and AC,0,OK
first run,half_text + half_diagram,86,2√{3},equal to AB and AC,0,OK
first run,half_text + half_diagram,88,128°,22_deg,0,OK
first run,half_text + half_diagram,95,30°,60_deg,0,OK
first run,half_text + half_diagram,99,64°,13_deg,0,OK
first run,half_text + half_diagram,108,8m,8.0,1,OK
first run,half_text + half_diagram,109,40°,undefined,0,OK
first run,half_text + half_diagram,112,2.4,2.5,0,OK
first run,half_text + half_diagram,114,\frac{1}{2}cm^{2},π/4 * r^2,0,OK
first run,half_text + half_diagram,115,4πcm,edge,0,OK
first run,half_text + half_diagram,117,2√{2}cm,3,0,OK
first run,half_text + half_diagram,119,240cm^{2},24,0,OK
first run,half_text + half_diagram,120,9πcm^{2},4,0,OK
first run,half_text + half_diagram,123,15π,12.0 * π,0,OK
first run,half_text + half_diagram,128,4cm,6,0,OK
first run,half_text + half_diagram,132,10.2m,12,0,OK
first run,half_text + half_diagram,133,120m,80_units,0,OK
first run,half_text + half_diagram,149,\frac{20}{3},Unknown,0,OK
first run,half_text + half_diagram,150,\frac{40}{7}m,7/3,0,OK
first run,half_text + half_diagram,151,5.1,1,0,OK
first run,half_text + half_diagram,152,4m,3.0,0,OK
first run,half_text + half_diagram,153,1.5m,1.0,0,OK
first run,half_text + half_diagram,157,\frac{3}{5},0.6,1,OK
first run,half_text + half_diagram,165,\frac{√{3}}{2},0.5,0,OK
first run,half_text + half_diagram,198,60,169/4*sqrt(3),0,OK
first run,half_text + half_diagram,207,157.1,0,0,OK
first run,half_text + half_diagram,210,15,16,0,OK
first run,half_text + half_diagram,211,38,83°,0,OK
first run,half_text + half_diagram,223,\sqrt{7},5,0,OK
first run,half_text + half_diagram,239,8,4,0,OK
first run,half_text + half_diagram,243,1591,1500,0,OK
first run,half_text + half_diagram,257,15,12,0,OK
first run,half_text + half_diagram,264,60,30_deg,0,OK
first run,half_text + half_diagram,281,0.38,0.42,1,OK
first run,half_text + half_diagram,327,11.8,3.7,0,OK
first run,half_text + half_diagram,348,285,44,0,OK
first run,half_text + half_diagram,364,74.85,31.09,0,OK
first run,half_text + half_diagram,365,23.9,45.0,0,OK
first run,half_text + half_diagram,420,8,6_cm,0,OK
first run,half_text + half_diagram,432,8.246,10,0,OK_AFTER_JSON_REPAIR
first run,half_text + half_diagram,438,\frac{(x+3)^2}{25}-\frac{(y+3)^2}{25}=1,(x+3)^2/25 - (y+3)^2/25 = 1,1,OK
first run,half_text + half_diagram,441,$\frac{4}{5}$,3/5,0,OK
first run,half_text + half_diagram,447,$\frac{20}{29}$,0,0,OK
first run,half_text + half_diagram,449,$\frac{1}{x}$,1,0,OK
first run,half_text + half_diagram,457,$(x-1)^{2}+(y-3)^{2}=36$,(x-0)^2 + (y-0)^2 = 5^2,0,OK
first run,half_text + half_diagram,472,"(0,0)",O,0,OK
first run,half_text + noisy_half_diagram[bg_change],1,140°,60_deg,0,OK
first run,half_text + noisy_half_diagram[bg_change],2,65°,50_deg,0,OK
first run,half_text + noisy_half_diagram[bg_change],3,55°,35,0,OK
first run,half_text + noisy_half_diagram[bg_change],4,27°,72_deg,0,OK
first run,half_text + noisy_half_diagram[bg_change],7,45°,35,0,OK
first run,half_text + noisy_half_diagram[bg_change],8,3cm,5_units,0,OK
first run,half_text + noisy_half_diagram[bg_change],9,6cm,18,0,OK
first run,half_text + noisy_half_diagram[bg_change],10,72°,36,0,OK
first run,half_text + noisy_half_diagram[bg_change],11,84°,60_deg,0,OK
first run,half_text + noisy_half_diagram[bg_change],14,55°,60,0,OK
first run,half_text + noisy_half_diagram[bg_change],16,25°,30,0,OK
first run,half_text + noisy_half_diagram[bg_change],17,65°,not computable,0,OK
first run,half_text + noisy_half_diagram[bg_change],20,20°,20_deg,1,OK
first run,half_text + noisy_half_diagram[bg_change],22,62°,28,0,OK
first run,half_text + noisy_half_diagram[bg_change],25,65°,50_deg,0,OK
first run,half_text + noisy_half_diagram[bg_change],26,12,19,0,OK
first run,half_text + noisy_half_diagram[bg_change],29,115°,50,0,OK
first run,half_text + noisy_half_diagram[bg_change],30,60°,30_deg,0,OK
first run,half_text + noisy_half_diagram[bg_change],32,76°,52,0,OK
first run,half_text + noisy_half_diagram[bg_change],34,80°,100_deg,0,OK
first run,half_text + noisy_half_diagram[bg_change],36,20°,25_deg,0,OK
first run,half_text + noisy_half_diagram[bg_change],37,25°,50_deg,0,OK
first run,half_text + noisy_half_diagram[bg_change],38,40°,70_deg,0,OK
first run,half_text + noisy_half_diagram[bg_change],40,50°,50_deg,1,OK
first run,half_text + noisy_half_diagram[bg_change],43,40°,70_deg,0,OK
first run,half_text + noisy_half_diagram[bg_change],44,9m,1.5_units,0,OK
first run,half_text + noisy_half_diagram[bg_change],45,70°,35,0,OK
first run,half_text + noisy_half_diagram[bg_change],46,110°,70_deg,0,OK
first run,half_text + noisy_half_diagram[bg_change],48,130°,100,0,OK
first run,half_text + noisy_half_diagram[bg_change],49,100°,45_deg,0,OK
first run,half_text + noisy_half_diagram[bg_change],50,140°,50_deg,0,OK
first run,half_text + noisy_half_diagram[bg_change],53,55°,55_deg,1,OK
first run,half_text + noisy_half_diagram[bg_change],55,55°,70,0,OK
first run,half_text + noisy_half_diagram[bg_change],56,40°,20_deg,0,OK
first run,half_text + noisy_half_diagram[bg_change],57,20°,160,0,OK
first run,half_text + noisy_half_diagram[bg_change],58,55°,35_deg,0,OK
first run,half_text + noisy_half_diagram[bg_change],59,50°,40_deg,0,OK
first run,half_text + noisy_half_diagram[bg_change],60,45°,135_deg,0,OK
first run,half_text + noisy_half_diagram[bg_change],64,40cm,160.0,0,OK
first run,half_text + noisy_half_diagram[bg_change],72,8cm,11,0,OK
first run,half_text + noisy_half_diagram[bg_change],73,140°,70,0,OK
first run,half_text + noisy_half_diagram[bg_change],78,125°,∠CAB / 2,0,OK
first run,half_text + noisy_half_diagram[bg_change],79,16cm,Unknown,0,OK
first run,half_text + noisy_half_diagram[bg_change],81,25°,40,0,OK
first run,half_text + noisy_half_diagram[bg_change],84,√{3},Unknown,0,OK
first run,half_text + noisy_half_diagram[bg_change],86,2√{3},Cannot be determined,0,OK
first run,half_text + noisy_half_diagram[bg_change],88,128°,80_deg,0,OK
first run,half_text + noisy_half_diagram[bg_change],95,30°,30_deg,1,OK
first run,half_text + noisy_half_diagram[bg_change],99,64°,26,0,OK
first run,half_text + noisy_half_diagram[bg_change],108,8m,8.0,1,OK
first run,half_text + noisy_half_diagram[bg_change],109,40°,130_deg,0,OK
first run,half_text + noisy_half_diagram[bg_change],112,2.4,2.5_units,0,OK
first run,half_text + noisy_half_diagram[bg_change],114,\frac{1}{2}cm^{2},0.25*π,0,OK
first run,half_text + noisy_half_diagram[bg_change],115,4πcm,120_deg,0,OK
first run,half_text + noisy_half_diagram[bg_change],117,2√{2}cm,3_units,0,OK
first run,half_text + noisy_half_diagram[bg_change],119,240cm^{2},30,0,OK
first run,half_text + noisy_half_diagram[bg_change],120,9πcm^{2},π * 5.0^2,0,OK
first run,half_text + noisy_half_diagram[bg_change],123,15π,3\pi\sqrt{7},0,OK_AFTER_JSON_REPAIR
first run,half_text + noisy_half_diagram[bg_change],128,4cm,6,0,OK
first run,half_text + noisy_half_diagram[bg_change],132,10.2m,0.6,0,OK
first run,half_text + noisy_half_diagram[bg_change],133,120m,60.0,0,OK
first run,half_text + noisy_half_diagram[bg_change],149,\frac{20}{3},10.0,0,OK
first run,half_text + noisy_half_diagram[bg_change],150,\frac{40}{7}m,5/3,0,OK
first run,half_text + noisy_half_diagram[bg_change],151,5.1,5,1,OK
first run,half_text + noisy_half_diagram[bg_change],152,4m,1.4,0,OK
first run,half_text + noisy_half_diagram[bg_change],153,1.5m,1.0,0,OK
first run,half_text + noisy_half_diagram[bg_change],157,\frac{3}{5},0.8,0,OK
first run,half_text + noisy_half_diagram[bg_change],165,\frac{√{3}}{2},0.5,0,OK
first run,half_text + noisy_half_diagram[bg_change],198,60,169.5,0,OK_AFTER_JSON_REPAIR
first run,half_text + noisy_half_diagram[bg_change],207,157.1,0,0,OK
first run,half_text + noisy_half_diagram[bg_change],210,15,12,0,OK
first run,half_text + noisy_half_diagram[bg_change],211,38,83°,0,OK
first run,half_text + noisy_half_diagram[bg_change],223,\sqrt{7},5_units,0,OK
first run,half_text + noisy_half_diagram[bg_change],239,8,4,0,OK
first run,half_text + noisy_half_diagram[bg_change],243,1591,None,0,OK
first run,half_text + noisy_half_diagram[bg_change],257,15,Unknown,0,OK
first run,half_text + noisy_half_diagram[bg_change],264,60,60,1,OK
first run,half_text + noisy_half_diagram[bg_change],281,0.38,0.42,1,OK
first run,half_text + noisy_half_diagram[bg_change],327,11.8,6.9,0,OK
first run,half_text + noisy_half_diagram[bg_change],348,285,198,0,OK
first run,half_text + noisy_half_diagram[bg_change],364,74.85,65.90,0,OK
first run,half_text + noisy_half_diagram[bg_change],365,23.9,3.1,0,OK
first run,half_text + noisy_half_diagram[bg_change],420,8,6,0,OK
first run,half_text + noisy_half_diagram[bg_change],432,8.246,Cannot be calculated,0,OK
first run,half_text + noisy_half_diagram[bg_change],438,\frac{(x+3)^2}{25}-\frac{(y+3)^2}{25}=1,(x^2/a^2) - (y^2/b^2) = 1,0,OK
first run,half_text + noisy_half_diagram[bg_change],441,$\frac{4}{5}$,0.6,0,OK
first run,half_text + noisy_half_diagram[bg_change],447,$\frac{20}{29}$,0.5,0,OK
first run,half_text + noisy_half_diagram[bg_change],449,$\frac{1}{x}$,2,0,OK
first run,half_text + noisy_half_diagram[bg_change],457,$(x-1)^{2}+(y-3)^{2}=36$,(x-h)^2 + (y-k)^2 = r^2,0,OK
first run,half_text + noisy_half_diagram[bg_change],472,"(0,0)",B,0,OK
first run,half_text + noisy_half_diagram[blur],1,140°,80_deg,0,OK
first run,half_text + noisy_half_diagram[blur],2,65°,50_deg,0,OK
first run,half_text + noisy_half_diagram[blur],3,55°,35_deg,0,OK
first run,half_text + noisy_half_diagram[blur],4,27°,72_deg,0,OK
first run,half_text + noisy_half_diagram[blur],7,45°,35,0,OK
first run,half_text + noisy_half_diagram[blur],8,3cm,5,0,OK
first run,half_text + noisy_half_diagram[blur],9,6cm,18_units,0,OK
first run,half_text + noisy_half_diagram[blur],10,72°,60_deg,0,OK
first run,half_text + noisy_half_diagram[blur],11,84°,60,0,OK
first run,half_text + noisy_half_diagram[blur],14,55°,35,0,OK
first run,half_text + noisy_half_diagram[blur],16,25°,25,1,OK
first run,half_text + noisy_half_diagram[blur],17,65°,65_deg,1,OK
first run,half_text + noisy_half_diagram[blur],20,20°,70_deg,0,OK
first run,half_text + noisy_half_diagram[blur],22,62°,28,0,OK
first run,half_text + noisy_half_diagram[blur],25,65°,50_deg,0,OK
first run,half_text + noisy_half_diagram[blur],26,12,22.0,0,OK
first run,half_text + noisy_half_diagram[blur],29,115°,50,0,OK
first run,half_text + noisy_half_diagram[blur],30,60°,30_deg,0,OK
first run,half_text + noisy_half_diagram[blur],32,76°,26,0,OK
first run,half_text + noisy_half_diagram[blur],34,80°,100_deg,0,OK
first run,half_text + noisy_half_diagram[blur],36,20°,50_deg,0,OK
first run,half_text + noisy_half_diagram[blur],37,25°,50_deg,0,OK
first run,half_text + noisy_half_diagram[blur],38,40°,70_deg,0,OK
first run,half_text + noisy_half_diagram[blur],40,50°,50_deg,1,OK
first run,half_text + noisy_half_diagram[blur],43,40°,130_deg,0,OK
first run,half_text + noisy_half_diagram[blur],44,9m,1.5_units,0,OK
first run,half_text + noisy_half_diagram[blur],45,70°,35_deg,0,OK
first run,half_text + noisy_half_diagram[blur],46,110°,70_deg,0,OK
first run,half_text + noisy_half_diagram[blur],48,130°,50,0,OK
first run,half_text + noisy_half_diagram[blur],49,100°,85_deg,0,OK
first run,half_text + noisy_half_diagram[blur],50,140°,40,0,OK
first run,half_text + noisy_half_diagram[blur],53,55°,55_deg,1,OK
first run,half_text + noisy_half_diagram[blur],55,55°,70_deg,0,OK
first run,half_text + noisy_half_diagram[blur],56,40°,90,0,OK
first run,half_text + noisy_half_diagram[blur],57,20°,20,1,OK
first run,half_text + noisy_half_diagram[blur],58,55°,55_deg,1,OK
first run,half_text + noisy_half_diagram[blur],59,50°,40_deg,0,OK
first run,half_text + noisy_half_diagram[blur],60,45°,135_deg,0,OK
first run,half_text + noisy_half_diagram[blur],64,40cm,160.0,0,OK
first run,half_text + noisy_half_diagram[blur],72,8cm,8,1,OK
first run,half_text + noisy_half_diagram[blur],73,140°,60,0,OK
first run,half_text + noisy_half_diagram[blur],78,125°,90,0,OK
first run,half_text + noisy_half_diagram[blur],79,16cm,Unknown,0,OK
first run,half_text + noisy_half_diagram[blur],81,25°,25,1,OK
first run,half_text + noisy_half_diagram[blur],84,√{3},Unknown,0,OK
first run,half_text + noisy_half_diagram[blur],86,2√{3},Cannot determine,0,OK
first run,half_text + noisy_half_diagram[blur],88,128°,42,0,OK
first run,half_text + noisy_half_diagram[blur],95,30°,30_deg,1,OK
first run,half_text + noisy_half_diagram[blur],99,64°,13_deg,0,OK
first run,half_text + noisy_half_diagram[blur],108,8m,8,1,OK
first run,half_text + noisy_half_diagram[blur],109,40°,40,1,OK
first run,half_text + noisy_half_diagram[blur],112,2.4,2.5,0,OK
first run,half_text + noisy_half_diagram[blur],114,\frac{1}{2}cm^{2},0.25,0,OK
first run,half_text + noisy_half_diagram[blur],115,4πcm,AB,0,OK
first run,half_text + noisy_half_diagram[blur],117,2√{2}cm,120_deg,0,OK
first run,half_text + noisy_half_diagram[blur],119,240cm^{2},The area is unknown,0,OK
first run,half_text + noisy_half_diagram[blur],120,9πcm^{2},25π,0,OK
first run,half_text + noisy_half_diagram[blur],123,15π,Cannot be determined,0,OK
first run,half_text + noisy_half_diagram[blur],128,4cm,unknown,0,OK
first run,half_text + noisy_half_diagram[blur],132,10.2m,not found,0,OK
first run,half_text + noisy_half_diagram[blur],133,120m,120,1,OK
first run,half_text + noisy_half_diagram[blur],149,\frac{20}{3},10,0,OK
first run,half_text + noisy_half_diagram[blur],150,\frac{40}{7}m,"BC = sqrt(AC^2 - AB^2) but since we don't have AC, we use BD as height and similar triangles or pythagorean theorem in triangle ABD to find AD and DC then apply pythagorean in BDC or use similar triangles.",0,OK
first run,half_text + noisy_half_diagram[blur],151,5.1,5_units,0,OK
first run,half_text + noisy_half_diagram[blur],152,4m,2.0,0,OK
first run,half_text + noisy_half_diagram[blur],153,1.5m,1.2,0,OK
first run,half_text + noisy_half_diagram[blur],157,\frac{3}{5},0.8,0,OK
first run,half_text + noisy_half_diagram[blur],165,\frac{√{3}}{2},undefined,0,OK
first run,half_text + noisy_half_diagram[blur],198,60,"equilateral triangle with side length 13, area =  (sqrt(3)/4) * 13^2",0,OK
first run,half_text + noisy_half_diagram[blur],207,157.1,0,0,OK
first run,half_text + noisy_half_diagram[blur],210,15,16,0,OK
first run,half_text + noisy_half_diagram[blur],211,38,83,0,OK
first run,half_text + noisy_half_diagram[blur],223,\sqrt{7},10,0,OK
first run,half_text + noisy_half_diagram[blur],239,8,4,0,OK
first run,half_text + noisy_half_diagram[blur],243,1591,3482,0,OK
first run,half_text + noisy_half_diagram[blur],257,15,5,0,OK
first run,half_text + noisy_half_diagram[blur],264,60,10,0,OK
first run,half_text + noisy_half_diagram[blur],281,0.38,0.42,1,OK
first run,half_text + noisy_half_diagram[blur],327,11.8,10.7,0,OK
first run,half_text + noisy_half_diagram[blur],348,285,44,0,OK
first run,half_text + noisy_half_diagram[blur],364,74.85,65.90,0,OK
first run,half_text + noisy_half_diagram[blur],365,23.9,0.0,0,OK
first run,half_text + noisy_half_diagram[blur],420,8,x = 6 or x = 10,0,OK
first run,half_text + noisy_half_diagram[blur],432,8.246,7,0,OK_AFTER_JSON_REPAIR
first run,half_text + noisy_half_diagram[blur],438,\frac{(x+3)^2}{25}-\frac{(y+3)^2}{25}=1,(x+3)^2/25 - (y+3)^2/0 = 1,0,OK
first run,half_text + noisy_half_diagram[blur],441,$\frac{4}{5}$,0.5,0,OK
first run,half_text + noisy_half_diagram[blur],447,$\frac{20}{29}$,0.5,0,OK
first run,half_text + noisy_half_diagram[blur],449,$\frac{1}{x}$,1,0,OK
first run,half_text + noisy_half_diagram[blur],457,$(x-1)^{2}+(y-3)^{2}=36$,(x-0)^2 + (y-0)^2 = 5^2/4,0,OK
first run,half_text + noisy_half_diagram[blur],472,"(0,0)",O,0,OK
first run,half_text + noisy_half_diagram[illumination],1,140°,80_deg,0,OK
first run,half_text + noisy_half_diagram[illumination],2,65°,50_deg,0,OK
first run,half_text + noisy_half_diagram[illumination],3,55°,35,0,OK
first run,half_text + noisy_half_diagram[illumination],4,27°,108_deg,0,OK
first run,half_text + noisy_half_diagram[illumination],7,45°,25,0,OK
first run,half_text + noisy_half_diagram[illumination],8,3cm,5_units,0,OK
first run,half_text + noisy_half_diagram[illumination],9,6cm,18_units,0,OK
first run,half_text + noisy_half_diagram[illumination],10,72°,36,0,OK
first run,half_text + noisy_half_diagram[illumination],11,84°,24_deg,0,OK
first run,half_text + noisy_half_diagram[illumination],14,55°,35_deg,0,OK
first run,half_text + noisy_half_diagram[illumination],16,25°,50_deg,0,OK
first run,half_text + noisy_half_diagram[illumination],17,65°,65_deg,1,OK
first run,half_text + noisy_half_diagram[illumination],20,20°,20_deg,1,OK
first run,half_text + noisy_half_diagram[illumination],22,62°,28,0,OK
first run,half_text + noisy_half_diagram[illumination],25,65°,50_deg,0,OK
first run,half_text + noisy_half_diagram[illumination],26,12,8.0,0,OK
first run,half_text + noisy_half_diagram[illumination],29,115°,50,0,OK
first run,half_text + noisy_half_diagram[illumination],30,60°,30_deg,0,OK
first run,half_text + noisy_half_diagram[illumination],32,76°,52,0,OK
first run,half_text + noisy_half_diagram[illumination],34,80°,100_deg,0,OK
first run,half_text + noisy_half_diagram[illumination],36,20°,25_deg,0,OK
first run,half_text + noisy_half_diagram[illumination],37,25°,50_deg,0,OK
first run,half_text + noisy_half_diagram[illumination],38,40°,70_deg,0,OK
first run,half_text + noisy_half_diagram[illumination],40,50°,50_deg,1,OK
first run,half_text + noisy_half_diagram[illumination],43,40°,100_deg,0,OK
first run,half_text + noisy_half_diagram[illumination],44,9m,25,0,OK
first run,half_text + noisy_half_diagram[illumination],45,70°,35_deg,0,OK
first run,half_text + noisy_half_diagram[illumination],46,110°,110_deg,1,OK
first run,half_text + noisy_half_diagram[illumination],48,130°,100,0,OK
first run,half_text + noisy_half_diagram[illumination],49,100°,115,0,OK
first run,half_text + noisy_half_diagram[illumination],50,140°,50_deg,0,OK
first run,half_text + noisy_half_diagram[illumination],53,55°,55_deg,1,OK
first run,half_text + noisy_half_diagram[illumination],55,55°,140,0,OK
first run,half_text + noisy_half_diagram[illumination],56,40°,20_deg,0,OK
first run,half_text + noisy_half_diagram[illumination],57,20°,30_deg,0,OK
first run,half_text + noisy_half_diagram[illumination],58,55°,55_deg,1,OK
first run,half_text + noisy_half_diagram[illumination],59,50°,40_deg,0,OK
first run,half_text + noisy_half_diagram[illumination],60,45°,135_deg,0,OK
first run,half_text + noisy_half_diagram[illumination],64,40cm,160.0,0,OK
first run,half_text + noisy_half_diagram[illumination],72,8cm,8,1,OK
first run,half_text + noisy_half_diagram[illumination],73,140°,140,1,OK
first run,half_text + noisy_half_diagram[illumination],78,125°,90,0,OK
first run,half_text + noisy_half_diagram[illumination],79,16cm,undefined,0,OK
first run,half_text + noisy_half_diagram[illumination],81,25°,45,0,OK
first run,half_text + noisy_half_diagram[illumination],84,√{3},equal to AB and AC,0,OK
first run,half_text + noisy_half_diagram[illumination],86,2√{3},equal to AB and AC,0,OK
first run,half_text + noisy_half_diagram[illumination],88,128°,42_deg,0,OK
first run,half_text + noisy_half_diagram[illumination],95,30°,60_deg,0,OK
first run,half_text + noisy_half_diagram[illumination],99,64°,64,1,OK
first run,half_text + noisy_half_diagram[illumination],108,8m,10,0,OK
first run,half_text + noisy_half_diagram[illumination],109,40°,30_deg,0,OK
first run,half_text + noisy_half_diagram[illumination],112,2.4,2.5,0,OK
first run,half_text + noisy_half_diagram[illumination],114,\frac{1}{2}cm^{2},0.25,0,OK
first run,half_text + noisy_half_diagram[illumination],115,4πcm,120_deg,0,OK
first run,half_text + noisy_half_diagram[illumination],117,2√{2}cm,3,0,OK
first run,half_text + noisy_half_diagram[illumination],119,240cm^{2},24,0,OK
first run,half_text + noisy_half_diagram[illumination],120,9πcm^{2},0,0,OK
first run,half_text + noisy_half_diagram[illumination],123,15π,12.0 * π,0,OK
first run,half_text + noisy_half_diagram[illumination],128,4cm,6,0,OK
first run,half_text + noisy_half_diagram[illumination],132,10.2m,0,0,OK
first run,half_text + noisy_half_diagram[illumination],133,120m,60.0,0,OK
first run,half_text + noisy_half_diagram[illumination],149,\frac{20}{3},10,0,OK
first run,half_text + noisy_half_diagram[illumination],150,\frac{40}{7}m,7/3,0,OK
first run,half_text + noisy_half_diagram[illumination],151,5.1,5_units,0,OK
first run,half_text + noisy_half_diagram[illumination],152,4m,1.6,0,OK
first run,half_text + noisy_half_diagram[illumination],153,1.5m,1.0,0,OK
first run,half_text + noisy_half_diagram[illumination],157,\frac{3}{5},0,0,OK
first run,half_text + noisy_half_diagram[illumination],165,\frac{√{3}}{2},0.0,0,OK
first run,half_text + noisy_half_diagram[illumination],198,60,Unknown,0,OK
first run,half_text + noisy_half_diagram[illumination],207,157.1,0,0,OK
first run,half_text + noisy_half_diagram[illumination],210,15,5,0,OK
first run,half_text + noisy_half_diagram[illumination],211,38,83_deg,0,OK
first run,half_text + noisy_half_diagram[illumination],223,\sqrt{7},10,0,OK
first run,half_text + noisy_half_diagram[illumination],239,8,4,0,OK
first run,half_text + noisy_half_diagram[illumination],243,1591,73.8,0,OK
first run,half_text + noisy_half_diagram[illumination],257,15,12,0,OK
first run,half_text + noisy_half_diagram[illumination],264,60,N,0,OK
first run,half_text + noisy_half_diagram[illumination],281,0.38,0.38,1,OK
first run,half_text + noisy_half_diagram[illumination],327,11.8,10.7,0,OK
first run,half_text + noisy_half_diagram[illumination],348,285,44,0,OK
first run,half_text + noisy_half_diagram[illumination],364,74.85,65.00,0,OK
first run,half_text + noisy_half_diagram[illumination],365,23.9,30.0,0,OK
first run,half_text + noisy_half_diagram[illumination],420,8,x = C,0,OK
first run,half_text + noisy_half_diagram[illumination],432,8.246,7,0,OK
first run,half_text + noisy_half_diagram[illumination],438,\frac{(x+3)^2}{25}-\frac{(y+3)^2}{25}=1,(x-2)(x+8) = 16,0,OK
first run,half_text + noisy_half_diagram[illumination],441,$\frac{4}{5}$,3/5,0,OK
first run,half_text + noisy_half_diagram[illumination],447,$\frac{20}{29}$,0.5,0,OK
first run,half_text + noisy_half_diagram[illumination],449,$\frac{1}{x}$,2,0,OK
first run,half_text + noisy_half_diagram[illumination],457,$(x-1)^{2}+(y-3)^{2}=36$,(x-h)^2 + (y-k)^2 = r^2,0,OK
first run,half_text + noisy_half_diagram[illumination],472,"(0,0)",O,0,OK
first run,half_text + noisy_half_diagram[irr_objects],1,140°,20_deg,0,OK
first run,half_text + noisy_half_diagram[irr_objects],2,65°,50_deg,0,OK
first run,half_text + noisy_half_diagram[irr_objects],3,55°,90_deg,0,OK
first run,half_text + noisy_half_diagram[irr_objects],4,27°,Unknown,0,OK
first run,half_text + noisy_half_diagram[irr_objects],7,45°,30,0,OK
first run,half_text + noisy_half_diagram[irr_objects],8,3cm,5_units,0,OK
first run,half_text + noisy_half_diagram[irr_objects],9,6cm,18_units,0,OK
first run,half_text + noisy_half_diagram[irr_objects],10,72°,36,0,OK
first run,half_text + noisy_half_diagram[irr_objects],11,84°,84_deg,1,OK
first run,half_text + noisy_half_diagram[irr_objects],14,55°,cannot be determined,0,OK
first run,half_text + noisy_half_diagram[irr_objects],16,25°,25_deg,1,OK
first run,half_text + noisy_half_diagram[irr_objects],17,65°,65_deg,1,OK
first run,half_text + noisy_half_diagram[irr_objects],20,20°,70,0,OK
first run,half_text + noisy_half_diagram[irr_objects],22,62°,28,0,OK
first run,half_text + noisy_half_diagram[irr_objects],25,65°,25_deg,0,OK
first run,half_text + noisy_half_diagram[irr_objects],26,12,8.0_m,0,OK
first run,half_text + noisy_half_diagram[irr_objects],29,115°,50,0,OK
first run,half_text + noisy_half_diagram[irr_objects],30,60°,30_deg,0,OK
first run,half_text + noisy_half_diagram[irr_objects],32,76°,Unknown,0,OK
first run,half_text + noisy_half_diagram[irr_objects],34,80°,100_deg,0,OK
first run,half_text + noisy_half_diagram[irr_objects],36,20°,50,0,OK
first run,half_text + noisy_half_diagram[irr_objects],37,25°,50_deg,0,OK
first run,half_text + noisy_half_diagram[irr_objects],38,40°,70_deg,0,OK
first run,half_text + noisy_half_diagram[irr_objects],40,50°,30_deg,0,OK
first run,half_text + noisy_half_diagram[irr_objects],43,40°,30,0,OK
first run,half_text + noisy_half_diagram[irr_objects],44,9m,30_units,0,OK
first run,half_text + noisy_half_diagram[irr_objects],45,70°,35,0,OK
first run,half_text + noisy_half_diagram[irr_objects],46,110°,70_deg,0,OK
first run,half_text + noisy_half_diagram[irr_objects],48,130°,50_deg,0,OK
first run,half_text + noisy_half_diagram[irr_objects],49,100°,65_deg,0,OK
first run,half_text + noisy_half_diagram[irr_objects],50,140°,50_deg,0,OK
first run,half_text + noisy_half_diagram[irr_objects],53,55°,55_deg,1,OK
first run,half_text + noisy_half_diagram[irr_objects],55,55°,0,0,OK
first run,half_text + noisy_half_diagram[irr_objects],56,40°,20_deg,0,OK
first run,half_text + noisy_half_diagram[irr_objects],57,20°,160,0,OK
first run,half_text + noisy_half_diagram[irr_objects],58,55°,55_deg,1,OK
first run,half_text + noisy_half_diagram[irr_objects],59,50°,40_deg,0,OK
first run,half_text + noisy_half_diagram[irr_objects],60,45°,135_deg,0,OK
first run,half_text + noisy_half_diagram[irr_objects],64,40cm,160.0,0,OK
first run,half_text + noisy_half_diagram[irr_objects],72,8cm,16,0,OK
first run,half_text + noisy_half_diagram[irr_objects],73,140°,70,0,OK
first run,half_text + noisy_half_diagram[irr_objects],78,125°,90,0,OK
first run,half_text + noisy_half_diagram[irr_objects],79,16cm,0,0,OK
first run,half_text + noisy_half_diagram[irr_objects],81,25°,45_deg,0,OK
first run,half_text + noisy_half_diagram[irr_objects],84,√{3},Cannot be determined,0,OK
first run,half_text + noisy_half_diagram[irr_objects],86,2√{3},Cannot be determined,0,OK
first run,half_text + noisy_half_diagram[irr_objects],88,128°,42_deg,0,OK
first run,half_text + noisy_half_diagram[irr_objects],95,30°,60,0,OK
first run,half_text + noisy_half_diagram[irr_objects],99,64°,13_deg,0,OK
first run,half_text + noisy_half_diagram[irr_objects],108,8m,5_units,0,OK
first run,half_text + noisy_half_diagram[irr_objects],109,40°,50,0,OK
first run,half_text + noisy_half_diagram[irr_objects],112,2.4,2.5,0,OK
first run,half_text + noisy_half_diagram[irr_objects],114,\frac{1}{2}cm^{2},π/4,0,OK
first run,half_text + noisy_half_diagram[irr_objects],115,4πcm,120_deg,0,OK
first run,half_text + noisy_half_diagram[irr_objects],117,2√{2}cm,3_units,0,OK
first run,half_text + noisy_half_diagram[irr_objects],119,240cm^{2},10π,0,OK
first run,half_text + noisy_half_diagram[irr_objects],120,9πcm^{2},π * (5_units)^2,0,OK
first run,half_text + noisy_half_diagram[irr_objects],123,15π,12.0 * π,0,OK
first run,half_text + noisy_half_diagram[irr_objects],128,4cm,5_units,0,OK
first run,half_text + noisy_half_diagram[irr_objects],132,10.2m,12_units,0,OK
first run,half_text + noisy_half_diagram[irr_objects],133,120m,80.0,0,OK
first run,half_text + noisy_half_diagram[irr_objects],149,\frac{20}{3},3.0,0,OK
first run,half_text + noisy_half_diagram[irr_objects],150,\frac{40}{7}m,"BC = sqrt(2.0^2 - (7/3)^2) = sqrt(4 - 49/9) = sqrt((36 - 49)/9) = sqrt(-13/9) is not a real number, but using Pythagorean theorem: BC = sqrt(AB^2 - BD^2) is not correct because BD is not perpendicular to AB. However, since BD is perpendicular to AC, and we have a right triangle BDC or BDA,  we should find AD or DC first.",0,OK
first run,half_text + noisy_half_diagram[irr_objects],151,5.1,5_units,0,OK
first run,half_text + noisy_half_diagram[irr_objects],152,4m,1.6,0,OK
first run,half_text + noisy_half_diagram[irr_objects],153,1.5m,1.0,0,OK
first run,half_text + noisy_half_diagram[irr_objects],157,\frac{3}{5},0.75,0,OK
first run,half_text + noisy_half_diagram[irr_objects],165,\frac{√{3}}{2},0.5,0,OK
first run,half_text + noisy_half_diagram[irr_objects],198,60,169*sqrt(3)/4,0,OK_AFTER_JSON_REPAIR
first run,half_text + noisy_half_diagram[irr_objects],207,157.1,0,0,OK
first run,half_text + noisy_half_diagram[irr_objects],210,15,5,0,OK
first run,half_text + noisy_half_diagram[irr_objects],211,38,83,0,OK
first run,half_text + noisy_half_diagram[irr_objects],223,\sqrt{7},5,0,OK
first run,half_text + noisy_half_diagram[irr_objects],239,8,4,0,OK
first run,half_text + noisy_half_diagram[irr_objects],243,1591,1766,0,OK
first run,half_text + noisy_half_diagram[irr_objects],257,15,12,0,OK
first run,half_text + noisy_half_diagram[irr_objects],264,60,10x,0,OK
first run,half_text + noisy_half_diagram[irr_objects],281,0.38,0.96,0,OK
first run,half_text + noisy_half_diagram[irr_objects],327,11.8,10.7,0,OK
first run,half_text + noisy_half_diagram[irr_objects],348,285,44,0,OK
first run,half_text + noisy_half_diagram[irr_objects],364,74.85,65.90,0,OK
first run,half_text + noisy_half_diagram[irr_objects],365,23.9,0.0,0,OK
first run,half_text + noisy_half_diagram[irr_objects],420,8,10,0,OK
first run,half_text + noisy_half_diagram[irr_objects],432,8.246,Cannot determine,0,OK
first run,half_text + noisy_half_diagram[irr_objects],438,\frac{(x+3)^2}{25}-\frac{(y+3)^2}{25}=1,(y + 3)^2/25 - (x + 3)^2/50 = 1,0,OK
first run,half_text + noisy_half_diagram[irr_objects],441,$\frac{4}{5}$,3/5,0,OK
first run,half_text + noisy_half_diagram[irr_objects],447,$\frac{20}{29}$,0.5,0,OK
first run,half_text + noisy_half_diagram[irr_objects],449,$\frac{1}{x}$,2,0,OK
first run,half_text + noisy_half_diagram[irr_objects],457,$(x-1)^{2}+(y-3)^{2}=36$,(x-h)^2 + (y-k)^2 = r^2,0,OK
first run,half_text + noisy_half_diagram[irr_objects],472,"(0,0)",B,0,OK
first run,half_text + noisy_half_diagram[pixel_noise],1,140°,80,0,OK
first run,half_text + noisy_half_diagram[pixel_noise],2,65°,50_deg,0,OK
first run,half_text + noisy_half_diagram[pixel_noise],3,55°,35_deg,0,OK
first run,half_text + noisy_half_diagram[pixel_noise],4,27°,18_deg,0,OK
first run,half_text + noisy_half_diagram[pixel_noise],7,45°,80_deg,0,OK
first run,half_text + noisy_half_diagram[pixel_noise],8,3cm,5.0,0,OK
first run,half_text + noisy_half_diagram[pixel_noise],9,6cm,18_units,0,OK
first run,half_text + noisy_half_diagram[pixel_noise],10,72°,36,0,OK
first run,half_text + noisy_half_diagram[pixel_noise],11,84°,60_deg,0,OK
first run,half_text + noisy_half_diagram[pixel_noise],14,55°,35,0,OK
first run,half_text + noisy_half_diagram[pixel_noise],16,25°,25_deg,1,OK
first run,half_text + noisy_half_diagram[pixel_noise],17,65°,81_deg,0,OK
first run,half_text + noisy_half_diagram[pixel_noise],20,20°,40,0,OK
first run,half_text + noisy_half_diagram[pixel_noise],22,62°,28,0,OK
first run,half_text + noisy_half_diagram[pixel_noise],25,65°,50_deg,0,OK
first run,half_text + noisy_half_diagram[pixel_noise],26,12,22_m,0,OK
first run,half_text + noisy_half_diagram[pixel_noise],29,115°,50_deg,0,OK
first run,half_text + noisy_half_diagram[pixel_noise],30,60°,30_deg,0,OK
first run,half_text + noisy_half_diagram[pixel_noise],32,76°,52,0,OK
first run,half_text + noisy_half_diagram[pixel_noise],34,80°,100_deg,0,OK
first run,half_text + noisy_half_diagram[pixel_noise],36,20°,25_deg,0,OK
first run,half_text + noisy_half_diagram[pixel_noise],37,25°,25_deg,1,OK
first run,half_text + noisy_half_diagram[pixel_noise],38,40°,70_deg,0,OK
first run,half_text + noisy_half_diagram[pixel_noise],40,50°,50_deg,1,OK
first run,half_text + noisy_half_diagram[pixel_noise],43,40°,100_deg,0,OK
first run,half_text + noisy_half_diagram[pixel_noise],44,9m,30_units,0,OK
first run,half_text + noisy_half_diagram[pixel_noise],45,70°,35_deg,0,OK
first run,half_text + noisy_half_diagram[pixel_noise],46,110°,110_deg,1,OK
first run,half_text + noisy_half_diagram[pixel_noise],48,130°,100,0,OK
first run,half_text + noisy_half_diagram[pixel_noise],49,100°,115,0,OK
first run,half_text + noisy_half_diagram[pixel_noise],50,140°,50_deg,0,OK
first run,half_text + noisy_half_diagram[pixel_noise],53,55°,55,1,OK
first run,half_text + noisy_half_diagram[pixel_noise],55,55°,70,0,OK
first run,half_text + noisy_half_diagram[pixel_noise],56,40°,20_deg,0,OK
first run,half_text + noisy_half_diagram[pixel_noise],57,20°,20,1,OK
first run,half_text + noisy_half_diagram[pixel_noise],58,55°,55_deg,1,OK
first run,half_text + noisy_half_diagram[pixel_noise],59,50°,40_deg,0,OK
first run,half_text + noisy_half_diagram[pixel_noise],60,45°,45_deg,1,OK
first run,half_text + noisy_half_diagram[pixel_noise],64,40cm,160.0,0,OK
first run,half_text + noisy_half_diagram[pixel_noise],72,8cm,8,1,OK
first run,half_text + noisy_half_diagram[pixel_noise],73,140°,120_deg,0,OK
first run,half_text + noisy_half_diagram[pixel_noise],78,125°,m∠CAB / 2,0,OK
first run,half_text + noisy_half_diagram[pixel_noise],79,16cm,unknown,0,OK
first run,half_text + noisy_half_diagram[pixel_noise],81,25°,45,0,OK
first run,half_text + noisy_half_diagram[pixel_noise],84,√{3},60,0,OK
first run,half_text + noisy_half_diagram[pixel_noise],86,2√{3},Cannot be determined,0,OK
first run,half_text + noisy_half_diagram[pixel_noise],88,128°,42_deg,0,OK
first run,half_text + noisy_half_diagram[pixel_noise],95,30°,90,0,OK
first run,half_text + noisy_half_diagram[pixel_noise],99,64°,64,1,OK
first run,half_text + noisy_half_diagram[pixel_noise],108,8m,8.0,1,OK
first run,half_text + noisy_half_diagram[pixel_noise],109,40°,?,0,OK
first run,half_text + noisy_half_diagram[pixel_noise],112,2.4,2.5,0,OK
first run,half_text + noisy_half_diagram[pixel_noise],114,\frac{1}{2}cm^{2},0.25,0,OK
first run,half_text + noisy_half_diagram[pixel_noise],115,4πcm,6,0,OK
first run,half_text + noisy_half_diagram[pixel_noise],117,2√{2}cm,3,0,OK
first run,half_text + noisy_half_diagram[pixel_noise],119,240cm^{2},25π,0,OK
first run,half_text + noisy_half_diagram[pixel_noise],120,9πcm^{2},0,0,OK
first run,half_text + noisy_half_diagram[pixel_noise],123,15π,12.0 * π,0,OK
first run,half_text + noisy_half_diagram[pixel_noise],128,4cm,6,0,OK
first run,half_text + noisy_half_diagram[pixel_noise],132,10.2m,2.0,0,OK
first run,half_text + noisy_half_diagram[pixel_noise],133,120m,80.0,0,OK
first run,half_text + noisy_half_diagram[pixel_noise],149,\frac{20}{3},10.0,0,OK
first run,half_text + noisy_half_diagram[pixel_noise],150,\frac{40}{7}m,3.0,0,OK
first run,half_text + noisy_half_diagram[pixel_noise],151,5.1,No answer,0,OK
first run,half_text + noisy_half_diagram[pixel_noise],152,4m,1.6,0,OK
first run,half_text + noisy_half_diagram[pixel_noise],153,1.5m,1.8,0,OK
first run,half_text + noisy_half_diagram[pixel_noise],157,\frac{3}{5},0.8,0,OK
first run,half_text + noisy_half_diagram[pixel_noise],165,\frac{√{3}}{2},0.5,0,OK
first run,half_text + noisy_half_diagram[pixel_noise],198,60,169.5,0,OK
first run,half_text + noisy_half_diagram[pixel_noise],207,157.1,0,0,OK
first run,half_text + noisy_half_diagram[pixel_noise],210,15,12,0,OK
first run,half_text + noisy_half_diagram[pixel_noise],211,38,45,0,OK
first run,half_text + noisy_half_diagram[pixel_noise],223,\sqrt{7},5,0,OK
first run,half_text + noisy_half_diagram[pixel_noise],239,8,4,0,OK
first run,half_text + noisy_half_diagram[pixel_noise],243,1591,73.8,0,OK
first run,half_text + noisy_half_diagram[pixel_noise],257,15,13,0,OK
first run,half_text + noisy_half_diagram[pixel_noise],264,60,90,0,OK
first run,half_text + noisy_half_diagram[pixel_noise],281,0.38,0.42,1,OK
first run,half_text + noisy_half_diagram[pixel_noise],327,11.8,10.7,0,OK
first run,half_text + noisy_half_diagram[pixel_noise],348,285,10,0,OK
first run,half_text + noisy_half_diagram[pixel_noise],364,74.85,35.50,0,OK
first run,half_text + noisy_half_diagram[pixel_noise],365,23.9,23.2,0,OK
first run,half_text + noisy_half_diagram[pixel_noise],420,8,x = 6,0,OK
first run,half_text + noisy_half_diagram[pixel_noise],432,8.246,7,0,OK_AFTER_JSON_REPAIR
first run,half_text + noisy_half_diagram[pixel_noise],438,\frac{(x+3)^2}{25}-\frac{(y+3)^2}{25}=1,(x-2)^2/a^2 - (y+3)^2/b^2 = 1,0,OK
first run,half_text + noisy_half_diagram[pixel_noise],441,$\frac{4}{5}$,1/2,0,OK
first run,half_text + noisy_half_diagram[pixel_noise],447,$\frac{20}{29}$,0.5,0,OK
first run,half_text + noisy_half_diagram[pixel_noise],449,$\frac{1}{x}$,2,0,OK
first run,half_text + noisy_half_diagram[pixel_noise],457,$(x-1)^{2}+(y-3)^{2}=36$,(x-0)^2 + (y-0)^2 = (5/2)^2,0,OK
first run,half_text + noisy_half_diagram[pixel_noise],472,"(0,0)",B,0,OK
first run,noisy_half_text[numeric] + half_diagram,1,140°,80_deg,0,OK
first run,noisy_half_text[numeric] + half_diagram,2,65°,50_deg,0,OK
first run,noisy_half_text[numeric] + half_diagram,3,55°,35,0,OK
first run,noisy_half_text[numeric] + half_diagram,4,27°,18_deg,0,OK
first run,noisy_half_text[numeric] + half_diagram,7,45°,35,0,OK
first run,noisy_half_text[numeric] + half_diagram,8,3cm,5_units,0,OK
first run,noisy_half_text[numeric] + half_diagram,9,6cm,19,0,OK
first run,noisy_half_text[numeric] + half_diagram,10,72°,90_deg,0,OK
first run,noisy_half_text[numeric] + half_diagram,11,84°,36_deg,0,OK
first run,noisy_half_text[numeric] + half_diagram,14,55°,35,0,OK
first run,noisy_half_text[numeric] + half_diagram,16,25°,30,0,OK
first run,noisy_half_text[numeric] + half_diagram,17,65°,65_deg,1,OK
first run,noisy_half_text[numeric] + half_diagram,20,20°,20_deg,1,OK
first run,noisy_half_text[numeric] + half_diagram,22,62°,28,0,OK
first run,noisy_half_text[numeric] + half_diagram,25,65°,50,0,OK
first run,noisy_half_text[numeric] + half_diagram,26,12,22.0_m,0,OK
first run,noisy_half_text[numeric] + half_diagram,29,115°,30,0,OK
first run,noisy_half_text[numeric] + half_diagram,30,60°,30_deg,0,OK
first run,noisy_half_text[numeric] + half_diagram,32,76°,52,0,OK
first run,noisy_half_text[numeric] + half_diagram,34,80°,80_deg,1,OK
first run,noisy_half_text[numeric] + half_diagram,36,20°,90,0,OK
first run,noisy_half_text[numeric] + half_diagram,37,25°,25_deg,1,OK
first run,noisy_half_text[numeric] + half_diagram,38,40°,20_deg,0,OK
first run,noisy_half_text[numeric] + half_diagram,40,50°,50,1,OK
first run,noisy_half_text[numeric] + half_diagram,43,40°,50,0,OK
first run,noisy_half_text[numeric] + half_diagram,44,9m,30,0,OK
first run,noisy_half_text[numeric] + half_diagram,45,70°,35,0,OK
first run,noisy_half_text[numeric] + half_diagram,46,110°,70,0,OK
first run,noisy_half_text[numeric] + half_diagram,48,130°,100_deg,0,OK
first run,noisy_half_text[numeric] + half_diagram,49,100°,30,0,OK
first run,noisy_half_text[numeric] + half_diagram,50,140°,50_deg,0,OK
first run,noisy_half_text[numeric] + half_diagram,53,55°,155,1,OK
first run,noisy_half_text[numeric] + half_diagram,55,55°,70,0,OK
first run,noisy_half_text[numeric] + half_diagram,56,40°,20_deg,0,OK
first run,noisy_half_text[numeric] + half_diagram,57,20°,160,0,OK
first run,noisy_half_text[numeric] + half_diagram,58,55°,35_deg,0,OK
first run,noisy_half_text[numeric] + half_diagram,59,50°,40_deg,0,OK
first run,noisy_half_text[numeric] + half_diagram,60,45°,135_deg,0,OK
first run,noisy_half_text[numeric] + half_diagram,64,40cm,160.0,0,OK
first run,noisy_half_text[numeric] + half_diagram,72,8cm,8,1,OK
first run,noisy_half_text[numeric] + half_diagram,73,140°,0,0,OK
first run,noisy_half_text[numeric] + half_diagram,78,125°,90,0,OK
first run,noisy_half_text[numeric] + half_diagram,79,16cm,not computable,0,OK
first run,noisy_half_text[numeric] + half_diagram,81,25°,45_deg,0,OK
first run,noisy_half_text[numeric] + half_diagram,84,√{3},Cannot be determined,0,OK
first run,noisy_half_text[numeric] + half_diagram,86,2√{3},equal_to_AB_and_AC,0,OK
first run,noisy_half_text[numeric] + half_diagram,88,128°,42_deg,0,OK
first run,noisy_half_text[numeric] + half_diagram,95,30°,60,0,OK
first run,noisy_half_text[numeric] + half_diagram,99,64°,26,0,OK
first run,noisy_half_text[numeric] + half_diagram,108,8m,5,0,OK
first run,noisy_half_text[numeric] + half_diagram,109,40°,Cannot be determined,0,OK
first run,noisy_half_text[numeric] + half_diagram,112,2.4,?,0,OK
first run,noisy_half_text[numeric] + half_diagram,114,\frac{1}{2}cm^{2},0.785398,0,OK
first run,noisy_half_text[numeric] + half_diagram,115,4πcm,120_deg,0,OK
first run,noisy_half_text[numeric] + half_diagram,117,2√{2}cm,no information,0,OK
first run,noisy_half_text[numeric] + half_diagram,119,240cm^{2},25π,0,OK
first run,noisy_half_text[numeric] + half_diagram,120,9πcm^{2},π * 16,0,OK
first run,noisy_half_text[numeric] + half_diagram,123,15π,12.0 * π,0,OK
first run,noisy_half_text[numeric] + half_diagram,128,4cm,579,0,OK
first run,noisy_half_text[numeric] + half_diagram,132,10.2m,2.6,0,OK_AFTER_JSON_REPAIR
first run,noisy_half_text[numeric] + half_diagram,133,120m,60.0,0,OK
first run,noisy_half_text[numeric] + half_diagram,149,\frac{20}{3},10_units,0,OK
first run,noisy_half_text[numeric] + half_diagram,150,\frac{40}{7}m,cannot be determined,0,OK
first run,noisy_half_text[numeric] + half_diagram,151,5.1,5_units,0,OK
first run,noisy_half_text[numeric] + half_diagram,152,4m,1.4,0,OK
first run,noisy_half_text[numeric] + half_diagram,153,1.5m,1.8,0,OK
first run,noisy_half_text[numeric] + half_diagram,157,\frac{3}{5},0.6,1,OK
first run,noisy_half_text[numeric] + half_diagram,165,\frac{√{3}}{2},unknown,0,OK
first run,noisy_half_text[numeric] + half_diagram,198,60,unknown,0,OK
first run,noisy_half_text[numeric] + half_diagram,207,157.1,0,0,OK
first run,noisy_half_text[numeric] + half_diagram,210,15,13,0,OK
first run,noisy_half_text[numeric] + half_diagram,211,38,38,1,OK
first run,noisy_half_text[numeric] + half_diagram,223,\sqrt{7},5,0,OK
first run,noisy_half_text[numeric] + half_diagram,239,8,4,0,OK
first run,noisy_half_text[numeric] + half_diagram,243,1591,73.8_miles,0,OK
first run,noisy_half_text[numeric] + half_diagram,257,15,16,0,OK
first run,noisy_half_text[numeric] + half_diagram,264,60,2_deg,0,OK
first run,noisy_half_text[numeric] + half_diagram,281,0.38,0.42,1,OK
first run,noisy_half_text[numeric] + half_diagram,327,11.8,10.7,0,OK
first run,noisy_half_text[numeric] + half_diagram,348,285,44,0,OK
first run,noisy_half_text[numeric] + half_diagram,364,74.85,65.90,0,OK
first run,noisy_half_text[numeric] + half_diagram,365,23.9,90.0,0,OK
first run,noisy_half_text[numeric] + half_diagram,420,8,x = 6,0,OK
first run,noisy_half_text[numeric] + half_diagram,432,8.246,7,0,OK
first run,noisy_half_text[numeric] + half_diagram,438,\frac{(x+3)^2}{25}-\frac{(y+3)^2}{25}=1,(x+3)^2/5 - (y+3)^2/0 = 1,0,OK
first run,noisy_half_text[numeric] + half_diagram,441,$\frac{4}{5}$,0.5,0,OK
first run,noisy_half_text[numeric] + half_diagram,447,$\frac{20}{29}$,0,0,OK
first run,noisy_half_text[numeric] + half_diagram,449,$\frac{1}{x}$,2,0,OK
first run,noisy_half_text[numeric] + half_diagram,457,$(x-1)^{2}+(y-3)^{2}=36$,(x-0)^2 + (y-0)^2 = 5^2,0,OK
first run,noisy_half_text[numeric] + half_diagram,472,"(0,0)",O,0,OK
first run,noisy_half_text[punctuation] + half_diagram,1,140°,60_deg,0,OK
first run,noisy_half_text[punctuation] + half_diagram,2,65°,25_deg,0,OK
first run,noisy_half_text[punctuation] + half_diagram,3,55°,35,0,OK
first run,noisy_half_text[punctuation] + half_diagram,4,27°,72_deg,0,OK
first run,noisy_half_text[punctuation] + half_diagram,7,45°,35,0,OK
first run,noisy_half_text[punctuation] + half_diagram,8,3cm,2.0,0,OK
first run,noisy_half_text[punctuation] + half_diagram,9,6cm,18_units,0,OK
first run,noisy_half_text[punctuation] + half_diagram,10,72°,36,0,OK
first run,noisy_half_text[punctuation] + half_diagram,11,84°,36,0,OK
first run,noisy_half_text[punctuation] + half_diagram,14,55°,110,0,OK
first run,noisy_half_text[punctuation] + half_diagram,16,25°,25_deg,1,OK
first run,noisy_half_text[punctuation] + half_diagram,17,65°,unknown,0,OK
first run,noisy_half_text[punctuation] + half_diagram,20,20°,70,0,OK
first run,noisy_half_text[punctuation] + half_diagram,22,62°,28_deg,0,OK
first run,noisy_half_text[punctuation] + half_diagram,25,65°,50,0,OK
first run,noisy_half_text[punctuation] + half_diagram,26,12,22.0_m,0,OK
first run,noisy_half_text[punctuation] + half_diagram,29,115°,50,0,OK
first run,noisy_half_text[punctuation] + half_diagram,30,60°,30_deg,0,OK
first run,noisy_half_text[punctuation] + half_diagram,32,76°,26,0,OK
first run,noisy_half_text[punctuation] + half_diagram,34,80°,100_deg,0,OK
first run,noisy_half_text[punctuation] + half_diagram,36,20°,25_deg,0,OK
first run,noisy_half_text[punctuation] + half_diagram,37,25°,25_deg,1,OK
first run,noisy_half_text[punctuation] + half_diagram,38,40°,70_deg,0,OK
first run,noisy_half_text[punctuation] + half_diagram,40,50°,50_deg,1,OK
first run,noisy_half_text[punctuation] + half_diagram,43,40°,130_deg,0,OK
first run,noisy_half_text[punctuation] + half_diagram,44,9m,30.0,0,OK
first run,noisy_half_text[punctuation] + half_diagram,45,70°,35_deg,0,OK
first run,noisy_half_text[punctuation] + half_diagram,46,110°,110_deg,1,OK
first run,noisy_half_text[punctuation] + half_diagram,48,130°,50_deg,0,OK
first run,noisy_half_text[punctuation] + half_diagram,49,100°,145_deg,0,OK
first run,noisy_half_text[punctuation] + half_diagram,50,140°,40_deg,0,OK
first run,noisy_half_text[punctuation] + half_diagram,53,55°,∠2,0,OK
first run,noisy_half_text[punctuation] + half_diagram,55,55°,0,0,OK
first run,noisy_half_text[punctuation] + half_diagram,56,40°,20_deg,0,OK
first run,noisy_half_text[punctuation] + half_diagram,57,20°,160,0,OK
first run,noisy_half_text[punctuation] + half_diagram,58,55°,35_deg,0,OK
first run,noisy_half_text[punctuation] + half_diagram,59,50°,40_deg,0,OK
first run,noisy_half_text[punctuation] + half_diagram,60,45°,45,1,OK
first run,noisy_half_text[punctuation] + half_diagram,64,40cm,160.0,0,OK
first run,noisy_half_text[punctuation] + half_diagram,72,8cm,6,0,OK
first run,noisy_half_text[punctuation] + half_diagram,73,140°,140_deg,1,OK
first run,noisy_half_text[punctuation] + half_diagram,78,125°,90,0,OK
first run,noisy_half_text[punctuation] + half_diagram,79,16cm,Not enough information,0,OK
first run,noisy_half_text[punctuation] + half_diagram,81,25°,45_deg,0,OK
first run,noisy_half_text[punctuation] + half_diagram,84,√{3},Unknown,0,OK
first run,noisy_half_text[punctuation] + half_diagram,86,2√{3},Cannot be determined,0,OK
first run,noisy_half_text[punctuation] + half_diagram,88,128°,42,0,OK
first run,noisy_half_text[punctuation] + half_diagram,95,30°,60,0,OK
first run,noisy_half_text[punctuation] + half_diagram,99,64°,26,0,OK
first run,noisy_half_text[punctuation] + half_diagram,108,8m,5_units,0,OK
first run,noisy_half_text[punctuation] + half_diagram,109,40°,40,1,OK
first run,noisy_half_text[punctuation] + half_diagram,112,2.4,AO is not directly given and cannot be calculated with the provided information,0,OK
first run,noisy_half_text[punctuation] + half_diagram,114,\frac{1}{2}cm^{2},0.785398,0,OK
first run,noisy_half_text[punctuation] + half_diagram,115,4πcm,120_deg,0,OK
first run,noisy_half_text[punctuation] + half_diagram,117,2√{2}cm,3,0,OK
first run,noisy_half_text[punctuation] + half_diagram,119,240cm^{2},Cannot be determined,0,OK
first run,noisy_half_text[punctuation] + half_diagram,120,9πcm^{2},Area,0,OK
first run,noisy_half_text[punctuation] + half_diagram,123,15π,12.0 * π,0,OK
first run,noisy_half_text[punctuation] + half_diagram,128,4cm,12,0,OK
first run,noisy_half_text[punctuation] + half_diagram,132,10.2m,5,0,OK
first run,noisy_half_text[punctuation] + half_diagram,133,120m,80.0,0,OK
first run,noisy_half_text[punctuation] + half_diagram,149,\frac{20}{3},10.0,0,OK
first run,noisy_half_text[punctuation] + half_diagram,150,\frac{40}{7}m,BC = sqrt(2.0^2 + (7/3)^2) = sqrt(4 + 49/9) = sqrt((36 + 49)/9) = sqrt(85/9) = sqrt(85)/3,0,OK
first run,noisy_half_text[punctuation] + half_diagram,151,5.1,5.0,1,OK
first run,noisy_half_text[punctuation] + half_diagram,152,4m,2.1,0,OK
first run,noisy_half_text[punctuation] + half_diagram,153,1.5m,1.0,0,OK
first run,noisy_half_text[punctuation] + half_diagram,157,\frac{3}{5},0.8,0,OK
first run,noisy_half_text[punctuation] + half_diagram,165,\frac{√{3}}{2},0.5,0,OK
first run,noisy_half_text[punctuation] + half_diagram,198,60,169√3/4,0,OK_AFTER_JSON_REPAIR
first run,noisy_half_text[punctuation] + half_diagram,207,157.1,0,0,OK
first run,noisy_half_text[punctuation] + half_diagram,210,15,12,0,OK
first run,noisy_half_text[punctuation] + half_diagram,211,38,83,0,OK
first run,noisy_half_text[punctuation] + half_diagram,223,\sqrt{7},5,0,OK
first run,noisy_half_text[punctuation] + half_diagram,239,8,4,0,OK
first run,noisy_half_text[punctuation] + half_diagram,243,1591,73.8,0,OK
first run,noisy_half_text[punctuation] + half_diagram,257,15,12,0,OK
first run,noisy_half_text[punctuation] + half_diagram,264,60,10,0,OK
first run,noisy_half_text[punctuation] + half_diagram,281,0.38,0.42,1,OK
first run,noisy_half_text[punctuation] + half_diagram,327,11.8,6.2,0,OK
first run,noisy_half_text[punctuation] + half_diagram,348,285,44,0,OK
first run,noisy_half_text[punctuation] + half_diagram,364,74.85,65.90,0,OK
first run,noisy_half_text[punctuation] + half_diagram,365,23.9,20.0,0,OK
first run,noisy_half_text[punctuation] + half_diagram,420,8,5,0,OK
first run,noisy_half_text[punctuation] + half_diagram,432,8.246,5,0,OK
first run,noisy_half_text[punctuation] + half_diagram,438,\frac{(x+3)^2}{25}-\frac{(y+3)^2}{25}=1,(y + 3)^2 = 0,0,OK
first run,noisy_half_text[punctuation] + half_diagram,441,$\frac{4}{5}$,3/5,0,OK
first run,noisy_half_text[punctuation] + half_diagram,447,$\frac{20}{29}$,0,0,OK
first run,noisy_half_text[punctuation] + half_diagram,449,$\frac{1}{x}$,1,0,OK
first run,noisy_half_text[punctuation] + half_diagram,457,$(x-1)^{2}+(y-3)^{2}=36$,(x-0)^2 + (y-0)^2 = (5/2)^2,0,OK
first run,noisy_half_text[punctuation] + half_diagram,472,"(0,0)",O,0,OK
first run,noisy_half_text[sentence] + half_diagram,1,140°,60_deg,0,OK
first run,noisy_half_text[sentence] + half_diagram,2,65°,50_deg,0,OK
first run,noisy_half_text[sentence] + half_diagram,3,55°,35,0,OK
first run,noisy_half_text[sentence] + half_diagram,4,27°,72_deg,0,OK
first run,noisy_half_text[sentence] + half_diagram,7,45°,35,0,OK
first run,noisy_half_text[sentence] + half_diagram,8,3cm,7.0,0,OK
first run,noisy_half_text[sentence] + half_diagram,9,6cm,18_units,0,OK
first run,noisy_half_text[sentence] + half_diagram,10,72°,72,1,OK
first run,noisy_half_text[sentence] + half_diagram,11,84°,108_deg,0,OK
first run,noisy_half_text[sentence] + half_diagram,14,55°,35_deg,0,OK
first run,noisy_half_text[sentence] + half_diagram,16,25°,25_deg,1,OK
first run,noisy_half_text[sentence] + half_diagram,17,65°,65_deg,1,OK
first run,noisy_half_text[sentence] + half_diagram,20,20°,70_deg,0,OK
first run,noisy_half_text[sentence] + half_diagram,22,62°,28,0,OK
first run,noisy_half_text[sentence] + half_diagram,25,65°,15_deg,0,OK
first run,noisy_half_text[sentence] + half_diagram,26,12,22.0,0,OK
first run,noisy_half_text[sentence] + half_diagram,29,115°,25_deg,0,OK
first run,noisy_half_text[sentence] + half_diagram,30,60°,60_deg,1,OK
first run,noisy_half_text[sentence] + half_diagram,32,76°,52,0,OK
first run,noisy_half_text[sentence] + half_diagram,34,80°,100_deg,0,OK
first run,noisy_half_text[sentence] + half_diagram,36,20°,25_deg,0,OK
first run,noisy_half_text[sentence] + half_diagram,37,25°,25_deg,1,OK
first run,noisy_half_text[sentence] + half_diagram,38,40°,70_deg,0,OK
first run,noisy_half_text[sentence] + half_diagram,40,50°,50_deg,1,OK
first run,noisy_half_text[sentence] + half_diagram,43,40°,100_deg,0,OK
first run,noisy_half_text[sentence] + half_diagram,44,9m,25,0,OK
first run,noisy_half_text[sentence] + half_diagram,45,70°,35,0,OK
first run,noisy_half_text[sentence] + half_diagram,46,110°,70_deg,0,OK
first run,noisy_half_text[sentence] + half_diagram,48,130°,50_deg,0,OK
first run,noisy_half_text[sentence] + half_diagram,49,100°,Cannot be determined,0,OK
first run,noisy_half_text[sentence] + half_diagram,50,140°,50_deg,0,OK
first run,noisy_half_text[sentence] + half_diagram,53,55°,155_deg,1,OK
first run,noisy_half_text[sentence] + half_diagram,55,55°,90,0,OK_AFTER_JSON_REPAIR
first run,noisy_half_text[sentence] + half_diagram,56,40°,20_deg,0,OK
first run,noisy_half_text[sentence] + half_diagram,57,20°,50_deg,0,OK
first run,noisy_half_text[sentence] + half_diagram,58,55°,35,0,OK
first run,noisy_half_text[sentence] + half_diagram,59,50°,40,0,OK
first run,noisy_half_text[sentence] + half_diagram,60,45°,135_deg,0,OK
first run,noisy_half_text[sentence] + half_diagram,64,40cm,160_units,0,OK
first run,noisy_half_text[sentence] + half_diagram,72,8cm,8,1,OK
first run,noisy_half_text[sentence] + half_diagram,73,140°,120_deg,0,OK
first run,noisy_half_text[sentence] + half_diagram,78,125°,90,0,OK
first run,noisy_half_text[sentence] + half_diagram,79,16cm,Unknown,0,OK
first run,noisy_half_text[sentence] + half_diagram,81,25°,40_deg,0,OK
first run,noisy_half_text[sentence] + half_diagram,84,√{3},equal to AB and AC,0,OK
first run,noisy_half_text[sentence] + half_diagram,86,2√{3},equal to AB and AC,0,OK
first run,noisy_half_text[sentence] + half_diagram,88,128°,80_deg,0,OK
first run,noisy_half_text[sentence] + half_diagram,95,30°,30_deg,1,OK
first run,noisy_half_text[sentence] + half_diagram,99,64°,90_deg,0,OK
first run,noisy_half_text[sentence] + half_diagram,108,8m,8_units,1,OK
first run,noisy_half_text[sentence] + half_diagram,109,40°,50,0,OK
first run,noisy_half_text[sentence] + half_diagram,112,2.4,2.5,0,OK
first run,noisy_half_text[sentence] + half_diagram,114,\frac{1}{2}cm^{2},0.25,0,OK
first run,noisy_half_text[sentence] + half_diagram,115,4πcm,120_deg,0,OK
first run,noisy_half_text[sentence] + half_diagram,117,2√{2}cm,3,0,OK
first run,noisy_half_text[sentence] + half_diagram,119,240cm^{2},cannot be determined,0,OK
first run,noisy_half_text[sentence] + half_diagram,120,9πcm^{2},4,0,OK
first run,noisy_half_text[sentence] + half_diagram,123,15π,12.0*PI,0,OK
first run,noisy_half_text[sentence] + half_diagram,128,4cm,No specific value,0,OK
first run,noisy_half_text[sentence] + half_diagram,132,10.2m,1.6,0,OK
first run,noisy_half_text[sentence] + half_diagram,133,120m,60.0,0,OK
first run,noisy_half_text[sentence] + half_diagram,149,\frac{20}{3},10.0,0,OK
first run,noisy_half_text[sentence] + half_diagram,150,\frac{40}{7}m,7/3,0,OK
first run,noisy_half_text[sentence] + half_diagram,151,5.1,1.7,0,OK
first run,noisy_half_text[sentence] + half_diagram,152,4m,2,0,OK
first run,noisy_half_text[sentence] + half_diagram,153,1.5m,1.0,0,OK
first run,noisy_half_text[sentence] + half_diagram,157,\frac{3}{5},0,0,OK
first run,noisy_half_text[sentence] + half_diagram,165,\frac{√{3}}{2},undefined,0,OK
first run,noisy_half_text[sentence] + half_diagram,198,60,73.18,0,OK_AFTER_JSON_REPAIR
first run,noisy_half_text[sentence] + half_diagram,207,157.1,0,0,OK
first run,noisy_half_text[sentence] + half_diagram,210,15,unknown,0,OK
first run,noisy_half_text[sentence] + half_diagram,211,38,47°,0,OK
first run,noisy_half_text[sentence] + half_diagram,223,\sqrt{7},5,0,OK
first run,noisy_half_text[sentence] + half_diagram,239,8,4,0,OK
first run,noisy_half_text[sentence] + half_diagram,243,1591,73.8,0,OK
first run,noisy_half_text[sentence] + half_diagram,257,15,5,0,OK
first run,noisy_half_text[sentence] + half_diagram,264,60,40_deg,0,OK
first run,noisy_half_text[sentence] + half_diagram,281,0.38,0.42,1,OK
first run,noisy_half_text[sentence] + half_diagram,327,11.8,10.7,0,OK
first run,noisy_half_text[sentence] + half_diagram,348,285,198,0,OK
first run,noisy_half_text[sentence] + half_diagram,364,74.85,65.90,0,OK
first run,noisy_half_text[sentence] + half_diagram,365,23.9,30.0,0,OK
first run,noisy_half_text[sentence] + half_diagram,420,8,x = 11.66,0,OK
first run,noisy_half_text[sentence] + half_diagram,432,8.246,5,0,OK
first run,noisy_half_text[sentence] + half_diagram,438,\frac{(x+3)^2}{25}-\frac{(y+3)^2}{25}=1,,0,OK
first run,noisy_half_text[sentence] + half_diagram,441,$\frac{4}{5}$,0.5,0,OK
first run,noisy_half_text[sentence] + half_diagram,447,$\frac{20}{29}$,0,0,OK
first run,noisy_half_text[sentence] + half_diagram,449,$\frac{1}{x}$,1.5,0,OK
first run,noisy_half_text[sentence] + half_diagram,457,$(x-1)^{2}+(y-3)^{2}=36$,(x-0)^2 + (y-0)^2 = (1-0)^2 + (3-0)^2,0,OK
first run,noisy_half_text[sentence] + half_diagram,472,"(0,0)",O,0,OK
first run,noisy_half_text[typo] + half_diagram,1,140°,60_deg,0,OK
first run,noisy_half_text[typo] + half_diagram,2,65°,50_deg,0,OK
first run,noisy_half_text[typo] + half_diagram,3,55°,35_deg,0,OK
first run,noisy_half_text[typo] + half_diagram,4,27°,18_deg,0,OK
first run,noisy_half_text[typo] + half_diagram,7,45°,35_deg,0,OK
first run,noisy_half_text[typo] + half_diagram,8,3cm,2,0,OK
first run,noisy_half_text[typo] + half_diagram,9,6cm,18_units,0,OK
first run,noisy_half_text[typo] + half_diagram,10,72°,36,0,OK
first run,noisy_half_text[typo] + half_diagram,11,84°,72,0,OK
first run,noisy_half_text[typo] + half_diagram,14,55°,110,0,OK
first run,noisy_half_text[typo] + half_diagram,16,25°,50_deg,0,OK
first run,noisy_half_text[typo] + half_diagram,17,65°,81_deg,0,OK
first run,noisy_half_text[typo] + half_diagram,20,20°,40,0,OK
first run,noisy_half_text[typo] + half_diagram,22,62°,28_deg,0,OK
first run,noisy_half_text[typo] + half_diagram,25,65°,80_deg,0,OK
first run,noisy_half_text[typo] + half_diagram,26,12,22.0_m,0,OK
first run,noisy_half_text[typo] + half_diagram,29,115°,100,0,OK
first run,noisy_half_text[typo] + half_diagram,30,60°,30_deg,0,OK
first run,noisy_half_text[typo] + half_diagram,32,76°,52,0,OK
first run,noisy_half_text[typo] + half_diagram,34,80°,100_deg,0,OK
first run,noisy_half_text[typo] + half_diagram,36,20°,40_deg,0,OK
first run,noisy_half_text[typo] + half_diagram,37,25°,90_deg,0,OK
first run,noisy_half_text[typo] + half_diagram,38,40°,70_deg,0,OK
first run,noisy_half_text[typo] + half_diagram,40,50°,50_deg,1,OK
first run,noisy_half_text[typo] + half_diagram,43,40°,20_deg,0,OK
first run,noisy_half_text[typo] + half_diagram,44,9m,30_units,0,OK
first run,noisy_half_text[typo] + half_diagram,45,70°,35,0,OK
first run,noisy_half_text[typo] + half_diagram,46,110°,70_deg,0,OK
first run,noisy_half_text[typo] + half_diagram,48,130°,50_deg,0,OK
first run,noisy_half_text[typo] + half_diagram,49,100°,90,0,OK
first run,noisy_half_text[typo] + half_diagram,50,140°,90_deg,0,OK
first run,noisy_half_text[typo] + half_diagram,53,55°,2,0,OK
first run,noisy_half_text[typo] + half_diagram,55,55°,70,0,OK
first run,noisy_half_text[typo] + half_diagram,56,40°,90_deg,0,OK
first run,noisy_half_text[typo] + half_diagram,57,20°,50_deg,0,OK
first run,noisy_half_text[typo] + half_diagram,58,55°,35.0_deg,0,OK
first run,noisy_half_text[typo] + half_diagram,59,50°,40_deg,0,OK
first run,noisy_half_text[typo] + half_diagram,60,45°,45_deg,1,OK
first run,noisy_half_text[typo] + half_diagram,64,40cm,200,0,OK
first run,noisy_half_text[typo] + half_diagram,72,8cm,15_units,0,OK
first run,noisy_half_text[typo] + half_diagram,73,140°,40,0,OK
first run,noisy_half_text[typo] + half_diagram,78,125°,90,0,OK
first run,noisy_half_text[typo] + half_diagram,79,16cm,Not enough information,0,OK
first run,noisy_half_text[typo] + half_diagram,81,25°,40,0,OK
first run,noisy_half_text[typo] + half_diagram,84,√{3},AB,0,OK
first run,noisy_half_text[typo] + half_diagram,86,2√{3},equal to AB and AC,0,OK
first run,noisy_half_text[typo] + half_diagram,88,128°,42_deg,0,OK
first run,noisy_half_text[typo] + half_diagram,95,30°,60,0,OK
first run,noisy_half_text[typo] + half_diagram,99,64°,90,0,OK
first run,noisy_half_text[typo] + half_diagram,108,8m,5_units,0,OK
first run,noisy_half_text[typo] + half_diagram,109,40°,40_deg,1,OK
first run,noisy_half_text[typo] + half_diagram,112,2.4,Cannot be determined,0,OK
first run,noisy_half_text[typo] + half_diagram,114,\frac{1}{2}cm^{2},0.25,0,OK
first run,noisy_half_text[typo] + half_diagram,115,4πcm,30_deg,0,OK
first run,noisy_half_text[typo] + half_diagram,117,2√{2}cm,3_units,0,OK
first run,noisy_half_text[typo] + half_diagram,119,240cm^{2},The area is not calculable with given data,0,OK
first run,noisy_half_text[typo] + half_diagram,120,9πcm^{2},4,0,OK
first run,noisy_half_text[typo] + half_diagram,123,15π,12.0*PI,0,OK
first run,noisy_half_text[typo] + half_diagram,128,4cm,12_units,0,OK
first run,noisy_half_text[typo] + half_diagram,132,10.2m,12,0,OK
first run,noisy_half_text[typo] + half_diagram,133,120m,80.0_m,0,OK
first run,noisy_half_text[typo] + half_diagram,149,\frac{20}{3},10.0,0,OK
first run,noisy_half_text[typo] + half_diagram,150,\frac{40}{7}m,BC = sqrt(2.0^2 + (7/3)^2) = sqrt(4 + 49/9) = sqrt((36 + 49)/9) = sqrt(85/9) = sqrt(85)/3,0,OK
first run,noisy_half_text[typo] + half_diagram,151,5.1,5.0_units,0,OK
first run,noisy_half_text[typo] + half_diagram,152,4m,2.0,0,OK
first run,noisy_half_text[typo] + half_diagram,153,1.5m,1.8,0,OK
first run,noisy_half_text[typo] + half_diagram,157,\frac{3}{5},0.8,0,OK
first run,noisy_half_text[typo] + half_diagram,165,\frac{√{3}}{2},undefined,0,OK
first run,noisy_half_text[typo] + half_diagram,198,60,169/2,0,OK
first run,noisy_half_text[typo] + half_diagram,207,157.1,0.0,0,OK
first run,noisy_half_text[typo] + half_diagram,210,15,13,0,OK
first run,noisy_half_text[typo] + half_diagram,211,38,83,0,OK
first run,noisy_half_text[typo] + half_diagram,223,\sqrt{7},5,0,OK
first run,noisy_half_text[typo] + half_diagram,239,8,4,0,OK
first run,noisy_half_text[typo] + half_diagram,243,1591,None,0,OK
first run,noisy_half_text[typo] + half_diagram,257,15,12,0,OK
first run,noisy_half_text[typo] + half_diagram,264,60,10x,0,OK
first run,noisy_half_text[typo] + half_diagram,281,0.38,0.96,0,OK
first run,noisy_half_text[typo] + half_diagram,327,11.8,10.3,0,OK
first run,noisy_half_text[typo] + half_diagram,348,285,44,0,OK
first run,noisy_half_text[typo] + half_diagram,364,74.85,65.90,0,OK
first run,noisy_half_text[typo] + half_diagram,365,23.9,103.7,0,OK
first run,noisy_half_text[typo] + half_diagram,420,8,8,1,OK
first run,noisy_half_text[typo] + half_diagram,432,8.246,7,0,OK
first run,noisy_half_text[typo] + half_diagram,438,\frac{(x+3)^2}{25}-\frac{(y+3)^2}{25}=1,(x+3)^2/25 - (y+3)^2/20 = 1,0,OK
first run,noisy_half_text[typo] + half_diagram,441,$\frac{4}{5}$,0.5,0,OK
first run,noisy_half_text[typo] + half_diagram,447,$\frac{20}{29}$,Unknown,0,OK
first run,noisy_half_text[typo] + half_diagram,449,$\frac{1}{x}$,1,0,OK
first run,noisy_half_text[typo] + half_diagram,457,$(x-1)^{2}+(y-3)^{2}=36$,(x-0)^2 + (y-0)^2 = 5^2,0,OK
first run,noisy_half_text[typo] + half_diagram,472,"(0,0)",O,0,OK
first run,noisy_text[numeric] + full_diagram,1,140°,80_deg,0,OK
first run,noisy_text[numeric] + full_diagram,2,65°,50_deg,0,OK
first run,noisy_text[numeric] + full_diagram,3,55°,20,0,OK
first run,noisy_text[numeric] + full_diagram,4,27°,90_deg,0,OK
first run,noisy_text[numeric] + full_diagram,7,45°,35,0,OK
first run,noisy_text[numeric] + full_diagram,8,3cm,5_units,0,OK
first run,noisy_text[numeric] + full_diagram,9,6cm,18_units,0,OK
first run,noisy_text[numeric] + full_diagram,10,72°,36,0,OK
first run,noisy_text[numeric] + full_diagram,11,84°,84_deg,1,OK
first run,noisy_text[numeric] + full_diagram,14,55°,35,0,OK
first run,noisy_text[numeric] + full_diagram,16,25°,25,1,OK
first run,noisy_text[numeric] + full_diagram,17,65°,65,1,OK
first run,noisy_text[numeric] + full_diagram,20,20°,70_deg,0,OK
first run,noisy_text[numeric] + full_diagram,22,62°,28_deg,0,OK
first run,noisy_text[numeric] + full_diagram,25,65°,50_deg,0,OK
first run,noisy_text[numeric] + full_diagram,26,12,22_m,0,OK
first run,noisy_text[numeric] + full_diagram,29,115°,50_deg,0,OK
first run,noisy_text[numeric] + full_diagram,30,60°,30_deg,0,OK
first run,noisy_text[numeric] + full_diagram,32,76°,60,0,OK
first run,noisy_text[numeric] + full_diagram,34,80°,100,0,OK
first run,noisy_text[numeric] + full_diagram,36,20°,15_deg,0,OK
first run,noisy_text[numeric] + full_diagram,37,25°,50_deg,0,OK
first run,noisy_text[numeric] + full_diagram,38,40°,70_deg,0,OK
first run,noisy_text[numeric] + full_diagram,40,50°,50_deg,1,OK
first run,noisy_text[numeric] + full_diagram,43,40°,70_deg,0,OK
first run,noisy_text[numeric] + full_diagram,44,9m,1.5,0,OK
first run,noisy_text[numeric] + full_diagram,45,70°,35,0,OK
first run,noisy_text[numeric] + full_diagram,46,110°,70_deg,0,OK
first run,noisy_text[numeric] + full_diagram,48,130°,50,0,OK
first run,noisy_text[numeric] + full_diagram,49,100°,Cannot be determined,0,OK
first run,noisy_text[numeric] + full_diagram,50,140°,50_deg,0,OK
first run,noisy_text[numeric] + full_diagram,53,55°,55_deg,1,OK
first run,noisy_text[numeric] + full_diagram,55,55°,4,0,OK
first run,noisy_text[numeric] + full_diagram,56,40°,80_deg,0,OK
first run,noisy_text[numeric] + full_diagram,57,20°,20_deg,1,OK
first run,noisy_text[numeric] + full_diagram,58,55°,55_deg,1,OK
first run,noisy_text[numeric] + full_diagram,59,50°,80_deg,0,OK
first run,noisy_text[numeric] + full_diagram,60,45°,135_deg,0,OK
first run,noisy_text[numeric] + full_diagram,64,40cm,160.0,0,OK
first run,noisy_text[numeric] + full_diagram,72,8cm,8,1,OK
first run,noisy_text[numeric] + full_diagram,73,140°,60,0,OK
first run,noisy_text[numeric] + full_diagram,78,125°,70_deg,0,OK
first run,noisy_text[numeric] + full_diagram,79,16cm,32,0,OK
first run,noisy_text[numeric] + full_diagram,81,25°,40_deg,0,OK
first run,noisy_text[numeric] + full_diagram,84,√{3},equal to OA,0,OK
first run,noisy_text[numeric] + full_diagram,86,2√{3},7_units,0,OK
first run,noisy_text[numeric] + full_diagram,88,128°,20,0,OK
first run,noisy_text[numeric] + full_diagram,95,30°,60,0,OK
first run,noisy_text[numeric] + full_diagram,99,64°,64,1,OK
first run,noisy_text[numeric] + full_diagram,108,8m,8,1,OK
first run,noisy_text[numeric] + full_diagram,109,40°,0,0,OK
first run,noisy_text[numeric] + full_diagram,112,2.4,1.8,0,OK
first run,noisy_text[numeric] + full_diagram,114,\frac{1}{2}cm^{2},π/4,0,OK
first run,noisy_text[numeric] + full_diagram,115,4πcm,15_units,0,OK
first run,noisy_text[numeric] + full_diagram,117,2√{2}cm,3,0,OK
first run,noisy_text[numeric] + full_diagram,119,240cm^{2},24,0,OK
first run,noisy_text[numeric] + full_diagram,120,9πcm^{2},16π,0,OK
first run,noisy_text[numeric] + full_diagram,123,15π,15.71,0,OK
first run,noisy_text[numeric] + full_diagram,128,4cm,12,0,OK
first run,noisy_text[numeric] + full_diagram,132,10.2m,12.0,0,OK
first run,noisy_text[numeric] + full_diagram,133,120m,80.0_m,0,OK
first run,noisy_text[numeric] + full_diagram,149,\frac{20}{3},4.0,0,OK
first run,noisy_text[numeric] + full_diagram,150,\frac{40}{7}m,BC cannot be determined directly,0,OK
first run,noisy_text[numeric] + full_diagram,151,5.1,5,1,OK
first run,noisy_text[numeric] + full_diagram,152,4m,1.9,0,OK
first run,noisy_text[numeric] + full_diagram,153,1.5m,1.8,0,OK
first run,noisy_text[numeric] + full_diagram,157,\frac{3}{5},3/5,1,OK
first run,noisy_text[numeric] + full_diagram,165,\frac{√{3}}{2},0.5,0,OK
first run,noisy_text[numeric] + full_diagram,198,60,60,1,OK
first run,noisy_text[numeric] + full_diagram,207,157.1,0,0,OK
first run,noisy_text[numeric] + full_diagram,210,15,equal to BD,0,OK
first run,noisy_text[numeric] + full_diagram,211,38,83,0,OK
first run,noisy_text[numeric] + full_diagram,223,\sqrt{7},4,0,OK
first run,noisy_text[numeric] + full_diagram,239,8,11,0,OK
first run,noisy_text[numeric] + full_diagram,243,1591,no answer,0,OK
first run,noisy_text[numeric] + full_diagram,257,15,5,0,OK
first run,noisy_text[numeric] + full_diagram,264,60,30,0,OK
first run,noisy_text[numeric] + full_diagram,281,0.38,0.96,0,OK
first run,noisy_text[numeric] + full_diagram,327,11.8,11.9,1,OK
first run,noisy_text[numeric] + full_diagram,348,285,198,0,OK
first run,noisy_text[numeric] + full_diagram,364,74.85,65.90,0,OK
first run,noisy_text[numeric] + full_diagram,365,23.9,0.0,0,OK
first run,noisy_text[numeric] + full_diagram,420,8,10,0,OK
first run,noisy_text[numeric] + full_diagram,432,8.246,Cannot be determined,0,OK
first run,noisy_text[numeric] + full_diagram,438,\frac{(x+3)^2}{25}-\frac{(y+3)^2}{25}=1,\frac{(x+3)^2}{50} - \frac{(y+3)^2}{b^2} = 1,0,OK_AFTER_JSON_REPAIR
first run,noisy_text[numeric] + full_diagram,441,$\frac{4}{5}$,4/5,1,OK
first run,noisy_text[numeric] + full_diagram,447,$\frac{20}{29}$,20/29,1,OK
first run,noisy_text[numeric] + full_diagram,449,$\frac{1}{x}$,1,0,OK
first run,noisy_text[numeric] + full_diagram,457,$(x-1)^{2}+(y-3)^{2}=36$,(x-h)^2 + (y-k)^2 = r^2,0,OK
first run,noisy_text[numeric] + full_diagram,472,"(0,0)",O,0,OK
first run,noisy_text[punctuation] + full_diagram,1,140°,60_deg,0,OK
first run,noisy_text[punctuation] + full_diagram,2,65°,25_deg,0,OK
first run,noisy_text[punctuation] + full_diagram,3,55°,70_deg,0,OK
first run,noisy_text[punctuation] + full_diagram,4,27°,90,0,OK
first run,noisy_text[punctuation] + full_diagram,7,45°,35,0,OK
first run,noisy_text[punctuation] + full_diagram,8,3cm,2_units,0,OK
first run,noisy_text[punctuation] + full_diagram,9,6cm,18_units,0,OK
first run,noisy_text[punctuation] + full_diagram,10,72°,30,0,OK_AFTER_JSON_REPAIR
first run,noisy_text[punctuation] + full_diagram,11,84°,84_deg,1,OK
first run,noisy_text[punctuation] + full_diagram,14,55°,35,0,OK
first run,noisy_text[punctuation] + full_diagram,16,25°,Cannot determine,0,OK
first run,noisy_text[punctuation] + full_diagram,17,65°,65_deg,1,OK
first run,noisy_text[punctuation] + full_diagram,20,20°,40_deg,0,OK
first run,noisy_text[punctuation] + full_diagram,22,62°,28_deg,0,OK
first run,noisy_text[punctuation] + full_diagram,25,65°,50_deg,0,OK
first run,noisy_text[punctuation] + full_diagram,26,12,3.2,0,OK
first run,noisy_text[punctuation] + full_diagram,29,115°,130_deg,0,OK
first run,noisy_text[punctuation] + full_diagram,30,60°,30_deg,0,OK
first run,noisy_text[punctuation] + full_diagram,32,76°,90_deg,0,OK
first run,noisy_text[punctuation] + full_diagram,34,80°,100_deg,0,OK
first run,noisy_text[punctuation] + full_diagram,36,20°,40_deg,0,OK
first run,noisy_text[punctuation] + full_diagram,37,25°,50_deg,0,OK
first run,noisy_text[punctuation] + full_diagram,38,40°,20_deg,0,OK
first run,noisy_text[punctuation] + full_diagram,40,50°,50_deg,1,OK
first run,noisy_text[punctuation] + full_diagram,43,40°,50,0,OK
first run,noisy_text[punctuation] + full_diagram,44,9m,1.5,0,OK
first run,noisy_text[punctuation] + full_diagram,45,70°,35_deg,0,OK
first run,noisy_text[punctuation] + full_diagram,46,110°,110_deg,1,OK
first run,noisy_text[punctuation] + full_diagram,48,130°,50,0,OK
first run,noisy_text[punctuation] + full_diagram,49,100°,45_deg,0,OK
first run,noisy_text[punctuation] + full_diagram,50,140°,50_deg,0,OK
first run,noisy_text[punctuation] + full_diagram,53,55°,55_deg,1,OK
first run,noisy_text[punctuation] + full_diagram,55,55°,70,0,OK
first run,noisy_text[punctuation] + full_diagram,56,40°,90_deg,0,OK
first run,noisy_text[punctuation] + full_diagram,57,20°,20_deg,1,OK
first run,noisy_text[punctuation] + full_diagram,58,55°,55_deg,1,OK
first run,noisy_text[punctuation] + full_diagram,59,50°,80_deg,0,OK
first run,noisy_text[punctuation] + full_diagram,60,45°,135_deg,0,OK
first run,noisy_text[punctuation] + full_diagram,64,40cm,160.0,0,OK
first run,noisy_text[punctuation] + full_diagram,72,8cm,16,0,OK
first run,noisy_text[punctuation] + full_diagram,73,140°,70,0,OK
first run,noisy_text[punctuation] + full_diagram,78,125°,35_deg,0,OK
first run,noisy_text[punctuation] + full_diagram,79,16cm,not enough information,0,OK
first run,noisy_text[punctuation] + full_diagram,81,25°,40_deg,0,OK
first run,noisy_text[punctuation] + full_diagram,84,√{3},equal to AB and AC,0,OK
first run,noisy_text[punctuation] + full_diagram,86,2√{3},2,0,OK
first run,noisy_text[punctuation] + full_diagram,88,128°,20_deg,0,OK
first run,noisy_text[punctuation] + full_diagram,95,30°,60,0,OK
first run,noisy_text[punctuation] + full_diagram,99,64°,90,0,OK
first run,noisy_text[punctuation] + full_diagram,108,8m,OC,0,OK
first run,noisy_text[punctuation] + full_diagram,109,40°,40_deg,1,OK
first run,noisy_text[punctuation] + full_diagram,112,2.4,0.7,0,OK
first run,noisy_text[punctuation] + full_diagram,114,\frac{1}{2}cm^{2},π/4,0,OK
first run,noisy_text[punctuation] + full_diagram,115,4πcm,18,0,OK
first run,noisy_text[punctuation] + full_diagram,117,2√{2}cm,not answerable,0,OK
first run,noisy_text[punctuation] + full_diagram,119,240cm^{2},1800,0,OK
first run,noisy_text[punctuation] + full_diagram,120,9πcm^{2},16π,0,OK
first run,noisy_text[punctuation] + full_diagram,123,15π,12.0 * π,0,OK
first run,noisy_text[punctuation] + full_diagram,128,4cm,6_units,0,OK
first run,noisy_text[punctuation] + full_diagram,132,10.2m,12.0,0,OK
first run,noisy_text[punctuation] + full_diagram,133,120m,80.0_m,0,OK
first run,noisy_text[punctuation] + full_diagram,149,\frac{20}{3},4.0,0,OK
first run,noisy_text[punctuation] + full_diagram,150,\frac{40}{7}m,BC,0,OK
first run,noisy_text[punctuation] + full_diagram,151,5.1,20_units,0,OK
first run,noisy_text[punctuation] + full_diagram,152,4m,1.9,0,OK
first run,noisy_text[punctuation] + full_diagram,153,1.5m,1.8,0,OK
first run,noisy_text[punctuation] + full_diagram,157,\frac{3}{5},0.6,1,OK_AFTER_JSON_REPAIR
first run,noisy_text[punctuation] + full_diagram,165,\frac{√{3}}{2},0,0,OK
first run,noisy_text[punctuation] + full_diagram,198,60,60,1,OK
first run,noisy_text[punctuation] + full_diagram,207,157.1,14.3,0,OK
first run,noisy_text[punctuation] + full_diagram,210,15,Unknown,0,OK
first run,noisy_text[punctuation] + full_diagram,211,38,83,0,OK
first run,noisy_text[punctuation] + full_diagram,223,\sqrt{7},7,0,OK
first run,noisy_text[punctuation] + full_diagram,239,8,11,0,OK
first run,noisy_text[punctuation] + full_diagram,243,1591,3482,0,OK
first run,noisy_text[punctuation] + full_diagram,257,15,13,0,OK
first run,noisy_text[punctuation] + full_diagram,264,60,90,0,OK
first run,noisy_text[punctuation] + full_diagram,281,0.38,0.43,1,OK
first run,noisy_text[punctuation] + full_diagram,327,11.8,5.4,0,OK
first run,noisy_text[punctuation] + full_diagram,348,285,198,0,OK
first run,noisy_text[punctuation] + full_diagram,364,74.85,65.90,0,OK
first run,noisy_text[punctuation] + full_diagram,365,23.9,0.0,0,OK
first run,noisy_text[punctuation] + full_diagram,420,8,6,0,OK
first run,noisy_text[punctuation] + full_diagram,432,8.246,5,0,OK
first run,noisy_text[punctuation] + full_diagram,438,\frac{(x+3)^2}{25}-\frac{(y+3)^2}{25}=1,(x+3)^2/25 - (y+3)^2/50 = 1,0,OK
first run,noisy_text[punctuation] + full_diagram,441,$\frac{4}{5}$,4/5,1,OK
first run,noisy_text[punctuation] + full_diagram,447,$\frac{20}{29}$,20/29,1,OK
first run,noisy_text[punctuation] + full_diagram,449,$\frac{1}{x}$,1,0,OK
first run,noisy_text[punctuation] + full_diagram,457,$(x-1)^{2}+(y-3)^{2}=36$,(x-0)^2 + (y-0)^2 = 3^2,0,OK
first run,noisy_text[punctuation] + full_diagram,472,"(0,0)",C,0,OK
first run,noisy_text[sentence] + full_diagram,1,140°,80_deg,0,OK
first run,noisy_text[sentence] + full_diagram,2,65°,50,0,OK
first run,noisy_text[sentence] + full_diagram,3,55°,35_deg,0,OK
first run,noisy_text[sentence] + full_diagram,4,27°,90_deg,0,OK
first run,noisy_text[sentence] + full_diagram,7,45°,35,0,OK
first run,noisy_text[sentence] + full_diagram,8,3cm,5_units,0,OK
first run,noisy_text[sentence] + full_diagram,9,6cm,18.0,0,OK
first run,noisy_text[sentence] + full_diagram,10,72°,30,0,OK
first run,noisy_text[sentence] + full_diagram,11,84°,36_deg,0,OK
first run,noisy_text[sentence] + full_diagram,14,55°,17.5_deg,0,OK
first run,noisy_text[sentence] + full_diagram,16,25°,25,1,OK
first run,noisy_text[sentence] + full_diagram,17,65°,not determinable,0,OK
first run,noisy_text[sentence] + full_diagram,20,20°,20_deg,1,OK
first run,noisy_text[sentence] + full_diagram,22,62°,28_deg,0,OK
first run,noisy_text[sentence] + full_diagram,25,65°,50_deg,0,OK
first run,noisy_text[sentence] + full_diagram,26,12,22_units,0,OK
first run,noisy_text[sentence] + full_diagram,29,115°,50_deg,0,OK
first run,noisy_text[sentence] + full_diagram,30,60°,30_deg,0,OK
first run,noisy_text[sentence] + full_diagram,32,76°,52,0,OK
first run,noisy_text[sentence] + full_diagram,34,80°,100_deg,0,OK
first run,noisy_text[sentence] + full_diagram,36,20°,40_deg,0,OK
first run,noisy_text[sentence] + full_diagram,37,25°,50_deg,0,OK
first run,noisy_text[sentence] + full_diagram,38,40°,70_deg,0,OK
first run,noisy_text[sentence] + full_diagram,40,50°,50_deg,1,OK
first run,noisy_text[sentence] + full_diagram,43,40°,50,0,OK
first run,noisy_text[sentence] + full_diagram,44,9m,1.5,0,OK
first run,noisy_text[sentence] + full_diagram,45,70°,35,0,OK
first run,noisy_text[sentence] + full_diagram,46,110°,110_deg,1,OK
first run,noisy_text[sentence] + full_diagram,48,130°,50_deg,0,OK
first run,noisy_text[sentence] + full_diagram,49,100°,145_deg,0,OK
first run,noisy_text[sentence] + full_diagram,50,140°,50_deg,0,OK
first run,noisy_text[sentence] + full_diagram,53,55°,55_deg,1,OK
first run,noisy_text[sentence] + full_diagram,55,55°,35,0,OK
first run,noisy_text[sentence] + full_diagram,56,40°,20_deg,0,OK
first run,noisy_text[sentence] + full_diagram,57,20°,20,1,OK
first run,noisy_text[sentence] + full_diagram,58,55°,55_deg,1,OK
first run,noisy_text[sentence] + full_diagram,59,50°,80_deg,0,OK
first run,noisy_text[sentence] + full_diagram,60,45°,135_deg,0,OK
first run,noisy_text[sentence] + full_diagram,64,40cm,0,0,OK
first run,noisy_text[sentence] + full_diagram,72,8cm,8,1,OK
first run,noisy_text[sentence] + full_diagram,73,140°,140_deg,1,OK
first run,noisy_text[sentence] + full_diagram,78,125°,70_deg,0,OK
first run,noisy_text[sentence] + full_diagram,79,16cm,18,0,OK
first run,noisy_text[sentence] + full_diagram,81,25°,40,0,OK
first run,noisy_text[sentence] + full_diagram,84,√{3},0,0,OK
first run,noisy_text[sentence] + full_diagram,86,2√{3},2,0,OK
first run,noisy_text[sentence] + full_diagram,88,128°,42_deg,0,OK
first run,noisy_text[sentence] + full_diagram,95,30°,90,0,OK
first run,noisy_text[sentence] + full_diagram,99,64°,90_deg,0,OK
first run,noisy_text[sentence] + full_diagram,108,8m,8.0,1,OK
first run,noisy_text[sentence] + full_diagram,109,40°,40,1,OK
first run,noisy_text[sentence] + full_diagram,112,2.4,2.5,0,OK
first run,noisy_text[sentence] + full_diagram,114,\frac{1}{2}cm^{2},π/4,0,OK
first run,noisy_text[sentence] + full_diagram,115,4πcm,18_units,0,OK
first run,noisy_text[sentence] + full_diagram,117,2√{2}cm,3_units,0,OK
first run,noisy_text[sentence] + full_diagram,119,240cm^{2},10,0,OK
first run,noisy_text[sentence] + full_diagram,120,9πcm^{2},16π,0,OK
first run,noisy_text[sentence] + full_diagram,123,15π,12.0 * π,0,OK
first run,noisy_text[sentence] + full_diagram,128,4cm,12_units,0,OK
first run,noisy_text[sentence] + full_diagram,132,10.2m,12.0,0,OK
first run,noisy_text[sentence] + full_diagram,133,120m,120.0,1,OK
first run,noisy_text[sentence] + full_diagram,149,\frac{20}{3},Unknown,0,OK
first run,noisy_text[sentence] + full_diagram,150,\frac{40}{7}m,7/3,0,OK
first run,noisy_text[sentence] + full_diagram,151,5.1,5.0_units,0,OK
first run,noisy_text[sentence] + full_diagram,152,4m,1.4,0,OK
first run,noisy_text[sentence] + full_diagram,153,1.5m,1.0,0,OK
first run,noisy_text[sentence] + full_diagram,157,\frac{3}{5},3/5,1,OK
first run,noisy_text[sentence] + full_diagram,165,\frac{√{3}}{2},sin(B) = 1/√5,0,OK_AFTER_JSON_REPAIR
first run,noisy_text[sentence] + full_diagram,198,60,"equilateral triangle with side 10, area = 43.3",0,OK
first run,noisy_text[sentence] + full_diagram,207,157.1,39.3,0,OK_AFTER_JSON_REPAIR
first run,noisy_text[sentence] + full_diagram,210,15,5,0,OK
first run,noisy_text[sentence] + full_diagram,211,38,83,0,OK
first run,noisy_text[sentence] + full_diagram,223,\sqrt{7},3√2,0,OK
first run,noisy_text[sentence] + full_diagram,239,8,unknown,0,OK
first run,noisy_text[sentence] + full_diagram,243,1591,3482,0,OK
first run,noisy_text[sentence] + full_diagram,257,15,12,0,OK
first run,noisy_text[sentence] + full_diagram,264,60,10,0,OK
first run,noisy_text[sentence] + full_diagram,281,0.38,0.44,1,OK
first run,noisy_text[sentence] + full_diagram,327,11.8,10.7,0,OK
first run,noisy_text[sentence] + full_diagram,348,285,198,0,OK
first run,noisy_text[sentence] + full_diagram,364,74.85,65.90,0,OK
first run,noisy_text[sentence] + full_diagram,365,23.9,30.0,0,OK
first run,noisy_text[sentence] + full_diagram,420,8,8_units,1,OK
first run,noisy_text[sentence] + full_diagram,432,8.246,cannot be determined,0,OK
first run,noisy_text[sentence] + full_diagram,438,\frac{(x+3)^2}{25}-\frac{(y+3)^2}{25}=1,(y+3)^2/25 - (x-2)^2/50 = 1,0,OK
first run,noisy_text[sentence] + full_diagram,441,$\frac{4}{5}$,1/2,0,OK
first run,noisy_text[sentence] + full_diagram,447,$\frac{20}{29}$,20/29,1,OK
first run,noisy_text[sentence] + full_diagram,449,$\frac{1}{x}$,1,0,OK
first run,noisy_text[sentence] + full_diagram,457,$(x-1)^{2}+(y-3)^{2}=36$,(x-h)^2 + (y-k)^2 = r^2,0,OK
first run,noisy_text[sentence] + full_diagram,472,"(0,0)",O,0,OK
first run,noisy_text[typo] + full_diagram,1,140°,80,0,OK
first run,noisy_text[typo] + full_diagram,2,65°,50_deg,0,OK
first run,noisy_text[typo] + full_diagram,3,55°,70,0,OK
first run,noisy_text[typo] + full_diagram,4,27°,90,0,OK
first run,noisy_text[typo] + full_diagram,7,45°,35,0,OK
first run,noisy_text[typo] + full_diagram,8,3cm,Unknown,0,OK
first run,noisy_text[typo] + full_diagram,9,6cm,18_units,0,OK
first run,noisy_text[typo] + full_diagram,10,72°,36_deg,0,OK
first run,noisy_text[typo] + full_diagram,11,84°,90,0,OK
first run,noisy_text[typo] + full_diagram,14,55°,35,0,OK
first run,noisy_text[typo] + full_diagram,16,25°,25_deg,1,OK
first run,noisy_text[typo] + full_diagram,17,65°,65_deg,1,OK
first run,noisy_text[typo] + full_diagram,20,20°,20_deg,1,OK
first run,noisy_text[typo] + full_diagram,22,62°,28,0,OK
first run,noisy_text[typo] + full_diagram,25,65°,50_deg,0,OK
first run,noisy_text[typo] + full_diagram,26,12,22,0,OK
first run,noisy_text[typo] + full_diagram,29,115°,50_deg,0,OK
first run,noisy_text[typo] + full_diagram,30,60°,30_deg,0,OK
first run,noisy_text[typo] + full_diagram,32,76°,52,0,OK
first run,noisy_text[typo] + full_diagram,34,80°,100_deg,0,OK
first run,noisy_text[typo] + full_diagram,36,20°,40_deg,0,OK
first run,noisy_text[typo] + full_diagram,37,25°,25_deg,1,OK
first run,noisy_text[typo] + full_diagram,38,40°,20_deg,0,OK
first run,noisy_text[typo] + full_diagram,40,50°,50_deg,1,OK
first run,noisy_text[typo] + full_diagram,43,40°,130_deg,0,OK
first run,noisy_text[typo] + full_diagram,44,9m,25,0,OK
first run,noisy_text[typo] + full_diagram,45,70°,35,0,OK
first run,noisy_text[typo] + full_diagram,46,110°,70_deg,0,OK
first run,noisy_text[typo] + full_diagram,48,130°,50,0,OK
first run,noisy_text[typo] + full_diagram,49,100°,30_deg,0,OK
first run,noisy_text[typo] + full_diagram,50,140°,50_deg,0,OK
first run,noisy_text[typo] + full_diagram,53,55°,CD,0,OK
first run,noisy_text[typo] + full_diagram,55,55°,70,0,OK
first run,noisy_text[typo] + full_diagram,56,40°,160_deg,0,OK
first run,noisy_text[typo] + full_diagram,57,20°,20_deg,1,OK
first run,noisy_text[typo] + full_diagram,58,55°,55_deg,1,OK
first run,noisy_text[typo] + full_diagram,59,50°,80_deg,0,OK
first run,noisy_text[typo] + full_diagram,60,45°,135_deg,0,OK
first run,noisy_text[typo] + full_diagram,64,40cm,160,0,OK
first run,noisy_text[typo] + full_diagram,72,8cm,12,0,OK
first run,noisy_text[typo] + full_diagram,73,140°,70,0,OK
first run,noisy_text[typo] + full_diagram,78,125°,70_deg,0,OK
first run,noisy_text[typo] + full_diagram,79,16cm,32,0,OK
first run,noisy_text[typo] + full_diagram,81,25°,40_deg,0,OK
first run,noisy_text[typo] + full_diagram,84,√{3},equal to AB and CA,0,OK
first run,noisy_text[typo] + full_diagram,86,2√{3},AB,0,OK
first run,noisy_text[typo] + full_diagram,88,128°,20_deg,0,OK
first run,noisy_text[typo] + full_diagram,95,30°,90,0,OK
first run,noisy_text[typo] + full_diagram,99,64°,90_deg,0,OK
first run,noisy_text[typo] + full_diagram,108,8m,5_units,0,OK
first run,noisy_text[typo] + full_diagram,109,40°,40,1,OK
first run,noisy_text[typo] + full_diagram,112,2.4,0.7,0,OK
first run,noisy_text[typo] + full_diagram,114,\frac{1}{2}cm^{2},0.25,0,OK
first run,noisy_text[typo] + full_diagram,115,4πcm,18,0,OK
first run,noisy_text[typo] + full_diagram,117,2√{2}cm,unknown,0,OK
first run,noisy_text[typo] + full_diagram,119,240cm^{2},240,1,OK
first run,noisy_text[typo] + full_diagram,120,9πcm^{2},4,0,OK
first run,noisy_text[typo] + full_diagram,123,15π,15.71,0,OK
first run,noisy_text[typo] + full_diagram,128,4cm,12.0,0,OK
first run,noisy_text[typo] + full_diagram,132,10.2m,12.0,0,OK_AFTER_JSON_REPAIR
first run,noisy_text[typo] + full_diagram,133,120m,60.0_m,0,OK
first run,noisy_text[typo] + full_diagram,149,\frac{20}{3},Unknown,0,OK
first run,noisy_text[typo] + full_diagram,150,\frac{40}{7}m,3,0,OK
first run,noisy_text[typo] + full_diagram,151,5.1,20_units,0,OK
first run,noisy_text[typo] + full_diagram,152,4m,1.6,0,OK
first run,noisy_text[typo] + full_diagram,153,1.5m,2.0,0,OK
first run,noisy_text[typo] + full_diagram,157,\frac{3}{5},0.8,0,OK
first run,noisy_text[typo] + full_diagram,165,\frac{√{3}}{2},0.5,0,OK
first run,noisy_text[typo] + full_diagram,198,60,60,1,OK
first run,noisy_text[typo] + full_diagram,207,157.1,314.2,0,OK
first run,noisy_text[typo] + full_diagram,210,15,16,0,OK
first run,noisy_text[typo] + full_diagram,211,38,83,0,OK
first run,noisy_text[typo] + full_diagram,223,\sqrt{7},4,0,OK
first run,noisy_text[typo] + full_diagram,239,8,7,0,OK
first run,noisy_text[typo] + full_diagram,243,1591,1741,0,OK
first run,noisy_text[typo] + full_diagram,257,15,Unknown,0,OK
first run,noisy_text[typo] + full_diagram,264,60,20_deg,0,OK
first run,noisy_text[typo] + full_diagram,281,0.38,0.92,0,OK
first run,noisy_text[typo] + full_diagram,327,11.8,335.0,0,OK
first run,noisy_text[typo] + full_diagram,348,285,198,0,OK
first run,noisy_text[typo] + full_diagram,364,74.85,30.40,0,OK
first run,noisy_text[typo] + full_diagram,365,23.9,10369.0,0,OK
first run,noisy_text[typo] + full_diagram,420,8,6_cm,0,OK
first run,noisy_text[typo] + full_diagram,432,8.246,10,0,OK
first run,noisy_text[typo] + full_diagram,438,\frac{(x+3)^2}{25}-\frac{(y+3)^2}{25}=1,(y + 3)^2/25 - (x + 3)^2/50 = 1,0,OK
first run,noisy_text[typo] + full_diagram,441,$\frac{4}{5}$,0.5,0,OK
first run,noisy_text[typo] + full_diagram,447,$\frac{20}{29}$,20/29,1,OK
first run,noisy_text[typo] + full_diagram,449,$\frac{1}{x}$,1,0,OK
first run,noisy_text[typo] + full_diagram,457,$(x-1)^{2}+(y-3)^{2}=36$,(x-h)^2 + (y-k)^2 = r^2,0,OK
first run,noisy_text[typo] + full_diagram,472,"(0,0)",B,0,OK
second run,full_text + full_diagram,1,140°,80_deg,0,OK
second run,full_text + full_diagram,2,65°,50_deg,0,OK
second run,full_text + full_diagram,3,55°,70_deg,0,OK
second run,full_text + full_diagram,4,27°,36_deg,0,OK
second run,full_text + full_diagram,7,45°,35,0,OK
second run,full_text + full_diagram,8,3cm,Unknown,0,OK
second run,full_text + full_diagram,9,6cm,18.0,0,OK
second run,full_text + full_diagram,10,72°,90_deg,0,OK
second run,full_text + full_diagram,11,84°,36_deg,0,OK
second run,full_text + full_diagram,14,55°,35_deg,0,OK
second run,full_text + full_diagram,16,25°,Cannot be determined,0,OK
second run,full_text + full_diagram,17,65°,101_deg,0,OK
second run,full_text + full_diagram,20,20°,70_deg,0,OK
second run,full_text + full_diagram,22,62°,28_deg,0,OK
second run,full_text + full_diagram,25,65°,50_deg,0,OK
second run,full_text + full_diagram,26,12,8.0,0,OK
second run,full_text + full_diagram,29,115°,50_deg,0,OK
second run,full_text + full_diagram,30,60°,60_deg,1,OK
second run,full_text + full_diagram,32,76°,52,0,OK
second run,full_text + full_diagram,34,80°,100_deg,0,OK
second run,full_text + full_diagram,36,20°,25_deg,0,OK
second run,full_text + full_diagram,37,25°,50_deg,0,OK
second run,full_text + full_diagram,38,40°,70_deg,0,OK
second run,full_text + full_diagram,40,50°,50_deg,1,OK
second run,full_text + full_diagram,43,40°,100,0,OK
second run,full_text + full_diagram,44,9m,1.5,0,OK
second run,full_text + full_diagram,45,70°,35_deg,0,OK
second run,full_text + full_diagram,46,110°,70_deg,0,OK
second run,full_text + full_diagram,48,130°,50,0,OK
second run,full_text + full_diagram,49,100°,35_deg,0,OK
second run,full_text + full_diagram,50,140°,40_deg,0,OK
second run,full_text + full_diagram,53,55°,∠BFD,0,OK
second run,full_text + full_diagram,55,55°,140,0,OK
second run,full_text + full_diagram,56,40°,20_deg,0,OK
second run,full_text + full_diagram,57,20°,20_deg,1,OK
second run,full_text + full_diagram,58,55°,125_deg,0,OK
second run,full_text + full_diagram,59,50°,80,0,OK
second run,full_text + full_diagram,60,45°,135_deg,0,OK
second run,full_text + full_diagram,64,40cm,200_units,0,OK
second run,full_text + full_diagram,72,8cm,8,1,OK
second run,full_text + full_diagram,73,140°,70_deg,0,OK
second run,full_text + full_diagram,78,125°,70_deg,0,OK
second run,full_text + full_diagram,79,16cm,64,0,OK
second run,full_text + full_diagram,81,25°,40_deg,0,OK
second run,full_text + full_diagram,84,√{3},equal to AB and CA,0,OK
second run,full_text + full_diagram,86,2√{3},equal to AB and AC,0,OK
second run,full_text + full_diagram,88,128°,20_deg,0,OK
second run,full_text + full_diagram,95,30°,30_deg,1,OK
second run,full_text + full_diagram,99,64°,26,0,OK
second run,full_text + full_diagram,108,8m,8,1,OK
second run,full_text + full_diagram,109,40°,40,1,OK
second run,full_text + full_diagram,112,2.4,1.8,0,OK
second run,full_text + full_diagram,114,\frac{1}{2}cm^{2},π/4,0,OK
second run,full_text + full_diagram,115,4πcm,18,0,OK
second run,full_text + full_diagram,117,2√{2}cm,3_units,0,OK
second run,full_text + full_diagram,119,240cm^{2},not enough information,0,OK
second run,full_text + full_diagram,120,9πcm^{2},16π,0,OK
second run,full_text + full_diagram,123,15π,12.0 * π,0,OK
second run,full_text + full_diagram,128,4cm,12,0,OK
second run,full_text + full_diagram,132,10.2m,6,0,OK
second run,full_text + full_diagram,133,120m,60.0_m,0,OK
second run,full_text + full_diagram,149,\frac{20}{3},No information,0,OK
second run,full_text + full_diagram,150,\frac{40}{7}m,BC = 9 - 7/3,0,OK
second run,full_text + full_diagram,151,5.1,5_units,0,OK
second run,full_text + full_diagram,152,4m,1.9,0,OK
second run,full_text + full_diagram,153,1.5m,1.8,0,OK
second run,full_text + full_diagram,157,\frac{3}{5},0,0,OK
second run,full_text + full_diagram,165,\frac{√{3}}{2},0.5,0,OK
second run,full_text + full_diagram,198,60,60,1,OK
second run,full_text + full_diagram,207,157.1,58.9,0,OK_AFTER_JSON_REPAIR
second run,full_text + full_diagram,210,15,unknown,0,OK
second run,full_text + full_diagram,211,38,83,0,OK
second run,full_text + full_diagram,223,\sqrt{7},3√2,0,OK
second run,full_text + full_diagram,239,8,4,0,OK
second run,full_text + full_diagram,243,1591,1766,0,OK
second run,full_text + full_diagram,257,15,12,0,OK
second run,full_text + full_diagram,264,60,100,0,OK
second run,full_text + full_diagram,281,0.38,0.92,0,OK
second run,full_text + full_diagram,327,11.8,5.4,0,OK
second run,full_text + full_diagram,348,285,198,0,OK
second run,full_text + full_diagram,364,74.85,80.62,0,OK
second run,full_text + full_diagram,365,23.9,10369.0,0,OK
second run,full_text + full_diagram,420,8,8,1,OK
second run,full_text + full_diagram,432,8.246,0,0,OK
second run,full_text + full_diagram,438,\frac{(x+3)^2}{25}-\frac{(y+3)^2}{25}=1,The equation of a hyperbola can be expressed as: $rac{(x-h)^2}{a^2} - rac{(y-k)^2}{b^2} = 1$ or $rac{(y-k)^2}{a^2} - rac{(x-h)^2}{b^2} = 1$,0,OK
second run,full_text + full_diagram,441,$\frac{4}{5}$,0.5,0,OK
second run,full_text + full_diagram,447,$\frac{20}{29}$,0.866,0,OK
second run,full_text + full_diagram,449,$\frac{1}{x}$,1,0,OK
second run,full_text + full_diagram,457,$(x-1)^{2}+(y-3)^{2}=36$,(x-h)^2 + (y-k)^2 = r^2,0,OK
second run,full_text + full_diagram,472,"(0,0)",C,0,OK
second run,full_text + noisy_diagram[bg_change],1,140°,80_deg,0,OK
second run,full_text + noisy_diagram[bg_change],2,65°,50_deg,0,OK
second run,full_text + noisy_diagram[bg_change],3,55°,35_deg,0,OK
second run,full_text + noisy_diagram[bg_change],4,27°,90_deg,0,OK
second run,full_text + noisy_diagram[bg_change],7,45°,35,0,OK
second run,full_text + noisy_diagram[bg_change],8,3cm,cannot be determined,0,OK
second run,full_text + noisy_diagram[bg_change],9,6cm,12.0,0,OK
second run,full_text + noisy_diagram[bg_change],10,72°,72,1,OK
second run,full_text + noisy_diagram[bg_change],11,84°,36_deg,0,OK
second run,full_text + noisy_diagram[bg_change],14,55°,35,0,OK
second run,full_text + noisy_diagram[bg_change],16,25°,65_deg,0,OK
second run,full_text + noisy_diagram[bg_change],17,65°,42,0,OK
second run,full_text + noisy_diagram[bg_change],20,20°,20,1,OK
second run,full_text + noisy_diagram[bg_change],22,62°,28,0,OK
second run,full_text + noisy_diagram[bg_change],25,65°,Unknown,0,OK
second run,full_text + noisy_diagram[bg_change],26,12,22,0,OK
second run,full_text + noisy_diagram[bg_change],29,115°,50_deg,0,OK
second run,full_text + noisy_diagram[bg_change],30,60°,30_deg,0,OK
second run,full_text + noisy_diagram[bg_change],32,76°,52,0,OK
second run,full_text + noisy_diagram[bg_change],34,80°,100_deg,0,OK
second run,full_text + noisy_diagram[bg_change],36,20°,90_deg,0,OK
second run,full_text + noisy_diagram[bg_change],37,25°,50_deg,0,OK
second run,full_text + noisy_diagram[bg_change],38,40°,20_deg,0,OK
second run,full_text + noisy_diagram[bg_change],40,50°,50_deg,1,OK
second run,full_text + noisy_diagram[bg_change],43,40°,70_deg,0,OK
second run,full_text + noisy_diagram[bg_change],44,9m,1.5,0,OK
second run,full_text + noisy_diagram[bg_change],45,70°,70,1,OK
second run,full_text + noisy_diagram[bg_change],46,110°,70_deg,0,OK
second run,full_text + noisy_diagram[bg_change],48,130°,100_deg,0,OK
second run,full_text + noisy_diagram[bg_change],49,100°,35,0,OK
second run,full_text + noisy_diagram[bg_change],50,140°,50_deg,0,OK
second run,full_text + noisy_diagram[bg_change],53,55°,55_deg,1,OK
second run,full_text + noisy_diagram[bg_change],55,55°,70,0,OK
second run,full_text + noisy_diagram[bg_change],56,40°,20_deg,0,OK
second run,full_text + noisy_diagram[bg_change],57,20°,20_deg,1,OK
second run,full_text + noisy_diagram[bg_change],58,55°,55,1,OK
second run,full_text + noisy_diagram[bg_change],59,50°,80_deg,0,OK
second run,full_text + noisy_diagram[bg_change],60,45°,135_deg,0,OK
second run,full_text + noisy_diagram[bg_change],64,40cm,160_units,0,OK
second run,full_text + noisy_diagram[bg_change],72,8cm,8,1,OK
second run,full_text + noisy_diagram[bg_change],73,140°,70,0,OK
second run,full_text + noisy_diagram[bg_change],78,125°,35_deg,0,OK
second run,full_text + noisy_diagram[bg_change],79,16cm,15,0,OK
second run,full_text + noisy_diagram[bg_change],81,25°,40_deg,0,OK
second run,full_text + noisy_diagram[bg_change],84,√{3},Cannot be determined,0,OK
second run,full_text + noisy_diagram[bg_change],86,2√{3},2.0_units,0,OK
second run,full_text + noisy_diagram[bg_change],88,128°,42_deg,0,OK
second run,full_text + noisy_diagram[bg_change],95,30°,150_deg,0,OK
second run,full_text + noisy_diagram[bg_change],99,64°,64,1,OK
second run,full_text + noisy_diagram[bg_change],108,8m,5_units,0,OK
second run,full_text + noisy_diagram[bg_change],109,40°,90,0,OK
second run,full_text + noisy_diagram[bg_change],112,2.4,0.7,0,OK
second run,full_text + noisy_diagram[bg_change],114,\frac{1}{2}cm^{2},π/4,0,OK
second run,full_text + noisy_diagram[bg_change],115,4πcm,12π units,0,OK
second run,full_text + noisy_diagram[bg_change],117,2√{2}cm,3_cm,0,OK
second run,full_text + noisy_diagram[bg_change],119,240cm^{2},300.0,0,OK
second run,full_text + noisy_diagram[bg_change],120,9πcm^{2},None,0,OK
second run,full_text + noisy_diagram[bg_change],123,15π,12π,0,OK
second run,full_text + noisy_diagram[bg_change],128,4cm,12_units,0,OK
second run,full_text + noisy_diagram[bg_change],132,10.2m,0.6,0,OK
second run,full_text + noisy_diagram[bg_change],133,120m,120.0_m,1,OK
second run,full_text + noisy_diagram[bg_change],149,\frac{20}{3},10.0,0,OK
second run,full_text + noisy_diagram[bg_change],150,\frac{40}{7}m,Unknown,0,OK
second run,full_text + noisy_diagram[bg_change],151,5.1,no answer,0,OK
second run,full_text + noisy_diagram[bg_change],152,4m,2.1,0,OK
second run,full_text + noisy_diagram[bg_change],153,1.5m,1.8,0,OK
second run,full_text + noisy_diagram[bg_change],157,\frac{3}{5},0.8,0,OK
second run,full_text + noisy_diagram[bg_change],165,\frac{√{3}}{2},0.44721,0,OK
second run,full_text + noisy_diagram[bg_change],198,60,60,1,OK
second run,full_text + noisy_diagram[bg_change],207,157.1,314.2,0,OK
second run,full_text + noisy_diagram[bg_change],210,15,12,0,OK
second run,full_text + noisy_diagram[bg_change],211,38,83,0,OK
second run,full_text + noisy_diagram[bg_change],223,\sqrt{7},5,0,OK
second run,full_text + noisy_diagram[bg_change],239,8,11,0,OK
second run,full_text + noisy_diagram[bg_change],243,1591,1181.1,0,OK
second run,full_text + noisy_diagram[bg_change],257,15,12,0,OK
second run,full_text + noisy_diagram[bg_change],264,60,50,0,OK
second run,full_text + noisy_diagram[bg_change],281,0.38,0.83,0,OK
second run,full_text + noisy_diagram[bg_change],327,11.8,10.7,0,OK
second run,full_text + noisy_diagram[bg_change],348,285,198,0,OK
second run,full_text + noisy_diagram[bg_change],364,74.85,65.90,0,OK
second run,full_text + noisy_diagram[bg_change],365,23.9,90.0,0,OK
second run,full_text + noisy_diagram[bg_change],420,8,14,0,OK
second run,full_text + noisy_diagram[bg_change],432,8.246,5,0,OK
second run,full_text + noisy_diagram[bg_change],438,\frac{(x+3)^2}{25}-\frac{(y+3)^2}{25}=1,(x^2/a^2) - (y^2/b^2) = 1,0,OK
second run,full_text + noisy_diagram[bg_change],441,$\frac{4}{5}$,undefined,0,OK
second run,full_text + noisy_diagram[bg_change],447,$\frac{20}{29}$,1,0,OK
second run,full_text + noisy_diagram[bg_change],449,$\frac{1}{x}$,undefined,0,OK
second run,full_text + noisy_diagram[bg_change],457,$(x-1)^{2}+(y-3)^{2}=36$,(x-0)^2 + (y-0)^2 = 3^2,0,OK
second run,full_text + noisy_diagram[bg_change],472,"(0,0)",B,0,OK
second run,full_text + noisy_diagram[blur],1,140°,80_deg,0,OK
second run,full_text + noisy_diagram[blur],2,65°,50_deg,0,OK
second run,full_text + noisy_diagram[blur],3,55°,35_deg,0,OK
second run,full_text + noisy_diagram[blur],4,27°,90_deg,0,OK
second run,full_text + noisy_diagram[blur],7,45°,35,0,OK
second run,full_text + noisy_diagram[blur],8,3cm,2_units,0,OK
second run,full_text + noisy_diagram[blur],9,6cm,18_units,0,OK
second run,full_text + noisy_diagram[blur],10,72°,36,0,OK
second run,full_text + noisy_diagram[blur],11,84°,90,0,OK
second run,full_text + noisy_diagram[blur],14,55°,35,0,OK
second run,full_text + noisy_diagram[blur],16,25°,25_deg,1,OK
second run,full_text + noisy_diagram[blur],17,65°,65_deg,1,OK
second run,full_text + noisy_diagram[blur],20,20°,20_deg,1,OK
second run,full_text + noisy_diagram[blur],22,62°,28,0,OK
second run,full_text + noisy_diagram[blur],25,65°,50_deg,0,OK
second run,full_text + noisy_diagram[blur],26,12,22.0,0,OK
second run,full_text + noisy_diagram[blur],29,115°,50,0,OK
second run,full_text + noisy_diagram[blur],30,60°,30_deg,0,OK
second run,full_text + noisy_diagram[blur],32,76°,52,0,OK
second run,full_text + noisy_diagram[blur],34,80°,100_deg,0,OK
second run,full_text + noisy_diagram[blur],36,20°,40_deg,0,OK
second run,full_text + noisy_diagram[blur],37,25°,50_deg,0,OK
second run,full_text + noisy_diagram[blur],38,40°,70_deg,0,OK
second run,full_text + noisy_diagram[blur],40,50°,50_deg,1,OK
second run,full_text + noisy_diagram[blur],43,40°,30_deg,0,OK
second run,full_text + noisy_diagram[blur],44,9m,25,0,OK
second run,full_text + noisy_diagram[blur],45,70°,145,0,OK
second run,full_text + noisy_diagram[blur],46,110°,70_deg,0,OK
second run,full_text + noisy_diagram[blur],48,130°,50,0,OK
second run,full_text + noisy_diagram[blur],49,100°,45_deg,0,OK
second run,full_text + noisy_diagram[blur],50,140°,50_deg,0,OK
second run,full_text + noisy_diagram[blur],53,55°,55_deg,1,OK
second run,full_text + noisy_diagram[blur],55,55°,0,0,OK
second run,full_text + noisy_diagram[blur],56,40°,90_deg,0,OK
second run,full_text + noisy_diagram[blur],57,20°,20_deg,1,OK
second run,full_text + noisy_diagram[blur],58,55°,125_deg,0,OK
second run,full_text + noisy_diagram[blur],59,50°,80_deg,0,OK
second run,full_text + noisy_diagram[blur],60,45°,135_deg,0,OK
second run,full_text + noisy_diagram[blur],64,40cm,100.0,0,OK
second run,full_text + noisy_diagram[blur],72,8cm,8,1,OK
second run,full_text + noisy_diagram[blur],73,140°,70,0,OK
second run,full_text + noisy_diagram[blur],78,125°,70_deg,0,OK
second run,full_text + noisy_diagram[blur],79,16cm,3,0,OK
second run,full_text + noisy_diagram[blur],81,25°,40_deg,0,OK
second run,full_text + noisy_diagram[blur],84,√{3},equal to AB and AC,0,OK
second run,full_text + noisy_diagram[blur],86,2√{3},2_units,0,OK
second run,full_text + noisy_diagram[blur],88,128°,20_deg,0,OK
second run,full_text + noisy_diagram[blur],95,30°,60_deg,0,OK
second run,full_text + noisy_diagram[blur],99,64°,64,1,OK
second run,full_text + noisy_diagram[blur],108,8m,8_units,1,OK
second run,full_text + noisy_diagram[blur],109,40°,90,0,OK
second run,full_text + noisy_diagram[blur],112,2.4,0.7,0,OK
second run,full_text + noisy_diagram[blur],114,\frac{1}{2}cm^{2},π/4 * r^2,0,OK
second run,full_text + noisy_diagram[blur],115,4πcm,18_units,0,OK
second run,full_text + noisy_diagram[blur],117,2√{2}cm,3_units,0,OK
second run,full_text + noisy_diagram[blur],119,240cm^{2},The area is not calculable,0,OK
second run,full_text + noisy_diagram[blur],120,9πcm^{2},16π,0,OK
second run,full_text + noisy_diagram[blur],123,15π,12.0 * π,0,OK
second run,full_text + noisy_diagram[blur],128,4cm,No information,0,OK
second run,full_text + noisy_diagram[blur],132,10.2m,12,0,OK
second run,full_text + noisy_diagram[blur],133,120m,80.0_m,0,OK
second run,full_text + noisy_diagram[blur],149,\frac{20}{3},4.0,0,OK
second run,full_text + noisy_diagram[blur],150,\frac{40}{7}m,9,0,OK
second run,full_text + noisy_diagram[blur],151,5.1,1.7_units,0,OK
second run,full_text + noisy_diagram[blur],152,4m,2.1,0,OK
second run,full_text + noisy_diagram[blur],153,1.5m,1,0,OK
second run,full_text + noisy_diagram[blur],157,\frac{3}{5},0.75,0,OK
second run,full_text + noisy_diagram[blur],165,\frac{√{3}}{2},0.5,0,OK
second run,full_text + noisy_diagram[blur],198,60,60,1,OK
second run,full_text + noisy_diagram[blur],207,157.1,14.4,0,OK
second run,full_text + noisy_diagram[blur],210,15,unknown,0,OK
second run,full_text + noisy_diagram[blur],211,38,83,0,OK
second run,full_text + noisy_diagram[blur],223,\sqrt{7},3√2,0,OK
second run,full_text + noisy_diagram[blur],239,8,4,0,OK_AFTER_JSON_REPAIR
second run,full_text + noisy_diagram[blur],243,1591,1761.6,0,OK
second run,full_text + noisy_diagram[blur],257,15,5,0,OK
second run,full_text + noisy_diagram[blur],264,60,30x,0,OK
second run,full_text + noisy_diagram[blur],281,0.38,0.46,1,OK
second run,full_text + noisy_diagram[blur],327,11.8,5.4,0,OK
second run,full_text + noisy_diagram[blur],348,285,137,0,OK
second run,full_text + noisy_diagram[blur],364,74.85,65.90,0,OK
second run,full_text + noisy_diagram[blur],365,23.9,30.0,0,OK
second run,full_text + noisy_diagram[blur],420,8,8,1,OK
second run,full_text + noisy_diagram[blur],432,8.246,Cannot be determined,0,OK
second run,full_text + noisy_diagram[blur],438,\frac{(x+3)^2}{25}-\frac{(y+3)^2}{25}=1,(x+3)^2/25 - (y+3)^2/0 = 1,0,OK
second run,full_text + noisy_diagram[blur],441,$\frac{4}{5}$,0.5,0,OK
second run,full_text + noisy_diagram[blur],447,$\frac{20}{29}$,20/29,1,OK
second run,full_text + noisy_diagram[blur],449,$\frac{1}{x}$,1.5,0,OK
second run,full_text + noisy_diagram[blur],457,$(x-1)^{2}+(y-3)^{2}=36$,(x - 0)^2 + (y - 0)^2 = 6^2,0,OK
second run,full_text + noisy_diagram[blur],472,"(0,0)",C,0,OK
second run,full_text + noisy_diagram[illumination],1,140°,60_deg,0,OK
second run,full_text + noisy_diagram[illumination],2,65°,50_deg,0,OK
second run,full_text + noisy_diagram[illumination],3,55°,35_deg,0,OK
second run,full_text + noisy_diagram[illumination],4,27°,36_deg,0,OK
second run,full_text + noisy_diagram[illumination],7,45°,35,0,OK
second run,full_text + noisy_diagram[illumination],8,3cm,Unknown,0,OK
second run,full_text + noisy_diagram[illumination],9,6cm,12_units,0,OK
second run,full_text + noisy_diagram[illumination],10,72°,36,0,OK
second run,full_text + noisy_diagram[illumination],11,84°,60_deg,0,OK
second run,full_text + noisy_diagram[illumination],14,55°,35_deg,0,OK
second run,full_text + noisy_diagram[illumination],16,25°,90_deg,0,OK
second run,full_text + noisy_diagram[illumination],17,65°,65_deg,1,OK
second run,full_text + noisy_diagram[illumination],20,20°,70_deg,0,OK
second run,full_text + noisy_diagram[illumination],22,62°,Unknown,0,OK
second run,full_text + noisy_diagram[illumination],25,65°,50_deg,0,OK
second run,full_text + noisy_diagram[illumination],26,12,22.0_m,0,OK
second run,full_text + noisy_diagram[illumination],29,115°,30,0,OK
second run,full_text + noisy_diagram[illumination],30,60°,30_deg,0,OK
second run,full_text + noisy_diagram[illumination],32,76°,52,0,OK
second run,full_text + noisy_diagram[illumination],34,80°,100_deg,0,OK
second run,full_text + noisy_diagram[illumination],36,20°,25_deg,0,OK
second run,full_text + noisy_diagram[illumination],37,25°,50_deg,0,OK
second run,full_text + noisy_diagram[illumination],38,40°,20_deg,0,OK
second run,full_text + noisy_diagram[illumination],40,50°,50_deg,1,OK
second run,full_text + noisy_diagram[illumination],43,40°,130_deg,0,OK
second run,full_text + noisy_diagram[illumination],44,9m,1.5,0,OK
second run,full_text + noisy_diagram[illumination],45,70°,70_deg,1,OK
second run,full_text + noisy_diagram[illumination],46,110°,70_deg,0,OK
second run,full_text + noisy_diagram[illumination],48,130°,50,0,OK
second run,full_text + noisy_diagram[illumination],49,100°,35_deg,0,OK
second run,full_text + noisy_diagram[illumination],50,140°,90_deg,0,OK
second run,full_text + noisy_diagram[illumination],53,55°,55_deg,1,OK
second run,full_text + noisy_diagram[illumination],55,55°,0,0,OK
second run,full_text + noisy_diagram[illumination],56,40°,20,0,OK
second run,full_text + noisy_diagram[illumination],57,20°,20_deg,1,OK
second run,full_text + noisy_diagram[illumination],58,55°,55_deg,1,OK
second run,full_text + noisy_diagram[illumination],59,50°,80_deg,0,OK
second run,full_text + noisy_diagram[illumination],60,45°,45,1,OK
second run,full_text + noisy_diagram[illumination],64,40cm,160_units,0,OK
second run,full_text + noisy_diagram[illumination],72,8cm,Cannot be determined,0,OK
second run,full_text + noisy_diagram[illumination],73,140°,70,0,OK
second run,full_text + noisy_diagram[illumination],78,125°,70_deg,0,OK
second run,full_text + noisy_diagram[illumination],79,16cm,2 * CD + CE,0,OK
second run,full_text + noisy_diagram[illumination],81,25°,40_deg,0,OK
second run,full_text + noisy_diagram[illumination],84,√{3},equal to OA and OC,0,OK
second run,full_text + noisy_diagram[illumination],86,2√{3},equal to OB or OC,0,OK
second run,full_text + noisy_diagram[illumination],88,128°,42_deg,0,OK
second run,full_text + noisy_diagram[illumination],95,30°,30.0_deg,1,OK
second run,full_text + noisy_diagram[illumination],99,64°,64,1,OK
second run,full_text + noisy_diagram[illumination],108,8m,8_units,1,OK
second run,full_text + noisy_diagram[illumination],109,40°,40_deg,1,OK
second run,full_text + noisy_diagram[illumination],112,2.4,0.7,0,OK
second run,full_text + noisy_diagram[illumination],114,\frac{1}{2}cm^{2},0.25π,0,OK
second run,full_text + noisy_diagram[illumination],115,4πcm,18_units,0,OK
second run,full_text + noisy_diagram[illumination],117,2√{2}cm,3,0,OK
second run,full_text + noisy_diagram[illumination],119,240cm^{2},24.0,0,OK_AFTER_JSON_REPAIR
second run,full_text + noisy_diagram[illumination],120,9πcm^{2},16π,0,OK
second run,full_text + noisy_diagram[illumination],123,15π,12π,0,OK
second run,full_text + noisy_diagram[illumination],128,4cm,12_units,0,OK
second run,full_text + noisy_diagram[illumination],132,10.2m,1.6,0,OK
second run,full_text + noisy_diagram[illumination],133,120m,40.0_units,0,OK
second run,full_text + noisy_diagram[illumination],149,\frac{20}{3},unknown,0,OK
second run,full_text + noisy_diagram[illumination],150,\frac{40}{7}m,9/7,0,OK
second run,full_text + noisy_diagram[illumination],151,5.1,20_units,0,OK
second run,full_text + noisy_diagram[illumination],152,4m,1.6,0,OK
second run,full_text + noisy_diagram[illumination],153,1.5m,1.8,0,OK
second run,full_text + noisy_diagram[illumination],157,\frac{3}{5},0.75,0,OK
second run,full_text + noisy_diagram[illumination],165,\frac{√{3}}{2},undefined,0,OK
second run,full_text + noisy_diagram[illumination],198,60,65,0,OK
second run,full_text + noisy_diagram[illumination],207,157.1,14.3,0,OK
second run,full_text + noisy_diagram[illumination],210,15,10,0,OK
second run,full_text + noisy_diagram[illumination],211,38,83,0,OK
second run,full_text + noisy_diagram[illumination],223,\sqrt{7},3√2,0,OK
second run,full_text + noisy_diagram[illumination],239,8,4,0,OK
second run,full_text + noisy_diagram[illumination],243,1591,1770,0,OK
second run,full_text + noisy_diagram[illumination],257,15,13,0,OK
second run,full_text + noisy_diagram[illumination],264,60,90,0,OK
second run,full_text + noisy_diagram[illumination],281,0.38,0.92,0,OK
second run,full_text + noisy_diagram[illumination],327,11.8,335.0,0,OK
second run,full_text + noisy_diagram[illumination],348,285,198,0,OK
second run,full_text + noisy_diagram[illumination],364,74.85,65.90,0,OK
second run,full_text + noisy_diagram[illumination],365,23.9,30.0,0,OK
second run,full_text + noisy_diagram[illumination],420,8,8,1,OK
second run,full_text + noisy_diagram[illumination],432,8.246,10,0,OK
second run,full_text + noisy_diagram[illumination],438,\frac{(x+3)^2}{25}-\frac{(y+3)^2}{25}=1,(x^2/a^2) - (y^2/b^2) = 1,0,OK
second run,full_text + noisy_diagram[illumination],441,$\frac{4}{5}$,0.5,0,OK
second run,full_text + noisy_diagram[illumination],447,$\frac{20}{29}$,20/29,1,OK
second run,full_text + noisy_diagram[illumination],449,$\frac{1}{x}$,1,0,OK
second run,full_text + noisy_diagram[illumination],457,$(x-1)^{2}+(y-3)^{2}=36$,(x-0)^2 + (y-0)^2 = 3^2,0,OK
second run,full_text + noisy_diagram[illumination],472,"(0,0)",C,0,OK
second run,full_text + noisy_diagram[irr_objects],1,140°,20_deg,0,OK
second run,full_text + noisy_diagram[irr_objects],2,65°,50_deg,0,OK
second run,full_text + noisy_diagram[irr_objects],3,55°,35_deg,0,OK
second run,full_text + noisy_diagram[irr_objects],4,27°,90_deg,0,OK
second run,full_text + noisy_diagram[irr_objects],7,45°,35,0,OK
second run,full_text + noisy_diagram[irr_objects],8,3cm,Unknown,0,OK
second run,full_text + noisy_diagram[irr_objects],9,6cm,18_units,0,OK
second run,full_text + noisy_diagram[irr_objects],10,72°,72,1,OK
second run,full_text + noisy_diagram[irr_objects],11,84°,108_deg,0,OK
second run,full_text + noisy_diagram[irr_objects],14,55°,35,0,OK
second run,full_text + noisy_diagram[irr_objects],16,25°,25,1,OK
second run,full_text + noisy_diagram[irr_objects],17,65°,90_deg,0,OK
second run,full_text + noisy_diagram[irr_objects],20,20°,20_deg,1,OK
second run,full_text + noisy_diagram[irr_objects],22,62°,28_deg,0,OK
second run,full_text + noisy_diagram[irr_objects],25,65°,50_deg,0,OK
second run,full_text + noisy_diagram[irr_objects],26,12,22.0,0,OK
second run,full_text + noisy_diagram[irr_objects],29,115°,50_deg,0,OK
second run,full_text + noisy_diagram[irr_objects],30,60°,30_deg,0,OK
second run,full_text + noisy_diagram[irr_objects],32,76°,Unknown,0,OK
second run,full_text + noisy_diagram[irr_objects],34,80°,100_deg,0,OK
second run,full_text + noisy_diagram[irr_objects],36,20°,25_deg,0,OK
second run,full_text + noisy_diagram[irr_objects],37,25°,25_deg,1,OK
second run,full_text + noisy_diagram[irr_objects],38,40°,70_deg,0,OK
second run,full_text + noisy_diagram[irr_objects],40,50°,130_deg,0,OK
second run,full_text + noisy_diagram[irr_objects],43,40°,50_deg,0,OK
second run,full_text + noisy_diagram[irr_objects],44,9m,1.5,0,OK
second run,full_text + noisy_diagram[irr_objects],45,70°,35_deg,0,OK
second run,full_text + noisy_diagram[irr_objects],46,110°,110_deg,1,OK
second run,full_text + noisy_diagram[irr_objects],48,130°,50_deg,0,OK
second run,full_text + noisy_diagram[irr_objects],49,100°,35_deg,0,OK
second run,full_text + noisy_diagram[irr_objects],50,140°,90_deg,0,OK
second run,full_text + noisy_diagram[irr_objects],53,55°,BFD,0,OK
second run,full_text + noisy_diagram[irr_objects],55,55°,0,0,OK
second run,full_text + noisy_diagram[irr_objects],56,40°,20_deg,0,OK
second run,full_text + noisy_diagram[irr_objects],57,20°,20_deg,1,OK
second run,full_text + noisy_diagram[irr_objects],58,55°,55,1,OK
second run,full_text + noisy_diagram[irr_objects],59,50°,80_deg,0,OK
second run,full_text + noisy_diagram[irr_objects],60,45°,135_deg,0,OK
second run,full_text + noisy_diagram[irr_objects],64,40cm,80.0,0,OK
second run,full_text + noisy_diagram[irr_objects],72,8cm,Unknown,0,OK
second run,full_text + noisy_diagram[irr_objects],73,140°,70_deg,0,OK
second run,full_text + noisy_diagram[irr_objects],78,125°,70_deg,0,OK
second run,full_text + noisy_diagram[irr_objects],79,16cm,Unknown,0,OK
second run,full_text + noisy_diagram[irr_objects],81,25°,40_deg,0,OK
second run,full_text + noisy_diagram[irr_objects],84,√{3},equal to AB and CA,0,OK
second run,full_text + noisy_diagram[irr_objects],86,2√{3},2,0,OK
second run,full_text + noisy_diagram[irr_objects],88,128°,20_deg,0,OK
second run,full_text + noisy_diagram[irr_objects],95,30°,90,0,OK
second run,full_text + noisy_diagram[irr_objects],99,64°,64,1,OK
second run,full_text + noisy_diagram[irr_objects],108,8m,8,1,OK
second run,full_text + noisy_diagram[irr_objects],109,40°,40_deg,1,OK
second run,full_text + noisy_diagram[irr_objects],112,2.4,0.7,0,OK
second run,full_text + noisy_diagram[irr_objects],114,\frac{1}{2}cm^{2},0.25 * π * 1.0 * 1.0,0,OK
second run,full_text + noisy_diagram[irr_objects],115,4πcm,12π units,0,OK
second run,full_text + noisy_diagram[irr_objects],117,2√{2}cm,3,0,OK
second run,full_text + noisy_diagram[irr_objects],119,240cm^{2},240.0,1,OK
second run,full_text + noisy_diagram[irr_objects],120,9πcm^{2},"The bottom area of the cone is a circle with a radius of 2.5 units, but since we only have information about a triangle and a base that is a segment, we assume the base is a side of a triangle and not a circle, hence we have insufficient information to calculate it directly as a circle. However, assuming the question implies the area of the base of the cone which is represented by 'base' in the given triples, and it is a segment, not directly calculable. But if we were to assume it relates to a triangle's base: no direct area calculable.",0,OK
second run,full_text + noisy_diagram[irr_objects],123,15π,12.0 * π,0,OK
second run,full_text + noisy_diagram[irr_objects],128,4cm,12_units,0,OK
second run,full_text + noisy_diagram[irr_objects],132,10.2m,0.6,0,OK
second run,full_text + noisy_diagram[irr_objects],133,120m,80.0_m,0,OK
second run,full_text + noisy_diagram[irr_objects],149,\frac{20}{3},6.0,0,OK
second run,full_text + noisy_diagram[irr_objects],150,\frac{40}{7}m,BC,0,OK
second run,full_text + noisy_diagram[irr_objects],151,5.1,20_units,0,OK
second run,full_text + noisy_diagram[irr_objects],152,4m,1.9,0,OK
second run,full_text + noisy_diagram[irr_objects],153,1.5m,1.8,0,OK
second run,full_text + noisy_diagram[irr_objects],157,\frac{3}{5},0.8,0,OK
second run,full_text + noisy_diagram[irr_objects],165,\frac{√{3}}{2},0.5,0,OK
second run,full_text + noisy_diagram[irr_objects],198,60,60,1,OK
second run,full_text + noisy_diagram[irr_objects],207,157.1,314.2,0,OK
second run,full_text + noisy_diagram[irr_objects],210,15,unknown,0,OK
second run,full_text + noisy_diagram[irr_objects],211,38,83,0,OK
second run,full_text + noisy_diagram[irr_objects],223,\sqrt{7},5,0,OK
second run,full_text + noisy_diagram[irr_objects],239,8,4,0,OK
second run,full_text + noisy_diagram[irr_objects],243,1591,1737.8,0,OK
second run,full_text + noisy_diagram[irr_objects],257,15,5,0,OK
second run,full_text + noisy_diagram[irr_objects],264,60,30x,0,OK
second run,full_text + noisy_diagram[irr_objects],281,0.38,0.38,1,OK_AFTER_JSON_REPAIR
second run,full_text + noisy_diagram[irr_objects],327,11.8,6.4,0,OK
second run,full_text + noisy_diagram[irr_objects],348,285,198,0,OK
second run,full_text + noisy_diagram[irr_objects],364,74.85,65.90,0,OK
second run,full_text + noisy_diagram[irr_objects],365,23.9,0.0,0,OK
second run,full_text + noisy_diagram[irr_objects],420,8,90,0,OK
second run,full_text + noisy_diagram[irr_objects],432,8.246,10,0,OK
second run,full_text + noisy_diagram[irr_objects],438,\frac{(x+3)^2}{25}-\frac{(y+3)^2}{25}=1,(x^2/a^2) - (y^2/b^2) = 1,0,OK
second run,full_text + noisy_diagram[irr_objects],441,$\frac{4}{5}$,4/5,1,OK
second run,full_text + noisy_diagram[irr_objects],447,$\frac{20}{29}$,20/29,1,OK
second run,full_text + noisy_diagram[irr_objects],449,$\frac{1}{x}$,1,0,OK
second run,full_text + noisy_diagram[irr_objects],457,$(x-1)^{2}+(y-3)^{2}=36$,(x-0)^2 + (y-0)^2 = 3^2,0,OK
second run,full_text + noisy_diagram[irr_objects],472,"(0,0)",O,0,OK
second run,full_text + noisy_diagram[pixel_noise],1,140°,140_deg,1,OK
second run,full_text + noisy_diagram[pixel_noise],2,65°,50_deg,0,OK
second run,full_text + noisy_diagram[pixel_noise],3,55°,35_deg,0,OK
second run,full_text + noisy_diagram[pixel_noise],4,27°,90_deg,0,OK
second run,full_text + noisy_diagram[pixel_noise],7,45°,35_deg,0,OK
second run,full_text + noisy_diagram[pixel_noise],8,3cm,Unknown,0,OK
second run,full_text + noisy_diagram[pixel_noise],9,6cm,18_units,0,OK
second run,full_text + noisy_diagram[pixel_noise],10,72°,36_deg,0,OK
second run,full_text + noisy_diagram[pixel_noise],11,84°,84_deg,1,OK
second run,full_text + noisy_diagram[pixel_noise],14,55°,35,0,OK
second run,full_text + noisy_diagram[pixel_noise],16,25°,25_deg,1,OK
second run,full_text + noisy_diagram[pixel_noise],17,65°,42,0,OK
second run,full_text + noisy_diagram[pixel_noise],20,20°,20_deg,1,OK
second run,full_text + noisy_diagram[pixel_noise],22,62°,28_deg,0,OK
second run,full_text + noisy_diagram[pixel_noise],25,65°,25_deg,0,OK
second run,full_text + noisy_diagram[pixel_noise],26,12,22.0_m,0,OK
second run,full_text + noisy_diagram[pixel_noise],29,115°,50,0,OK
second run,full_text + noisy_diagram[pixel_noise],30,60°,30_deg,0,OK
second run,full_text + noisy_diagram[pixel_noise],32,76°,52,0,OK
second run,full_text + noisy_diagram[pixel_noise],34,80°,100_deg,0,OK
second run,full_text + noisy_diagram[pixel_noise],36,20°,25_deg,0,OK
second run,full_text + noisy_diagram[pixel_noise],37,25°,50_deg,0,OK
second run,full_text + noisy_diagram[pixel_noise],38,40°,35_deg,0,OK
second run,full_text + noisy_diagram[pixel_noise],40,50°,130_deg,0,OK
second run,full_text + noisy_diagram[pixel_noise],43,40°,50,0,OK
second run,full_text + noisy_diagram[pixel_noise],44,9m,1.5,0,OK
second run,full_text + noisy_diagram[pixel_noise],45,70°,35_deg,0,OK
second run,full_text + noisy_diagram[pixel_noise],46,110°,110_deg,1,OK
second run,full_text + noisy_diagram[pixel_noise],48,130°,50,0,OK
second run,full_text + noisy_diagram[pixel_noise],49,100°,45_deg,0,OK
second run,full_text + noisy_diagram[pixel_noise],50,140°,90_deg,0,OK
second run,full_text + noisy_diagram[pixel_noise],53,55°,55_deg,1,OK
second run,full_text + noisy_diagram[pixel_noise],55,55°,4,0,OK
second run,full_text + noisy_diagram[pixel_noise],56,40°,160_deg,0,OK
second run,full_text + noisy_diagram[pixel_noise],57,20°,20_deg,1,OK
second run,full_text + noisy_diagram[pixel_noise],58,55°,55_deg,1,OK
second run,full_text + noisy_diagram[pixel_noise],59,50°,80_deg,0,OK
second run,full_text + noisy_diagram[pixel_noise],60,45°,45,1,OK
second run,full_text + noisy_diagram[pixel_noise],64,40cm,200.0,0,OK
second run,full_text + noisy_diagram[pixel_noise],72,8cm,12,0,OK
second run,full_text + noisy_diagram[pixel_noise],73,140°,120_deg,0,OK
second run,full_text + noisy_diagram[pixel_noise],78,125°,70_deg,0,OK
second run,full_text + noisy_diagram[pixel_noise],79,16cm,32,0,OK
second run,full_text + noisy_diagram[pixel_noise],81,25°,40_deg,0,OK
second run,full_text + noisy_diagram[pixel_noise],84,√{3},equal to OA,0,OK
second run,full_text + noisy_diagram[pixel_noise],86,2√{3},2,0,OK
second run,full_text + noisy_diagram[pixel_noise],88,128°,20_deg,0,OK
second run,full_text + noisy_diagram[pixel_noise],95,30°,30_deg,1,OK
second run,full_text + noisy_diagram[pixel_noise],99,64°,90,0,OK
second run,full_text + noisy_diagram[pixel_noise],108,8m,8,1,OK
second run,full_text + noisy_diagram[pixel_noise],109,40°,0,0,OK
second run,full_text + noisy_diagram[pixel_noise],112,2.4,0.7,0,OK
second run,full_text + noisy_diagram[pixel_noise],114,\frac{1}{2}cm^{2},0.25,0,OK
second run,full_text + noisy_diagram[pixel_noise],115,4πcm,18.84,0,OK
second run,full_text + noisy_diagram[pixel_noise],117,2√{2}cm,3_units,0,OK
second run,full_text + noisy_diagram[pixel_noise],119,240cm^{2},24.0,0,OK
second run,full_text + noisy_diagram[pixel_noise],120,9πcm^{2},16π,0,OK
second run,full_text + noisy_diagram[pixel_noise],123,15π,12.0 * π,0,OK
second run,full_text + noisy_diagram[pixel_noise],128,4cm,12_units,0,OK
second run,full_text + noisy_diagram[pixel_noise],132,10.2m,0.6,0,OK
second run,full_text + noisy_diagram[pixel_noise],133,120m,80.0_m,0,OK
second run,full_text + noisy_diagram[pixel_noise],149,\frac{20}{3},5.0,0,OK
second run,full_text + noisy_diagram[pixel_noise],150,\frac{40}{7}m,5,0,OK
second run,full_text + noisy_diagram[pixel_noise],151,5.1,5_units,0,OK
second run,full_text + noisy_diagram[pixel_noise],152,4m,5,0,OK
second run,full_text + noisy_diagram[pixel_noise],153,1.5m,1.8,0,OK
second run,full_text + noisy_diagram[pixel_noise],157,\frac{3}{5},0.75,0,OK
second run,full_text + noisy_diagram[pixel_noise],165,\frac{√{3}}{2},0.5,0,OK
second run,full_text + noisy_diagram[pixel_noise],198,60,60,1,OK
second run,full_text + noisy_diagram[pixel_noise],207,157.1,14.4,0,OK
second run,full_text + noisy_diagram[pixel_noise],210,15,13,0,OK
second run,full_text + noisy_diagram[pixel_noise],211,38,38,1,OK
second run,full_text + noisy_diagram[pixel_noise],223,\sqrt{7},10,0,OK
second run,full_text + noisy_diagram[pixel_noise],239,8,11,0,OK
second run,full_text + noisy_diagram[pixel_noise],243,1591,348,0,OK
second run,full_text + noisy_diagram[pixel_noise],257,15,5,0,OK
second run,full_text + noisy_diagram[pixel_noise],264,60,90,0,OK
second run,full_text + noisy_diagram[pixel_noise],281,0.38,0.42,1,OK
second run,full_text + noisy_diagram[pixel_noise],327,11.8,10.7,0,OK
second run,full_text + noisy_diagram[pixel_noise],348,285,198,0,OK
second run,full_text + noisy_diagram[pixel_noise],364,74.85,65.90,0,OK
second run,full_text + noisy_diagram[pixel_noise],365,23.9,10369,0,OK_AFTER_JSON_REPAIR
second run,full_text + noisy_diagram[pixel_noise],420,8,8,1,OK
second run,full_text + noisy_diagram[pixel_noise],432,8.246,Cannot determine,0,OK
second run,full_text + noisy_diagram[pixel_noise],438,\frac{(x+3)^2}{25}-\frac{(y+3)^2}{25}=1,(x^2/a^2) - (y^2/b^2) = 1,0,OK
second run,full_text + noisy_diagram[pixel_noise],441,$\frac{4}{5}$,0.5,0,OK
second run,full_text + noisy_diagram[pixel_noise],447,$\frac{20}{29}$,20/29,1,OK
second run,full_text + noisy_diagram[pixel_noise],449,$\frac{1}{x}$,1,0,OK
second run,full_text + noisy_diagram[pixel_noise],457,$(x-1)^{2}+(y-3)^{2}=36$,(x-h)^2 + (y-k)^2 = r^2,0,OK
second run,full_text + noisy_diagram[pixel_noise],472,"(0,0)",O,0,OK
second run,half_text + half_diagram,1,140°,60_deg,0,OK
second run,half_text + half_diagram,2,65°,50_deg,0,OK
second run,half_text + half_diagram,3,55°,35_deg,0,OK
second run,half_text + half_diagram,4,27°,18_deg,0,OK
second run,half_text + half_diagram,7,45°,35_deg,0,OK
second run,half_text + half_diagram,8,3cm,Unknown,0,OK
second run,half_text + half_diagram,9,6cm,3 * DE,0,OK
second run,half_text + half_diagram,10,72°,60,0,OK
second run,half_text + half_diagram,11,84°,90_deg,0,OK
second run,half_text + half_diagram,14,55°,35,0,OK
second run,half_text + half_diagram,16,25°,25_deg,1,OK
second run,half_text + half_diagram,17,65°,65,1,OK
second run,half_text + half_diagram,20,20°,20_deg,1,OK
second run,half_text + half_diagram,22,62°,28_deg,0,OK
second run,half_text + half_diagram,25,65°,50,0,OK
second run,half_text + half_diagram,26,12,22.0_m,0,OK
second run,half_text + half_diagram,29,115°,50_deg,0,OK
second run,half_text + half_diagram,30,60°,30_deg,0,OK
second run,half_text + half_diagram,32,76°,52,0,OK
second run,half_text + half_diagram,34,80°,100_deg,0,OK
second run,half_text + half_diagram,36,20°,25_deg,0,OK
second run,half_text + half_diagram,37,25°,50_deg,0,OK
second run,half_text + half_diagram,38,40°,40_deg,1,OK
second run,half_text + half_diagram,40,50°,50,1,OK
second run,half_text + half_diagram,43,40°,70_deg,0,OK
second run,half_text + half_diagram,44,9m,30.0,0,OK
second run,half_text + half_diagram,45,70°,35_deg,0,OK
second run,half_text + half_diagram,46,110°,70,0,OK
second run,half_text + half_diagram,48,130°,100_deg,0,OK
second run,half_text + half_diagram,49,100°,30,0,OK
second run,half_text + half_diagram,50,140°,50_deg,0,OK
second run,half_text + half_diagram,53,55°,55_deg,1,OK
second run,half_text + half_diagram,55,55°,90,0,OK
second run,half_text + half_diagram,56,40°,90_deg,0,OK
second run,half_text + half_diagram,57,20°,150_deg,0,OK
second run,half_text + half_diagram,58,55°,35,0,OK
second run,half_text + half_diagram,59,50°,40_deg,0,OK
second run,half_text + half_diagram,60,45°,135_deg,0,OK
second run,half_text + half_diagram,64,40cm,160.0,0,OK
second run,half_text + half_diagram,72,8cm,8,1,OK
second run,half_text + half_diagram,73,140°,70_deg,0,OK
second run,half_text + half_diagram,78,125°,15_deg,0,OK
second run,half_text + half_diagram,79,16cm,20,0,OK
second run,half_text + half_diagram,81,25°,20,0,OK
second run,half_text + half_diagram,84,√{3},equal to AB and AC,0,OK
second run,half_text + half_diagram,86,2√{3},equal to AB and AC,0,OK
second run,half_text + half_diagram,88,128°,70_deg,0,OK
second run,half_text + half_diagram,95,30°,90,0,OK
second run,half_text + half_diagram,99,64°,64,1,OK
second run,half_text + half_diagram,108,8m,8.0,1,OK
second run,half_text + half_diagram,109,40°,130_deg,0,OK
second run,half_text + half_diagram,112,2.4,Unknown,0,OK
second run,half_text + half_diagram,114,\frac{1}{2}cm^{2},0.785,0,OK
second run,half_text + half_diagram,115,4πcm,10_units,0,OK
second run,half_text + half_diagram,117,2√{2}cm,No information provided,0,OK
second run,half_text + half_diagram,119,240cm^{2},24,0,OK
second run,half_text + half_diagram,120,9πcm^{2},base_area,0,OK
second run,half_text + half_diagram,123,15π,12.0 * π,0,OK
second run,half_text + half_diagram,128,4cm,6,0,OK
second run,half_text + half_diagram,132,10.2m,12,0,OK
second run,half_text + half_diagram,133,120m,80_m,0,OK
second run,half_text + half_diagram,149,\frac{20}{3},Unknown,0,OK
second run,half_text + half_diagram,150,\frac{40}{7}m,7/3,0,OK
second run,half_text + half_diagram,151,5.1,1,0,OK
second run,half_text + half_diagram,152,4m,2.1,0,OK
second run,half_text + half_diagram,153,1.5m,1.0,0,OK
second run,half_text + half_diagram,157,\frac{3}{5},0.6,1,OK
second run,half_text + half_diagram,165,\frac{√{3}}{2},0,0,OK
second run,half_text + half_diagram,198,60,10,0,OK
second run,half_text + half_diagram,207,157.1,0,0,OK
second run,half_text + half_diagram,210,15,12,0,OK
second run,half_text + half_diagram,211,38,83°,0,OK
second run,half_text + half_diagram,223,\sqrt{7},5,0,OK
second run,half_text + half_diagram,239,8,4,0,OK
second run,half_text + half_diagram,243,1591,1730,0,OK
second run,half_text + half_diagram,257,15,17,0,OK
second run,half_text + half_diagram,264,60,30_deg,0,OK
second run,half_text + half_diagram,281,0.38,0.42,1,OK
second run,half_text + half_diagram,327,11.8,10.7,0,OK
second run,half_text + half_diagram,348,285,44,0,OK
second run,half_text + half_diagram,364,74.85,35.50,0,OK
second run,half_text + half_diagram,365,23.9,0.0,0,OK
second run,half_text + half_diagram,420,8,6,0,OK
second run,half_text + half_diagram,432,8.246,10,0,OK_AFTER_JSON_REPAIR
second run,half_text + half_diagram,438,\frac{(x+3)^2}{25}-\frac{(y+3)^2}{25}=1,(x-2)(x+8)/16 - (y-0)^2/0 = 1,0,OK
second run,half_text + half_diagram,441,$\frac{4}{5}$,3/5,0,OK
second run,half_text + half_diagram,447,$\frac{20}{29}$,0.5,0,OK
second run,half_text + half_diagram,449,$\frac{1}{x}$,1,0,OK
second run,half_text + half_diagram,457,$(x-1)^{2}+(y-3)^{2}=36$,(x-h)^2 + (y-k)^2 = r^2,0,OK
second run,half_text + half_diagram,472,"(0,0)",O,0,OK
second run,half_text + noisy_half_diagram[bg_change],1,140°,60,0,OK
second run,half_text + noisy_half_diagram[bg_change],2,65°,50_deg,0,OK
second run,half_text + noisy_half_diagram[bg_change],3,55°,35_deg,0,OK
second run,half_text + noisy_half_diagram[bg_change],4,27°,18_deg,0,OK
second run,half_text + noisy_half_diagram[bg_change],7,45°,35,0,OK
second run,half_text + noisy_half_diagram[bg_change],8,3cm,7.0,0,OK
second run,half_text + noisy_half_diagram[bg_change],9,6cm,18,0,OK
second run,half_text + noisy_half_diagram[bg_change],10,72°,72,1,OK
second run,half_text + noisy_half_diagram[bg_change],11,84°,60,0,OK
second run,half_text + noisy_half_diagram[bg_change],14,55°,65_deg,0,OK
second run,half_text + noisy_half_diagram[bg_change],16,25°,30,0,OK
second run,half_text + noisy_half_diagram[bg_change],17,65°,65_deg,1,OK
second run,half_text + noisy_half_diagram[bg_change],20,20°,20_deg,1,OK
second run,half_text + noisy_half_diagram[bg_change],22,62°,28_deg,0,OK
second run,half_text + noisy_half_diagram[bg_change],25,65°,50_deg,0,OK
second run,half_text + noisy_half_diagram[bg_change],26,12,8.0,0,OK
second run,half_text + noisy_half_diagram[bg_change],29,115°,50,0,OK
second run,half_text + noisy_half_diagram[bg_change],30,60°,60_deg,1,OK
second run,half_text + noisy_half_diagram[bg_change],32,76°,52_deg,0,OK
second run,half_text + noisy_half_diagram[bg_change],34,80°,100_deg,0,OK
second run,half_text + noisy_half_diagram[bg_change],36,20°,50,0,OK
second run,half_text + noisy_half_diagram[bg_change],37,25°,50_deg,0,OK
second run,half_text + noisy_half_diagram[bg_change],38,40°,70_deg,0,OK
second run,half_text + noisy_half_diagram[bg_change],40,50°,50_deg,1,OK
second run,half_text + noisy_half_diagram[bg_change],43,40°,20_deg,0,OK
second run,half_text + noisy_half_diagram[bg_change],44,9m,There is not enough information to determine the height of the street lamp.,0,OK
second run,half_text + noisy_half_diagram[bg_change],45,70°,35,0,OK
second run,half_text + noisy_half_diagram[bg_change],46,110°,70_deg,0,OK
second run,half_text + noisy_half_diagram[bg_change],48,130°,100,0,OK
second run,half_text + noisy_half_diagram[bg_change],49,100°,30,0,OK
second run,half_text + noisy_half_diagram[bg_change],50,140°,50_deg,0,OK
second run,half_text + noisy_half_diagram[bg_change],53,55°,55_deg,1,OK
second run,half_text + noisy_half_diagram[bg_change],55,55°,0,0,OK
second run,half_text + noisy_half_diagram[bg_change],56,40°,20_deg,0,OK
second run,half_text + noisy_half_diagram[bg_change],57,20°,160,0,OK
second run,half_text + noisy_half_diagram[bg_change],58,55°,35_deg,0,OK
second run,half_text + noisy_half_diagram[bg_change],59,50°,40_deg,0,OK
second run,half_text + noisy_half_diagram[bg_change],60,45°,135_deg,0,OK
second run,half_text + noisy_half_diagram[bg_change],64,40cm,160.0,0,OK
second run,half_text + noisy_half_diagram[bg_change],72,8cm,no solution,0,OK
second run,half_text + noisy_half_diagram[bg_change],73,140°,0,0,OK
second run,half_text + noisy_half_diagram[bg_change],78,125°,60,0,OK
second run,half_text + noisy_half_diagram[bg_change],79,16cm,Unknown,0,OK
second run,half_text + noisy_half_diagram[bg_change],81,25°,45_deg,0,OK
second run,half_text + noisy_half_diagram[bg_change],84,√{3},Cannot be determined,0,OK
second run,half_text + noisy_half_diagram[bg_change],86,2√{3},Cannot be determined,0,OK
second run,half_text + noisy_half_diagram[bg_change],88,128°,20_deg,0,OK
second run,half_text + noisy_half_diagram[bg_change],95,30°,60,0,OK
second run,half_text + noisy_half_diagram[bg_change],99,64°,26,0,OK
second run,half_text + noisy_half_diagram[bg_change],108,8m,8.0,1,OK
second run,half_text + noisy_half_diagram[bg_change],109,40°,not determinable,0,OK
second run,half_text + noisy_half_diagram[bg_change],112,2.4,2.5,0,OK
second run,half_text + noisy_half_diagram[bg_change],114,\frac{1}{2}cm^{2},0.25*π,0,OK
second run,half_text + noisy_half_diagram[bg_change],115,4πcm,6,0,OK
second run,half_text + noisy_half_diagram[bg_change],117,2√{2}cm,3,0,OK
second run,half_text + noisy_half_diagram[bg_change],119,240cm^{2},30,0,OK
second run,half_text + noisy_half_diagram[bg_change],120,9πcm^{2},π * 5.0^2,0,OK
second run,half_text + noisy_half_diagram[bg_change],123,15π,15.707963267948966,0,OK
second run,half_text + noisy_half_diagram[bg_change],128,4cm,6,0,OK
second run,half_text + noisy_half_diagram[bg_change],132,10.2m,No value,0,OK
second run,half_text + noisy_half_diagram[bg_change],133,120m,60.0,0,OK
second run,half_text + noisy_half_diagram[bg_change],149,\frac{20}{3},10.0,0,OK
second run,half_text + noisy_half_diagram[bg_change],150,\frac{40}{7}m,BC = sqrt(2.0^2 - (7/3)^2),0,OK
second run,half_text + noisy_half_diagram[bg_change],151,5.1,20,0,OK
second run,half_text + noisy_half_diagram[bg_change],152,4m,1.6,0,OK
second run,half_text + noisy_half_diagram[bg_change],153,1.5m,1.0,0,OK
second run,half_text + noisy_half_diagram[bg_change],157,\frac{3}{5},0.8,0,OK
second run,half_text + noisy_half_diagram[bg_change],165,\frac{√{3}}{2},0,0,OK
second run,half_text + noisy_half_diagram[bg_change],198,60,169.5,0,OK_AFTER_JSON_REPAIR
second run,half_text + noisy_half_diagram[bg_change],207,157.1,0,0,OK
second run,half_text + noisy_half_diagram[bg_change],210,15,12,0,OK
second run,half_text + noisy_half_diagram[bg_change],211,38,83,0,OK
second run,half_text + noisy_half_diagram[bg_change],223,\sqrt{7},5,0,OK
second run,half_text + noisy_half_diagram[bg_change],239,8,4,0,OK
second run,half_text + noisy_half_diagram[bg_change],243,1591,None,0,OK
second run,half_text + noisy_half_diagram[bg_change],257,15,5,0,OK
second run,half_text + noisy_half_diagram[bg_change],264,60,30,0,OK
second run,half_text + noisy_half_diagram[bg_change],281,0.38,0.42,1,OK
second run,half_text + noisy_half_diagram[bg_change],327,11.8,10.7,0,OK
second run,half_text + noisy_half_diagram[bg_change],348,285,198,0,OK
second run,half_text + noisy_half_diagram[bg_change],364,74.85,65.90,0,OK
second run,half_text + noisy_half_diagram[bg_change],365,23.9,30.0,0,OK
second run,half_text + noisy_half_diagram[bg_change],420,8,Unknown,0,OK
second run,half_text + noisy_half_diagram[bg_change],432,8.246,Cannot be calculated,0,OK
second run,half_text + noisy_half_diagram[bg_change],438,\frac{(x+3)^2}{25}-\frac{(y+3)^2}{25}=1,(y+3)^2/0 - (x+3)^2/25 = 1,0,OK
second run,half_text + noisy_half_diagram[bg_change],441,$\frac{4}{5}$,3/5,0,OK
second run,half_text + noisy_half_diagram[bg_change],447,$\frac{20}{29}$,0,0,OK
second run,half_text + noisy_half_diagram[bg_change],449,$\frac{1}{x}$,2,0,OK
second run,half_text + noisy_half_diagram[bg_change],457,$(x-1)^{2}+(y-3)^{2}=36$,(x-h)^2 + (y-k)^2 = r^2,0,OK
second run,half_text + noisy_half_diagram[bg_change],472,"(0,0)","(0, 0)",1,OK
second run,half_text + noisy_half_diagram[blur],1,140°,80_deg,0,OK
second run,half_text + noisy_half_diagram[blur],2,65°,50_deg,0,OK
second run,half_text + noisy_half_diagram[blur],3,55°,35,0,OK
second run,half_text + noisy_half_diagram[blur],4,27°,18_deg,0,OK
second run,half_text + noisy_half_diagram[blur],7,45°,40_deg,0,OK
second run,half_text + noisy_half_diagram[blur],8,3cm,5_units,0,OK
second run,half_text + noisy_half_diagram[blur],9,6cm,18_units,0,OK
second run,half_text + noisy_half_diagram[blur],10,72°,72,1,OK
second run,half_text + noisy_half_diagram[blur],11,84°,36,0,OK
second run,half_text + noisy_half_diagram[blur],14,55°,35_deg,0,OK
second run,half_text + noisy_half_diagram[blur],16,25°,25_deg,1,OK
second run,half_text + noisy_half_diagram[blur],17,65°,65,1,OK
second run,half_text + noisy_half_diagram[blur],20,20°,70_deg,0,OK
second run,half_text + noisy_half_diagram[blur],22,62°,28_deg,0,OK
second run,half_text + noisy_half_diagram[blur],25,65°,25_deg,0,OK
second run,half_text + noisy_half_diagram[blur],26,12,8.0,0,OK
second run,half_text + noisy_half_diagram[blur],29,115°,80,0,OK
second run,half_text + noisy_half_diagram[blur],30,60°,60_deg,1,OK
second run,half_text + noisy_half_diagram[blur],32,76°,26,0,OK
second run,half_text + noisy_half_diagram[blur],34,80°,100_deg,0,OK
second run,half_text + noisy_half_diagram[blur],36,20°,50_deg,0,OK
second run,half_text + noisy_half_diagram[blur],37,25°,50_deg,0,OK
second run,half_text + noisy_half_diagram[blur],38,40°,70_deg,0,OK
second run,half_text + noisy_half_diagram[blur],40,50°,50_deg,1,OK
second run,half_text + noisy_half_diagram[blur],43,40°,30,0,OK
second run,half_text + noisy_half_diagram[blur],44,9m,1.5_units,0,OK
second run,half_text + noisy_half_diagram[blur],45,70°,35,0,OK
second run,half_text + noisy_half_diagram[blur],46,110°,70,0,OK
second run,half_text + noisy_half_diagram[blur],48,130°,50,0,OK
second run,half_text + noisy_half_diagram[blur],49,100°,Cannot be determined,0,OK
second run,half_text + noisy_half_diagram[blur],50,140°,50_deg,0,OK
second run,half_text + noisy_half_diagram[blur],53,55°,∠2,0,OK
second run,half_text + noisy_half_diagram[blur],55,55°,0,0,OK
second run,half_text + noisy_half_diagram[blur],56,40°,20_deg,0,OK
second run,half_text + noisy_half_diagram[blur],57,20°,20_deg,1,OK
second run,half_text + noisy_half_diagram[blur],58,55°,55_deg,1,OK
second run,half_text + noisy_half_diagram[blur],59,50°,40,0,OK
second run,half_text + noisy_half_diagram[blur],60,45°,135_deg,0,OK
second run,half_text + noisy_half_diagram[blur],64,40cm,160.0,0,OK
second run,half_text + noisy_half_diagram[blur],72,8cm,6,0,OK
second run,half_text + noisy_half_diagram[blur],73,140°,60,0,OK
second run,half_text + noisy_half_diagram[blur],78,125°,∠CAB / 2,0,OK
second run,half_text + noisy_half_diagram[blur],79,16cm,Cannot be determined,0,OK
second run,half_text + noisy_half_diagram[blur],81,25°,45,0,OK
second run,half_text + noisy_half_diagram[blur],84,√{3},equal to AB and AC,0,OK
second run,half_text + noisy_half_diagram[blur],86,2√{3},Cannot determine,0,OK
second run,half_text + noisy_half_diagram[blur],88,128°,42,0,OK
second run,half_text + noisy_half_diagram[blur],95,30°,60,0,OK
second run,half_text + noisy_half_diagram[blur],99,64°,90_deg,0,OK
second run,half_text + noisy_half_diagram[blur],108,8m,5_units,0,OK
second run,half_text + noisy_half_diagram[blur],109,40°,40,1,OK
second run,half_text + noisy_half_diagram[blur],112,2.4,2.5,0,OK
second run,half_text + noisy_half_diagram[blur],114,\frac{1}{2}cm^{2},0.25,0,OK
second run,half_text + noisy_half_diagram[blur],115,4πcm,120_deg,0,OK
second run,half_text + noisy_half_diagram[blur],117,2√{2}cm,3,0,OK
second run,half_text + noisy_half_diagram[blur],119,240cm^{2},Cannot be determined,0,OK
second run,half_text + noisy_half_diagram[blur],120,9πcm^{2},π * 25,0,OK
second run,half_text + noisy_half_diagram[blur],123,15π,12.0 * π,0,OK
second run,half_text + noisy_half_diagram[blur],128,4cm,6,0,OK
second run,half_text + noisy_half_diagram[blur],132,10.2m,6.2,0,OK
second run,half_text + noisy_half_diagram[blur],133,120m,120,1,OK
second run,half_text + noisy_half_diagram[blur],149,\frac{20}{3},unknown,0,OK
second run,half_text + noisy_half_diagram[blur],150,\frac{40}{7}m,√(2.0² + (7/3)²),0,OK
second run,half_text + noisy_half_diagram[blur],151,5.1,5,1,OK
second run,half_text + noisy_half_diagram[blur],152,4m,1.6,0,OK
second run,half_text + noisy_half_diagram[blur],153,1.5m,1.0,0,OK
second run,half_text + noisy_half_diagram[blur],157,\frac{3}{5},4/5,0,OK
second run,half_text + noisy_half_diagram[blur],165,\frac{√{3}}{2},undefined,0,OK
second run,half_text + noisy_half_diagram[blur],198,60,169.5,0,OK_AFTER_JSON_REPAIR
second run,half_text + noisy_half_diagram[blur],207,157.1,0,0,OK
second run,half_text + noisy_half_diagram[blur],210,15,16,0,OK
second run,half_text + noisy_half_diagram[blur],211,38,83,0,OK
second run,half_text + noisy_half_diagram[blur],223,\sqrt{7},5_units,0,OK
second run,half_text + noisy_half_diagram[blur],239,8,4,0,OK_AFTER_JSON_REPAIR
second run,half_text + noisy_half_diagram[blur],243,1591,1770,0,OK
second run,half_text + noisy_half_diagram[blur],257,15,Unknown,0,OK
second run,half_text + noisy_half_diagram[blur],264,60,90,0,OK
second run,half_text + noisy_half_diagram[blur],281,0.38,0.42,1,OK
second run,half_text + noisy_half_diagram[blur],327,11.8,10.7,0,OK
second run,half_text + noisy_half_diagram[blur],348,285,44,0,OK
second run,half_text + noisy_half_diagram[blur],364,74.85,65.90,0,OK
second run,half_text + noisy_half_diagram[blur],365,23.9,30.0,0,OK
second run,half_text + noisy_half_diagram[blur],420,8,10,0,OK
second run,half_text + noisy_half_diagram[blur],432,8.246,5,0,OK
second run,half_text + noisy_half_diagram[blur],438,\frac{(x+3)^2}{25}-\frac{(y+3)^2}{25}=1,(y + 3)^2 / 9 - (x + 3)^2 / 36 = 1,0,OK
second run,half_text + noisy_half_diagram[blur],441,$\frac{4}{5}$,3/5,0,OK
second run,half_text + noisy_half_diagram[blur],447,$\frac{20}{29}$,0.5,0,OK
second run,half_text + noisy_half_diagram[blur],449,$\frac{1}{x}$,1,0,OK
second run,half_text + noisy_half_diagram[blur],457,$(x-1)^{2}+(y-3)^{2}=36$,(x-1)^2 + (y-3)^2 = (5/2)^2,0,OK
second run,half_text + noisy_half_diagram[blur],472,"(0,0)",O,0,OK
second run,half_text + noisy_half_diagram[illumination],1,140°,60,0,OK
second run,half_text + noisy_half_diagram[illumination],2,65°,50_deg,0,OK
second run,half_text + noisy_half_diagram[illumination],3,55°,35,0,OK
second run,half_text + noisy_half_diagram[illumination],4,27°,108_deg,0,OK
second run,half_text + noisy_half_diagram[illumination],7,45°,35,0,OK
second run,half_text + noisy_half_diagram[illumination],8,3cm,5,0,OK
second run,half_text + noisy_half_diagram[illumination],9,6cm,Unknown,0,OK
second run,half_text + noisy_half_diagram[illumination],10,72°,36,0,OK
second run,half_text + noisy_half_diagram[illumination],11,84°,108_deg,0,OK
second run,half_text + noisy_half_diagram[illumination],14,55°,35_deg,0,OK
second run,half_text + noisy_half_diagram[illumination],16,25°,25,1,OK
second run,half_text + noisy_half_diagram[illumination],17,65°,118_deg,0,OK
second run,half_text + noisy_half_diagram[illumination],20,20°,20_deg,1,OK
second run,half_text + noisy_half_diagram[illumination],22,62°,28,0,OK
second run,half_text + noisy_half_diagram[illumination],25,65°,25_deg,0,OK
second run,half_text + noisy_half_diagram[illumination],26,12,8.0,0,OK
second run,half_text + noisy_half_diagram[illumination],29,115°,50_deg,0,OK
second run,half_text + noisy_half_diagram[illumination],30,60°,30_deg,0,OK
second run,half_text + noisy_half_diagram[illumination],32,76°,52,0,OK
second run,half_text + noisy_half_diagram[illumination],34,80°,100_deg,0,OK
second run,half_text + noisy_half_diagram[illumination],36,20°,40_deg,0,OK
second run,half_text + noisy_half_diagram[illumination],37,25°,50_deg,0,OK
second run,half_text + noisy_half_diagram[illumination],38,40°,70_deg,0,OK
second run,half_text + noisy_half_diagram[illumination],40,50°,130_deg,0,OK
second run,half_text + noisy_half_diagram[illumination],43,40°,100_deg,0,OK
second run,half_text + noisy_half_diagram[illumination],44,9m,1.5,0,OK_AFTER_JSON_REPAIR
second run,half_text + noisy_half_diagram[illumination],45,70°,35_deg,0,OK
second run,half_text + noisy_half_diagram[illumination],46,110°,70_deg,0,OK
second run,half_text + noisy_half_diagram[illumination],48,130°,100,0,OK
second run,half_text + noisy_half_diagram[illumination],49,100°,60,0,OK
second run,half_text + noisy_half_diagram[illumination],50,140°,50_deg,0,OK
second run,half_text + noisy_half_diagram[illumination],53,55°,55_deg,1,OK
second run,half_text + noisy_half_diagram[illumination],55,55°,70,0,OK
second run,half_text + noisy_half_diagram[illumination],56,40°,20,0,OK
second run,half_text + noisy_half_diagram[illumination],57,20°,40,0,OK
second run,half_text + noisy_half_diagram[illumination],58,55°,35_deg,0,OK
second run,half_text + noisy_half_diagram[illumination],59,50°,40_deg,0,OK
second run,half_text + noisy_half_diagram[illumination],60,45°,45_deg,1,OK
second run,half_text + noisy_half_diagram[illumination],64,40cm,160.0,0,OK
second run,half_text + noisy_half_diagram[illumination],72,8cm,8,1,OK
second run,half_text + noisy_half_diagram[illumination],73,140°,insufficient,0,OK
second run,half_text + noisy_half_diagram[illumination],78,125°,∠BAE,0,OK
second run,half_text + noisy_half_diagram[illumination],79,16cm,15,0,OK
second run,half_text + noisy_half_diagram[illumination],81,25°,40_deg,0,OK
second run,half_text + noisy_half_diagram[illumination],84,√{3},Unknown,0,OK
second run,half_text + noisy_half_diagram[illumination],86,2√{3},Cannot be determined,0,OK
second run,half_text + noisy_half_diagram[illumination],88,128°,42_deg,0,OK
second run,half_text + noisy_half_diagram[illumination],95,30°,30_deg,1,OK
second run,half_text + noisy_half_diagram[illumination],99,64°,64,1,OK
second run,half_text + noisy_half_diagram[illumination],108,8m,10.0,0,OK
second run,half_text + noisy_half_diagram[illumination],109,40°,30,0,OK
second run,half_text + noisy_half_diagram[illumination],112,2.4,2.5,0,OK
second run,half_text + noisy_half_diagram[illumination],114,\frac{1}{2}cm^{2},25π/4,0,OK
second run,half_text + noisy_half_diagram[illumination],115,4πcm,120_deg,0,OK
second run,half_text + noisy_half_diagram[illumination],117,2√{2}cm,not provided,0,OK
second run,half_text + noisy_half_diagram[illumination],119,240cm^{2},35.65,0,OK
second run,half_text + noisy_half_diagram[illumination],120,9πcm^{2},25.0 * π,0,OK
second run,half_text + noisy_half_diagram[illumination],123,15π,12.0 * π,0,OK
second run,half_text + noisy_half_diagram[illumination],128,4cm,6,0,OK
second run,half_text + noisy_half_diagram[illumination],132,10.2m,0,0,OK
second run,half_text + noisy_half_diagram[illumination],133,120m,60.0,0,OK
second run,half_text + noisy_half_diagram[illumination],149,\frac{20}{3},10,0,OK
second run,half_text + noisy_half_diagram[illumination],150,\frac{40}{7}m,7/3,0,OK
second run,half_text + noisy_half_diagram[illumination],151,5.1,5_units,0,OK
second run,half_text + noisy_half_diagram[illumination],152,4m,2.1,0,OK
second run,half_text + noisy_half_diagram[illumination],153,1.5m,1.2,0,OK
second run,half_text + noisy_half_diagram[illumination],157,\frac{3}{5},0.8,0,OK
second run,half_text + noisy_half_diagram[illumination],165,\frac{√{3}}{2},0.5,0,OK
second run,half_text + noisy_half_diagram[illumination],198,60,60,1,OK
second run,half_text + noisy_half_diagram[illumination],207,157.1,0.0,0,OK
second run,half_text + noisy_half_diagram[illumination],210,15,5,0,OK
second run,half_text + noisy_half_diagram[illumination],211,38,65,0,OK
second run,half_text + noisy_half_diagram[illumination],223,\sqrt{7},5_units,0,OK
second run,half_text + noisy_half_diagram[illumination],239,8,4,0,OK
second run,half_text + noisy_half_diagram[illumination],243,1591,1763.4,0,OK
second run,half_text + noisy_half_diagram[illumination],257,15,12,0,OK
second run,half_text + noisy_half_diagram[illumination],264,60,Cannot determine,0,OK
second run,half_text + noisy_half_diagram[illumination],281,0.38,0.96,0,OK
second run,half_text + noisy_half_diagram[illumination],327,11.8,5.2,0,OK
second run,half_text + noisy_half_diagram[illumination],348,285,44,0,OK
second run,half_text + noisy_half_diagram[illumination],364,74.85,30.40,0,OK
second run,half_text + noisy_half_diagram[illumination],365,23.9,20.0,0,OK
second run,half_text + noisy_half_diagram[illumination],420,8,5.66,0,OK
second run,half_text + noisy_half_diagram[illumination],432,8.246,7,0,OK
second run,half_text + noisy_half_diagram[illumination],438,\frac{(x+3)^2}{25}-\frac{(y+3)^2}{25}=1,\frac{(x+3)^2}{9} - \frac{y^2}{27} = 1,0,OK
second run,half_text + noisy_half_diagram[illumination],441,$\frac{4}{5}$,3/5,0,OK
second run,half_text + noisy_half_diagram[illumination],447,$\frac{20}{29}$,0,0,OK
second run,half_text + noisy_half_diagram[illumination],449,$\frac{1}{x}$,2,0,OK
second run,half_text + noisy_half_diagram[illumination],457,$(x-1)^{2}+(y-3)^{2}=36$,(x-0)^2 + (y-0)^2 = 1^2,0,OK
second run,half_text + noisy_half_diagram[illumination],472,"(0,0)",O,0,OK
second run,half_text + noisy_half_diagram[irr_objects],1,140°,80_deg,0,OK
second run,half_text + noisy_half_diagram[irr_objects],2,65°,50_deg,0,OK
second run,half_text + noisy_half_diagram[irr_objects],3,55°,40_deg,0,OK
second run,half_text + noisy_half_diagram[irr_objects],4,27°,18_deg,0,OK
second run,half_text + noisy_half_diagram[irr_objects],7,45°,65,0,OK
second run,half_text + noisy_half_diagram[irr_objects],8,3cm,5_units,0,OK
second run,half_text + noisy_half_diagram[irr_objects],9,6cm,18_units,0,OK
second run,half_text + noisy_half_diagram[irr_objects],10,72°,18_deg,0,OK
second run,half_text + noisy_half_diagram[irr_objects],11,84°,60,0,OK
second run,half_text + noisy_half_diagram[irr_objects],14,55°,30_deg,0,OK
second run,half_text + noisy_half_diagram[irr_objects],16,25°,25_deg,1,OK
second run,half_text + noisy_half_diagram[irr_objects],17,65°,65_deg,1,OK
second run,half_text + noisy_half_diagram[irr_objects],20,20°,70,0,OK
second run,half_text + noisy_half_diagram[irr_objects],22,62°,28,0,OK
second run,half_text + noisy_half_diagram[irr_objects],25,65°,50_deg,0,OK
second run,half_text + noisy_half_diagram[irr_objects],26,12,22.0,0,OK
second run,half_text + noisy_half_diagram[irr_objects],29,115°,50,0,OK
second run,half_text + noisy_half_diagram[irr_objects],30,60°,30_deg,0,OK
second run,half_text + noisy_half_diagram[irr_objects],32,76°,26_deg,0,OK
second run,half_text + noisy_half_diagram[irr_objects],34,80°,100,0,OK
second run,half_text + noisy_half_diagram[irr_objects],36,20°,40,0,OK
second run,half_text + noisy_half_diagram[irr_objects],37,25°,50_deg,0,OK
second run,half_text + noisy_half_diagram[irr_objects],38,40°,70_deg,0,OK
second run,half_text + noisy_half_diagram[irr_objects],40,50°,50_deg,1,OK
second run,half_text + noisy_half_diagram[irr_objects],43,40°,130_deg,0,OK
second run,half_text + noisy_half_diagram[irr_objects],44,9m,30_units,0,OK
second run,half_text + noisy_half_diagram[irr_objects],45,70°,35,0,OK
second run,half_text + noisy_half_diagram[irr_objects],46,110°,70_deg,0,OK
second run,half_text + noisy_half_diagram[irr_objects],48,130°,50_deg,0,OK
second run,half_text + noisy_half_diagram[irr_objects],49,100°,115,0,OK
second run,half_text + noisy_half_diagram[irr_objects],50,140°,50_deg,0,OK
second run,half_text + noisy_half_diagram[irr_objects],53,55°,55_deg,1,OK
second run,half_text + noisy_half_diagram[irr_objects],55,55°,0,0,OK
second run,half_text + noisy_half_diagram[irr_objects],56,40°,20_deg,0,OK
second run,half_text + noisy_half_diagram[irr_objects],57,20°,160,0,OK
second run,half_text + noisy_half_diagram[irr_objects],58,55°,55_deg,1,OK
second run,half_text + noisy_half_diagram[irr_objects],59,50°,40_deg,0,OK
second run,half_text + noisy_half_diagram[irr_objects],60,45°,45_deg,1,OK
second run,half_text + noisy_half_diagram[irr_objects],64,40cm,160.0,0,OK
second run,half_text + noisy_half_diagram[irr_objects],72,8cm,16,0,OK
second run,half_text + noisy_half_diagram[irr_objects],73,140°,0,0,OK
second run,half_text + noisy_half_diagram[irr_objects],78,125°,90,0,OK
second run,half_text + noisy_half_diagram[irr_objects],79,16cm,3 * CD,0,OK
second run,half_text + noisy_half_diagram[irr_objects],81,25°,15,0,OK
second run,half_text + noisy_half_diagram[irr_objects],84,√{3},cannot be determined,0,OK
second run,half_text + noisy_half_diagram[irr_objects],86,2√{3},Cannot be determined,0,OK
second run,half_text + noisy_half_diagram[irr_objects],88,128°,84_deg,0,OK
second run,half_text + noisy_half_diagram[irr_objects],95,30°,90,0,OK
second run,half_text + noisy_half_diagram[irr_objects],99,64°,13_deg,0,OK
second run,half_text + noisy_half_diagram[irr_objects],108,8m,8.0,1,OK
second run,half_text + noisy_half_diagram[irr_objects],109,40°,60,0,OK
second run,half_text + noisy_half_diagram[irr_objects],112,2.4,2.5,0,OK
second run,half_text + noisy_half_diagram[irr_objects],114,\frac{1}{2}cm^{2},0.25,0,OK
second run,half_text + noisy_half_diagram[irr_objects],115,4πcm,120_deg,0,OK
second run,half_text + noisy_half_diagram[irr_objects],117,2√{2}cm,3_units,0,OK
second run,half_text + noisy_half_diagram[irr_objects],119,240cm^{2},10.0,0,OK
second run,half_text + noisy_half_diagram[irr_objects],120,9πcm^{2},4,0,OK
second run,half_text + noisy_half_diagram[irr_objects],123,15π,12.0 * π,0,OK
second run,half_text + noisy_half_diagram[irr_objects],128,4cm,6,0,OK
second run,half_text + noisy_half_diagram[irr_objects],132,10.2m,1.6,0,OK
second run,half_text + noisy_half_diagram[irr_objects],133,120m,80.0,0,OK
second run,half_text + noisy_half_diagram[irr_objects],149,\frac{20}{3},3.0,0,OK
second run,half_text + noisy_half_diagram[irr_objects],150,\frac{40}{7}m,7/3,0,OK
second run,half_text + noisy_half_diagram[irr_objects],151,5.1,5_units,0,OK
second run,half_text + noisy_half_diagram[irr_objects],152,4m,3.0,0,OK
second run,half_text + noisy_half_diagram[irr_objects],153,1.5m,1.8,0,OK
second run,half_text + noisy_half_diagram[irr_objects],157,\frac{3}{5},0.75,0,OK
second run,half_text + noisy_half_diagram[irr_objects],165,\frac{√{3}}{2},undefined,0,OK
second run,half_text + noisy_half_diagram[irr_objects],198,60,169*sqrt(3)/4,0,OK
second run,half_text + noisy_half_diagram[irr_objects],207,157.1,0,0,OK
second run,half_text + noisy_half_diagram[irr_objects],210,15,14,0,OK
second run,half_text + noisy_half_diagram[irr_objects],211,38,83,0,OK
second run,half_text + noisy_half_diagram[irr_objects],223,\sqrt{7},5,0,OK
second run,half_text + noisy_half_diagram[irr_objects],239,8,4,0,OK
second run,half_text + noisy_half_diagram[irr_objects],243,1591,1737.1,0,OK
second run,half_text + noisy_half_diagram[irr_objects],257,15,5,0,OK
second run,half_text + noisy_half_diagram[irr_objects],264,60,10x,0,OK
second run,half_text + noisy_half_diagram[irr_objects],281,0.38,0.42,1,OK
second run,half_text + noisy_half_diagram[irr_objects],327,11.8,10.7,0,OK
second run,half_text + noisy_half_diagram[irr_objects],348,285,44,0,OK
second run,half_text + noisy_half_diagram[irr_objects],364,74.85,73.01,0,OK
second run,half_text + noisy_half_diagram[irr_objects],365,23.9,30.0,0,OK
second run,half_text + noisy_half_diagram[irr_objects],420,8,10,0,OK
second run,half_text + noisy_half_diagram[irr_objects],432,8.246,7,0,OK
second run,half_text + noisy_half_diagram[irr_objects],438,\frac{(x+3)^2}{25}-\frac{(y+3)^2}{25}=1,(y + 3)^2/(-9/4) - (x + 3)^2/9 = 1,0,OK
second run,half_text + noisy_half_diagram[irr_objects],441,$\frac{4}{5}$,1/2,0,OK
second run,half_text + noisy_half_diagram[irr_objects],447,$\frac{20}{29}$,0,0,OK
second run,half_text + noisy_half_diagram[irr_objects],449,$\frac{1}{x}$,2,0,OK
second run,half_text + noisy_half_diagram[irr_objects],457,$(x-1)^{2}+(y-3)^{2}=36$,(x-0)^2 + (y-0)^2 = 3^2,0,OK
second run,half_text + noisy_half_diagram[irr_objects],472,"(0,0)",O,0,OK
second run,half_text + noisy_half_diagram[pixel_noise],1,140°,80_deg,0,OK
second run,half_text + noisy_half_diagram[pixel_noise],2,65°,50_deg,0,OK
second run,half_text + noisy_half_diagram[pixel_noise],3,55°,35,0,OK
second run,half_text + noisy_half_diagram[pixel_noise],4,27°,72_deg,0,OK
second run,half_text + noisy_half_diagram[pixel_noise],7,45°,35,0,OK
second run,half_text + noisy_half_diagram[pixel_noise],8,3cm,7.0,0,OK
second run,half_text + noisy_half_diagram[pixel_noise],9,6cm,18_units,0,OK
second run,half_text + noisy_half_diagram[pixel_noise],10,72°,36,0,OK
second run,half_text + noisy_half_diagram[pixel_noise],11,84°,36_deg,0,OK
second run,half_text + noisy_half_diagram[pixel_noise],14,55°,35_deg,0,OK
second run,half_text + noisy_half_diagram[pixel_noise],16,25°,25_deg,1,OK
second run,half_text + noisy_half_diagram[pixel_noise],17,65°,78_deg,0,OK
second run,half_text + noisy_half_diagram[pixel_noise],20,20°,20_deg,1,OK
second run,half_text + noisy_half_diagram[pixel_noise],22,62°,None,0,OK
second run,half_text + noisy_half_diagram[pixel_noise],25,65°,50_deg,0,OK
second run,half_text + noisy_half_diagram[pixel_noise],26,12,22_m,0,OK
second run,half_text + noisy_half_diagram[pixel_noise],29,115°,50_deg,0,OK
second run,half_text + noisy_half_diagram[pixel_noise],30,60°,30_deg,0,OK
second run,half_text + noisy_half_diagram[pixel_noise],32,76°,52,0,OK
second run,half_text + noisy_half_diagram[pixel_noise],34,80°,100_deg,0,OK
second run,half_text + noisy_half_diagram[pixel_noise],36,20°,25,0,OK
second run,half_text + noisy_half_diagram[pixel_noise],37,25°,50_deg,0,OK
second run,half_text + noisy_half_diagram[pixel_noise],38,40°,70_deg,0,OK
second run,half_text + noisy_half_diagram[pixel_noise],40,50°,50_deg,1,OK
second run,half_text + noisy_half_diagram[pixel_noise],43,40°,50_deg,0,OK
second run,half_text + noisy_half_diagram[pixel_noise],44,9m,30_units,0,OK
second run,half_text + noisy_half_diagram[pixel_noise],45,70°,35_deg,0,OK
second run,half_text + noisy_half_diagram[pixel_noise],46,110°,70_deg,0,OK
second run,half_text + noisy_half_diagram[pixel_noise],48,130°,50,0,OK
second run,half_text + noisy_half_diagram[pixel_noise],49,100°,90_deg,0,OK
second run,half_text + noisy_half_diagram[pixel_noise],50,140°,50_deg,0,OK
second run,half_text + noisy_half_diagram[pixel_noise],53,55°,55_deg,1,OK
second run,half_text + noisy_half_diagram[pixel_noise],55,55°,70,0,OK
second run,half_text + noisy_half_diagram[pixel_noise],56,40°,20_deg,0,OK
second run,half_text + noisy_half_diagram[pixel_noise],57,20°,20,1,OK
second run,half_text + noisy_half_diagram[pixel_noise],58,55°,35,0,OK
second run,half_text + noisy_half_diagram[pixel_noise],59,50°,40_deg,0,OK
second run,half_text + noisy_half_diagram[pixel_noise],60,45°,45_deg,1,OK
second run,half_text + noisy_half_diagram[pixel_noise],64,40cm,160.0,0,OK
second run,half_text + noisy_half_diagram[pixel_noise],72,8cm,8,1,OK
second run,half_text + noisy_half_diagram[pixel_noise],73,140°,70,0,OK
second run,half_text + noisy_half_diagram[pixel_noise],78,125°,m∠AED = 90,0,OK
second run,half_text + noisy_half_diagram[pixel_noise],79,16cm,20,0,OK
second run,half_text + noisy_half_diagram[pixel_noise],81,25°,30_deg,0,OK
second run,half_text + noisy_half_diagram[pixel_noise],84,√{3},Cannot determine,0,OK
second run,half_text + noisy_half_diagram[pixel_noise],86,2√{3},Cannot be determined,0,OK
second run,half_text + noisy_half_diagram[pixel_noise],88,128°,42_deg,0,OK
second run,half_text + noisy_half_diagram[pixel_noise],95,30°,60,0,OK
second run,half_text + noisy_half_diagram[pixel_noise],99,64°,64,1,OK
second run,half_text + noisy_half_diagram[pixel_noise],108,8m,8.0,1,OK
second run,half_text + noisy_half_diagram[pixel_noise],109,40°,40_deg,1,OK
second run,half_text + noisy_half_diagram[pixel_noise],112,2.4,2.5,0,OK
second run,half_text + noisy_half_diagram[pixel_noise],114,\frac{1}{2}cm^{2},0.25,0,OK
second run,half_text + noisy_half_diagram[pixel_noise],115,4πcm,18,0,OK
second run,half_text + noisy_half_diagram[pixel_noise],117,2√{2}cm,3,0,OK
second run,half_text + noisy_half_diagram[pixel_noise],119,240cm^{2},25π,0,OK
second run,half_text + noisy_half_diagram[pixel_noise],120,9πcm^{2},25π,0,OK
second run,half_text + noisy_half_diagram[pixel_noise],123,15π,12.0 * π,0,OK
second run,half_text + noisy_half_diagram[pixel_noise],128,4cm,6,0,OK
second run,half_text + noisy_half_diagram[pixel_noise],132,10.2m,Cannot be determined,0,OK
second run,half_text + noisy_half_diagram[pixel_noise],133,120m,80.0,0,OK
second run,half_text + noisy_half_diagram[pixel_noise],149,\frac{20}{3},10.0,0,OK
second run,half_text + noisy_half_diagram[pixel_noise],150,\frac{40}{7}m,BC = sqrt((2.0)^2 + (7/3)^2),0,OK
second run,half_text + noisy_half_diagram[pixel_noise],151,5.1,5_units,0,OK
second run,half_text + noisy_half_diagram[pixel_noise],152,4m,2.1,0,OK
second run,half_text + noisy_half_diagram[pixel_noise],153,1.5m,1.8,0,OK
second run,half_text + noisy_half_diagram[pixel_noise],157,\frac{3}{5},4/5,0,OK
second run,half_text + noisy_half_diagram[pixel_noise],165,\frac{√{3}}{2},undefined,0,OK
second run,half_text + noisy_half_diagram[pixel_noise],198,60,169*sqrt(3)/4,0,OK_AFTER_JSON_REPAIR
second run,half_text + noisy_half_diagram[pixel_noise],207,157.1,0.0,0,OK
second run,half_text + noisy_half_diagram[pixel_noise],210,15,12,0,OK
second run,half_text + noisy_half_diagram[pixel_noise],211,38,45,0,OK
second run,half_text + noisy_half_diagram[pixel_noise],223,\sqrt{7},5,0,OK
second run,half_text + noisy_half_diagram[pixel_noise],239,8,4,0,OK
second run,half_text + noisy_half_diagram[pixel_noise],243,1591,110_miles,0,OK
second run,half_text + noisy_half_diagram[pixel_noise],257,15,unknown,0,OK
second run,half_text + noisy_half_diagram[pixel_noise],264,60,90,0,OK
second run,half_text + noisy_half_diagram[pixel_noise],281,0.38,0.42,1,OK
second run,half_text + noisy_half_diagram[pixel_noise],327,11.8,10.7,0,OK
second run,half_text + noisy_half_diagram[pixel_noise],348,285,1,0,OK
second run,half_text + noisy_half_diagram[pixel_noise],364,74.85,35.50,0,OK
second run,half_text + noisy_half_diagram[pixel_noise],365,23.9,90.0,0,OK
second run,half_text + noisy_half_diagram[pixel_noise],420,8,4,0,OK
second run,half_text + noisy_half_diagram[pixel_noise],432,8.246,7,0,OK
second run,half_text + noisy_half_diagram[pixel_noise],438,\frac{(x+3)^2}{25}-\frac{(y+3)^2}{25}=1,Cannot determine,0,OK
second run,half_text + noisy_half_diagram[pixel_noise],441,$\frac{4}{5}$,1/2,0,OK
second run,half_text + noisy_half_diagram[pixel_noise],447,$\frac{20}{29}$,1/2,0,OK
second run,half_text + noisy_half_diagram[pixel_noise],449,$\frac{1}{x}$,2,0,OK
second run,half_text + noisy_half_diagram[pixel_noise],457,$(x-1)^{2}+(y-3)^{2}=36$,(x - 0)^2 + (y - 0)^2 = 5^2,0,OK
second run,half_text + noisy_half_diagram[pixel_noise],472,"(0,0)",B,0,OK
second run,noisy_half_text[numeric] + half_diagram,1,140°,60_deg,0,OK
second run,noisy_half_text[numeric] + half_diagram,2,65°,?,0,OK
second run,noisy_half_text[numeric] + half_diagram,3,55°,70,0,OK
second run,noisy_half_text[numeric] + half_diagram,4,27°,18_deg,0,OK
second run,noisy_half_text[numeric] + half_diagram,7,45°,35,0,OK
second run,noisy_half_text[numeric] + half_diagram,8,3cm,7_units,0,OK
second run,noisy_half_text[numeric] + half_diagram,9,6cm,18.0,0,OK
second run,noisy_half_text[numeric] + half_diagram,10,72°,36,0,OK
second run,noisy_half_text[numeric] + half_diagram,11,84°,60,0,OK
second run,noisy_half_text[numeric] + half_diagram,14,55°,35,0,OK
second run,noisy_half_text[numeric] + half_diagram,16,25°,30,0,OK
second run,noisy_half_text[numeric] + half_diagram,17,65°,65_deg,1,OK
second run,noisy_half_text[numeric] + half_diagram,20,20°,20_deg,1,OK
second run,noisy_half_text[numeric] + half_diagram,22,62°,28,0,OK
second run,noisy_half_text[numeric] + half_diagram,25,65°,50_deg,0,OK
second run,noisy_half_text[numeric] + half_diagram,26,12,22.0_m,0,OK
second run,noisy_half_text[numeric] + half_diagram,29,115°,90,0,OK
second run,noisy_half_text[numeric] + half_diagram,30,60°,30_deg,0,OK
second run,noisy_half_text[numeric] + half_diagram,32,76°,52,0,OK
second run,noisy_half_text[numeric] + half_diagram,34,80°,100_deg,0,OK
second run,noisy_half_text[numeric] + half_diagram,36,20°,90,0,OK
second run,noisy_half_text[numeric] + half_diagram,37,25°,50_deg,0,OK
second run,noisy_half_text[numeric] + half_diagram,38,40°,70_deg,0,OK
second run,noisy_half_text[numeric] + half_diagram,40,50°,50_deg,1,OK
second run,noisy_half_text[numeric] + half_diagram,43,40°,30_deg,0,OK
second run,noisy_half_text[numeric] + half_diagram,44,9m,1.5,0,OK
second run,noisy_half_text[numeric] + half_diagram,45,70°,35_deg,0,OK
second run,noisy_half_text[numeric] + half_diagram,46,110°,70,0,OK
second run,noisy_half_text[numeric] + half_diagram,48,130°,50,0,OK
second run,noisy_half_text[numeric] + half_diagram,49,100°,30_deg,0,OK
second run,noisy_half_text[numeric] + half_diagram,50,140°,40,0,OK
second run,noisy_half_text[numeric] + half_diagram,53,55°,155_deg,1,OK
second run,noisy_half_text[numeric] + half_diagram,55,55°,0,0,OK
second run,noisy_half_text[numeric] + half_diagram,56,40°,20_deg,0,OK
second run,noisy_half_text[numeric] + half_diagram,57,20°,not computable,0,OK
second run,noisy_half_text[numeric] + half_diagram,58,55°,35_deg,0,OK
second run,noisy_half_text[numeric] + half_diagram,59,50°,40_deg,0,OK
second run,noisy_half_text[numeric] + half_diagram,60,45°,135_deg,0,OK
second run,noisy_half_text[numeric] + half_diagram,64,40cm,160.0,0,OK
second run,noisy_half_text[numeric] + half_diagram,72,8cm,8,1,OK
second run,noisy_half_text[numeric] + half_diagram,73,140°,not determinable,0,OK
second run,noisy_half_text[numeric] + half_diagram,78,125°,50,0,OK
second run,noisy_half_text[numeric] + half_diagram,79,16cm,Unknown,0,OK
second run,noisy_half_text[numeric] + half_diagram,81,25°,45_deg,0,OK
second run,noisy_half_text[numeric] + half_diagram,84,√{3},AB,0,OK
second run,noisy_half_text[numeric] + half_diagram,86,2√{3},Cannot be determined,0,OK
second run,noisy_half_text[numeric] + half_diagram,88,128°,20_deg,0,OK
second run,noisy_half_text[numeric] + half_diagram,95,30°,30_deg,1,OK
second run,noisy_half_text[numeric] + half_diagram,99,64°,26,0,OK
second run,noisy_half_text[numeric] + half_diagram,108,8m,5,0,OK
second run,noisy_half_text[numeric] + half_diagram,109,40°,not determinable,0,OK
second run,noisy_half_text[numeric] + half_diagram,112,2.4,2.5,0,OK
second run,noisy_half_text[numeric] + half_diagram,114,\frac{1}{2}cm^{2},0.25,0,OK
second run,noisy_half_text[numeric] + half_diagram,115,4πcm,120_deg,0,OK
second run,noisy_half_text[numeric] + half_diagram,117,2√{2}cm,3,0,OK
second run,noisy_half_text[numeric] + half_diagram,119,240cm^{2},25π,0,OK
second run,noisy_half_text[numeric] + half_diagram,120,9πcm^{2},π*4*4,0,OK
second run,noisy_half_text[numeric] + half_diagram,123,15π,12π,0,OK
second run,noisy_half_text[numeric] + half_diagram,128,4cm,12,0,OK
second run,noisy_half_text[numeric] + half_diagram,132,10.2m,12,0,OK
second run,noisy_half_text[numeric] + half_diagram,133,120m,60.0,0,OK
second run,noisy_half_text[numeric] + half_diagram,149,\frac{20}{3},10,0,OK
second run,noisy_half_text[numeric] + half_diagram,150,\frac{40}{7}m,2.0,0,OK
second run,noisy_half_text[numeric] + half_diagram,151,5.1,5_units,0,OK
second run,noisy_half_text[numeric] + half_diagram,152,4m,1.4,0,OK
second run,noisy_half_text[numeric] + half_diagram,153,1.5m,1.8,0,OK
second run,noisy_half_text[numeric] + half_diagram,157,\frac{3}{5},0.8,0,OK
second run,noisy_half_text[numeric] + half_diagram,165,\frac{√{3}}{2},undefined,0,OK
second run,noisy_half_text[numeric] + half_diagram,198,60,65,0,OK
second run,noisy_half_text[numeric] + half_diagram,207,157.1,0,0,OK
second run,noisy_half_text[numeric] + half_diagram,210,15,13,0,OK
second run,noisy_half_text[numeric] + half_diagram,211,38,33,0,OK
second run,noisy_half_text[numeric] + half_diagram,223,\sqrt{7},5_units,0,OK
second run,noisy_half_text[numeric] + half_diagram,239,8,4,0,OK
second run,noisy_half_text[numeric] + half_diagram,243,1591,73.8,0,OK
second run,noisy_half_text[numeric] + half_diagram,257,15,13,0,OK
second run,noisy_half_text[numeric] + half_diagram,264,60,Cannot be determined,0,OK
second run,noisy_half_text[numeric] + half_diagram,281,0.38,0.42,1,OK
second run,noisy_half_text[numeric] + half_diagram,327,11.8,6.0,0,OK
second run,noisy_half_text[numeric] + half_diagram,348,285,44,0,OK
second run,noisy_half_text[numeric] + half_diagram,364,74.85,65.90,0,OK
second run,noisy_half_text[numeric] + half_diagram,365,23.9,20.0,0,OK
second run,noisy_half_text[numeric] + half_diagram,420,8,10,0,OK
second run,noisy_half_text[numeric] + half_diagram,432,8.246,5,0,OK
second run,noisy_half_text[numeric] + half_diagram,438,\frac{(x+3)^2}{25}-\frac{(y+3)^2}{25}=1,(x+3)^2/25 - y^2/25 = 1,0,OK
second run,noisy_half_text[numeric] + half_diagram,441,$\frac{4}{5}$,0.5,0,OK
second run,noisy_half_text[numeric] + half_diagram,447,$\frac{20}{29}$,unknown,0,OK
second run,noisy_half_text[numeric] + half_diagram,449,$\frac{1}{x}$,2,0,OK
second run,noisy_half_text[numeric] + half_diagram,457,$(x-1)^{2}+(y-3)^{2}=36$,(x-0)^2 + (y-0)^2 = (5/2)^2,0,OK
second run,noisy_half_text[numeric] + half_diagram,472,"(0,0)",O,0,OK
second run,noisy_half_text[punctuation] + half_diagram,1,140°,60_deg,0,OK
second run,noisy_half_text[punctuation] + half_diagram,2,65°,50_deg,0,OK
second run,noisy_half_text[punctuation] + half_diagram,3,55°,35,0,OK
second run,noisy_half_text[punctuation] + half_diagram,4,27°,36_deg,0,OK
second run,noisy_half_text[punctuation] + half_diagram,7,45°,65_deg,0,OK
second run,noisy_half_text[punctuation] + half_diagram,8,3cm,3.0,1,OK
second run,noisy_half_text[punctuation] + half_diagram,9,6cm,18_units,0,OK
second run,noisy_half_text[punctuation] + half_diagram,10,72°,72,1,OK
second run,noisy_half_text[punctuation] + half_diagram,11,84°,36,0,OK
second run,noisy_half_text[punctuation] + half_diagram,14,55°,35,0,OK
second run,noisy_half_text[punctuation] + half_diagram,16,25°,50_deg,0,OK
second run,noisy_half_text[punctuation] + half_diagram,17,65°,78_deg,0,OK
second run,noisy_half_text[punctuation] + half_diagram,20,20°,20,1,OK
second run,noisy_half_text[punctuation] + half_diagram,22,62°,28,0,OK
second run,noisy_half_text[punctuation] + half_diagram,25,65°,50_deg,0,OK
second run,noisy_half_text[punctuation] + half_diagram,26,12,22.0_m,0,OK
second run,noisy_half_text[punctuation] + half_diagram,29,115°,50_deg,0,OK
second run,noisy_half_text[punctuation] + half_diagram,30,60°,30_deg,0,OK
second run,noisy_half_text[punctuation] + half_diagram,32,76°,52_deg,0,OK
second run,noisy_half_text[punctuation] + half_diagram,34,80°,100_deg,0,OK
second run,noisy_half_text[punctuation] + half_diagram,36,20°,50_deg,0,OK
second run,noisy_half_text[punctuation] + half_diagram,37,25°,50_deg,0,OK
second run,noisy_half_text[punctuation] + half_diagram,38,40°,70_deg,0,OK
second run,noisy_half_text[punctuation] + half_diagram,40,50°,50_deg,1,OK
second run,noisy_half_text[punctuation] + half_diagram,43,40°,80_deg,0,OK
second run,noisy_half_text[punctuation] + half_diagram,44,9m,1.5,0,OK
second run,noisy_half_text[punctuation] + half_diagram,45,70°,35,0,OK
second run,noisy_half_text[punctuation] + half_diagram,46,110°,110_deg,1,OK
second run,noisy_half_text[punctuation] + half_diagram,48,130°,50,0,OK
second run,noisy_half_text[punctuation] + half_diagram,49,100°,65_deg,0,OK
second run,noisy_half_text[punctuation] + half_diagram,50,140°,90_deg,0,OK
second run,noisy_half_text[punctuation] + half_diagram,53,55°,∠2,0,OK
second run,noisy_half_text[punctuation] + half_diagram,55,55°,0,0,OK
second run,noisy_half_text[punctuation] + half_diagram,56,40°,20_deg,0,OK
second run,noisy_half_text[punctuation] + half_diagram,57,20°,20_deg,1,OK
second run,noisy_half_text[punctuation] + half_diagram,58,55°,35_deg,0,OK
second run,noisy_half_text[punctuation] + half_diagram,59,50°,40_deg,0,OK
second run,noisy_half_text[punctuation] + half_diagram,60,45°,45,1,OK
second run,noisy_half_text[punctuation] + half_diagram,64,40cm,160.0,0,OK
second run,noisy_half_text[punctuation] + half_diagram,72,8cm,6,0,OK
second run,noisy_half_text[punctuation] + half_diagram,73,140°,180,0,OK
second run,noisy_half_text[punctuation] + half_diagram,78,125°,90,0,OK
second run,noisy_half_text[punctuation] + half_diagram,79,16cm,Unknown,0,OK
second run,noisy_half_text[punctuation] + half_diagram,81,25°,45_deg,0,OK
second run,noisy_half_text[punctuation] + half_diagram,84,√{3},Cannot be determined,0,OK
second run,noisy_half_text[punctuation] + half_diagram,86,2√{3},Unknown,0,OK
second run,noisy_half_text[punctuation] + half_diagram,88,128°,22.0_deg,0,OK
second run,noisy_half_text[punctuation] + half_diagram,95,30°,60_deg,0,OK
second run,noisy_half_text[punctuation] + half_diagram,99,64°,90,0,OK
second run,noisy_half_text[punctuation] + half_diagram,108,8m,5_units,0,OK_AFTER_JSON_REPAIR
second run,noisy_half_text[punctuation] + half_diagram,109,40°,not determinable,0,OK
second run,noisy_half_text[punctuation] + half_diagram,112,2.4,unknown,0,OK
second run,noisy_half_text[punctuation] + half_diagram,114,\frac{1}{2}cm^{2},0.785398,0,OK
second run,noisy_half_text[punctuation] + half_diagram,115,4πcm,120_deg,0,OK
second run,noisy_half_text[punctuation] + half_diagram,117,2√{2}cm,3,0,OK
second run,noisy_half_text[punctuation] + half_diagram,119,240cm^{2},10π,0,OK
second run,noisy_half_text[punctuation] + half_diagram,120,9πcm^{2},5.0,0,OK
second run,noisy_half_text[punctuation] + half_diagram,123,15π,20 * π,0,OK_AFTER_JSON_REPAIR
second run,noisy_half_text[punctuation] + half_diagram,128,4cm,6,0,OK
second run,noisy_half_text[punctuation] + half_diagram,132,10.2m,3.2,0,OK
second run,noisy_half_text[punctuation] + half_diagram,133,120m,80.0,0,OK
second run,noisy_half_text[punctuation] + half_diagram,149,\frac{20}{3},10.0,0,OK
second run,noisy_half_text[punctuation] + half_diagram,150,\frac{40}{7}m,2.0,0,OK
second run,noisy_half_text[punctuation] + half_diagram,151,5.1,5_units,0,OK
second run,noisy_half_text[punctuation] + half_diagram,152,4m,3.0,0,OK
second run,noisy_half_text[punctuation] + half_diagram,153,1.5m,1.0,0,OK
second run,noisy_half_text[punctuation] + half_diagram,157,\frac{3}{5},0.8,0,OK
second run,noisy_half_text[punctuation] + half_diagram,165,\frac{√{3}}{2},0.5,0,OK
second run,noisy_half_text[punctuation] + half_diagram,198,60,169*sqrt(3)/4,0,OK
second run,noisy_half_text[punctuation] + half_diagram,207,157.1,0,0,OK
second run,noisy_half_text[punctuation] + half_diagram,210,15,13,0,OK
second run,noisy_half_text[punctuation] + half_diagram,211,38,83,0,OK
second run,noisy_half_text[punctuation] + half_diagram,223,\sqrt{7},5,0,OK
second run,noisy_half_text[punctuation] + half_diagram,239,8,16,0,OK
second run,noisy_half_text[punctuation] + half_diagram,243,1591,73.8,0,OK
second run,noisy_half_text[punctuation] + half_diagram,257,15,12,0,OK
second run,noisy_half_text[punctuation] + half_diagram,264,60,80,0,OK
second run,noisy_half_text[punctuation] + half_diagram,281,0.38,0.42,1,OK
second run,noisy_half_text[punctuation] + half_diagram,327,11.8,10.7,0,OK
second run,noisy_half_text[punctuation] + half_diagram,348,285,44,0,OK
second run,noisy_half_text[punctuation] + half_diagram,364,74.85,65.90,0,OK
second run,noisy_half_text[punctuation] + half_diagram,365,23.9,53.1,0,OK
second run,noisy_half_text[punctuation] + half_diagram,420,8,4,0,OK
second run,noisy_half_text[punctuation] + half_diagram,432,8.246,7,0,OK
second run,noisy_half_text[punctuation] + half_diagram,438,\frac{(x+3)^2}{25}-\frac{(y+3)^2}{25}=1,(x+3)^2/25 - (y+3)^2/16 = 1,0,OK
second run,noisy_half_text[punctuation] + half_diagram,441,$\frac{4}{5}$,3/5,0,OK
second run,noisy_half_text[punctuation] + half_diagram,447,$\frac{20}{29}$,unknown,0,OK
second run,noisy_half_text[punctuation] + half_diagram,449,$\frac{1}{x}$,1,0,OK
second run,noisy_half_text[punctuation] + half_diagram,457,$(x-1)^{2}+(y-3)^{2}=36$,(x-0)^2 + (y-0)^2 = 3^2 + 5^2,0,OK
second run,noisy_half_text[punctuation] + half_diagram,472,"(0,0)",O,0,OK
second run,noisy_half_text[sentence] + half_diagram,1,140°,60_deg,0,OK
second run,noisy_half_text[sentence] + half_diagram,2,65°,50_deg,0,OK
second run,noisy_half_text[sentence] + half_diagram,3,55°,70_deg,0,OK
second run,noisy_half_text[sentence] + half_diagram,4,27°,72_deg,0,OK
second run,noisy_half_text[sentence] + half_diagram,7,45°,30_deg,0,OK
second run,noisy_half_text[sentence] + half_diagram,8,3cm,7.0,0,OK
second run,noisy_half_text[sentence] + half_diagram,9,6cm,Unknown,0,OK_AFTER_JSON_REPAIR
second run,noisy_half_text[sentence] + half_diagram,10,72°,36,0,OK
second run,noisy_half_text[sentence] + half_diagram,11,84°,60,0,OK
second run,noisy_half_text[sentence] + half_diagram,14,55°,35_deg,0,OK
second run,noisy_half_text[sentence] + half_diagram,16,25°,25_deg,1,OK
second run,noisy_half_text[sentence] + half_diagram,17,65°,23_deg,0,OK
second run,noisy_half_text[sentence] + half_diagram,20,20°,140,0,OK
second run,noisy_half_text[sentence] + half_diagram,22,62°,not deducible,0,OK
second run,noisy_half_text[sentence] + half_diagram,25,65°,60_deg,0,OK
second run,noisy_half_text[sentence] + half_diagram,26,12,22.0,0,OK
second run,noisy_half_text[sentence] + half_diagram,29,115°,30,0,OK
second run,noisy_half_text[sentence] + half_diagram,30,60°,60_deg,1,OK
second run,noisy_half_text[sentence] + half_diagram,32,76°,52,0,OK
second run,noisy_half_text[sentence] + half_diagram,34,80°,100_deg,0,OK
second run,noisy_half_text[sentence] + half_diagram,36,20°,25_deg,0,OK
second run,noisy_half_text[sentence] + half_diagram,37,25°,50_deg,0,OK
second run,noisy_half_text[sentence] + half_diagram,38,40°,70_deg,0,OK
second run,noisy_half_text[sentence] + half_diagram,40,50°,50_deg,1,OK
second run,noisy_half_text[sentence] + half_diagram,43,40°,100_deg,0,OK
second run,noisy_half_text[sentence] + half_diagram,44,9m,30.0,0,OK
second run,noisy_half_text[sentence] + half_diagram,45,70°,35,0,OK
second run,noisy_half_text[sentence] + half_diagram,46,110°,70_deg,0,OK
second run,noisy_half_text[sentence] + half_diagram,48,130°,50_deg,0,OK
second run,noisy_half_text[sentence] + half_diagram,49,100°,60_deg,0,OK
second run,noisy_half_text[sentence] + half_diagram,50,140°,50_deg,0,OK
second run,noisy_half_text[sentence] + half_diagram,53,55°,25,0,OK
second run,noisy_half_text[sentence] + half_diagram,55,55°,90,0,OK
second run,noisy_half_text[sentence] + half_diagram,56,40°,70_deg,0,OK
second run,noisy_half_text[sentence] + half_diagram,57,20°,50_deg,0,OK
second run,noisy_half_text[sentence] + half_diagram,58,55°,35_deg,0,OK
second run,noisy_half_text[sentence] + half_diagram,59,50°,40_deg,0,OK
second run,noisy_half_text[sentence] + half_diagram,60,45°,45_deg,1,OK
second run,noisy_half_text[sentence] + half_diagram,64,40cm,80_units,0,OK
second run,noisy_half_text[sentence] + half_diagram,72,8cm,8,1,OK
second run,noisy_half_text[sentence] + half_diagram,73,140°,180,0,OK
second run,noisy_half_text[sentence] + half_diagram,78,125°,90,0,OK
second run,noisy_half_text[sentence] + half_diagram,79,16cm,not computable,0,OK
second run,noisy_half_text[sentence] + half_diagram,81,25°,50_deg,0,OK
second run,noisy_half_text[sentence] + half_diagram,84,√{3},equal to AB,0,OK
second run,noisy_half_text[sentence] + half_diagram,86,2√{3},equal to AB and AC,0,OK
second run,noisy_half_text[sentence] + half_diagram,88,128°,44,0,OK
second run,noisy_half_text[sentence] + half_diagram,95,30°,60,0,OK
second run,noisy_half_text[sentence] + half_diagram,99,64°,13_deg,0,OK
second run,noisy_half_text[sentence] + half_diagram,108,8m,5,0,OK
second run,noisy_half_text[sentence] + half_diagram,109,40°,40,1,OK
second run,noisy_half_text[sentence] + half_diagram,112,2.4,0.7,0,OK
second run,noisy_half_text[sentence] + half_diagram,114,\frac{1}{2}cm^{2},0.25,0,OK
second run,noisy_half_text[sentence] + half_diagram,115,4πcm,120_deg,0,OK
second run,noisy_half_text[sentence] + half_diagram,117,2√{2}cm,3,0,OK
second run,noisy_half_text[sentence] + half_diagram,119,240cm^{2},Cannot be determined,0,OK
second run,noisy_half_text[sentence] + half_diagram,120,9πcm^{2},25π,0,OK
second run,noisy_half_text[sentence] + half_diagram,123,15π,12.0 * π,0,OK
second run,noisy_half_text[sentence] + half_diagram,128,4cm,12,0,OK
second run,noisy_half_text[sentence] + half_diagram,132,10.2m,12,0,OK
second run,noisy_half_text[sentence] + half_diagram,133,120m,80.0_m,0,OK
second run,noisy_half_text[sentence] + half_diagram,149,\frac{20}{3},10.0,0,OK
second run,noisy_half_text[sentence] + half_diagram,150,\frac{40}{7}m,7/3,0,OK
second run,noisy_half_text[sentence] + half_diagram,151,5.1,5_units,0,OK
second run,noisy_half_text[sentence] + half_diagram,152,4m,1.6,0,OK
second run,noisy_half_text[sentence] + half_diagram,153,1.5m,1.0,0,OK
second run,noisy_half_text[sentence] + half_diagram,157,\frac{3}{5},0.75,0,OK
second run,noisy_half_text[sentence] + half_diagram,165,\frac{√{3}}{2},0,0,OK
second run,noisy_half_text[sentence] + half_diagram,198,60,30,0,OK
second run,noisy_half_text[sentence] + half_diagram,207,157.1,Cannot be determined,0,OK
second run,noisy_half_text[sentence] + half_diagram,210,15,unknown,0,OK
second run,noisy_half_text[sentence] + half_diagram,211,38,38°,1,OK
second run,noisy_half_text[sentence] + half_diagram,223,\sqrt{7},5,0,OK
second run,noisy_half_text[sentence] + half_diagram,239,8,4,0,OK
second run,noisy_half_text[sentence] + half_diagram,243,1591,73.8,0,OK
second run,noisy_half_text[sentence] + half_diagram,257,15,5,0,OK
second run,noisy_half_text[sentence] + half_diagram,264,60,12_deg,0,OK
second run,noisy_half_text[sentence] + half_diagram,281,0.38,0.42,1,OK
second run,noisy_half_text[sentence] + half_diagram,327,11.8,3.9,0,OK
second run,noisy_half_text[sentence] + half_diagram,348,285,44,0,OK
second run,noisy_half_text[sentence] + half_diagram,364,74.85,65.90,0,OK
second run,noisy_half_text[sentence] + half_diagram,365,23.9,26.4,0,OK
second run,noisy_half_text[sentence] + half_diagram,420,8,6,0,OK
second run,noisy_half_text[sentence] + half_diagram,432,8.246,5,0,OK
second run,noisy_half_text[sentence] + half_diagram,438,\frac{(x+3)^2}{25}-\frac{(y+3)^2}{25}=1,(x+3)^2/25 - y^2/25 = 1,0,OK
second run,noisy_half_text[sentence] + half_diagram,441,$\frac{4}{5}$,0.5,0,OK
second run,noisy_half_text[sentence] + half_diagram,447,$\frac{20}{29}$,0,0,OK
second run,noisy_half_text[sentence] + half_diagram,449,$\frac{1}{x}$,1,0,OK
second run,noisy_half_text[sentence] + half_diagram,457,$(x-1)^{2}+(y-3)^{2}=36$,(x - 0)^2 + (y - 0)^2 = 2^2,0,OK
second run,noisy_half_text[sentence] + half_diagram,472,"(0,0)",O,0,OK
second run,noisy_half_text[typo] + half_diagram,1,140°,80_deg,0,OK
second run,noisy_half_text[typo] + half_diagram,2,65°,25_deg,0,OK
second run,noisy_half_text[typo] + half_diagram,3,55°,35_deg,0,OK
second run,noisy_half_text[typo] + half_diagram,4,27°,18_deg,0,OK
second run,noisy_half_text[typo] + half_diagram,7,45°,25,0,OK
second run,noisy_half_text[typo] + half_diagram,8,3cm,5.0,0,OK
second run,noisy_half_text[typo] + half_diagram,9,6cm,18_units,0,OK
second run,noisy_half_text[typo] + half_diagram,10,72°,72,1,OK
second run,noisy_half_text[typo] + half_diagram,11,84°,60_deg,0,OK
second run,noisy_half_text[typo] + half_diagram,14,55°,35,0,OK
second run,noisy_half_text[typo] + half_diagram,16,25°,25_deg,1,OK
second run,noisy_half_text[typo] + half_diagram,17,65°,81_deg,0,OK
second run,noisy_half_text[typo] + half_diagram,20,20°,140_deg,0,OK
second run,noisy_half_text[typo] + half_diagram,22,62°,28_deg,0,OK
second run,noisy_half_text[typo] + half_diagram,25,65°,50_deg,0,OK
second run,noisy_half_text[typo] + half_diagram,26,12,22.0,0,OK
second run,noisy_half_text[typo] + half_diagram,29,115°,50,0,OK
second run,noisy_half_text[typo] + half_diagram,30,60°,30_deg,0,OK
second run,noisy_half_text[typo] + half_diagram,32,76°,52,0,OK
second run,noisy_half_text[typo] + half_diagram,34,80°,100_deg,0,OK
second run,noisy_half_text[typo] + half_diagram,36,20°,25,0,OK
second run,noisy_half_text[typo] + half_diagram,37,25°,90_deg,0,OK
second run,noisy_half_text[typo] + half_diagram,38,40°,70_deg,0,OK
second run,noisy_half_text[typo] + half_diagram,40,50°,50_deg,1,OK
second run,noisy_half_text[typo] + half_diagram,43,40°,70_deg,0,OK
second run,noisy_half_text[typo] + half_diagram,44,9m,1.5_units,0,OK
second run,noisy_half_text[typo] + half_diagram,45,70°,35_deg,0,OK
second run,noisy_half_text[typo] + half_diagram,46,110°,70_deg,0,OK
second run,noisy_half_text[typo] + half_diagram,48,130°,50,0,OK
second run,noisy_half_text[typo] + half_diagram,49,100°,95,0,OK
second run,noisy_half_text[typo] + half_diagram,50,140°,90_deg,0,OK
second run,noisy_half_text[typo] + half_diagram,53,55°,∠2,0,OK
second run,noisy_half_text[typo] + half_diagram,55,55°,70,0,OK
second run,noisy_half_text[typo] + half_diagram,56,40°,20_deg,0,OK
second run,noisy_half_text[typo] + half_diagram,57,20°,160,0,OK
second run,noisy_half_text[typo] + half_diagram,58,55°,35.0_deg,0,OK
second run,noisy_half_text[typo] + half_diagram,59,50°,40_deg,0,OK
second run,noisy_half_text[typo] + half_diagram,60,45°,45,1,OK
second run,noisy_half_text[typo] + half_diagram,64,40cm,160.0,0,OK
second run,noisy_half_text[typo] + half_diagram,72,8cm,3,0,OK
second run,noisy_half_text[typo] + half_diagram,73,140°,40_deg,0,OK
second run,noisy_half_text[typo] + half_diagram,78,125°,30_deg,0,OK
second run,noisy_half_text[typo] + half_diagram,79,16cm,undefined,0,OK
second run,noisy_half_text[typo] + half_diagram,81,25°,20,0,OK
second run,noisy_half_text[typo] + half_diagram,84,√{3},Insufficient information,0,OK
second run,noisy_half_text[typo] + half_diagram,86,2√{3},Cannot be determined,0,OK
second run,noisy_half_text[typo] + half_diagram,88,128°,42_deg,0,OK
second run,noisy_half_text[typo] + half_diagram,95,30°,60,0,OK
second run,noisy_half_text[typo] + half_diagram,99,64°,26_deg,0,OK
second run,noisy_half_text[typo] + half_diagram,108,8m,5_units,0,OK
second run,noisy_half_text[typo] + half_diagram,109,40°,40,1,OK
second run,noisy_half_text[typo] + half_diagram,112,2.4,2.5,0,OK
second run,noisy_half_text[typo] + half_diagram,114,\frac{1}{2}cm^{2},0.25*π,0,OK
second run,noisy_half_text[typo] + half_diagram,115,4πcm,30_deg,0,OK
second run,noisy_half_text[typo] + half_diagram,117,2√{2}cm,no information,0,OK
second run,noisy_half_text[typo] + half_diagram,119,240cm^{2},10.0_units^2 * (∠AOB / 360),0,OK
second run,noisy_half_text[typo] + half_diagram,120,9πcm^{2},4,0,OK
second run,noisy_half_text[typo] + half_diagram,123,15π,12π,0,OK_AFTER_JSON_REPAIR
second run,noisy_half_text[typo] + half_diagram,128,4cm,12,0,OK
second run,noisy_half_text[typo] + half_diagram,132,10.2m,1.6,0,OK
second run,noisy_half_text[typo] + half_diagram,133,120m,60.0_deg,0,OK
second run,noisy_half_text[typo] + half_diagram,149,\frac{20}{3},10.0,0,OK
second run,noisy_half_text[typo] + half_diagram,150,\frac{40}{7}m,5/3,0,OK
second run,noisy_half_text[typo] + half_diagram,151,5.1,20,0,OK
second run,noisy_half_text[typo] + half_diagram,152,4m,Unknown,0,OK
second run,noisy_half_text[typo] + half_diagram,153,1.5m,1.8,0,OK
second run,noisy_half_text[typo] + half_diagram,157,\frac{3}{5},0.8,0,OK
second run,noisy_half_text[typo] + half_diagram,165,\frac{√{3}}{2},\frac{\sqrt{2}}{2},0,OK_AFTER_JSON_REPAIR
second run,noisy_half_text[typo] + half_diagram,198,60,60,1,OK
second run,noisy_half_text[typo] + half_diagram,207,157.1,0.0,0,OK
second run,noisy_half_text[typo] + half_diagram,210,15,13,0,OK
second run,noisy_half_text[typo] + half_diagram,211,38,83,0,OK
second run,noisy_half_text[typo] + half_diagram,223,\sqrt{7},13,0,OK
second run,noisy_half_text[typo] + half_diagram,239,8,4,0,OK
second run,noisy_half_text[typo] + half_diagram,243,1591,150,0,OK
second run,noisy_half_text[typo] + half_diagram,257,15,12,0,OK
second run,noisy_half_text[typo] + half_diagram,264,60,30,0,OK
second run,noisy_half_text[typo] + half_diagram,281,0.38,0.37,1,OK
second run,noisy_half_text[typo] + half_diagram,327,11.8,3.4,0,OK
second run,noisy_half_text[typo] + half_diagram,348,285,44,0,OK
second run,noisy_half_text[typo] + half_diagram,364,74.85,35.50,0,OK
second run,noisy_half_text[typo] + half_diagram,365,23.9,0.0,0,OK
second run,noisy_half_text[typo] + half_diagram,420,8,6,0,OK
second run,noisy_half_text[typo] + half_diagram,432,8.246,7,0,OK
second run,noisy_half_text[typo] + half_diagram,438,\frac{(x+3)^2}{25}-\frac{(y+3)^2}{25}=1,\frac{(y+3)^2}{32} - \frac{(x+3)^2}{45} = 1,0,OK
second run,noisy_half_text[typo] + half_diagram,441,$\frac{4}{5}$,0.5,0,OK
second run,noisy_half_text[typo] + half_diagram,447,$\frac{20}{29}$,0,0,OK
second run,noisy_half_text[typo] + half_diagram,449,$\frac{1}{x}$,1,0,OK
second run,noisy_half_text[typo] + half_diagram,457,$(x-1)^{2}+(y-3)^{2}=36$,(x - 2)^2 + (y - 4/3)^2 = 25/9,0,OK
second run,noisy_half_text[typo] + half_diagram,472,"(0,0)",O,0,OK
second run,noisy_text[numeric] + full_diagram,1,140°,80_deg,0,OK
second run,noisy_text[numeric] + full_diagram,2,65°,50_deg,0,OK
second run,noisy_text[numeric] + full_diagram,3,55°,40_deg,0,OK
second run,noisy_text[numeric] + full_diagram,4,27°,72_deg,0,OK
second run,noisy_text[numeric] + full_diagram,7,45°,35,0,OK
second run,noisy_text[numeric] + full_diagram,8,3cm,5.0,0,OK
second run,noisy_text[numeric] + full_diagram,9,6cm,12_units,0,OK
second run,noisy_text[numeric] + full_diagram,10,72°,36,0,OK
second run,noisy_text[numeric] + full_diagram,11,84°,60,0,OK
second run,noisy_text[numeric] + full_diagram,14,55°,35,0,OK
second run,noisy_text[numeric] + full_diagram,16,25°,25_deg,1,OK
second run,noisy_text[numeric] + full_diagram,17,65°,65_deg,1,OK
second run,noisy_text[numeric] + full_diagram,20,20°,40_deg,0,OK
second run,noisy_text[numeric] + full_diagram,22,62°,28,0,OK
second run,noisy_text[numeric] + full_diagram,25,65°,50_deg,0,OK
second run,noisy_text[numeric] + full_diagram,26,12,22_m,0,OK
second run,noisy_text[numeric] + full_diagram,29,115°,50_deg,0,OK_AFTER_JSON_REPAIR
second run,noisy_text[numeric] + full_diagram,30,60°,30_deg,0,OK
second run,noisy_text[numeric] + full_diagram,32,76°,60,0,OK
second run,noisy_text[numeric] + full_diagram,34,80°,80_deg,1,OK
second run,noisy_text[numeric] + full_diagram,36,20°,25_deg,0,OK
second run,noisy_text[numeric] + full_diagram,37,25°,50_deg,0,OK
second run,noisy_text[numeric] + full_diagram,38,40°,70_deg,0,OK
second run,noisy_text[numeric] + full_diagram,40,50°,50_deg,1,OK
second run,noisy_text[numeric] + full_diagram,43,40°,70_deg,0,OK
second run,noisy_text[numeric] + full_diagram,44,9m,1.5,0,OK
second run,noisy_text[numeric] + full_diagram,45,70°,35_deg,0,OK
second run,noisy_text[numeric] + full_diagram,46,110°,70_deg,0,OK
second run,noisy_text[numeric] + full_diagram,48,130°,50,0,OK
second run,noisy_text[numeric] + full_diagram,49,100°,30,0,OK
second run,noisy_text[numeric] + full_diagram,50,140°,50_deg,0,OK
second run,noisy_text[numeric] + full_diagram,53,55°,∠BFD,0,OK
second run,noisy_text[numeric] + full_diagram,55,55°,90,0,OK
second run,noisy_text[numeric] + full_diagram,56,40°,90_deg,0,OK
second run,noisy_text[numeric] + full_diagram,57,20°,20_deg,1,OK
second run,noisy_text[numeric] + full_diagram,58,55°,90_deg,0,OK
second run,noisy_text[numeric] + full_diagram,59,50°,80_deg,0,OK
second run,noisy_text[numeric] + full_diagram,60,45°,135_deg,0,OK
second run,noisy_text[numeric] + full_diagram,64,40cm,160.0,0,OK
second run,noisy_text[numeric] + full_diagram,72,8cm,8,1,OK
second run,noisy_text[numeric] + full_diagram,73,140°,70_deg,0,OK
second run,noisy_text[numeric] + full_diagram,78,125°,70_deg,0,OK
second run,noisy_text[numeric] + full_diagram,79,16cm,20,0,OK
second run,noisy_text[numeric] + full_diagram,81,25°,20_deg,0,OK
second run,noisy_text[numeric] + full_diagram,84,√{3},1,0,OK
second run,noisy_text[numeric] + full_diagram,86,2√{3},2,0,OK
second run,noisy_text[numeric] + full_diagram,88,128°,20_deg,0,OK
second run,noisy_text[numeric] + full_diagram,95,30°,60_deg,0,OK
second run,noisy_text[numeric] + full_diagram,99,64°,26,0,OK
second run,noisy_text[numeric] + full_diagram,108,8m,16,0,OK
second run,noisy_text[numeric] + full_diagram,109,40°,90_deg,0,OK
second run,noisy_text[numeric] + full_diagram,112,2.4,1.8,0,OK
second run,noisy_text[numeric] + full_diagram,114,\frac{1}{2}cm^{2},π/4,0,OK
second run,noisy_text[numeric] + full_diagram,115,4πcm,18.84,0,OK
second run,noisy_text[numeric] + full_diagram,117,2√{2}cm,3_units,0,OK
second run,noisy_text[numeric] + full_diagram,119,240cm^{2},cannot be determined,0,OK
second run,noisy_text[numeric] + full_diagram,120,9πcm^{2},16π,0,OK
second run,noisy_text[numeric] + full_diagram,123,15π,12.0 * π,0,OK
second run,noisy_text[numeric] + full_diagram,128,4cm,12,0,OK
second run,noisy_text[numeric] + full_diagram,132,10.2m,12.0,0,OK
second run,noisy_text[numeric] + full_diagram,133,120m,Unknown,0,OK
second run,noisy_text[numeric] + full_diagram,149,\frac{20}{3},6.0,0,OK
second run,noisy_text[numeric] + full_diagram,150,\frac{40}{7}m,9,0,OK
second run,noisy_text[numeric] + full_diagram,151,5.1,5_units,0,OK
second run,noisy_text[numeric] + full_diagram,152,4m,1.9,0,OK
second run,noisy_text[numeric] + full_diagram,153,1.5m,1.8,0,OK
second run,noisy_text[numeric] + full_diagram,157,\frac{3}{5},3/5,1,OK
second run,noisy_text[numeric] + full_diagram,165,\frac{√{3}}{2},0.5,0,OK
second run,noisy_text[numeric] + full_diagram,198,60,60,1,OK
second run,noisy_text[numeric] + full_diagram,207,157.1,0,0,OK
second run,noisy_text[numeric] + full_diagram,210,15,17,0,OK
second run,noisy_text[numeric] + full_diagram,211,38,83,0,OK
second run,noisy_text[numeric] + full_diagram,223,\sqrt{7},5,0,OK
second run,noisy_text[numeric] + full_diagram,239,8,11,0,OK
second run,noisy_text[numeric] + full_diagram,243,1591,773.8,0,OK
second run,noisy_text[numeric] + full_diagram,257,15,Unknown,0,OK
second run,noisy_text[numeric] + full_diagram,264,60,No answer,0,OK
second run,noisy_text[numeric] + full_diagram,281,0.38,0.92,0,OK
second run,noisy_text[numeric] + full_diagram,327,11.8,10.7,0,OK
second run,noisy_text[numeric] + full_diagram,348,285,198,0,OK
second run,noisy_text[numeric] + full_diagram,364,74.85,65.90,0,OK
second run,noisy_text[numeric] + full_diagram,365,23.9,22.2,0,OK
second run,noisy_text[numeric] + full_diagram,420,8,6_cm,0,OK
second run,noisy_text[numeric] + full_diagram,432,8.246,5,0,OK
second run,noisy_text[numeric] + full_diagram,438,\frac{(x+3)^2}{25}-\frac{(y+3)^2}{25}=1,(x + 3)^2/25 - (y + 3)^2/0 = 1,0,OK
second run,noisy_text[numeric] + full_diagram,441,$\frac{4}{5}$,4/5,1,OK
second run,noisy_text[numeric] + full_diagram,447,$\frac{20}{29}$,20/29,1,OK
second run,noisy_text[numeric] + full_diagram,449,$\frac{1}{x}$,1,0,OK
second run,noisy_text[numeric] + full_diagram,457,$(x-1)^{2}+(y-3)^{2}=36$,(x-h)^2 + (y-k)^2 = r^2,0,OK
second run,noisy_text[numeric] + full_diagram,472,"(0,0)",B,0,OK
second run,noisy_text[punctuation] + full_diagram,1,140°,60_deg,0,OK
second run,noisy_text[punctuation] + full_diagram,2,65°,50_deg,0,OK
second run,noisy_text[punctuation] + full_diagram,3,55°,70_deg,0,OK
second run,noisy_text[punctuation] + full_diagram,4,27°,18_deg,0,OK
second run,noisy_text[punctuation] + full_diagram,7,45°,35_deg,0,OK
second run,noisy_text[punctuation] + full_diagram,8,3cm,2_units,0,OK
second run,noisy_text[punctuation] + full_diagram,9,6cm,18_units,0,OK
second run,noisy_text[punctuation] + full_diagram,10,72°,30,0,OK
second run,noisy_text[punctuation] + full_diagram,11,84°,36,0,OK
second run,noisy_text[punctuation] + full_diagram,14,55°,35_deg,0,OK
second run,noisy_text[punctuation] + full_diagram,16,25°,25_deg,1,OK
second run,noisy_text[punctuation] + full_diagram,17,65°,85_deg,0,OK
second run,noisy_text[punctuation] + full_diagram,20,20°,90_deg,0,OK
second run,noisy_text[punctuation] + full_diagram,22,62°,28_deg,0,OK
second run,noisy_text[punctuation] + full_diagram,25,65°,50_deg,0,OK
second run,noisy_text[punctuation] + full_diagram,26,12,3.2_m,0,OK
second run,noisy_text[punctuation] + full_diagram,29,115°,130_deg,0,OK
second run,noisy_text[punctuation] + full_diagram,30,60°,30_deg,0,OK
second run,noisy_text[punctuation] + full_diagram,32,76°,52,0,OK
second run,noisy_text[punctuation] + full_diagram,34,80°,100_deg,0,OK
second run,noisy_text[punctuation] + full_diagram,36,20°,25_deg,0,OK
second run,noisy_text[punctuation] + full_diagram,37,25°,25_deg,1,OK
second run,noisy_text[punctuation] + full_diagram,38,40°,70_deg,0,OK
second run,noisy_text[punctuation] + full_diagram,40,50°,50_deg,1,OK
second run,noisy_text[punctuation] + full_diagram,43,40°,70_deg,0,OK
second run,noisy_text[punctuation] + full_diagram,44,9m,1.5,0,OK
second run,noisy_text[punctuation] + full_diagram,45,70°,35_deg,0,OK
second run,noisy_text[punctuation] + full_diagram,46,110°,110_deg,1,OK
second run,noisy_text[punctuation] + full_diagram,48,130°,100,0,OK
second run,noisy_text[punctuation] + full_diagram,49,100°,Cannot be determined,0,OK
second run,noisy_text[punctuation] + full_diagram,50,140°,40_deg,0,OK
second run,noisy_text[punctuation] + full_diagram,53,55°,55_deg,1,OK
second run,noisy_text[punctuation] + full_diagram,55,55°,90,0,OK
second run,noisy_text[punctuation] + full_diagram,56,40°,80_deg,0,OK
second run,noisy_text[punctuation] + full_diagram,57,20°,20_deg,1,OK
second run,noisy_text[punctuation] + full_diagram,58,55°,55_deg,1,OK
second run,noisy_text[punctuation] + full_diagram,59,50°,80_deg,0,OK
second run,noisy_text[punctuation] + full_diagram,60,45°,135_deg,0,OK
second run,noisy_text[punctuation] + full_diagram,64,40cm,100.0,0,OK
second run,noisy_text[punctuation] + full_diagram,72,8cm,8,1,OK
second run,noisy_text[punctuation] + full_diagram,73,140°,0,0,OK
second run,noisy_text[punctuation] + full_diagram,78,125°,35_deg,0,OK
second run,noisy_text[punctuation] + full_diagram,79,16cm,Unknown,0,OK
second run,noisy_text[punctuation] + full_diagram,81,25°,40_deg,0,OK
second run,noisy_text[punctuation] + full_diagram,84,√{3},equal to AO,0,OK
second run,noisy_text[punctuation] + full_diagram,86,2√{3},2,0,OK
second run,noisy_text[punctuation] + full_diagram,88,128°,20_deg,0,OK
second run,noisy_text[punctuation] + full_diagram,95,30°,60,0,OK
second run,noisy_text[punctuation] + full_diagram,99,64°,90,0,OK
second run,noisy_text[punctuation] + full_diagram,108,8m,8_units,1,OK
second run,noisy_text[punctuation] + full_diagram,109,40°,40_deg,1,OK
second run,noisy_text[punctuation] + full_diagram,112,2.4,0.7,0,OK
second run,noisy_text[punctuation] + full_diagram,114,\frac{1}{2}cm^{2},π/4,0,OK
second run,noisy_text[punctuation] + full_diagram,115,4πcm,12π,0,OK
second run,noisy_text[punctuation] + full_diagram,117,2√{2}cm,not answerable,0,OK
second run,noisy_text[punctuation] + full_diagram,119,240cm^{2},1809.56,0,OK
second run,noisy_text[punctuation] + full_diagram,120,9πcm^{2},4_units,0,OK
second run,noisy_text[punctuation] + full_diagram,123,15π,12.0 * π,0,OK
second run,noisy_text[punctuation] + full_diagram,128,4cm,6_units,0,OK
second run,noisy_text[punctuation] + full_diagram,132,10.2m,12.0,0,OK
second run,noisy_text[punctuation] + full_diagram,133,120m,80.0,0,OK
second run,noisy_text[punctuation] + full_diagram,149,\frac{20}{3},4.0,0,OK
second run,noisy_text[punctuation] + full_diagram,150,\frac{40}{7}m,11/3,0,OK
second run,noisy_text[punctuation] + full_diagram,151,5.1,20_units,0,OK
second run,noisy_text[punctuation] + full_diagram,152,4m,1.9,0,OK
second run,noisy_text[punctuation] + full_diagram,153,1.5m,1.2,0,OK
second run,noisy_text[punctuation] + full_diagram,157,\frac{3}{5},3/5,1,OK
second run,noisy_text[punctuation] + full_diagram,165,\frac{√{3}}{2},0.5,0,OK
second run,noisy_text[punctuation] + full_diagram,198,60,60,1,OK
second run,noisy_text[punctuation] + full_diagram,207,157.1,14.3,0,OK
second run,noisy_text[punctuation] + full_diagram,210,15,Unknown,0,OK
second run,noisy_text[punctuation] + full_diagram,211,38,83,0,OK
second run,noisy_text[punctuation] + full_diagram,223,\sqrt{7},AC,0,OK_AFTER_JSON_REPAIR
second run,noisy_text[punctuation] + full_diagram,239,8,4,0,OK
second run,noisy_text[punctuation] + full_diagram,243,1591,73.8,0,OK
second run,noisy_text[punctuation] + full_diagram,257,15,unknown,0,OK
second run,noisy_text[punctuation] + full_diagram,264,60,90,0,OK
second run,noisy_text[punctuation] + full_diagram,281,0.38,0.43,1,OK
second run,noisy_text[punctuation] + full_diagram,327,11.8,335.0,0,OK
second run,noisy_text[punctuation] + full_diagram,348,285,198,0,OK
second run,noisy_text[punctuation] + full_diagram,364,74.85,65.90,0,OK
second run,noisy_text[punctuation] + full_diagram,365,23.9,103.7,0,OK
second run,noisy_text[punctuation] + full_diagram,420,8,x = 6,0,OK
second run,noisy_text[punctuation] + full_diagram,432,8.246,10,0,OK
second run,noisy_text[punctuation] + full_diagram,438,\frac{(x+3)^2}{25}-\frac{(y+3)^2}{25}=1,(x+3)^2/25 - (y+3)^2/20 = 1,0,OK
second run,noisy_text[punctuation] + full_diagram,441,$\frac{4}{5}$,4/5,1,OK
second run,noisy_text[punctuation] + full_diagram,447,$\frac{20}{29}$,20/29,1,OK
second run,noisy_text[punctuation] + full_diagram,449,$\frac{1}{x}$,1,0,OK
second run,noisy_text[punctuation] + full_diagram,457,$(x-1)^{2}+(y-3)^{2}=36$,(x-h)^2 + (y-k)^2 = r^2,0,OK
second run,noisy_text[punctuation] + full_diagram,472,"(0,0)",C,0,OK
second run,noisy_text[sentence] + full_diagram,1,140°,80_deg,0,OK
second run,noisy_text[sentence] + full_diagram,2,65°,50,0,OK
second run,noisy_text[sentence] + full_diagram,3,55°,35_deg,0,OK
second run,noisy_text[sentence] + full_diagram,4,27°,90_deg,0,OK
second run,noisy_text[sentence] + full_diagram,7,45°,35_deg,0,OK
second run,noisy_text[sentence] + full_diagram,8,3cm,5_units,0,OK
second run,noisy_text[sentence] + full_diagram,9,6cm,14_units,0,OK
second run,noisy_text[sentence] + full_diagram,10,72°,30,0,OK
second run,noisy_text[sentence] + full_diagram,11,84°,36_deg,0,OK
second run,noisy_text[sentence] + full_diagram,14,55°,17.5_deg,0,OK
second run,noisy_text[sentence] + full_diagram,16,25°,20,0,OK
second run,noisy_text[sentence] + full_diagram,17,65°,65_deg,1,OK
second run,noisy_text[sentence] + full_diagram,20,20°,20_deg,1,OK
second run,noisy_text[sentence] + full_diagram,22,62°,28_deg,0,OK
second run,noisy_text[sentence] + full_diagram,25,65°,50_deg,0,OK
second run,noisy_text[sentence] + full_diagram,26,12,22_m,0,OK
second run,noisy_text[sentence] + full_diagram,29,115°,50,0,OK
second run,noisy_text[sentence] + full_diagram,30,60°,60_deg,1,OK
second run,noisy_text[sentence] + full_diagram,32,76°,52,0,OK
second run,noisy_text[sentence] + full_diagram,34,80°,100_deg,0,OK
second run,noisy_text[sentence] + full_diagram,36,20°,40_deg,0,OK
second run,noisy_text[sentence] + full_diagram,37,25°,50_deg,0,OK
second run,noisy_text[sentence] + full_diagram,38,40°,70,0,OK
second run,noisy_text[sentence] + full_diagram,40,50°,130_deg,0,OK
second run,noisy_text[sentence] + full_diagram,43,40°,30_deg,0,OK
second run,noisy_text[sentence] + full_diagram,44,9m,None,0,OK
second run,noisy_text[sentence] + full_diagram,45,70°,35,0,OK
second run,noisy_text[sentence] + full_diagram,46,110°,70_deg,0,OK
second run,noisy_text[sentence] + full_diagram,48,130°,50_deg,0,OK
second run,noisy_text[sentence] + full_diagram,49,100°,95,0,OK
second run,noisy_text[sentence] + full_diagram,50,140°,90_deg,0,OK
second run,noisy_text[sentence] + full_diagram,53,55°,55_deg,1,OK
second run,noisy_text[sentence] + full_diagram,55,55°,35,0,OK
second run,noisy_text[sentence] + full_diagram,56,40°,20,0,OK
second run,noisy_text[sentence] + full_diagram,57,20°,20,1,OK
second run,noisy_text[sentence] + full_diagram,58,55°,55_deg,1,OK
second run,noisy_text[sentence] + full_diagram,59,50°,80_deg,0,OK
second run,noisy_text[sentence] + full_diagram,60,45°,135_deg,0,OK
second run,noisy_text[sentence] + full_diagram,64,40cm,0,0,OK
second run,noisy_text[sentence] + full_diagram,72,8cm,8,1,OK
second run,noisy_text[sentence] + full_diagram,73,140°,40_deg,0,OK
second run,noisy_text[sentence] + full_diagram,78,125°,70_deg,0,OK
second run,noisy_text[sentence] + full_diagram,79,16cm,18,0,OK
second run,noisy_text[sentence] + full_diagram,81,25°,40_deg,0,OK
second run,noisy_text[sentence] + full_diagram,84,√{3},equal to AB and AC,0,OK
second run,noisy_text[sentence] + full_diagram,86,2√{3},2,0,OK
second run,noisy_text[sentence] + full_diagram,88,128°,42_deg,0,OK
second run,noisy_text[sentence] + full_diagram,95,30°,90,0,OK
second run,noisy_text[sentence] + full_diagram,99,64°,90,0,OK
second run,noisy_text[sentence] + full_diagram,108,8m,8_units,1,OK
second run,noisy_text[sentence] + full_diagram,109,40°,90,0,OK
second run,noisy_text[sentence] + full_diagram,112,2.4,Cannot determine,0,OK
second run,noisy_text[sentence] + full_diagram,114,\frac{1}{2}cm^{2},π/4,0,OK
second run,noisy_text[sentence] + full_diagram,115,4πcm,12,0,OK
second run,noisy_text[sentence] + full_diagram,117,2√{2}cm,√27,0,OK
second run,noisy_text[sentence] + full_diagram,119,240cm^{2},75.36 cm²,0,OK
second run,noisy_text[sentence] + full_diagram,120,9πcm^{2},16π,0,OK
second run,noisy_text[sentence] + full_diagram,123,15π,15.07,0,OK
second run,noisy_text[sentence] + full_diagram,128,4cm,6_units,0,OK
second run,noisy_text[sentence] + full_diagram,132,10.2m,12.0,0,OK
second run,noisy_text[sentence] + full_diagram,133,120m,60.0_m,0,OK
second run,noisy_text[sentence] + full_diagram,149,\frac{20}{3},6,0,OK
second run,noisy_text[sentence] + full_diagram,150,\frac{40}{7}m,7/3,0,OK
second run,noisy_text[sentence] + full_diagram,151,5.1,5.0,1,OK
second run,noisy_text[sentence] + full_diagram,152,4m,1.4,0,OK
second run,noisy_text[sentence] + full_diagram,153,1.5m,1.8,0,OK
second run,noisy_text[sentence] + full_diagram,157,\frac{3}{5},3/5,1,OK
second run,noisy_text[sentence] + full_diagram,165,\frac{√{3}}{2},sqrt(5)/2,0,OK
second run,noisy_text[sentence] + full_diagram,198,60,"equilateral triangle with side 10, area = 43.30127, rounded to 43.30",0,OK
second run,noisy_text[sentence] + full_diagram,207,157.1,58.9,0,OK_AFTER_JSON_REPAIR
second run,noisy_text[sentence] + full_diagram,210,15,12,0,OK
second run,noisy_text[sentence] + full_diagram,211,38,83,0,OK
second run,noisy_text[sentence] + full_diagram,223,\sqrt{7},3√2,0,OK
second run,noisy_text[sentence] + full_diagram,239,8,unknown,0,OK
second run,noisy_text[sentence] + full_diagram,243,1591,3482,0,OK
second run,noisy_text[sentence] + full_diagram,257,15,5,0,OK
second run,noisy_text[sentence] + full_diagram,264,60,160,0,OK
second run,noisy_text[sentence] + full_diagram,281,0.38,0.96,0,OK
second run,noisy_text[sentence] + full_diagram,327,11.8,10.7,0,OK
second run,noisy_text[sentence] + full_diagram,348,285,198,0,OK
second run,noisy_text[sentence] + full_diagram,364,74.85,65.90,0,OK
second run,noisy_text[sentence] + full_diagram,365,23.9,0.2,0,OK
second run,noisy_text[sentence] + full_diagram,420,8,8_units,1,OK
second run,noisy_text[sentence] + full_diagram,432,8.246,Unknown,0,OK_AFTER_JSON_REPAIR
second run,noisy_text[sentence] + full_diagram,438,\frac{(x+3)^2}{25}-\frac{(y+3)^2}{25}=1,(x+3)^2/25 - y^2/25 = 1,0,OK
second run,noisy_text[sentence] + full_diagram,441,$\frac{4}{5}$,1/2,0,OK
second run,noisy_text[sentence] + full_diagram,447,$\frac{20}{29}$,20/29,1,OK
second run,noisy_text[sentence] + full_diagram,449,$\frac{1}{x}$,1,0,OK
second run,noisy_text[sentence] + full_diagram,457,$(x-1)^{2}+(y-3)^{2}=36$,(x-1)^2 + (y-3)^2 = 36,1,OK
second run,noisy_text[sentence] + full_diagram,472,"(0,0)",O,0,OK
second run,noisy_text[typo] + full_diagram,1,140°,80_deg,0,OK
second run,noisy_text[typo] + full_diagram,2,65°,50_deg,0,OK
second run,noisy_text[typo] + full_diagram,3,55°,70,0,OK
second run,noisy_text[typo] + full_diagram,4,27°,90_deg,0,OK
second run,noisy_text[typo] + full_diagram,7,45°,65_deg,0,OK
second run,noisy_text[typo] + full_diagram,8,3cm,5_units,0,OK
second run,noisy_text[typo] + full_diagram,9,6cm,18_units,0,OK
second run,noisy_text[typo] + full_diagram,10,72°,30,0,OK
second run,noisy_text[typo] + full_diagram,11,84°,84,1,OK
second run,noisy_text[typo] + full_diagram,14,55°,35,0,OK
second run,noisy_text[typo] + full_diagram,16,25°,25_deg,1,OK
second run,noisy_text[typo] + full_diagram,17,65°,65_deg,1,OK
second run,noisy_text[typo] + full_diagram,20,20°,40_deg,0,OK
second run,noisy_text[typo] + full_diagram,22,62°,90_deg,0,OK
second run,noisy_text[typo] + full_diagram,25,65°,Unknown,0,OK
second run,noisy_text[typo] + full_diagram,26,12,3.2,0,OK
second run,noisy_text[typo] + full_diagram,29,115°,30_deg,0,OK
second run,noisy_text[typo] + full_diagram,30,60°,30_deg,0,OK
second run,noisy_text[typo] + full_diagram,32,76°,52,0,OK
second run,noisy_text[typo] + full_diagram,34,80°,100_deg,0,OK
second run,noisy_text[typo] + full_diagram,36,20°,40_deg,0,OK
second run,noisy_text[typo] + full_diagram,37,25°,50_deg,0,OK
second run,noisy_text[typo] + full_diagram,38,40°,70_deg,0,OK
second run,noisy_text[typo] + full_diagram,40,50°,50_deg,1,OK
second run,noisy_text[typo] + full_diagram,43,40°,130_deg,0,OK
second run,noisy_text[typo] + full_diagram,44,9m,30.0,0,OK
second run,noisy_text[typo] + full_diagram,45,70°,35_deg,0,OK
second run,noisy_text[typo] + full_diagram,46,110°,70_deg,0,OK
second run,noisy_text[typo] + full_diagram,48,130°,50,0,OK
second run,noisy_text[typo] + full_diagram,49,100°,30_deg,0,OK
second run,noisy_text[typo] + full_diagram,50,140°,50_deg,0,OK
second run,noisy_text[typo] + full_diagram,53,55°,55_deg,1,OK
second run,noisy_text[typo] + full_diagram,55,55°,1,0,OK
second run,noisy_text[typo] + full_diagram,56,40°,90_deg,0,OK
second run,noisy_text[typo] + full_diagram,57,20°,20_deg,1,OK
second run,noisy_text[typo] + full_diagram,58,55°,55,1,OK
second run,noisy_text[typo] + full_diagram,59,50°,80_deg,0,OK
second run,noisy_text[typo] + full_diagram,60,45°,135_deg,0,OK
second run,noisy_text[typo] + full_diagram,64,40cm,160,0,OK
second run,noisy_text[typo] + full_diagram,72,8cm,12,0,OK
second run,noisy_text[typo] + full_diagram,73,140°,70,0,OK
second run,noisy_text[typo] + full_diagram,78,125°,70_deg,0,OK
second run,noisy_text[typo] + full_diagram,79,16cm,24,0,OK
second run,noisy_text[typo] + full_diagram,81,25°,40_deg,0,OK
second run,noisy_text[typo] + full_diagram,84,√{3},equal to AB and CA,0,OK
second run,noisy_text[typo] + full_diagram,86,2√{3},equal to AB and AC,0,OK
second run,noisy_text[typo] + full_diagram,88,128°,20_deg,0,OK
second run,noisy_text[typo] + full_diagram,95,30°,60,0,OK
second run,noisy_text[typo] + full_diagram,99,64°,90_deg,0,OK
second run,noisy_text[typo] + full_diagram,108,8m,8_units,1,OK
second run,noisy_text[typo] + full_diagram,109,40°,40,1,OK
second run,noisy_text[typo] + full_diagram,112,2.4,0.7,0,OK
second run,noisy_text[typo] + full_diagram,114,\frac{1}{2}cm^{2},π/4,0,OK
second run,noisy_text[typo] + full_diagram,115,4πcm,18,0,OK
second run,noisy_text[typo] + full_diagram,117,2√{2}cm,No answer,0,OK
second run,noisy_text[typo] + full_diagram,119,240cm^{2},The area can't be determined,0,OK
second run,noisy_text[typo] + full_diagram,120,9πcm^{2},4,0,OK
second run,noisy_text[typo] + full_diagram,123,15π,12.0 * π,0,OK
second run,noisy_text[typo] + full_diagram,128,4cm,12_units,0,OK
second run,noisy_text[typo] + full_diagram,132,10.2m,12.0,0,OK
second run,noisy_text[typo] + full_diagram,133,120m,80.0_m,0,OK
second run,noisy_text[typo] + full_diagram,149,\frac{20}{3},4,0,OK
second run,noisy_text[typo] + full_diagram,150,\frac{40}{7}m,BC cannot be determined directly,0,OK
second run,noisy_text[typo] + full_diagram,151,5.1,1.7_units,0,OK
second run,noisy_text[typo] + full_diagram,152,4m,0.5,0,OK
second run,noisy_text[typo] + full_diagram,153,1.5m,1.8,0,OK
second run,noisy_text[typo] + full_diagram,157,\frac{3}{5},0.8,0,OK
second run,noisy_text[typo] + full_diagram,165,\frac{√{3}}{2},0.5,0,OK
second run,noisy_text[typo] + full_diagram,198,60,60,1,OK
second run,noisy_text[typo] + full_diagram,207,157.1,14.4,0,OK
second run,noisy_text[typo] + full_diagram,210,15,unknown,0,OK
second run,noisy_text[typo] + full_diagram,211,38,83,0,OK
second run,noisy_text[typo] + full_diagram,223,\sqrt{7},5,0,OK
second run,noisy_text[typo] + full_diagram,239,8,Unknown,0,OK
second run,noisy_text[typo] + full_diagram,243,1591,1760,0,OK
second run,noisy_text[typo] + full_diagram,257,15,5,0,OK
second run,noisy_text[typo] + full_diagram,264,60,20_deg,0,OK
second run,noisy_text[typo] + full_diagram,281,0.38,0.46,1,OK
second run,noisy_text[typo] + full_diagram,327,11.8,10.7,0,OK
second run,noisy_text[typo] + full_diagram,348,285,198,0,OK
second run,noisy_text[typo] + full_diagram,364,74.85,10.24,0,OK_AFTER_JSON_REPAIR
second run,noisy_text[typo] + full_diagram,365,23.9,30.0,0,OK
second run,noisy_text[typo] + full_diagram,420,8,8,1,OK
second run,noisy_text[typo] + full_diagram,432,8.246,10,0,OK
second run,noisy_text[typo] + full_diagram,438,\frac{(x+3)^2}{25}-\frac{(y+3)^2}{25}=1,(y+3)^2/(-8) - (x+3)^2/(-3) = 1,0,OK
second run,noisy_text[typo] + full_diagram,441,$\frac{4}{5}$,0.5,0,OK
second run,noisy_text[typo] + full_diagram,447,$\frac{20}{29}$,20/29,1,OK
second run,noisy_text[typo] + full_diagram,449,$\frac{1}{x}$,1,0,OK
second run,noisy_text[typo] + full_diagram,457,$(x-1)^{2}+(y-3)^{2}=36$,(x-h)^2 + (y-k)^2 = r^2,0,OK
second run,noisy_text[typo] + full_diagram,472,"(0,0)",B,0,OK
third run,full_text + full_diagram,1,140°,80_deg,0,OK
third run,full_text + full_diagram,2,65°,50_deg,0,OK
third run,full_text + full_diagram,3,55°,35_deg,0,OK
third run,full_text + full_diagram,4,27°,72_deg,0,OK
third run,full_text + full_diagram,7,45°,35,0,OK
third run,full_text + full_diagram,8,3cm,cannot be determined,0,OK
third run,full_text + full_diagram,9,6cm,18_units,0,OK
third run,full_text + full_diagram,10,72°,90_deg,0,OK
third run,full_text + full_diagram,11,84°,108_deg,0,OK
third run,full_text + full_diagram,14,55°,35_deg,0,OK
third run,full_text + full_diagram,16,25°,25,1,OK
third run,full_text + full_diagram,17,65°,83_deg,0,OK
third run,full_text + full_diagram,20,20°,40,0,OK
third run,full_text + full_diagram,22,62°,not determinable,0,OK
third run,full_text + full_diagram,25,65°,50_deg,0,OK
third run,full_text + full_diagram,26,12,3.2,0,OK
third run,full_text + full_diagram,29,115°,50,0,OK
third run,full_text + full_diagram,30,60°,60_deg,1,OK
third run,full_text + full_diagram,32,76°,52,0,OK
third run,full_text + full_diagram,34,80°,100_deg,0,OK
third run,full_text + full_diagram,36,20°,25_deg,0,OK
third run,full_text + full_diagram,37,25°,50_deg,0,OK
third run,full_text + full_diagram,38,40°,70_deg,0,OK
third run,full_text + full_diagram,40,50°,50_deg,1,OK
third run,full_text + full_diagram,43,40°,100,0,OK
third run,full_text + full_diagram,44,9m,30.0,0,OK
third run,full_text + full_diagram,45,70°,35_deg,0,OK
third run,full_text + full_diagram,46,110°,110_deg,1,OK
third run,full_text + full_diagram,48,130°,50,0,OK
third run,full_text + full_diagram,49,100°,45_deg,0,OK
third run,full_text + full_diagram,50,140°,90_deg,0,OK
third run,full_text + full_diagram,53,55°,55_deg,1,OK
third run,full_text + full_diagram,55,55°,140,0,OK
third run,full_text + full_diagram,56,40°,80_deg,0,OK
third run,full_text + full_diagram,57,20°,20_deg,1,OK
third run,full_text + full_diagram,58,55°,125_deg,0,OK
third run,full_text + full_diagram,59,50°,80_deg,0,OK
third run,full_text + full_diagram,60,45°,135,0,OK
third run,full_text + full_diagram,64,40cm,200_units,0,OK
third run,full_text + full_diagram,72,8cm,8,1,OK
third run,full_text + full_diagram,73,140°,70_deg,0,OK
third run,full_text + full_diagram,78,125°,70_deg,0,OK
third run,full_text + full_diagram,79,16cm,32,0,OK
third run,full_text + full_diagram,81,25°,40_deg,0,OK
third run,full_text + full_diagram,84,√{3},equal to AB and CA,0,OK
third run,full_text + full_diagram,86,2√{3},2_units,0,OK
third run,full_text + full_diagram,88,128°,20,0,OK
third run,full_text + full_diagram,95,30°,90_deg,0,OK
third run,full_text + full_diagram,99,64°,13,0,OK
third run,full_text + full_diagram,108,8m,8.0,1,OK
third run,full_text + full_diagram,109,40°,90_deg,0,OK
third run,full_text + full_diagram,112,2.4,0.7,0,OK
third run,full_text + full_diagram,114,\frac{1}{2}cm^{2},0.25,0,OK
third run,full_text + full_diagram,115,4πcm,18_units,0,OK
third run,full_text + full_diagram,117,2√{2}cm,3_units,0,OK
third run,full_text + full_diagram,119,240cm^{2},24,0,OK
third run,full_text + full_diagram,120,9πcm^{2},16,0,OK
third run,full_text + full_diagram,123,15π,12.0 * π,0,OK
third run,full_text + full_diagram,128,4cm,12_units,0,OK
third run,full_text + full_diagram,132,10.2m,12,0,OK
third run,full_text + full_diagram,133,120m,80.0,0,OK
third run,full_text + full_diagram,149,\frac{20}{3},5,0,OK
third run,full_text + full_diagram,150,\frac{40}{7}m,7/3,0,OK
third run,full_text + full_diagram,151,5.1,5,1,OK
third run,full_text + full_diagram,152,4m,4,1,OK
third run,full_text + full_diagram,153,1.5m,1.0,0,OK
third run,full_text + full_diagram,157,\frac{3}{5},0.8,0,OK
third run,full_text + full_diagram,165,\frac{√{3}}{2},undefined,0,OK
third run,full_text + full_diagram,198,60,60,1,OK
third run,full_text + full_diagram,207,157.1,29.3,0,OK_AFTER_JSON_REPAIR
third run,full_text + full_diagram,210,15,unknown,0,OK
third run,full_text + full_diagram,211,38,83,0,OK
third run,full_text + full_diagram,223,\sqrt{7},3√2,0,OK
third run,full_text + full_diagram,239,8,MB has no measure provided directly or indirectly,0,OK
third run,full_text + full_diagram,243,1591,1737.4,0,OK
third run,full_text + full_diagram,257,15,12,0,OK
third run,full_text + full_diagram,264,60,80,0,OK
third run,full_text + full_diagram,281,0.38,0.42,1,OK
third run,full_text + full_diagram,327,11.8,10.7,0,OK
third run,full_text + full_diagram,348,285,198,0,OK
third run,full_text + full_diagram,364,74.85,35.50,0,OK
third run,full_text + full_diagram,365,23.9,23.2,0,OK
third run,full_text + full_diagram,420,8,10,0,OK
third run,full_text + full_diagram,432,8.246,0,0,OK
third run,full_text + full_diagram,438,\frac{(x+3)^2}{25}-\frac{(y+3)^2}{25}=1,((x+3)^2/25) - ((y-2)^2/25) = 1,0,OK
third run,full_text + full_diagram,441,$\frac{4}{5}$,0,0,OK
third run,full_text + full_diagram,447,$\frac{20}{29}$,0.866,0,OK
third run,full_text + full_diagram,449,$\frac{1}{x}$,1,0,OK
third run,full_text + full_diagram,457,$(x-1)^{2}+(y-3)^{2}=36$,(x-0)^2 + (y-0)^2 = 3^2,0,OK
third run,full_text + full_diagram,472,"(0,0)",O,0,OK
third run,full_text + noisy_diagram[bg_change],1,140°,60_deg,0,OK
third run,full_text + noisy_diagram[bg_change],2,65°,50_deg,0,OK
third run,full_text + noisy_diagram[bg_change],3,55°,35_deg,0,OK
third run,full_text + noisy_diagram[bg_change],4,27°,90_deg,0,OK
third run,full_text + noisy_diagram[bg_change],7,45°,35,0,OK
third run,full_text + noisy_diagram[bg_change],8,3cm,Cannot determine,0,OK
third run,full_text + noisy_diagram[bg_change],9,6cm,18.0,0,OK
third run,full_text + noisy_diagram[bg_change],10,72°,36,0,OK
third run,full_text + noisy_diagram[bg_change],11,84°,24_deg,0,OK
third run,full_text + noisy_diagram[bg_change],14,55°,35_deg,0,OK
third run,full_text + noisy_diagram[bg_change],16,25°,25_deg,1,OK
third run,full_text + noisy_diagram[bg_change],17,65°,not determinable,0,OK
third run,full_text + noisy_diagram[bg_change],20,20°,20_deg,1,OK
third run,full_text + noisy_diagram[bg_change],22,62°,28_deg,0,OK
third run,full_text + noisy_diagram[bg_change],25,65°,50_deg,0,OK
third run,full_text + noisy_diagram[bg_change],26,12,22,0,OK
third run,full_text + noisy_diagram[bg_change],29,115°,50_deg,0,OK
third run,full_text + noisy_diagram[bg_change],30,60°,30_deg,0,OK
third run,full_text + noisy_diagram[bg_change],32,76°,52,0,OK
third run,full_text + noisy_diagram[bg_change],34,80°,80_deg,1,OK_AFTER_JSON_REPAIR
third run,full_text + noisy_diagram[bg_change],36,20°,50,0,OK
third run,full_text + noisy_diagram[bg_change],37,25°,25_deg,1,OK
third run,full_text + noisy_diagram[bg_change],38,40°,70_deg,0,OK
third run,full_text + noisy_diagram[bg_change],40,50°,50_deg,1,OK
third run,full_text + noisy_diagram[bg_change],43,40°,70_deg,0,OK
third run,full_text + noisy_diagram[bg_change],44,9m,1.5,0,OK
third run,full_text + noisy_diagram[bg_change],45,70°,70_deg,1,OK
third run,full_text + noisy_diagram[bg_change],46,110°,70_deg,0,OK
third run,full_text + noisy_diagram[bg_change],48,130°,100_deg,0,OK
third run,full_text + noisy_diagram[bg_change],49,100°,35_deg,0,OK
third run,full_text + noisy_diagram[bg_change],50,140°,50_deg,0,OK
third run,full_text + noisy_diagram[bg_change],53,55°,55_deg,1,OK
third run,full_text + noisy_diagram[bg_change],55,55°,0,0,OK
third run,full_text + noisy_diagram[bg_change],56,40°,90_deg,0,OK
third run,full_text + noisy_diagram[bg_change],57,20°,20_deg,1,OK
third run,full_text + noisy_diagram[bg_change],58,55°,125_deg,0,OK
third run,full_text + noisy_diagram[bg_change],59,50°,90_deg,0,OK
third run,full_text + noisy_diagram[bg_change],60,45°,135_deg,0,OK
third run,full_text + noisy_diagram[bg_change],64,40cm,160,0,OK
third run,full_text + noisy_diagram[bg_change],72,8cm,8,1,OK
third run,full_text + noisy_diagram[bg_change],73,140°,70,0,OK
third run,full_text + noisy_diagram[bg_change],78,125°,35_deg,0,OK
third run,full_text + noisy_diagram[bg_change],79,16cm,32,0,OK
third run,full_text + noisy_diagram[bg_change],81,25°,45_deg,0,OK
third run,full_text + noisy_diagram[bg_change],84,√{3},equal to AB and AC,0,OK
third run,full_text + noisy_diagram[bg_change],86,2√{3},2,0,OK
third run,full_text + noisy_diagram[bg_change],88,128°,42_deg,0,OK
third run,full_text + noisy_diagram[bg_change],95,30°,90,0,OK
third run,full_text + noisy_diagram[bg_change],99,64°,64,1,OK
third run,full_text + noisy_diagram[bg_change],108,8m,8_units,1,OK
third run,full_text + noisy_diagram[bg_change],109,40°,90_deg,0,OK
third run,full_text + noisy_diagram[bg_change],112,2.4,0.7,0,OK
third run,full_text + noisy_diagram[bg_change],114,\frac{1}{2}cm^{2},π/4,0,OK
third run,full_text + noisy_diagram[bg_change],115,4πcm,18_units,0,OK
third run,full_text + noisy_diagram[bg_change],117,2√{2}cm,3_cm,0,OK
third run,full_text + noisy_diagram[bg_change],119,240cm^{2},1808.64 cm^2,0,OK
third run,full_text + noisy_diagram[bg_change],120,9πcm^{2},16π,0,OK
third run,full_text + noisy_diagram[bg_change],123,15π,12.0 * π,0,OK
third run,full_text + noisy_diagram[bg_change],128,4cm,12_units,0,OK
third run,full_text + noisy_diagram[bg_change],132,10.2m,No information,0,OK
third run,full_text + noisy_diagram[bg_change],133,120m,Unable to determine,0,OK
third run,full_text + noisy_diagram[bg_change],149,\frac{20}{3},4.0,0,OK
third run,full_text + noisy_diagram[bg_change],150,\frac{40}{7}m,Unknown,0,OK
third run,full_text + noisy_diagram[bg_change],151,5.1,20.0,0,OK
third run,full_text + noisy_diagram[bg_change],152,4m,3.5,0,OK
third run,full_text + noisy_diagram[bg_change],153,1.5m,1.8,0,OK
third run,full_text + noisy_diagram[bg_change],157,\frac{3}{5},0.75,0,OK
third run,full_text + noisy_diagram[bg_change],165,\frac{√{3}}{2},0.5,0,OK
third run,full_text + noisy_diagram[bg_change],198,60,60,1,OK
third run,full_text + noisy_diagram[bg_change],207,157.1,14.4,0,OK
third run,full_text + noisy_diagram[bg_change],210,15,10,0,OK
third run,full_text + noisy_diagram[bg_change],211,38,83°,0,OK
third run,full_text + noisy_diagram[bg_change],223,\sqrt{7},5,0,OK
third run,full_text + noisy_diagram[bg_change],239,8,2,0,OK
third run,full_text + noisy_diagram[bg_change],243,1591,150,0,OK
third run,full_text + noisy_diagram[bg_change],257,15,16,0,OK
third run,full_text + noisy_diagram[bg_change],264,60,10x,0,OK
third run,full_text + noisy_diagram[bg_change],281,0.38,0.92,0,OK
third run,full_text + noisy_diagram[bg_change],327,11.8,5.0,0,OK
third run,full_text + noisy_diagram[bg_change],348,285,198,0,OK
third run,full_text + noisy_diagram[bg_change],364,74.85,65.90,0,OK
third run,full_text + noisy_diagram[bg_change],365,23.9,10369.0,0,OK
third run,full_text + noisy_diagram[bg_change],420,8,14,0,OK
third run,full_text + noisy_diagram[bg_change],432,8.246,10,0,OK
third run,full_text + noisy_diagram[bg_change],438,\frac{(x+3)^2}{25}-\frac{(y+3)^2}{25}=1,,0,OK
third run,full_text + noisy_diagram[bg_change],441,$\frac{4}{5}$,3/5,0,OK
third run,full_text + noisy_diagram[bg_change],447,$\frac{20}{29}$,unknown,0,OK
third run,full_text + noisy_diagram[bg_change],449,$\frac{1}{x}$,1,0,OK
third run,full_text + noisy_diagram[bg_change],457,$(x-1)^{2}+(y-3)^{2}=36$,(x - 0)^2 + (y - 0)^2 = 3^2,0,OK
third run,full_text + noisy_diagram[bg_change],472,"(0,0)",O,0,OK
third run,full_text + noisy_diagram[blur],1,140°,60_deg,0,OK
third run,full_text + noisy_diagram[blur],2,65°,50_deg,0,OK
third run,full_text + noisy_diagram[blur],3,55°,35_deg,0,OK
third run,full_text + noisy_diagram[blur],4,27°,90_deg,0,OK
third run,full_text + noisy_diagram[blur],7,45°,35,0,OK
third run,full_text + noisy_diagram[blur],8,3cm,2_units,0,OK
third run,full_text + noisy_diagram[blur],9,6cm,18_units,0,OK
third run,full_text + noisy_diagram[blur],10,72°,36,0,OK
third run,full_text + noisy_diagram[blur],11,84°,60_deg,0,OK
third run,full_text + noisy_diagram[blur],14,55°,35_deg,0,OK
third run,full_text + noisy_diagram[blur],16,25°,25_deg,1,OK
third run,full_text + noisy_diagram[blur],17,65°,65_deg,1,OK
third run,full_text + noisy_diagram[blur],20,20°,40_deg,0,OK
third run,full_text + noisy_diagram[blur],22,62°,28_deg,0,OK
third run,full_text + noisy_diagram[blur],25,65°,50_deg,0,OK
third run,full_text + noisy_diagram[blur],26,12,3.2_m,0,OK
third run,full_text + noisy_diagram[blur],29,115°,50,0,OK
third run,full_text + noisy_diagram[blur],30,60°,30_deg,0,OK
third run,full_text + noisy_diagram[blur],32,76°,52,0,OK
third run,full_text + noisy_diagram[blur],34,80°,100_deg,0,OK
third run,full_text + noisy_diagram[blur],36,20°,40_deg,0,OK
third run,full_text + noisy_diagram[blur],37,25°,50_deg,0,OK
third run,full_text + noisy_diagram[blur],38,40°,70_deg,0,OK
third run,full_text + noisy_diagram[blur],40,50°,50_deg,1,OK
third run,full_text + noisy_diagram[blur],43,40°,30_deg,0,OK
third run,full_text + noisy_diagram[blur],44,9m,25,0,OK
third run,full_text + noisy_diagram[blur],45,70°,35_deg,0,OK
third run,full_text + noisy_diagram[blur],46,110°,70_deg,0,OK
third run,full_text + noisy_diagram[blur],48,130°,50°,0,OK
third run,full_text + noisy_diagram[blur],49,100°,35_deg,0,OK
third run,full_text + noisy_diagram[blur],50,140°,90_deg,0,OK
third run,full_text + noisy_diagram[blur],53,55°,90_deg,0,OK
third run,full_text + noisy_diagram[blur],55,55°,4,0,OK
third run,full_text + noisy_diagram[blur],56,40°,20,0,OK
third run,full_text + noisy_diagram[blur],57,20°,20_deg,1,OK
third run,full_text + noisy_diagram[blur],58,55°,35,0,OK
third run,full_text + noisy_diagram[blur],59,50°,80_deg,0,OK
third run,full_text + noisy_diagram[blur],60,45°,135_deg,0,OK
third run,full_text + noisy_diagram[blur],64,40cm,160.0,0,OK
third run,full_text + noisy_diagram[blur],72,8cm,Unknown,0,OK
third run,full_text + noisy_diagram[blur],73,140°,70_deg,0,OK
third run,full_text + noisy_diagram[blur],78,125°,70_deg,0,OK
third run,full_text + noisy_diagram[blur],79,16cm,Unknown,0,OK
third run,full_text + noisy_diagram[blur],81,25°,40_deg,0,OK
third run,full_text + noisy_diagram[blur],84,√{3},equal to AB and CA,0,OK
third run,full_text + noisy_diagram[blur],86,2√{3},2,0,OK
third run,full_text + noisy_diagram[blur],88,128°,42_deg,0,OK
third run,full_text + noisy_diagram[blur],95,30°,90,0,OK
third run,full_text + noisy_diagram[blur],99,64°,90_deg,0,OK
third run,full_text + noisy_diagram[blur],108,8m,3,0,OK
third run,full_text + noisy_diagram[blur],109,40°,40,1,OK
third run,full_text + noisy_diagram[blur],112,2.4,0.7,0,OK
third run,full_text + noisy_diagram[blur],114,\frac{1}{2}cm^{2},25π/4,0,OK
third run,full_text + noisy_diagram[blur],115,4πcm,12π,0,OK
third run,full_text + noisy_diagram[blur],117,2√{2}cm,3_units,0,OK
third run,full_text + noisy_diagram[blur],119,240cm^{2},75.36,0,OK
third run,full_text + noisy_diagram[blur],120,9πcm^{2},4_units,0,OK
third run,full_text + noisy_diagram[blur],123,15π,12.0 * π,0,OK
third run,full_text + noisy_diagram[blur],128,4cm,12_units,0,OK
third run,full_text + noisy_diagram[blur],132,10.2m,12.0,0,OK
third run,full_text + noisy_diagram[blur],133,120m,80.0_m,0,OK
third run,full_text + noisy_diagram[blur],149,\frac{20}{3},4.0,0,OK
third run,full_text + noisy_diagram[blur],150,\frac{40}{7}m,7/3,0,OK
third run,full_text + noisy_diagram[blur],151,5.1,5_units,0,OK
third run,full_text + noisy_diagram[blur],152,4m,1.7,0,OK
third run,full_text + noisy_diagram[blur],153,1.5m,1.8,0,OK
third run,full_text + noisy_diagram[blur],157,\frac{3}{5},0.8,0,OK
third run,full_text + noisy_diagram[blur],165,\frac{√{3}}{2},0.5,0,OK
third run,full_text + noisy_diagram[blur],198,60,60,1,OK
third run,full_text + noisy_diagram[blur],207,157.1,14.3,0,OK
third run,full_text + noisy_diagram[blur],210,15,13,0,OK
third run,full_text + noisy_diagram[blur],211,38,83,0,OK
third run,full_text + noisy_diagram[blur],223,\sqrt{7},3√2,0,OK
third run,full_text + noisy_diagram[blur],239,8,4,0,OK
third run,full_text + noisy_diagram[blur],243,1591,773.8,0,OK
third run,full_text + noisy_diagram[blur],257,15,5,0,OK
third run,full_text + noisy_diagram[blur],264,60,90,0,OK
third run,full_text + noisy_diagram[blur],281,0.38,0.96,0,OK
third run,full_text + noisy_diagram[blur],327,11.8,5.3,0,OK
third run,full_text + noisy_diagram[blur],348,285,137,0,OK
third run,full_text + noisy_diagram[blur],364,74.85,65.90,0,OK
third run,full_text + noisy_diagram[blur],365,23.9,30.0,0,OK
third run,full_text + noisy_diagram[blur],420,8,x = 8,1,OK
third run,full_text + noisy_diagram[blur],432,8.246,Unknown,0,OK_AFTER_JSON_REPAIR
third run,full_text + noisy_diagram[blur],438,\frac{(x+3)^2}{25}-\frac{(y+3)^2}{25}=1,(x^2/a^2) - (y^2/b^2) = 1,0,OK
third run,full_text + noisy_diagram[blur],441,$\frac{4}{5}$,0.5,0,OK
third run,full_text + noisy_diagram[blur],447,$\frac{20}{29}$,20/29,1,OK
third run,full_text + noisy_diagram[blur],449,$\frac{1}{x}$,1.5,0,OK
third run,full_text + noisy_diagram[blur],457,$(x-1)^{2}+(y-3)^{2}=36$,(x-h)^2 + (y-k)^2 = r^2,0,OK
third run,full_text + noisy_diagram[blur],472,"(0,0)",O,0,OK
third run,full_text + noisy_diagram[illumination],1,140°,80_deg,0,OK
third run,full_text + noisy_diagram[illumination],2,65°,?,0,OK
third run,full_text + noisy_diagram[illumination],3,55°,35_deg,0,OK
third run,full_text + noisy_diagram[illumination],4,27°,36_deg,0,OK
third run,full_text + noisy_diagram[illumination],7,45°,35,0,OK
third run,full_text + noisy_diagram[illumination],8,3cm,2_units,0,OK
third run,full_text + noisy_diagram[illumination],9,6cm,12_units,0,OK
third run,full_text + noisy_diagram[illumination],10,72°,36,0,OK
third run,full_text + noisy_diagram[illumination],11,84°,60,0,OK
third run,full_text + noisy_diagram[illumination],14,55°,35,0,OK
third run,full_text + noisy_diagram[illumination],16,25°,40_deg,0,OK
third run,full_text + noisy_diagram[illumination],17,65°,134_deg,0,OK
third run,full_text + noisy_diagram[illumination],20,20°,20_deg,1,OK
third run,full_text + noisy_diagram[illumination],22,62°,28,0,OK
third run,full_text + noisy_diagram[illumination],25,65°,50_deg,0,OK
third run,full_text + noisy_diagram[illumination],26,12,22.0,0,OK
third run,full_text + noisy_diagram[illumination],29,115°,25_deg,0,OK
third run,full_text + noisy_diagram[illumination],30,60°,30_deg,0,OK
third run,full_text + noisy_diagram[illumination],32,76°,52,0,OK
third run,full_text + noisy_diagram[illumination],34,80°,100_deg,0,OK
third run,full_text + noisy_diagram[illumination],36,20°,40_deg,0,OK
third run,full_text + noisy_diagram[illumination],37,25°,25_deg,1,OK
third run,full_text + noisy_diagram[illumination],38,40°,70_deg,0,OK
third run,full_text + noisy_diagram[illumination],40,50°,50_deg,1,OK
third run,full_text + noisy_diagram[illumination],43,40°,50_deg,0,OK
third run,full_text + noisy_diagram[illumination],44,9m,1.5,0,OK
third run,full_text + noisy_diagram[illumination],45,70°,70,1,OK
third run,full_text + noisy_diagram[illumination],46,110°,70_deg,0,OK
third run,full_text + noisy_diagram[illumination],48,130°,50,0,OK
third run,full_text + noisy_diagram[illumination],49,100°,35,0,OK
third run,full_text + noisy_diagram[illumination],50,140°,90_deg,0,OK
third run,full_text + noisy_diagram[illumination],53,55°,55_deg,1,OK
third run,full_text + noisy_diagram[illumination],55,55°,2,0,OK
third run,full_text + noisy_diagram[illumination],56,40°,20,0,OK
third run,full_text + noisy_diagram[illumination],57,20°,20_deg,1,OK
third run,full_text + noisy_diagram[illumination],58,55°,35,0,OK
third run,full_text + noisy_diagram[illumination],59,50°,80_deg,0,OK
third run,full_text + noisy_diagram[illumination],60,45°,30_deg,0,OK
third run,full_text + noisy_diagram[illumination],64,40cm,200,0,OK
third run,full_text + noisy_diagram[illumination],72,8cm,12,0,OK
third run,full_text + noisy_diagram[illumination],73,140°,70_deg,0,OK
third run,full_text + noisy_diagram[illumination],78,125°,70_deg,0,OK
third run,full_text + noisy_diagram[illumination],79,16cm,32,0,OK
third run,full_text + noisy_diagram[illumination],81,25°,40_deg,0,OK
third run,full_text + noisy_diagram[illumination],84,√{3},equal to OA,0,OK
third run,full_text + noisy_diagram[illumination],86,2√{3},2.0_units,0,OK
third run,full_text + noisy_diagram[illumination],88,128°,42_deg,0,OK
third run,full_text + noisy_diagram[illumination],95,30°,90,0,OK
third run,full_text + noisy_diagram[illumination],99,64°,64,1,OK
third run,full_text + noisy_diagram[illumination],108,8m,8_units,1,OK
third run,full_text + noisy_diagram[illumination],109,40°,40,1,OK
third run,full_text + noisy_diagram[illumination],112,2.4,0.7,0,OK
third run,full_text + noisy_diagram[illumination],114,\frac{1}{2}cm^{2},0.25,0,OK
third run,full_text + noisy_diagram[illumination],115,4πcm,12,0,OK
third run,full_text + noisy_diagram[illumination],117,2√{2}cm,3,0,OK
third run,full_text + noisy_diagram[illumination],119,240cm^{2},24.0,0,OK
third run,full_text + noisy_diagram[illumination],120,9πcm^{2},4,0,OK
third run,full_text + noisy_diagram[illumination],123,15π,12.0 * π,0,OK
third run,full_text + noisy_diagram[illumination],128,4cm,12_units,0,OK
third run,full_text + noisy_diagram[illumination],132,10.2m,0.6,0,OK
third run,full_text + noisy_diagram[illumination],133,120m,80.0_m,0,OK
third run,full_text + noisy_diagram[illumination],149,\frac{20}{3},5.0,0,OK
third run,full_text + noisy_diagram[illumination],150,\frac{40}{7}m,21/2,0,OK_AFTER_JSON_REPAIR
third run,full_text + noisy_diagram[illumination],151,5.1,20_units,0,OK
third run,full_text + noisy_diagram[illumination],152,4m,2.1,0,OK
third run,full_text + noisy_diagram[illumination],153,1.5m,3.0,0,OK
third run,full_text + noisy_diagram[illumination],157,\frac{3}{5},0,0,OK
third run,full_text + noisy_diagram[illumination],165,\frac{√{3}}{2},0.5,0,OK
third run,full_text + noisy_diagram[illumination],198,60,60,1,OK
third run,full_text + noisy_diagram[illumination],207,157.1,50.3,0,OK
third run,full_text + noisy_diagram[illumination],210,15,12,0,OK
third run,full_text + noisy_diagram[illumination],211,38,83,0,OK
third run,full_text + noisy_diagram[illumination],223,\sqrt{7},4,0,OK
third run,full_text + noisy_diagram[illumination],239,8,4,0,OK
third run,full_text + noisy_diagram[illumination],243,1591,1776,0,OK
third run,full_text + noisy_diagram[illumination],257,15,16,0,OK
third run,full_text + noisy_diagram[illumination],264,60,90,0,OK
third run,full_text + noisy_diagram[illumination],281,0.38,0.46,1,OK
third run,full_text + noisy_diagram[illumination],327,11.8,5.9,0,OK
third run,full_text + noisy_diagram[illumination],348,285,198,0,OK
third run,full_text + noisy_diagram[illumination],364,74.85,65.90,0,OK
third run,full_text + noisy_diagram[illumination],365,23.9,103.7,0,OK
third run,full_text + noisy_diagram[illumination],420,8,8,1,OK
third run,full_text + noisy_diagram[illumination],432,8.246,10,0,OK
third run,full_text + noisy_diagram[illumination],438,\frac{(x+3)^2}{25}-\frac{(y+3)^2}{25}=1,(x^2/a^2) - (y^2/b^2) = 1,0,OK
third run,full_text + noisy_diagram[illumination],441,$\frac{4}{5}$,0.5,0,OK
third run,full_text + noisy_diagram[illumination],447,$\frac{20}{29}$,20/29,1,OK
third run,full_text + noisy_diagram[illumination],449,$\frac{1}{x}$,1,0,OK
third run,full_text + noisy_diagram[illumination],457,$(x-1)^{2}+(y-3)^{2}=36$,(x-0)^2 + (y-0)^2 = 3^2,0,OK
third run,full_text + noisy_diagram[illumination],472,"(0,0)",O,0,OK
third run,full_text + noisy_diagram[irr_objects],1,140°,60_deg,0,OK
third run,full_text + noisy_diagram[irr_objects],2,65°,50_deg,0,OK
third run,full_text + noisy_diagram[irr_objects],3,55°,35_deg,0,OK
third run,full_text + noisy_diagram[irr_objects],4,27°,36_deg,0,OK
third run,full_text + noisy_diagram[irr_objects],7,45°,35,0,OK
third run,full_text + noisy_diagram[irr_objects],8,3cm,Unknown,0,OK
third run,full_text + noisy_diagram[irr_objects],9,6cm,Unknown,0,OK
third run,full_text + noisy_diagram[irr_objects],10,72°,36,0,OK
third run,full_text + noisy_diagram[irr_objects],11,84°,36_deg,0,OK
third run,full_text + noisy_diagram[irr_objects],14,55°,35,0,OK
third run,full_text + noisy_diagram[irr_objects],16,25°,25,1,OK
third run,full_text + noisy_diagram[irr_objects],17,65°,42,0,OK
third run,full_text + noisy_diagram[irr_objects],20,20°,20_deg,1,OK
third run,full_text + noisy_diagram[irr_objects],22,62°,28_deg,0,OK
third run,full_text + noisy_diagram[irr_objects],25,65°,50_deg,0,OK
third run,full_text + noisy_diagram[irr_objects],26,12,22.0,0,OK
third run,full_text + noisy_diagram[irr_objects],29,115°,50,0,OK
third run,full_text + noisy_diagram[irr_objects],30,60°,30_deg,0,OK
third run,full_text + noisy_diagram[irr_objects],32,76°,52,0,OK
third run,full_text + noisy_diagram[irr_objects],34,80°,100_deg,0,OK
third run,full_text + noisy_diagram[irr_objects],36,20°,40_deg,0,OK
third run,full_text + noisy_diagram[irr_objects],37,25°,50_deg,0,OK
third run,full_text + noisy_diagram[irr_objects],38,40°,70,0,OK
third run,full_text + noisy_diagram[irr_objects],40,50°,50_deg,1,OK
third run,full_text + noisy_diagram[irr_objects],43,40°,30_deg,0,OK
third run,full_text + noisy_diagram[irr_objects],44,9m,1.5,0,OK
third run,full_text + noisy_diagram[irr_objects],45,70°,35_deg,0,OK
third run,full_text + noisy_diagram[irr_objects],46,110°,70_deg,0,OK
third run,full_text + noisy_diagram[irr_objects],48,130°,50_deg,0,OK
third run,full_text + noisy_diagram[irr_objects],49,100°,35_deg,0,OK
third run,full_text + noisy_diagram[irr_objects],50,140°,90_deg,0,OK
third run,full_text + noisy_diagram[irr_objects],53,55°,BFD,0,OK
third run,full_text + noisy_diagram[irr_objects],55,55°,0,0,OK
third run,full_text + noisy_diagram[irr_objects],56,40°,20,0,OK
third run,full_text + noisy_diagram[irr_objects],57,20°,20_deg,1,OK
third run,full_text + noisy_diagram[irr_objects],58,55°,55_deg,1,OK
third run,full_text + noisy_diagram[irr_objects],59,50°,80_deg,0,OK
third run,full_text + noisy_diagram[irr_objects],60,45°,135_deg,0,OK
third run,full_text + noisy_diagram[irr_objects],64,40cm,80.0,0,OK
third run,full_text + noisy_diagram[irr_objects],72,8cm,8,1,OK
third run,full_text + noisy_diagram[irr_objects],73,140°,70_deg,0,OK
third run,full_text + noisy_diagram[irr_objects],78,125°,70_deg,0,OK
third run,full_text + noisy_diagram[irr_objects],79,16cm,3,0,OK
third run,full_text + noisy_diagram[irr_objects],81,25°,40_deg,0,OK
third run,full_text + noisy_diagram[irr_objects],84,√{3},equal to AB and CA,0,OK
third run,full_text + noisy_diagram[irr_objects],86,2√{3},2_units,0,OK
third run,full_text + noisy_diagram[irr_objects],88,128°,20_deg,0,OK
third run,full_text + noisy_diagram[irr_objects],95,30°,90_deg,0,OK
third run,full_text + noisy_diagram[irr_objects],99,64°,90,0,OK
third run,full_text + noisy_diagram[irr_objects],108,8m,8,1,OK
third run,full_text + noisy_diagram[irr_objects],109,40°,40,1,OK
third run,full_text + noisy_diagram[irr_objects],112,2.4,0.7,0,OK
third run,full_text + noisy_diagram[irr_objects],114,\frac{1}{2}cm^{2},π/4,0,OK
third run,full_text + noisy_diagram[irr_objects],115,4πcm,18_units,0,OK
third run,full_text + noisy_diagram[irr_objects],117,2√{2}cm,3,0,OK
third run,full_text + noisy_diagram[irr_objects],119,240cm^{2},180,0,OK
third run,full_text + noisy_diagram[irr_objects],120,9πcm^{2},5_units,0,OK
third run,full_text + noisy_diagram[irr_objects],123,15π,12.0 * π,0,OK
third run,full_text + noisy_diagram[irr_objects],128,4cm,12_units,0,OK
third run,full_text + noisy_diagram[irr_objects],132,10.2m,2.0,0,OK
third run,full_text + noisy_diagram[irr_objects],133,120m,80.0_m,0,OK
third run,full_text + noisy_diagram[irr_objects],149,\frac{20}{3},8.0,0,OK
third run,full_text + noisy_diagram[irr_objects],150,\frac{40}{7}m,7/3,0,OK
third run,full_text + noisy_diagram[irr_objects],151,5.1,20_units,0,OK
third run,full_text + noisy_diagram[irr_objects],152,4m,1.9,0,OK
third run,full_text + noisy_diagram[irr_objects],153,1.5m,1,0,OK
third run,full_text + noisy_diagram[irr_objects],157,\frac{3}{5},0.8,0,OK
third run,full_text + noisy_diagram[irr_objects],165,\frac{√{3}}{2},0.5,0,OK
third run,full_text + noisy_diagram[irr_objects],198,60,60,1,OK
third run,full_text + noisy_diagram[irr_objects],207,157.1,14.3,0,OK
third run,full_text + noisy_diagram[irr_objects],210,15,13,0,OK
third run,full_text + noisy_diagram[irr_objects],211,38,83,0,OK
third run,full_text + noisy_diagram[irr_objects],223,\sqrt{7},3,0,OK
third run,full_text + noisy_diagram[irr_objects],239,8,2,0,OK
third run,full_text + noisy_diagram[irr_objects],243,1591,1737.4,0,OK
third run,full_text + noisy_diagram[irr_objects],257,15,5,0,OK
third run,full_text + noisy_diagram[irr_objects],264,60,150,0,OK
third run,full_text + noisy_diagram[irr_objects],281,0.38,0.38,1,OK
third run,full_text + noisy_diagram[irr_objects],327,11.8,6.8,0,OK
third run,full_text + noisy_diagram[irr_objects],348,285,198,0,OK
third run,full_text + noisy_diagram[irr_objects],364,74.85,35.50,0,OK
third run,full_text + noisy_diagram[irr_objects],365,23.9,45.0,0,OK
third run,full_text + noisy_diagram[irr_objects],420,8,6_units,0,OK
third run,full_text + noisy_diagram[irr_objects],432,8.246,10,0,OK
third run,full_text + noisy_diagram[irr_objects],438,\frac{(x+3)^2}{25}-\frac{(y+3)^2}{25}=1,,0,OK
third run,full_text + noisy_diagram[irr_objects],441,$\frac{4}{5}$,4/5,1,OK
third run,full_text + noisy_diagram[irr_objects],447,$\frac{20}{29}$,20/29,1,OK
third run,full_text + noisy_diagram[irr_objects],449,$\frac{1}{x}$,1,0,OK
third run,full_text + noisy_diagram[irr_objects],457,$(x-1)^{2}+(y-3)^{2}=36$,(x-0)^2 + (y-0)^2 = 3^2,0,OK
third run,full_text + noisy_diagram[irr_objects],472,"(0,0)",O,0,OK
third run,full_text + noisy_diagram[pixel_noise],1,140°,20_deg,0,OK
third run,full_text + noisy_diagram[pixel_noise],2,65°,50_deg,0,OK
third run,full_text + noisy_diagram[pixel_noise],3,55°,35_deg,0,OK
third run,full_text + noisy_diagram[pixel_noise],4,27°,90_deg,0,OK
third run,full_text + noisy_diagram[pixel_noise],7,45°,85,0,OK
third run,full_text + noisy_diagram[pixel_noise],8,3cm,Unknown,0,OK
third run,full_text + noisy_diagram[pixel_noise],9,6cm,18_units,0,OK
third run,full_text + noisy_diagram[pixel_noise],10,72°,72,1,OK
third run,full_text + noisy_diagram[pixel_noise],11,84°,60_deg,0,OK
third run,full_text + noisy_diagram[pixel_noise],14,55°,35,0,OK
third run,full_text + noisy_diagram[pixel_noise],16,25°,25,1,OK
third run,full_text + noisy_diagram[pixel_noise],17,65°,66_deg,0,OK
third run,full_text + noisy_diagram[pixel_noise],20,20°,20_deg,1,OK
third run,full_text + noisy_diagram[pixel_noise],22,62°,28,0,OK
third run,full_text + noisy_diagram[pixel_noise],25,65°,50_deg,0,OK
third run,full_text + noisy_diagram[pixel_noise],26,12,22,0,OK
third run,full_text + noisy_diagram[pixel_noise],29,115°,50,0,OK
third run,full_text + noisy_diagram[pixel_noise],30,60°,30_deg,0,OK
third run,full_text + noisy_diagram[pixel_noise],32,76°,52,0,OK
third run,full_text + noisy_diagram[pixel_noise],34,80°,100_deg,0,OK
third run,full_text + noisy_diagram[pixel_noise],36,20°,25_deg,0,OK
third run,full_text + noisy_diagram[pixel_noise],37,25°,50_deg,0,OK
third run,full_text + noisy_diagram[pixel_noise],38,40°,35_deg,0,OK
third run,full_text + noisy_diagram[pixel_noise],40,50°,50_deg,1,OK
third run,full_text + noisy_diagram[pixel_noise],43,40°,100,0,OK
third run,full_text + noisy_diagram[pixel_noise],44,9m,1.5,0,OK
third run,full_text + noisy_diagram[pixel_noise],45,70°,35_deg,0,OK
third run,full_text + noisy_diagram[pixel_noise],46,110°,70_deg,0,OK
third run,full_text + noisy_diagram[pixel_noise],48,130°,50,0,OK
third run,full_text + noisy_diagram[pixel_noise],49,100°,35,0,OK
third run,full_text + noisy_diagram[pixel_noise],50,140°,40_deg,0,OK
third run,full_text + noisy_diagram[pixel_noise],53,55°,55_deg,1,OK
third run,full_text + noisy_diagram[pixel_noise],55,55°,4,0,OK
third run,full_text + noisy_diagram[pixel_noise],56,40°,80_deg,0,OK
third run,full_text + noisy_diagram[pixel_noise],57,20°,20_deg,1,OK
third run,full_text + noisy_diagram[pixel_noise],58,55°,55,1,OK
third run,full_text + noisy_diagram[pixel_noise],59,50°,80_deg,0,OK
third run,full_text + noisy_diagram[pixel_noise],60,45°,45,1,OK
third run,full_text + noisy_diagram[pixel_noise],64,40cm,160.0,0,OK
third run,full_text + noisy_diagram[pixel_noise],72,8cm,12,0,OK
third run,full_text + noisy_diagram[pixel_noise],73,140°,70,0,OK
third run,full_text + noisy_diagram[pixel_noise],78,125°,70_deg,0,OK
third run,full_text + noisy_diagram[pixel_noise],79,16cm,9,0,OK
third run,full_text + noisy_diagram[pixel_noise],81,25°,20_deg,0,OK
third run,full_text + noisy_diagram[pixel_noise],84,√{3},1.0,0,OK
third run,full_text + noisy_diagram[pixel_noise],86,2√{3},2.0_units,0,OK
third run,full_text + noisy_diagram[pixel_noise],88,128°,42_deg,0,OK
third run,full_text + noisy_diagram[pixel_noise],95,30°,60.0,0,OK
third run,full_text + noisy_diagram[pixel_noise],99,64°,64,1,OK
third run,full_text + noisy_diagram[pixel_noise],108,8m,5_units,0,OK
third run,full_text + noisy_diagram[pixel_noise],109,40°,90,0,OK
third run,full_text + noisy_diagram[pixel_noise],112,2.4,0.7,0,OK
third run,full_text + noisy_diagram[pixel_noise],114,\frac{1}{2}cm^{2},0.25,0,OK
third run,full_text + noisy_diagram[pixel_noise],115,4πcm,18,0,OK
third run,full_text + noisy_diagram[pixel_noise],117,2√{2}cm,3,0,OK
third run,full_text + noisy_diagram[pixel_noise],119,240cm^{2},24,0,OK
third run,full_text + noisy_diagram[pixel_noise],120,9πcm^{2},16π,0,OK
third run,full_text + noisy_diagram[pixel_noise],123,15π,12.0 * π,0,OK
third run,full_text + noisy_diagram[pixel_noise],128,4cm,12_units,0,OK
third run,full_text + noisy_diagram[pixel_noise],132,10.2m,0.6,0,OK
third run,full_text + noisy_diagram[pixel_noise],133,120m,80.0_m,0,OK
third run,full_text + noisy_diagram[pixel_noise],149,\frac{20}{3},5.0,0,OK
third run,full_text + noisy_diagram[pixel_noise],150,\frac{40}{7}m,9,0,OK
third run,full_text + noisy_diagram[pixel_noise],151,5.1,20_units,0,OK
third run,full_text + noisy_diagram[pixel_noise],152,4m,2.0,0,OK
third run,full_text + noisy_diagram[pixel_noise],153,1.5m,1.0,0,OK
third run,full_text + noisy_diagram[pixel_noise],157,\frac{3}{5},0.75,0,OK
third run,full_text + noisy_diagram[pixel_noise],165,\frac{√{3}}{2},0.5,0,OK_AFTER_JSON_REPAIR
third run,full_text + noisy_diagram[pixel_noise],198,60,60,1,OK
third run,full_text + noisy_diagram[pixel_noise],207,157.1,14.1,0,OK
third run,full_text + noisy_diagram[pixel_noise],210,15,Unknown,0,OK
third run,full_text + noisy_diagram[pixel_noise],211,38,83,0,OK
third run,full_text + noisy_diagram[pixel_noise],223,\sqrt{7},4,0,OK
third run,full_text + noisy_diagram[pixel_noise],239,8,11,0,OK
third run,full_text + noisy_diagram[pixel_noise],243,1591,1639,0,OK
third run,full_text + noisy_diagram[pixel_noise],257,15,5,0,OK
third run,full_text + noisy_diagram[pixel_noise],264,60,180,0,OK
third run,full_text + noisy_diagram[pixel_noise],281,0.38,0.88,0,OK
third run,full_text + noisy_diagram[pixel_noise],327,11.8,5.4,0,OK
third run,full_text + noisy_diagram[pixel_noise],348,285,177,0,OK
third run,full_text + noisy_diagram[pixel_noise],364,74.85,65.90,0,OK
third run,full_text + noisy_diagram[pixel_noise],365,23.9,45.0,0,OK
third run,full_text + noisy_diagram[pixel_noise],420,8,6_cm,0,OK
third run,full_text + noisy_diagram[pixel_noise],432,8.246,Cannot calculate,0,OK
third run,full_text + noisy_diagram[pixel_noise],438,\frac{(x+3)^2}{25}-\frac{(y+3)^2}{25}=1,No equation can be determined,0,OK
third run,full_text + noisy_diagram[pixel_noise],441,$\frac{4}{5}$,undefined,0,OK
third run,full_text + noisy_diagram[pixel_noise],447,$\frac{20}{29}$,20/29,1,OK
third run,full_text + noisy_diagram[pixel_noise],449,$\frac{1}{x}$,1,0,OK
third run,full_text + noisy_diagram[pixel_noise],457,$(x-1)^{2}+(y-3)^{2}=36$,()^2 + (y - 0)^2 = 3^2,0,OK
third run,full_text + noisy_diagram[pixel_noise],472,"(0,0)",O,0,OK
third run,half_text + half_diagram,1,140°,60_deg,0,OK
third run,half_text + half_diagram,2,65°,25_deg,0,OK
third run,half_text + half_diagram,3,55°,70_deg,0,OK
third run,half_text + half_diagram,4,27°,18_deg,0,OK
third run,half_text + half_diagram,7,45°,65_deg,0,OK
third run,half_text + half_diagram,8,3cm,3.0,1,OK
third run,half_text + half_diagram,9,6cm,18_units,0,OK
third run,half_text + half_diagram,10,72°,36,0,OK
third run,half_text + half_diagram,11,84°,36_deg,0,OK
third run,half_text + half_diagram,14,55°,35,0,OK
third run,half_text + half_diagram,16,25°,65_deg,0,OK
third run,half_text + half_diagram,17,65°,65_deg,1,OK
third run,half_text + half_diagram,20,20°,40_deg,0,OK
third run,half_text + half_diagram,22,62°,28,0,OK
third run,half_text + half_diagram,25,65°,50_deg,0,OK
third run,half_text + half_diagram,26,12,22.0,0,OK
third run,half_text + half_diagram,29,115°,50_deg,0,OK
third run,half_text + half_diagram,30,60°,30_deg,0,OK
third run,half_text + half_diagram,32,76°,52,0,OK
third run,half_text + half_diagram,34,80°,100_deg,0,OK
third run,half_text + half_diagram,36,20°,25_deg,0,OK
third run,half_text + half_diagram,37,25°,50_deg,0,OK
third run,half_text + half_diagram,38,40°,70_deg,0,OK
third run,half_text + half_diagram,40,50°,50_deg,1,OK
third run,half_text + half_diagram,43,40°,70_deg,0,OK
third run,half_text + half_diagram,44,9m,25,0,OK
third run,half_text + half_diagram,45,70°,35_deg,0,OK
third run,half_text + half_diagram,46,110°,110_deg,1,OK
third run,half_text + half_diagram,48,130°,100,0,OK
third run,half_text + half_diagram,49,100°,150_deg,0,OK
third run,half_text + half_diagram,50,140°,130_deg,0,OK
third run,half_text + half_diagram,53,55°,55_deg,1,OK
third run,half_text + half_diagram,55,55°,90,0,OK
third run,half_text + half_diagram,56,40°,20_deg,0,OK
third run,half_text + half_diagram,57,20°,150_deg,0,OK
third run,half_text + half_diagram,58,55°,35,0,OK
third run,half_text + half_diagram,59,50°,40_deg,0,OK
third run,half_text + half_diagram,60,45°,45_deg,1,OK
third run,half_text + half_diagram,64,40cm,160.0,0,OK
third run,half_text + half_diagram,72,8cm,16,0,OK
third run,half_text + half_diagram,73,140°,70_deg,0,OK
third run,half_text + half_diagram,78,125°,15_deg,0,OK
third run,half_text + half_diagram,79,16cm,24,0,OK
third run,half_text + half_diagram,81,25°,20_deg,0,OK
third run,half_text + half_diagram,84,√{3},equal to AB and AC,0,OK
third run,half_text + half_diagram,86,2√{3},equal to AB and AC,0,OK
third run,half_text + half_diagram,88,128°,20,0,OK
third run,half_text + half_diagram,95,30°,30_deg,1,OK
third run,half_text + half_diagram,99,64°,13_deg,0,OK
third run,half_text + half_diagram,108,8m,8.0,1,OK
third run,half_text + half_diagram,109,40°,undefined,0,OK
third run,half_text + half_diagram,112,2.4,2.5,0,OK
third run,half_text + half_diagram,114,\frac{1}{2}cm^{2},0.25 * π,0,OK
third run,half_text + half_diagram,115,4πcm,10_units,0,OK
third run,half_text + half_diagram,117,2√{2}cm,3,0,OK
third run,half_text + half_diagram,119,240cm^{2},24,0,OK
third run,half_text + half_diagram,120,9πcm^{2},πr^2,0,OK
third run,half_text + half_diagram,123,15π,12.0 * π,0,OK
third run,half_text + half_diagram,128,4cm,6,0,OK
third run,half_text + half_diagram,132,10.2m,0.6,0,OK
third run,half_text + half_diagram,133,120m,60_m,0,OK
third run,half_text + half_diagram,149,\frac{20}{3},Unknown,0,OK
third run,half_text + half_diagram,150,\frac{40}{7}m,3.0,0,OK
third run,half_text + half_diagram,151,5.1,1.7,0,OK
third run,half_text + half_diagram,152,4m,2.1,0,OK
third run,half_text + half_diagram,153,1.5m,1.0,0,OK
third run,half_text + half_diagram,157,\frac{3}{5},0.8,0,OK
third run,half_text + half_diagram,165,\frac{√{3}}{2},2*sqrt(13)/13,0,OK_AFTER_JSON_REPAIR
third run,half_text + half_diagram,198,60,10,0,OK
third run,half_text + half_diagram,207,157.1,0,0,OK
third run,half_text + half_diagram,210,15,12,0,OK
third run,half_text + half_diagram,211,38,42,0,OK
third run,half_text + half_diagram,223,\sqrt{7},5,0,OK
third run,half_text + half_diagram,239,8,4,0,OK
third run,half_text + half_diagram,243,1591,None,0,OK
third run,half_text + half_diagram,257,15,7,0,OK
third run,half_text + half_diagram,264,60,30_deg,0,OK
third run,half_text + half_diagram,281,0.38,0.26,0,OK
third run,half_text + half_diagram,327,11.8,10.7,0,OK
third run,half_text + half_diagram,348,285,44,0,OK
third run,half_text + half_diagram,364,74.85,35.50,0,OK
third run,half_text + half_diagram,365,23.9,24.7,0,OK
third run,half_text + half_diagram,420,8,6_cm,0,OK
third run,half_text + half_diagram,432,8.246,10,0,OK
third run,half_text + half_diagram,438,\frac{(x+3)^2}{25}-\frac{(y+3)^2}{25}=1,(y + 3)^2 = 0,0,OK
third run,half_text + half_diagram,441,$\frac{4}{5}$,0.5,0,OK
third run,half_text + half_diagram,447,$\frac{20}{29}$,0.5,0,OK
third run,half_text + half_diagram,449,$\frac{1}{x}$,1,0,OK
third run,half_text + half_diagram,457,$(x-1)^{2}+(y-3)^{2}=36$,(x-h)^2 + (y-k)^2 = r^2,0,OK
third run,half_text + half_diagram,472,"(0,0)",O,0,OK
third run,half_text + noisy_half_diagram[bg_change],1,140°,60_deg,0,OK
third run,half_text + noisy_half_diagram[bg_change],2,65°,50_deg,0,OK
third run,half_text + noisy_half_diagram[bg_change],3,55°,35_deg,0,OK
third run,half_text + noisy_half_diagram[bg_change],4,27°,18_deg,0,OK
third run,half_text + noisy_half_diagram[bg_change],7,45°,35_deg,0,OK
third run,half_text + noisy_half_diagram[bg_change],8,3cm,7.0,0,OK
third run,half_text + noisy_half_diagram[bg_change],9,6cm,18_units,0,OK
third run,half_text + noisy_half_diagram[bg_change],10,72°,36,0,OK
third run,half_text + noisy_half_diagram[bg_change],11,84°,84_deg,1,OK
third run,half_text + noisy_half_diagram[bg_change],14,55°,120,0,OK
third run,half_text + noisy_half_diagram[bg_change],16,25°,30,0,OK
third run,half_text + noisy_half_diagram[bg_change],17,65°,137_deg,0,OK
third run,half_text + noisy_half_diagram[bg_change],20,20°,70_deg,0,OK
third run,half_text + noisy_half_diagram[bg_change],22,62°,28_deg,0,OK
third run,half_text + noisy_half_diagram[bg_change],25,65°,50_deg,0,OK
third run,half_text + noisy_half_diagram[bg_change],26,12,8.0,0,OK
third run,half_text + noisy_half_diagram[bg_change],29,115°,50,0,OK
third run,half_text + noisy_half_diagram[bg_change],30,60°,30_deg,0,OK
third run,half_text + noisy_half_diagram[bg_change],32,76°,52_deg,0,OK
third run,half_text + noisy_half_diagram[bg_change],34,80°,100_deg,0,OK
third run,half_text + noisy_half_diagram[bg_change],36,20°,40_deg,0,OK
third run,half_text + noisy_half_diagram[bg_change],37,25°,50_deg,0,OK
third run,half_text + noisy_half_diagram[bg_change],38,40°,70_deg,0,OK
third run,half_text + noisy_half_diagram[bg_change],40,50°,50_deg,1,OK
third run,half_text + noisy_half_diagram[bg_change],43,40°,70_deg,0,OK
third run,half_text + noisy_half_diagram[bg_change],44,9m,1.5_units,0,OK
third run,half_text + noisy_half_diagram[bg_change],45,70°,35,0,OK
third run,half_text + noisy_half_diagram[bg_change],46,110°,70_deg,0,OK
third run,half_text + noisy_half_diagram[bg_change],48,130°,100,0,OK
third run,half_text + noisy_half_diagram[bg_change],49,100°,115,0,OK
third run,half_text + noisy_half_diagram[bg_change],50,140°,50_deg,0,OK
third run,half_text + noisy_half_diagram[bg_change],53,55°,55_deg,1,OK
third run,half_text + noisy_half_diagram[bg_change],55,55°,70,0,OK
third run,half_text + noisy_half_diagram[bg_change],56,40°,20_deg,0,OK
third run,half_text + noisy_half_diagram[bg_change],57,20°,160,0,OK
third run,half_text + noisy_half_diagram[bg_change],58,55°,35_deg,0,OK
third run,half_text + noisy_half_diagram[bg_change],59,50°,40_deg,0,OK
third run,half_text + noisy_half_diagram[bg_change],60,45°,135_deg,0,OK
third run,half_text + noisy_half_diagram[bg_change],64,40cm,160.0,0,OK
third run,half_text + noisy_half_diagram[bg_change],72,8cm,11,0,OK
third run,half_text + noisy_half_diagram[bg_change],73,140°,0,0,OK
third run,half_text + noisy_half_diagram[bg_change],78,125°,∠CAB / 2,0,OK
third run,half_text + noisy_half_diagram[bg_change],79,16cm,15_units,0,OK
third run,half_text + noisy_half_diagram[bg_change],81,25°,20_deg,0,OK
third run,half_text + noisy_half_diagram[bg_change],84,√{3},Cannot determine,0,OK
third run,half_text + noisy_half_diagram[bg_change],86,2√{3},equal to AB and AC,0,OK
third run,half_text + noisy_half_diagram[bg_change],88,128°,44,0,OK
third run,half_text + noisy_half_diagram[bg_change],95,30°,30_deg,1,OK
third run,half_text + noisy_half_diagram[bg_change],99,64°,13,0,OK
third run,half_text + noisy_half_diagram[bg_change],108,8m,8.0,1,OK
third run,half_text + noisy_half_diagram[bg_change],109,40°,not determinable,0,OK
third run,half_text + noisy_half_diagram[bg_change],112,2.4,2.5,0,OK
third run,half_text + noisy_half_diagram[bg_change],114,\frac{1}{2}cm^{2},0.25 * π,0,OK
third run,half_text + noisy_half_diagram[bg_change],115,4πcm,18,0,OK
third run,half_text + noisy_half_diagram[bg_change],117,2√{2}cm,3,0,OK
third run,half_text + noisy_half_diagram[bg_change],119,240cm^{2},30,0,OK
third run,half_text + noisy_half_diagram[bg_change],120,9πcm^{2},π * 5.0^2,0,OK
third run,half_text + noisy_half_diagram[bg_change],123,15π,12.0 * π,0,OK
third run,half_text + noisy_half_diagram[bg_change],128,4cm,6,0,OK
third run,half_text + noisy_half_diagram[bg_change],132,10.2m,0,0,OK
third run,half_text + noisy_half_diagram[bg_change],133,120m,60.0,0,OK
third run,half_text + noisy_half_diagram[bg_change],149,\frac{20}{3},Unknown,0,OK
third run,half_text + noisy_half_diagram[bg_change],150,\frac{40}{7}m,5/3,0,OK
third run,half_text + noisy_half_diagram[bg_change],151,5.1,20,0,OK
third run,half_text + noisy_half_diagram[bg_change],152,4m,1.6,0,OK
third run,half_text + noisy_half_diagram[bg_change],153,1.5m,1.0,0,OK
third run,half_text + noisy_half_diagram[bg_change],157,\frac{3}{5},0.8,0,OK
third run,half_text + noisy_half_diagram[bg_change],165,\frac{√{3}}{2},0.5,0,OK
third run,half_text + noisy_half_diagram[bg_change],198,60,169√3/4,0,OK
third run,half_text + noisy_half_diagram[bg_change],207,157.1,0,0,OK
third run,half_text + noisy_half_diagram[bg_change],210,15,12,0,OK
third run,half_text + noisy_half_diagram[bg_change],211,38,83,0,OK
third run,half_text + noisy_half_diagram[bg_change],223,\sqrt{7},5,0,OK
third run,half_text + noisy_half_diagram[bg_change],239,8,4,0,OK
third run,half_text + noisy_half_diagram[bg_change],243,1591,None,0,OK
third run,half_text + noisy_half_diagram[bg_change],257,15,12,0,OK
third run,half_text + noisy_half_diagram[bg_change],264,60,20,0,OK
third run,half_text + noisy_half_diagram[bg_change],281,0.38,0.42,1,OK
third run,half_text + noisy_half_diagram[bg_change],327,11.8,10.7,0,OK
third run,half_text + noisy_half_diagram[bg_change],348,285,198,0,OK
third run,half_text + noisy_half_diagram[bg_change],364,74.85,35.50,0,OK
third run,half_text + noisy_half_diagram[bg_change],365,23.9,53.0,0,OK
third run,half_text + noisy_half_diagram[bg_change],420,8,?,0,OK
third run,half_text + noisy_half_diagram[bg_change],432,8.246,7,0,OK_AFTER_JSON_REPAIR
third run,half_text + noisy_half_diagram[bg_change],438,\frac{(x+3)^2}{25}-\frac{(y+3)^2}{25}=1,(x^2/a^2) - (y^2/b^2) = 1,0,OK
third run,half_text + noisy_half_diagram[bg_change],441,$\frac{4}{5}$,1/2,0,OK
third run,half_text + noisy_half_diagram[bg_change],447,$\frac{20}{29}$,0,0,OK
third run,half_text + noisy_half_diagram[bg_change],449,$\frac{1}{x}$,2,0,OK
third run,half_text + noisy_half_diagram[bg_change],457,$(x-1)^{2}+(y-3)^{2}=36$,(x-0)^2 + (y-0)^2 = r^2,0,OK
third run,half_text + noisy_half_diagram[bg_change],472,"(0,0)",B,0,OK
third run,half_text + noisy_half_diagram[blur],1,140°,60_deg,0,OK
third run,half_text + noisy_half_diagram[blur],2,65°,25_deg,0,OK
third run,half_text + noisy_half_diagram[blur],3,55°,35,0,OK
third run,half_text + noisy_half_diagram[blur],4,27°,72_deg,0,OK
third run,half_text + noisy_half_diagram[blur],7,45°,30,0,OK
third run,half_text + noisy_half_diagram[blur],8,3cm,7_units,0,OK
third run,half_text + noisy_half_diagram[blur],9,6cm,Unknown,0,OK
third run,half_text + noisy_half_diagram[blur],10,72°,36_deg,0,OK
third run,half_text + noisy_half_diagram[blur],11,84°,60,0,OK
third run,half_text + noisy_half_diagram[blur],14,55°,Cannot be determined,0,OK
third run,half_text + noisy_half_diagram[blur],16,25°,25_deg,1,OK
third run,half_text + noisy_half_diagram[blur],17,65°,65_deg,1,OK
third run,half_text + noisy_half_diagram[blur],20,20°,70_deg,0,OK
third run,half_text + noisy_half_diagram[blur],22,62°,28_deg,0,OK
third run,half_text + noisy_half_diagram[blur],25,65°,50_deg,0,OK
third run,half_text + noisy_half_diagram[blur],26,12,22.0,0,OK
third run,half_text + noisy_half_diagram[blur],29,115°,40,0,OK
third run,half_text + noisy_half_diagram[blur],30,60°,30_deg,0,OK
third run,half_text + noisy_half_diagram[blur],32,76°,52,0,OK
third run,half_text + noisy_half_diagram[blur],34,80°,100_deg,0,OK
third run,half_text + noisy_half_diagram[blur],36,20°,50,0,OK
third run,half_text + noisy_half_diagram[blur],37,25°,50_deg,0,OK
third run,half_text + noisy_half_diagram[blur],38,40°,70_deg,0,OK
third run,half_text + noisy_half_diagram[blur],40,50°,50_deg,1,OK
third run,half_text + noisy_half_diagram[blur],43,40°,50_deg,0,OK
third run,half_text + noisy_half_diagram[blur],44,9m,1.5_units,0,OK
third run,half_text + noisy_half_diagram[blur],45,70°,35_deg,0,OK
third run,half_text + noisy_half_diagram[blur],46,110°,70_deg,0,OK
third run,half_text + noisy_half_diagram[blur],48,130°,100_deg,0,OK
third run,half_text + noisy_half_diagram[blur],49,100°,30,0,OK
third run,half_text + noisy_half_diagram[blur],50,140°,90_deg,0,OK
third run,half_text + noisy_half_diagram[blur],53,55°,55_deg,1,OK
third run,half_text + noisy_half_diagram[blur],55,55°,180,0,OK
third run,half_text + noisy_half_diagram[blur],56,40°,20_deg,0,OK
third run,half_text + noisy_half_diagram[blur],57,20°,160,0,OK
third run,half_text + noisy_half_diagram[blur],58,55°,55_deg,1,OK
third run,half_text + noisy_half_diagram[blur],59,50°,50_deg,1,OK
third run,half_text + noisy_half_diagram[blur],60,45°,135,0,OK
third run,half_text + noisy_half_diagram[blur],64,40cm,160.0,0,OK
third run,half_text + noisy_half_diagram[blur],72,8cm,8,1,OK
third run,half_text + noisy_half_diagram[blur],73,140°,60,0,OK
third run,half_text + noisy_half_diagram[blur],78,125°,90,0,OK
third run,half_text + noisy_half_diagram[blur],79,16cm,Not enough information,0,OK
third run,half_text + noisy_half_diagram[blur],81,25°,25,1,OK
third run,half_text + noisy_half_diagram[blur],84,√{3},Cannot be determined,0,OK
third run,half_text + noisy_half_diagram[blur],86,2√{3},equal to AB and AC,0,OK
third run,half_text + noisy_half_diagram[blur],88,128°,80,0,OK
third run,half_text + noisy_half_diagram[blur],95,30°,60,0,OK
third run,half_text + noisy_half_diagram[blur],99,64°,13_deg,0,OK
third run,half_text + noisy_half_diagram[blur],108,8m,8,1,OK
third run,half_text + noisy_half_diagram[blur],109,40°,40_deg,1,OK
third run,half_text + noisy_half_diagram[blur],112,2.4,2.5,0,OK
third run,half_text + noisy_half_diagram[blur],114,\frac{1}{2}cm^{2},0.25,0,OK
third run,half_text + noisy_half_diagram[blur],115,4πcm,AB,0,OK
third run,half_text + noisy_half_diagram[blur],117,2√{2}cm,3,0,OK
third run,half_text + noisy_half_diagram[blur],119,240cm^{2},cannot be calculated,0,OK
third run,half_text + noisy_half_diagram[blur],120,9πcm^{2},circle,0,OK
third run,half_text + noisy_half_diagram[blur],123,15π,12.0*PI,0,OK
third run,half_text + noisy_half_diagram[blur],128,4cm,No Answer,0,OK
third run,half_text + noisy_half_diagram[blur],132,10.2m,No specific height found,0,OK
third run,half_text + noisy_half_diagram[blur],133,120m,120,1,OK
third run,half_text + noisy_half_diagram[blur],149,\frac{20}{3},10,0,OK
third run,half_text + noisy_half_diagram[blur],150,\frac{40}{7}m,7/3,0,OK
third run,half_text + noisy_half_diagram[blur],151,5.1,20_units,0,OK
third run,half_text + noisy_half_diagram[blur],152,4m,1.6,0,OK
third run,half_text + noisy_half_diagram[blur],153,1.5m,1.0,0,OK
third run,half_text + noisy_half_diagram[blur],157,\frac{3}{5},0.8,0,OK
third run,half_text + noisy_half_diagram[blur],165,\frac{√{3}}{2},0.5,0,OK
third run,half_text + noisy_half_diagram[blur],198,60,169√3/4,0,OK
third run,half_text + noisy_half_diagram[blur],207,157.1,0,0,OK
third run,half_text + noisy_half_diagram[blur],210,15,16,0,OK
third run,half_text + noisy_half_diagram[blur],211,38,83,0,OK
third run,half_text + noisy_half_diagram[blur],223,\sqrt{7},5_units,0,OK
third run,half_text + noisy_half_diagram[blur],239,8,4,0,OK
third run,half_text + noisy_half_diagram[blur],243,1591,1735.98,0,OK
third run,half_text + noisy_half_diagram[blur],257,15,13,0,OK
third run,half_text + noisy_half_diagram[blur],264,60,10,0,OK
third run,half_text + noisy_half_diagram[blur],281,0.38,0.42,1,OK
third run,half_text + noisy_half_diagram[blur],327,11.8,10.7,0,OK
third run,half_text + noisy_half_diagram[blur],348,285,44,0,OK
third run,half_text + noisy_half_diagram[blur],364,74.85,65.90,0,OK
third run,half_text + noisy_half_diagram[blur],365,23.9,23.4,0,OK
third run,half_text + noisy_half_diagram[blur],420,8,x = 10,0,OK
third run,half_text + noisy_half_diagram[blur],432,8.246,7,0,OK_AFTER_JSON_REPAIR
third run,half_text + noisy_half_diagram[blur],438,\frac{(x+3)^2}{25}-\frac{(y+3)^2}{25}=1,((x+3)^2)/16 - ((y+3)^2)/9 = 1,0,OK
third run,half_text + noisy_half_diagram[blur],441,$\frac{4}{5}$,0.5,0,OK
third run,half_text + noisy_half_diagram[blur],447,$\frac{20}{29}$,0.5,0,OK
third run,half_text + noisy_half_diagram[blur],449,$\frac{1}{x}$,1,0,OK
third run,half_text + noisy_half_diagram[blur],457,$(x-1)^{2}+(y-3)^{2}=36$,(x-h)^2 + (y-k)^2 = r^2,0,OK
third run,half_text + noisy_half_diagram[blur],472,"(0,0)",O,0,OK
third run,half_text + noisy_half_diagram[illumination],1,140°,60_deg,0,OK
third run,half_text + noisy_half_diagram[illumination],2,65°,50_deg,0,OK
third run,half_text + noisy_half_diagram[illumination],3,55°,35,0,OK
third run,half_text + noisy_half_diagram[illumination],4,27°,108_deg,0,OK
third run,half_text + noisy_half_diagram[illumination],7,45°,30,0,OK
third run,half_text + noisy_half_diagram[illumination],8,3cm,5_units,0,OK
third run,half_text + noisy_half_diagram[illumination],9,6cm,18_units,0,OK
third run,half_text + noisy_half_diagram[illumination],10,72°,36,0,OK
third run,half_text + noisy_half_diagram[illumination],11,84°,60,0,OK
third run,half_text + noisy_half_diagram[illumination],14,55°,35,0,OK
third run,half_text + noisy_half_diagram[illumination],16,25°,50_deg,0,OK
third run,half_text + noisy_half_diagram[illumination],17,65°,65_deg,1,OK
third run,half_text + noisy_half_diagram[illumination],20,20°,20_deg,1,OK
third run,half_text + noisy_half_diagram[illumination],22,62°,28,0,OK
third run,half_text + noisy_half_diagram[illumination],25,65°,50,0,OK
third run,half_text + noisy_half_diagram[illumination],26,12,8.0,0,OK
third run,half_text + noisy_half_diagram[illumination],29,115°,50_deg,0,OK
third run,half_text + noisy_half_diagram[illumination],30,60°,30_deg,0,OK
third run,half_text + noisy_half_diagram[illumination],32,76°,52,0,OK
third run,half_text + noisy_half_diagram[illumination],34,80°,80_deg,1,OK
third run,half_text + noisy_half_diagram[illumination],36,20°,50_deg,0,OK_AFTER_JSON_REPAIR
third run,half_text + noisy_half_diagram[illumination],37,25°,25_deg,1,OK
third run,half_text + noisy_half_diagram[illumination],38,40°,70_deg,0,OK
third run,half_text + noisy_half_diagram[illumination],40,50°,50_deg,1,OK
third run,half_text + noisy_half_diagram[illumination],43,40°,100_deg,0,OK
third run,half_text + noisy_half_diagram[illumination],44,9m,1.5,0,OK
third run,half_text + noisy_half_diagram[illumination],45,70°,35,0,OK
third run,half_text + noisy_half_diagram[illumination],46,110°,110_deg,1,OK
third run,half_text + noisy_half_diagram[illumination],48,130°,100,0,OK
third run,half_text + noisy_half_diagram[illumination],49,100°,45_deg,0,OK
third run,half_text + noisy_half_diagram[illumination],50,140°,50_deg,0,OK
third run,half_text + noisy_half_diagram[illumination],53,55°,55_deg,1,OK
third run,half_text + noisy_half_diagram[illumination],55,55°,0,0,OK
third run,half_text + noisy_half_diagram[illumination],56,40°,90_deg,0,OK
third run,half_text + noisy_half_diagram[illumination],57,20°,160,0,OK
third run,half_text + noisy_half_diagram[illumination],58,55°,55_deg,1,OK
third run,half_text + noisy_half_diagram[illumination],59,50°,40_deg,0,OK
third run,half_text + noisy_half_diagram[illumination],60,45°,45_deg,1,OK
third run,half_text + noisy_half_diagram[illumination],64,40cm,160.0,0,OK
third run,half_text + noisy_half_diagram[illumination],72,8cm,unknown,0,OK
third run,half_text + noisy_half_diagram[illumination],73,140°,140,1,OK
third run,half_text + noisy_half_diagram[illumination],78,125°,∠CAE,0,OK
third run,half_text + noisy_half_diagram[illumination],79,16cm,Unknown,0,OK
third run,half_text + noisy_half_diagram[illumination],81,25°,45_deg,0,OK
third run,half_text + noisy_half_diagram[illumination],84,√{3},equal to AB and AC,0,OK
third run,half_text + noisy_half_diagram[illumination],86,2√{3},Cannot be determined,0,OK
third run,half_text + noisy_half_diagram[illumination],88,128°,42_deg,0,OK
third run,half_text + noisy_half_diagram[illumination],95,30°,60_deg,0,OK
third run,half_text + noisy_half_diagram[illumination],99,64°,90,0,OK
third run,half_text + noisy_half_diagram[illumination],108,8m,5,0,OK
third run,half_text + noisy_half_diagram[illumination],109,40°,not determinable,0,OK
third run,half_text + noisy_half_diagram[illumination],112,2.4,2.5,0,OK
third run,half_text + noisy_half_diagram[illumination],114,\frac{1}{2}cm^{2},0,0,OK
third run,half_text + noisy_half_diagram[illumination],115,4πcm,15.71_units,0,OK
third run,half_text + noisy_half_diagram[illumination],117,2√{2}cm,3,0,OK
third run,half_text + noisy_half_diagram[illumination],119,240cm^{2},24.0,0,OK
third run,half_text + noisy_half_diagram[illumination],120,9πcm^{2},25.0 * π,0,OK
third run,half_text + noisy_half_diagram[illumination],123,15π,12.0 * π,0,OK
third run,half_text + noisy_half_diagram[illumination],128,4cm,6,0,OK
third run,half_text + noisy_half_diagram[illumination],132,10.2m,0.6,0,OK
third run,half_text + noisy_half_diagram[illumination],133,120m,80.0,0,OK
third run,half_text + noisy_half_diagram[illumination],149,\frac{20}{3},8,0,OK
third run,half_text + noisy_half_diagram[illumination],150,\frac{40}{7}m,BC,0,OK
third run,half_text + noisy_half_diagram[illumination],151,5.1,5_units,0,OK
third run,half_text + noisy_half_diagram[illumination],152,4m,3,0,OK
third run,half_text + noisy_half_diagram[illumination],153,1.5m,1.8,0,OK
third run,half_text + noisy_half_diagram[illumination],157,\frac{3}{5},0.75,0,OK
third run,half_text + noisy_half_diagram[illumination],165,\frac{√{3}}{2},0,0,OK
third run,half_text + noisy_half_diagram[illumination],198,60,Unknown,0,OK
third run,half_text + noisy_half_diagram[illumination],207,157.1,0,0,OK
third run,half_text + noisy_half_diagram[illumination],210,15,12,0,OK
third run,half_text + noisy_half_diagram[illumination],211,38,83,0,OK
third run,half_text + noisy_half_diagram[illumination],223,\sqrt{7},5,0,OK
third run,half_text + noisy_half_diagram[illumination],239,8,4,0,OK
third run,half_text + noisy_half_diagram[illumination],243,1591,1776,0,OK
third run,half_text + noisy_half_diagram[illumination],257,15,5,0,OK
third run,half_text + noisy_half_diagram[illumination],264,60,90,0,OK
third run,half_text + noisy_half_diagram[illumination],281,0.38,0.38,1,OK
third run,half_text + noisy_half_diagram[illumination],327,11.8,5.2,0,OK
third run,half_text + noisy_half_diagram[illumination],348,285,44,0,OK
third run,half_text + noisy_half_diagram[illumination],364,74.85,35.50,0,OK
third run,half_text + noisy_half_diagram[illumination],365,23.9,30.0,0,OK
third run,half_text + noisy_half_diagram[illumination],420,8,,0,OK_AFTER_JSON_REPAIR
third run,half_text + noisy_half_diagram[illumination],432,8.246,7,0,OK_AFTER_JSON_REPAIR
third run,half_text + noisy_half_diagram[illumination],438,\frac{(x+3)^2}{25}-\frac{(y+3)^2}{25}=1,(y^2/9) - (x^2/9) = 1,0,OK
third run,half_text + noisy_half_diagram[illumination],441,$\frac{4}{5}$,0.5,0,OK
third run,half_text + noisy_half_diagram[illumination],447,$\frac{20}{29}$,0.5,0,OK
third run,half_text + noisy_half_diagram[illumination],449,$\frac{1}{x}$,2,0,OK
third run,half_text + noisy_half_diagram[illumination],457,$(x-1)^{2}+(y-3)^{2}=36$,(x-0)^2 + (y-0)^2 = r^2,0,OK
third run,half_text + noisy_half_diagram[illumination],472,"(0,0)",O,0,OK
third run,half_text + noisy_half_diagram[irr_objects],1,140°,80_deg,0,OK
third run,half_text + noisy_half_diagram[irr_objects],2,65°,50_deg,0,OK
third run,half_text + noisy_half_diagram[irr_objects],3,55°,40_deg,0,OK
third run,half_text + noisy_half_diagram[irr_objects],4,27°,36_deg,0,OK
third run,half_text + noisy_half_diagram[irr_objects],7,45°,35,0,OK
third run,half_text + noisy_half_diagram[irr_objects],8,3cm,5_units,0,OK
third run,half_text + noisy_half_diagram[irr_objects],9,6cm,18_units,0,OK
third run,half_text + noisy_half_diagram[irr_objects],10,72°,18_deg,0,OK
third run,half_text + noisy_half_diagram[irr_objects],11,84°,36_deg,0,OK
third run,half_text + noisy_half_diagram[irr_objects],14,55°,cannot be determined,0,OK
third run,half_text + noisy_half_diagram[irr_objects],16,25°,25_deg,1,OK
third run,half_text + noisy_half_diagram[irr_objects],17,65°,65_deg,1,OK
third run,half_text + noisy_half_diagram[irr_objects],20,20°,70_deg,0,OK
third run,half_text + noisy_half_diagram[irr_objects],22,62°,28,0,OK
third run,half_text + noisy_half_diagram[irr_objects],25,65°,50_deg,0,OK
third run,half_text + noisy_half_diagram[irr_objects],26,12,22.0_m,0,OK
third run,half_text + noisy_half_diagram[irr_objects],29,115°,50,0,OK
third run,half_text + noisy_half_diagram[irr_objects],30,60°,30_deg,0,OK
third run,half_text + noisy_half_diagram[irr_objects],32,76°,52,0,OK
third run,half_text + noisy_half_diagram[irr_objects],34,80°,100_deg,0,OK
third run,half_text + noisy_half_diagram[irr_objects],36,20°,40,0,OK
third run,half_text + noisy_half_diagram[irr_objects],37,25°,50_deg,0,OK
third run,half_text + noisy_half_diagram[irr_objects],38,40°,70_deg,0,OK
third run,half_text + noisy_half_diagram[irr_objects],40,50°,60_deg,0,OK
third run,half_text + noisy_half_diagram[irr_objects],43,40°,50_deg,0,OK
third run,half_text + noisy_half_diagram[irr_objects],44,9m,30_units,0,OK
third run,half_text + noisy_half_diagram[irr_objects],45,70°,35,0,OK
third run,half_text + noisy_half_diagram[irr_objects],46,110°,70_deg,0,OK
third run,half_text + noisy_half_diagram[irr_objects],48,130°,50_deg,0,OK
third run,half_text + noisy_half_diagram[irr_objects],49,100°,115,0,OK
third run,half_text + noisy_half_diagram[irr_objects],50,140°,50_deg,0,OK
third run,half_text + noisy_half_diagram[irr_objects],53,55°,55_deg,1,OK
third run,half_text + noisy_half_diagram[irr_objects],55,55°,70,0,OK
third run,half_text + noisy_half_diagram[irr_objects],56,40°,20_deg,0,OK
third run,half_text + noisy_half_diagram[irr_objects],57,20°,160,0,OK
third run,half_text + noisy_half_diagram[irr_objects],58,55°,55_deg,1,OK
third run,half_text + noisy_half_diagram[irr_objects],59,50°,40_deg,0,OK
third run,half_text + noisy_half_diagram[irr_objects],60,45°,45,1,OK
third run,half_text + noisy_half_diagram[irr_objects],64,40cm,160.0,0,OK
third run,half_text + noisy_half_diagram[irr_objects],72,8cm,16,0,OK
third run,half_text + noisy_half_diagram[irr_objects],73,140°,0,0,OK
third run,half_text + noisy_half_diagram[irr_objects],78,125°,90,0,OK
third run,half_text + noisy_half_diagram[irr_objects],79,16cm,6,0,OK
third run,half_text + noisy_half_diagram[irr_objects],81,25°,40,0,OK
third run,half_text + noisy_half_diagram[irr_objects],84,√{3},cannot be determined,0,OK
third run,half_text + noisy_half_diagram[irr_objects],86,2√{3},Unknown,0,OK
third run,half_text + noisy_half_diagram[irr_objects],88,128°,42,0,OK
third run,half_text + noisy_half_diagram[irr_objects],95,30°,60,0,OK
third run,half_text + noisy_half_diagram[irr_objects],99,64°,13_deg,0,OK
third run,half_text + noisy_half_diagram[irr_objects],108,8m,8.0,1,OK
third run,half_text + noisy_half_diagram[irr_objects],109,40°,40,1,OK
third run,half_text + noisy_half_diagram[irr_objects],112,2.4,2.5,0,OK
third run,half_text + noisy_half_diagram[irr_objects],114,\frac{1}{2}cm^{2},π/4,0,OK
third run,half_text + noisy_half_diagram[irr_objects],115,4πcm,120_deg,0,OK
third run,half_text + noisy_half_diagram[irr_objects],117,2√{2}cm,3,0,OK
third run,half_text + noisy_half_diagram[irr_objects],119,240cm^{2},Cannot be determined,0,OK
third run,half_text + noisy_half_diagram[irr_objects],120,9πcm^{2},0,0,OK
third run,half_text + noisy_half_diagram[irr_objects],123,15π,12.0 * π,0,OK
third run,half_text + noisy_half_diagram[irr_objects],128,4cm,5_units,0,OK
third run,half_text + noisy_half_diagram[irr_objects],132,10.2m,12,0,OK
third run,half_text + noisy_half_diagram[irr_objects],133,120m,100.0,0,OK
third run,half_text + noisy_half_diagram[irr_objects],149,\frac{20}{3},3.0,0,OK
third run,half_text + noisy_half_diagram[irr_objects],150,\frac{40}{7}m,BC = sqrt(2^2 + (7/3)^2) = sqrt(4 + 49/9) = sqrt((36 + 49)/9) = sqrt(85/9) = sqrt(85)/3,0,OK
third run,half_text + noisy_half_diagram[irr_objects],151,5.1,5_units,0,OK
third run,half_text + noisy_half_diagram[irr_objects],152,4m,3.0,0,OK
third run,half_text + noisy_half_diagram[irr_objects],153,1.5m,1.8,0,OK
third run,half_text + noisy_half_diagram[irr_objects],157,\frac{3}{5},0.8,0,OK
third run,half_text + noisy_half_diagram[irr_objects],165,\frac{√{3}}{2},undefined,0,OK
third run,half_text + noisy_half_diagram[irr_objects],198,60,169.5,0,OK
third run,half_text + noisy_half_diagram[irr_objects],207,157.1,0.0,0,OK
third run,half_text + noisy_half_diagram[irr_objects],210,15,12,0,OK
third run,half_text + noisy_half_diagram[irr_objects],211,38,83,0,OK
third run,half_text + noisy_half_diagram[irr_objects],223,\sqrt{7},5,0,OK
third run,half_text + noisy_half_diagram[irr_objects],239,8,4,0,OK
third run,half_text + noisy_half_diagram[irr_objects],243,1591,1738.8,0,OK
third run,half_text + noisy_half_diagram[irr_objects],257,15,17,0,OK
third run,half_text + noisy_half_diagram[irr_objects],264,60,10x,0,OK
third run,half_text + noisy_half_diagram[irr_objects],281,0.38,0.96,0,OK
third run,half_text + noisy_half_diagram[irr_objects],327,11.8,10.7,0,OK
third run,half_text + noisy_half_diagram[irr_objects],348,285,44,0,OK
third run,half_text + noisy_half_diagram[irr_objects],364,74.85,73.30,0,OK
third run,half_text + noisy_half_diagram[irr_objects],365,23.9,0.2,0,OK
third run,half_text + noisy_half_diagram[irr_objects],420,8,10,0,OK
third run,half_text + noisy_half_diagram[irr_objects],432,8.246,7,0,OK
third run,half_text + noisy_half_diagram[irr_objects],438,\frac{(x+3)^2}{25}-\frac{(y+3)^2}{25}=1,(x^2/a^2) - (y^2/b^2) = 1,0,OK
third run,half_text + noisy_half_diagram[irr_objects],441,$\frac{4}{5}$,3/5,0,OK
third run,half_text + noisy_half_diagram[irr_objects],447,$\frac{20}{29}$,0,0,OK
third run,half_text + noisy_half_diagram[irr_objects],449,$\frac{1}{x}$,2,0,OK
third run,half_text + noisy_half_diagram[irr_objects],457,$(x-1)^{2}+(y-3)^{2}=36$,(x-h)^2 + (y-k)^2 = r^2,0,OK
third run,half_text + noisy_half_diagram[irr_objects],472,"(0,0)",B,0,OK
third run,half_text + noisy_half_diagram[pixel_noise],1,140°,80_deg,0,OK
third run,half_text + noisy_half_diagram[pixel_noise],2,65°,50_deg,0,OK
third run,half_text + noisy_half_diagram[pixel_noise],3,55°,70_deg,0,OK
third run,half_text + noisy_half_diagram[pixel_noise],4,27°,90_deg,0,OK
third run,half_text + noisy_half_diagram[pixel_noise],7,45°,35,0,OK
third run,half_text + noisy_half_diagram[pixel_noise],8,3cm,5.0,0,OK
third run,half_text + noisy_half_diagram[pixel_noise],9,6cm,18_units,0,OK
third run,half_text + noisy_half_diagram[pixel_noise],10,72°,36,0,OK
third run,half_text + noisy_half_diagram[pixel_noise],11,84°,108,0,OK
third run,half_text + noisy_half_diagram[pixel_noise],14,55°,35_deg,0,OK
third run,half_text + noisy_half_diagram[pixel_noise],16,25°,25_deg,1,OK
third run,half_text + noisy_half_diagram[pixel_noise],17,65°,78_deg,0,OK
third run,half_text + noisy_half_diagram[pixel_noise],20,20°,20_deg,1,OK
third run,half_text + noisy_half_diagram[pixel_noise],22,62°,28,0,OK
third run,half_text + noisy_half_diagram[pixel_noise],25,65°,50_deg,0,OK
third run,half_text + noisy_half_diagram[pixel_noise],26,12,22_m,0,OK_AFTER_JSON_REPAIR
third run,half_text + noisy_half_diagram[pixel_noise],29,115°,50_deg,0,OK
third run,half_text + noisy_half_diagram[pixel_noise],30,60°,30_deg,0,OK
third run,half_text + noisy_half_diagram[pixel_noise],32,76°,26,0,OK
third run,half_text + noisy_half_diagram[pixel_noise],34,80°,100_deg,0,OK
third run,half_text + noisy_half_diagram[pixel_noise],36,20°,25_deg,0,OK
third run,half_text + noisy_half_diagram[pixel_noise],37,25°,50_deg,0,OK
third run,half_text + noisy_half_diagram[pixel_noise],38,40°,70_deg,0,OK
third run,half_text + noisy_half_diagram[pixel_noise],40,50°,50_deg,1,OK
third run,half_text + noisy_half_diagram[pixel_noise],43,40°,50,0,OK
third run,half_text + noisy_half_diagram[pixel_noise],44,9m,1.5,0,OK
third run,half_text + noisy_half_diagram[pixel_noise],45,70°,35_deg,0,OK
third run,half_text + noisy_half_diagram[pixel_noise],46,110°,70_deg,0,OK
third run,half_text + noisy_half_diagram[pixel_noise],48,130°,100_deg,0,OK
third run,half_text + noisy_half_diagram[pixel_noise],49,100°,30_deg,0,OK
third run,half_text + noisy_half_diagram[pixel_noise],50,140°,50_deg,0,OK
third run,half_text + noisy_half_diagram[pixel_noise],53,55°,55_deg,1,OK
third run,half_text + noisy_half_diagram[pixel_noise],55,55°,0,0,OK
third run,half_text + noisy_half_diagram[pixel_noise],56,40°,20,0,OK
third run,half_text + noisy_half_diagram[pixel_noise],57,20°,20,1,OK
third run,half_text + noisy_half_diagram[pixel_noise],58,55°,55,1,OK
third run,half_text + noisy_half_diagram[pixel_noise],59,50°,40_deg,0,OK
third run,half_text + noisy_half_diagram[pixel_noise],60,45°,45_deg,1,OK
third run,half_text + noisy_half_diagram[pixel_noise],64,40cm,160.0,0,OK
third run,half_text + noisy_half_diagram[pixel_noise],72,8cm,18,0,OK
third run,half_text + noisy_half_diagram[pixel_noise],73,140°,70,0,OK
third run,half_text + noisy_half_diagram[pixel_noise],78,125°,∠CAB,0,OK
third run,half_text + noisy_half_diagram[pixel_noise],79,16cm,unknown,0,OK
third run,half_text + noisy_half_diagram[pixel_noise],81,25°,30,0,OK
third run,half_text + noisy_half_diagram[pixel_noise],84,√{3},equal to AB and AC,0,OK
third run,half_text + noisy_half_diagram[pixel_noise],86,2√{3},Cannot be determined,0,OK
third run,half_text + noisy_half_diagram[pixel_noise],88,128°,42_deg,0,OK
third run,half_text + noisy_half_diagram[pixel_noise],95,30°,60_deg,0,OK
third run,half_text + noisy_half_diagram[pixel_noise],99,64°,64,1,OK
third run,half_text + noisy_half_diagram[pixel_noise],108,8m,8.0,1,OK
third run,half_text + noisy_half_diagram[pixel_noise],109,40°,?,0,OK
third run,half_text + noisy_half_diagram[pixel_noise],112,2.4,2.5,0,OK
third run,half_text + noisy_half_diagram[pixel_noise],114,\frac{1}{2}cm^{2},0.785398,0,OK
third run,half_text + noisy_half_diagram[pixel_noise],115,4πcm,12,0,OK
third run,half_text + noisy_half_diagram[pixel_noise],117,2√{2}cm,3,0,OK
third run,half_text + noisy_half_diagram[pixel_noise],119,240cm^{2},The area is not calculable with given data,0,OK
third run,half_text + noisy_half_diagram[pixel_noise],120,9πcm^{2},16π,0,OK
third run,half_text + noisy_half_diagram[pixel_noise],123,15π,12.0 * π,0,OK
third run,half_text + noisy_half_diagram[pixel_noise],128,4cm,6,0,OK
third run,half_text + noisy_half_diagram[pixel_noise],132,10.2m,2,0,OK
third run,half_text + noisy_half_diagram[pixel_noise],133,120m,80.0,0,OK
third run,half_text + noisy_half_diagram[pixel_noise],149,\frac{20}{3},10.0,0,OK
third run,half_text + noisy_half_diagram[pixel_noise],150,\frac{40}{7}m,5/3,0,OK
third run,half_text + noisy_half_diagram[pixel_noise],151,5.1,The height of the tree is not directly given,0,OK
third run,half_text + noisy_half_diagram[pixel_noise],152,4m,3.0,0,OK
third run,half_text + noisy_half_diagram[pixel_noise],153,1.5m,1.0,0,OK
third run,half_text + noisy_half_diagram[pixel_noise],157,\frac{3}{5},0.8,0,OK
third run,half_text + noisy_half_diagram[pixel_noise],165,\frac{√{3}}{2},Cannot Determine,0,OK
third run,half_text + noisy_half_diagram[pixel_noise],198,60,169√3/4,0,OK_AFTER_JSON_REPAIR
third run,half_text + noisy_half_diagram[pixel_noise],207,157.1,0,0,OK
third run,half_text + noisy_half_diagram[pixel_noise],210,15,12,0,OK
third run,half_text + noisy_half_diagram[pixel_noise],211,38,83,0,OK
third run,half_text + noisy_half_diagram[pixel_noise],223,\sqrt{7},5,0,OK
third run,half_text + noisy_half_diagram[pixel_noise],239,8,4,0,OK
third run,half_text + noisy_half_diagram[pixel_noise],243,1591,73.8,0,OK
third run,half_text + noisy_half_diagram[pixel_noise],257,15,unknown,0,OK
third run,half_text + noisy_half_diagram[pixel_noise],264,60,40,0,OK
third run,half_text + noisy_half_diagram[pixel_noise],281,0.38,0.42,1,OK
third run,half_text + noisy_half_diagram[pixel_noise],327,11.8,10.7,0,OK
third run,half_text + noisy_half_diagram[pixel_noise],348,285,10,0,OK
third run,half_text + noisy_half_diagram[pixel_noise],364,74.85,35.50,0,OK
third run,half_text + noisy_half_diagram[pixel_noise],365,23.9,103.7,0,OK
third run,half_text + noisy_half_diagram[pixel_noise],420,8,x = 16,0,OK
third run,half_text + noisy_half_diagram[pixel_noise],432,8.246,7,0,OK
third run,half_text + noisy_half_diagram[pixel_noise],438,\frac{(x+3)^2}{25}-\frac{(y+3)^2}{25}=1,(x+3)^2/1 - (y+3)^2/25 = 1,0,OK
third run,half_text + noisy_half_diagram[pixel_noise],441,$\frac{4}{5}$,1/2,0,OK
third run,half_text + noisy_half_diagram[pixel_noise],447,$\frac{20}{29}$,0.866,0,OK_AFTER_JSON_REPAIR
third run,half_text + noisy_half_diagram[pixel_noise],449,$\frac{1}{x}$,2,0,OK
third run,half_text + noisy_half_diagram[pixel_noise],457,$(x-1)^{2}+(y-3)^{2}=36$,(x-h)^2 + (y-k)^2 = r^2,0,OK
third run,half_text + noisy_half_diagram[pixel_noise],472,"(0,0)","(7, -5)",0,OK
third run,noisy_half_text[numeric] + half_diagram,1,140°,80_deg,0,OK
third run,noisy_half_text[numeric] + half_diagram,2,65°,50_deg,0,OK
third run,noisy_half_text[numeric] + half_diagram,3,55°,70,0,OK
third run,noisy_half_text[numeric] + half_diagram,4,27°,72_deg,0,OK
third run,noisy_half_text[numeric] + half_diagram,7,45°,25,0,OK
third run,noisy_half_text[numeric] + half_diagram,8,3cm,5_units,0,OK
third run,noisy_half_text[numeric] + half_diagram,9,6cm,18,0,OK
third run,noisy_half_text[numeric] + half_diagram,10,72°,72,1,OK
third run,noisy_half_text[numeric] + half_diagram,11,84°,84_deg,1,OK
third run,noisy_half_text[numeric] + half_diagram,14,55°,35,0,OK
third run,noisy_half_text[numeric] + half_diagram,16,25°,30,0,OK
third run,noisy_half_text[numeric] + half_diagram,17,65°,118_deg,0,OK
third run,noisy_half_text[numeric] + half_diagram,20,20°,20_deg,1,OK
third run,noisy_half_text[numeric] + half_diagram,22,62°,28,0,OK
third run,noisy_half_text[numeric] + half_diagram,25,65°,50_deg,0,OK
third run,noisy_half_text[numeric] + half_diagram,26,12,22.0_m,0,OK
third run,noisy_half_text[numeric] + half_diagram,29,115°,50,0,OK
third run,noisy_half_text[numeric] + half_diagram,30,60°,30_deg,0,OK
third run,noisy_half_text[numeric] + half_diagram,32,76°,52,0,OK
third run,noisy_half_text[numeric] + half_diagram,34,80°,100_deg,0,OK
third run,noisy_half_text[numeric] + half_diagram,36,20°,60_deg,0,OK
third run,noisy_half_text[numeric] + half_diagram,37,25°,25_deg,1,OK
third run,noisy_half_text[numeric] + half_diagram,38,40°,20_deg,0,OK
third run,noisy_half_text[numeric] + half_diagram,40,50°,50,1,OK
third run,noisy_half_text[numeric] + half_diagram,43,40°,50,0,OK
third run,noisy_half_text[numeric] + half_diagram,44,9m,30.0,0,OK
third run,noisy_half_text[numeric] + half_diagram,45,70°,35_deg,0,OK
third run,noisy_half_text[numeric] + half_diagram,46,110°,70,0,OK
third run,noisy_half_text[numeric] + half_diagram,48,130°,100_deg,0,OK
third run,noisy_half_text[numeric] + half_diagram,49,100°,30,0,OK
third run,noisy_half_text[numeric] + half_diagram,50,140°,50_deg,0,OK
third run,noisy_half_text[numeric] + half_diagram,53,55°,155,1,OK
third run,noisy_half_text[numeric] + half_diagram,55,55°,90,0,OK
third run,noisy_half_text[numeric] + half_diagram,56,40°,20_deg,0,OK
third run,noisy_half_text[numeric] + half_diagram,57,20°,20_deg,1,OK
third run,noisy_half_text[numeric] + half_diagram,58,55°,35_deg,0,OK
third run,noisy_half_text[numeric] + half_diagram,59,50°,40_deg,0,OK
third run,noisy_half_text[numeric] + half_diagram,60,45°,135_deg,0,OK
third run,noisy_half_text[numeric] + half_diagram,64,40cm,160.0,0,OK
third run,noisy_half_text[numeric] + half_diagram,72,8cm,6,0,OK
third run,noisy_half_text[numeric] + half_diagram,73,140°,0,0,OK
third run,noisy_half_text[numeric] + half_diagram,78,125°,∠ACB,0,OK
third run,noisy_half_text[numeric] + half_diagram,79,16cm,undefined,0,OK
third run,noisy_half_text[numeric] + half_diagram,81,25°,30,0,OK
third run,noisy_half_text[numeric] + half_diagram,84,√{3},Cannot determine,0,OK
third run,noisy_half_text[numeric] + half_diagram,86,2√{3},Unknown,0,OK
third run,noisy_half_text[numeric] + half_diagram,88,128°,42_deg,0,OK
third run,noisy_half_text[numeric] + half_diagram,95,30°,60_deg,0,OK
third run,noisy_half_text[numeric] + half_diagram,99,64°,No answer,0,OK
third run,noisy_half_text[numeric] + half_diagram,108,8m,5_units,0,OK
third run,noisy_half_text[numeric] + half_diagram,109,40°,40_deg,1,OK
third run,noisy_half_text[numeric] + half_diagram,112,2.4,2.5,0,OK
third run,noisy_half_text[numeric] + half_diagram,114,\frac{1}{2}cm^{2},0.25,0,OK
third run,noisy_half_text[numeric] + half_diagram,115,4πcm,120_deg,0,OK
third run,noisy_half_text[numeric] + half_diagram,117,2√{2}cm,No answer,0,OK
third run,noisy_half_text[numeric] + half_diagram,119,240cm^{2},20π,0,OK
third run,noisy_half_text[numeric] + half_diagram,120,9πcm^{2},16π,0,OK
third run,noisy_half_text[numeric] + half_diagram,123,15π,12π,0,OK
third run,noisy_half_text[numeric] + half_diagram,128,4cm,12,0,OK
third run,noisy_half_text[numeric] + half_diagram,132,10.2m,2,0,OK
third run,noisy_half_text[numeric] + half_diagram,133,120m,60.0,0,OK
third run,noisy_half_text[numeric] + half_diagram,149,\frac{20}{3},3.0,0,OK
third run,noisy_half_text[numeric] + half_diagram,150,\frac{40}{7}m,7/3,0,OK
third run,noisy_half_text[numeric] + half_diagram,151,5.1,No Answer,0,OK
third run,noisy_half_text[numeric] + half_diagram,152,4m,2.1,0,OK
third run,noisy_half_text[numeric] + half_diagram,153,1.5m,1.8,0,OK
third run,noisy_half_text[numeric] + half_diagram,157,\frac{3}{5},0.8,0,OK
third run,noisy_half_text[numeric] + half_diagram,165,\frac{√{3}}{2},not computable,0,OK
third run,noisy_half_text[numeric] + half_diagram,198,60,Not calculable,0,OK
third run,noisy_half_text[numeric] + half_diagram,207,157.1,0,0,OK
third run,noisy_half_text[numeric] + half_diagram,210,15,5,0,OK
third run,noisy_half_text[numeric] + half_diagram,211,38,33,0,OK
third run,noisy_half_text[numeric] + half_diagram,223,\sqrt{7},5_units,0,OK
third run,noisy_half_text[numeric] + half_diagram,239,8,4,0,OK
third run,noisy_half_text[numeric] + half_diagram,243,1591,None,0,OK
third run,noisy_half_text[numeric] + half_diagram,257,15,16,0,OK
third run,noisy_half_text[numeric] + half_diagram,264,60,2_deg,0,OK
third run,noisy_half_text[numeric] + half_diagram,281,0.38,0.42,1,OK
third run,noisy_half_text[numeric] + half_diagram,327,11.8,6.4,0,OK
third run,noisy_half_text[numeric] + half_diagram,348,285,44,0,OK
third run,noisy_half_text[numeric] + half_diagram,364,74.85,65.90,0,OK
third run,noisy_half_text[numeric] + half_diagram,365,23.9,10.3,0,OK
third run,noisy_half_text[numeric] + half_diagram,420,8,Unknown,0,OK
third run,noisy_half_text[numeric] + half_diagram,432,8.246,5,0,OK_AFTER_JSON_REPAIR
third run,noisy_half_text[numeric] + half_diagram,438,\frac{(x+3)^2}{25}-\frac{(y+3)^2}{25}=1,(y + 3)^2 / 1 - (x + 3)^2 / 25 = 1,0,OK
third run,noisy_half_text[numeric] + half_diagram,441,$\frac{4}{5}$,0.5,0,OK
third run,noisy_half_text[numeric] + half_diagram,447,$\frac{20}{29}$,unknown,0,OK
third run,noisy_half_text[numeric] + half_diagram,449,$\frac{1}{x}$,2,0,OK
third run,noisy_half_text[numeric] + half_diagram,457,$(x-1)^{2}+(y-3)^{2}=36$,(x-0)^2 + (y-0)^2 = (5/2)^2,0,OK
third run,noisy_half_text[numeric] + half_diagram,472,"(0,0)",O,0,OK
third run,noisy_half_text[punctuation] + half_diagram,1,140°,60_deg,0,OK
third run,noisy_half_text[punctuation] + half_diagram,2,65°,50_deg,0,OK
third run,noisy_half_text[punctuation] + half_diagram,3,55°,35,0,OK
third run,noisy_half_text[punctuation] + half_diagram,4,27°,18_deg,0,OK
third run,noisy_half_text[punctuation] + half_diagram,7,45°,40_deg,0,OK
third run,noisy_half_text[punctuation] + half_diagram,8,3cm,5_units,0,OK
third run,noisy_half_text[punctuation] + half_diagram,9,6cm,18.0,0,OK_AFTER_JSON_REPAIR
third run,noisy_half_text[punctuation] + half_diagram,10,72°,36,0,OK
third run,noisy_half_text[punctuation] + half_diagram,11,84°,90,0,OK
third run,noisy_half_text[punctuation] + half_diagram,14,55°,180,0,OK
third run,noisy_half_text[punctuation] + half_diagram,16,25°,25_deg,1,OK
third run,noisy_half_text[punctuation] + half_diagram,17,65°,42_deg,0,OK
third run,noisy_half_text[punctuation] + half_diagram,20,20°,70,0,OK
third run,noisy_half_text[punctuation] + half_diagram,22,62°,28,0,OK
third run,noisy_half_text[punctuation] + half_diagram,25,65°,50,0,OK
third run,noisy_half_text[punctuation] + half_diagram,26,12,22.0_m,0,OK
third run,noisy_half_text[punctuation] + half_diagram,29,115°,50_deg,0,OK
third run,noisy_half_text[punctuation] + half_diagram,30,60°,30_deg,0,OK
third run,noisy_half_text[punctuation] + half_diagram,32,76°,52,0,OK
third run,noisy_half_text[punctuation] + half_diagram,34,80°,100_deg,0,OK
third run,noisy_half_text[punctuation] + half_diagram,36,20°,25_deg,0,OK
third run,noisy_half_text[punctuation] + half_diagram,37,25°,50_deg,0,OK
third run,noisy_half_text[punctuation] + half_diagram,38,40°,70_deg,0,OK
third run,noisy_half_text[punctuation] + half_diagram,40,50°,50_deg,1,OK
third run,noisy_half_text[punctuation] + half_diagram,43,40°,100,0,OK
third run,noisy_half_text[punctuation] + half_diagram,44,9m,1.5,0,OK
third run,noisy_half_text[punctuation] + half_diagram,45,70°,35,0,OK
third run,noisy_half_text[punctuation] + half_diagram,46,110°,110_deg,1,OK
third run,noisy_half_text[punctuation] + half_diagram,48,130°,50_deg,0,OK
third run,noisy_half_text[punctuation] + half_diagram,49,100°,95,0,OK
third run,noisy_half_text[punctuation] + half_diagram,50,140°,50_deg,0,OK
third run,noisy_half_text[punctuation] + half_diagram,53,55°,∠2,0,OK
third run,noisy_half_text[punctuation] + half_diagram,55,55°,70,0,OK
third run,noisy_half_text[punctuation] + half_diagram,56,40°,90,0,OK
third run,noisy_half_text[punctuation] + half_diagram,57,20°,160,0,OK
third run,noisy_half_text[punctuation] + half_diagram,58,55°,35_deg,0,OK
third run,noisy_half_text[punctuation] + half_diagram,59,50°,40_deg,0,OK
third run,noisy_half_text[punctuation] + half_diagram,60,45°,45,1,OK
third run,noisy_half_text[punctuation] + half_diagram,64,40cm,160.0,0,OK
third run,noisy_half_text[punctuation] + half_diagram,72,8cm,6,0,OK
third run,noisy_half_text[punctuation] + half_diagram,73,140°,180,0,OK
third run,noisy_half_text[punctuation] + half_diagram,78,125°,Unknown,0,OK
third run,noisy_half_text[punctuation] + half_diagram,79,16cm,15,0,OK
third run,noisy_half_text[punctuation] + half_diagram,81,25°,25,1,OK
third run,noisy_half_text[punctuation] + half_diagram,84,√{3},Unknown,0,OK
third run,noisy_half_text[punctuation] + half_diagram,86,2√{3},Unknown,0,OK
third run,noisy_half_text[punctuation] + half_diagram,88,128°,42_deg,0,OK
third run,noisy_half_text[punctuation] + half_diagram,95,30°,60_deg,0,OK
third run,noisy_half_text[punctuation] + half_diagram,99,64°,90,0,OK
third run,noisy_half_text[punctuation] + half_diagram,108,8m,5_units,0,OK
third run,noisy_half_text[punctuation] + half_diagram,109,40°,undefined,0,OK
third run,noisy_half_text[punctuation] + half_diagram,112,2.4,1.25,0,OK
third run,noisy_half_text[punctuation] + half_diagram,114,\frac{1}{2}cm^{2},0.25,0,OK
third run,noisy_half_text[punctuation] + half_diagram,115,4πcm,360,0,OK
third run,noisy_half_text[punctuation] + half_diagram,117,2√{2}cm,3,0,OK
third run,noisy_half_text[punctuation] + half_diagram,119,240cm^{2},10π,0,OK
third run,noisy_half_text[punctuation] + half_diagram,120,9πcm^{2},4,0,OK
third run,noisy_half_text[punctuation] + half_diagram,123,15π,12.0 * π,0,OK
third run,noisy_half_text[punctuation] + half_diagram,128,4cm,6_units,0,OK
third run,noisy_half_text[punctuation] + half_diagram,132,10.2m,6.0,0,OK
third run,noisy_half_text[punctuation] + half_diagram,133,120m,80.0,0,OK
third run,noisy_half_text[punctuation] + half_diagram,149,\frac{20}{3},10.0,0,OK
third run,noisy_half_text[punctuation] + half_diagram,150,\frac{40}{7}m,BC,0,OK
third run,noisy_half_text[punctuation] + half_diagram,151,5.1,5,1,OK
third run,noisy_half_text[punctuation] + half_diagram,152,4m,1.6,0,OK
third run,noisy_half_text[punctuation] + half_diagram,153,1.5m,1.8,0,OK
third run,noisy_half_text[punctuation] + half_diagram,157,\frac{3}{5},4/5,0,OK
third run,noisy_half_text[punctuation] + half_diagram,165,\frac{√{3}}{2},0.5,0,OK
third run,noisy_half_text[punctuation] + half_diagram,198,60,169 * sqrt(3) / 4,0,OK
third run,noisy_half_text[punctuation] + half_diagram,207,157.1,0,0,OK
third run,noisy_half_text[punctuation] + half_diagram,210,15,12,0,OK
third run,noisy_half_text[punctuation] + half_diagram,211,38,66°,0,OK
third run,noisy_half_text[punctuation] + half_diagram,223,\sqrt{7},5,0,OK
third run,noisy_half_text[punctuation] + half_diagram,239,8,4,0,OK
third run,noisy_half_text[punctuation] + half_diagram,243,1591,None,0,OK
third run,noisy_half_text[punctuation] + half_diagram,257,15,5,0,OK
third run,noisy_half_text[punctuation] + half_diagram,264,60,10,0,OK
third run,noisy_half_text[punctuation] + half_diagram,281,0.38,0.91,0,OK_AFTER_JSON_REPAIR
third run,noisy_half_text[punctuation] + half_diagram,327,11.8,10.7,0,OK
third run,noisy_half_text[punctuation] + half_diagram,348,285,44,0,OK
third run,noisy_half_text[punctuation] + half_diagram,364,74.85,65.90,0,OK
third run,noisy_half_text[punctuation] + half_diagram,365,23.9,103.7,0,OK
third run,noisy_half_text[punctuation] + half_diagram,420,8,x = C,0,OK
third run,noisy_half_text[punctuation] + half_diagram,432,8.246,7,0,OK
third run,noisy_half_text[punctuation] + half_diagram,438,\frac{(x+3)^2}{25}-\frac{(y+3)^2}{25}=1,(y + 3)^2 / 9 - (x + 3)^2 / 36 = 1,0,OK
third run,noisy_half_text[punctuation] + half_diagram,441,$\frac{4}{5}$,0.5,0,OK
third run,noisy_half_text[punctuation] + half_diagram,447,$\frac{20}{29}$,0,0,OK
third run,noisy_half_text[punctuation] + half_diagram,449,$\frac{1}{x}$,1,0,OK
third run,noisy_half_text[punctuation] + half_diagram,457,$(x-1)^{2}+(y-3)^{2}=36$,(x - h)^2 + (y - k)^2 = r^2,0,OK
third run,noisy_half_text[punctuation] + half_diagram,472,"(0,0)",O,0,OK
third run,noisy_half_text[sentence] + half_diagram,1,140°,60_deg,0,OK
third run,noisy_half_text[sentence] + half_diagram,2,65°,50_deg,0,OK
third run,noisy_half_text[sentence] + half_diagram,3,55°,70,0,OK
third run,noisy_half_text[sentence] + half_diagram,4,27°,72_deg,0,OK
third run,noisy_half_text[sentence] + half_diagram,7,45°,25,0,OK
third run,noisy_half_text[sentence] + half_diagram,8,3cm,7.0,0,OK
third run,noisy_half_text[sentence] + half_diagram,9,6cm,18_units,0,OK
third run,noisy_half_text[sentence] + half_diagram,10,72°,36,0,OK
third run,noisy_half_text[sentence] + half_diagram,11,84°,36_deg,0,OK
third run,noisy_half_text[sentence] + half_diagram,14,55°,35,0,OK
third run,noisy_half_text[sentence] + half_diagram,16,25°,25_deg,1,OK
third run,noisy_half_text[sentence] + half_diagram,17,65°,80_deg,0,OK
third run,noisy_half_text[sentence] + half_diagram,20,20°,140,0,OK
third run,noisy_half_text[sentence] + half_diagram,22,62°,28,0,OK
third run,noisy_half_text[sentence] + half_diagram,25,65°,25_deg,0,OK
third run,noisy_half_text[sentence] + half_diagram,26,12,22.0,0,OK
third run,noisy_half_text[sentence] + half_diagram,29,115°,25_deg,0,OK
third run,noisy_half_text[sentence] + half_diagram,30,60°,30_deg,0,OK
third run,noisy_half_text[sentence] + half_diagram,32,76°,52,0,OK
third run,noisy_half_text[sentence] + half_diagram,34,80°,100_deg,0,OK
third run,noisy_half_text[sentence] + half_diagram,36,20°,25_deg,0,OK
third run,noisy_half_text[sentence] + half_diagram,37,25°,50_deg,0,OK
third run,noisy_half_text[sentence] + half_diagram,38,40°,70_deg,0,OK
third run,noisy_half_text[sentence] + half_diagram,40,50°,50,1,OK
third run,noisy_half_text[sentence] + half_diagram,43,40°,100_deg,0,OK
third run,noisy_half_text[sentence] + half_diagram,44,9m,30.0,0,OK
third run,noisy_half_text[sentence] + half_diagram,45,70°,35_deg,0,OK
third run,noisy_half_text[sentence] + half_diagram,46,110°,70_deg,0,OK
third run,noisy_half_text[sentence] + half_diagram,48,130°,50_deg,0,OK
third run,noisy_half_text[sentence] + half_diagram,49,100°,Cannot be determined,0,OK
third run,noisy_half_text[sentence] + half_diagram,50,140°,50_deg,0,OK
third run,noisy_half_text[sentence] + half_diagram,53,55°,155,1,OK
third run,noisy_half_text[sentence] + half_diagram,55,55°,90,0,OK
third run,noisy_half_text[sentence] + half_diagram,56,40°,80_deg,0,OK
third run,noisy_half_text[sentence] + half_diagram,57,20°,50_deg,0,OK
third run,noisy_half_text[sentence] + half_diagram,58,55°,35,0,OK
third run,noisy_half_text[sentence] + half_diagram,59,50°,40_deg,0,OK
third run,noisy_half_text[sentence] + half_diagram,60,45°,135_deg,0,OK
third run,noisy_half_text[sentence] + half_diagram,64,40cm,160_units,0,OK
third run,noisy_half_text[sentence] + half_diagram,72,8cm,6,0,OK
third run,noisy_half_text[sentence] + half_diagram,73,140°,180,0,OK
third run,noisy_half_text[sentence] + half_diagram,78,125°,90,0,OK
third run,noisy_half_text[sentence] + half_diagram,79,16cm,6,0,OK
third run,noisy_half_text[sentence] + half_diagram,81,25°,45,0,OK
third run,noisy_half_text[sentence] + half_diagram,84,√{3},Unknown,0,OK
third run,noisy_half_text[sentence] + half_diagram,86,2√{3},equal to AB and AC,0,OK
third run,noisy_half_text[sentence] + half_diagram,88,128°,80,0,OK
third run,noisy_half_text[sentence] + half_diagram,95,30°,30_deg,1,OK
third run,noisy_half_text[sentence] + half_diagram,99,64°,64_deg,1,OK
third run,noisy_half_text[sentence] + half_diagram,108,8m,8.0,1,OK
third run,noisy_half_text[sentence] + half_diagram,109,40°,40,1,OK
third run,noisy_half_text[sentence] + half_diagram,112,2.4,2.5_units,0,OK
third run,noisy_half_text[sentence] + half_diagram,114,\frac{1}{2}cm^{2},0.25,0,OK
third run,noisy_half_text[sentence] + half_diagram,115,4πcm,120_deg,0,OK
third run,noisy_half_text[sentence] + half_diagram,117,2√{2}cm,3,0,OK
third run,noisy_half_text[sentence] + half_diagram,119,240cm^{2},Cannot be determined,0,OK
third run,noisy_half_text[sentence] + half_diagram,120,9πcm^{2},5.0,0,OK
third run,noisy_half_text[sentence] + half_diagram,123,15π,12.0 * π,0,OK
third run,noisy_half_text[sentence] + half_diagram,128,4cm,Unknown,0,OK
third run,noisy_half_text[sentence] + half_diagram,132,10.2m,2.0,0,OK
third run,noisy_half_text[sentence] + half_diagram,133,120m,80.0_m,0,OK
third run,noisy_half_text[sentence] + half_diagram,149,\frac{20}{3},3.0,0,OK
third run,noisy_half_text[sentence] + half_diagram,150,\frac{40}{7}m,BC,0,OK
third run,noisy_half_text[sentence] + half_diagram,151,5.1,5,1,OK
third run,noisy_half_text[sentence] + half_diagram,152,4m,2.1,0,OK
third run,noisy_half_text[sentence] + half_diagram,153,1.5m,1.0,0,OK
third run,noisy_half_text[sentence] + half_diagram,157,\frac{3}{5},0.0,0,OK
third run,noisy_half_text[sentence] + half_diagram,165,\frac{√{3}}{2},cannot be determined,0,OK
third run,noisy_half_text[sentence] + half_diagram,198,60,84.822,0,OK
third run,noisy_half_text[sentence] + half_diagram,207,157.1,Cannot determine,0,OK
third run,noisy_half_text[sentence] + half_diagram,210,15,unknown,0,OK
third run,noisy_half_text[sentence] + half_diagram,211,38,45°,0,OK
third run,noisy_half_text[sentence] + half_diagram,223,\sqrt{7},5,0,OK
third run,noisy_half_text[sentence] + half_diagram,239,8,4,0,OK
third run,noisy_half_text[sentence] + half_diagram,243,1591,150,0,OK
third run,noisy_half_text[sentence] + half_diagram,257,15,16,0,OK
third run,noisy_half_text[sentence] + half_diagram,264,60,12_deg,0,OK
third run,noisy_half_text[sentence] + half_diagram,281,0.38,0.42,1,OK
third run,noisy_half_text[sentence] + half_diagram,327,11.8,10.7,0,OK
third run,noisy_half_text[sentence] + half_diagram,348,285,198,0,OK
third run,noisy_half_text[sentence] + half_diagram,364,74.85,65.90,0,OK
third run,noisy_half_text[sentence] + half_diagram,365,23.9,30.0,0,OK
third run,noisy_half_text[sentence] + half_diagram,420,8,6,0,OK
third run,noisy_half_text[sentence] + half_diagram,432,8.246,5,0,OK
third run,noisy_half_text[sentence] + half_diagram,438,\frac{(x+3)^2}{25}-\frac{(y+3)^2}{25}=1,(y + 3)^2 / 25 - (x + 3)^2 / 50 = 1,0,OK
third run,noisy_half_text[sentence] + half_diagram,441,$\frac{4}{5}$,0.5,0,OK
third run,noisy_half_text[sentence] + half_diagram,447,$\frac{20}{29}$,0,0,OK
third run,noisy_half_text[sentence] + half_diagram,449,$\frac{1}{x}$,1.5,0,OK
third run,noisy_half_text[sentence] + half_diagram,457,$(x-1)^{2}+(y-3)^{2}=36$,(x-h)^2 + (y-k)^2 = r^2,0,OK
third run,noisy_half_text[sentence] + half_diagram,472,"(0,0)",O,0,OK
third run,noisy_half_text[typo] + half_diagram,1,140°,60_deg,0,OK
third run,noisy_half_text[typo] + half_diagram,2,65°,50_deg,0,OK
third run,noisy_half_text[typo] + half_diagram,3,55°,70_deg,0,OK
third run,noisy_half_text[typo] + half_diagram,4,27°,72_deg,0,OK
third run,noisy_half_text[typo] + half_diagram,7,45°,65_deg,0,OK
third run,noisy_half_text[typo] + half_diagram,8,3cm,5.0,0,OK
third run,noisy_half_text[typo] + half_diagram,9,6cm,18_units,0,OK
third run,noisy_half_text[typo] + half_diagram,10,72°,72_deg,1,OK
third run,noisy_half_text[typo] + half_diagram,11,84°,72_deg,0,OK
third run,noisy_half_text[typo] + half_diagram,14,55°,105_deg,0,OK
third run,noisy_half_text[typo] + half_diagram,16,25°,50_deg,0,OK
third run,noisy_half_text[typo] + half_diagram,17,65°,118_deg,0,OK
third run,noisy_half_text[typo] + half_diagram,20,20°,140_deg,0,OK
third run,noisy_half_text[typo] + half_diagram,22,62°,28_deg,0,OK
third run,noisy_half_text[typo] + half_diagram,25,65°,50_deg,0,OK
third run,noisy_half_text[typo] + half_diagram,26,12,8.0,0,OK
third run,noisy_half_text[typo] + half_diagram,29,115°,130,0,OK
third run,noisy_half_text[typo] + half_diagram,30,60°,30_deg,0,OK
third run,noisy_half_text[typo] + half_diagram,32,76°,52,0,OK
third run,noisy_half_text[typo] + half_diagram,34,80°,100_deg,0,OK
third run,noisy_half_text[typo] + half_diagram,36,20°,90_deg,0,OK
third run,noisy_half_text[typo] + half_diagram,37,25°,50_deg,0,OK
third run,noisy_half_text[typo] + half_diagram,38,40°,70_deg,0,OK
third run,noisy_half_text[typo] + half_diagram,40,50°,50_deg,1,OK
third run,noisy_half_text[typo] + half_diagram,43,40°,130_deg,0,OK
third run,noisy_half_text[typo] + half_diagram,44,9m,30_units,0,OK
third run,noisy_half_text[typo] + half_diagram,45,70°,35_deg,0,OK
third run,noisy_half_text[typo] + half_diagram,46,110°,70_deg,0,OK
third run,noisy_half_text[typo] + half_diagram,48,130°,50,0,OK
third run,noisy_half_text[typo] + half_diagram,49,100°,30_deg,0,OK
third run,noisy_half_text[typo] + half_diagram,50,140°,40_deg,0,OK
third run,noisy_half_text[typo] + half_diagram,53,55°,30_deg,0,OK
third run,noisy_half_text[typo] + half_diagram,55,55°,0,0,OK
third run,noisy_half_text[typo] + half_diagram,56,40°,20_deg,0,OK
third run,noisy_half_text[typo] + half_diagram,57,20°,30_deg,0,OK
third run,noisy_half_text[typo] + half_diagram,58,55°,35.0_deg,0,OK
third run,noisy_half_text[typo] + half_diagram,59,50°,40_deg,0,OK
third run,noisy_half_text[typo] + half_diagram,60,45°,45_deg,1,OK
third run,noisy_half_text[typo] + half_diagram,64,40cm,200,0,OK
third run,noisy_half_text[typo] + half_diagram,72,8cm,6,0,OK
third run,noisy_half_text[typo] + half_diagram,73,140°,40_deg,0,OK
third run,noisy_half_text[typo] + half_diagram,78,125°,30_deg,0,OK
third run,noisy_half_text[typo] + half_diagram,79,16cm,unknown,0,OK
third run,noisy_half_text[typo] + half_diagram,81,25°,40_deg,0,OK
third run,noisy_half_text[typo] + half_diagram,84,√{3},equal to AB and AC,0,OK
third run,noisy_half_text[typo] + half_diagram,86,2√{3},equal to AB and AC,0,OK
third run,noisy_half_text[typo] + half_diagram,88,128°,Cannot be determined,0,OK
third run,noisy_half_text[typo] + half_diagram,95,30°,60,0,OK
third run,noisy_half_text[typo] + half_diagram,99,64°,26,0,OK
third run,noisy_half_text[typo] + half_diagram,108,8m,5_units,0,OK
third run,noisy_half_text[typo] + half_diagram,109,40°,50_deg,0,OK
third run,noisy_half_text[typo] + half_diagram,112,2.4,Unknown,0,OK
third run,noisy_half_text[typo] + half_diagram,114,\frac{1}{2}cm^{2},0.25 * π,0,OK
third run,noisy_half_text[typo] + half_diagram,115,4πcm,not answerable,0,OK
third run,noisy_half_text[typo] + half_diagram,117,2√{2}cm,3,0,OK
third run,noisy_half_text[typo] + half_diagram,119,240cm^{2},Cannot determine,0,OK
third run,noisy_half_text[typo] + half_diagram,120,9πcm^{2},None,0,OK
third run,noisy_half_text[typo] + half_diagram,123,15π,12.0 * π,0,OK
third run,noisy_half_text[typo] + half_diagram,128,4cm,6,0,OK
third run,noisy_half_text[typo] + half_diagram,132,10.2m,12,0,OK
third run,noisy_half_text[typo] + half_diagram,133,120m,60.0_deg,0,OK
third run,noisy_half_text[typo] + half_diagram,149,\frac{20}{3},10.0,0,OK
third run,noisy_half_text[typo] + half_diagram,150,\frac{40}{7}m,5/3,0,OK
third run,noisy_half_text[typo] + half_diagram,151,5.1,5_units,0,OK
third run,noisy_half_text[typo] + half_diagram,152,4m,Unknown,0,OK
third run,noisy_half_text[typo] + half_diagram,153,1.5m,1.8,0,OK
third run,noisy_half_text[typo] + half_diagram,157,\frac{3}{5},0.8,0,OK
third run,noisy_half_text[typo] + half_diagram,165,\frac{√{3}}{2},0.5,0,OK
third run,noisy_half_text[typo] + half_diagram,198,60,60,1,OK
third run,noisy_half_text[typo] + half_diagram,207,157.1,19.6,0,OK
third run,noisy_half_text[typo] + half_diagram,210,15,13,0,OK
third run,noisy_half_text[typo] + half_diagram,211,38,38,1,OK
third run,noisy_half_text[typo] + half_diagram,223,\sqrt{7},13,0,OK
third run,noisy_half_text[typo] + half_diagram,239,8,4,0,OK
third run,noisy_half_text[typo] + half_diagram,243,1591,150,0,OK
third run,noisy_half_text[typo] + half_diagram,257,15,12,0,OK
third run,noisy_half_text[typo] + half_diagram,264,60,30_deg,0,OK
third run,noisy_half_text[typo] + half_diagram,281,0.38,0.93,0,OK
third run,noisy_half_text[typo] + half_diagram,327,11.8,13.0,0,OK
third run,noisy_half_text[typo] + half_diagram,348,285,44,0,OK
third run,noisy_half_text[typo] + half_diagram,364,74.85,65.90,0,OK
third run,noisy_half_text[typo] + half_diagram,365,23.9,0.0,0,OK
third run,noisy_half_text[typo] + half_diagram,420,8,6,0,OK
third run,noisy_half_text[typo] + half_diagram,432,8.246,7,0,OK
third run,noisy_half_text[typo] + half_diagram,438,\frac{(x+3)^2}{25}-\frac{(y+3)^2}{25}=1,(y + 3)^2/0 - (x + 3)^2/25 = 1,0,OK
third run,noisy_half_text[typo] + half_diagram,441,$\frac{4}{5}$,0.5,0,OK
third run,noisy_half_text[typo] + half_diagram,447,$\frac{20}{29}$,0,0,OK
third run,noisy_half_text[typo] + half_diagram,449,$\frac{1}{x}$,1,0,OK
third run,noisy_half_text[typo] + half_diagram,457,$(x-1)^{2}+(y-3)^{2}=36$,(x-0)^2 + (y-0)^2 = 5^2,0,OK
third run,noisy_half_text[typo] + half_diagram,472,"(0,0)",O,0,OK
third run,noisy_text[numeric] + full_diagram,1,140°,20_deg,0,OK
third run,noisy_text[numeric] + full_diagram,2,65°,50_deg,0,OK
third run,noisy_text[numeric] + full_diagram,3,55°,40_deg,0,OK
third run,noisy_text[numeric] + full_diagram,4,27°,36_deg,0,OK
third run,noisy_text[numeric] + full_diagram,7,45°,35,0,OK
third run,noisy_text[numeric] + full_diagram,8,3cm,5_units,0,OK
third run,noisy_text[numeric] + full_diagram,9,6cm,12_units,0,OK
third run,noisy_text[numeric] + full_diagram,10,72°,72,1,OK
third run,noisy_text[numeric] + full_diagram,11,84°,36_deg,0,OK
third run,noisy_text[numeric] + full_diagram,14,55°,?,0,OK
third run,noisy_text[numeric] + full_diagram,16,25°,25,1,OK
third run,noisy_text[numeric] + full_diagram,17,65°,65,1,OK
third run,noisy_text[numeric] + full_diagram,20,20°,70_deg,0,OK
third run,noisy_text[numeric] + full_diagram,22,62°,28,0,OK
third run,noisy_text[numeric] + full_diagram,25,65°,50_deg,0,OK
third run,noisy_text[numeric] + full_diagram,26,12,22_m,0,OK
third run,noisy_text[numeric] + full_diagram,29,115°,30,0,OK
third run,noisy_text[numeric] + full_diagram,30,60°,30_deg,0,OK
third run,noisy_text[numeric] + full_diagram,32,76°,60,0,OK
third run,noisy_text[numeric] + full_diagram,34,80°,100_deg,0,OK
third run,noisy_text[numeric] + full_diagram,36,20°,25_deg,0,OK
third run,noisy_text[numeric] + full_diagram,37,25°,25_deg,1,OK
third run,noisy_text[numeric] + full_diagram,38,40°,70,0,OK
third run,noisy_text[numeric] + full_diagram,40,50°,50_deg,1,OK
third run,noisy_text[numeric] + full_diagram,43,40°,130_deg,0,OK
third run,noisy_text[numeric] + full_diagram,44,9m,1.5,0,OK
third run,noisy_text[numeric] + full_diagram,45,70°,35_deg,0,OK
third run,noisy_text[numeric] + full_diagram,46,110°,70_deg,0,OK
third run,noisy_text[numeric] + full_diagram,48,130°,50,0,OK
third run,noisy_text[numeric] + full_diagram,49,100°,35_deg,0,OK
third run,noisy_text[numeric] + full_diagram,50,140°,50_deg,0,OK
third run,noisy_text[numeric] + full_diagram,53,55°,55_deg,1,OK
third run,noisy_text[numeric] + full_diagram,55,55°,4,0,OK
third run,noisy_text[numeric] + full_diagram,56,40°,80_deg,0,OK
third run,noisy_text[numeric] + full_diagram,57,20°,20_deg,1,OK
third run,noisy_text[numeric] + full_diagram,58,55°,90_deg,0,OK
third run,noisy_text[numeric] + full_diagram,59,50°,80_deg,0,OK
third run,noisy_text[numeric] + full_diagram,60,45°,45,1,OK
third run,noisy_text[numeric] + full_diagram,64,40cm,160.0,0,OK
third run,noisy_text[numeric] + full_diagram,72,8cm,10,0,OK
third run,noisy_text[numeric] + full_diagram,73,140°,70_deg,0,OK
third run,noisy_text[numeric] + full_diagram,78,125°,70_deg,0,OK
third run,noisy_text[numeric] + full_diagram,79,16cm,24,0,OK
third run,noisy_text[numeric] + full_diagram,81,25°,20_deg,0,OK
third run,noisy_text[numeric] + full_diagram,84,√{3},equal to AB and CA,0,OK
third run,noisy_text[numeric] + full_diagram,86,2√{3},5_units,0,OK
third run,noisy_text[numeric] + full_diagram,88,128°,20_deg,0,OK
third run,noisy_text[numeric] + full_diagram,95,30°,90_deg,0,OK
third run,noisy_text[numeric] + full_diagram,99,64°,64,1,OK
third run,noisy_text[numeric] + full_diagram,108,8m,16,0,OK
third run,noisy_text[numeric] + full_diagram,109,40°,90,0,OK
third run,noisy_text[numeric] + full_diagram,112,2.4,1.8,0,OK
third run,noisy_text[numeric] + full_diagram,114,\frac{1}{2}cm^{2},0.25,0,OK
third run,noisy_text[numeric] + full_diagram,115,4πcm,18,0,OK
third run,noisy_text[numeric] + full_diagram,117,2√{2}cm,not answerable,0,OK
third run,noisy_text[numeric] + full_diagram,119,240cm^{2},96π,0,OK
third run,noisy_text[numeric] + full_diagram,120,9πcm^{2},16π,0,OK
third run,noisy_text[numeric] + full_diagram,123,15π,12.0 * π,0,OK
third run,noisy_text[numeric] + full_diagram,128,4cm,12,0,OK
third run,noisy_text[numeric] + full_diagram,132,10.2m,0.6,0,OK
third run,noisy_text[numeric] + full_diagram,133,120m,60.0_units,0,OK
third run,noisy_text[numeric] + full_diagram,149,\frac{20}{3},0,0,OK
third run,noisy_text[numeric] + full_diagram,150,\frac{40}{7}m,4/3,0,OK
third run,noisy_text[numeric] + full_diagram,151,5.1,20_units,0,OK
third run,noisy_text[numeric] + full_diagram,152,4m,1.9,0,OK
third run,noisy_text[numeric] + full_diagram,153,1.5m,1.8,0,OK
third run,noisy_text[numeric] + full_diagram,157,\frac{3}{5},0.6,1,OK
third run,noisy_text[numeric] + full_diagram,165,\frac{√{3}}{2},0.5,0,OK
third run,noisy_text[numeric] + full_diagram,198,60,60,1,OK
third run,noisy_text[numeric] + full_diagram,207,157.1,29.3,0,OK
third run,noisy_text[numeric] + full_diagram,210,15,13,0,OK
third run,noisy_text[numeric] + full_diagram,211,38,83,0,OK
third run,noisy_text[numeric] + full_diagram,223,\sqrt{7},5,0,OK
third run,noisy_text[numeric] + full_diagram,239,8,11,0,OK
third run,noisy_text[numeric] + full_diagram,243,1591,73.8,0,OK
third run,noisy_text[numeric] + full_diagram,257,15,5,0,OK
third run,noisy_text[numeric] + full_diagram,264,60,90,0,OK
third run,noisy_text[numeric] + full_diagram,281,0.38,0.38,1,OK
third run,noisy_text[numeric] + full_diagram,327,11.8,6.3,0,OK
third run,noisy_text[numeric] + full_diagram,348,285,198,0,OK
third run,noisy_text[numeric] + full_diagram,364,74.85,65.90,0,OK
third run,noisy_text[numeric] + full_diagram,365,23.9,30.0,0,OK
third run,noisy_text[numeric] + full_diagram,420,8,6_cm,0,OK
third run,noisy_text[numeric] + full_diagram,432,8.246,8,0,OK
third run,noisy_text[numeric] + full_diagram,438,\frac{(x+3)^2}{25}-\frac{(y+3)^2}{25}=1,(x - 3)^2/25 - (y + 3)^2/0 = 1,0,OK
third run,noisy_text[numeric] + full_diagram,441,$\frac{4}{5}$,0.5,0,OK
third run,noisy_text[numeric] + full_diagram,447,$\frac{20}{29}$,20/29,1,OK
third run,noisy_text[numeric] + full_diagram,449,$\frac{1}{x}$,1,0,OK
third run,noisy_text[numeric] + full_diagram,457,$(x-1)^{2}+(y-3)^{2}=36$,(x - 0)^2 + (y - 0)^2 = 3^2,0,OK
third run,noisy_text[numeric] + full_diagram,472,"(0,0)",B,0,OK
third run,noisy_text[punctuation] + full_diagram,1,140°,60_deg,0,OK
third run,noisy_text[punctuation] + full_diagram,2,65°,25,0,OK
third run,noisy_text[punctuation] + full_diagram,3,55°,70_deg,0,OK
third run,noisy_text[punctuation] + full_diagram,4,27°,90_deg,0,OK
third run,noisy_text[punctuation] + full_diagram,7,45°,35,0,OK
third run,noisy_text[punctuation] + full_diagram,8,3cm,Unknown,0,OK
third run,noisy_text[punctuation] + full_diagram,9,6cm,18_units,0,OK
third run,noisy_text[punctuation] + full_diagram,10,72°,36,0,OK
third run,noisy_text[punctuation] + full_diagram,11,84°,60,0,OK
third run,noisy_text[punctuation] + full_diagram,14,55°,35_deg,0,OK
third run,noisy_text[punctuation] + full_diagram,16,25°,25_deg,1,OK
third run,noisy_text[punctuation] + full_diagram,17,65°,42_deg,0,OK
third run,noisy_text[punctuation] + full_diagram,20,20°,20_deg,1,OK
third run,noisy_text[punctuation] + full_diagram,22,62°,28,0,OK
third run,noisy_text[punctuation] + full_diagram,25,65°,50_deg,0,OK
third run,noisy_text[punctuation] + full_diagram,26,12,No answer,0,OK
third run,noisy_text[punctuation] + full_diagram,29,115°,30,0,OK
third run,noisy_text[punctuation] + full_diagram,30,60°,30_deg,0,OK
third run,noisy_text[punctuation] + full_diagram,32,76°,60_deg,0,OK
third run,noisy_text[punctuation] + full_diagram,34,80°,100_deg,0,OK
third run,noisy_text[punctuation] + full_diagram,36,20°,50_deg,0,OK
third run,noisy_text[punctuation] + full_diagram,37,25°,50_deg,0,OK
third run,noisy_text[punctuation] + full_diagram,38,40°,70,0,OK
third run,noisy_text[punctuation] + full_diagram,40,50°,50_deg,1,OK
third run,noisy_text[punctuation] + full_diagram,43,40°,50,0,OK
third run,noisy_text[punctuation] + full_diagram,44,9m,1.5,0,OK
third run,noisy_text[punctuation] + full_diagram,45,70°,35_deg,0,OK
third run,noisy_text[punctuation] + full_diagram,46,110°,70_deg,0,OK
third run,noisy_text[punctuation] + full_diagram,48,130°,50,0,OK
third run,noisy_text[punctuation] + full_diagram,49,100°,Cannot be determined,0,OK
third run,noisy_text[punctuation] + full_diagram,50,140°,40_deg,0,OK
third run,noisy_text[punctuation] + full_diagram,53,55°,55_deg,1,OK
third run,noisy_text[punctuation] + full_diagram,55,55°,70,0,OK
third run,noisy_text[punctuation] + full_diagram,56,40°,80_deg,0,OK
third run,noisy_text[punctuation] + full_diagram,57,20°,20_deg,1,OK
third run,noisy_text[punctuation] + full_diagram,58,55°,55,1,OK
third run,noisy_text[punctuation] + full_diagram,59,50°,80_deg,0,OK
third run,noisy_text[punctuation] + full_diagram,60,45°,135_deg,0,OK
third run,noisy_text[punctuation] + full_diagram,64,40cm,100.0,0,OK
third run,noisy_text[punctuation] + full_diagram,72,8cm,12,0,OK
third run,noisy_text[punctuation] + full_diagram,73,140°,70,0,OK
third run,noisy_text[punctuation] + full_diagram,78,125°,35_deg,0,OK
third run,noisy_text[punctuation] + full_diagram,79,16cm,Unknown,0,OK
third run,noisy_text[punctuation] + full_diagram,81,25°,40_deg,0,OK
third run,noisy_text[punctuation] + full_diagram,84,√{3},equal to AB and CA,0,OK
third run,noisy_text[punctuation] + full_diagram,86,2√{3},2,0,OK
third run,noisy_text[punctuation] + full_diagram,88,128°,20_deg,0,OK
third run,noisy_text[punctuation] + full_diagram,95,30°,90,0,OK
third run,noisy_text[punctuation] + full_diagram,99,64°,90,0,OK
third run,noisy_text[punctuation] + full_diagram,108,8m,8.0,1,OK
third run,noisy_text[punctuation] + full_diagram,109,40°,40_deg,1,OK
third run,noisy_text[punctuation] + full_diagram,112,2.4,0.7,0,OK
third run,noisy_text[punctuation] + full_diagram,114,\frac{1}{2}cm^{2},π/4,0,OK
third run,noisy_text[punctuation] + full_diagram,115,4πcm,18.849556,0,OK
third run,noisy_text[punctuation] + full_diagram,117,2√{2}cm,3_units,0,OK
third run,noisy_text[punctuation] + full_diagram,119,240cm^{2},300 cm^2,0,OK
third run,noisy_text[punctuation] + full_diagram,120,9πcm^{2},16π,0,OK
third run,noisy_text[punctuation] + full_diagram,123,15π,12.566370614359172,0,OK
third run,noisy_text[punctuation] + full_diagram,128,4cm,6_units,0,OK
third run,noisy_text[punctuation] + full_diagram,132,10.2m,2.0,0,OK
third run,noisy_text[punctuation] + full_diagram,133,120m,60.0_m,0,OK
third run,noisy_text[punctuation] + full_diagram,149,\frac{20}{3},4.0,0,OK
third run,noisy_text[punctuation] + full_diagram,150,\frac{40}{7}m,11/3,0,OK
third run,noisy_text[punctuation] + full_diagram,151,5.1,20_units,0,OK
third run,noisy_text[punctuation] + full_diagram,152,4m,1.9,0,OK
third run,noisy_text[punctuation] + full_diagram,153,1.5m,1.2,0,OK
third run,noisy_text[punctuation] + full_diagram,157,\frac{3}{5},3/5,1,OK
third run,noisy_text[punctuation] + full_diagram,165,\frac{√{3}}{2},undefined,0,OK
third run,noisy_text[punctuation] + full_diagram,198,60,60,1,OK
third run,noisy_text[punctuation] + full_diagram,207,157.1,314.2,0,OK
third run,noisy_text[punctuation] + full_diagram,210,15,5,0,OK
third run,noisy_text[punctuation] + full_diagram,211,38,83,0,OK
third run,noisy_text[punctuation] + full_diagram,223,\sqrt{7},5,0,OK
third run,noisy_text[punctuation] + full_diagram,239,8,11,0,OK
third run,noisy_text[punctuation] + full_diagram,243,1591,1737.2,0,OK
third run,noisy_text[punctuation] + full_diagram,257,15,13,0,OK
third run,noisy_text[punctuation] + full_diagram,264,60,30_deg,0,OK
third run,noisy_text[punctuation] + full_diagram,281,0.38,0.42,1,OK
third run,noisy_text[punctuation] + full_diagram,327,11.8,10.7,0,OK
third run,noisy_text[punctuation] + full_diagram,348,285,198,0,OK
third run,noisy_text[punctuation] + full_diagram,364,74.85,65.90,0,OK
third run,noisy_text[punctuation] + full_diagram,365,23.9,90.0,0,OK
third run,noisy_text[punctuation] + full_diagram,420,8,6,0,OK
third run,noisy_text[punctuation] + full_diagram,432,8.246,5,0,OK_AFTER_JSON_REPAIR
third run,noisy_text[punctuation] + full_diagram,438,\frac{(x+3)^2}{25}-\frac{(y+3)^2}{25}=1,(y + 3)^2/25 - (x + 3)^2/50 = 1,0,OK
third run,noisy_text[punctuation] + full_diagram,441,$\frac{4}{5}$,0.5,0,OK
third run,noisy_text[punctuation] + full_diagram,447,$\frac{20}{29}$,20/29,1,OK
third run,noisy_text[punctuation] + full_diagram,449,$\frac{1}{x}$,1,0,OK
third run,noisy_text[punctuation] + full_diagram,457,$(x-1)^{2}+(y-3)^{2}=36$,(x-h)^2 + (y-k)^2 = r^2,0,OK
third run,noisy_text[punctuation] + full_diagram,472,"(0,0)",C,0,OK
third run,noisy_text[sentence] + full_diagram,1,140°,80_deg,0,OK
third run,noisy_text[sentence] + full_diagram,2,65°,50,0,OK
third run,noisy_text[sentence] + full_diagram,3,55°,35_deg,0,OK
third run,noisy_text[sentence] + full_diagram,4,27°,72_deg,0,OK
third run,noisy_text[sentence] + full_diagram,7,45°,35,0,OK
third run,noisy_text[sentence] + full_diagram,8,3cm,Unknown,0,OK
third run,noisy_text[sentence] + full_diagram,9,6cm,18.0,0,OK
third run,noisy_text[sentence] + full_diagram,10,72°,30,0,OK
third run,noisy_text[sentence] + full_diagram,11,84°,36_deg,0,OK
third run,noisy_text[sentence] + full_diagram,14,55°,35_deg,0,OK
third run,noisy_text[sentence] + full_diagram,16,25°,25_deg,1,OK
third run,noisy_text[sentence] + full_diagram,17,65°,65,1,OK
third run,noisy_text[sentence] + full_diagram,20,20°,20_deg,1,OK
third run,noisy_text[sentence] + full_diagram,22,62°,28,0,OK
third run,noisy_text[sentence] + full_diagram,25,65°,50_deg,0,OK
third run,noisy_text[sentence] + full_diagram,26,12,22.0_m,0,OK
third run,noisy_text[sentence] + full_diagram,29,115°,50_deg,0,OK
third run,noisy_text[sentence] + full_diagram,30,60°,30_deg,0,OK
third run,noisy_text[sentence] + full_diagram,32,76°,52,0,OK
third run,noisy_text[sentence] + full_diagram,34,80°,80_deg,1,OK
third run,noisy_text[sentence] + full_diagram,36,20°,25_deg,0,OK
third run,noisy_text[sentence] + full_diagram,37,25°,50_deg,0,OK
third run,noisy_text[sentence] + full_diagram,38,40°,70,0,OK
third run,noisy_text[sentence] + full_diagram,40,50°,50_deg,1,OK
third run,noisy_text[sentence] + full_diagram,43,40°,100,0,OK
third run,noisy_text[sentence] + full_diagram,44,9m,30.0,0,OK
third run,noisy_text[sentence] + full_diagram,45,70°,35_deg,0,OK
third run,noisy_text[sentence] + full_diagram,46,110°,70,0,OK
third run,noisy_text[sentence] + full_diagram,48,130°,50,0,OK
third run,noisy_text[sentence] + full_diagram,49,100°,95,0,OK
third run,noisy_text[sentence] + full_diagram,50,140°,40_deg,0,OK
third run,noisy_text[sentence] + full_diagram,53,55°,55_deg,1,OK
third run,noisy_text[sentence] + full_diagram,55,55°,35,0,OK
third run,noisy_text[sentence] + full_diagram,56,40°,20,0,OK
third run,noisy_text[sentence] + full_diagram,57,20°,20_deg,1,OK
third run,noisy_text[sentence] + full_diagram,58,55°,55_deg,1,OK
third run,noisy_text[sentence] + full_diagram,59,50°,80_deg,0,OK
third run,noisy_text[sentence] + full_diagram,60,45°,135_deg,0,OK
third run,noisy_text[sentence] + full_diagram,64,40cm,200.0,0,OK
third run,noisy_text[sentence] + full_diagram,72,8cm,6,0,OK
third run,noisy_text[sentence] + full_diagram,73,140°,140,1,OK
third run,noisy_text[sentence] + full_diagram,78,125°,70_deg,0,OK
third run,noisy_text[sentence] + full_diagram,79,16cm,18,0,OK
third run,noisy_text[sentence] + full_diagram,81,25°,20_deg,0,OK
third run,noisy_text[sentence] + full_diagram,84,√{3},equal to AB and AC,0,OK
third run,noisy_text[sentence] + full_diagram,86,2√{3},2,0,OK
third run,noisy_text[sentence] + full_diagram,88,128°,42_deg,0,OK
third run,noisy_text[sentence] + full_diagram,95,30°,90,0,OK
third run,noisy_text[sentence] + full_diagram,99,64°,90_deg,0,OK
third run,noisy_text[sentence] + full_diagram,108,8m,8_units,1,OK
third run,noisy_text[sentence] + full_diagram,109,40°,90,0,OK
third run,noisy_text[sentence] + full_diagram,112,2.4,0.7,0,OK
third run,noisy_text[sentence] + full_diagram,114,\frac{1}{2}cm^{2},π/4,0,OK
third run,noisy_text[sentence] + full_diagram,115,4πcm,18.84,0,OK
third run,noisy_text[sentence] + full_diagram,117,2√{2}cm,3,0,OK
third run,noisy_text[sentence] + full_diagram,119,240cm^{2},The area is not computable with given data,0,OK
third run,noisy_text[sentence] + full_diagram,120,9πcm^{2},4,0,OK
third run,noisy_text[sentence] + full_diagram,123,15π,15.07,0,OK
third run,noisy_text[sentence] + full_diagram,128,4cm,6_units,0,OK
third run,noisy_text[sentence] + full_diagram,132,10.2m,12.0,0,OK
third run,noisy_text[sentence] + full_diagram,133,120m,80.0_m,0,OK
third run,noisy_text[sentence] + full_diagram,149,\frac{20}{3},6,0,OK
third run,noisy_text[sentence] + full_diagram,150,\frac{40}{7}m,unknown,0,OK
third run,noisy_text[sentence] + full_diagram,151,5.1,20.0_units,0,OK
third run,noisy_text[sentence] + full_diagram,152,4m,1.4,0,OK
third run,noisy_text[sentence] + full_diagram,153,1.5m,1.2,0,OK
third run,noisy_text[sentence] + full_diagram,157,\frac{3}{5},3/5,1,OK
third run,noisy_text[sentence] + full_diagram,165,\frac{√{3}}{2},1,0,OK_AFTER_JSON_REPAIR
third run,noisy_text[sentence] + full_diagram,198,60,100 * sqrt(3) / 4,0,OK_AFTER_JSON_REPAIR
third run,noisy_text[sentence] + full_diagram,207,157.1,29.3,0,OK_AFTER_JSON_REPAIR
third run,noisy_text[sentence] + full_diagram,210,15,13,0,OK
third run,noisy_text[sentence] + full_diagram,211,38,83,0,OK
third run,noisy_text[sentence] + full_diagram,223,\sqrt{7},3√2,0,OK
third run,noisy_text[sentence] + full_diagram,239,8,11,0,OK
third run,noisy_text[sentence] + full_diagram,243,1591,3482,0,OK
third run,noisy_text[sentence] + full_diagram,257,15,5,0,OK
third run,noisy_text[sentence] + full_diagram,264,60,20x,0,OK
third run,noisy_text[sentence] + full_diagram,281,0.38,0.88,0,OK
third run,noisy_text[sentence] + full_diagram,327,11.8,5.4,0,OK
third run,noisy_text[sentence] + full_diagram,348,285,137,0,OK
third run,noisy_text[sentence] + full_diagram,364,74.85,65.90,0,OK
third run,noisy_text[sentence] + full_diagram,365,23.9,0.2,0,OK
third run,noisy_text[sentence] + full_diagram,420,8,8,1,OK
third run,noisy_text[sentence] + full_diagram,432,8.246,10,0,OK
third run,noisy_text[sentence] + full_diagram,438,\frac{(x+3)^2}{25}-\frac{(y+3)^2}{25}=1,(x+3)^2/25 - y^2/1 = 1,0,OK
third run,noisy_text[sentence] + full_diagram,441,$\frac{4}{5}$,3/5,0,OK
third run,noisy_text[sentence] + full_diagram,447,$\frac{20}{29}$,20/29,1,OK
third run,noisy_text[sentence] + full_diagram,449,$\frac{1}{x}$,Undefined,0,OK
third run,noisy_text[sentence] + full_diagram,457,$(x-1)^{2}+(y-3)^{2}=36$,(x-h)^2 + (y-k)^2 = r^2,0,OK
third run,noisy_text[sentence] + full_diagram,472,"(0,0)",O,0,OK
third run,noisy_text[typo] + full_diagram,1,140°,60_deg,0,OK
third run,noisy_text[typo] + full_diagram,2,65°,25,0,OK
third run,noisy_text[typo] + full_diagram,3,55°,20_deg,0,OK
third run,noisy_text[typo] + full_diagram,4,27°,90,0,OK
third run,noisy_text[typo] + full_diagram,7,45°,30_deg,0,OK
third run,noisy_text[typo] + full_diagram,8,3cm,Unknown,0,OK
third run,noisy_text[typo] + full_diagram,9,6cm,18_units,0,OK
third run,noisy_text[typo] + full_diagram,10,72°,72_deg,1,OK
third run,noisy_text[typo] + full_diagram,11,84°,60,0,OK
third run,noisy_text[typo] + full_diagram,14,55°,35,0,OK
third run,noisy_text[typo] + full_diagram,16,25°,25_deg,1,OK
third run,noisy_text[typo] + full_diagram,17,65°,65_deg,1,OK
third run,noisy_text[typo] + full_diagram,20,20°,20_deg,1,OK
third run,noisy_text[typo] + full_diagram,22,62°,28,0,OK
third run,noisy_text[typo] + full_diagram,25,65°,50_deg,0,OK
third run,noisy_text[typo] + full_diagram,26,12,3.2,0,OK
third run,noisy_text[typo] + full_diagram,29,115°,50_deg,0,OK
third run,noisy_text[typo] + full_diagram,30,60°,30_deg,0,OK
third run,noisy_text[typo] + full_diagram,32,76°,52,0,OK
third run,noisy_text[typo] + full_diagram,34,80°,100,0,OK
third run,noisy_text[typo] + full_diagram,36,20°,25_deg,0,OK
third run,noisy_text[typo] + full_diagram,37,25°,25,1,OK
third run,noisy_text[typo] + full_diagram,38,40°,70,0,OK
third run,noisy_text[typo] + full_diagram,40,50°,50_deg,1,OK
third run,noisy_text[typo] + full_diagram,43,40°,70_deg,0,OK
third run,noisy_text[typo] + full_diagram,44,9m,1.5,0,OK
third run,noisy_text[typo] + full_diagram,45,70°,145_deg,0,OK
third run,noisy_text[typo] + full_diagram,46,110°,70_deg,0,OK
third run,noisy_text[typo] + full_diagram,48,130°,50_deg,0,OK
third run,noisy_text[typo] + full_diagram,49,100°,35_deg,0,OK
third run,noisy_text[typo] + full_diagram,50,140°,50_deg,0,OK
third run,noisy_text[typo] + full_diagram,53,55°,AB,0,OK
third run,noisy_text[typo] + full_diagram,55,55°,90,0,OK
third run,noisy_text[typo] + full_diagram,56,40°,90_deg,0,OK
third run,noisy_text[typo] + full_diagram,57,20°,20_deg,1,OK
third run,noisy_text[typo] + full_diagram,58,55°,55_deg,1,OK
third run,noisy_text[typo] + full_diagram,59,50°,80_deg,0,OK
third run,noisy_text[typo] + full_diagram,60,45°,45,1,OK
third run,noisy_text[typo] + full_diagram,64,40cm,200,0,OK
third run,noisy_text[typo] + full_diagram,72,8cm,6,0,OK
third run,noisy_text[typo] + full_diagram,73,140°,70,0,OK
third run,noisy_text[typo] + full_diagram,78,125°,70_deg,0,OK
third run,noisy_text[typo] + full_diagram,79,16cm,24,0,OK
third run,noisy_text[typo] + full_diagram,81,25°,40_deg,0,OK
third run,noisy_text[typo] + full_diagram,84,√{3},Cannot be determined directly,0,OK
third run,noisy_text[typo] + full_diagram,86,2√{3},equal to AB and AC,0,OK
third run,noisy_text[typo] + full_diagram,88,128°,20_deg,0,OK
third run,noisy_text[typo] + full_diagram,95,30°,90,0,OK
third run,noisy_text[typo] + full_diagram,99,64°,90,0,OK
third run,noisy_text[typo] + full_diagram,108,8m,8_units,1,OK
third run,noisy_text[typo] + full_diagram,109,40°,40_deg,1,OK
third run,noisy_text[typo] + full_diagram,112,2.4,0.7,0,OK
third run,noisy_text[typo] + full_diagram,114,\frac{1}{2}cm^{2},π/4,0,OK
third run,noisy_text[typo] + full_diagram,115,4πcm,18,0,OK
third run,noisy_text[typo] + full_diagram,117,2√{2}cm,3,0,OK
third run,noisy_text[typo] + full_diagram,119,240cm^{2},No answer,0,OK
third run,noisy_text[typo] + full_diagram,120,9πcm^{2},30_deg,0,OK
third run,noisy_text[typo] + full_diagram,123,15π,12.0 * π,0,OK
third run,noisy_text[typo] + full_diagram,128,4cm,12.0,0,OK
third run,noisy_text[typo] + full_diagram,132,10.2m,12.0,0,OK
third run,noisy_text[typo] + full_diagram,133,120m,60.0_m,0,OK
third run,noisy_text[typo] + full_diagram,149,\frac{20}{3},4,0,OK
third run,noisy_text[typo] + full_diagram,150,\frac{40}{7}m,5,0,OK
third run,noisy_text[typo] + full_diagram,151,5.1,20_units,0,OK
third run,noisy_text[typo] + full_diagram,152,4m,2.1,0,OK
third run,noisy_text[typo] + full_diagram,153,1.5m,1.2,0,OK
third run,noisy_text[typo] + full_diagram,157,\frac{3}{5},0.8,0,OK
third run,noisy_text[typo] + full_diagram,165,\frac{√{3}}{2},0.5,0,OK
third run,noisy_text[typo] + full_diagram,198,60,60,1,OK
third run,noisy_text[typo] + full_diagram,207,157.1,314.2,0,OK
third run,noisy_text[typo] + full_diagram,210,15,12,0,OK
third run,noisy_text[typo] + full_diagram,211,38,83,0,OK
third run,noisy_text[typo] + full_diagram,223,\sqrt{7},7,0,OK
third run,noisy_text[typo] + full_diagram,239,8,4,0,OK
third run,noisy_text[typo] + full_diagram,243,1591,2177.4,0,OK
third run,noisy_text[typo] + full_diagram,257,15,5,0,OK
third run,noisy_text[typo] + full_diagram,264,60,30_deg,0,OK
third run,noisy_text[typo] + full_diagram,281,0.38,0.42,1,OK
third run,noisy_text[typo] + full_diagram,327,11.8,10.7,0,OK
third run,noisy_text[typo] + full_diagram,348,285,198,0,OK
third run,noisy_text[typo] + full_diagram,364,74.85,35.50,0,OK
third run,noisy_text[typo] + full_diagram,365,23.9,30.0,0,OK
third run,noisy_text[typo] + full_diagram,420,8,8,1,OK
third run,noisy_text[typo] + full_diagram,432,8.246,10,0,OK
third run,noisy_text[typo] + full_diagram,438,\frac{(x+3)^2}{25}-\frac{(y+3)^2}{25}=1,(x+3)^2/(-2)^2 - (y+5)^2/(-5)^2 = 1,0,OK
third run,noisy_text[typo] + full_diagram,441,$\frac{4}{5}$,3/5,0,OK
third run,noisy_text[typo] + full_diagram,447,$\frac{20}{29}$,20/29,1,OK
third run,noisy_text[typo] + full_diagram,449,$\frac{1}{x}$,1,0,OK
third run,noisy_text[typo] + full_diagram,457,$(x-1)^{2}+(y-3)^{2}=36$,(x-h)^2 + (y-k)^2 = r^2,0,OK
third run,noisy_text[typo] + full_diagram,472,"(0,0)",B,0,OK
