problem_index,case_id,case_label,status,subject,predicate,object
1,8,full_text + noisy_diagram[illumination],OK,A,is_a,point
1,8,full_text + noisy_diagram[illumination],OK,B,is_a,point
1,8,full_text + noisy_diagram[illumination],OK,C,is_a,point
1,8,full_text + noisy_diagram[illumination],OK,D,is_a,point
1,8,full_text + noisy_diagram[illumination],OK,E,is_a,point
1,8,full_text + noisy_diagram[illumination],OK,ABC,is_a,triangle
1,8,full_text + noisy_diagram[illumination],OK,AB,is_a,segment
1,8,full_text + noisy_diagram[illumination],OK,AC,is_a,segment
1,8,full_text + noisy_diagram[illumination],OK,BC,is_a,segment
1,8,full_text + noisy_diagram[illumination],OK,DE,is_a,segment
1,8,full_text + noisy_diagram[illumination],OK,∠A,is_a,angle
1,8,full_text + noisy_diagram[illumination],OK,∠B,is_a,angle
1,8,full_text + noisy_diagram[illumination],OK,∠C,is_a,angle
1,8,full_text + noisy_diagram[illumination],OK,∠CED,is_a,angle
1,8,full_text + noisy_diagram[illumination],OK,∠A,has_measure,80_deg
1,8,full_text + noisy_diagram[illumination],OK,∠B,has_measure,60_deg
1,8,full_text + noisy_diagram[illumination],OK,D,lies_on,AB
1,8,full_text + noisy_diagram[illumination],OK,E,lies_on,AC
1,8,full_text + noisy_diagram[illumination],OK,DE,parallel_to,BC
,,,,,,
2,8,full_text + noisy_diagram[illumination],OK,A,is_a,point
2,8,full_text + noisy_diagram[illumination],OK,B,is_a,point
2,8,full_text + noisy_diagram[illumination],OK,C,is_a,point
2,8,full_text + noisy_diagram[illumination],OK,D,is_a,point
2,8,full_text + noisy_diagram[illumination],OK,E,is_a,point
2,8,full_text + noisy_diagram[illumination],OK,F,is_a,point
2,8,full_text + noisy_diagram[illumination],OK,G,is_a,point
2,8,full_text + noisy_diagram[illumination],OK,AB,is_a,segment
2,8,full_text + noisy_diagram[illumination],OK,CD,is_a,segment
2,8,full_text + noisy_diagram[illumination],OK,EF,is_a,segment
2,8,full_text + noisy_diagram[illumination],OK,EG,is_a,segment
2,8,full_text + noisy_diagram[illumination],OK,∠EFG,is_a,angle
2,8,full_text + noisy_diagram[illumination],OK,∠EGF,is_a,angle
2,8,full_text + noisy_diagram[illumination],OK,AB,parallel_to,CD
2,8,full_text + noisy_diagram[illumination],OK,EF,intersects,AB
2,8,full_text + noisy_diagram[illumination],OK,EF,intersects,CD
2,8,full_text + noisy_diagram[illumination],OK,EG,intersects,CD
2,8,full_text + noisy_diagram[illumination],OK,EG,bisects,∠BEF
2,8,full_text + noisy_diagram[illumination],OK,∠EFG,has_measure,50_deg
,,,,,,
3,8,full_text + noisy_diagram[illumination],OK,A,is_a,point
3,8,full_text + noisy_diagram[illumination],OK,B,is_a,point
3,8,full_text + noisy_diagram[illumination],OK,C,is_a,point
3,8,full_text + noisy_diagram[illumination],OK,D,is_a,point
3,8,full_text + noisy_diagram[illumination],OK,BC,is_a,segment
3,8,full_text + noisy_diagram[illumination],OK,BA,is_a,segment
3,8,full_text + noisy_diagram[illumination],OK,BD,is_a,segment
3,8,full_text + noisy_diagram[illumination],OK,AB,is_a,segment
3,8,full_text + noisy_diagram[illumination],OK,CD,is_a,segment
3,8,full_text + noisy_diagram[illumination],OK,∠ABC,is_a,angle
3,8,full_text + noisy_diagram[illumination],OK,∠BCD,is_a,angle
3,8,full_text + noisy_diagram[illumination],OK,∠CDB,is_a,angle
3,8,full_text + noisy_diagram[illumination],OK,B,connects,A
3,8,full_text + noisy_diagram[illumination],OK,B,connects,C
3,8,full_text + noisy_diagram[illumination],OK,A,connects,B
3,8,full_text + noisy_diagram[illumination],OK,C,connects,D
3,8,full_text + noisy_diagram[illumination],OK,B,connects,D
3,8,full_text + noisy_diagram[illumination],OK,D,connects,C
3,8,full_text + noisy_diagram[illumination],OK,D,connects,A
3,8,full_text + noisy_diagram[illumination],OK,BC,intersects,B
3,8,full_text + noisy_diagram[illumination],OK,BA,intersects,B
3,8,full_text + noisy_diagram[illumination],OK,BD,bisects,∠ABC
3,8,full_text + noisy_diagram[illumination],OK,CD,parallel_to,AB
3,8,full_text + noisy_diagram[illumination],OK,∠BCD,has_measure,70_deg
,,,,,,
4,8,full_text + noisy_diagram[illumination],OK,A,is_a,point
4,8,full_text + noisy_diagram[illumination],OK,B,is_a,point
4,8,full_text + noisy_diagram[illumination],OK,O,is_a,point
4,8,full_text + noisy_diagram[illumination],OK,C,is_a,point
4,8,full_text + noisy_diagram[illumination],OK,AB,is_a,segment
4,8,full_text + noisy_diagram[illumination],OK,AO,is_a,segment
4,8,full_text + noisy_diagram[illumination],OK,BC,is_a,segment
4,8,full_text + noisy_diagram[illumination],OK,O,is_a,circle
4,8,full_text + noisy_diagram[illumination],OK,AB,tangent_to,O
4,8,full_text + noisy_diagram[illumination],OK,AO,intersects,O
4,8,full_text + noisy_diagram[illumination],OK,AO,intersects,C
4,8,full_text + noisy_diagram[illumination],OK,AB,connects,B
4,8,full_text + noisy_diagram[illumination],OK,AO,connects,O
4,8,full_text + noisy_diagram[illumination],OK,AO,connects,C
4,8,full_text + noisy_diagram[illumination],OK,BC,connects,B
4,8,full_text + noisy_diagram[illumination],OK,BC,connects,C
4,8,full_text + noisy_diagram[illumination],OK,A,has_measure,36_deg
4,8,full_text + noisy_diagram[illumination],OK,∠OCB,is_a,angle
4,8,full_text + noisy_diagram[illumination],OK,∠OCB,has_measure,?
,,,,,,
7,8,full_text + noisy_diagram[illumination],OK,A,is_a,point
7,8,full_text + noisy_diagram[illumination],OK,B,is_a,point
7,8,full_text + noisy_diagram[illumination],OK,C,is_a,point
7,8,full_text + noisy_diagram[illumination],OK,D,is_a,point
7,8,full_text + noisy_diagram[illumination],OK,E,is_a,point
7,8,full_text + noisy_diagram[illumination],OK,ABC,is_a,triangle
7,8,full_text + noisy_diagram[illumination],OK,ADE,is_a,triangle
7,8,full_text + noisy_diagram[illumination],OK,ABC,congruent_to,ADE
7,8,full_text + noisy_diagram[illumination],OK,A,common_vertex_of,ABC
7,8,full_text + noisy_diagram[illumination],OK,A,common_vertex_of,ADE
7,8,full_text + noisy_diagram[illumination],OK,∠B,has_measure,70_deg
7,8,full_text + noisy_diagram[illumination],OK,∠C,has_measure,30_deg
7,8,full_text + noisy_diagram[illumination],OK,∠DAC,has_measure,35_deg
7,8,full_text + noisy_diagram[illumination],OK,∠EAC,has_measure,?
,,,,,,
8,8,full_text + noisy_diagram[illumination],OK,A,is_a,point
8,8,full_text + noisy_diagram[illumination],OK,B,is_a,point
8,8,full_text + noisy_diagram[illumination],OK,C,is_a,point
8,8,full_text + noisy_diagram[illumination],OK,D,is_a,point
8,8,full_text + noisy_diagram[illumination],OK,E,is_a,point
8,8,full_text + noisy_diagram[illumination],OK,F,is_a,point
8,8,full_text + noisy_diagram[illumination],OK,ABC,is_a,triangle
8,8,full_text + noisy_diagram[illumination],OK,DEF,is_a,triangle
8,8,full_text + noisy_diagram[illumination],OK,A,connects,B
8,8,full_text + noisy_diagram[illumination],OK,B,connects,C
8,8,full_text + noisy_diagram[illumination],OK,C,connects,A
8,8,full_text + noisy_diagram[illumination],OK,D,connects,E
8,8,full_text + noisy_diagram[illumination],OK,E,connects,F
8,8,full_text + noisy_diagram[illumination],OK,F,connects,D
8,8,full_text + noisy_diagram[illumination],OK,A,mapped_to,D
8,8,full_text + noisy_diagram[illumination],OK,B,mapped_to,E
8,8,full_text + noisy_diagram[illumination],OK,BC,has_measure,5.0
8,8,full_text + noisy_diagram[illumination],OK,BF,has_measure,7.0
8,8,full_text + noisy_diagram[illumination],OK,EC,has_measure,?
,,,,,,
9,8,full_text + noisy_diagram[illumination],OK,A,is_a,point
9,8,full_text + noisy_diagram[illumination],OK,B,is_a,point
9,8,full_text + noisy_diagram[illumination],OK,C,is_a,point
9,8,full_text + noisy_diagram[illumination],OK,D,is_a,point
9,8,full_text + noisy_diagram[illumination],OK,E,is_a,point
9,8,full_text + noisy_diagram[illumination],OK,AB,is_a,segment
9,8,full_text + noisy_diagram[illumination],OK,AC,is_a,segment
9,8,full_text + noisy_diagram[illumination],OK,BC,is_a,segment
9,8,full_text + noisy_diagram[illumination],OK,AD,is_a,segment
9,8,full_text + noisy_diagram[illumination],OK,DE,is_a,segment
9,8,full_text + noisy_diagram[illumination],OK,∠C,is_a,angle
9,8,full_text + noisy_diagram[illumination],OK,∠CAB,is_a,angle
9,8,full_text + noisy_diagram[illumination],OK,A,connects,B
9,8,full_text + noisy_diagram[illumination],OK,A,connects,C
9,8,full_text + noisy_diagram[illumination],OK,B,connects,C
9,8,full_text + noisy_diagram[illumination],OK,A,connects,D
9,8,full_text + noisy_diagram[illumination],OK,D,connects,B
9,8,full_text + noisy_diagram[illumination],OK,D,connects,E
9,8,full_text + noisy_diagram[illumination],OK,E,connects,B
9,8,full_text + noisy_diagram[illumination],OK,AC,has_measure,6.0_units
9,8,full_text + noisy_diagram[illumination],OK,BC,has_measure,6.0_units
9,8,full_text + noisy_diagram[illumination],OK,AB,has_measure,6.0_units
9,8,full_text + noisy_diagram[illumination],OK,∠C,has_measure,90_deg
9,8,full_text + noisy_diagram[illumination],OK,AD,intersects,BC
9,8,full_text + noisy_diagram[illumination],OK,AD,intersects,AB
9,8,full_text + noisy_diagram[illumination],OK,DE,perpendicular_to,AB
9,8,full_text + noisy_diagram[illumination],OK,AD,bisects,∠CAB
,,,,,,
10,8,full_text + noisy_diagram[illumination],OK,A,is_a,point
10,8,full_text + noisy_diagram[illumination],OK,B,is_a,point
10,8,full_text + noisy_diagram[illumination],OK,C,is_a,point
10,8,full_text + noisy_diagram[illumination],OK,D,is_a,point
10,8,full_text + noisy_diagram[illumination],OK,E,is_a,point
10,8,full_text + noisy_diagram[illumination],OK,AB,is_a,segment
10,8,full_text + noisy_diagram[illumination],OK,AC,is_a,segment
10,8,full_text + noisy_diagram[illumination],OK,AD,is_a,segment
10,8,full_text + noisy_diagram[illumination],OK,AE,is_a,segment
10,8,full_text + noisy_diagram[illumination],OK,BC,is_a,segment
10,8,full_text + noisy_diagram[illumination],OK,BD,is_a,segment
10,8,full_text + noisy_diagram[illumination],OK,AB,has_measure,?
10,8,full_text + noisy_diagram[illumination],OK,AC,has_measure,?
10,8,full_text + noisy_diagram[illumination],OK,AD,has_measure,?
10,8,full_text + noisy_diagram[illumination],OK,AE,has_measure,?
10,8,full_text + noisy_diagram[illumination],OK,BC,has_measure,?
10,8,full_text + noisy_diagram[illumination],OK,BD,has_measure,?
10,8,full_text + noisy_diagram[illumination],OK,∠BAC,is_a,angle
10,8,full_text + noisy_diagram[illumination],OK,∠BDC,is_a,angle
10,8,full_text + noisy_diagram[illumination],OK,∠BAC,has_measure,36_deg
10,8,full_text + noisy_diagram[illumination],OK,AB,parallel_to,AC
10,8,full_text + noisy_diagram[illumination],OK,AB,perpendicular_to,AE
10,8,full_text + noisy_diagram[illumination],OK,AC,perpendicular_to,BD
,,,,,,
11,8,full_text + noisy_diagram[illumination],OK,A,is_a,point
11,8,full_text + noisy_diagram[illumination],OK,B,is_a,point
11,8,full_text + noisy_diagram[illumination],OK,C,is_a,point
11,8,full_text + noisy_diagram[illumination],OK,D,is_a,point
11,8,full_text + noisy_diagram[illumination],OK,E,is_a,point
11,8,full_text + noisy_diagram[illumination],OK,F,is_a,point
11,8,full_text + noisy_diagram[illumination],OK,∠C,is_a,angle
11,8,full_text + noisy_diagram[illumination],OK,ABC,is_a,triangle
11,8,full_text + noisy_diagram[illumination],OK,AED,is_a,triangle
11,8,full_text + noisy_diagram[illumination],OK,∠C,has_measure,36_deg
11,8,full_text + noisy_diagram[illumination],OK,ABC,rotated_about,A
11,8,full_text + noisy_diagram[illumination],OK,ABC,mapped_to,AED
11,8,full_text + noisy_diagram[illumination],OK,AD,is_a,segment
11,8,full_text + noisy_diagram[illumination],OK,BC,is_a,segment
11,8,full_text + noisy_diagram[illumination],OK,AD,intersects,BC
11,8,full_text + noisy_diagram[illumination],OK,AD,intersects,"BC, at, F"
11,8,full_text + noisy_diagram[illumination],OK,ABC,rotated_about,60_deg
,,,,,,
14,8,full_text + noisy_diagram[illumination],OK,A,is_a,point
14,8,full_text + noisy_diagram[illumination],OK,B,is_a,point
14,8,full_text + noisy_diagram[illumination],OK,C,is_a,point
14,8,full_text + noisy_diagram[illumination],OK,O,is_a,point
14,8,full_text + noisy_diagram[illumination],OK,ABC,is_a,triangle
14,8,full_text + noisy_diagram[illumination],OK,O,is_a,circle
14,8,full_text + noisy_diagram[illumination],OK,O,center_of,circle
14,8,full_text + noisy_diagram[illumination],OK,A,lies_on,circle
14,8,full_text + noisy_diagram[illumination],OK,B,lies_on,circle
14,8,full_text + noisy_diagram[illumination],OK,C,lies_on,circle
14,8,full_text + noisy_diagram[illumination],OK,ABC,inscribed_in,circle
14,8,full_text + noisy_diagram[illumination],OK,∠OAB,is_a,angle
14,8,full_text + noisy_diagram[illumination],OK,∠OAB,has_measure,35_deg
14,8,full_text + noisy_diagram[illumination],OK,∠ACB,is_a,angle
14,8,full_text + noisy_diagram[illumination],OK,∠ACB,has_measure,?
14,8,full_text + noisy_diagram[illumination],OK,OA,is_a,segment
14,8,full_text + noisy_diagram[illumination],OK,OB,is_a,segment
14,8,full_text + noisy_diagram[illumination],OK,OC,is_a,segment
14,8,full_text + noisy_diagram[illumination],OK,AB,is_a,segment
14,8,full_text + noisy_diagram[illumination],OK,AC,is_a,segment
14,8,full_text + noisy_diagram[illumination],OK,BC,is_a,segment
,,,,,,
16,8,full_text + noisy_diagram[illumination],OK,O,is_a,point
16,8,full_text + noisy_diagram[illumination],OK,B,is_a,point
16,8,full_text + noisy_diagram[illumination],OK,A,is_a,point
16,8,full_text + noisy_diagram[illumination],OK,C,is_a,point
16,8,full_text + noisy_diagram[illumination],OK,OB,is_a,radius
16,8,full_text + noisy_diagram[illumination],OK,AC,is_a,chord
16,8,full_text + noisy_diagram[illumination],OK,AC,parallel_to,OB
16,8,full_text + noisy_diagram[illumination],OK,O,center_of,circle
16,8,full_text + noisy_diagram[illumination],OK,AC,lies_on,circle
16,8,full_text + noisy_diagram[illumination],OK,B,lies_on,circle
16,8,full_text + noisy_diagram[illumination],OK,C,lies_on,circle
16,8,full_text + noisy_diagram[illumination],OK,A,lies_on,circle
16,8,full_text + noisy_diagram[illumination],OK,∠BOC,is_a,angle
16,8,full_text + noisy_diagram[illumination],OK,∠BOC,has_measure,50_deg
16,8,full_text + noisy_diagram[illumination],OK,∠OAB,is_a,angle
16,8,full_text + noisy_diagram[illumination],OK,∠OAB,has_measure,?
16,8,full_text + noisy_diagram[illumination],OK,O,connects,B
16,8,full_text + noisy_diagram[illumination],OK,O,connects,C
16,8,full_text + noisy_diagram[illumination],OK,O,connects,A
16,8,full_text + noisy_diagram[illumination],OK,B,connects,C
16,8,full_text + noisy_diagram[illumination],OK,A,connects,C
16,8,full_text + noisy_diagram[illumination],OK,A,connects,O
16,8,full_text + noisy_diagram[illumination],OK,B,connects,O
16,8,full_text + noisy_diagram[illumination],OK,?,is_a,query_target
,,,,,,
17,8,full_text + noisy_diagram[illumination],OK,A,is_a,point
17,8,full_text + noisy_diagram[illumination],OK,B,is_a,point
17,8,full_text + noisy_diagram[illumination],OK,C,is_a,point
17,8,full_text + noisy_diagram[illumination],OK,D,is_a,point
17,8,full_text + noisy_diagram[illumination],OK,O,is_a,point
17,8,full_text + noisy_diagram[illumination],OK,ABCD,is_a,parallelogram
17,8,full_text + noisy_diagram[illumination],OK,AC,is_a,diagonal
17,8,full_text + noisy_diagram[illumination],OK,BD,is_a,diagonal
17,8,full_text + noisy_diagram[illumination],OK,AC,intersects,BD
17,8,full_text + noisy_diagram[illumination],OK,AC,intersects,O
17,8,full_text + noisy_diagram[illumination],OK,BD,intersects,O
17,8,full_text + noisy_diagram[illumination],OK,∠DAC,is_a,angle
17,8,full_text + noisy_diagram[illumination],OK,∠DAC,has_measure,42_deg
17,8,full_text + noisy_diagram[illumination],OK,∠CBD,is_a,angle
17,8,full_text + noisy_diagram[illumination],OK,∠CBD,has_measure,23_deg
17,8,full_text + noisy_diagram[illumination],OK,∠COD,is_a,angle
17,8,full_text + noisy_diagram[illumination],OK,A,connects,B
17,8,full_text + noisy_diagram[illumination],OK,B,connects,C
17,8,full_text + noisy_diagram[illumination],OK,C,connects,D
17,8,full_text + noisy_diagram[illumination],OK,D,connects,A
17,8,full_text + noisy_diagram[illumination],OK,A,connects,D
17,8,full_text + noisy_diagram[illumination],OK,D,connects,C
17,8,full_text + noisy_diagram[illumination],OK,C,connects,B
17,8,full_text + noisy_diagram[illumination],OK,B,connects,A
17,8,full_text + noisy_diagram[illumination],OK,AC,connects,A
17,8,full_text + noisy_diagram[illumination],OK,AC,connects,C
17,8,full_text + noisy_diagram[illumination],OK,BD,connects,B
17,8,full_text + noisy_diagram[illumination],OK,BD,connects,D
17,8,full_text + noisy_diagram[illumination],OK,A,connects,C
17,8,full_text + noisy_diagram[illumination],OK,C,connects,A
17,8,full_text + noisy_diagram[illumination],OK,B,connects,D
17,8,full_text + noisy_diagram[illumination],OK,D,connects,B
,,,,,,
20,8,full_text + noisy_diagram[illumination],OK,A,is_a,point
20,8,full_text + noisy_diagram[illumination],OK,B,is_a,point
20,8,full_text + noisy_diagram[illumination],OK,O,is_a,point
20,8,full_text + noisy_diagram[illumination],OK,C,is_a,point
20,8,full_text + noisy_diagram[illumination],OK,D,is_a,point
20,8,full_text + noisy_diagram[illumination],OK,AB,is_a,segment
20,8,full_text + noisy_diagram[illumination],OK,AC,is_a,segment
20,8,full_text + noisy_diagram[illumination],OK,BC,is_a,segment
20,8,full_text + noisy_diagram[illumination],OK,CD,is_a,segment
20,8,full_text + noisy_diagram[illumination],OK,OD,is_a,segment
20,8,full_text + noisy_diagram[illumination],OK,AB,is_a,diameter
20,8,full_text + noisy_diagram[illumination],OK,O,is_a,circle
20,8,full_text + noisy_diagram[illumination],OK,A,lies_on,O
20,8,full_text + noisy_diagram[illumination],OK,B,lies_on,O
20,8,full_text + noisy_diagram[illumination],OK,C,lies_on,O
20,8,full_text + noisy_diagram[illumination],OK,D,lies_on,O
20,8,full_text + noisy_diagram[illumination],OK,AB,connects,A
20,8,full_text + noisy_diagram[illumination],OK,AB,connects,B
20,8,full_text + noisy_diagram[illumination],OK,AC,connects,A
20,8,full_text + noisy_diagram[illumination],OK,AC,connects,C
20,8,full_text + noisy_diagram[illumination],OK,BC,connects,B
20,8,full_text + noisy_diagram[illumination],OK,BC,connects,C
20,8,full_text + noisy_diagram[illumination],OK,CD,connects,C
20,8,full_text + noisy_diagram[illumination],OK,CD,connects,D
20,8,full_text + noisy_diagram[illumination],OK,OD,connects,O
20,8,full_text + noisy_diagram[illumination],OK,OD,connects,D
20,8,full_text + noisy_diagram[illumination],OK,O,center_of,O
20,8,full_text + noisy_diagram[illumination],OK,AB,diameter_of,O
20,8,full_text + noisy_diagram[illumination],OK,∠DOB,is_a,angle
20,8,full_text + noisy_diagram[illumination],OK,∠DOB,has_measure,140_deg
,,,,,,
22,8,full_text + noisy_diagram[illumination],OK,A,is_a,point
22,8,full_text + noisy_diagram[illumination],OK,B,is_a,point)
22,8,full_text + noisy_diagram[illumination],OK,C,is_a,point)
22,8,full_text + noisy_diagram[illumination],OK,D,is_a,point)
22,8,full_text + noisy_diagram[illumination],OK,M,is_a,point)
22,8,full_text + noisy_diagram[illumination],OK,N,is_a,point)
22,8,full_text + noisy_diagram[illumination],OK,O,is_a,point)
22,8,full_text + noisy_diagram[illumination],OK,ABCD,is_a,diamond)
22,8,full_text + noisy_diagram[illumination],OK,M,lies_on,AB)
22,8,full_text + noisy_diagram[illumination],OK,N,lies_on,CD)
22,8,full_text + noisy_diagram[illumination],OK,AM,has_measure,CN)
22,8,full_text + noisy_diagram[illumination],OK,MN,intersects,AC)
22,8,full_text + noisy_diagram[illumination],OK,MN,intersects,"at, O)"
22,8,full_text + noisy_diagram[illumination],OK,AC,intersects,"at, O)"
22,8,full_text + noisy_diagram[illumination],OK,BO,is_a,segment)
22,8,full_text + noisy_diagram[illumination],OK,DAC,is_a,angle)
22,8,full_text + noisy_diagram[illumination],OK,DAC,has_measure,28_deg)
22,8,full_text + noisy_diagram[illumination],OK,OBC,is_a,angle)
22,8,full_text + noisy_diagram[illumination],OK,OBC,has_measure,?)
,,,,,,
25,8,full_text + noisy_diagram[illumination],OK,A,is_a,point
25,8,full_text + noisy_diagram[illumination],OK,B,is_a,point
25,8,full_text + noisy_diagram[illumination],OK,C,is_a,point
25,8,full_text + noisy_diagram[illumination],OK,E,is_a,point
25,8,full_text + noisy_diagram[illumination],OK,F,is_a,point
25,8,full_text + noisy_diagram[illumination],OK,EF,is_a,segment
25,8,full_text + noisy_diagram[illumination],OK,BC,is_a,segment
25,8,full_text + noisy_diagram[illumination],OK,AC,is_a,segment
25,8,full_text + noisy_diagram[illumination],OK,BAF,is_a,angle
25,8,full_text + noisy_diagram[illumination],OK,∠B,is_a,angle
25,8,full_text + noisy_diagram[illumination],OK,EF,parallel_to,BC
25,8,full_text + noisy_diagram[illumination],OK,AC,bisects,∠BAF
25,8,full_text + noisy_diagram[illumination],OK,∠B,has_measure,50_deg
,,,,,,
26,8,full_text + noisy_diagram[illumination],OK,height,is_a,?
26,8,full_text + noisy_diagram[illumination],OK,flagpole,is_a,?
26,8,full_text + noisy_diagram[illumination],OK,bamboo_pole,is_a,?
26,8,full_text + noisy_diagram[illumination],OK,bamboo_pole,has_measure,3.2_m
26,8,full_text + noisy_diagram[illumination],OK,distance_between_bamboo_pole_and_point,is_a,?
26,8,full_text + noisy_diagram[illumination],OK,distance_between_bamboo_pole_and_point,has_measure,8.0_m
26,8,full_text + noisy_diagram[illumination],OK,distance_between_flagpole_and_point,is_a,?
26,8,full_text + noisy_diagram[illumination],OK,distance_between_flagpole_and_point,has_measure,22.0_m
26,8,full_text + noisy_diagram[illumination],OK,bamboo_pole,connects,distance_between_bamboo_pole_and_point
26,8,full_text + noisy_diagram[illumination],OK,flagpole,connects,distance_between_flagpole_and_point
26,8,full_text + noisy_diagram[illumination],OK,bamboo_pole,intersects,point
26,8,full_text + noisy_diagram[illumination],OK,flagpole,intersects,point
26,8,full_text + noisy_diagram[illumination],OK,point,is_a,?
,,,,,,
29,8,full_text + noisy_diagram[illumination],OK,A,is_a,point
29,8,full_text + noisy_diagram[illumination],OK,B,is_a,point
29,8,full_text + noisy_diagram[illumination],OK,C,is_a,point
29,8,full_text + noisy_diagram[illumination],OK,D,is_a,point
29,8,full_text + noisy_diagram[illumination],OK,ABC,is_a,triangle
29,8,full_text + noisy_diagram[illumination],OK,AB,is_a,segment
29,8,full_text + noisy_diagram[illumination],OK,BC,is_a,segment
29,8,full_text + noisy_diagram[illumination],OK,CA,is_a,segment
29,8,full_text + noisy_diagram[illumination],OK,BD,is_a,segment
29,8,full_text + noisy_diagram[illumination],OK,CD,is_a,segment
29,8,full_text + noisy_diagram[illumination],OK,∠BAC,is_a,angle
29,8,full_text + noisy_diagram[illumination],OK,∠BDC,is_a,angle
29,8,full_text + noisy_diagram[illumination],OK,D,is_a,intersection_point
29,8,full_text + noisy_diagram[illumination],OK,ABC,has_measure,50_deg
29,8,full_text + noisy_diagram[illumination],OK,∠BAC,has_measure,50_deg
29,8,full_text + noisy_diagram[illumination],OK,∠BDC,has_measure,?
29,8,full_text + noisy_diagram[illumination],OK,D,lies_on,BD
29,8,full_text + noisy_diagram[illumination],OK,D,lies_on,CD
,,,,,,
30,8,full_text + noisy_diagram[illumination],OK,O,is_a,point
30,8,full_text + noisy_diagram[illumination],OK,A,is_a,point
30,8,full_text + noisy_diagram[illumination],OK,B,is_a,point
30,8,full_text + noisy_diagram[illumination],OK,C,is_a,point
30,8,full_text + noisy_diagram[illumination],OK,OA,is_a,segment
30,8,full_text + noisy_diagram[illumination],OK,OB,is_a,segment
30,8,full_text + noisy_diagram[illumination],OK,OC,is_a,segment
30,8,full_text + noisy_diagram[illumination],OK,OA,has_measure,?
30,8,full_text + noisy_diagram[illumination],OK,OB,has_measure,?
30,8,full_text + noisy_diagram[illumination],OK,OC,has_measure,?
30,8,full_text + noisy_diagram[illumination],OK,OA,has_measure,OB
30,8,full_text + noisy_diagram[illumination],OK,OA,has_measure,OC
30,8,full_text + noisy_diagram[illumination],OK,OB,has_measure,OC
30,8,full_text + noisy_diagram[illumination],OK,ACB,is_a,angle
30,8,full_text + noisy_diagram[illumination],OK,ACB,has_measure,30_deg
30,8,full_text + noisy_diagram[illumination],OK,AOB,is_a,angle
30,8,full_text + noisy_diagram[illumination],OK,AOB,has_measure,?
,,,,,,
32,8,full_text + noisy_diagram[illumination],OK,A,is_a,point
32,8,full_text + noisy_diagram[illumination],OK,B,is_a,point
32,8,full_text + noisy_diagram[illumination],OK,C,is_a,point
32,8,full_text + noisy_diagram[illumination],OK,I,is_a,point
32,8,full_text + noisy_diagram[illumination],OK,D,is_a,point
32,8,full_text + noisy_diagram[illumination],OK,E,is_a,point
32,8,full_text + noisy_diagram[illumination],OK,F,is_a,point
32,8,full_text + noisy_diagram[illumination],OK,ABC,is_a,triangle
32,8,full_text + noisy_diagram[illumination],OK,I,is_a,circle
32,8,full_text + noisy_diagram[illumination],OK,I,center_of,circle
32,8,full_text + noisy_diagram[illumination],OK,DEF,is_a,angle
32,8,full_text + noisy_diagram[illumination],OK,DEF,has_measure,52_deg
32,8,full_text + noisy_diagram[illumination],OK,I,lies_on,triangle ABC
32,8,full_text + noisy_diagram[illumination],OK,D,lies_on,triangle ABC
32,8,full_text + noisy_diagram[illumination],OK,E,lies_on,triangle ABC
32,8,full_text + noisy_diagram[illumination],OK,F,lies_on,triangle ABC
,,,,,,
34,8,full_text + noisy_diagram[illumination],OK,A,is_a,point
34,8,full_text + noisy_diagram[illumination],OK,B,is_a,point
34,8,full_text + noisy_diagram[illumination],OK,C,is_a,point
34,8,full_text + noisy_diagram[illumination],OK,D,is_a,point
34,8,full_text + noisy_diagram[illumination],OK,E,is_a,point
34,8,full_text + noisy_diagram[illumination],OK,F,is_a,point
34,8,full_text + noisy_diagram[illumination],OK,P,is_a,point
34,8,full_text + noisy_diagram[illumination],OK,Q,is_a,point
34,8,full_text + noisy_diagram[illumination],OK,AB,is_a,line
34,8,full_text + noisy_diagram[illumination],OK,CD,is_a,line
34,8,full_text + noisy_diagram[illumination],OK,EF,is_a,line
34,8,full_text + noisy_diagram[illumination],OK,AB,parallel_to,CD
34,8,full_text + noisy_diagram[illumination],OK,EF,intersects,AB
34,8,full_text + noisy_diagram[illumination],OK,EF,intersects,CD
34,8,full_text + noisy_diagram[illumination],OK,P,is_a,intersection
34,8,full_text + noisy_diagram[illumination],OK,Q,is_a,intersection
34,8,full_text + noisy_diagram[illumination],OK,AB,lies_on,P
34,8,full_text + noisy_diagram[illumination],OK,CD,lies_on,Q
34,8,full_text + noisy_diagram[illumination],OK,EF,lies_on,P
34,8,full_text + noisy_diagram[illumination],OK,EF,lies_on,Q
34,8,full_text + noisy_diagram[illumination],OK,∠BPF,is_a,angle
34,8,full_text + noisy_diagram[illumination],OK,∠BPF,has_measure,100_deg
34,8,full_text + noisy_diagram[illumination],OK,∠CQF,is_a,angle
34,8,full_text + noisy_diagram[illumination],OK,∠CQF,has_measure,?
,,,,,,
36,8,full_text + noisy_diagram[illumination],OK,A,is_a,point
36,8,full_text + noisy_diagram[illumination],OK,B,is_a,point
36,8,full_text + noisy_diagram[illumination],OK,O,is_a,point
36,8,full_text + noisy_diagram[illumination],OK,C,is_a,point
36,8,full_text + noisy_diagram[illumination],OK,D,is_a,point
36,8,full_text + noisy_diagram[illumination],OK,AB,is_a,segment
36,8,full_text + noisy_diagram[illumination],OK,AC,is_a,segment
36,8,full_text + noisy_diagram[illumination],OK,DC,is_a,segment
36,8,full_text + noisy_diagram[illumination],OK,DB,is_a,segment
36,8,full_text + noisy_diagram[illumination],OK,O,is_a,circle
36,8,full_text + noisy_diagram[illumination],OK,O,center_of,circle
36,8,full_text + noisy_diagram[illumination],OK,AB,diameter_of,circle
36,8,full_text + noisy_diagram[illumination],OK,C,lies_on,circle
36,8,full_text + noisy_diagram[illumination],OK,DC,tangent_to,circle
36,8,full_text + noisy_diagram[illumination],OK,AB,connects,D
36,8,full_text + noisy_diagram[illumination],OK,AC,connects,C
36,8,full_text + noisy_diagram[illumination],OK,DC,intersects,AB
36,8,full_text + noisy_diagram[illumination],OK,∠BDC,is_a,angle
36,8,full_text + noisy_diagram[illumination],OK,∠BDC,has_measure,50_deg
36,8,full_text + noisy_diagram[illumination],OK,∠BAC,is_a,angle
,,,,,,
37,8,full_text + noisy_diagram[illumination],OK,A,is_a,point
37,8,full_text + noisy_diagram[illumination],OK,B,is_a,point
37,8,full_text + noisy_diagram[illumination],OK,C,is_a,point
37,8,full_text + noisy_diagram[illumination],OK,D,is_a,point
37,8,full_text + noisy_diagram[illumination],OK,O,is_a,point
37,8,full_text + noisy_diagram[illumination],OK,P,is_a,point
37,8,full_text + noisy_diagram[illumination],OK,AB,is_a,segment
37,8,full_text + noisy_diagram[illumination],OK,CD,is_a,segment
37,8,full_text + noisy_diagram[illumination],OK,AP,is_a,segment
37,8,full_text + noisy_diagram[illumination],OK,AB,parallel_to,CD
37,8,full_text + noisy_diagram[illumination],OK,AB,intersects,transversal
37,8,full_text + noisy_diagram[illumination],OK,transversal,intersects,AB
37,8,full_text + noisy_diagram[illumination],OK,transversal,intersects,CD
37,8,full_text + noisy_diagram[illumination],OK,O,lies_on,AB
37,8,full_text + noisy_diagram[illumination],OK,C,lies_on,CD
37,8,full_text + noisy_diagram[illumination],OK,C,collinear_with,O
37,8,full_text + noisy_diagram[illumination],OK,O,collinear_with,P
37,8,full_text + noisy_diagram[illumination],OK,P,collinear_with,C
37,8,full_text + noisy_diagram[illumination],OK,A,lies_on,AB
37,8,full_text + noisy_diagram[illumination],OK,AP,connects,A
37,8,full_text + noisy_diagram[illumination],OK,AP,connects,P
37,8,full_text + noisy_diagram[illumination],OK,AO,has_measure,OP
37,8,full_text + noisy_diagram[illumination],OK,OCD,has_measure,50_deg
,,,,,,
38,8,full_text + noisy_diagram[illumination],OK,A,is_a,point
38,8,full_text + noisy_diagram[illumination],OK,B,is_a,point
38,8,full_text + noisy_diagram[illumination],OK,C,is_a,point
38,8,full_text + noisy_diagram[illumination],OK,D,is_a,point
38,8,full_text + noisy_diagram[illumination],OK,AB,is_a,segment
38,8,full_text + noisy_diagram[illumination],OK,AC,is_a,segment
38,8,full_text + noisy_diagram[illumination],OK,AD,is_a,segment
38,8,full_text + noisy_diagram[illumination],OK,BC,is_a,segment
38,8,full_text + noisy_diagram[illumination],OK,AB,connects,A
38,8,full_text + noisy_diagram[illumination],OK,AB,connects,B
38,8,full_text + noisy_diagram[illumination],OK,AC,connects,A
38,8,full_text + noisy_diagram[illumination],OK,AC,connects,C
38,8,full_text + noisy_diagram[illumination],OK,AD,connects,A
38,8,full_text + noisy_diagram[illumination],OK,AD,connects,D
38,8,full_text + noisy_diagram[illumination],OK,BC,connects,B
38,8,full_text + noisy_diagram[illumination],OK,BC,connects,C
38,8,full_text + noisy_diagram[illumination],OK,AD,parallel_to,BC
38,8,full_text + noisy_diagram[illumination],OK,∠CAD,is_a,angle
38,8,full_text + noisy_diagram[illumination],OK,∠CAD,has_measure,70_deg
38,8,full_text + noisy_diagram[illumination],OK,∠BAC,is_a,angle
38,8,full_text + noisy_diagram[illumination],OK,AB,has_measure,?
38,8,full_text + noisy_diagram[illumination],OK,AC,has_measure,?
38,8,full_text + noisy_diagram[illumination],OK,AD,has_measure,?
38,8,full_text + noisy_diagram[illumination],OK,BC,has_measure,?
,,,,,,
40,8,full_text + noisy_diagram[illumination],OK,a,is_a,line
40,8,full_text + noisy_diagram[illumination],OK,b,is_a,line
40,8,full_text + noisy_diagram[illumination],OK,c,is_a,line
40,8,full_text + noisy_diagram[illumination],OK,a,parallel_to,b
40,8,full_text + noisy_diagram[illumination],OK,a,is_a,horizontal
40,8,full_text + noisy_diagram[illumination],OK,b,is_a,horizontal
40,8,full_text + noisy_diagram[illumination],OK,c,intersects,a
40,8,full_text + noisy_diagram[illumination],OK,c,intersects,b
40,8,full_text + noisy_diagram[illumination],OK,E,is_a,point
40,8,full_text + noisy_diagram[illumination],OK,F,is_a,point
40,8,full_text + noisy_diagram[illumination],OK,c,connects,E
40,8,full_text + noisy_diagram[illumination],OK,c,connects,F
40,8,full_text + noisy_diagram[illumination],OK,A,is_a,point
40,8,full_text + noisy_diagram[illumination],OK,B,is_a,point
40,8,full_text + noisy_diagram[illumination],OK,C,is_a,point
40,8,full_text + noisy_diagram[illumination],OK,D,is_a,point
40,8,full_text + noisy_diagram[illumination],OK,A,lies_on,a
40,8,full_text + noisy_diagram[illumination],OK,B,lies_on,b
40,8,full_text + noisy_diagram[illumination],OK,C,lies_on,c
40,8,full_text + noisy_diagram[illumination],OK,D,lies_on,c
40,8,full_text + noisy_diagram[illumination],OK,A,is_a,"right_of, E"
40,8,full_text + noisy_diagram[illumination],OK,B,is_a,"right_of, F"
40,8,full_text + noisy_diagram[illumination],OK,C,is_a,"above, E"
40,8,full_text + noisy_diagram[illumination],OK,D,is_a,"below, F"
40,8,full_text + noisy_diagram[illumination],OK,∠AEC,is_a,angle
40,8,full_text + noisy_diagram[illumination],OK,∠AEC,has_measure,50_deg
40,8,full_text + noisy_diagram[illumination],OK,∠BFD,is_a,angle
40,8,full_text + noisy_diagram[illumination],OK,∠BFD,has_measure,?
,,,,,,
43,8,full_text + noisy_diagram[illumination],OK,A,is_a,point
43,8,full_text + noisy_diagram[illumination],OK,B,is_a,point
43,8,full_text + noisy_diagram[illumination],OK,O,is_a,point
43,8,full_text + noisy_diagram[illumination],OK,D,is_a,point
43,8,full_text + noisy_diagram[illumination],OK,C,is_a,point
43,8,full_text + noisy_diagram[illumination],OK,OAB,is_a,triangle
43,8,full_text + noisy_diagram[illumination],OK,OA,is_a,segment
43,8,full_text + noisy_diagram[illumination],OK,OB,is_a,segment
43,8,full_text + noisy_diagram[illumination],OK,OD,is_a,segment
43,8,full_text + noisy_diagram[illumination],OK,OC,is_a,segment
43,8,full_text + noisy_diagram[illumination],OK,OA,mapped_to,OD
43,8,full_text + noisy_diagram[illumination],OK,OB,mapped_to,OC
43,8,full_text + noisy_diagram[illumination],OK,OAB,rotated_about,O
43,8,full_text + noisy_diagram[illumination],OK,OAB,has_measure,30_deg
43,8,full_text + noisy_diagram[illumination],OK,A,mapped_to,D
43,8,full_text + noisy_diagram[illumination],OK,B,mapped_to,C
43,8,full_text + noisy_diagram[illumination],OK,AOC,is_a,angle
43,8,full_text + noisy_diagram[illumination],OK,AOC,has_measure,100_deg
43,8,full_text + noisy_diagram[illumination],OK,DOB,is_a,angle
,,,,,,
44,8,full_text + noisy_diagram[illumination],OK,A,is_a,point
44,8,full_text + noisy_diagram[illumination],OK,B,is_a,point
44,8,full_text + noisy_diagram[illumination],OK,AB,is_a,segment
44,8,full_text + noisy_diagram[illumination],OK,AB,has_measure,30_units
44,8,full_text + noisy_diagram[illumination],OK,X,is_a,point
44,8,full_text + noisy_diagram[illumination],OK,Y,is_a,point
44,8,full_text + noisy_diagram[illumination],OK,XY,is_a,segment
44,8,full_text + noisy_diagram[illumination],OK,XY,has_measure,25_units
44,8,full_text + noisy_diagram[illumination],OK,Xiaogang,is_a,person
44,8,full_text + noisy_diagram[illumination],OK,Xiaogang,has_measure,1.5_units
44,8,full_text + noisy_diagram[illumination],OK,Height,is_a,?
,,,,,,
45,8,full_text + noisy_diagram[illumination],OK,O,is_a,point
45,8,full_text + noisy_diagram[illumination],OK,A,is_a,point
45,8,full_text + noisy_diagram[illumination],OK,B,is_a,point
45,8,full_text + noisy_diagram[illumination],OK,C,is_a,point
45,8,full_text + noisy_diagram[illumination],OK,O,is_a,center
45,8,full_text + noisy_diagram[illumination],OK,AO,is_a,segment
45,8,full_text + noisy_diagram[illumination],OK,BO,is_a,segment
45,8,full_text + noisy_diagram[illumination],OK,AC,is_a,segment
45,8,full_text + noisy_diagram[illumination],OK,BC,is_a,segment
45,8,full_text + noisy_diagram[illumination],OK,∠ACB,is_a,angle
45,8,full_text + noisy_diagram[illumination],OK,∠ACB,has_measure,35_deg
45,8,full_text + noisy_diagram[illumination],OK,A,lies_on,circle
45,8,full_text + noisy_diagram[illumination],OK,B,lies_on,circle
45,8,full_text + noisy_diagram[illumination],OK,C,lies_on,circle
45,8,full_text + noisy_diagram[illumination],OK,O,center_of,circle
45,8,full_text + noisy_diagram[illumination],OK,AO,connects,A
45,8,full_text + noisy_diagram[illumination],OK,AO,connects,O
45,8,full_text + noisy_diagram[illumination],OK,BO,connects,B
45,8,full_text + noisy_diagram[illumination],OK,BO,connects,O
45,8,full_text + noisy_diagram[illumination],OK,AC,connects,A
45,8,full_text + noisy_diagram[illumination],OK,AC,connects,C
45,8,full_text + noisy_diagram[illumination],OK,BC,connects,B
45,8,full_text + noisy_diagram[illumination],OK,BC,connects,C
45,8,full_text + noisy_diagram[illumination],OK,∠AOB,is_a,angle
45,8,full_text + noisy_diagram[illumination],OK,∠AOB,has_measure,?
,,,,,,
46,8,full_text + noisy_diagram[illumination],OK,A,is_a,point
46,8,full_text + noisy_diagram[illumination],OK,B,is_a,point
46,8,full_text + noisy_diagram[illumination],OK,C,is_a,point
46,8,full_text + noisy_diagram[illumination],OK,D,is_a,point
46,8,full_text + noisy_diagram[illumination],OK,AB,is_a,segment
46,8,full_text + noisy_diagram[illumination],OK,CD,is_a,segment
46,8,full_text + noisy_diagram[illumination],OK,AB,parallel_to,CD
46,8,full_text + noisy_diagram[illumination],OK,transversal,is_a,line
46,8,full_text + noisy_diagram[illumination],OK,transversal,intersects,AB
46,8,full_text + noisy_diagram[illumination],OK,transversal,intersects,CD
46,8,full_text + noisy_diagram[illumination],OK,angle,is_a,angle
46,8,full_text + noisy_diagram[illumination],OK,angle,has_measure,70_deg
46,8,full_text + noisy_diagram[illumination],OK,angle1,is_a,angle
46,8,full_text + noisy_diagram[illumination],OK,AB,connects,A
46,8,full_text + noisy_diagram[illumination],OK,AB,connects,B
46,8,full_text + noisy_diagram[illumination],OK,CD,connects,C
46,8,full_text + noisy_diagram[illumination],OK,CD,connects,D
46,8,full_text + noisy_diagram[illumination],OK,transversal,connects,A
46,8,full_text + noisy_diagram[illumination],OK,transversal,connects,C
46,8,full_text + noisy_diagram[illumination],OK,angle,lies_on,A
46,8,full_text + noisy_diagram[illumination],OK,angle1,lies_on,C
,,,,,,
48,8,full_text + noisy_diagram[illumination],OK,O,is_a,point
48,8,full_text + noisy_diagram[illumination],OK,A,is_a,point
48,8,full_text + noisy_diagram[illumination],OK,B,is_a,point
48,8,full_text + noisy_diagram[illumination],OK,C,is_a,point
48,8,full_text + noisy_diagram[illumination],OK,O,center_of,circle
48,8,full_text + noisy_diagram[illumination],OK,A,lies_on,circle
48,8,full_text + noisy_diagram[illumination],OK,B,lies_on,circle
48,8,full_text + noisy_diagram[illumination],OK,C,lies_on,circle
48,8,full_text + noisy_diagram[illumination],OK,BOC,is_a,angle
48,8,full_text + noisy_diagram[illumination],OK,BOC,has_measure,100_deg
48,8,full_text + noisy_diagram[illumination],OK,BAC,is_a,angle
48,8,full_text + noisy_diagram[illumination],OK,BAC,has_measure,?
48,8,full_text + noisy_diagram[illumination],OK,Question,is_a,query
48,8,full_text + noisy_diagram[illumination],OK,Question,has_target,BAC
,,,,,,
49,8,full_text + noisy_diagram[illumination],OK,A,is_a,point
49,8,full_text + noisy_diagram[illumination],OK,B,is_a,point
49,8,full_text + noisy_diagram[illumination],OK,C,is_a,point
49,8,full_text + noisy_diagram[illumination],OK,D,is_a,point
49,8,full_text + noisy_diagram[illumination],OK,E,is_a,point
49,8,full_text + noisy_diagram[illumination],OK,O,is_a,point
49,8,full_text + noisy_diagram[illumination],OK,AB,is_a,segment
49,8,full_text + noisy_diagram[illumination],OK,AC,is_a,segment
49,8,full_text + noisy_diagram[illumination],OK,AE,is_a,segment
49,8,full_text + noisy_diagram[illumination],OK,AD,is_a,segment
49,8,full_text + noisy_diagram[illumination],OK,BC,is_a,segment
49,8,full_text + noisy_diagram[illumination],OK,DE,is_a,segment
49,8,full_text + noisy_diagram[illumination],OK,ABCDE,is_a,cyclic_pentagon
49,8,full_text + noisy_diagram[illumination],OK,A,lies_on,ABCDE
49,8,full_text + noisy_diagram[illumination],OK,B,lies_on,ABCDE
49,8,full_text + noisy_diagram[illumination],OK,C,lies_on,ABCDE
49,8,full_text + noisy_diagram[illumination],OK,D,lies_on,ABCDE
49,8,full_text + noisy_diagram[illumination],OK,E,lies_on,ABCDE
49,8,full_text + noisy_diagram[illumination],OK,O,center_of,ABCDE
49,8,full_text + noisy_diagram[illumination],OK,∠BAC,is_a,angle
49,8,full_text + noisy_diagram[illumination],OK,∠AED,is_a,angle
49,8,full_text + noisy_diagram[illumination],OK,∠BAC,has_measure,35_deg
49,8,full_text + noisy_diagram[illumination],OK,∠AED,has_measure,115_deg
,,,,,,
50,8,full_text + noisy_diagram[illumination],OK,A,is_a,point
50,8,full_text + noisy_diagram[illumination],OK,B,is_a,point
50,8,full_text + noisy_diagram[illumination],OK,C,is_a,point
50,8,full_text + noisy_diagram[illumination],OK,D,is_a,point
50,8,full_text + noisy_diagram[illumination],OK,E,is_a,point
50,8,full_text + noisy_diagram[illumination],OK,O,is_a,point
50,8,full_text + noisy_diagram[illumination],OK,AB,is_a,line
50,8,full_text + noisy_diagram[illumination],OK,CD,is_a,line
50,8,full_text + noisy_diagram[illumination],OK,EO,is_a,line
50,8,full_text + noisy_diagram[illumination],OK,AB,intersects,CD
50,8,full_text + noisy_diagram[illumination],OK,AB,intersects,EO
50,8,full_text + noisy_diagram[illumination],OK,CD,intersects,EO
50,8,full_text + noisy_diagram[illumination],OK,AB,intersects,O
50,8,full_text + noisy_diagram[illumination],OK,CD,intersects,O
50,8,full_text + noisy_diagram[illumination],OK,EO,intersects,O
50,8,full_text + noisy_diagram[illumination],OK,EO,perpendicular_to,AB
50,8,full_text + noisy_diagram[illumination],OK,BOD,is_a,angle
50,8,full_text + noisy_diagram[illumination],OK,BOD,has_measure,50_deg
50,8,full_text + noisy_diagram[illumination],OK,COE,is_a,angle
50,8,full_text + noisy_diagram[illumination],OK,COE,has_measure,?
,,,,,,
53,8,full_text + noisy_diagram[illumination],OK,a,is_a,line
53,8,full_text + noisy_diagram[illumination],OK,b,is_a,line
53,8,full_text + noisy_diagram[illumination],OK,c,is_a,point
53,8,full_text + noisy_diagram[illumination],OK,55_deg,is_a,angle
53,8,full_text + noisy_diagram[illumination],OK,1,is_a,angle
53,8,full_text + noisy_diagram[illumination],OK,2y,is_a,angle
53,8,full_text + noisy_diagram[illumination],OK,?,is_a,angle
53,8,full_text + noisy_diagram[illumination],OK,a,intersects,b
53,8,full_text + noisy_diagram[illumination],OK,a,intersects,c
53,8,full_text + noisy_diagram[illumination],OK,b,intersects,c
53,8,full_text + noisy_diagram[illumination],OK,a,parallel_to,b
53,8,full_text + noisy_diagram[illumination],OK,c,lies_on,a
53,8,full_text + noisy_diagram[illumination],OK,c,lies_on,b
53,8,full_text + noisy_diagram[illumination],OK,1,has_measure,55_deg
53,8,full_text + noisy_diagram[illumination],OK,2,has_measure,2y
53,8,full_text + noisy_diagram[illumination],OK,3,has_measure,?
,,,,,,
55,8,full_text + noisy_diagram[illumination],OK,A,is_a,point
55,8,full_text + noisy_diagram[illumination],OK,B,is_a,point)
55,8,full_text + noisy_diagram[illumination],OK,C,is_a,point)
55,8,full_text + noisy_diagram[illumination],OK,D,is_a,point)
55,8,full_text + noisy_diagram[illumination],OK,O,is_a,point)
55,8,full_text + noisy_diagram[illumination],OK,M,is_a,point)
55,8,full_text + noisy_diagram[illumination],OK,N,is_a,point)
55,8,full_text + noisy_diagram[illumination],OK,AB,is_a,segment)
55,8,full_text + noisy_diagram[illumination],OK,CD,is_a,segment)
55,8,full_text + noisy_diagram[illumination],OK,OM,is_a,segment)
55,8,full_text + noisy_diagram[illumination],OK,ON,is_a,segment)
55,8,full_text + noisy_diagram[illumination],OK,AOC,is_a,angle)
55,8,full_text + noisy_diagram[illumination],OK,AB,connects,A)
55,8,full_text + noisy_diagram[illumination],OK,AB,connects,B)
55,8,full_text + noisy_diagram[illumination],OK,CD,connects,C)
55,8,full_text + noisy_diagram[illumination],OK,CD,connects,D)
55,8,full_text + noisy_diagram[illumination],OK,AB,intersects,CD)
55,8,full_text + noisy_diagram[illumination],OK,AB,intersects,"CD, at, O)"
55,8,full_text + noisy_diagram[illumination],OK,OM,bisects,AOC)
55,8,full_text + noisy_diagram[illumination],OK,ON,perpendicular_to,OM)
55,8,full_text + noisy_diagram[illumination],OK,AOC,has_measure,70_deg)
,,,,,,
56,8,full_text + noisy_diagram[illumination],OK,O,is_a,point
56,8,full_text + noisy_diagram[illumination],OK,CD,is_a,diameter
56,8,full_text + noisy_diagram[illumination],OK,CD,connects,C
56,8,full_text + noisy_diagram[illumination],OK,CD,connects,D
56,8,full_text + noisy_diagram[illumination],OK,EF,is_a,chord
56,8,full_text + noisy_diagram[illumination],OK,EF,intersects,CD
56,8,full_text + noisy_diagram[illumination],OK,EF,intersects,G
56,8,full_text + noisy_diagram[illumination],OK,G,is_a,point
56,8,full_text + noisy_diagram[illumination],OK,G,is_a,midpoint
56,8,full_text + noisy_diagram[illumination],OK,C,is_a,point
56,8,full_text + noisy_diagram[illumination],OK,E,is_a,point
56,8,full_text + noisy_diagram[illumination],OK,F,is_a,point
56,8,full_text + noisy_diagram[illumination],OK,DCF,is_a,angle
56,8,full_text + noisy_diagram[illumination],OK,DCF,has_measure,20_deg
56,8,full_text + noisy_diagram[illumination],OK,EOD,is_a,angle
56,8,full_text + noisy_diagram[illumination],OK,O,center_of,circle
56,8,full_text + noisy_diagram[illumination],OK,C,lies_on,circle
56,8,full_text + noisy_diagram[illumination],OK,E,lies_on,circle
56,8,full_text + noisy_diagram[illumination],OK,F,lies_on,circle
,,,,,,
57,8,full_text + noisy_diagram[illumination],OK,A,is_a,point
57,8,full_text + noisy_diagram[illumination],OK,B,is_a,point
57,8,full_text + noisy_diagram[illumination],OK,C,is_a,point
57,8,full_text + noisy_diagram[illumination],OK,D,is_a,point
57,8,full_text + noisy_diagram[illumination],OK,AB,is_a,segment
57,8,full_text + noisy_diagram[illumination],OK,CD,is_a,segment
57,8,full_text + noisy_diagram[illumination],OK,AB,parallel_to,CD
57,8,full_text + noisy_diagram[illumination],OK,AB,is_a,horizontal
57,8,full_text + noisy_diagram[illumination],OK,CD,is_a,horizontal
57,8,full_text + noisy_diagram[illumination],OK,A,lies_on,AB
57,8,full_text + noisy_diagram[illumination],OK,B,lies_on,AB
57,8,full_text + noisy_diagram[illumination],OK,C,lies_on,CD
57,8,full_text + noisy_diagram[illumination],OK,D,lies_on,CD
57,8,full_text + noisy_diagram[illumination],OK,CD,below,AB
57,8,full_text + noisy_diagram[illumination],OK,AD,is_a,line
57,8,full_text + noisy_diagram[illumination],OK,BC,is_a,line
57,8,full_text + noisy_diagram[illumination],OK,E,is_a,point
57,8,full_text + noisy_diagram[illumination],OK,AD,intersects,BC
57,8,full_text + noisy_diagram[illumination],OK,E,lies_on,AD
57,8,full_text + noisy_diagram[illumination],OK,E,lies_on,BC
57,8,full_text + noisy_diagram[illumination],OK,E,between,AB
57,8,full_text + noisy_diagram[illumination],OK,E,between,CD
57,8,full_text + noisy_diagram[illumination],OK,∠ABC,is_a,angle
57,8,full_text + noisy_diagram[illumination],OK,∠ABC,has_measure,20_deg
57,8,full_text + noisy_diagram[illumination],OK,∠DCB,is_a,angle
,,,,,,
58,8,full_text + noisy_diagram[illumination],OK,A,is_a,point
58,8,full_text + noisy_diagram[illumination],OK,AB,parallel_to,CD
58,8,full_text + noisy_diagram[illumination],OK,E,lies_on,AB
58,8,full_text + noisy_diagram[illumination],OK,C,lies_on,CD
58,8,full_text + noisy_diagram[illumination],OK,D,lies_on,CD
58,8,full_text + noisy_diagram[illumination],OK,∠CED,is_a,angle
58,8,full_text + noisy_diagram[illumination],OK,∠CED,has_measure,90_deg
58,8,full_text + noisy_diagram[illumination],OK,∠AEC,is_a,angle
58,8,full_text + noisy_diagram[illumination],OK,∠AEC,has_measure,35_deg
58,8,full_text + noisy_diagram[illumination],OK,A,collinear_with,E
58,8,full_text + noisy_diagram[illumination],OK,E,collinear_with,B
58,8,full_text + noisy_diagram[illumination],OK,A,collinear_with,B
58,8,full_text + noisy_diagram[illumination],OK,E,is_a,point)
58,8,full_text + noisy_diagram[illumination],OK,B,is_a,point)
58,8,full_text + noisy_diagram[illumination],OK,C,is_a,point)
58,8,full_text + noisy_diagram[illumination],OK,D,is_a,point)
58,8,full_text + noisy_diagram[illumination],OK,AB,is_a,segment)
58,8,full_text + noisy_diagram[illumination],OK,CD,is_a,segment)
58,8,full_text + noisy_diagram[illumination],OK,EC,is_a,segment)
58,8,full_text + noisy_diagram[illumination],OK,ED,is_a,segment)
,,,,,,
59,8,full_text + noisy_diagram[illumination],OK,A,is_a,point
59,8,full_text + noisy_diagram[illumination],OK,B,is_a,point
59,8,full_text + noisy_diagram[illumination],OK,C,is_a,point
59,8,full_text + noisy_diagram[illumination],OK,D,is_a,point
59,8,full_text + noisy_diagram[illumination],OK,AB,is_a,segment
59,8,full_text + noisy_diagram[illumination],OK,CD,is_a,segment
59,8,full_text + noisy_diagram[illumination],OK,AC,is_a,segment
59,8,full_text + noisy_diagram[illumination],OK,AD,is_a,segment
59,8,full_text + noisy_diagram[illumination],OK,AB,parallel_to,CD
59,8,full_text + noisy_diagram[illumination],OK,A,lies_on,AB
59,8,full_text + noisy_diagram[illumination],OK,B,lies_on,AB
59,8,full_text + noisy_diagram[illumination],OK,C,lies_on,CD
59,8,full_text + noisy_diagram[illumination],OK,D,lies_on,CD
59,8,full_text + noisy_diagram[illumination],OK,AC,connects,"A, C"
59,8,full_text + noisy_diagram[illumination],OK,AD,connects,"A, D"
59,8,full_text + noisy_diagram[illumination],OK,AD,bisects,∠BAC
59,8,full_text + noisy_diagram[illumination],OK,∠ACD,has_measure,80_deg
,,,,,,
60,8,full_text + noisy_diagram[illumination],OK,A,is_a,point
60,8,full_text + noisy_diagram[illumination],OK,B,is_a,point
60,8,full_text + noisy_diagram[illumination],OK,C,is_a,point
60,8,full_text + noisy_diagram[illumination],OK,D,is_a,point
60,8,full_text + noisy_diagram[illumination],OK,AB,is_a,segment
60,8,full_text + noisy_diagram[illumination],OK,CD,is_a,segment
60,8,full_text + noisy_diagram[illumination],OK,AB,parallel_to,CD
60,8,full_text + noisy_diagram[illumination],OK,∠2,is_a,angle
60,8,full_text + noisy_diagram[illumination],OK,∠2,has_measure,135_deg
60,8,full_text + noisy_diagram[illumination],OK,∠1,is_a,angle
60,8,full_text + noisy_diagram[illumination],OK,∠1,has_measure,?
60,8,full_text + noisy_diagram[illumination],OK,AB,intersects,CD
,,,,,,
64,8,full_text + noisy_diagram[illumination],OK,O,is_a,point
64,8,full_text + noisy_diagram[illumination],OK,O,center_of,circle
64,8,full_text + noisy_diagram[illumination],OK,AB,is_a,segment
64,8,full_text + noisy_diagram[illumination],OK,AB,has_measure,160_units
64,8,full_text + noisy_diagram[illumination],OK,circle,has_measure,200_units
64,8,full_text + noisy_diagram[illumination],OK,diameter_of,circle,200_units
64,8,full_text + noisy_diagram[illumination],OK,A,is_a,point
64,8,full_text + noisy_diagram[illumination],OK,B,is_a,point
64,8,full_text + noisy_diagram[illumination],OK,A,lies_on,circle
64,8,full_text + noisy_diagram[illumination],OK,B,lies_on,circle
64,8,full_text + noisy_diagram[illumination],OK,AB,connects,"A, B"
64,8,full_text + noisy_diagram[illumination],OK,O,lies_on,AB
64,8,full_text + noisy_diagram[illumination],OK,depth,is_a,?
64,8,full_text + noisy_diagram[illumination],OK,depth,is_a,query_target
,,,,,,
72,8,full_text + noisy_diagram[illumination],OK,A,is_a,point
72,8,full_text + noisy_diagram[illumination],OK,B,is_a,point
72,8,full_text + noisy_diagram[illumination],OK,C,is_a,point
72,8,full_text + noisy_diagram[illumination],OK,D,is_a,point
72,8,full_text + noisy_diagram[illumination],OK,E,is_a,point
72,8,full_text + noisy_diagram[illumination],OK,O,is_a,point
72,8,full_text + noisy_diagram[illumination],OK,AB,is_a,segment
72,8,full_text + noisy_diagram[illumination],OK,BC,is_a,segment
72,8,full_text + noisy_diagram[illumination],OK,CD,is_a,segment
72,8,full_text + noisy_diagram[illumination],OK,DA,is_a,segment
72,8,full_text + noisy_diagram[illumination],OK,AC,is_a,segment
72,8,full_text + noisy_diagram[illumination],OK,BD,is_a,segment
72,8,full_text + noisy_diagram[illumination],OK,ABCD,is_a,parallelogram
72,8,full_text + noisy_diagram[illumination],OK,AB + BC + CD + DA,has_measure,16
72,8,full_text + noisy_diagram[illumination],OK,AC,intersects,BD
72,8,full_text + noisy_diagram[illumination],OK,O,is_a,intersection_point
72,8,full_text + noisy_diagram[illumination],OK,O,lies_on,AC
72,8,full_text + noisy_diagram[illumination],OK,O,lies_on,BD
72,8,full_text + noisy_diagram[illumination],OK,AD,intersects,E
72,8,full_text + noisy_diagram[illumination],OK,O,lies_on,line
72,8,full_text + noisy_diagram[illumination],OK,line,perpendicular_to,AC
72,8,full_text + noisy_diagram[illumination],OK,Perimeter of DCE,is_a,query_target
,,,,,,
73,8,full_text + noisy_diagram[illumination],OK,A,is_a,point
73,8,full_text + noisy_diagram[illumination],OK,B,is_a,point
73,8,full_text + noisy_diagram[illumination],OK,C,is_a,point
73,8,full_text + noisy_diagram[illumination],OK,O,is_a,point
73,8,full_text + noisy_diagram[illumination],OK,ABC,is_a,triangle
73,8,full_text + noisy_diagram[illumination],OK,AB,is_a,segment
73,8,full_text + noisy_diagram[illumination],OK,BC,is_a,segment
73,8,full_text + noisy_diagram[illumination],OK,CA,is_a,segment
73,8,full_text + noisy_diagram[illumination],OK,AO,is_a,segment
73,8,full_text + noisy_diagram[illumination],OK,BO,is_a,segment
73,8,full_text + noisy_diagram[illumination],OK,CO,is_a,segment
73,8,full_text + noisy_diagram[illumination],OK,A,lies_on,circle_O
73,8,full_text + noisy_diagram[illumination],OK,B,lies_on,circle_O
73,8,full_text + noisy_diagram[illumination],OK,C,lies_on,circle_O
73,8,full_text + noisy_diagram[illumination],OK,AB,connects,A
73,8,full_text + noisy_diagram[illumination],OK,AB,connects,B
73,8,full_text + noisy_diagram[illumination],OK,BC,connects,B
73,8,full_text + noisy_diagram[illumination],OK,BC,connects,C
73,8,full_text + noisy_diagram[illumination],OK,CA,connects,C
73,8,full_text + noisy_diagram[illumination],OK,CA,connects,A
73,8,full_text + noisy_diagram[illumination],OK,AO,connects,A
73,8,full_text + noisy_diagram[illumination],OK,AO,connects,O
73,8,full_text + noisy_diagram[illumination],OK,BO,connects,B
73,8,full_text + noisy_diagram[illumination],OK,BO,connects,O
73,8,full_text + noisy_diagram[illumination],OK,CO,connects,C
73,8,full_text + noisy_diagram[illumination],OK,CO,connects,O
73,8,full_text + noisy_diagram[illumination],OK,∠ABC,has_measure,70_deg
73,8,full_text + noisy_diagram[illumination],OK,O,center_of,circle_O
,,,,,,
78,8,full_text + noisy_diagram[illumination],OK,A,is_a,point
78,8,full_text + noisy_diagram[illumination],OK,B,is_a,point
78,8,full_text + noisy_diagram[illumination],OK,AB,is_a,segment
78,8,full_text + noisy_diagram[illumination],OK,AB,connects,A
78,8,full_text + noisy_diagram[illumination],OK,AB,connects,B
78,8,full_text + noisy_diagram[illumination],OK,CD,is_a,segment
78,8,full_text + noisy_diagram[illumination],OK,CD,connects,C
78,8,full_text + noisy_diagram[illumination],OK,CD,connects,D
78,8,full_text + noisy_diagram[illumination],OK,C,is_a,point
78,8,full_text + noisy_diagram[illumination],OK,D,is_a,point
78,8,full_text + noisy_diagram[illumination],OK,E,is_a,point
78,8,full_text + noisy_diagram[illumination],OK,AE,is_a,segment
78,8,full_text + noisy_diagram[illumination],OK,AC,is_a,segment
78,8,full_text + noisy_diagram[illumination],OK,ACE,is_a,angle
78,8,full_text + noisy_diagram[illumination],OK,ACE,has_measure,70_deg
78,8,full_text + noisy_diagram[illumination],OK,AB,parallel_to,CD
78,8,full_text + noisy_diagram[illumination],OK,AE,intersects,CD
78,8,full_text + noisy_diagram[illumination],OK,AE,intersects,CAB
78,8,full_text + noisy_diagram[illumination],OK,AE,bisects,CAB
78,8,full_text + noisy_diagram[illumination],OK,C,lies_on,CD
78,8,full_text + noisy_diagram[illumination],OK,E,lies_on,CD
78,8,full_text + noisy_diagram[illumination],OK,D,lies_on,CD
78,8,full_text + noisy_diagram[illumination],OK,A,lies_on,AB
78,8,full_text + noisy_diagram[illumination],OK,B,lies_on,AB
78,8,full_text + noisy_diagram[illumination],OK,?,is_a,query_target
,,,,,,
79,8,full_text + noisy_diagram[illumination],OK,A,is_a,point
79,8,full_text + noisy_diagram[illumination],OK,B,is_a,point
79,8,full_text + noisy_diagram[illumination],OK,C,is_a,point
79,8,full_text + noisy_diagram[illumination],OK,D,is_a,point
79,8,full_text + noisy_diagram[illumination],OK,E,is_a,point
79,8,full_text + noisy_diagram[illumination],OK,O,is_a,point
79,8,full_text + noisy_diagram[illumination],OK,AB,is_a,segment
79,8,full_text + noisy_diagram[illumination],OK,BC,is_a,segment
79,8,full_text + noisy_diagram[illumination],OK,CD,is_a,segment
79,8,full_text + noisy_diagram[illumination],OK,DA,is_a,segment
79,8,full_text + noisy_diagram[illumination],OK,AC,is_a,segment
79,8,full_text + noisy_diagram[illumination],OK,BD,is_a,segment
79,8,full_text + noisy_diagram[illumination],OK,AD,is_a,segment
79,8,full_text + noisy_diagram[illumination],OK,ABCD,is_a,parallelogram
79,8,full_text + noisy_diagram[illumination],OK,AB + BC + CD + DA,has_measure,32
79,8,full_text + noisy_diagram[illumination],OK,AC,intersects,BD
79,8,full_text + noisy_diagram[illumination],OK,AC,intersects,O
79,8,full_text + noisy_diagram[illumination],OK,BD,intersects,O
79,8,full_text + noisy_diagram[illumination],OK,AD,connects,E
79,8,full_text + noisy_diagram[illumination],OK,AC,perpendicular_to,O
79,8,full_text + noisy_diagram[illumination],OK,CE + ED,has_measure,AD
79,8,full_text + noisy_diagram[illumination],OK,Perimeter of triangle DCE,is_a,query_target
,,,,,,
81,8,full_text + noisy_diagram[illumination],OK,A,is_a,point
81,8,full_text + noisy_diagram[illumination],OK,B,is_a,point
81,8,full_text + noisy_diagram[illumination],OK,C,is_a,point
81,8,full_text + noisy_diagram[illumination],OK,D,is_a,point
81,8,full_text + noisy_diagram[illumination],OK,E,is_a,point
81,8,full_text + noisy_diagram[illumination],OK,ABC,is_a,triangle
81,8,full_text + noisy_diagram[illumination],OK,BAC,is_a,angle
81,8,full_text + noisy_diagram[illumination],OK,ABC,is_a,angle
81,8,full_text + noisy_diagram[illumination],OK,AD,is_a,segment
81,8,full_text + noisy_diagram[illumination],OK,BC,is_a,segment
81,8,full_text + noisy_diagram[illumination],OK,AE,is_a,segment
81,8,full_text + noisy_diagram[illumination],OK,D,lies_on,BC
81,8,full_text + noisy_diagram[illumination],OK,AD,perpendicular_to,BC
81,8,full_text + noisy_diagram[illumination],OK,AE,bisects,DAC
81,8,full_text + noisy_diagram[illumination],OK,BAC,has_measure,90_deg
81,8,full_text + noisy_diagram[illumination],OK,ABC,has_measure,50_deg
81,8,full_text + noisy_diagram[illumination],OK,DAE,is_a,angle
81,8,full_text + noisy_diagram[illumination],OK,DAE,has_measure,?
,,,,,,
84,8,full_text + noisy_diagram[illumination],OK,A,is_a,point
84,8,full_text + noisy_diagram[illumination],OK,B,is_a,point
84,8,full_text + noisy_diagram[illumination],OK,C,is_a,point
84,8,full_text + noisy_diagram[illumination],OK,O,is_a,point
84,8,full_text + noisy_diagram[illumination],OK,ABC,is_a,triangle
84,8,full_text + noisy_diagram[illumination],OK,O,is_a,center
84,8,full_text + noisy_diagram[illumination],OK,ABC,lies_on,circle
84,8,full_text + noisy_diagram[illumination],OK,O,center_of,circle
84,8,full_text + noisy_diagram[illumination],OK,AO,is_a,radius
84,8,full_text + noisy_diagram[illumination],OK,BO,is_a,radius
84,8,full_text + noisy_diagram[illumination],OK,CO,is_a,radius
84,8,full_text + noisy_diagram[illumination],OK,AO,has_measure,1_unit
84,8,full_text + noisy_diagram[illumination],OK,BO,has_measure,1_unit
84,8,full_text + noisy_diagram[illumination],OK,CO,has_measure,1_unit
84,8,full_text + noisy_diagram[illumination],OK,∠BAC,is_a,angle
84,8,full_text + noisy_diagram[illumination],OK,∠BAC,has_measure,60_deg
84,8,full_text + noisy_diagram[illumination],OK,BC,is_a,segment
84,8,full_text + noisy_diagram[illumination],OK,BC,has_measure,?
,,,,,,
86,8,full_text + noisy_diagram[illumination],OK,A,is_a,point
86,8,full_text + noisy_diagram[illumination],OK,B,is_a,point
86,8,full_text + noisy_diagram[illumination],OK,C,is_a,point
86,8,full_text + noisy_diagram[illumination],OK,O,is_a,point
86,8,full_text + noisy_diagram[illumination],OK,AB,is_a,segment
86,8,full_text + noisy_diagram[illumination],OK,BC,is_a,segment
86,8,full_text + noisy_diagram[illumination],OK,CA,is_a,segment
86,8,full_text + noisy_diagram[illumination],OK,OB,is_a,segment
86,8,full_text + noisy_diagram[illumination],OK,OC,is_a,segment
86,8,full_text + noisy_diagram[illumination],OK,O,is_a,circle
86,8,full_text + noisy_diagram[illumination],OK,A,lies_on,O
86,8,full_text + noisy_diagram[illumination],OK,B,lies_on,O
86,8,full_text + noisy_diagram[illumination],OK,C,lies_on,O
86,8,full_text + noisy_diagram[illumination],OK,AB,connects,A
86,8,full_text + noisy_diagram[illumination],OK,AB,connects,B
86,8,full_text + noisy_diagram[illumination],OK,BC,connects,B
86,8,full_text + noisy_diagram[illumination],OK,BC,connects,C
86,8,full_text + noisy_diagram[illumination],OK,CA,connects,C
86,8,full_text + noisy_diagram[illumination],OK,CA,connects,A
86,8,full_text + noisy_diagram[illumination],OK,OB,connects,O
86,8,full_text + noisy_diagram[illumination],OK,OB,connects,B
86,8,full_text + noisy_diagram[illumination],OK,OC,connects,O
86,8,full_text + noisy_diagram[illumination],OK,OC,connects,C
86,8,full_text + noisy_diagram[illumination],OK,O,center_of,O
86,8,full_text + noisy_diagram[illumination],OK,OB,radius_of,O
86,8,full_text + noisy_diagram[illumination],OK,OC,radius_of,O
86,8,full_text + noisy_diagram[illumination],OK,OB,has_measure,2_units
86,8,full_text + noisy_diagram[illumination],OK,OC,has_measure,2_units
86,8,full_text + noisy_diagram[illumination],OK,∠BAC,is_a,angle
86,8,full_text + noisy_diagram[illumination],OK,∠BAC,has_measure,60_deg
86,8,full_text + noisy_diagram[illumination],OK,BC,is_a,query_target
,,,,,,
88,8,full_text + noisy_diagram[illumination],OK,A,is_a,point
88,8,full_text + noisy_diagram[illumination],OK,B,is_a,point
88,8,full_text + noisy_diagram[illumination],OK,C,is_a,point
88,8,full_text + noisy_diagram[illumination],OK,O,is_a,point
88,8,full_text + noisy_diagram[illumination],OK,AB,is_a,segment
88,8,full_text + noisy_diagram[illumination],OK,AC,is_a,segment
88,8,full_text + noisy_diagram[illumination],OK,BC,is_a,segment
88,8,full_text + noisy_diagram[illumination],OK,AO,is_a,segment
88,8,full_text + noisy_diagram[illumination],OK,BO,is_a,segment
88,8,full_text + noisy_diagram[illumination],OK,CO,is_a,segment
88,8,full_text + noisy_diagram[illumination],OK,A,lies_on,circle_O
88,8,full_text + noisy_diagram[illumination],OK,B,lies_on,circle_O
88,8,full_text + noisy_diagram[illumination],OK,C,lies_on,circle_O
88,8,full_text + noisy_diagram[illumination],OK,O,center_of,circle_O
88,8,full_text + noisy_diagram[illumination],OK,∠ABO,has_measure,22_deg
88,8,full_text + noisy_diagram[illumination],OK,∠ACO,has_measure,42_deg
,,,,,,
95,8,full_text + noisy_diagram[illumination],OK,O,is_a,point
95,8,full_text + noisy_diagram[illumination],OK,O,center_of,circle
95,8,full_text + noisy_diagram[illumination],OK,A,is_a,point
95,8,full_text + noisy_diagram[illumination],OK,OA,is_a,radius
95,8,full_text + noisy_diagram[illumination],OK,OA,connects,A
95,8,full_text + noisy_diagram[illumination],OK,OA,connects,O
95,8,full_text + noisy_diagram[illumination],OK,BC,is_a,chord
95,8,full_text + noisy_diagram[illumination],OK,BC,connects,B
95,8,full_text + noisy_diagram[illumination],OK,BC,connects,C
95,8,full_text + noisy_diagram[illumination],OK,D,is_a,point
95,8,full_text + noisy_diagram[illumination],OK,OA,intersects,BC
95,8,full_text + noisy_diagram[illumination],OK,OA,intersects,"BC, at, D"
95,8,full_text + noisy_diagram[illumination],OK,AB,is_a,segment
95,8,full_text + noisy_diagram[illumination],OK,AB,connects,A
95,8,full_text + noisy_diagram[illumination],OK,AB,connects,B
95,8,full_text + noisy_diagram[illumination],OK,OC,is_a,segment
95,8,full_text + noisy_diagram[illumination],OK,OC,connects,O
95,8,full_text + noisy_diagram[illumination],OK,OC,connects,C
95,8,full_text + noisy_diagram[illumination],OK,angle A,has_measure,60_deg
95,8,full_text + noisy_diagram[illumination],OK,angle ADC,has_measure,90_deg
,,,,,,
99,8,full_text + noisy_diagram[illumination],OK,A,is_a,point
99,8,full_text + noisy_diagram[illumination],OK,B,is_a,point
99,8,full_text + noisy_diagram[illumination],OK,C,is_a,point
99,8,full_text + noisy_diagram[illumination],OK,D,is_a,point
99,8,full_text + noisy_diagram[illumination],OK,O,is_a,point
99,8,full_text + noisy_diagram[illumination],OK,AB,is_a,segment
99,8,full_text + noisy_diagram[illumination],OK,CD,is_a,segment
99,8,full_text + noisy_diagram[illumination],OK,O,center_of,circle
99,8,full_text + noisy_diagram[illumination],OK,AB,diameter_of,circle
99,8,full_text + noisy_diagram[illumination],OK,CD,is_a,chord
99,8,full_text + noisy_diagram[illumination],OK,∠ADC,is_a,angle
99,8,full_text + noisy_diagram[illumination],OK,∠ADC,has_measure,26_deg
99,8,full_text + noisy_diagram[illumination],OK,∠CAB,is_a,angle
99,8,full_text + noisy_diagram[illumination],OK,A,lies_on,circle
99,8,full_text + noisy_diagram[illumination],OK,B,lies_on,circle
99,8,full_text + noisy_diagram[illumination],OK,C,lies_on,circle
99,8,full_text + noisy_diagram[illumination],OK,D,lies_on,circle
99,8,full_text + noisy_diagram[illumination],OK,O,lies_on,AB
99,8,full_text + noisy_diagram[illumination],OK,AB,connects,"A, B"
99,8,full_text + noisy_diagram[illumination],OK,CD,connects,"C, D"
99,8,full_text + noisy_diagram[illumination],OK,∠ADC,connects,"A, D, C"
99,8,full_text + noisy_diagram[illumination],OK,∠CAB,connects,"C, A, B"
,,,,,,
108,8,full_text + noisy_diagram[illumination],OK,A,is_a,point
108,8,full_text + noisy_diagram[illumination],OK,B,is_a,point
108,8,full_text + noisy_diagram[illumination],OK,C,is_a,point
108,8,full_text + noisy_diagram[illumination],OK,D,is_a,point
108,8,full_text + noisy_diagram[illumination],OK,O,is_a,point
108,8,full_text + noisy_diagram[illumination],OK,AB,is_a,segment
108,8,full_text + noisy_diagram[illumination],OK,CD,is_a,segment
108,8,full_text + noisy_diagram[illumination],OK,OC,is_a,segment
108,8,full_text + noisy_diagram[illumination],OK,A,connects,B
108,8,full_text + noisy_diagram[illumination],OK,C,connects,D
108,8,full_text + noisy_diagram[illumination],OK,O,connects,C
108,8,full_text + noisy_diagram[illumination],OK,A,lies_on,water_surface
108,8,full_text + noisy_diagram[illumination],OK,B,lies_on,water_surface
108,8,full_text + noisy_diagram[illumination],OK,D,lies_on,water_surface
108,8,full_text + noisy_diagram[illumination],OK,C,lies_on,top_of_arch
108,8,full_text + noisy_diagram[illumination],OK,O,center_of,arch
108,8,full_text + noisy_diagram[illumination],OK,CD,has_measure,8_units
108,8,full_text + noisy_diagram[illumination],OK,OC,has_measure,5_units
108,8,full_text + noisy_diagram[illumination],OK,AB,is_a,width_of_water_surface
108,8,full_text + noisy_diagram[illumination],OK,AB,is_a,query_target
,,,,,,
109,8,full_text + noisy_diagram[illumination],OK,α,is_a,angle
109,8,full_text + noisy_diagram[illumination],OK,α,has_measure,130_deg
109,8,full_text + noisy_diagram[illumination],OK,A,is_a,point
109,8,full_text + noisy_diagram[illumination],OK,B,is_a,point
109,8,full_text + noisy_diagram[illumination],OK,C,is_a,point
109,8,full_text + noisy_diagram[illumination],OK,D,is_a,point
109,8,full_text + noisy_diagram[illumination],OK,E,is_a,point
109,8,full_text + noisy_diagram[illumination],OK,AB,is_a,segment
109,8,full_text + noisy_diagram[illumination],OK,AC,is_a,segment
109,8,full_text + noisy_diagram[illumination],OK,DE,is_a,segment
109,8,full_text + noisy_diagram[illumination],OK,EC,is_a,segment
109,8,full_text + noisy_diagram[illumination],OK,BAC,is_a,angle
109,8,full_text + noisy_diagram[illumination],OK,BAC,has_measure,90_deg
109,8,full_text + noisy_diagram[illumination],OK,D,lies_on,AB
109,8,full_text + noisy_diagram[illumination],OK,E,lies_on,AC
109,8,full_text + noisy_diagram[illumination],OK,DE,is_a,horizontal
109,8,full_text + noisy_diagram[illumination],OK,β,is_a,angle
109,8,full_text + noisy_diagram[illumination],OK,β,has_measure,?
109,8,full_text + noisy_diagram[illumination],OK,AB,connects,A
109,8,full_text + noisy_diagram[illumination],OK,AB,connects,B
109,8,full_text + noisy_diagram[illumination],OK,AC,connects,A
109,8,full_text + noisy_diagram[illumination],OK,AC,connects,C
109,8,full_text + noisy_diagram[illumination],OK,DE,connects,D
109,8,full_text + noisy_diagram[illumination],OK,DE,connects,E
109,8,full_text + noisy_diagram[illumination],OK,EC,connects,E
109,8,full_text + noisy_diagram[illumination],OK,EC,connects,C
,,,,,,
112,8,full_text + noisy_diagram[illumination],OK,A,is_a,point
112,8,full_text + noisy_diagram[illumination],OK,O,is_a,point
112,8,full_text + noisy_diagram[illumination],OK,B,is_a,point
112,8,full_text + noisy_diagram[illumination],OK,AO,is_a,segment
112,8,full_text + noisy_diagram[illumination],OK,OB,is_a,segment
112,8,full_text + noisy_diagram[illumination],OK,AB,is_a,segment
112,8,full_text + noisy_diagram[illumination],OK,AO,connects,A
112,8,full_text + noisy_diagram[illumination],OK,AO,connects,O
112,8,full_text + noisy_diagram[illumination],OK,OB,connects,O
112,8,full_text + noisy_diagram[illumination],OK,OB,connects,B
112,8,full_text + noisy_diagram[illumination],OK,AB,connects,A
112,8,full_text + noisy_diagram[illumination],OK,AB,connects,B
112,8,full_text + noisy_diagram[illumination],OK,AO,is_a,height
112,8,full_text + noisy_diagram[illumination],OK,OB,is_a,radius
112,8,full_text + noisy_diagram[illumination],OK,AB,is_a,slant_height
112,8,full_text + noisy_diagram[illumination],OK,OB,has_measure,0.7
112,8,full_text + noisy_diagram[illumination],OK,AB,has_measure,2.5
112,8,full_text + noisy_diagram[illumination],OK,AO,has_measure,?
,,,,,,
114,8,full_text + noisy_diagram[illumination],OK,O,is_a,point
114,8,full_text + noisy_diagram[illumination],OK,A,is_a,point
114,8,full_text + noisy_diagram[illumination],OK,B,is_a,point
114,8,full_text + noisy_diagram[illumination],OK,OA,is_a,segment
114,8,full_text + noisy_diagram[illumination],OK,OB,is_a,segment
114,8,full_text + noisy_diagram[illumination],OK,OAB,is_a,sector
114,8,full_text + noisy_diagram[illumination],OK,OAB,has_measure,90_deg
114,8,full_text + noisy_diagram[illumination],OK,OA,has_measure,1_unit
114,8,full_text + noisy_diagram[illumination],OK,OB,has_measure,1_unit
114,8,full_text + noisy_diagram[illumination],OK,OA,is_a,diameter
114,8,full_text + noisy_diagram[illumination],OK,OB,is_a,diameter
114,8,full_text + noisy_diagram[illumination],OK,OA,center_of,semicircle
114,8,full_text + noisy_diagram[illumination],OK,OB,center_of,semicircle
114,8,full_text + noisy_diagram[illumination],OK,shaded_part,is_a,area
114,8,full_text + noisy_diagram[illumination],OK,shaded_part,has_measure,?
114,8,full_text + noisy_diagram[illumination],OK,OA,connects,O
114,8,full_text + noisy_diagram[illumination],OK,OA,connects,A
114,8,full_text + noisy_diagram[illumination],OK,OB,connects,O
114,8,full_text + noisy_diagram[illumination],OK,OB,connects,B
114,8,full_text + noisy_diagram[illumination],OK,OAB,connects,O
114,8,full_text + noisy_diagram[illumination],OK,OAB,connects,A
114,8,full_text + noisy_diagram[illumination],OK,OAB,connects,B
,,,,,,
115,8,full_text + noisy_diagram[illumination],OK,sector,is_a,shape
115,8,full_text + noisy_diagram[illumination],OK,sector,has_measure,120_deg
115,8,full_text + noisy_diagram[illumination],OK,sector,has_measure,6_units
115,8,full_text + noisy_diagram[illumination],OK,conical_paper_cap,is_a,shape
115,8,full_text + noisy_diagram[illumination],OK,bottom_perimeter,is_a,query_target
,,,,,,
117,8,full_text + noisy_diagram[illumination],OK,sector,is_a,shape
117,8,full_text + noisy_diagram[illumination],OK,sector,has_measure,120_deg
117,8,full_text + noisy_diagram[illumination],OK,sector,radius_of,3.0_cm
117,8,full_text + noisy_diagram[illumination],OK,cone,is_a,shape
117,8,full_text + noisy_diagram[illumination],OK,cone,has_measure,?_cm
117,8,full_text + noisy_diagram[illumination],OK,cone,height_of,?_cm
,,,,,,
119,8,full_text + noisy_diagram[illumination],OK,Area,is_a,query_target
119,8,full_text + noisy_diagram[illumination],OK,sector_cardboard,is_a,sector_cardboard
119,8,full_text + noisy_diagram[illumination],OK,sector_cardboard,has_measure,24.0_cm
119,8,full_text + noisy_diagram[illumination],OK,sector_cardboard,mapped_to,conical_hat
119,8,full_text + noisy_diagram[illumination],OK,conical_hat,has_measure,10.0_cm
119,8,full_text + noisy_diagram[illumination],OK,conical_hat,is_a,conical_hat
119,8,full_text + noisy_diagram[illumination],OK,O,is_a,point
119,8,full_text + noisy_diagram[illumination],OK,O,center_of,conical_hat
119,8,full_text + noisy_diagram[illumination],OK,10,is_a,radius
119,8,full_text + noisy_diagram[illumination],OK,24,is_a,radius
,,,,,,
120,8,full_text + noisy_diagram[illumination],OK,cone,is_a,cone
120,8,full_text + noisy_diagram[illumination],OK,generatrix,is_a,segment
120,8,full_text + noisy_diagram[illumination],OK,generatrix,has_measure,5.0
120,8,full_text + noisy_diagram[illumination],OK,height_line,is_a,segment
120,8,full_text + noisy_diagram[illumination],OK,height_line,has_measure,4.0
120,8,full_text + noisy_diagram[illumination],OK,cone,has_measure,?
,,,,,,
123,8,full_text + noisy_diagram[illumination],OK,A,is_a,point
123,8,full_text + noisy_diagram[illumination],OK,B,is_a,point
123,8,full_text + noisy_diagram[illumination],OK,C,is_a,point
123,8,full_text + noisy_diagram[illumination],OK,AC,is_a,segment
123,8,full_text + noisy_diagram[illumination],OK,BC,is_a,segment
123,8,full_text + noisy_diagram[illumination],OK,AB,is_a,segment
123,8,full_text + noisy_diagram[illumination],OK,ABC,is_a,triangle
123,8,full_text + noisy_diagram[illumination],OK,ABC,is_a,right_triangle
123,8,full_text + noisy_diagram[illumination],OK,ACB,is_a,angle
123,8,full_text + noisy_diagram[illumination],OK,ACB,has_measure,90_deg
123,8,full_text + noisy_diagram[illumination],OK,AC,has_measure,4_units
123,8,full_text + noisy_diagram[illumination],OK,BC,has_measure,3_units
123,8,full_text + noisy_diagram[illumination],OK,ABC,rotated_about,AC
123,8,full_text + noisy_diagram[illumination],OK,lateral_surface_area,is_a,query_target
,,,,,,
128,8,full_text + noisy_diagram[illumination],OK,O,is_a,point
128,8,full_text + noisy_diagram[illumination],OK,B,is_a,point
128,8,full_text + noisy_diagram[illumination],OK,A,is_a,point
128,8,full_text + noisy_diagram[illumination],OK,OA,is_a,segment
128,8,full_text + noisy_diagram[illumination],OK,OB,is_a,segment
128,8,full_text + noisy_diagram[illumination],OK,OA,has_measure,6_units
128,8,full_text + noisy_diagram[illumination],OK,OB,has_measure,6_units
128,8,full_text + noisy_diagram[illumination],OK,∠AOB,is_a,angle
128,8,full_text + noisy_diagram[illumination],OK,∠AOB,has_measure,120_deg
128,8,full_text + noisy_diagram[illumination],OK,O,center_of,sector
128,8,full_text + noisy_diagram[illumination],OK,OA,connects,A
128,8,full_text + noisy_diagram[illumination],OK,OB,connects,B
128,8,full_text + noisy_diagram[illumination],OK,sector,has_measure,6_units
128,8,full_text + noisy_diagram[illumination],OK,sector,has_measure,120_deg
128,8,full_text + noisy_diagram[illumination],OK,OA,mapped_to,cone
128,8,full_text + noisy_diagram[illumination],OK,OB,mapped_to,cone
128,8,full_text + noisy_diagram[illumination],OK,cone,is_a,cone
128,8,full_text + noisy_diagram[illumination],OK,A,lies_on,cone
128,8,full_text + noisy_diagram[illumination],OK,B,lies_on,cone
128,8,full_text + noisy_diagram[illumination],OK,cone,has_measure,?
,,,,,,
132,8,full_text + noisy_diagram[illumination],OK,A,is_a,point
132,8,full_text + noisy_diagram[illumination],OK,B,is_a,point
132,8,full_text + noisy_diagram[illumination],OK,C,is_a,point
132,8,full_text + noisy_diagram[illumination],OK,D,is_a,point
132,8,full_text + noisy_diagram[illumination],OK,E,is_a,point
132,8,full_text + noisy_diagram[illumination],OK,F,is_a,point
132,8,full_text + noisy_diagram[illumination],OK,G,is_a,point
132,8,full_text + noisy_diagram[illumination],OK,DE,is_a,segment
132,8,full_text + noisy_diagram[illumination],OK,AB,is_a,segment
132,8,full_text + noisy_diagram[illumination],OK,BC,is_a,segment
132,8,full_text + noisy_diagram[illumination],OK,CG,is_a,segment
132,8,full_text + noisy_diagram[illumination],OK,GE,is_a,segment
132,8,full_text + noisy_diagram[illumination],OK,EF,is_a,segment
132,8,full_text + noisy_diagram[illumination],OK,A,lies_on,AB
132,8,full_text + noisy_diagram[illumination],OK,B,lies_on,AB
132,8,full_text + noisy_diagram[illumination],OK,C,lies_on,AB
132,8,full_text + noisy_diagram[illumination],OK,D,lies_on,DE
132,8,full_text + noisy_diagram[illumination],OK,E,lies_on,DE
132,8,full_text + noisy_diagram[illumination],OK,F,lies_on,EF
132,8,full_text + noisy_diagram[illumination],OK,G,lies_on,CG
132,8,full_text + noisy_diagram[illumination],OK,G,lies_on,GE
132,8,full_text + noisy_diagram[illumination],OK,A,collinear_with,B
132,8,full_text + noisy_diagram[illumination],OK,A,collinear_with,C
132,8,full_text + noisy_diagram[illumination],OK,B,collinear_with,C
132,8,full_text + noisy_diagram[illumination],OK,DE,has_measure,0.6
132,8,full_text + noisy_diagram[illumination],OK,BC,has_measure,0.6
132,8,full_text + noisy_diagram[illumination],OK,CG,has_measure,12.0
132,8,full_text + noisy_diagram[illumination],OK,GE,has_measure,2.0
132,8,full_text + noisy_diagram[illumination],OK,EF,has_measure,1.6
132,8,full_text + noisy_diagram[illumination],OK,AB,is_a,query_target
,,,,,,
133,8,full_text + noisy_diagram[illumination],OK,P,is_a,point
133,8,full_text + noisy_diagram[illumination],OK,Q,is_a,point
133,8,full_text + noisy_diagram[illumination],OK,S,is_a,point
133,8,full_text + noisy_diagram[illumination],OK,T,is_a,point
133,8,full_text + noisy_diagram[illumination],OK,R,is_a,point
133,8,full_text + noisy_diagram[illumination],OK,PQ,is_a,segment
133,8,full_text + noisy_diagram[illumination],OK,QS,is_a,segment
133,8,full_text + noisy_diagram[illumination],OK,ST,is_a,segment
133,8,full_text + noisy_diagram[illumination],OK,QR,is_a,segment
133,8,full_text + noisy_diagram[illumination],OK,PS,is_a,segment
133,8,full_text + noisy_diagram[illumination],OK,PT,is_a,segment
133,8,full_text + noisy_diagram[illumination],OK,line a,is_a,line
133,8,full_text + noisy_diagram[illumination],OK,line b,is_a,line
133,8,full_text + noisy_diagram[illumination],OK,P,lies_on,line b
133,8,full_text + noisy_diagram[illumination],OK,Q,lies_on,line b
133,8,full_text + noisy_diagram[illumination],OK,S,lies_on,line a
133,8,full_text + noisy_diagram[illumination],OK,T,lies_on,line a
133,8,full_text + noisy_diagram[illumination],OK,P,lies_on,PS
133,8,full_text + noisy_diagram[illumination],OK,Q,lies_on,PS
133,8,full_text + noisy_diagram[illumination],OK,S,lies_on,PS
133,8,full_text + noisy_diagram[illumination],OK,P,lies_on,PQ
133,8,full_text + noisy_diagram[illumination],OK,Q,lies_on,PQ
133,8,full_text + noisy_diagram[illumination],OK,Q,lies_on,QS
133,8,full_text + noisy_diagram[illumination],OK,S,lies_on,QS
133,8,full_text + noisy_diagram[illumination],OK,S,lies_on,ST
133,8,full_text + noisy_diagram[illumination],OK,T,lies_on,ST
133,8,full_text + noisy_diagram[illumination],OK,Q,lies_on,QR
133,8,full_text + noisy_diagram[illumination],OK,R,lies_on,QR
133,8,full_text + noisy_diagram[illumination],OK,PS,perpendicular_to,line a
133,8,full_text + noisy_diagram[illumination],OK,PS,perpendicular_to,line b
133,8,full_text + noisy_diagram[illumination],OK,PS,perpendicular_to,PT
133,8,full_text + noisy_diagram[illumination],OK,QS,has_measure,60.0_m
133,8,full_text + noisy_diagram[illumination],OK,ST,has_measure,120.0_m
133,8,full_text + noisy_diagram[illumination],OK,QR,has_measure,80.0_m
133,8,full_text + noisy_diagram[illumination],OK,PQ,is_a,query_target
,,,,,,
149,8,full_text + noisy_diagram[illumination],OK,A,is_a,point
149,8,full_text + noisy_diagram[illumination],OK,B,is_a,point
149,8,full_text + noisy_diagram[illumination],OK,C,is_a,point
149,8,full_text + noisy_diagram[illumination],OK,D,is_a,point
149,8,full_text + noisy_diagram[illumination],OK,E,is_a,point
149,8,full_text + noisy_diagram[illumination],OK,CD,is_a,segment
149,8,full_text + noisy_diagram[illumination],OK,AC,is_a,segment
149,8,full_text + noisy_diagram[illumination],OK,BD,is_a,segment
149,8,full_text + noisy_diagram[illumination],OK,ED,is_a,segment
149,8,full_text + noisy_diagram[illumination],OK,α,is_a,angle
149,8,full_text + noisy_diagram[illumination],OK,CD,is_a,mirror
149,8,full_text + noisy_diagram[illumination],OK,AC,perpendicular_to,CD
149,8,full_text + noisy_diagram[illumination],OK,BD,perpendicular_to,CD
149,8,full_text + noisy_diagram[illumination],OK,AC,has_measure,3_units
149,8,full_text + noisy_diagram[illumination],OK,BD,has_measure,6_units
149,8,full_text + noisy_diagram[illumination],OK,CD,has_measure,10_units
149,8,full_text + noisy_diagram[illumination],OK,ED,is_a,query_target
,,,,,,
150,8,full_text + noisy_diagram[illumination],OK,A,is_a,point
150,8,full_text + noisy_diagram[illumination],OK,B,is_a,point
150,8,full_text + noisy_diagram[illumination],OK,C,is_a,point
150,8,full_text + noisy_diagram[illumination],OK,AB,is_a,segment
150,8,full_text + noisy_diagram[illumination],OK,AB,has_measure,2
150,8,full_text + noisy_diagram[illumination],OK,BD,is_a,segment
150,8,full_text + noisy_diagram[illumination],OK,BD,has_measure,7/3
150,8,full_text + noisy_diagram[illumination],OK,CE,is_a,segment
150,8,full_text + noisy_diagram[illumination],OK,CE,has_measure,9
150,8,full_text + noisy_diagram[illumination],OK,A,B,"C, collinear_with"
150,8,full_text + noisy_diagram[illumination],OK,BD,perpendicular_to,AB
150,8,full_text + noisy_diagram[illumination],OK,CE,perpendicular_to,AC
150,8,full_text + noisy_diagram[illumination],OK,D,is_a,point
150,8,full_text + noisy_diagram[illumination],OK,E,is_a,point
150,8,full_text + noisy_diagram[illumination],OK,BD,connects,"B, D"
150,8,full_text + noisy_diagram[illumination],OK,CE,connects,"C, E"
,,,,,,
151,8,full_text + noisy_diagram[illumination],OK,student,is_a,point
151,8,full_text + noisy_diagram[illumination],OK,tree,is_a,object
151,8,full_text + noisy_diagram[illumination],OK,lake,is_a,surface
151,8,full_text + noisy_diagram[illumination],OK,student,lies_on,lake
151,8,full_text + noisy_diagram[illumination],OK,tree,lies_on,lake
151,8,full_text + noisy_diagram[illumination],OK,student,distance_from,"tree, 20.0_units"
151,8,full_text + noisy_diagram[illumination],OK,tree,reflection,"is_a, point"
151,8,full_text + noisy_diagram[illumination],OK,reflection,distance_from,"student, 5.0_units"
151,8,full_text + noisy_diagram[illumination],OK,student,has_measure,1.7_units
151,8,full_text + noisy_diagram[illumination],OK,tree,has_measure,?
151,8,full_text + noisy_diagram[illumination],OK,student,is_a,human
151,8,full_text + noisy_diagram[illumination],OK,reflection,lies_on,lake
151,8,full_text + noisy_diagram[illumination],OK,tree,has_part,top
151,8,full_text + noisy_diagram[illumination],OK,top,reflection,"is_a, point"
151,8,full_text + noisy_diagram[illumination],OK,student,has_measure,"height, 1.7_units"
151,8,full_text + noisy_diagram[illumination],OK,tree,has_measure,"height, ?"
151,8,full_text + noisy_diagram[illumination],OK,student,distance_from,"reflection, 5.0_units"
,,,,,,
152,8,full_text + noisy_diagram[illumination],OK,A,is_a,point
152,8,full_text + noisy_diagram[illumination],OK,B,is_a,point
152,8,full_text + noisy_diagram[illumination],OK,C,is_a,point
152,8,full_text + noisy_diagram[illumination],OK,D,is_a,point
152,8,full_text + noisy_diagram[illumination],OK,AB,is_a,segment
152,8,full_text + noisy_diagram[illumination],OK,AC,is_a,segment
152,8,full_text + noisy_diagram[illumination],OK,AD,is_a,segment
152,8,full_text + noisy_diagram[illumination],OK,BD,is_a,segment
152,8,full_text + noisy_diagram[illumination],OK,BC,is_a,segment
152,8,full_text + noisy_diagram[illumination],OK,B,connects,C
152,8,full_text + noisy_diagram[illumination],OK,A,connects,B
152,8,full_text + noisy_diagram[illumination],OK,A,connects,C
152,8,full_text + noisy_diagram[illumination],OK,D,lies_on,AB
152,8,full_text + noisy_diagram[illumination],OK,AB,has_measure,?
152,8,full_text + noisy_diagram[illumination],OK,BC,has_measure,1.6
152,8,full_text + noisy_diagram[illumination],OK,BD,has_measure,0.5
152,8,full_text + noisy_diagram[illumination],OK,AD,has_measure,1.4
152,8,full_text + noisy_diagram[illumination],OK,AB,is_a,ladder
152,8,full_text + noisy_diagram[illumination],OK,AC,is_a,wall
152,8,full_text + noisy_diagram[illumination],OK,AB,perpendicular_to,AC
152,8,full_text + noisy_diagram[illumination],OK,AB,perpendicular_to,BC
,,,,,,
153,8,full_text + noisy_diagram[illumination],OK,A,is_a,point
153,8,full_text + noisy_diagram[illumination],OK,B,is_a,point
153,8,full_text + noisy_diagram[illumination],OK,C,is_a,point
153,8,full_text + noisy_diagram[illumination],OK,D,is_a,point
153,8,full_text + noisy_diagram[illumination],OK,E,is_a,point
153,8,full_text + noisy_diagram[illumination],OK,AB,is_a,segment
153,8,full_text + noisy_diagram[illumination],OK,BC,is_a,segment
153,8,full_text + noisy_diagram[illumination],OK,DE,is_a,segment
153,8,full_text + noisy_diagram[illumination],OK,EC,is_a,segment
153,8,full_text + noisy_diagram[illumination],OK,A,connects,B
153,8,full_text + noisy_diagram[illumination],OK,B,connects,C
153,8,full_text + noisy_diagram[illumination],OK,C,connects,E
153,8,full_text + noisy_diagram[illumination],OK,D,connects,E
153,8,full_text + noisy_diagram[illumination],OK,E,connects,C
153,8,full_text + noisy_diagram[illumination],OK,DE,has_measure,1.8
153,8,full_text + noisy_diagram[illumination],OK,BC,has_measure,1.0
153,8,full_text + noisy_diagram[illumination],OK,EC,has_measure,1.2
153,8,full_text + noisy_diagram[illumination],OK,AB,is_a,query_target
,,,,,,
157,8,full_text + noisy_diagram[illumination],OK,A,is_a,point
157,8,full_text + noisy_diagram[illumination],OK,B,is_a,point
157,8,full_text + noisy_diagram[illumination],OK,C,is_a,point
157,8,full_text + noisy_diagram[illumination],OK,ABC,is_a,triangle
157,8,full_text + noisy_diagram[illumination],OK,AC,is_a,segment
157,8,full_text + noisy_diagram[illumination],OK,BC,is_a,segment
157,8,full_text + noisy_diagram[illumination],OK,AB,is_a,segment
157,8,full_text + noisy_diagram[illumination],OK,angle C,is_a,angle
157,8,full_text + noisy_diagram[illumination],OK,angle C,has_measure,90_deg
157,8,full_text + noisy_diagram[illumination],OK,AC,has_measure,4_units
157,8,full_text + noisy_diagram[illumination],OK,BC,has_measure,3_units
157,8,full_text + noisy_diagram[illumination],OK,cos B,is_a,query_target
,,,,,,
165,8,full_text + noisy_diagram[illumination],OK,A,is_a,point
165,8,full_text + noisy_diagram[illumination],OK,B,is_a,point
165,8,full_text + noisy_diagram[illumination],OK,C,is_a,point
165,8,full_text + noisy_diagram[illumination],OK,AB,is_a,segment
165,8,full_text + noisy_diagram[illumination],OK,BC,is_a,segment
165,8,full_text + noisy_diagram[illumination],OK,AC,is_a,segment
165,8,full_text + noisy_diagram[illumination],OK,ABC,is_a,triangle
165,8,full_text + noisy_diagram[illumination],OK,ABC,is_a,right_triangle
165,8,full_text + noisy_diagram[illumination],OK,C,is_a,right_angle
165,8,full_text + noisy_diagram[illumination],OK,AB,has_measure,2_units
165,8,full_text + noisy_diagram[illumination],OK,BC,has_measure,1_unit
,,,,,,
198,8,full_text + noisy_diagram[illumination],OK,A,is_a,point
198,8,full_text + noisy_diagram[illumination],OK,B,is_a,point
198,8,full_text + noisy_diagram[illumination],OK,C,is_a,point
198,8,full_text + noisy_diagram[illumination],OK,AB,is_a,segment
198,8,full_text + noisy_diagram[illumination],OK,BC,is_a,segment
198,8,full_text + noisy_diagram[illumination],OK,CA,is_a,segment
198,8,full_text + noisy_diagram[illumination],OK,ABC,is_a,triangle
198,8,full_text + noisy_diagram[illumination],OK,ABC,is_a,isosceles_triangle
198,8,full_text + noisy_diagram[illumination],OK,AB,has_measure,13_units
198,8,full_text + noisy_diagram[illumination],OK,BC,has_measure,13_units
198,8,full_text + noisy_diagram[illumination],OK,CA,has_measure,10_units
198,8,full_text + noisy_diagram[illumination],OK,ABC,has_measure,?
198,8,full_text + noisy_diagram[illumination],OK,ABC,is_a,query_target
,,,,,,
207,8,full_text + noisy_diagram[illumination],OK,O,is_a,point
207,8,full_text + noisy_diagram[illumination],OK,C1,is_a,circle
207,8,full_text + noisy_diagram[illumination],OK,C2,is_a,circle
207,8,full_text + noisy_diagram[illumination],OK,C3,is_a,circle
207,8,full_text + noisy_diagram[illumination],OK,C1,center_of,O
207,8,full_text + noisy_diagram[illumination],OK,C2,center_of,O
207,8,full_text + noisy_diagram[illumination],OK,C3,center_of,O
207,8,full_text + noisy_diagram[illumination],OK,C3,radius_of,10_units
207,8,full_text + noisy_diagram[illumination],OK,C3,diameter_of,20_units
207,8,full_text + noisy_diagram[illumination],OK,C3,has_measure,20_units
207,8,full_text + noisy_diagram[illumination],OK,ShadedRegion,is_a,region
207,8,full_text + noisy_diagram[illumination],OK,ShadedRegion,has_measure,?
207,8,full_text + noisy_diagram[illumination],OK,ShadedRegion,is_a,query_target
,,,,,,
210,8,full_text + noisy_diagram[illumination],OK,A,is_a,point
210,8,full_text + noisy_diagram[illumination],OK,B,is_a,point
210,8,full_text + noisy_diagram[illumination],OK,C,is_a,point
210,8,full_text + noisy_diagram[illumination],OK,D,is_a,point
210,8,full_text + noisy_diagram[illumination],OK,E,is_a,point
210,8,full_text + noisy_diagram[illumination],OK,AB,is_a,segment
210,8,full_text + noisy_diagram[illumination],OK,AC,is_a,segment
210,8,full_text + noisy_diagram[illumination],OK,AE,is_a,segment
210,8,full_text + noisy_diagram[illumination],OK,CD,is_a,segment
210,8,full_text + noisy_diagram[illumination],OK,ED,is_a,segment
210,8,full_text + noisy_diagram[illumination],OK,BE,is_a,segment
210,8,full_text + noisy_diagram[illumination],OK,ABE,is_a,triangle
210,8,full_text + noisy_diagram[illumination],OK,ACD,is_a,triangle
210,8,full_text + noisy_diagram[illumination],OK,AB,connects,"A, B"
210,8,full_text + noisy_diagram[illumination],OK,AC,connects,"A, C"
210,8,full_text + noisy_diagram[illumination],OK,AE,connects,"A, E"
210,8,full_text + noisy_diagram[illumination],OK,CD,connects,"C, D"
210,8,full_text + noisy_diagram[illumination],OK,ED,connects,"E, D"
210,8,full_text + noisy_diagram[illumination],OK,BE,connects,"B, E"
210,8,full_text + noisy_diagram[illumination],OK,ABE,shares,A
210,8,full_text + noisy_diagram[illumination],OK,ACD,shares,A
210,8,full_text + noisy_diagram[illumination],OK,BE,parallel_to,CD
210,8,full_text + noisy_diagram[illumination],OK,AB,has_measure,12_units
210,8,full_text + noisy_diagram[illumination],OK,AC,has_measure,16_units
210,8,full_text + noisy_diagram[illumination],OK,ED,has_measure,5_units
,,,,,,
211,8,full_text + noisy_diagram[illumination],OK,MNPR,is_a,parallelogram
211,8,full_text + noisy_diagram[illumination],OK,MN,is_a,side
211,8,full_text + noisy_diagram[illumination],OK,MN,has_measure,3x - 4
211,8,full_text + noisy_diagram[illumination],OK,NP,is_a,side
211,8,full_text + noisy_diagram[illumination],OK,NP,has_measure,2y + 5
211,8,full_text + noisy_diagram[illumination],OK,RP,is_a,side
211,8,full_text + noisy_diagram[illumination],OK,RP,has_measure,20
211,8,full_text + noisy_diagram[illumination],OK,MR,is_a,side
211,8,full_text + noisy_diagram[illumination],OK,MR,has_measure,17.9
211,8,full_text + noisy_diagram[illumination],OK,MP,is_a,diagonal
211,8,full_text + noisy_diagram[illumination],OK,RN,is_a,diagonal
211,8,full_text + noisy_diagram[illumination],OK,Q,is_a,point
211,8,full_text + noisy_diagram[illumination],OK,MP,intersects,RN
211,8,full_text + noisy_diagram[illumination],OK,MP,connects,M
211,8,full_text + noisy_diagram[illumination],OK,MP,connects,P
211,8,full_text + noisy_diagram[illumination],OK,RN,connects,R
211,8,full_text + noisy_diagram[illumination],OK,RN,connects,N
211,8,full_text + noisy_diagram[illumination],OK,∠MNR,is_a,angle
211,8,full_text + noisy_diagram[illumination],OK,∠MNR,has_measure,33_deg
211,8,full_text + noisy_diagram[illumination],OK,∠RNP,is_a,angle
211,8,full_text + noisy_diagram[illumination],OK,∠RNP,has_measure,?
211,8,full_text + noisy_diagram[illumination],OK,∠QNP,is_a,angle
211,8,full_text + noisy_diagram[illumination],OK,∠QNP,has_measure,83_deg
211,8,full_text + noisy_diagram[illumination],OK,NQ,is_a,segment
211,8,full_text + noisy_diagram[illumination],OK,NQ,has_measure,15.4
211,8,full_text + noisy_diagram[illumination],OK,QP,is_a,segment
211,8,full_text + noisy_diagram[illumination],OK,QP,has_measure,11.1
211,8,full_text + noisy_diagram[illumination],OK,∠MRN,is_a,angle
211,8,full_text + noisy_diagram[illumination],OK,∠MRN,has_measure,38_deg
211,8,full_text + noisy_diagram[illumination],OK,QR,is_a,segment
211,8,full_text + noisy_diagram[illumination],OK,QR,has_measure,3z - 3
211,8,full_text + noisy_diagram[illumination],OK,MQ,is_a,segment
211,8,full_text + noisy_diagram[illumination],OK,MQ,has_measure,4w - 3
,,,,,,
223,8,full_text + noisy_diagram[illumination],OK,A,is_a,point
223,8,full_text + noisy_diagram[illumination],OK,B,is_a,point
223,8,full_text + noisy_diagram[illumination],OK,C,is_a,point
223,8,full_text + noisy_diagram[illumination],OK,AB,is_a,segment
223,8,full_text + noisy_diagram[illumination],OK,BC,is_a,segment
223,8,full_text + noisy_diagram[illumination],OK,AC,is_a,segment
223,8,full_text + noisy_diagram[illumination],OK,ABC,is_a,triangle
223,8,full_text + noisy_diagram[illumination],OK,ABC,is_a,right_triangle
223,8,full_text + noisy_diagram[illumination],OK,AC,has_measure,5_units
223,8,full_text + noisy_diagram[illumination],OK,BC,has_measure,3√2_units
223,8,full_text + noisy_diagram[illumination],OK,AB,has_measure,?_units
223,8,full_text + noisy_diagram[illumination],OK,AB,is_a,query_target
,,,,,,
239,8,full_text + noisy_diagram[illumination],OK,A,is_a,point
239,8,full_text + noisy_diagram[illumination],OK,B,is_a,point
239,8,full_text + noisy_diagram[illumination],OK,C,is_a,point
239,8,full_text + noisy_diagram[illumination],OK,R,is_a,point
239,8,full_text + noisy_diagram[illumination],OK,S,is_a,point
239,8,full_text + noisy_diagram[illumination],OK,T,is_a,point
239,8,full_text + noisy_diagram[illumination],OK,M,is_a,point
239,8,full_text + noisy_diagram[illumination],OK,ABC,is_a,triangle
239,8,full_text + noisy_diagram[illumination],OK,AC,is_a,segment
239,8,full_text + noisy_diagram[illumination],OK,AB,is_a,segment
239,8,full_text + noisy_diagram[illumination],OK,CB,is_a,segment
239,8,full_text + noisy_diagram[illumination],OK,AT,is_a,segment
239,8,full_text + noisy_diagram[illumination],OK,BR,is_a,segment
239,8,full_text + noisy_diagram[illumination],OK,CS,is_a,segment
239,8,full_text + noisy_diagram[illumination],OK,R,is_a,midpoint
239,8,full_text + noisy_diagram[illumination],OK,S,is_a,midpoint
239,8,full_text + noisy_diagram[illumination],OK,T,is_a,midpoint
239,8,full_text + noisy_diagram[illumination],OK,AT,connects,T
239,8,full_text + noisy_diagram[illumination],OK,AT,connects,A
239,8,full_text + noisy_diagram[illumination],OK,BR,connects,R
239,8,full_text + noisy_diagram[illumination],OK,BR,connects,B
239,8,full_text + noisy_diagram[illumination],OK,CS,connects,S
239,8,full_text + noisy_diagram[illumination],OK,CS,connects,C
239,8,full_text + noisy_diagram[illumination],OK,MC,has_measure,7
239,8,full_text + noisy_diagram[illumination],OK,RM,has_measure,4
239,8,full_text + noisy_diagram[illumination],OK,AT,has_measure,16
239,8,full_text + noisy_diagram[illumination],OK,MB,has_measure,?
,,,,,,
243,8,full_text + noisy_diagram[illumination],OK,Phoenix,is_a,point
243,8,full_text + noisy_diagram[illumination],OK,Des Moines,is_a,point
243,8,full_text + noisy_diagram[illumination],OK,Atlanta,is_a,point
243,8,full_text + noisy_diagram[illumination],OK,PhoenixDes Moines,is_a,segment
243,8,full_text + noisy_diagram[illumination],OK,Des MoinesAtlanta,is_a,segment
243,8,full_text + noisy_diagram[illumination],OK,AtlantaPhoenix,is_a,segment
243,8,full_text + noisy_diagram[illumination],OK,PhoenixDes Moines,has_measure,110x + 53
243,8,full_text + noisy_diagram[illumination],OK,Des MoinesAtlanta,has_measure,73.8x
243,8,full_text + noisy_diagram[illumination],OK,AtlantaPhoenix,has_measure,150x + 91
243,8,full_text + noisy_diagram[illumination],OK,3482,is_a,total distance
,,,,,,
257,8,full_text + noisy_diagram[illumination],OK,A,is_a,point
257,8,full_text + noisy_diagram[illumination],OK,B,is_a,point
257,8,full_text + noisy_diagram[illumination],OK,C,is_a,point
257,8,full_text + noisy_diagram[illumination],OK,D,is_a,point
257,8,full_text + noisy_diagram[illumination],OK,E,is_a,point
257,8,full_text + noisy_diagram[illumination],OK,AB,is_a,segment
257,8,full_text + noisy_diagram[illumination],OK,AC,is_a,segment
257,8,full_text + noisy_diagram[illumination],OK,ED,is_a,segment
257,8,full_text + noisy_diagram[illumination],OK,BE,is_a,segment
257,8,full_text + noisy_diagram[illumination],OK,CD,is_a,segment
257,8,full_text + noisy_diagram[illumination],OK,AE,is_a,segment
257,8,full_text + noisy_diagram[illumination],OK,triangle_ABE,is_a,triangle
257,8,full_text + noisy_diagram[illumination],OK,triangle_ACD,is_a,triangle
257,8,full_text + noisy_diagram[illumination],OK,BE,parallel_to,CD
257,8,full_text + noisy_diagram[illumination],OK,AB,has_measure,12_units
257,8,full_text + noisy_diagram[illumination],OK,AC,has_measure,16_units
257,8,full_text + noisy_diagram[illumination],OK,ED,has_measure,5_units
257,8,full_text + noisy_diagram[illumination],OK,triangle_ABE,shares_vertex_with,triangle_ACD
257,8,full_text + noisy_diagram[illumination],OK,A,is_a,shared_vertex
257,8,full_text + noisy_diagram[illumination],OK,AE,is_a,unknown_length
257,8,full_text + noisy_diagram[illumination],OK,ABE,is_a,triangle
257,8,full_text + noisy_diagram[illumination],OK,ACD,is_a,triangle
,,,,,,
264,8,full_text + noisy_diagram[illumination],OK,M,is_a,point
264,8,full_text + noisy_diagram[illumination],OK,N,is_a,point
264,8,full_text + noisy_diagram[illumination],OK,P,is_a,point
264,8,full_text + noisy_diagram[illumination],OK,Q,is_a,point
264,8,full_text + noisy_diagram[illumination],OK,MNPQ,is_a,parallelogram
264,8,full_text + noisy_diagram[illumination],OK,angle_M,is_a,angle
264,8,full_text + noisy_diagram[illumination],OK,angle_N,is_a,angle
264,8,full_text + noisy_diagram[illumination],OK,angle_M,has_measure,10x
264,8,full_text + noisy_diagram[illumination],OK,angle_N,has_measure,20x
264,8,full_text + noisy_diagram[illumination],OK,angle_M,equals,angle_P
264,8,full_text + noisy_diagram[illumination],OK,angle_N,equals,angle_Q
,,,,,,
281,8,full_text + noisy_diagram[illumination],OK,A,is_a,point
281,8,full_text + noisy_diagram[illumination],OK,B,is_a,point
281,8,full_text + noisy_diagram[illumination],OK,C,is_a,point
281,8,full_text + noisy_diagram[illumination],OK,ABC,is_a,triangle
281,8,full_text + noisy_diagram[illumination],OK,∠C,is_a,angle
281,8,full_text + noisy_diagram[illumination],OK,∠C,has_measure,90_deg
281,8,full_text + noisy_diagram[illumination],OK,AC,is_a,segment
281,8,full_text + noisy_diagram[illumination],OK,AC,has_measure,24_units
281,8,full_text + noisy_diagram[illumination],OK,AB,is_a,segment
281,8,full_text + noisy_diagram[illumination],OK,AB,has_measure,26_units
281,8,full_text + noisy_diagram[illumination],OK,BC,is_a,segment
281,8,full_text + noisy_diagram[illumination],OK,BC,has_measure,10_units
281,8,full_text + noisy_diagram[illumination],OK,A,connects,B
281,8,full_text + noisy_diagram[illumination],OK,B,connects,C
281,8,full_text + noisy_diagram[illumination],OK,C,connects,A
281,8,full_text + noisy_diagram[illumination],OK,∠C,center_of,ABC
281,8,full_text + noisy_diagram[illumination],OK,cos B,is_a,?
,,,,,,
327,8,full_text + noisy_diagram[illumination],OK,N,is_a,point
327,8,full_text + noisy_diagram[illumination],OK,X,is_a,point
327,8,full_text + noisy_diagram[illumination],OK,Y,is_a,point
327,8,full_text + noisy_diagram[illumination],OK,Z,is_a,point
327,8,full_text + noisy_diagram[illumination],OK,N,connects,X
327,8,full_text + noisy_diagram[illumination],OK,X,connects,Y
327,8,full_text + noisy_diagram[illumination],OK,Y,connects,Z
327,8,full_text + noisy_diagram[illumination],OK,Y,is_a,segment
327,8,full_text + noisy_diagram[illumination],OK,Z,is_a,segment
327,8,full_text + noisy_diagram[illumination],OK,NX,is_a,segment
327,8,full_text + noisy_diagram[illumination],OK,NX,has_measure,10.7_units
327,8,full_text + noisy_diagram[illumination],OK,YX,has_measure,b_units
327,8,full_text + noisy_diagram[illumination],OK,ZX,has_measure,d_units
327,8,full_text + noisy_diagram[illumination],OK,∠ZXY,is_a,angle
327,8,full_text + noisy_diagram[illumination],OK,∠ZXY,has_measure,335_deg
327,8,full_text + noisy_diagram[illumination],OK,Y,lies_on,ZX
327,8,full_text + noisy_diagram[illumination],OK,N,perpendicular_to,XY
327,8,full_text + noisy_diagram[illumination],OK,N,perpendicular_to,YZ
327,8,full_text + noisy_diagram[illumination],OK,N,perpendicular_to,XZ
,,,,,,
348,8,full_text + noisy_diagram[illumination],OK,helicopter,is_a,helicopter
348,8,full_text + noisy_diagram[illumination],OK,altitude,is_a,altitude
348,8,full_text + noisy_diagram[illumination],OK,altitude,has_measure,198_metres
348,8,full_text + noisy_diagram[illumination],OK,angle,is_a,angle
348,8,full_text + noisy_diagram[illumination],OK,angle,has_measure,44_degrees
348,8,full_text + noisy_diagram[illumination],OK,landing_pad,is_a,landing_pad
348,8,full_text + noisy_diagram[illumination],OK,d,is_a,distance
348,8,full_text + noisy_diagram[illumination],OK,helicopter,has_measure,?
348,8,full_text + noisy_diagram[illumination],OK,helicopter,is_at,altitude
348,8,full_text + noisy_diagram[illumination],OK,altitude,connects,helicopter
348,8,full_text + noisy_diagram[illumination],OK,altitude,connects,landing_pad
348,8,full_text + noisy_diagram[illumination],OK,angle,connects,helicopter
348,8,full_text + noisy_diagram[illumination],OK,angle,connects,landing_pad
348,8,full_text + noisy_diagram[illumination],OK,d,connects,helicopter
348,8,full_text + noisy_diagram[illumination],OK,d,connects,landing_pad
348,8,full_text + noisy_diagram[illumination],OK,helicopter,is_at,angle
,,,,,,
364,8,full_text + noisy_diagram[illumination],OK,cable,is_a,cable
364,8,full_text + noisy_diagram[illumination],OK,tower,is_a,tower
364,8,full_text + noisy_diagram[illumination],OK,bridge,is_a,bridge
364,8,full_text + noisy_diagram[illumination],OK,tower,connects,bridge
364,8,full_text + noisy_diagram[illumination],OK,cable,connects,tower
364,8,full_text + noisy_diagram[illumination],OK,cable,connects,bridge
364,8,full_text + noisy_diagram[illumination],OK,tower,has_measure,35.5_m
364,8,full_text + noisy_diagram[illumination],OK,connection_point,has_measure,65.9_m
364,8,full_text + noisy_diagram[illumination],OK,connection_point,lies_on,bridge
364,8,full_text + noisy_diagram[illumination],OK,tower,is_a,point
364,8,full_text + noisy_diagram[illumination],OK,bridge,is_a,point
364,8,full_text + noisy_diagram[illumination],OK,connection_point,is_a,point
364,8,full_text + noisy_diagram[illumination],OK,tower,perpendicular_to,bridge
364,8,full_text + noisy_diagram[illumination],OK,h,is_a,cable
364,8,full_text + noisy_diagram[illumination],OK,h,has_measure,?
,,,,,,
365,8,full_text + noisy_diagram[illumination],OK,plane,is_a,object
365,8,full_text + noisy_diagram[illumination],OK,airport_runway,is_a,object
365,8,full_text + noisy_diagram[illumination],OK,plane,has_measure,10369_m
365,8,full_text + noisy_diagram[illumination],OK,plane,has_measure,23444_m
365,8,full_text + noisy_diagram[illumination],OK,theta,is_a,angle
365,8,full_text + noisy_diagram[illumination],OK,theta,has_measure,?
,,,,,,
420,8,full_text + noisy_diagram[illumination],OK,A,is_a,point
420,8,full_text + noisy_diagram[illumination],OK,B,is_a,point
420,8,full_text + noisy_diagram[illumination],OK,C,is_a,point
420,8,full_text + noisy_diagram[illumination],OK,D,is_a,point
420,8,full_text + noisy_diagram[illumination],OK,AB,is_a,segment
420,8,full_text + noisy_diagram[illumination],OK,BC,is_a,segment
420,8,full_text + noisy_diagram[illumination],OK,CD,is_a,segment
420,8,full_text + noisy_diagram[illumination],OK,AD,is_a,segment
420,8,full_text + noisy_diagram[illumination],OK,ABCD,is_a,trapezium
420,8,full_text + noisy_diagram[illumination],OK,AB,parallel_to,CD
420,8,full_text + noisy_diagram[illumination],OK,BC,has_measure,10_cm
420,8,full_text + noisy_diagram[illumination],OK,B,connects,A
420,8,full_text + noisy_diagram[illumination],OK,B,connects,C
420,8,full_text + noisy_diagram[illumination],OK,A,connects,D
420,8,full_text + noisy_diagram[illumination],OK,D,connects,C
420,8,full_text + noisy_diagram[illumination],OK,AB,has_measure,?
420,8,full_text + noisy_diagram[illumination],OK,B,connects,point
420,8,full_text + noisy_diagram[illumination],OK,point,lies_on,line
420,8,full_text + noisy_diagram[illumination],OK,line,contains,AD
420,8,full_text + noisy_diagram[illumination],OK,point,has_measure,6_cm
420,8,full_text + noisy_diagram[illumination],OK,point,is_a,segment
,,,,,,
432,8,full_text + noisy_diagram[illumination],OK,-3,4,"is_a, point"
432,8,full_text + noisy_diagram[illumination],OK,5,2,"is_a, point"
432,8,full_text + noisy_diagram[illumination],OK,-3,4,"connects, 5, 2"
432,8,full_text + noisy_diagram[illumination],OK,?,is_a,distance
432,8,full_text + noisy_diagram[illumination],OK,?,has_measure,?
,,,,,,
438,8,full_text + noisy_diagram[illumination],OK,-8,-3,"is_a, point"
438,8,full_text + noisy_diagram[illumination],OK,2,-3,"is_a, point"
438,8,full_text + noisy_diagram[illumination],OK,-3,-3,"is_a, point"
438,8,full_text + noisy_diagram[illumination],OK,-3-5√2,-3,"is_a, point"
438,8,full_text + noisy_diagram[illumination],OK,-3+5√2,-3,"is_a, point"
438,8,full_text + noisy_diagram[illumination],OK,hyperbola,has_measure,?
438,8,full_text + noisy_diagram[illumination],OK,hyperbola,is_a,?
,,,,,,
441,8,full_text + noisy_diagram[illumination],OK,P,is_a,point
441,8,full_text + noisy_diagram[illumination],OK,a,is_a,angle
441,8,full_text + noisy_diagram[illumination],OK,a,is_in,unit_circle
441,8,full_text + noisy_diagram[illumination],OK,a,has_measure,?
,,,,,,
447,8,full_text + noisy_diagram[illumination],OK,20/29,is_a,x_coordinate
447,8,full_text + noisy_diagram[illumination],OK,-21/29,is_a,y_coordinate
447,8,full_text + noisy_diagram[illumination],OK,P,is_a,point
447,8,full_text + noisy_diagram[illumination],OK,a,is_a,angle
447,8,full_text + noisy_diagram[illumination],OK,a,is_in,standard_position
447,8,full_text + noisy_diagram[illumination],OK,a,has_terminal_side,terminal_side
447,8,full_text + noisy_diagram[illumination],OK,terminal_side,intersects,unit_circle
447,8,full_text + noisy_diagram[illumination],OK,terminal_side,intersects_at,P
447,8,full_text + noisy_diagram[illumination],OK,unit_circle,is_a,circle
447,8,full_text + noisy_diagram[illumination],OK,unit_circle,has_radius,1_unit
447,8,full_text + noisy_diagram[illumination],OK,x_axis,is_a,axis
447,8,full_text + noisy_diagram[illumination],OK,y_axis,is_a,axis
447,8,full_text + noisy_diagram[illumination],OK,x_axis,intersects,y_axis
447,8,full_text + noisy_diagram[illumination],OK,x_axis,intersects_at,origin
447,8,full_text + noisy_diagram[illumination],OK,y_axis,intersects_at,origin
447,8,full_text + noisy_diagram[illumination],OK,origin,is_a,point
447,8,full_text + noisy_diagram[illumination],OK,origin,center_of,unit_circle
,,,,,,
449,8,full_text + noisy_diagram[illumination],OK,O,is_a,point
449,8,full_text + noisy_diagram[illumination],OK,O,center_of,unit_circle
449,8,full_text + noisy_diagram[illumination],OK,unit_circle,is_a,circle
449,8,full_text + noisy_diagram[illumination],OK,unit_circle,radius_of,1_unit
449,8,full_text + noisy_diagram[illumination],OK,unit_circle,lies_on,x_axis
449,8,full_text + noisy_diagram[illumination],OK,unit_circle,lies_on,y_axis
449,8,full_text + noisy_diagram[illumination],OK,P,is_a,point
449,8,full_text + noisy_diagram[illumination],OK,P,lies_on,unit_circle
449,8,full_text + noisy_diagram[illumination],OK,θ,is_a,angle
449,8,full_text + noisy_diagram[illumination],OK,sec_θ,is_a,trigonometric_function
449,8,full_text + noisy_diagram[illumination],OK,sec_θ,mapped_to,?
,,,,,,
457,8,full_text + noisy_diagram[illumination],OK,O,is_a,point
457,8,full_text + noisy_diagram[illumination],OK,O,center_of,circle
457,8,full_text + noisy_diagram[illumination],OK,circle,is_a,circle
457,8,full_text + noisy_diagram[illumination],OK,circle,radius_of,6
457,8,full_text + noisy_diagram[illumination],OK,?,is_a,equation
457,8,full_text + noisy_diagram[illumination],OK,?,query_target,?
,,,,,,
472,8,full_text + noisy_diagram[illumination],OK,?,is_a,point
472,8,full_text + noisy_diagram[illumination],OK,?,has_measure,?
472,8,full_text + noisy_diagram[illumination],OK,semicircle,is_a,shape
472,8,full_text + noisy_diagram[illumination],OK,?,is_a,"center_of, semicircle"
,,,,,,
