problem_index,case_id,case_label,status,subject,predicate,object
1,12,noisy_half_text[numeric] + half_diagram,OK,A,is_a,point
1,12,noisy_half_text[numeric] + half_diagram,OK,B,is_a,point
1,12,noisy_half_text[numeric] + half_diagram,OK,C,is_a,point
1,12,noisy_half_text[numeric] + half_diagram,OK,D,is_a,point
1,12,noisy_half_text[numeric] + half_diagram,OK,E,is_a,point
1,12,noisy_half_text[numeric] + half_diagram,OK,ABC,is_a,triangle
1,12,noisy_half_text[numeric] + half_diagram,OK,AB,is_a,segment
1,12,noisy_half_text[numeric] + half_diagram,OK,AC,is_a,segment
1,12,noisy_half_text[numeric] + half_diagram,OK,BC,is_a,segment
1,12,noisy_half_text[numeric] + half_diagram,OK,DE,is_a,segment
1,12,noisy_half_text[numeric] + half_diagram,OK,A,connects,B
1,12,noisy_half_text[numeric] + half_diagram,OK,A,connects,C
1,12,noisy_half_text[numeric] + half_diagram,OK,B,connects,C
1,12,noisy_half_text[numeric] + half_diagram,OK,D,lies_on,AB
1,12,noisy_half_text[numeric] + half_diagram,OK,E,lies_on,AC
1,12,noisy_half_text[numeric] + half_diagram,OK,DE,parallel_to,BC
1,12,noisy_half_text[numeric] + half_diagram,OK,∠B,has_measure,60_deg
1,12,noisy_half_text[numeric] + half_diagram,OK,∠A,has_measure,80_deg
,,,,,,
2,12,noisy_half_text[numeric] + half_diagram,OK,A,is_a,point
2,12,noisy_half_text[numeric] + half_diagram,OK,B,is_a,point
2,12,noisy_half_text[numeric] + half_diagram,OK,AB,is_a,segment
2,12,noisy_half_text[numeric] + half_diagram,OK,AB,parallel_to,CD
2,12,noisy_half_text[numeric] + half_diagram,OK,CD,is_a,segment
2,12,noisy_half_text[numeric] + half_diagram,OK,C,is_a,point
2,12,noisy_half_text[numeric] + half_diagram,OK,D,is_a,point
2,12,noisy_half_text[numeric] + half_diagram,OK,E,is_a,point
2,12,noisy_half_text[numeric] + half_diagram,OK,F,is_a,point
2,12,noisy_half_text[numeric] + half_diagram,OK,G,is_a,point
2,12,noisy_half_text[numeric] + half_diagram,OK,EF,is_a,segment
2,12,noisy_half_text[numeric] + half_diagram,OK,EG,is_a,segment
2,12,noisy_half_text[numeric] + half_diagram,OK,EF,intersects,AB
2,12,noisy_half_text[numeric] + half_diagram,OK,EF,intersects,CD
2,12,noisy_half_text[numeric] + half_diagram,OK,EG,intersects,CD
2,12,noisy_half_text[numeric] + half_diagram,OK,EG,bisects,∠BEF
2,12,noisy_half_text[numeric] + half_diagram,OK,∠EFG,is_a,angle
2,12,noisy_half_text[numeric] + half_diagram,OK,∠EGF,is_a,angle
2,12,noisy_half_text[numeric] + half_diagram,OK,∠EFG,has_measure,?
2,12,noisy_half_text[numeric] + half_diagram,OK,∠EGF,has_measure,?
2,12,noisy_half_text[numeric] + half_diagram,OK,∠FEG,has_measure,50_deg
,,,,,,
3,12,noisy_half_text[numeric] + half_diagram,OK,A,is_a,point
3,12,noisy_half_text[numeric] + half_diagram,OK,B,is_a,point
3,12,noisy_half_text[numeric] + half_diagram,OK,C,is_a,point
3,12,noisy_half_text[numeric] + half_diagram,OK,D,is_a,point
3,12,noisy_half_text[numeric] + half_diagram,OK,BC,is_a,segment
3,12,noisy_half_text[numeric] + half_diagram,OK,BA,is_a,segment
3,12,noisy_half_text[numeric] + half_diagram,OK,BD,is_a,segment
3,12,noisy_half_text[numeric] + half_diagram,OK,CD,is_a,segment
3,12,noisy_half_text[numeric] + half_diagram,OK,∠ABC,is_a,angle
3,12,noisy_half_text[numeric] + half_diagram,OK,∠CDB,is_a,angle
3,12,noisy_half_text[numeric] + half_diagram,OK,BC,intersects,BA
3,12,noisy_half_text[numeric] + half_diagram,OK,BA,intersects,BC
3,12,noisy_half_text[numeric] + half_diagram,OK,BD,bisects,∠ABC
3,12,noisy_half_text[numeric] + half_diagram,OK,CD,parallel_to,AB
3,12,noisy_half_text[numeric] + half_diagram,OK,∠BCD,has_measure,70_deg
,,,,,,
4,12,noisy_half_text[numeric] + half_diagram,OK,A,is_a,point
4,12,noisy_half_text[numeric] + half_diagram,OK,B,is_a,point
4,12,noisy_half_text[numeric] + half_diagram,OK,O,is_a,point
4,12,noisy_half_text[numeric] + half_diagram,OK,C,is_a,point
4,12,noisy_half_text[numeric] + half_diagram,OK,AB,is_a,segment
4,12,noisy_half_text[numeric] + half_diagram,OK,AO,is_a,segment
4,12,noisy_half_text[numeric] + half_diagram,OK,BC,is_a,segment
4,12,noisy_half_text[numeric] + half_diagram,OK,O,is_a,circle
4,12,noisy_half_text[numeric] + half_diagram,OK,AB,tangent_to,O
4,12,noisy_half_text[numeric] + half_diagram,OK,AO,intersects,O
4,12,noisy_half_text[numeric] + half_diagram,OK,AO,connects,"A, C"
4,12,noisy_half_text[numeric] + half_diagram,OK,∠A,is_a,angle
4,12,noisy_half_text[numeric] + half_diagram,OK,∠A,has_measure,36_deg
4,12,noisy_half_text[numeric] + half_diagram,OK,AB,connects,"A, B"
4,12,noisy_half_text[numeric] + half_diagram,OK,BC,connects,"B, C"
4,12,noisy_half_text[numeric] + half_diagram,OK,AO,connects,"A, O"
4,12,noisy_half_text[numeric] + half_diagram,OK,O,center_of,O
,,,,,,
7,12,noisy_half_text[numeric] + half_diagram,OK,A,is_a,point
7,12,noisy_half_text[numeric] + half_diagram,OK,B,is_a,point
7,12,noisy_half_text[numeric] + half_diagram,OK,C,is_a,point
7,12,noisy_half_text[numeric] + half_diagram,OK,D,is_a,point
7,12,noisy_half_text[numeric] + half_diagram,OK,E,is_a,point
7,12,noisy_half_text[numeric] + half_diagram,OK,ABC,is_a,triangle
7,12,noisy_half_text[numeric] + half_diagram,OK,ADE,is_a,triangle
7,12,noisy_half_text[numeric] + half_diagram,OK,ABC,is_a,"congruent_to, ADE"
7,12,noisy_half_text[numeric] + half_diagram,OK,A,is_a,"common_vertex, ABC, ADE"
7,12,noisy_half_text[numeric] + half_diagram,OK,∠B,has_measure,70_deg
7,12,noisy_half_text[numeric] + half_diagram,OK,∠C,has_measure,30_deg
7,12,noisy_half_text[numeric] + half_diagram,OK,∠DAC,has_measure,?
7,12,noisy_half_text[numeric] + half_diagram,OK,∠EAC,has_measure,?
,,,,,,
8,12,noisy_half_text[numeric] + half_diagram,OK,A,is_a,point
8,12,noisy_half_text[numeric] + half_diagram,OK,B,is_a,point
8,12,noisy_half_text[numeric] + half_diagram,OK,C,is_a,point
8,12,noisy_half_text[numeric] + half_diagram,OK,ABC,is_a,triangle
8,12,noisy_half_text[numeric] + half_diagram,OK,D,is_a,point
8,12,noisy_half_text[numeric] + half_diagram,OK,E,is_a,point
8,12,noisy_half_text[numeric] + half_diagram,OK,F,is_a,point
8,12,noisy_half_text[numeric] + half_diagram,OK,DEF,is_a,triangle
8,12,noisy_half_text[numeric] + half_diagram,OK,BF,is_a,segment
8,12,noisy_half_text[numeric] + half_diagram,OK,BF,has_measure,7.0
8,12,noisy_half_text[numeric] + half_diagram,OK,EC,is_a,segment
8,12,noisy_half_text[numeric] + half_diagram,OK,triangle ABC,congruent_to,triangle DEF
8,12,noisy_half_text[numeric] + half_diagram,OK,EC,has_measure,?
,,,,,,
9,12,noisy_half_text[numeric] + half_diagram,OK,A,is_a,point
9,12,noisy_half_text[numeric] + half_diagram,OK,B,is_a,point
9,12,noisy_half_text[numeric] + half_diagram,OK,C,is_a,point
9,12,noisy_half_text[numeric] + half_diagram,OK,D,is_a,point
9,12,noisy_half_text[numeric] + half_diagram,OK,E,is_a,point
9,12,noisy_half_text[numeric] + half_diagram,OK,ABC,is_a,triangle
9,12,noisy_half_text[numeric] + half_diagram,OK,∠C,is_a,angle
9,12,noisy_half_text[numeric] + half_diagram,OK,∠C,has_measure,90_deg
9,12,noisy_half_text[numeric] + half_diagram,OK,AC,is_a,segment
9,12,noisy_half_text[numeric] + half_diagram,OK,BC,is_a,segment
9,12,noisy_half_text[numeric] + half_diagram,OK,AC,has_measure,?
9,12,noisy_half_text[numeric] + half_diagram,OK,BC,has_measure,?
9,12,noisy_half_text[numeric] + half_diagram,OK,AD,is_a,segment
9,12,noisy_half_text[numeric] + half_diagram,OK,∠CAB,is_a,angle
9,12,noisy_half_text[numeric] + half_diagram,OK,AD,intersects,BC
9,12,noisy_half_text[numeric] + half_diagram,OK,DE,is_a,segment
9,12,noisy_half_text[numeric] + half_diagram,OK,DE,perpendicular_to,AB
9,12,noisy_half_text[numeric] + half_diagram,OK,AB,is_a,segment
9,12,noisy_half_text[numeric] + half_diagram,OK,AB,has_measure,6_units
,,,,,,
10,12,noisy_half_text[numeric] + half_diagram,OK,A,is_a,point
10,12,noisy_half_text[numeric] + half_diagram,OK,B,is_a,point
10,12,noisy_half_text[numeric] + half_diagram,OK,C,is_a,point
10,12,noisy_half_text[numeric] + half_diagram,OK,D,is_a,point
10,12,noisy_half_text[numeric] + half_diagram,OK,E,is_a,point
10,12,noisy_half_text[numeric] + half_diagram,OK,AB,is_a,segment
10,12,noisy_half_text[numeric] + half_diagram,OK,AC,is_a,segment
10,12,noisy_half_text[numeric] + half_diagram,OK,ABC,is_a,triangle
10,12,noisy_half_text[numeric] + half_diagram,OK,AB,connects,A
10,12,noisy_half_text[numeric] + half_diagram,OK,AB,connects,B
10,12,noisy_half_text[numeric] + half_diagram,OK,AC,connects,A
10,12,noisy_half_text[numeric] + half_diagram,OK,AC,connects,C
10,12,noisy_half_text[numeric] + half_diagram,OK,AB,has_measure,?
10,12,noisy_half_text[numeric] + half_diagram,OK,AC,has_measure,?
10,12,noisy_half_text[numeric] + half_diagram,OK,AB,is_a,side
10,12,noisy_half_text[numeric] + half_diagram,OK,AC,is_a,side
10,12,noisy_half_text[numeric] + half_diagram,OK,BC,is_a,side
10,12,noisy_half_text[numeric] + half_diagram,OK,∠BAC,is_a,angle
10,12,noisy_half_text[numeric] + half_diagram,OK,∠BAC,has_measure,36_deg
10,12,noisy_half_text[numeric] + half_diagram,OK,D,lies_on,AC
10,12,noisy_half_text[numeric] + half_diagram,OK,E,lies_on,AB
10,12,noisy_half_text[numeric] + half_diagram,OK,AB,perpendicular_to,?
10,12,noisy_half_text[numeric] + half_diagram,OK,AC,perpendicular_to,?
,,,,,,
11,12,noisy_half_text[numeric] + half_diagram,OK,A,is_a,point
11,12,noisy_half_text[numeric] + half_diagram,OK,B,is_a,point
11,12,noisy_half_text[numeric] + half_diagram,OK,C,is_a,point
11,12,noisy_half_text[numeric] + half_diagram,OK,ABC,is_a,triangle
11,12,noisy_half_text[numeric] + half_diagram,OK,angle_C,has_measure,36_deg
11,12,noisy_half_text[numeric] + half_diagram,OK,AED,is_a,triangle
11,12,noisy_half_text[numeric] + half_diagram,OK,D,is_a,point
11,12,noisy_half_text[numeric] + half_diagram,OK,E,is_a,point
11,12,noisy_half_text[numeric] + half_diagram,OK,AD,is_a,segment
11,12,noisy_half_text[numeric] + half_diagram,OK,BC,is_a,segment
11,12,noisy_half_text[numeric] + half_diagram,OK,F,is_a,point
11,12,noisy_half_text[numeric] + half_diagram,OK,AD,intersects,BC
11,12,noisy_half_text[numeric] + half_diagram,OK,AD,intersects,"BC, at, F"
11,12,noisy_half_text[numeric] + half_diagram,OK,ABC,rotated_about,A
11,12,noisy_half_text[numeric] + half_diagram,OK,ABC,mapped_to,AED
11,12,noisy_half_text[numeric] + half_diagram,OK,angle_BAF,has_measure,60_deg
,,,,,,
14,12,noisy_half_text[numeric] + half_diagram,OK,C,is_a,point
14,12,noisy_half_text[numeric] + half_diagram,OK,B,is_a,point
14,12,noisy_half_text[numeric] + half_diagram,OK,A,is_a,point
14,12,noisy_half_text[numeric] + half_diagram,OK,O,is_a,point
14,12,noisy_half_text[numeric] + half_diagram,OK,O,is_a,center
14,12,noisy_half_text[numeric] + half_diagram,OK,triangle_ABC,is_a,triangle
14,12,noisy_half_text[numeric] + half_diagram,OK,circle_O,is_a,circle
14,12,noisy_half_text[numeric] + half_diagram,OK,O,center_of,circle_O
14,12,noisy_half_text[numeric] + half_diagram,OK,A,lies_on,circle_O
14,12,noisy_half_text[numeric] + half_diagram,OK,B,lies_on,circle_O
14,12,noisy_half_text[numeric] + half_diagram,OK,C,lies_on,circle_O
14,12,noisy_half_text[numeric] + half_diagram,OK,triangle_ABC,inscribed_in,circle_O
14,12,noisy_half_text[numeric] + half_diagram,OK,∠AOB,is_a,angle
14,12,noisy_half_text[numeric] + half_diagram,OK,∠AOB,has_measure,35_deg
14,12,noisy_half_text[numeric] + half_diagram,OK,question_target,is_a,angle
14,12,noisy_half_text[numeric] + half_diagram,OK,question_target,is_a,∠ACB
,,,,,,
16,12,noisy_half_text[numeric] + half_diagram,OK,O,is_a,point
16,12,noisy_half_text[numeric] + half_diagram,OK,O,center_of,circle
16,12,noisy_half_text[numeric] + half_diagram,OK,AC,is_a,chord
16,12,noisy_half_text[numeric] + half_diagram,OK,OB,is_a,radius
16,12,noisy_half_text[numeric] + half_diagram,OK,AC,parallel_to,OB
16,12,noisy_half_text[numeric] + half_diagram,OK,∠BOC,is_a,angle
16,12,noisy_half_text[numeric] + half_diagram,OK,∠BOC,has_measure,50_deg
16,12,noisy_half_text[numeric] + half_diagram,OK,?,is_a,angle
,,,,,,
17,12,noisy_half_text[numeric] + half_diagram,OK,A,is_a,point
17,12,noisy_half_text[numeric] + half_diagram,OK,B,is_a,point
17,12,noisy_half_text[numeric] + half_diagram,OK,C,is_a,point
17,12,noisy_half_text[numeric] + half_diagram,OK,D,is_a,point
17,12,noisy_half_text[numeric] + half_diagram,OK,ABCD,is_a,parallelogram
17,12,noisy_half_text[numeric] + half_diagram,OK,AC,is_a,diagonal
17,12,noisy_half_text[numeric] + half_diagram,OK,BD,is_a,diagonal
17,12,noisy_half_text[numeric] + half_diagram,OK,AC,intersects,BD
17,12,noisy_half_text[numeric] + half_diagram,OK,O,is_a,point
17,12,noisy_half_text[numeric] + half_diagram,OK,AC,connects,O
17,12,noisy_half_text[numeric] + half_diagram,OK,BD,connects,O
17,12,noisy_half_text[numeric] + half_diagram,OK,∠DAC,is_a,angle
17,12,noisy_half_text[numeric] + half_diagram,OK,∠DAC,has_measure,42_deg
17,12,noisy_half_text[numeric] + half_diagram,OK,∠CBD,is_a,angle
17,12,noisy_half_text[numeric] + half_diagram,OK,∠CBD,has_measure,23_deg
17,12,noisy_half_text[numeric] + half_diagram,OK,A,connects,B
17,12,noisy_half_text[numeric] + half_diagram,OK,B,connects,C
17,12,noisy_half_text[numeric] + half_diagram,OK,C,connects,D
17,12,noisy_half_text[numeric] + half_diagram,OK,D,connects,A
17,12,noisy_half_text[numeric] + half_diagram,OK,A,connects,D
17,12,noisy_half_text[numeric] + half_diagram,OK,D,connects,C
17,12,noisy_half_text[numeric] + half_diagram,OK,A,connects,C
17,12,noisy_half_text[numeric] + half_diagram,OK,B,connects,D
,,,,,,
20,12,noisy_half_text[numeric] + half_diagram,OK,A,is_a,point
20,12,noisy_half_text[numeric] + half_diagram,OK,B,is_a,point
20,12,noisy_half_text[numeric] + half_diagram,OK,AB,is_a,segment
20,12,noisy_half_text[numeric] + half_diagram,OK,O,is_a,point
20,12,noisy_half_text[numeric] + half_diagram,OK,AB,center_of,O
20,12,noisy_half_text[numeric] + half_diagram,OK,C,is_a,point
20,12,noisy_half_text[numeric] + half_diagram,OK,D,is_a,point
20,12,noisy_half_text[numeric] + half_diagram,OK,C,lies_on,O
20,12,noisy_half_text[numeric] + half_diagram,OK,D,lies_on,O
20,12,noisy_half_text[numeric] + half_diagram,OK,AC,is_a,segment
20,12,noisy_half_text[numeric] + half_diagram,OK,BC,is_a,segment
20,12,noisy_half_text[numeric] + half_diagram,OK,CD,is_a,segment
20,12,noisy_half_text[numeric] + half_diagram,OK,OD,is_a,segment
20,12,noisy_half_text[numeric] + half_diagram,OK,∠DOB,is_a,angle
20,12,noisy_half_text[numeric] + half_diagram,OK,∠DOB,has_measure,?
20,12,noisy_half_text[numeric] + half_diagram,OK,∠ACD,is_a,angle
20,12,noisy_half_text[numeric] + half_diagram,OK,∠ACD,has_measure,?
,,,,,,
22,12,noisy_half_text[numeric] + half_diagram,OK,A,is_a,point
22,12,noisy_half_text[numeric] + half_diagram,OK,N,is_a,point
22,12,noisy_half_text[numeric] + half_diagram,OK,M,is_a,point
22,12,noisy_half_text[numeric] + half_diagram,OK,O,is_a,point
22,12,noisy_half_text[numeric] + half_diagram,OK,B,is_a,point
22,12,noisy_half_text[numeric] + half_diagram,OK,C,is_a,point
22,12,noisy_half_text[numeric] + half_diagram,OK,D,is_a,point
22,12,noisy_half_text[numeric] + half_diagram,OK,ABCD,is_a,diamond
22,12,noisy_half_text[numeric] + half_diagram,OK,AB,is_a,segment
22,12,noisy_half_text[numeric] + half_diagram,OK,CD,is_a,segment
22,12,noisy_half_text[numeric] + half_diagram,OK,MN,is_a,segment
22,12,noisy_half_text[numeric] + half_diagram,OK,AC,is_a,segment
22,12,noisy_half_text[numeric] + half_diagram,OK,BO,is_a,segment
22,12,noisy_half_text[numeric] + half_diagram,OK,M,lies_on,AB
22,12,noisy_half_text[numeric] + half_diagram,OK,N,lies_on,CD
22,12,noisy_half_text[numeric] + half_diagram,OK,MN,intersects,AC
22,12,noisy_half_text[numeric] + half_diagram,OK,AC,intersects,MN
22,12,noisy_half_text[numeric] + half_diagram,OK,MN,intersects,BO
22,12,noisy_half_text[numeric] + half_diagram,OK,BO,intersects,MN
22,12,noisy_half_text[numeric] + half_diagram,OK,AM,has_measure,?
22,12,noisy_half_text[numeric] + half_diagram,OK,CN,has_measure,?
22,12,noisy_half_text[numeric] + half_diagram,OK,AM,has_measure,CN
22,12,noisy_half_text[numeric] + half_diagram,OK,∠DAC,has_measure,?
22,12,noisy_half_text[numeric] + half_diagram,OK,∠A,has_measure,28_deg
,,,,,,
25,12,noisy_half_text[numeric] + half_diagram,OK,A,is_a,point
25,12,noisy_half_text[numeric] + half_diagram,OK,E,is_a,point
25,12,noisy_half_text[numeric] + half_diagram,OK,F,is_a,point
25,12,noisy_half_text[numeric] + half_diagram,OK,B,is_a,point
25,12,noisy_half_text[numeric] + half_diagram,OK,C,is_a,point
25,12,noisy_half_text[numeric] + half_diagram,OK,EF,is_a,segment
25,12,noisy_half_text[numeric] + half_diagram,OK,BC,is_a,segment
25,12,noisy_half_text[numeric] + half_diagram,OK,AC,is_a,segment
25,12,noisy_half_text[numeric] + half_diagram,OK,BAF,is_a,angle
25,12,noisy_half_text[numeric] + half_diagram,OK,∠B,is_a,angle
25,12,noisy_half_text[numeric] + half_diagram,OK,EF,parallel_to,BC
25,12,noisy_half_text[numeric] + half_diagram,OK,AC,bisects,∠BAF
25,12,noisy_half_text[numeric] + half_diagram,OK,∠B,has_measure,50_deg
,,,,,,
26,12,noisy_half_text[numeric] + half_diagram,OK,A,is_a,point
26,12,noisy_half_text[numeric] + half_diagram,OK,B,is_a,point
26,12,noisy_half_text[numeric] + half_diagram,OK,AB,is_a,segment
26,12,noisy_half_text[numeric] + half_diagram,OK,AB,has_measure,8.0_m
26,12,noisy_half_text[numeric] + half_diagram,OK,C,is_a,point
26,12,noisy_half_text[numeric] + half_diagram,OK,AC,is_a,segment
26,12,noisy_half_text[numeric] + half_diagram,OK,AC,has_measure,22.0_m
26,12,noisy_half_text[numeric] + half_diagram,OK,AD,is_a,segment
26,12,noisy_half_text[numeric] + half_diagram,OK,D,is_a,point
26,12,noisy_half_text[numeric] + half_diagram,OK,AD,has_measure,3.2_m
26,12,noisy_half_text[numeric] + half_diagram,OK,AB,connects,A
26,12,noisy_half_text[numeric] + half_diagram,OK,AB,connects,B
26,12,noisy_half_text[numeric] + half_diagram,OK,AC,connects,A
26,12,noisy_half_text[numeric] + half_diagram,OK,AC,connects,C
26,12,noisy_half_text[numeric] + half_diagram,OK,AD,connects,A
26,12,noisy_half_text[numeric] + half_diagram,OK,AD,connects,D
26,12,noisy_half_text[numeric] + half_diagram,OK,AD,perpendicular_to,AB
26,12,noisy_half_text[numeric] + half_diagram,OK,AD,perpendicular_to,AC
26,12,noisy_half_text[numeric] + half_diagram,OK,D,is_a,flagpole
26,12,noisy_half_text[numeric] + half_diagram,OK,B,is_a,bamboo_pole
,,,,,,
29,12,noisy_half_text[numeric] + half_diagram,OK,A,is_a,point
29,12,noisy_half_text[numeric] + half_diagram,OK,B,is_a,point
29,12,noisy_half_text[numeric] + half_diagram,OK,C,is_a,point
29,12,noisy_half_text[numeric] + half_diagram,OK,D,is_a,point
29,12,noisy_half_text[numeric] + half_diagram,OK,ABC,is_a,triangle
29,12,noisy_half_text[numeric] + half_diagram,OK,A,lies_on,ABC
29,12,noisy_half_text[numeric] + half_diagram,OK,B,lies_on,ABC
29,12,noisy_half_text[numeric] + half_diagram,OK,C,lies_on,ABC
29,12,noisy_half_text[numeric] + half_diagram,OK,BD,is_a,segment
29,12,noisy_half_text[numeric] + half_diagram,OK,CD,is_a,segment
29,12,noisy_half_text[numeric] + half_diagram,OK,BD,intersects,CD
29,12,noisy_half_text[numeric] + half_diagram,OK,D,is_a,intersection_point
29,12,noisy_half_text[numeric] + half_diagram,OK,A,has_measure,?
29,12,noisy_half_text[numeric] + half_diagram,OK,BD,connects,A
29,12,noisy_half_text[numeric] + half_diagram,OK,BD,connects,B
29,12,noisy_half_text[numeric] + half_diagram,OK,BD,connects,D
29,12,noisy_half_text[numeric] + half_diagram,OK,CD,connects,C
29,12,noisy_half_text[numeric] + half_diagram,OK,CD,connects,D
29,12,noisy_half_text[numeric] + half_diagram,OK,∠BAC,is_a,angle
29,12,noisy_half_text[numeric] + half_diagram,OK,∠BAC,has_measure,50_deg
29,12,noisy_half_text[numeric] + half_diagram,OK,BDC,is_a,angle
29,12,noisy_half_text[numeric] + half_diagram,OK,BDC,has_measure,?
,,,,,,
30,12,noisy_half_text[numeric] + half_diagram,OK,A,is_a,point
30,12,noisy_half_text[numeric] + half_diagram,OK,B,is_a,point
30,12,noisy_half_text[numeric] + half_diagram,OK,C,is_a,point
30,12,noisy_half_text[numeric] + half_diagram,OK,O,is_a,point
30,12,noisy_half_text[numeric] + half_diagram,OK,OA,is_a,segment
30,12,noisy_half_text[numeric] + half_diagram,OK,OB,is_a,segment
30,12,noisy_half_text[numeric] + half_diagram,OK,OC,is_a,segment
30,12,noisy_half_text[numeric] + half_diagram,OK,OA,has_measure,?
30,12,noisy_half_text[numeric] + half_diagram,OK,OB,has_measure,?
30,12,noisy_half_text[numeric] + half_diagram,OK,OC,has_measure,?
30,12,noisy_half_text[numeric] + half_diagram,OK,OA,has_measure,OB
30,12,noisy_half_text[numeric] + half_diagram,OK,OA,has_measure,OC
30,12,noisy_half_text[numeric] + half_diagram,OK,∠ACB,is_a,angle
30,12,noisy_half_text[numeric] + half_diagram,OK,∠ACB,has_measure,30_deg
30,12,noisy_half_text[numeric] + half_diagram,OK,∠AOB,is_a,angle
30,12,noisy_half_text[numeric] + half_diagram,OK,∠AOB,has_measure,?
,,,,,,
32,12,noisy_half_text[numeric] + half_diagram,OK,A,is_a,point
32,12,noisy_half_text[numeric] + half_diagram,OK,B,is_a,point)
32,12,noisy_half_text[numeric] + half_diagram,OK,C,is_a,point)
32,12,noisy_half_text[numeric] + half_diagram,OK,I,is_a,circle)
32,12,noisy_half_text[numeric] + half_diagram,OK,D,is_a,point)
32,12,noisy_half_text[numeric] + half_diagram,OK,E,is_a,point)
32,12,noisy_half_text[numeric] + half_diagram,OK,F,is_a,point)
32,12,noisy_half_text[numeric] + half_diagram,OK,ABC,is_a,triangle)
32,12,noisy_half_text[numeric] + half_diagram,OK,D,lies_on,triangle ABC)
32,12,noisy_half_text[numeric] + half_diagram,OK,E,lies_on,triangle ABC)
32,12,noisy_half_text[numeric] + half_diagram,OK,F,lies_on,triangle ABC)
32,12,noisy_half_text[numeric] + half_diagram,OK,I,is_a,"inscribed_circle_of, triangle ABC)"
32,12,noisy_half_text[numeric] + half_diagram,OK,D,is_a,tangent_point)
32,12,noisy_half_text[numeric] + half_diagram,OK,E,is_a,tangent_point)
32,12,noisy_half_text[numeric] + half_diagram,OK,F,is_a,tangent_point)
32,12,noisy_half_text[numeric] + half_diagram,OK,∠EIF,is_a,angle)
32,12,noisy_half_text[numeric] + half_diagram,OK,∠EIF,has_measure,52_deg)
,,,,,,
34,12,noisy_half_text[numeric] + half_diagram,OK,A,is_a,point
34,12,noisy_half_text[numeric] + half_diagram,OK,B,is_a,point
34,12,noisy_half_text[numeric] + half_diagram,OK,C,is_a,point
34,12,noisy_half_text[numeric] + half_diagram,OK,D,is_a,point
34,12,noisy_half_text[numeric] + half_diagram,OK,E,is_a,point
34,12,noisy_half_text[numeric] + half_diagram,OK,F,is_a,point
34,12,noisy_half_text[numeric] + half_diagram,OK,P,is_a,point
34,12,noisy_half_text[numeric] + half_diagram,OK,Q,is_a,point
34,12,noisy_half_text[numeric] + half_diagram,OK,AB,is_a,segment
34,12,noisy_half_text[numeric] + half_diagram,OK,CD,is_a,segment
34,12,noisy_half_text[numeric] + half_diagram,OK,EF,is_a,segment
34,12,noisy_half_text[numeric] + half_diagram,OK,AB,parallel_to,CD
34,12,noisy_half_text[numeric] + half_diagram,OK,EF,intersects,AB
34,12,noisy_half_text[numeric] + half_diagram,OK,EF,intersects,CD
34,12,noisy_half_text[numeric] + half_diagram,OK,P,is_a,intersection
34,12,noisy_half_text[numeric] + half_diagram,OK,Q,is_a,intersection
34,12,noisy_half_text[numeric] + half_diagram,OK,P,is_a,"intersection_of, EF"
34,12,noisy_half_text[numeric] + half_diagram,OK,P,is_a,"intersection_of, AB"
34,12,noisy_half_text[numeric] + half_diagram,OK,Q,is_a,"intersection_of, EF"
34,12,noisy_half_text[numeric] + half_diagram,OK,Q,is_a,"intersection_of, CD"
34,12,noisy_half_text[numeric] + half_diagram,OK,∠P,is_a,angle
34,12,noisy_half_text[numeric] + half_diagram,OK,∠P,has_measure,100_deg
34,12,noisy_half_text[numeric] + half_diagram,OK,∠CQF,is_a,angle
34,12,noisy_half_text[numeric] + half_diagram,OK,∠CQF,has_measure,?
,,,,,,
36,12,noisy_half_text[numeric] + half_diagram,OK,A,is_a,point
36,12,noisy_half_text[numeric] + half_diagram,OK,B,is_a,point
36,12,noisy_half_text[numeric] + half_diagram,OK,D,is_a,point
36,12,noisy_half_text[numeric] + half_diagram,OK,C,is_a,point
36,12,noisy_half_text[numeric] + half_diagram,OK,O,is_a,circle
36,12,noisy_half_text[numeric] + half_diagram,OK,AB,is_a,diameter
36,12,noisy_half_text[numeric] + half_diagram,OK,AB,connects,A
36,12,noisy_half_text[numeric] + half_diagram,OK,AB,connects,B
36,12,noisy_half_text[numeric] + half_diagram,OK,AB,connects,D
36,12,noisy_half_text[numeric] + half_diagram,OK,C,lies_on,O
36,12,noisy_half_text[numeric] + half_diagram,OK,CD,is_a,tangent
36,12,noisy_half_text[numeric] + half_diagram,OK,CD,tangent_to,O
36,12,noisy_half_text[numeric] + half_diagram,OK,CD,connects,C
36,12,noisy_half_text[numeric] + half_diagram,OK,CD,connects,D
36,12,noisy_half_text[numeric] + half_diagram,OK,O,center_of,AB
36,12,noisy_half_text[numeric] + half_diagram,OK,∠CAB,is_a,angle
36,12,noisy_half_text[numeric] + half_diagram,OK,∠CAB,has_measure,?
36,12,noisy_half_text[numeric] + half_diagram,OK,A,connects,C
36,12,noisy_half_text[numeric] + half_diagram,OK,B,connects,C
36,12,noisy_half_text[numeric] + half_diagram,OK,C,connects,D
,,,,,,
37,12,noisy_half_text[numeric] + half_diagram,OK,A,is_a,point
37,12,noisy_half_text[numeric] + half_diagram,OK,B,is_a,point
37,12,noisy_half_text[numeric] + half_diagram,OK,C,is_a,point
37,12,noisy_half_text[numeric] + half_diagram,OK,D,is_a,point
37,12,noisy_half_text[numeric] + half_diagram,OK,P,is_a,point
37,12,noisy_half_text[numeric] + half_diagram,OK,O,is_a,point
37,12,noisy_half_text[numeric] + half_diagram,OK,AB,is_a,segment
37,12,noisy_half_text[numeric] + half_diagram,OK,CD,is_a,segment
37,12,noisy_half_text[numeric] + half_diagram,OK,CP,is_a,segment
37,12,noisy_half_text[numeric] + half_diagram,OK,AO,is_a,segment
37,12,noisy_half_text[numeric] + half_diagram,OK,PO,is_a,segment
37,12,noisy_half_text[numeric] + half_diagram,OK,AB,parallel_to,CD
37,12,noisy_half_text[numeric] + half_diagram,OK,CP,intersects,AB
37,12,noisy_half_text[numeric] + half_diagram,OK,CP,intersects,"AB, at, O"
37,12,noisy_half_text[numeric] + half_diagram,OK,AO,has_measure,?
37,12,noisy_half_text[numeric] + half_diagram,OK,PO,has_measure,?
37,12,noisy_half_text[numeric] + half_diagram,OK,AO,has_measure,PO
37,12,noisy_half_text[numeric] + half_diagram,OK,∠CPO,is_a,angle
37,12,noisy_half_text[numeric] + half_diagram,OK,∠CPO,has_measure,50_deg
37,12,noisy_half_text[numeric] + half_diagram,OK,∠A,is_a,angle
37,12,noisy_half_text[numeric] + half_diagram,OK,∠A,has_measure,?
,,,,,,
38,12,noisy_half_text[numeric] + half_diagram,OK,A,is_a,point
38,12,noisy_half_text[numeric] + half_diagram,OK,B,is_a,point
38,12,noisy_half_text[numeric] + half_diagram,OK,C,is_a,point
38,12,noisy_half_text[numeric] + half_diagram,OK,D,is_a,point
38,12,noisy_half_text[numeric] + half_diagram,OK,AB,is_a,segment
38,12,noisy_half_text[numeric] + half_diagram,OK,AC,is_a,segment
38,12,noisy_half_text[numeric] + half_diagram,OK,BC,is_a,segment
38,12,noisy_half_text[numeric] + half_diagram,OK,AD,is_a,segment
38,12,noisy_half_text[numeric] + half_diagram,OK,ABC,is_a,triangle
38,12,noisy_half_text[numeric] + half_diagram,OK,AB,has_measure,?
38,12,noisy_half_text[numeric] + half_diagram,OK,AC,has_measure,?
38,12,noisy_half_text[numeric] + half_diagram,OK,AD,parallel_to,BC
38,12,noisy_half_text[numeric] + half_diagram,OK,∠BAC,has_measure,70_deg
38,12,noisy_half_text[numeric] + half_diagram,OK,AD,is_a,line
38,12,noisy_half_text[numeric] + half_diagram,OK,BC,is_a,line
,,,,,,
40,12,noisy_half_text[numeric] + half_diagram,OK,line a,is_a,line
40,12,noisy_half_text[numeric] + half_diagram,OK,line b,is_a,line
40,12,noisy_half_text[numeric] + half_diagram,OK,line a,parallel_to,line b
40,12,noisy_half_text[numeric] + half_diagram,OK,line c,is_a,line
40,12,noisy_half_text[numeric] + half_diagram,OK,line c,intersects,line a
40,12,noisy_half_text[numeric] + half_diagram,OK,line c,intersects,line b
40,12,noisy_half_text[numeric] + half_diagram,OK,line a,above,line b
40,12,noisy_half_text[numeric] + half_diagram,OK,angle 1,is_a,angle
40,12,noisy_half_text[numeric] + half_diagram,OK,angle 1,has_measure,50_deg
40,12,noisy_half_text[numeric] + half_diagram,OK,angle 2,is_a,angle
40,12,noisy_half_text[numeric] + half_diagram,OK,line c,intersects,"line a, at, P"
40,12,noisy_half_text[numeric] + half_diagram,OK,line c,intersects,"line b, at, Q"
40,12,noisy_half_text[numeric] + half_diagram,OK,angle 1,above,line a
40,12,noisy_half_text[numeric] + half_diagram,OK,angle 1,right_of,line c
40,12,noisy_half_text[numeric] + half_diagram,OK,angle 2,below,line b
40,12,noisy_half_text[numeric] + half_diagram,OK,angle 2,left_of,line c
,,,,,,
43,12,noisy_half_text[numeric] + half_diagram,OK,A,is_a,point
43,12,noisy_half_text[numeric] + half_diagram,OK,B,is_a,point
43,12,noisy_half_text[numeric] + half_diagram,OK,O,is_a,point
43,12,noisy_half_text[numeric] + half_diagram,OK,C,is_a,point
43,12,noisy_half_text[numeric] + half_diagram,OK,D,is_a,point
43,12,noisy_half_text[numeric] + half_diagram,OK,OAB,is_a,triangle
43,12,noisy_half_text[numeric] + half_diagram,OK,ODC,is_a,triangle
43,12,noisy_half_text[numeric] + half_diagram,OK,OAB,rotated_about,ODC
43,12,noisy_half_text[numeric] + half_diagram,OK,OAB,rotated_about,30_deg
43,12,noisy_half_text[numeric] + half_diagram,OK,D,lies_on,AB
43,12,noisy_half_text[numeric] + half_diagram,OK,AOD,is_a,angle
43,12,noisy_half_text[numeric] + half_diagram,OK,AOD,has_measure,30_deg
43,12,noisy_half_text[numeric] + half_diagram,OK,COB,is_a,angle
43,12,noisy_half_text[numeric] + half_diagram,OK,COB,has_measure,100_deg
43,12,noisy_half_text[numeric] + half_diagram,OK,DOB,is_a,angle
43,12,noisy_half_text[numeric] + half_diagram,OK,DOB,has_measure,?
43,12,noisy_half_text[numeric] + half_diagram,OK,AB,is_a,segment
43,12,noisy_half_text[numeric] + half_diagram,OK,OC,is_a,segment
43,12,noisy_half_text[numeric] + half_diagram,OK,OA,is_a,segment
43,12,noisy_half_text[numeric] + half_diagram,OK,OB,is_a,segment
43,12,noisy_half_text[numeric] + half_diagram,OK,OD,is_a,segment
43,12,noisy_half_text[numeric] + half_diagram,OK,DC,is_a,segment
,,,,,,
44,12,noisy_half_text[numeric] + half_diagram,OK,street lamp A,is_a,point
44,12,noisy_half_text[numeric] + half_diagram,OK,street lamp B,is_a,point
44,12,noisy_half_text[numeric] + half_diagram,OK,street lamp A,connects,street lamp B
44,12,noisy_half_text[numeric] + half_diagram,OK,street lamp A,is_a,street lamp
44,12,noisy_half_text[numeric] + half_diagram,OK,street lamp B,is_a,street lamp
44,12,noisy_half_text[numeric] + half_diagram,OK,street lamp A,street lamp B,30.0
44,12,noisy_half_text[numeric] + half_diagram,OK,Xiaogang,is_a,person
44,12,noisy_half_text[numeric] + half_diagram,OK,Xiaogang,has_measure,1.5
44,12,noisy_half_text[numeric] + half_diagram,OK,Xiaogang,connects,street lamp A
44,12,noisy_half_text[numeric] + half_diagram,OK,Xiaogang,connects,street lamp B
44,12,noisy_half_text[numeric] + half_diagram,OK,street lamp A,is_a,bottom
44,12,noisy_half_text[numeric] + half_diagram,OK,street lamp B,is_a,bottom
44,12,noisy_half_text[numeric] + half_diagram,OK,street lamp A,is_a,top
44,12,noisy_half_text[numeric] + half_diagram,OK,street lamp B,is_a,top
44,12,noisy_half_text[numeric] + half_diagram,OK,street lamp A,is_a,height
44,12,noisy_half_text[numeric] + half_diagram,OK,street lamp B,is_a,height
,,,,,,
45,12,noisy_half_text[numeric] + half_diagram,OK,O,is_a,circle
45,12,noisy_half_text[numeric] + half_diagram,OK,A,is_a,point
45,12,noisy_half_text[numeric] + half_diagram,OK,B,is_a,point
45,12,noisy_half_text[numeric] + half_diagram,OK,C,is_a,point
45,12,noisy_half_text[numeric] + half_diagram,OK,A,lies_on,O
45,12,noisy_half_text[numeric] + half_diagram,OK,B,lies_on,O
45,12,noisy_half_text[numeric] + half_diagram,OK,C,lies_on,O
45,12,noisy_half_text[numeric] + half_diagram,OK,O,center_of,O
45,12,noisy_half_text[numeric] + half_diagram,OK,A,connects,B
45,12,noisy_half_text[numeric] + half_diagram,OK,B,connects,C
45,12,noisy_half_text[numeric] + half_diagram,OK,C,connects,A
45,12,noisy_half_text[numeric] + half_diagram,OK,∠ACB,is_a,angle
45,12,noisy_half_text[numeric] + half_diagram,OK,∠ACB,has_measure,35_deg
45,12,noisy_half_text[numeric] + half_diagram,OK,∠AOB,is_a,angle
45,12,noisy_half_text[numeric] + half_diagram,OK,∠AOB,has_measure,?
45,12,noisy_half_text[numeric] + half_diagram,OK,A,connects,O
45,12,noisy_half_text[numeric] + half_diagram,OK,B,connects,O
45,12,noisy_half_text[numeric] + half_diagram,OK,C,connects,O
,,,,,,
46,12,noisy_half_text[numeric] + half_diagram,OK,A,is_a,point
46,12,noisy_half_text[numeric] + half_diagram,OK,B,is_a,point
46,12,noisy_half_text[numeric] + half_diagram,OK,AB,is_a,segment
46,12,noisy_half_text[numeric] + half_diagram,OK,AB,is_a,line
46,12,noisy_half_text[numeric] + half_diagram,OK,C,is_a,point
46,12,noisy_half_text[numeric] + half_diagram,OK,D,is_a,point
46,12,noisy_half_text[numeric] + half_diagram,OK,CD,is_a,segment
46,12,noisy_half_text[numeric] + half_diagram,OK,CD,is_a,line
46,12,noisy_half_text[numeric] + half_diagram,OK,AE,is_a,segment
46,12,noisy_half_text[numeric] + half_diagram,OK,AE,is_a,line
46,12,noisy_half_text[numeric] + half_diagram,OK,E,is_a,point
46,12,noisy_half_text[numeric] + half_diagram,OK,O,is_a,point
46,12,noisy_half_text[numeric] + half_diagram,OK,AB,parallel_to,CD
46,12,noisy_half_text[numeric] + half_diagram,OK,AE,intersects,AB
46,12,noisy_half_text[numeric] + half_diagram,OK,AE,intersects,CD
46,12,noisy_half_text[numeric] + half_diagram,OK,∠EAB,is_a,angle
46,12,noisy_half_text[numeric] + half_diagram,OK,∠EAB,has_measure,70_deg
,,,,,,
48,12,noisy_half_text[numeric] + half_diagram,OK,O,is_a,circle
48,12,noisy_half_text[numeric] + half_diagram,OK,A,is_a,point
48,12,noisy_half_text[numeric] + half_diagram,OK,B,is_a,point
48,12,noisy_half_text[numeric] + half_diagram,OK,C,is_a,point
48,12,noisy_half_text[numeric] + half_diagram,OK,O,center_of,circle
48,12,noisy_half_text[numeric] + half_diagram,OK,A,lies_on,circle
48,12,noisy_half_text[numeric] + half_diagram,OK,B,lies_on,circle
48,12,noisy_half_text[numeric] + half_diagram,OK,C,lies_on,circle
48,12,noisy_half_text[numeric] + half_diagram,OK,A,lies_on,arc
48,12,noisy_half_text[numeric] + half_diagram,OK,B,lies_on,arc
48,12,noisy_half_text[numeric] + half_diagram,OK,C,lies_on,arc
48,12,noisy_half_text[numeric] + half_diagram,OK,∠BOC,is_a,angle
48,12,noisy_half_text[numeric] + half_diagram,OK,∠BOC,has_measure,100_deg
,,,,,,
49,12,noisy_half_text[numeric] + half_diagram,OK,A,is_a,point
49,12,noisy_half_text[numeric] + half_diagram,OK,B,is_a,point
49,12,noisy_half_text[numeric] + half_diagram,OK,C,is_a,point
49,12,noisy_half_text[numeric] + half_diagram,OK,D,is_a,point
49,12,noisy_half_text[numeric] + half_diagram,OK,E,is_a,point
49,12,noisy_half_text[numeric] + half_diagram,OK,O,is_a,point
49,12,noisy_half_text[numeric] + half_diagram,OK,ABCDE,is_a,pentagon
49,12,noisy_half_text[numeric] + half_diagram,OK,O,center_of,circle
49,12,noisy_half_text[numeric] + half_diagram,OK,ABCDE,inscribed_in,circle
49,12,noisy_half_text[numeric] + half_diagram,OK,∠AED,is_a,angle
49,12,noisy_half_text[numeric] + half_diagram,OK,∠AED,has_measure,115_deg
49,12,noisy_half_text[numeric] + half_diagram,OK,∠BAO,is_a,angle
49,12,noisy_half_text[numeric] + half_diagram,OK,∠BAO,has_measure,30_deg
49,12,noisy_half_text[numeric] + half_diagram,OK,AB,is_a,segment
49,12,noisy_half_text[numeric] + half_diagram,OK,AC,is_a,segment
49,12,noisy_half_text[numeric] + half_diagram,OK,AD,is_a,segment
49,12,noisy_half_text[numeric] + half_diagram,OK,AE,is_a,segment
49,12,noisy_half_text[numeric] + half_diagram,OK,BC,is_a,segment
49,12,noisy_half_text[numeric] + half_diagram,OK,BD,is_a,segment
49,12,noisy_half_text[numeric] + half_diagram,OK,BE,is_a,segment
49,12,noisy_half_text[numeric] + half_diagram,OK,CD,is_a,segment
49,12,noisy_half_text[numeric] + half_diagram,OK,CE,is_a,segment
49,12,noisy_half_text[numeric] + half_diagram,OK,DE,is_a,segment
49,12,noisy_half_text[numeric] + half_diagram,OK,A,connects,B
49,12,noisy_half_text[numeric] + half_diagram,OK,A,connects,C
49,12,noisy_half_text[numeric] + half_diagram,OK,A,connects,D
49,12,noisy_half_text[numeric] + half_diagram,OK,A,connects,E
49,12,noisy_half_text[numeric] + half_diagram,OK,B,connects,C
49,12,noisy_half_text[numeric] + half_diagram,OK,B,connects,D
49,12,noisy_half_text[numeric] + half_diagram,OK,B,connects,E
49,12,noisy_half_text[numeric] + half_diagram,OK,C,connects,D
49,12,noisy_half_text[numeric] + half_diagram,OK,C,connects,E
49,12,noisy_half_text[numeric] + half_diagram,OK,D,connects,E
,,,,,,
50,12,noisy_half_text[numeric] + half_diagram,OK,A,is_a,point
50,12,noisy_half_text[numeric] + half_diagram,OK,B,is_a,point
50,12,noisy_half_text[numeric] + half_diagram,OK,C,is_a,point
50,12,noisy_half_text[numeric] + half_diagram,OK,D,is_a,point
50,12,noisy_half_text[numeric] + half_diagram,OK,E,is_a,point
50,12,noisy_half_text[numeric] + half_diagram,OK,O,is_a,point
50,12,noisy_half_text[numeric] + half_diagram,OK,AB,is_a,line
50,12,noisy_half_text[numeric] + half_diagram,OK,CD,is_a,line
50,12,noisy_half_text[numeric] + half_diagram,OK,EO,is_a,line
50,12,noisy_half_text[numeric] + half_diagram,OK,AB,intersects,CD
50,12,noisy_half_text[numeric] + half_diagram,OK,CD,intersects,AB
50,12,noisy_half_text[numeric] + half_diagram,OK,AB,intersects,O
50,12,noisy_half_text[numeric] + half_diagram,OK,CD,intersects,O
50,12,noisy_half_text[numeric] + half_diagram,OK,EO,intersects,AB
50,12,noisy_half_text[numeric] + half_diagram,OK,EO,intersects,O
50,12,noisy_half_text[numeric] + half_diagram,OK,EO,perpendicular_to,AB
50,12,noisy_half_text[numeric] + half_diagram,OK,∠EOB,is_a,angle
50,12,noisy_half_text[numeric] + half_diagram,OK,∠EOB,has_measure,50_deg
,,,,,,
53,12,noisy_half_text[numeric] + half_diagram,OK,a,is_a,line
53,12,noisy_half_text[numeric] + half_diagram,OK,b,is_a,line
53,12,noisy_half_text[numeric] + half_diagram,OK,c,is_a,line
53,12,noisy_half_text[numeric] + half_diagram,OK,a,parallel_to,b
53,12,noisy_half_text[numeric] + half_diagram,OK,c,intersects,a
53,12,noisy_half_text[numeric] + half_diagram,OK,c,intersects,b
53,12,noisy_half_text[numeric] + half_diagram,OK,P,is_a,point
53,12,noisy_half_text[numeric] + half_diagram,OK,Q,is_a,point
53,12,noisy_half_text[numeric] + half_diagram,OK,c,connects,P
53,12,noisy_half_text[numeric] + half_diagram,OK,c,connects,Q
53,12,noisy_half_text[numeric] + half_diagram,OK,a,intersects,P
53,12,noisy_half_text[numeric] + half_diagram,OK,b,intersects,Q
53,12,noisy_half_text[numeric] + half_diagram,OK,∠P,is_a,angle
53,12,noisy_half_text[numeric] + half_diagram,OK,∠P,has_measure,155_deg
53,12,noisy_half_text[numeric] + half_diagram,OK,∠Q,is_a,angle
53,12,noisy_half_text[numeric] + half_diagram,OK,∠Q,has_measure,2
,,,,,,
55,12,noisy_half_text[numeric] + half_diagram,OK,A,is_a,point
55,12,noisy_half_text[numeric] + half_diagram,OK,B,is_a,point)
55,12,noisy_half_text[numeric] + half_diagram,OK,C,is_a,point)
55,12,noisy_half_text[numeric] + half_diagram,OK,D,is_a,point)
55,12,noisy_half_text[numeric] + half_diagram,OK,O,is_a,point)
55,12,noisy_half_text[numeric] + half_diagram,OK,M,is_a,point)
55,12,noisy_half_text[numeric] + half_diagram,OK,AB,is_a,line)
55,12,noisy_half_text[numeric] + half_diagram,OK,CD,is_a,line)
55,12,noisy_half_text[numeric] + half_diagram,OK,OM,is_a,line)
55,12,noisy_half_text[numeric] + half_diagram,OK,ON,is_a,line)
55,12,noisy_half_text[numeric] + half_diagram,OK,∠AOC,is_a,angle)
55,12,noisy_half_text[numeric] + half_diagram,OK,∠CON,is_a,angle)
55,12,noisy_half_text[numeric] + half_diagram,OK,AB,intersects,CD)
55,12,noisy_half_text[numeric] + half_diagram,OK,OM,bisects,∠AOC)
55,12,noisy_half_text[numeric] + half_diagram,OK,ON,perpendicular_to,OM)
55,12,noisy_half_text[numeric] + half_diagram,OK,∠AOC,has_measure,70_deg)
,,,,,,
56,12,noisy_half_text[numeric] + half_diagram,OK,O,is_a,circle
56,12,noisy_half_text[numeric] + half_diagram,OK,CD,is_a,diameter
56,12,noisy_half_text[numeric] + half_diagram,OK,CD,lies_on,O
56,12,noisy_half_text[numeric] + half_diagram,OK,EF,is_a,chord
56,12,noisy_half_text[numeric] + half_diagram,OK,EF,lies_on,O
56,12,noisy_half_text[numeric] + half_diagram,OK,G,is_a,midpoint
56,12,noisy_half_text[numeric] + half_diagram,OK,CD,intersects,EF
56,12,noisy_half_text[numeric] + half_diagram,OK,CD,intersects,"EF, at, G"
56,12,noisy_half_text[numeric] + half_diagram,OK,O,center_of,O
56,12,noisy_half_text[numeric] + half_diagram,OK,CD,diameter_of,O
56,12,noisy_half_text[numeric] + half_diagram,OK,EF,is_a,horizontal
56,12,noisy_half_text[numeric] + half_diagram,OK,∠EOD,is_a,angle
56,12,noisy_half_text[numeric] + half_diagram,OK,∠COD,has_measure,20_deg
56,12,noisy_half_text[numeric] + half_diagram,OK,CD,connects,"C, D"
56,12,noisy_half_text[numeric] + half_diagram,OK,EF,connects,"E, F"
56,12,noisy_half_text[numeric] + half_diagram,OK,G,lies_on,CD
56,12,noisy_half_text[numeric] + half_diagram,OK,G,lies_on,EF
56,12,noisy_half_text[numeric] + half_diagram,OK,CD,perpendicular_to,EF
56,12,noisy_half_text[numeric] + half_diagram,OK,∠EOD,is_a,query_target
,,,,,,
57,12,noisy_half_text[numeric] + half_diagram,OK,A,is_a,point
57,12,noisy_half_text[numeric] + half_diagram,OK,B,is_a,point
57,12,noisy_half_text[numeric] + half_diagram,OK,C,is_a,point
57,12,noisy_half_text[numeric] + half_diagram,OK,D,is_a,point
57,12,noisy_half_text[numeric] + half_diagram,OK,AB,is_a,segment
57,12,noisy_half_text[numeric] + half_diagram,OK,CD,is_a,segment
57,12,noisy_half_text[numeric] + half_diagram,OK,AD,is_a,segment
57,12,noisy_half_text[numeric] + half_diagram,OK,BC,is_a,segment
57,12,noisy_half_text[numeric] + half_diagram,OK,AB,parallel_to,CD
57,12,noisy_half_text[numeric] + half_diagram,OK,AD,intersects,A
57,12,noisy_half_text[numeric] + half_diagram,OK,AD,intersects,D
57,12,noisy_half_text[numeric] + half_diagram,OK,BC,intersects,B
57,12,noisy_half_text[numeric] + half_diagram,OK,BC,intersects,C
57,12,noisy_half_text[numeric] + half_diagram,OK,∠B,has_measure,20_deg
57,12,noisy_half_text[numeric] + half_diagram,OK,?,is_a,angle
57,12,noisy_half_text[numeric] + half_diagram,OK,∠C,is_a,angle
,,,,,,
58,12,noisy_half_text[numeric] + half_diagram,OK,A,is_a,point
58,12,noisy_half_text[numeric] + half_diagram,OK,B,is_a,point
58,12,noisy_half_text[numeric] + half_diagram,OK,AB,is_a,segment
58,12,noisy_half_text[numeric] + half_diagram,OK,AB,is_a,line
58,12,noisy_half_text[numeric] + half_diagram,OK,C,is_a,point
58,12,noisy_half_text[numeric] + half_diagram,OK,D,is_a,point
58,12,noisy_half_text[numeric] + half_diagram,OK,CD,is_a,segment
58,12,noisy_half_text[numeric] + half_diagram,OK,CD,is_a,line
58,12,noisy_half_text[numeric] + half_diagram,OK,E,is_a,point
58,12,noisy_half_text[numeric] + half_diagram,OK,EC,is_a,segment
58,12,noisy_half_text[numeric] + half_diagram,OK,ED,is_a,segment
58,12,noisy_half_text[numeric] + half_diagram,OK,AB,parallel_to,CD
58,12,noisy_half_text[numeric] + half_diagram,OK,E,lies_on,AB
58,12,noisy_half_text[numeric] + half_diagram,OK,EC,intersects,CD
58,12,noisy_half_text[numeric] + half_diagram,OK,ED,intersects,CD
58,12,noisy_half_text[numeric] + half_diagram,OK,∠AEC,is_a,angle
58,12,noisy_half_text[numeric] + half_diagram,OK,∠AEC,has_measure,35_deg
58,12,noisy_half_text[numeric] + half_diagram,OK,∠CED,is_a,angle
58,12,noisy_half_text[numeric] + half_diagram,OK,∠CED,has_measure,90_deg
,,,,,,
59,12,noisy_half_text[numeric] + half_diagram,OK,A,is_a,point
59,12,noisy_half_text[numeric] + half_diagram,OK,B,is_a,point
59,12,noisy_half_text[numeric] + half_diagram,OK,C,is_a,point
59,12,noisy_half_text[numeric] + half_diagram,OK,D,is_a,point
59,12,noisy_half_text[numeric] + half_diagram,OK,AB,is_a,segment
59,12,noisy_half_text[numeric] + half_diagram,OK,CD,is_a,segment
59,12,noisy_half_text[numeric] + half_diagram,OK,AD,is_a,segment
59,12,noisy_half_text[numeric] + half_diagram,OK,∠ACD,is_a,angle
59,12,noisy_half_text[numeric] + half_diagram,OK,AB,parallel_to,CD
59,12,noisy_half_text[numeric] + half_diagram,OK,AD,bisects,∠BAC
59,12,noisy_half_text[numeric] + half_diagram,OK,∠ACD,has_measure,80_deg
,,,,,,
60,12,noisy_half_text[numeric] + half_diagram,OK,A,is_a,point
60,12,noisy_half_text[numeric] + half_diagram,OK,AB,parallel_to,CD
60,12,noisy_half_text[numeric] + half_diagram,OK,CD,intersects,EF
60,12,noisy_half_text[numeric] + half_diagram,OK,AB,intersects,EF
60,12,noisy_half_text[numeric] + half_diagram,OK,∠CEF,has_measure,135_deg
60,12,noisy_half_text[numeric] + half_diagram,OK,∠1,is_a,angle
60,12,noisy_half_text[numeric] + half_diagram,OK,∠2,is_a,angle
60,12,noisy_half_text[numeric] + half_diagram,OK,∠1,has_measure,?
60,12,noisy_half_text[numeric] + half_diagram,OK,∠2,has_measure,?
60,12,noisy_half_text[numeric] + half_diagram,OK,B,is_a,point)
60,12,noisy_half_text[numeric] + half_diagram,OK,C,is_a,point)
60,12,noisy_half_text[numeric] + half_diagram,OK,D,is_a,point)
60,12,noisy_half_text[numeric] + half_diagram,OK,E,is_a,point)
60,12,noisy_half_text[numeric] + half_diagram,OK,F,is_a,point)
60,12,noisy_half_text[numeric] + half_diagram,OK,P,is_a,point)
60,12,noisy_half_text[numeric] + half_diagram,OK,AB,is_a,segment)
60,12,noisy_half_text[numeric] + half_diagram,OK,CD,is_a,segment)
60,12,noisy_half_text[numeric] + half_diagram,OK,EF,is_a,segment)
,,,,,,
64,12,noisy_half_text[numeric] + half_diagram,OK,O,is_a,point
64,12,noisy_half_text[numeric] + half_diagram,OK,A,is_a,point
64,12,noisy_half_text[numeric] + half_diagram,OK,B,is_a,point
64,12,noisy_half_text[numeric] + half_diagram,OK,AB,is_a,segment
64,12,noisy_half_text[numeric] + half_diagram,OK,AB,connects,A
64,12,noisy_half_text[numeric] + half_diagram,OK,AB,connects,B
64,12,noisy_half_text[numeric] + half_diagram,OK,O,center_of,circle
64,12,noisy_half_text[numeric] + half_diagram,OK,AB,lies_on,circle
64,12,noisy_half_text[numeric] + half_diagram,OK,O,is_a,center
64,12,noisy_half_text[numeric] + half_diagram,OK,AB,has_measure,160.0
64,12,noisy_half_text[numeric] + half_diagram,OK,circle,radius_of,200
64,12,noisy_half_text[numeric] + half_diagram,OK,AB,is_a,chord
64,12,noisy_half_text[numeric] + half_diagram,OK,?,is_a,depth
64,12,noisy_half_text[numeric] + half_diagram,OK,?,is_a,maximum
,,,,,,
72,12,noisy_half_text[numeric] + half_diagram,OK,A,is_a,point
72,12,noisy_half_text[numeric] + half_diagram,OK,B,is_a,point
72,12,noisy_half_text[numeric] + half_diagram,OK,C,is_a,point
72,12,noisy_half_text[numeric] + half_diagram,OK,D,is_a,point
72,12,noisy_half_text[numeric] + half_diagram,OK,O,is_a,point
72,12,noisy_half_text[numeric] + half_diagram,OK,E,is_a,point
72,12,noisy_half_text[numeric] + half_diagram,OK,AB,is_a,segment
72,12,noisy_half_text[numeric] + half_diagram,OK,BC,is_a,segment
72,12,noisy_half_text[numeric] + half_diagram,OK,CD,is_a,segment
72,12,noisy_half_text[numeric] + half_diagram,OK,DA,is_a,segment
72,12,noisy_half_text[numeric] + half_diagram,OK,AC,is_a,segment
72,12,noisy_half_text[numeric] + half_diagram,OK,BD,is_a,segment
72,12,noisy_half_text[numeric] + half_diagram,OK,OE,is_a,segment
72,12,noisy_half_text[numeric] + half_diagram,OK,ABCD,is_a,parallelogram
72,12,noisy_half_text[numeric] + half_diagram,OK,O,center_of,ABCD
72,12,noisy_half_text[numeric] + half_diagram,OK,E,lies_on,AD
72,12,noisy_half_text[numeric] + half_diagram,OK,OE,perpendicular_to,AC
72,12,noisy_half_text[numeric] + half_diagram,OK,AB + BC + CD + DA,has_measure,16_units
,,,,,,
73,12,noisy_half_text[numeric] + half_diagram,OK,A,is_a,point
73,12,noisy_half_text[numeric] + half_diagram,OK,B,is_a,point
73,12,noisy_half_text[numeric] + half_diagram,OK,C,is_a,point
73,12,noisy_half_text[numeric] + half_diagram,OK,O,is_a,point
73,12,noisy_half_text[numeric] + half_diagram,OK,ABC,is_a,triangle
73,12,noisy_half_text[numeric] + half_diagram,OK,O,is_a,circle
73,12,noisy_half_text[numeric] + half_diagram,OK,ABC,lies_on,O
73,12,noisy_half_text[numeric] + half_diagram,OK,∠ABC,is_a,angle
73,12,noisy_half_text[numeric] + half_diagram,OK,∠ABC,has_measure,70_deg
73,12,noisy_half_text[numeric] + half_diagram,OK,O,center_of,O
73,12,noisy_half_text[numeric] + half_diagram,OK,A,lies_on,O
73,12,noisy_half_text[numeric] + half_diagram,OK,B,lies_on,O
73,12,noisy_half_text[numeric] + half_diagram,OK,C,lies_on,O
73,12,noisy_half_text[numeric] + half_diagram,OK,AB,is_a,segment
73,12,noisy_half_text[numeric] + half_diagram,OK,BC,is_a,segment
73,12,noisy_half_text[numeric] + half_diagram,OK,AC,is_a,segment
73,12,noisy_half_text[numeric] + half_diagram,OK,∠AOB,is_a,angle
73,12,noisy_half_text[numeric] + half_diagram,OK,∠AOB,has_measure,?
73,12,noisy_half_text[numeric] + half_diagram,OK,∠BOC,is_a,angle
73,12,noisy_half_text[numeric] + half_diagram,OK,∠BOC,has_measure,?
73,12,noisy_half_text[numeric] + half_diagram,OK,∠AOC,is_a,angle
73,12,noisy_half_text[numeric] + half_diagram,OK,∠AOC,has_measure,?
,,,,,,
78,12,noisy_half_text[numeric] + half_diagram,OK,A,is_a,point
78,12,noisy_half_text[numeric] + half_diagram,OK,B,is_a,point
78,12,noisy_half_text[numeric] + half_diagram,OK,C,is_a,point
78,12,noisy_half_text[numeric] + half_diagram,OK,D,is_a,point
78,12,noisy_half_text[numeric] + half_diagram,OK,E,is_a,point
78,12,noisy_half_text[numeric] + half_diagram,OK,AB,is_a,segment
78,12,noisy_half_text[numeric] + half_diagram,OK,CD,is_a,segment
78,12,noisy_half_text[numeric] + half_diagram,OK,AE,is_a,segment
78,12,noisy_half_text[numeric] + half_diagram,OK,AB,parallel_to,CD
78,12,noisy_half_text[numeric] + half_diagram,OK,AE,bisects,∠CAB
78,12,noisy_half_text[numeric] + half_diagram,OK,E,lies_on,CD
78,12,noisy_half_text[numeric] + half_diagram,OK,?,is_a,angle
78,12,noisy_half_text[numeric] + half_diagram,OK,?,has_measure,?
,,,,,,
79,12,noisy_half_text[numeric] + half_diagram,OK,A,is_a,point
79,12,noisy_half_text[numeric] + half_diagram,OK,B,is_a,point
79,12,noisy_half_text[numeric] + half_diagram,OK,C,is_a,point
79,12,noisy_half_text[numeric] + half_diagram,OK,D,is_a,point
79,12,noisy_half_text[numeric] + half_diagram,OK,O,is_a,point
79,12,noisy_half_text[numeric] + half_diagram,OK,E,is_a,point
79,12,noisy_half_text[numeric] + half_diagram,OK,AB,is_a,segment
79,12,noisy_half_text[numeric] + half_diagram,OK,BC,is_a,segment
79,12,noisy_half_text[numeric] + half_diagram,OK,CD,is_a,segment
79,12,noisy_half_text[numeric] + half_diagram,OK,DA,is_a,segment
79,12,noisy_half_text[numeric] + half_diagram,OK,AC,is_a,segment
79,12,noisy_half_text[numeric] + half_diagram,OK,BD,is_a,segment
79,12,noisy_half_text[numeric] + half_diagram,OK,ABCD,is_a,parallelogram
79,12,noisy_half_text[numeric] + half_diagram,OK,AC,intersects,BD
79,12,noisy_half_text[numeric] + half_diagram,OK,O,is_a,intersection_point
79,12,noisy_half_text[numeric] + half_diagram,OK,O,lies_on,AC
79,12,noisy_half_text[numeric] + half_diagram,OK,O,lies_on,BD
79,12,noisy_half_text[numeric] + half_diagram,OK,AD,is_a,segment
79,12,noisy_half_text[numeric] + half_diagram,OK,E,lies_on,AD
79,12,noisy_half_text[numeric] + half_diagram,OK,O,perpendicular_to,AC
79,12,noisy_half_text[numeric] + half_diagram,OK,AB + BC + CD + DA,has_measure,32_units
79,12,noisy_half_text[numeric] + half_diagram,OK,perimeter_of,triangle,DCE
,,,,,,
81,12,noisy_half_text[numeric] + half_diagram,OK,A,is_a,point
81,12,noisy_half_text[numeric] + half_diagram,OK,B,is_a,point
81,12,noisy_half_text[numeric] + half_diagram,OK,C,is_a,point
81,12,noisy_half_text[numeric] + half_diagram,OK,D,is_a,point
81,12,noisy_half_text[numeric] + half_diagram,OK,E,is_a,point
81,12,noisy_half_text[numeric] + half_diagram,OK,ABC,is_a,triangle
81,12,noisy_half_text[numeric] + half_diagram,OK,AD,is_a,segment
81,12,noisy_half_text[numeric] + half_diagram,OK,AE,is_a,segment
81,12,noisy_half_text[numeric] + half_diagram,OK,∠BAC,is_a,angle
81,12,noisy_half_text[numeric] + half_diagram,OK,∠DAC,is_a,angle
81,12,noisy_half_text[numeric] + half_diagram,OK,∠DAE,is_a,angle
81,12,noisy_half_text[numeric] + half_diagram,OK,BC,is_a,segment
81,12,noisy_half_text[numeric] + half_diagram,OK,DC,is_a,segment
81,12,noisy_half_text[numeric] + half_diagram,OK,A,connects,B
81,12,noisy_half_text[numeric] + half_diagram,OK,A,connects,C
81,12,noisy_half_text[numeric] + half_diagram,OK,B,connects,C
81,12,noisy_half_text[numeric] + half_diagram,OK,A,connects,D
81,12,noisy_half_text[numeric] + half_diagram,OK,D,lies_on,BC
81,12,noisy_half_text[numeric] + half_diagram,OK,A,connects,E
81,12,noisy_half_text[numeric] + half_diagram,OK,E,lies_on,DC
81,12,noisy_half_text[numeric] + half_diagram,OK,∠BAC,has_measure,90_deg
81,12,noisy_half_text[numeric] + half_diagram,OK,AD,perpendicular_to,BC
81,12,noisy_half_text[numeric] + half_diagram,OK,AE,bisects,∠DAC
81,12,noisy_half_text[numeric] + half_diagram,OK,∠B,has_measure,50_deg
,,,,,,
84,12,noisy_half_text[numeric] + half_diagram,OK,A,is_a,point
84,12,noisy_half_text[numeric] + half_diagram,OK,B,is_a,point)
84,12,noisy_half_text[numeric] + half_diagram,OK,C,is_a,point)
84,12,noisy_half_text[numeric] + half_diagram,OK,O,is_a,point)
84,12,noisy_half_text[numeric] + half_diagram,OK,O,center_of,circle)
84,12,noisy_half_text[numeric] + half_diagram,OK,A,lies_on,circle)
84,12,noisy_half_text[numeric] + half_diagram,OK,B,lies_on,circle)
84,12,noisy_half_text[numeric] + half_diagram,OK,C,lies_on,circle)
84,12,noisy_half_text[numeric] + half_diagram,OK,ABC,is_a,triangle)
84,12,noisy_half_text[numeric] + half_diagram,OK,AB,connects,A)
84,12,noisy_half_text[numeric] + half_diagram,OK,AB,connects,B)
84,12,noisy_half_text[numeric] + half_diagram,OK,BC,connects,B)
84,12,noisy_half_text[numeric] + half_diagram,OK,BC,connects,C)
84,12,noisy_half_text[numeric] + half_diagram,OK,CA,connects,C)
84,12,noisy_half_text[numeric] + half_diagram,OK,CA,connects,A)
84,12,noisy_half_text[numeric] + half_diagram,OK,∠BAC,is_a,angle)
84,12,noisy_half_text[numeric] + half_diagram,OK,∠BAC,has_measure,60_deg)
84,12,noisy_half_text[numeric] + half_diagram,OK,?,is_a,?)
,,,,,,
86,12,noisy_half_text[numeric] + half_diagram,OK,A,is_a,point
86,12,noisy_half_text[numeric] + half_diagram,OK,ABC,is_a,triangle
86,12,noisy_half_text[numeric] + half_diagram,OK,ABC,lies_on,O
86,12,noisy_half_text[numeric] + half_diagram,OK,∠BAC,is_a,angle
86,12,noisy_half_text[numeric] + half_diagram,OK,∠BAC,has_measure,60_deg
86,12,noisy_half_text[numeric] + half_diagram,OK,O,center_of,O
86,12,noisy_half_text[numeric] + half_diagram,OK,A,lies_on,O
86,12,noisy_half_text[numeric] + half_diagram,OK,B,lies_on,O
86,12,noisy_half_text[numeric] + half_diagram,OK,C,lies_on,O
86,12,noisy_half_text[numeric] + half_diagram,OK,AB,is_a,segment
86,12,noisy_half_text[numeric] + half_diagram,OK,AC,is_a,segment
86,12,noisy_half_text[numeric] + half_diagram,OK,BC,is_a,segment
86,12,noisy_half_text[numeric] + half_diagram,OK,OB,is_a,segment
86,12,noisy_half_text[numeric] + half_diagram,OK,OC,is_a,segment
86,12,noisy_half_text[numeric] + half_diagram,OK,OB,perpendicular_to,BC
86,12,noisy_half_text[numeric] + half_diagram,OK,∠BOC,is_a,angle
86,12,noisy_half_text[numeric] + half_diagram,OK,∠BOC,has_measure,2 * ∠BAC
86,12,noisy_half_text[numeric] + half_diagram,OK,B,is_a,point)
86,12,noisy_half_text[numeric] + half_diagram,OK,C,is_a,point)
86,12,noisy_half_text[numeric] + half_diagram,OK,O,is_a,point)
86,12,noisy_half_text[numeric] + half_diagram,OK,O,is_a,circle)
,,,,,,
88,12,noisy_half_text[numeric] + half_diagram,OK,A,is_a,point
88,12,noisy_half_text[numeric] + half_diagram,OK,B,is_a,point
88,12,noisy_half_text[numeric] + half_diagram,OK,C,is_a,point
88,12,noisy_half_text[numeric] + half_diagram,OK,O,is_a,point
88,12,noisy_half_text[numeric] + half_diagram,OK,A,lies_on,circle_O
88,12,noisy_half_text[numeric] + half_diagram,OK,B,lies_on,circle_O
88,12,noisy_half_text[numeric] + half_diagram,OK,C,lies_on,circle_O
88,12,noisy_half_text[numeric] + half_diagram,OK,O,center_of,circle_O
88,12,noisy_half_text[numeric] + half_diagram,OK,∠ACO,is_a,angle
88,12,noisy_half_text[numeric] + half_diagram,OK,∠ACO,has_measure,42_deg
88,12,noisy_half_text[numeric] + half_diagram,OK,∠ABO,is_a,angle
88,12,noisy_half_text[numeric] + half_diagram,OK,∠ABO,has_measure,22_deg
88,12,noisy_half_text[numeric] + half_diagram,OK,∠BOC,is_a,angle
88,12,noisy_half_text[numeric] + half_diagram,OK,∠BOC,has_measure,?
88,12,noisy_half_text[numeric] + half_diagram,OK,AB,is_a,segment
88,12,noisy_half_text[numeric] + half_diagram,OK,BC,is_a,segment
88,12,noisy_half_text[numeric] + half_diagram,OK,CA,is_a,segment
88,12,noisy_half_text[numeric] + half_diagram,OK,OA,is_a,segment
88,12,noisy_half_text[numeric] + half_diagram,OK,OB,is_a,segment
88,12,noisy_half_text[numeric] + half_diagram,OK,OC,is_a,segment
88,12,noisy_half_text[numeric] + half_diagram,OK,OA,radius_of,circle_O
88,12,noisy_half_text[numeric] + half_diagram,OK,OB,radius_of,circle_O
88,12,noisy_half_text[numeric] + half_diagram,OK,OC,radius_of,circle_O
88,12,noisy_half_text[numeric] + half_diagram,OK,ABC,is_a,triangle
88,12,noisy_half_text[numeric] + half_diagram,OK,AB,connects,A
88,12,noisy_half_text[numeric] + half_diagram,OK,AB,connects,B
88,12,noisy_half_text[numeric] + half_diagram,OK,BC,connects,B
88,12,noisy_half_text[numeric] + half_diagram,OK,BC,connects,C
88,12,noisy_half_text[numeric] + half_diagram,OK,CA,connects,C
88,12,noisy_half_text[numeric] + half_diagram,OK,CA,connects,A
88,12,noisy_half_text[numeric] + half_diagram,OK,OA,connects,O
88,12,noisy_half_text[numeric] + half_diagram,OK,OA,connects,A
88,12,noisy_half_text[numeric] + half_diagram,OK,OB,connects,O
88,12,noisy_half_text[numeric] + half_diagram,OK,OB,connects,B
88,12,noisy_half_text[numeric] + half_diagram,OK,OC,connects,O
88,12,noisy_half_text[numeric] + half_diagram,OK,OC,connects,C
,,,,,,
95,12,noisy_half_text[numeric] + half_diagram,OK,O,is_a,point
95,12,noisy_half_text[numeric] + half_diagram,OK,O,center_of,circle
95,12,noisy_half_text[numeric] + half_diagram,OK,BC,is_a,chord
95,12,noisy_half_text[numeric] + half_diagram,OK,OA,is_a,radius
95,12,noisy_half_text[numeric] + half_diagram,OK,BC,intersects,OA
95,12,noisy_half_text[numeric] + half_diagram,OK,BC,intersects,"OA, at, D"
95,12,noisy_half_text[numeric] + half_diagram,OK,AB,is_a,segment
95,12,noisy_half_text[numeric] + half_diagram,OK,OC,is_a,segment
95,12,noisy_half_text[numeric] + half_diagram,OK,AB,connects,"B, A"
95,12,noisy_half_text[numeric] + half_diagram,OK,OC,connects,"O, C"
95,12,noisy_half_text[numeric] + half_diagram,OK,∠ADC,is_a,angle
95,12,noisy_half_text[numeric] + half_diagram,OK,∠ADC,has_measure,90_deg
95,12,noisy_half_text[numeric] + half_diagram,OK,?,is_a,angle
95,12,noisy_half_text[numeric] + half_diagram,OK,?,is_a,"angle, of, C"
,,,,,,
99,12,noisy_half_text[numeric] + half_diagram,OK,A,is_a,point
99,12,noisy_half_text[numeric] + half_diagram,OK,B,is_a,point
99,12,noisy_half_text[numeric] + half_diagram,OK,C,is_a,point
99,12,noisy_half_text[numeric] + half_diagram,OK,D,is_a,point
99,12,noisy_half_text[numeric] + half_diagram,OK,AB,is_a,segment
99,12,noisy_half_text[numeric] + half_diagram,OK,CD,is_a,segment
99,12,noisy_half_text[numeric] + half_diagram,OK,O,is_a,circle
99,12,noisy_half_text[numeric] + half_diagram,OK,AB,lies_on,O
99,12,noisy_half_text[numeric] + half_diagram,OK,CD,lies_on,O
99,12,noisy_half_text[numeric] + half_diagram,OK,AB,is_a,diameter
99,12,noisy_half_text[numeric] + half_diagram,OK,CD,is_a,chord
99,12,noisy_half_text[numeric] + half_diagram,OK,∠CAD,is_a,angle
99,12,noisy_half_text[numeric] + half_diagram,OK,∠CAD,has_measure,26_deg
99,12,noisy_half_text[numeric] + half_diagram,OK,∠CAB,is_a,angle
99,12,noisy_half_text[numeric] + half_diagram,OK,∠CAB,has_measure,?
,,,,,,
108,12,noisy_half_text[numeric] + half_diagram,OK,A,is_a,point
108,12,noisy_half_text[numeric] + half_diagram,OK,B,is_a,point
108,12,noisy_half_text[numeric] + half_diagram,OK,C,is_a,point
108,12,noisy_half_text[numeric] + half_diagram,OK,D,is_a,point
108,12,noisy_half_text[numeric] + half_diagram,OK,O,is_a,point
108,12,noisy_half_text[numeric] + half_diagram,OK,AB,is_a,segment
108,12,noisy_half_text[numeric] + half_diagram,OK,CD,is_a,segment
108,12,noisy_half_text[numeric] + half_diagram,OK,O,center_of,arch
108,12,noisy_half_text[numeric] + half_diagram,OK,arch,is_a,circular
108,12,noisy_half_text[numeric] + half_diagram,OK,CD,has_measure,8.0_units
108,12,noisy_half_text[numeric] + half_diagram,OK,AB,has_measure,?
108,12,noisy_half_text[numeric] + half_diagram,OK,CD,connects,"C, D"
108,12,noisy_half_text[numeric] + half_diagram,OK,AB,connects,"A, B"
108,12,noisy_half_text[numeric] + half_diagram,OK,C,lies_on,arch
108,12,noisy_half_text[numeric] + half_diagram,OK,D,lies_on,arch
108,12,noisy_half_text[numeric] + half_diagram,OK,A,lies_on,arch
108,12,noisy_half_text[numeric] + half_diagram,OK,B,lies_on,arch
108,12,noisy_half_text[numeric] + half_diagram,OK,O,lies_on,arch
108,12,noisy_half_text[numeric] + half_diagram,OK,AB,parallel_to,CD
,,,,,,
109,12,noisy_half_text[numeric] + half_diagram,OK,DE,is_a,segment
109,12,noisy_half_text[numeric] + half_diagram,OK,DE,intersects,AB
109,12,noisy_half_text[numeric] + half_diagram,OK,DE,intersects,BC
109,12,noisy_half_text[numeric] + half_diagram,OK,ABC,is_a,triangle
109,12,noisy_half_text[numeric] + half_diagram,OK,ABC,has_measure,130_deg
109,12,noisy_half_text[numeric] + half_diagram,OK,ADB,is_a,angle
109,12,noisy_half_text[numeric] + half_diagram,OK,BEC,is_a,angle
,,,,,,
112,12,noisy_half_text[numeric] + half_diagram,OK,A,is_a,point
112,12,noisy_half_text[numeric] + half_diagram,OK,B,is_a,point
112,12,noisy_half_text[numeric] + half_diagram,OK,O,is_a,point
112,12,noisy_half_text[numeric] + half_diagram,OK,AO,is_a,segment
112,12,noisy_half_text[numeric] + half_diagram,OK,AB,is_a,segment
112,12,noisy_half_text[numeric] + half_diagram,OK,AO,connects,A
112,12,noisy_half_text[numeric] + half_diagram,OK,AO,connects,O
112,12,noisy_half_text[numeric] + half_diagram,OK,AB,connects,A
112,12,noisy_half_text[numeric] + half_diagram,OK,AB,connects,B
112,12,noisy_half_text[numeric] + half_diagram,OK,AO,is_a,height
112,12,noisy_half_text[numeric] + half_diagram,OK,AB,is_a,slant_height
112,12,noisy_half_text[numeric] + half_diagram,OK,AB,has_measure,2.5
112,12,noisy_half_text[numeric] + half_diagram,OK,O,is_a,center
112,12,noisy_half_text[numeric] + half_diagram,OK,AO,has_measure,?
,,,,,,
114,12,noisy_half_text[numeric] + half_diagram,OK,B,is_a,point
114,12,noisy_half_text[numeric] + half_diagram,OK,O,is_a,point
114,12,noisy_half_text[numeric] + half_diagram,OK,A,is_a,point
114,12,noisy_half_text[numeric] + half_diagram,OK,OA,is_a,segment
114,12,noisy_half_text[numeric] + half_diagram,OK,OB,is_a,segment
114,12,noisy_half_text[numeric] + half_diagram,OK,OAB,is_a,sector
114,12,noisy_half_text[numeric] + half_diagram,OK,OA,is_a,diameter
114,12,noisy_half_text[numeric] + half_diagram,OK,OB,is_a,diameter
114,12,noisy_half_text[numeric] + half_diagram,OK,OAB,has_measure,90_deg
114,12,noisy_half_text[numeric] + half_diagram,OK,OA,has_measure,1.0
114,12,noisy_half_text[numeric] + half_diagram,OK,OB,has_measure,1.0
114,12,noisy_half_text[numeric] + half_diagram,OK,shaded_part,is_a,area
114,12,noisy_half_text[numeric] + half_diagram,OK,shaded_part,has_measure,?
114,12,noisy_half_text[numeric] + half_diagram,OK,shaded_part,lies_on,OAB
,,,,,,
115,12,noisy_half_text[numeric] + half_diagram,OK,A,is_a,point
115,12,noisy_half_text[numeric] + half_diagram,OK,B,is_a,point
115,12,noisy_half_text[numeric] + half_diagram,OK,AB,is_a,segment
115,12,noisy_half_text[numeric] + half_diagram,OK,AB,has_measure,6_units
115,12,noisy_half_text[numeric] + half_diagram,OK,sector,is_a,shape
115,12,noisy_half_text[numeric] + half_diagram,OK,sector,has_measure,120_deg
115,12,noisy_half_text[numeric] + half_diagram,OK,conical_cap,is_a,shape
115,12,noisy_half_text[numeric] + half_diagram,OK,perimeter,is_a,property
115,12,noisy_half_text[numeric] + half_diagram,OK,perimeter,has_measure,?
115,12,noisy_half_text[numeric] + half_diagram,OK,sector,mapped_to,conical_cap
115,12,noisy_half_text[numeric] + half_diagram,OK,perimeter,lies_on,conical_cap
,,,,,,
117,12,noisy_half_text[numeric] + half_diagram,OK,sector,is_a,shape
117,12,noisy_half_text[numeric] + half_diagram,OK,sector,has_measure,120_deg
117,12,noisy_half_text[numeric] + half_diagram,OK,sector,is_a,piece_of_paper
117,12,noisy_half_text[numeric] + half_diagram,OK,cone,is_a,shape
117,12,noisy_half_text[numeric] + half_diagram,OK,cone,is_a,bottomless_paper_cap
117,12,noisy_half_text[numeric] + half_diagram,OK,cone,has_measure,3_units
117,12,noisy_half_text[numeric] + half_diagram,OK,question,is_a,query
117,12,noisy_half_text[numeric] + half_diagram,OK,question,relates_to,height
117,12,noisy_half_text[numeric] + half_diagram,OK,question,relates_to,cone
,,,,,,
119,12,noisy_half_text[numeric] + half_diagram,OK,Area,is_a,area
119,12,noisy_half_text[numeric] + half_diagram,OK,Area,has_measure,?
119,12,noisy_half_text[numeric] + half_diagram,OK,24,is_a,number
119,12,noisy_half_text[numeric] + half_diagram,OK,10.0,is_a,number
119,12,noisy_half_text[numeric] + half_diagram,OK,radius,is_a,radius
119,12,noisy_half_text[numeric] + half_diagram,OK,radius,has_measure,10.0
119,12,noisy_half_text[numeric] + half_diagram,OK,cone,is_a,cone
119,12,noisy_half_text[numeric] + half_diagram,OK,cone,center_of,O
119,12,noisy_half_text[numeric] + half_diagram,OK,sector,is_a,sector
119,12,noisy_half_text[numeric] + half_diagram,OK,sector,has_measure,?
119,12,noisy_half_text[numeric] + half_diagram,OK,sector,mapped_to,cone
119,12,noisy_half_text[numeric] + half_diagram,OK,cardboard,is_a,cardboard
119,12,noisy_half_text[numeric] + half_diagram,OK,cardboard,mapped_to,cone
119,12,noisy_half_text[numeric] + half_diagram,OK,hat,is_a,hat
119,12,noisy_half_text[numeric] + half_diagram,OK,hat,mapped_to,cone
119,12,noisy_half_text[numeric] + half_diagram,OK,ID,is_a,ID
119,12,noisy_half_text[numeric] + half_diagram,OK,ID,has_measure,171
119,12,noisy_half_text[numeric] + half_diagram,OK,ID,mapped_to,hat
119,12,noisy_half_text[numeric] + half_diagram,OK,question,is_a,question
119,12,noisy_half_text[numeric] + half_diagram,OK,question,has_measure,?
119,12,noisy_half_text[numeric] + half_diagram,OK,question,mapped_to,area
119,12,noisy_half_text[numeric] + half_diagram,OK,area,is_a,area
119,12,noisy_half_text[numeric] + half_diagram,OK,area,has_measure,?
,,,,,,
120,12,noisy_half_text[numeric] + half_diagram,OK,A,is_a,point
120,12,noisy_half_text[numeric] + half_diagram,OK,B,is_a,point
120,12,noisy_half_text[numeric] + half_diagram,OK,C,is_a,point
120,12,noisy_half_text[numeric] + half_diagram,OK,AB,is_a,segment
120,12,noisy_half_text[numeric] + half_diagram,OK,AC,is_a,segment
120,12,noisy_half_text[numeric] + half_diagram,OK,BC,is_a,segment
120,12,noisy_half_text[numeric] + half_diagram,OK,ABC,is_a,triangle
120,12,noisy_half_text[numeric] + half_diagram,OK,ABC,has_measure,5.0
120,12,noisy_half_text[numeric] + half_diagram,OK,BC,has_measure,4
120,12,noisy_half_text[numeric] + half_diagram,OK,Area,is_a,query_target
,,,,,,
123,12,noisy_half_text[numeric] + half_diagram,OK,A,is_a,point
123,12,noisy_half_text[numeric] + half_diagram,OK,B,is_a,point
123,12,noisy_half_text[numeric] + half_diagram,OK,C,is_a,point
123,12,noisy_half_text[numeric] + half_diagram,OK,AC,is_a,segment
123,12,noisy_half_text[numeric] + half_diagram,OK,BC,is_a,segment
123,12,noisy_half_text[numeric] + half_diagram,OK,AB,is_a,segment
123,12,noisy_half_text[numeric] + half_diagram,OK,∠ACB,is_a,angle
123,12,noisy_half_text[numeric] + half_diagram,OK,∠ACB,has_measure,90_deg
123,12,noisy_half_text[numeric] + half_diagram,OK,AC,has_measure,4_units
123,12,noisy_half_text[numeric] + half_diagram,OK,BC,has_measure,3_units
123,12,noisy_half_text[numeric] + half_diagram,OK,ABC,is_a,triangle
123,12,noisy_half_text[numeric] + half_diagram,OK,ABC,is_a,right_triangle
123,12,noisy_half_text[numeric] + half_diagram,OK,Lateral Surface Area,is_a,query_target
,,,,,,
128,12,noisy_half_text[numeric] + half_diagram,OK,O,is_a,point
128,12,noisy_half_text[numeric] + half_diagram,OK,A,is_a,point
128,12,noisy_half_text[numeric] + half_diagram,OK,B,is_a,point
128,12,noisy_half_text[numeric] + half_diagram,OK,OA,is_a,segment
128,12,noisy_half_text[numeric] + half_diagram,OK,OB,is_a,segment
128,12,noisy_half_text[numeric] + half_diagram,OK,OA,has_measure,6_units
128,12,noisy_half_text[numeric] + half_diagram,OK,∠AOB,is_a,angle
128,12,noisy_half_text[numeric] + half_diagram,OK,∠AOB,has_measure,120_deg
128,12,noisy_half_text[numeric] + half_diagram,OK,OA,connects,A
128,12,noisy_half_text[numeric] + half_diagram,OK,OA,connects,O
128,12,noisy_half_text[numeric] + half_diagram,OK,OB,connects,B
128,12,noisy_half_text[numeric] + half_diagram,OK,OB,connects,O
128,12,noisy_half_text[numeric] + half_diagram,OK,A,connects,O
128,12,noisy_half_text[numeric] + half_diagram,OK,A,connects,B
128,12,noisy_half_text[numeric] + half_diagram,OK,B,connects,O
128,12,noisy_half_text[numeric] + half_diagram,OK,?,is_a,diameter
128,12,noisy_half_text[numeric] + half_diagram,OK,?,connects,A
128,12,noisy_half_text[numeric] + half_diagram,OK,?,connects,B
,,,,,,
132,12,noisy_half_text[numeric] + half_diagram,OK,A,is_a,point
132,12,noisy_half_text[numeric] + half_diagram,OK,B,is_a,point
132,12,noisy_half_text[numeric] + half_diagram,OK,C,is_a,point
132,12,noisy_half_text[numeric] + half_diagram,OK,D,is_a,point
132,12,noisy_half_text[numeric] + half_diagram,OK,E,is_a,point
132,12,noisy_half_text[numeric] + half_diagram,OK,F,is_a,point
132,12,noisy_half_text[numeric] + half_diagram,OK,G,is_a,point
132,12,noisy_half_text[numeric] + half_diagram,OK,AB,is_a,segment
132,12,noisy_half_text[numeric] + half_diagram,OK,BC,is_a,segment
132,12,noisy_half_text[numeric] + half_diagram,OK,DE,is_a,segment
132,12,noisy_half_text[numeric] + half_diagram,OK,GE,is_a,segment
132,12,noisy_half_text[numeric] + half_diagram,OK,EF,is_a,segment
132,12,noisy_half_text[numeric] + half_diagram,OK,A,lies_on,AB
132,12,noisy_half_text[numeric] + half_diagram,OK,B,lies_on,AB
132,12,noisy_half_text[numeric] + half_diagram,OK,C,lies_on,AB
132,12,noisy_half_text[numeric] + half_diagram,OK,A,B,"C, collinear_with"
132,12,noisy_half_text[numeric] + half_diagram,OK,DE,has_measure,0.6
132,12,noisy_half_text[numeric] + half_diagram,OK,BC,has_measure,0.6
132,12,noisy_half_text[numeric] + half_diagram,OK,GE,has_measure,2.0
132,12,noisy_half_text[numeric] + half_diagram,OK,EF,has_measure,1.6
132,12,noisy_half_text[numeric] + half_diagram,OK,AB,has_measure,?
,,,,,,
133,12,noisy_half_text[numeric] + half_diagram,OK,P,is_a,point
133,12,noisy_half_text[numeric] + half_diagram,OK,Q,is_a,point
133,12,noisy_half_text[numeric] + half_diagram,OK,S,is_a,point
133,12,noisy_half_text[numeric] + half_diagram,OK,T,is_a,point
133,12,noisy_half_text[numeric] + half_diagram,OK,R,is_a,point
133,12,noisy_half_text[numeric] + half_diagram,OK,PQ,is_a,segment
133,12,noisy_half_text[numeric] + half_diagram,OK,QS,is_a,segment
133,12,noisy_half_text[numeric] + half_diagram,OK,QR,is_a,segment
133,12,noisy_half_text[numeric] + half_diagram,OK,ST,is_a,segment
133,12,noisy_half_text[numeric] + half_diagram,OK,QS,has_measure,60.0_m
133,12,noisy_half_text[numeric] + half_diagram,OK,QR,has_measure,80.0_m
133,12,noisy_half_text[numeric] + half_diagram,OK,ST,has_measure,120.0_m
133,12,noisy_half_text[numeric] + half_diagram,OK,PS,is_a,segment
133,12,noisy_half_text[numeric] + half_diagram,OK,PS,perpendicular_to,river
133,12,noisy_half_text[numeric] + half_diagram,OK,?,is_a,angle
,,,,,,
149,12,noisy_half_text[numeric] + half_diagram,OK,A,is_a,point
149,12,noisy_half_text[numeric] + half_diagram,OK,B,is_a,point
149,12,noisy_half_text[numeric] + half_diagram,OK,C,is_a,point
149,12,noisy_half_text[numeric] + half_diagram,OK,D,is_a,point
149,12,noisy_half_text[numeric] + half_diagram,OK,E,is_a,point
149,12,noisy_half_text[numeric] + half_diagram,OK,CD,is_a,segment
149,12,noisy_half_text[numeric] + half_diagram,OK,AC,is_a,segment
149,12,noisy_half_text[numeric] + half_diagram,OK,BD,is_a,segment
149,12,noisy_half_text[numeric] + half_diagram,OK,ED,is_a,segment
149,12,noisy_half_text[numeric] + half_diagram,OK,CD,is_a,plane_mirror
149,12,noisy_half_text[numeric] + half_diagram,OK,AC,perpendicular_to,CD
149,12,noisy_half_text[numeric] + half_diagram,OK,BD,perpendicular_to,CD
149,12,noisy_half_text[numeric] + half_diagram,OK,AC,has_measure,3.0
149,12,noisy_half_text[numeric] + half_diagram,OK,CD,has_measure,10.0
149,12,noisy_half_text[numeric] + half_diagram,OK,BD,has_measure,6
149,12,noisy_half_text[numeric] + half_diagram,OK,ED,is_a,query_target
,,,,,,
150,12,noisy_half_text[numeric] + half_diagram,OK,A,is_a,point
150,12,noisy_half_text[numeric] + half_diagram,OK,B,is_a,point)
150,12,noisy_half_text[numeric] + half_diagram,OK,C,is_a,point)
150,12,noisy_half_text[numeric] + half_diagram,OK,D,is_a,point)
150,12,noisy_half_text[numeric] + half_diagram,OK,E,is_a,point)
150,12,noisy_half_text[numeric] + half_diagram,OK,A,lies_on,AC)
150,12,noisy_half_text[numeric] + half_diagram,OK,B,lies_on,AC)
150,12,noisy_half_text[numeric] + half_diagram,OK,C,lies_on,AC)
150,12,noisy_half_text[numeric] + half_diagram,OK,A,lies_on,AB)
150,12,noisy_half_text[numeric] + half_diagram,OK,B,lies_on,AB)
150,12,noisy_half_text[numeric] + half_diagram,OK,A,lies_on,AD)
150,12,noisy_half_text[numeric] + half_diagram,OK,D,lies_on,AD)
150,12,noisy_half_text[numeric] + half_diagram,OK,C,lies_on,CE)
150,12,noisy_half_text[numeric] + half_diagram,OK,E,lies_on,CE)
150,12,noisy_half_text[numeric] + half_diagram,OK,B,lies_on,BD)
150,12,noisy_half_text[numeric] + half_diagram,OK,D,lies_on,BD)
150,12,noisy_half_text[numeric] + half_diagram,OK,AC,is_a,segment)
150,12,noisy_half_text[numeric] + half_diagram,OK,AB,is_a,segment)
150,12,noisy_half_text[numeric] + half_diagram,OK,AD,is_a,segment)
150,12,noisy_half_text[numeric] + half_diagram,OK,CE,is_a,segment)
150,12,noisy_half_text[numeric] + half_diagram,OK,BD,is_a,segment)
150,12,noisy_half_text[numeric] + half_diagram,OK,A,B,"C, collinear_with)"
150,12,noisy_half_text[numeric] + half_diagram,OK,BD,perpendicular_to,AC)
150,12,noisy_half_text[numeric] + half_diagram,OK,CE,perpendicular_to,AC)
150,12,noisy_half_text[numeric] + half_diagram,OK,AB,has_measure,2.0)
150,12,noisy_half_text[numeric] + half_diagram,OK,BD,has_measure,7/3)
,,,,,,
151,12,noisy_half_text[numeric] + half_diagram,OK,person,is_a,person
151,12,noisy_half_text[numeric] + half_diagram,OK,tree,is_a,tree
151,12,noisy_half_text[numeric] + half_diagram,OK,lake,is_a,lake
151,12,noisy_half_text[numeric] + half_diagram,OK,student,is_a,person
151,12,noisy_half_text[numeric] + half_diagram,OK,reflection,is_a,reflection
151,12,noisy_half_text[numeric] + half_diagram,OK,top_of_tree,is_a,top_of_tree
151,12,noisy_half_text[numeric] + half_diagram,OK,tree,has_measure,5.0_units
151,12,noisy_half_text[numeric] + half_diagram,OK,student,has_measure,1.7_units
,,,,,,
152,12,noisy_half_text[numeric] + half_diagram,OK,A,is_a,point
152,12,noisy_half_text[numeric] + half_diagram,OK,B,is_a,point
152,12,noisy_half_text[numeric] + half_diagram,OK,C,is_a,point
152,12,noisy_half_text[numeric] + half_diagram,OK,D,is_a,point
152,12,noisy_half_text[numeric] + half_diagram,OK,AB,is_a,segment
152,12,noisy_half_text[numeric] + half_diagram,OK,BC,is_a,segment
152,12,noisy_half_text[numeric] + half_diagram,OK,CE,is_a,segment
152,12,noisy_half_text[numeric] + half_diagram,OK,BD,is_a,segment
152,12,noisy_half_text[numeric] + half_diagram,OK,DE,is_a,segment
152,12,noisy_half_text[numeric] + half_diagram,OK,A,lies_on,AB
152,12,noisy_half_text[numeric] + half_diagram,OK,B,lies_on,AB
152,12,noisy_half_text[numeric] + half_diagram,OK,C,lies_on,BC
152,12,noisy_half_text[numeric] + half_diagram,OK,D,lies_on,AB
152,12,noisy_half_text[numeric] + half_diagram,OK,D,lies_on,BD
152,12,noisy_half_text[numeric] + half_diagram,OK,E,lies_on,CE
152,12,noisy_half_text[numeric] + half_diagram,OK,E,lies_on,DE
152,12,noisy_half_text[numeric] + half_diagram,OK,AB,connects,A
152,12,noisy_half_text[numeric] + half_diagram,OK,AB,connects,B
152,12,noisy_half_text[numeric] + half_diagram,OK,BC,connects,B
152,12,noisy_half_text[numeric] + half_diagram,OK,BC,connects,C
152,12,noisy_half_text[numeric] + half_diagram,OK,BD,connects,B
152,12,noisy_half_text[numeric] + half_diagram,OK,BD,connects,D
152,12,noisy_half_text[numeric] + half_diagram,OK,CE,connects,C
152,12,noisy_half_text[numeric] + half_diagram,OK,CE,connects,E
152,12,noisy_half_text[numeric] + half_diagram,OK,DE,connects,D
152,12,noisy_half_text[numeric] + half_diagram,OK,DE,connects,E
152,12,noisy_half_text[numeric] + half_diagram,OK,BC,has_measure,1.6
152,12,noisy_half_text[numeric] + half_diagram,OK,CE,has_measure,0.5
152,12,noisy_half_text[numeric] + half_diagram,OK,DE,has_measure,1.4
,,,,,,
153,12,noisy_half_text[numeric] + half_diagram,OK,A,is_a,point
153,12,noisy_half_text[numeric] + half_diagram,OK,B,is_a,point
153,12,noisy_half_text[numeric] + half_diagram,OK,C,is_a,point
153,12,noisy_half_text[numeric] + half_diagram,OK,D,is_a,point
153,12,noisy_half_text[numeric] + half_diagram,OK,E,is_a,point
153,12,noisy_half_text[numeric] + half_diagram,OK,AB,is_a,segment
153,12,noisy_half_text[numeric] + half_diagram,OK,BC,is_a,segment
153,12,noisy_half_text[numeric] + half_diagram,OK,DE,is_a,segment
153,12,noisy_half_text[numeric] + half_diagram,OK,DE,has_measure,1.8_units
153,12,noisy_half_text[numeric] + half_diagram,OK,BC,has_measure,1.0_units
153,12,noisy_half_text[numeric] + half_diagram,OK,A,connects,B
153,12,noisy_half_text[numeric] + half_diagram,OK,B,connects,C
153,12,noisy_half_text[numeric] + half_diagram,OK,D,connects,E
153,12,noisy_half_text[numeric] + half_diagram,OK,E,connects,C
153,12,noisy_half_text[numeric] + half_diagram,OK,AB,is_a,height
153,12,noisy_half_text[numeric] + half_diagram,OK,DE,is_a,length
153,12,noisy_half_text[numeric] + half_diagram,OK,BC,is_a,distance
,,,,,,
157,12,noisy_half_text[numeric] + half_diagram,OK,A,is_a,point
157,12,noisy_half_text[numeric] + half_diagram,OK,B,is_a,point
157,12,noisy_half_text[numeric] + half_diagram,OK,C,is_a,point
157,12,noisy_half_text[numeric] + half_diagram,OK,ABC,is_a,triangle
157,12,noisy_half_text[numeric] + half_diagram,OK,C,is_a,angle
157,12,noisy_half_text[numeric] + half_diagram,OK,C,has_measure,90_deg
157,12,noisy_half_text[numeric] + half_diagram,OK,AC,is_a,segment
157,12,noisy_half_text[numeric] + half_diagram,OK,AC,has_measure,4_units
157,12,noisy_half_text[numeric] + half_diagram,OK,BC,is_a,segment
157,12,noisy_half_text[numeric] + half_diagram,OK,BC,has_measure,3_units
157,12,noisy_half_text[numeric] + half_diagram,OK,AB,is_a,segment
,,,,,,
165,12,noisy_half_text[numeric] + half_diagram,OK,A,is_a,point
165,12,noisy_half_text[numeric] + half_diagram,OK,B,is_a,point
165,12,noisy_half_text[numeric] + half_diagram,OK,C,is_a,point
165,12,noisy_half_text[numeric] + half_diagram,OK,AB,is_a,segment
165,12,noisy_half_text[numeric] + half_diagram,OK,ABC,is_a,triangle
165,12,noisy_half_text[numeric] + half_diagram,OK,ACB,is_a,angle
165,12,noisy_half_text[numeric] + half_diagram,OK,angle ABC,is_a,angle
165,12,noisy_half_text[numeric] + half_diagram,OK,ACB,has_measure,90_deg
165,12,noisy_half_text[numeric] + half_diagram,OK,AB,has_measure,2_units
165,12,noisy_half_text[numeric] + half_diagram,OK,BC,has_measure,1_unit
165,12,noisy_half_text[numeric] + half_diagram,OK,ABC,is_a,right_triangle
165,12,noisy_half_text[numeric] + half_diagram,OK,A,connects,B
165,12,noisy_half_text[numeric] + half_diagram,OK,B,connects,C
165,12,noisy_half_text[numeric] + half_diagram,OK,C,connects,A
165,12,noisy_half_text[numeric] + half_diagram,OK,angle ACB,is_a,right_angle
,,,,,,
198,12,noisy_half_text[numeric] + half_diagram,OK,A,is_a,point
198,12,noisy_half_text[numeric] + half_diagram,OK,B,is_a,point
198,12,noisy_half_text[numeric] + half_diagram,OK,C,is_a,point
198,12,noisy_half_text[numeric] + half_diagram,OK,AB,is_a,segment
198,12,noisy_half_text[numeric] + half_diagram,OK,BC,is_a,segment
198,12,noisy_half_text[numeric] + half_diagram,OK,CA,is_a,segment
198,12,noisy_half_text[numeric] + half_diagram,OK,ABC,is_a,triangle
198,12,noisy_half_text[numeric] + half_diagram,OK,ABC,is_a,isosceles_triangle
198,12,noisy_half_text[numeric] + half_diagram,OK,ABC,has_measure,13_units
198,12,noisy_half_text[numeric] + half_diagram,OK,ABC,has_measure,10_units
198,12,noisy_half_text[numeric] + half_diagram,OK,ABC,has_measure,?
,,,,,,
207,12,noisy_half_text[numeric] + half_diagram,OK,large_circle,is_a,circle
207,12,noisy_half_text[numeric] + half_diagram,OK,small_circle1,is_a,circle
207,12,noisy_half_text[numeric] + half_diagram,OK,small_circle2,is_a,circle
207,12,noisy_half_text[numeric] + half_diagram,OK,small_circle1,congruent_to,small_circle2
207,12,noisy_half_text[numeric] + half_diagram,OK,large_circle,has_measure,20_units
207,12,noisy_half_text[numeric] + half_diagram,OK,small_circle1,diameter_of,large_circle_radius
207,12,noisy_half_text[numeric] + half_diagram,OK,small_circle2,diameter_of,large_circle_radius
207,12,noisy_half_text[numeric] + half_diagram,OK,shaded_region,is_a,region
207,12,noisy_half_text[numeric] + half_diagram,OK,large_circle,contains,small_circle1
207,12,noisy_half_text[numeric] + half_diagram,OK,large_circle,contains,small_circle2
207,12,noisy_half_text[numeric] + half_diagram,OK,shaded_region,lies_on,large_circle
207,12,noisy_half_text[numeric] + half_diagram,OK,shaded_region,excludes,small_circle1
207,12,noisy_half_text[numeric] + half_diagram,OK,shaded_region,excludes,small_circle2
207,12,noisy_half_text[numeric] + half_diagram,OK,large_circle,has_measure,?
207,12,noisy_half_text[numeric] + half_diagram,OK,small_circle1,has_measure,?
207,12,noisy_half_text[numeric] + half_diagram,OK,small_circle2,has_measure,?
207,12,noisy_half_text[numeric] + half_diagram,OK,large_circle_radius,has_measure,?
207,12,noisy_half_text[numeric] + half_diagram,OK,shaded_region,area_of,?
,,,,,,
210,12,noisy_half_text[numeric] + half_diagram,OK,A,is_a,point
210,12,noisy_half_text[numeric] + half_diagram,OK,B,is_a,point
210,12,noisy_half_text[numeric] + half_diagram,OK,C,is_a,point
210,12,noisy_half_text[numeric] + half_diagram,OK,D,is_a,point
210,12,noisy_half_text[numeric] + half_diagram,OK,E,is_a,point
210,12,noisy_half_text[numeric] + half_diagram,OK,AB,is_a,segment
210,12,noisy_half_text[numeric] + half_diagram,OK,AC,is_a,segment
210,12,noisy_half_text[numeric] + half_diagram,OK,AE,is_a,segment
210,12,noisy_half_text[numeric] + half_diagram,OK,CD,is_a,segment
210,12,noisy_half_text[numeric] + half_diagram,OK,BE,is_a,segment
210,12,noisy_half_text[numeric] + half_diagram,OK,AB,has_measure,12
210,12,noisy_half_text[numeric] + half_diagram,OK,AC,has_measure,16
210,12,noisy_half_text[numeric] + half_diagram,OK,CD,has_measure,5
210,12,noisy_half_text[numeric] + half_diagram,OK,BE,parallel_to,CD
210,12,noisy_half_text[numeric] + half_diagram,OK,Triangles,ABE,"is_a, triangle"
210,12,noisy_half_text[numeric] + half_diagram,OK,Triangles,ACD,"is_a, triangle"
210,12,noisy_half_text[numeric] + half_diagram,OK,Triangles,ABE,"similar_to, Triangles, ACD"
210,12,noisy_half_text[numeric] + half_diagram,OK,Triangles,ABE,"shares_vertex, A, with, Triangles, ACD"
,,,,,,
211,12,noisy_half_text[numeric] + half_diagram,OK,MNPR,is_a,parallelogram
211,12,noisy_half_text[numeric] + half_diagram,OK,MN,is_a,segment
211,12,noisy_half_text[numeric] + half_diagram,OK,MN,has_measure,3x - 4
211,12,noisy_half_text[numeric] + half_diagram,OK,NP,is_a,segment
211,12,noisy_half_text[numeric] + half_diagram,OK,NP,has_measure,2y + 5
211,12,noisy_half_text[numeric] + half_diagram,OK,MR,is_a,segment
211,12,noisy_half_text[numeric] + half_diagram,OK,MR,has_measure,17.9
211,12,noisy_half_text[numeric] + half_diagram,OK,MP,is_a,segment
211,12,noisy_half_text[numeric] + half_diagram,OK,RN,is_a,segment
211,12,noisy_half_text[numeric] + half_diagram,OK,MP,intersects,RN
211,12,noisy_half_text[numeric] + half_diagram,OK,Q,is_a,point
211,12,noisy_half_text[numeric] + half_diagram,OK,Q,center_of,MNPR
211,12,noisy_half_text[numeric] + half_diagram,OK,M,is_a,point
211,12,noisy_half_text[numeric] + half_diagram,OK,N,is_a,point
211,12,noisy_half_text[numeric] + half_diagram,OK,P,is_a,point
211,12,noisy_half_text[numeric] + half_diagram,OK,R,is_a,point
211,12,noisy_half_text[numeric] + half_diagram,OK,Q,lies_on,MP
211,12,noisy_half_text[numeric] + half_diagram,OK,Q,lies_on,RN
211,12,noisy_half_text[numeric] + half_diagram,OK,∠MNR,is_a,angle
211,12,noisy_half_text[numeric] + half_diagram,OK,∠MNR,has_measure,33_deg
211,12,noisy_half_text[numeric] + half_diagram,OK,∠RNP,is_a,angle
211,12,noisy_half_text[numeric] + half_diagram,OK,∠RNP,has_measure,?
211,12,noisy_half_text[numeric] + half_diagram,OK,∠QNR,is_a,angle
211,12,noisy_half_text[numeric] + half_diagram,OK,∠QNR,has_measure,83_deg
211,12,noisy_half_text[numeric] + half_diagram,OK,NQ,is_a,segment
211,12,noisy_half_text[numeric] + half_diagram,OK,NQ,has_measure,15.4
211,12,noisy_half_text[numeric] + half_diagram,OK,QP,is_a,segment
211,12,noisy_half_text[numeric] + half_diagram,OK,QP,has_measure,11.1
211,12,noisy_half_text[numeric] + half_diagram,OK,∠MRN,is_a,angle
211,12,noisy_half_text[numeric] + half_diagram,OK,∠MRN,has_measure,38_deg
211,12,noisy_half_text[numeric] + half_diagram,OK,QR,is_a,segment
211,12,noisy_half_text[numeric] + half_diagram,OK,QR,has_measure,3z - 3
211,12,noisy_half_text[numeric] + half_diagram,OK,PR,is_a,segment
211,12,noisy_half_text[numeric] + half_diagram,OK,PR,has_measure,20
211,12,noisy_half_text[numeric] + half_diagram,OK,MQ,is_a,segment
211,12,noisy_half_text[numeric] + half_diagram,OK,MQ,has_measure,4w - 3
,,,,,,
223,12,noisy_half_text[numeric] + half_diagram,OK,Page 1246,is_a,page
223,12,noisy_half_text[numeric] + half_diagram,OK,right triangle,is_a,triangle
223,12,noisy_half_text[numeric] + half_diagram,OK,hypotenuse,is_a,side
223,12,noisy_half_text[numeric] + half_diagram,OK,hypotenuse,has_measure,5
223,12,noisy_half_text[numeric] + half_diagram,OK,side,has_measure,x
223,12,noisy_half_text[numeric] + half_diagram,OK,side,has_measure,?
223,12,noisy_half_text[numeric] + half_diagram,OK,?,is_a,question
,,,,,,
239,12,noisy_half_text[numeric] + half_diagram,OK,A,is_a,point
239,12,noisy_half_text[numeric] + half_diagram,OK,B,is_a,point
239,12,noisy_half_text[numeric] + half_diagram,OK,C,is_a,point
239,12,noisy_half_text[numeric] + half_diagram,OK,R,is_a,point
239,12,noisy_half_text[numeric] + half_diagram,OK,S,is_a,point
239,12,noisy_half_text[numeric] + half_diagram,OK,T,is_a,point
239,12,noisy_half_text[numeric] + half_diagram,OK,M,is_a,point
239,12,noisy_half_text[numeric] + half_diagram,OK,AT,is_a,segment
239,12,noisy_half_text[numeric] + half_diagram,OK,BR,is_a,segment
239,12,noisy_half_text[numeric] + half_diagram,OK,CS,is_a,segment
239,12,noisy_half_text[numeric] + half_diagram,OK,RM,is_a,segment
239,12,noisy_half_text[numeric] + half_diagram,OK,MB,is_a,segment
239,12,noisy_half_text[numeric] + half_diagram,OK,R,is_a,midpoint
239,12,noisy_half_text[numeric] + half_diagram,OK,S,is_a,midpoint
239,12,noisy_half_text[numeric] + half_diagram,OK,T,is_a,midpoint
239,12,noisy_half_text[numeric] + half_diagram,OK,AT,is_a,median
239,12,noisy_half_text[numeric] + half_diagram,OK,BR,is_a,median
239,12,noisy_half_text[numeric] + half_diagram,OK,CS,is_a,median
239,12,noisy_half_text[numeric] + half_diagram,OK,RM,has_measure,4
239,12,noisy_half_text[numeric] + half_diagram,OK,AT,has_measure,16
239,12,noisy_half_text[numeric] + half_diagram,OK,AT,connects,A
239,12,noisy_half_text[numeric] + half_diagram,OK,AT,connects,T
239,12,noisy_half_text[numeric] + half_diagram,OK,BR,connects,B
239,12,noisy_half_text[numeric] + half_diagram,OK,BR,connects,R
239,12,noisy_half_text[numeric] + half_diagram,OK,CS,connects,C
239,12,noisy_half_text[numeric] + half_diagram,OK,CS,connects,S
239,12,noisy_half_text[numeric] + half_diagram,OK,AT,intersects,BR
239,12,noisy_half_text[numeric] + half_diagram,OK,AT,intersects,CS
239,12,noisy_half_text[numeric] + half_diagram,OK,BR,intersects,CS
239,12,noisy_half_text[numeric] + half_diagram,OK,AT,intersects,M
239,12,noisy_half_text[numeric] + half_diagram,OK,BR,intersects,M
239,12,noisy_half_text[numeric] + half_diagram,OK,CS,intersects,M
239,12,noisy_half_text[numeric] + half_diagram,OK,RM,connects,R
239,12,noisy_half_text[numeric] + half_diagram,OK,RM,connects,M
239,12,noisy_half_text[numeric] + half_diagram,OK,MB,connects,M
239,12,noisy_half_text[numeric] + half_diagram,OK,MB,connects,B
,,,,,,
243,12,noisy_half_text[numeric] + half_diagram,OK,Phoenix,is_a,point
243,12,noisy_half_text[numeric] + half_diagram,OK,Des Moines,is_a,point
243,12,noisy_half_text[numeric] + half_diagram,OK,Atlanta,is_a,point
243,12,noisy_half_text[numeric] + half_diagram,OK,Phoenix,connects,Des Moines
243,12,noisy_half_text[numeric] + half_diagram,OK,Des Moines,connects,Atlanta
243,12,noisy_half_text[numeric] + half_diagram,OK,Phoenix,connects,Atlanta
243,12,noisy_half_text[numeric] + half_diagram,OK,PhoenixDesMoines,is_a,segment
243,12,noisy_half_text[numeric] + half_diagram,OK,DesMoinesAtlanta,is_a,segment
243,12,noisy_half_text[numeric] + half_diagram,OK,PhoenixAtlanta,is_a,segment
243,12,noisy_half_text[numeric] + half_diagram,OK,PhoenixDesMoines,has_measure,110x + 53_miles
243,12,noisy_half_text[numeric] + half_diagram,OK,DesMoinesAtlanta,has_measure,150x + 91_miles
243,12,noisy_half_text[numeric] + half_diagram,OK,PhoenixAtlanta,has_measure,73.8x_miles
243,12,noisy_half_text[numeric] + half_diagram,OK,PhoenixAtlanta,is_a,query_target
,,,,,,
257,12,noisy_half_text[numeric] + half_diagram,OK,A,is_a,point
257,12,noisy_half_text[numeric] + half_diagram,OK,B,is_a,point
257,12,noisy_half_text[numeric] + half_diagram,OK,C,is_a,point
257,12,noisy_half_text[numeric] + half_diagram,OK,D,is_a,point
257,12,noisy_half_text[numeric] + half_diagram,OK,E,is_a,point
257,12,noisy_half_text[numeric] + half_diagram,OK,AB,is_a,segment
257,12,noisy_half_text[numeric] + half_diagram,OK,AC,is_a,segment
257,12,noisy_half_text[numeric] + half_diagram,OK,AD,is_a,segment
257,12,noisy_half_text[numeric] + half_diagram,OK,AE,is_a,segment
257,12,noisy_half_text[numeric] + half_diagram,OK,CD,is_a,segment
257,12,noisy_half_text[numeric] + half_diagram,OK,BE,is_a,segment
257,12,noisy_half_text[numeric] + half_diagram,OK,ED,is_a,segment
257,12,noisy_half_text[numeric] + half_diagram,OK,triangles ABE,is_a,triangle
257,12,noisy_half_text[numeric] + half_diagram,OK,triangles ACD,is_a,triangle
257,12,noisy_half_text[numeric] + half_diagram,OK,AB,has_measure,12_units
257,12,noisy_half_text[numeric] + half_diagram,OK,ED,has_measure,5_units
257,12,noisy_half_text[numeric] + half_diagram,OK,BE,parallel_to,CD
257,12,noisy_half_text[numeric] + half_diagram,OK,triangles ABE,shares_vertex_with,triangles ACD
257,12,noisy_half_text[numeric] + half_diagram,OK,A,is_a,vertex
257,12,noisy_half_text[numeric] + half_diagram,OK,B,is_a,vertex
257,12,noisy_half_text[numeric] + half_diagram,OK,E,is_a,vertex
257,12,noisy_half_text[numeric] + half_diagram,OK,C,is_a,vertex
257,12,noisy_half_text[numeric] + half_diagram,OK,D,is_a,vertex
257,12,noisy_half_text[numeric] + half_diagram,OK,ABE,is_a,triangle
257,12,noisy_half_text[numeric] + half_diagram,OK,ACD,is_a,triangle
,,,,,,
264,12,noisy_half_text[numeric] + half_diagram,OK,M,is_a,point
264,12,noisy_half_text[numeric] + half_diagram,OK,N,is_a,point
264,12,noisy_half_text[numeric] + half_diagram,OK,P,is_a,point
264,12,noisy_half_text[numeric] + half_diagram,OK,Q,is_a,point
264,12,noisy_half_text[numeric] + half_diagram,OK,MN,is_a,segment
264,12,noisy_half_text[numeric] + half_diagram,OK,NP,is_a,segment
264,12,noisy_half_text[numeric] + half_diagram,OK,PQ,is_a,segment
264,12,noisy_half_text[numeric] + half_diagram,OK,QM,is_a,segment
264,12,noisy_half_text[numeric] + half_diagram,OK,MNPQ,is_a,parallelogram
264,12,noisy_half_text[numeric] + half_diagram,OK,LM,is_a,segment
264,12,noisy_half_text[numeric] + half_diagram,OK,LM,has_measure,10x
264,12,noisy_half_text[numeric] + half_diagram,OK,LM,connects,M
264,12,noisy_half_text[numeric] + half_diagram,OK,LM,connects,L
264,12,noisy_half_text[numeric] + half_diagram,OK,LP,is_a,segment
264,12,noisy_half_text[numeric] + half_diagram,OK,LP,has_measure,10x
264,12,noisy_half_text[numeric] + half_diagram,OK,LP,connects,L
264,12,noisy_half_text[numeric] + half_diagram,OK,LP,connects,P
264,12,noisy_half_text[numeric] + half_diagram,OK,2N,is_a,angle
264,12,noisy_half_text[numeric] + half_diagram,OK,2N,has_measure,angle Q
264,12,noisy_half_text[numeric] + half_diagram,OK,LM,has_measure,?
,,,,,,
281,12,noisy_half_text[numeric] + half_diagram,OK,A,is_a,point
281,12,noisy_half_text[numeric] + half_diagram,OK,B,is_a,point
281,12,noisy_half_text[numeric] + half_diagram,OK,C,is_a,point
281,12,noisy_half_text[numeric] + half_diagram,OK,ABC,is_a,triangle
281,12,noisy_half_text[numeric] + half_diagram,OK,ABC,is_a,right_triangle
281,12,noisy_half_text[numeric] + half_diagram,OK,C,is_a,angle
281,12,noisy_half_text[numeric] + half_diagram,OK,∠C,has_measure,90_deg
281,12,noisy_half_text[numeric] + half_diagram,OK,AC,is_a,segment
281,12,noisy_half_text[numeric] + half_diagram,OK,AC,has_measure,24_units
281,12,noisy_half_text[numeric] + half_diagram,OK,BC,is_a,segment
281,12,noisy_half_text[numeric] + half_diagram,OK,BC,has_measure,10_units
281,12,noisy_half_text[numeric] + half_diagram,OK,AB,is_a,segment
281,12,noisy_half_text[numeric] + half_diagram,OK,AB,has_measure,26_units
281,12,noisy_half_text[numeric] + half_diagram,OK,∠B,is_a,angle
281,12,noisy_half_text[numeric] + half_diagram,OK,∠B,has_measure,?
281,12,noisy_half_text[numeric] + half_diagram,OK,∠A,is_a,angle
281,12,noisy_half_text[numeric] + half_diagram,OK,∠A,has_measure,?
,,,,,,
327,12,noisy_half_text[numeric] + half_diagram,OK,N,is_a,point
327,12,noisy_half_text[numeric] + half_diagram,OK,Z,is_a,point
327,12,noisy_half_text[numeric] + half_diagram,OK,Y,is_a,point
327,12,noisy_half_text[numeric] + half_diagram,OK,X,is_a,point
327,12,noisy_half_text[numeric] + half_diagram,OK,ZY,is_a,segment
327,12,noisy_half_text[numeric] + half_diagram,OK,YX,is_a,segment
327,12,noisy_half_text[numeric] + half_diagram,OK,ZX,is_a,segment
327,12,noisy_half_text[numeric] + half_diagram,OK,Y,lies_on,ZY
327,12,noisy_half_text[numeric] + half_diagram,OK,X,lies_on,YX
327,12,noisy_half_text[numeric] + half_diagram,OK,X,lies_on,ZX
327,12,noisy_half_text[numeric] + half_diagram,OK,YX,has_measure,b_km
327,12,noisy_half_text[numeric] + half_diagram,OK,ZY,has_measure,10.7_km
327,12,noisy_half_text[numeric] + half_diagram,OK,Z,has_measure,335_deg
327,12,noisy_half_text[numeric] + half_diagram,OK,ZX,has_measure,d_km
,,,,,,
348,12,noisy_half_text[numeric] + half_diagram,OK,helicopter,is_a,helicopter
348,12,noisy_half_text[numeric] + half_diagram,OK,altitude,is_a,altitude
348,12,noisy_half_text[numeric] + half_diagram,OK,altitude,has_measure,198_m
348,12,noisy_half_text[numeric] + half_diagram,OK,angle_of_depression,is_a,angle
348,12,noisy_half_text[numeric] + half_diagram,OK,angle_of_depression,has_measure,44_deg
348,12,noisy_half_text[numeric] + half_diagram,OK,landing_pad,is_a,landing_pad
348,12,noisy_half_text[numeric] + half_diagram,OK,d,is_a,distance
348,12,noisy_half_text[numeric] + half_diagram,OK,d,has_measure,?
348,12,noisy_half_text[numeric] + half_diagram,OK,helicopter,has_measure,198_m
348,12,noisy_half_text[numeric] + half_diagram,OK,angle_of_depression,connects,helicopter
348,12,noisy_half_text[numeric] + half_diagram,OK,angle_of_depression,connects,landing_pad
348,12,noisy_half_text[numeric] + half_diagram,OK,d,connects,helicopter
348,12,noisy_half_text[numeric] + half_diagram,OK,d,connects,landing_pad
,,,,,,
364,12,noisy_half_text[numeric] + half_diagram,OK,bridge,is_a,object
364,12,noisy_half_text[numeric] + half_diagram,OK,tower,is_a,object
364,12,noisy_half_text[numeric] + half_diagram,OK,cable,is_a,object
364,12,noisy_half_text[numeric] + half_diagram,OK,tower,connects,bridge
364,12,noisy_half_text[numeric] + half_diagram,OK,cable,connects,tower
364,12,noisy_half_text[numeric] + half_diagram,OK,cable,connects,bridge
364,12,noisy_half_text[numeric] + half_diagram,OK,tower,has_measure,35.5_metres
364,12,noisy_half_text[numeric] + half_diagram,OK,tower,has_measure,?
364,12,noisy_half_text[numeric] + half_diagram,OK,bridge,has_measure,65.9_metres
364,12,noisy_half_text[numeric] + half_diagram,OK,h,is_a,length
364,12,noisy_half_text[numeric] + half_diagram,OK,h,has_measure,?
,,,,,,
365,12,noisy_half_text[numeric] + half_diagram,OK,Airplane,is_a,point
365,12,noisy_half_text[numeric] + half_diagram,OK,Runway,is_a,point
365,12,noisy_half_text[numeric] + half_diagram,OK,Airport,is_a,point
365,12,noisy_half_text[numeric] + half_diagram,OK,Airplane,connects,Runway
365,12,noisy_half_text[numeric] + half_diagram,OK,Airplane,connects,Airport
365,12,noisy_half_text[numeric] + half_diagram,OK,Airport,connects,Runway
365,12,noisy_half_text[numeric] + half_diagram,OK,Airplane,has_measure,10369_metres
365,12,noisy_half_text[numeric] + half_diagram,OK,Airport,has_measure,23444_metres
365,12,noisy_half_text[numeric] + half_diagram,OK,Airplane,has_measure,theta_degrees
365,12,noisy_half_text[numeric] + half_diagram,OK,Airplane,is_a,angle
,,,,,,
420,12,noisy_half_text[numeric] + half_diagram,OK,A,is_a,point
420,12,noisy_half_text[numeric] + half_diagram,OK,B,is_a,point
420,12,noisy_half_text[numeric] + half_diagram,OK,C,is_a,point
420,12,noisy_half_text[numeric] + half_diagram,OK,D,is_a,point
420,12,noisy_half_text[numeric] + half_diagram,OK,E,is_a,point
420,12,noisy_half_text[numeric] + half_diagram,OK,AB,is_a,segment
420,12,noisy_half_text[numeric] + half_diagram,OK,BC,is_a,segment
420,12,noisy_half_text[numeric] + half_diagram,OK,CD,is_a,segment
420,12,noisy_half_text[numeric] + half_diagram,OK,DE,is_a,segment
420,12,noisy_half_text[numeric] + half_diagram,OK,EA,is_a,segment
420,12,noisy_half_text[numeric] + half_diagram,OK,ABCDE,is_a,trapezium
420,12,noisy_half_text[numeric] + half_diagram,OK,AB,parallel_to,DE
420,12,noisy_half_text[numeric] + half_diagram,OK,AB,has_measure,10_units
420,12,noisy_half_text[numeric] + half_diagram,OK,DE,has_measure,6_units
420,12,noisy_half_text[numeric] + half_diagram,OK,AE,is_a,segment
420,12,noisy_half_text[numeric] + half_diagram,OK,BE,is_a,segment
420,12,noisy_half_text[numeric] + half_diagram,OK,AE,perpendicular_to,BE
420,12,noisy_half_text[numeric] + half_diagram,OK,AE,has_measure,6_units
420,12,noisy_half_text[numeric] + half_diagram,OK,BE,has_measure,?
420,12,noisy_half_text[numeric] + half_diagram,OK,AB,connects,B
420,12,noisy_half_text[numeric] + half_diagram,OK,B,connects,C
420,12,noisy_half_text[numeric] + half_diagram,OK,C,connects,D
420,12,noisy_half_text[numeric] + half_diagram,OK,D,connects,E
420,12,noisy_half_text[numeric] + half_diagram,OK,E,connects,A
420,12,noisy_half_text[numeric] + half_diagram,OK,A,connects,E
420,12,noisy_half_text[numeric] + half_diagram,OK,E,connects,B
,,,,,,
432,12,noisy_half_text[numeric] + half_diagram,OK,A,is_a,point
432,12,noisy_half_text[numeric] + half_diagram,OK,B,is_a,point
432,12,noisy_half_text[numeric] + half_diagram,OK,A,has_measure,-3
432,12,noisy_half_text[numeric] + half_diagram,OK,A,has_measure,4
432,12,noisy_half_text[numeric] + half_diagram,OK,B,has_measure,5
432,12,noisy_half_text[numeric] + half_diagram,OK,B,has_measure,2
432,12,noisy_half_text[numeric] + half_diagram,OK,d,is_a,distance
432,12,noisy_half_text[numeric] + half_diagram,OK,d,has_measure,?
,,,,,,
438,12,noisy_half_text[numeric] + half_diagram,OK,hyperbola,is_a,hyperbola
438,12,noisy_half_text[numeric] + half_diagram,OK,hyperbola,has_measure,2
438,12,noisy_half_text[numeric] + half_diagram,OK,hyperbola,has_measure,-3
438,12,noisy_half_text[numeric] + half_diagram,OK,hyperbola,has_measure,-8
438,12,noisy_half_text[numeric] + half_diagram,OK,hyperbola,has_measure,-3-5√2
438,12,noisy_half_text[numeric] + half_diagram,OK,hyperbola,has_measure,-3+5√2
438,12,noisy_half_text[numeric] + half_diagram,OK,hyperbola,has_measure,?
,,,,,,
441,12,noisy_half_text[numeric] + half_diagram,OK,1761,is_a,angle
441,12,noisy_half_text[numeric] + half_diagram,OK,a,is_a,angle
441,12,noisy_half_text[numeric] + half_diagram,OK,a,is_a,standard_position
441,12,noisy_half_text[numeric] + half_diagram,OK,a,has_measure,?
441,12,noisy_half_text[numeric] + half_diagram,OK,a,terminal_side,?
441,12,noisy_half_text[numeric] + half_diagram,OK,a,terminal_side,"intersects, unit_circle"
441,12,noisy_half_text[numeric] + half_diagram,OK,a,terminal_side,"intersects, point, P"
441,12,noisy_half_text[numeric] + half_diagram,OK,P,is_a,point
441,12,noisy_half_text[numeric] + half_diagram,OK,unit_circle,is_a,circle
441,12,noisy_half_text[numeric] + half_diagram,OK,unit_circle,radius_of,1_unit
,,,,,,
447,12,noisy_half_text[numeric] + half_diagram,OK,O,is_a,point
447,12,noisy_half_text[numeric] + half_diagram,OK,O,center_of,circle
447,12,noisy_half_text[numeric] + half_diagram,OK,P,is_a,point
447,12,noisy_half_text[numeric] + half_diagram,OK,P,lies_on,circle
447,12,noisy_half_text[numeric] + half_diagram,OK,a,is_a,angle
447,12,noisy_half_text[numeric] + half_diagram,OK,a,has_measure,?
447,12,noisy_half_text[numeric] + half_diagram,OK,x,is_a,axis
447,12,noisy_half_text[numeric] + half_diagram,OK,y,is_a,axis
447,12,noisy_half_text[numeric] + half_diagram,OK,x,intersects,y
447,12,noisy_half_text[numeric] + half_diagram,OK,circle,intersects,x
447,12,noisy_half_text[numeric] + half_diagram,OK,circle,intersects,y
447,12,noisy_half_text[numeric] + half_diagram,OK,a,is_in,standard_position
447,12,noisy_half_text[numeric] + half_diagram,OK,a,terminal_side,"intersects, circle"
447,12,noisy_half_text[numeric] + half_diagram,OK,a,terminal_side,"intersects, P"
,,,,,,
449,12,noisy_half_text[numeric] + half_diagram,OK,sec_theta,is_a,query_target
449,12,noisy_half_text[numeric] + half_diagram,OK,circle,is_a,circle
449,12,noisy_half_text[numeric] + half_diagram,OK,circle,center_of,origin
449,12,noisy_half_text[numeric] + half_diagram,OK,point_P,is_a,point
449,12,noisy_half_text[numeric] + half_diagram,OK,point_P,lies_on,circle
449,12,noisy_half_text[numeric] + half_diagram,OK,sec_theta,is_a,secant
449,12,noisy_half_text[numeric] + half_diagram,OK,sec_theta,has_measure,?
449,12,noisy_half_text[numeric] + half_diagram,OK,origin,is_a,point
449,12,noisy_half_text[numeric] + half_diagram,OK,circle,has_measure,radius
449,12,noisy_half_text[numeric] + half_diagram,OK,circle,has_measure,?
449,12,noisy_half_text[numeric] + half_diagram,OK,point_P,has_measure,x
449,12,noisy_half_text[numeric] + half_diagram,OK,point_P,has_measure,y
449,12,noisy_half_text[numeric] + half_diagram,OK,sec_theta,is_a,function
449,12,noisy_half_text[numeric] + half_diagram,OK,sec_theta,mapped_to,theta
449,12,noisy_half_text[numeric] + half_diagram,OK,theta,is_a,angle
449,12,noisy_half_text[numeric] + half_diagram,OK,angle,is_a,theta
449,12,noisy_half_text[numeric] + half_diagram,OK,angle,has_measure,?
449,12,noisy_half_text[numeric] + half_diagram,OK,point_P,is_a,P
449,12,noisy_half_text[numeric] + half_diagram,OK,circle,is_a,unit_circle
449,12,noisy_half_text[numeric] + half_diagram,OK,unit_circle,has_measure,1_unit
449,12,noisy_half_text[numeric] + half_diagram,OK,unit_circle,is_a,circle
449,12,noisy_half_text[numeric] + half_diagram,OK,unit_circle,center_of,origin
449,12,noisy_half_text[numeric] + half_diagram,OK,unit_circle,radius_of,1_unit
,,,,,,
457,12,noisy_half_text[numeric] + half_diagram,OK,center,is_a,point
457,12,noisy_half_text[numeric] + half_diagram,OK,circle,is_a,circle
457,12,noisy_half_text[numeric] + half_diagram,OK,circle,center_of,center
457,12,noisy_half_text[numeric] + half_diagram,OK,question,is_a,query
457,12,noisy_half_text[numeric] + half_diagram,OK,question,has_measure,?
,,,,,,
472,12,noisy_half_text[numeric] + half_diagram,OK,-7_0,is_a,point
472,12,noisy_half_text[numeric] + half_diagram,OK,5_-5,is_a,point
472,12,noisy_half_text[numeric] + half_diagram,OK,7_0,is_a,point
472,12,noisy_half_text[numeric] + half_diagram,OK,semicircle,is_a,semicircle
472,12,noisy_half_text[numeric] + half_diagram,OK,semicircle,passes_through,-7_0
472,12,noisy_half_text[numeric] + half_diagram,OK,semicircle,passes_through,5_-5
472,12,noisy_half_text[numeric] + half_diagram,OK,semicircle,passes_through,7_0
472,12,noisy_half_text[numeric] + half_diagram,OK,?,is_a,center_of
472,12,noisy_half_text[numeric] + half_diagram,OK,?,is_a,semicircle
472,12,noisy_half_text[numeric] + half_diagram,OK,-7_0,lies_on,x_axis
472,12,noisy_half_text[numeric] + half_diagram,OK,7_0,lies_on,x_axis
472,12,noisy_half_text[numeric] + half_diagram,OK,5_-5,lies_on,semicircle
472,12,noisy_half_text[numeric] + half_diagram,OK,7_0,lies_on,semicircle
472,12,noisy_half_text[numeric] + half_diagram,OK,-7_0,lies_on,semicircle
472,12,noisy_half_text[numeric] + half_diagram,OK,x_axis,is_a,axis
472,12,noisy_half_text[numeric] + half_diagram,OK,y_axis,is_a,axis
472,12,noisy_half_text[numeric] + half_diagram,OK,x_axis,perpendicular_to,y_axis
472,12,noisy_half_text[numeric] + half_diagram,OK,?,is_a,point
,,,,,,
