problem_index,case_id,case_label,status,subject,predicate,object
1,8,full_text + noisy_diagram[illumination],OK,A,is_a,point
1,8,full_text + noisy_diagram[illumination],OK,B,is_a,point
1,8,full_text + noisy_diagram[illumination],OK,C,is_a,point
1,8,full_text + noisy_diagram[illumination],OK,D,is_a,point
1,8,full_text + noisy_diagram[illumination],OK,E,is_a,point
1,8,full_text + noisy_diagram[illumination],OK,ABC,is_a,triangle
1,8,full_text + noisy_diagram[illumination],OK,AB,is_a,segment
1,8,full_text + noisy_diagram[illumination],OK,AC,is_a,segment
1,8,full_text + noisy_diagram[illumination],OK,BC,is_a,segment
1,8,full_text + noisy_diagram[illumination],OK,DE,is_a,segment
1,8,full_text + noisy_diagram[illumination],OK,∠A,is_a,angle
1,8,full_text + noisy_diagram[illumination],OK,∠B,is_a,angle
1,8,full_text + noisy_diagram[illumination],OK,∠CED,is_a,angle
1,8,full_text + noisy_diagram[illumination],OK,A,connects,B
1,8,full_text + noisy_diagram[illumination],OK,A,connects,C
1,8,full_text + noisy_diagram[illumination],OK,B,connects,C
1,8,full_text + noisy_diagram[illumination],OK,D,lies_on,AB
1,8,full_text + noisy_diagram[illumination],OK,E,lies_on,AC
1,8,full_text + noisy_diagram[illumination],OK,DE,parallel_to,BC
1,8,full_text + noisy_diagram[illumination],OK,∠A,has_measure,80_deg
1,8,full_text + noisy_diagram[illumination],OK,∠B,has_measure,60_deg
,,,,,,
2,8,full_text + noisy_diagram[illumination],OK,A,is_a,point
2,8,full_text + noisy_diagram[illumination],OK,B,is_a,point
2,8,full_text + noisy_diagram[illumination],OK,AB,is_a,segment
2,8,full_text + noisy_diagram[illumination],OK,AB,parallel_to,CD
2,8,full_text + noisy_diagram[illumination],OK,CD,is_a,segment
2,8,full_text + noisy_diagram[illumination],OK,E,is_a,point
2,8,full_text + noisy_diagram[illumination],OK,F,is_a,point
2,8,full_text + noisy_diagram[illumination],OK,G,is_a,point
2,8,full_text + noisy_diagram[illumination],OK,EF,is_a,segment
2,8,full_text + noisy_diagram[illumination],OK,EG,is_a,segment
2,8,full_text + noisy_diagram[illumination],OK,EF,intersects,AB
2,8,full_text + noisy_diagram[illumination],OK,EF,intersects,CD
2,8,full_text + noisy_diagram[illumination],OK,EF,intersects,"AB, at, E"
2,8,full_text + noisy_diagram[illumination],OK,EF,intersects,"CD, at, F"
2,8,full_text + noisy_diagram[illumination],OK,EG,intersects,"CD, at, G"
2,8,full_text + noisy_diagram[illumination],OK,EG,bisects,"angle, BEF"
2,8,full_text + noisy_diagram[illumination],OK,angle 1,is_a,angle
2,8,full_text + noisy_diagram[illumination],OK,angle 1,has_measure,50_deg
2,8,full_text + noisy_diagram[illumination],OK,angle 2,is_a,angle
2,8,full_text + noisy_diagram[illumination],OK,angle 1,is_a,"angle, EFG"
2,8,full_text + noisy_diagram[illumination],OK,angle 2,is_a,"angle, EGF"
,,,,,,
3,8,full_text + noisy_diagram[illumination],OK,A,is_a,point
3,8,full_text + noisy_diagram[illumination],OK,B,is_a,point
3,8,full_text + noisy_diagram[illumination],OK,C,is_a,point
3,8,full_text + noisy_diagram[illumination],OK,D,is_a,point
3,8,full_text + noisy_diagram[illumination],OK,BC,is_a,segment
3,8,full_text + noisy_diagram[illumination],OK,BA,is_a,segment
3,8,full_text + noisy_diagram[illumination],OK,BD,is_a,segment
3,8,full_text + noisy_diagram[illumination],OK,CD,is_a,segment
3,8,full_text + noisy_diagram[illumination],OK,AB,is_a,segment
3,8,full_text + noisy_diagram[illumination],OK,∠BCD,is_a,angle
3,8,full_text + noisy_diagram[illumination],OK,∠ABC,is_a,angle
3,8,full_text + noisy_diagram[illumination],OK,B,connects,BC
3,8,full_text + noisy_diagram[illumination],OK,B,connects,BA
3,8,full_text + noisy_diagram[illumination],OK,B,connects,BD
3,8,full_text + noisy_diagram[illumination],OK,C,connects,BC
3,8,full_text + noisy_diagram[illumination],OK,C,connects,CD
3,8,full_text + noisy_diagram[illumination],OK,A,connects,BA
3,8,full_text + noisy_diagram[illumination],OK,A,connects,AB
3,8,full_text + noisy_diagram[illumination],OK,D,connects,BD
3,8,full_text + noisy_diagram[illumination],OK,D,connects,CD
3,8,full_text + noisy_diagram[illumination],OK,BD,bisects,∠ABC
3,8,full_text + noisy_diagram[illumination],OK,CD,parallel_to,AB
3,8,full_text + noisy_diagram[illumination],OK,∠BCD,has_measure,70_deg
,,,,,,
4,8,full_text + noisy_diagram[illumination],OK,A,is_a,point
4,8,full_text + noisy_diagram[illumination],OK,B,is_a,point
4,8,full_text + noisy_diagram[illumination],OK,O,is_a,point
4,8,full_text + noisy_diagram[illumination],OK,C,is_a,point
4,8,full_text + noisy_diagram[illumination],OK,AB,is_a,segment
4,8,full_text + noisy_diagram[illumination],OK,AO,is_a,segment
4,8,full_text + noisy_diagram[illumination],OK,BC,is_a,segment
4,8,full_text + noisy_diagram[illumination],OK,∠A,is_a,angle
4,8,full_text + noisy_diagram[illumination],OK,∠OCB,is_a,angle
4,8,full_text + noisy_diagram[illumination],OK,O,is_a,circle
4,8,full_text + noisy_diagram[illumination],OK,AB,tangent_to,O
4,8,full_text + noisy_diagram[illumination],OK,AO,intersects,O
4,8,full_text + noisy_diagram[illumination],OK,AO,connects,"A, C"
4,8,full_text + noisy_diagram[illumination],OK,B,lies_on,O
4,8,full_text + noisy_diagram[illumination],OK,C,lies_on,O
4,8,full_text + noisy_diagram[illumination],OK,O,center_of,O
4,8,full_text + noisy_diagram[illumination],OK,AB,intersects,O
4,8,full_text + noisy_diagram[illumination],OK,A,connects,B
4,8,full_text + noisy_diagram[illumination],OK,A,connects,O
4,8,full_text + noisy_diagram[illumination],OK,O,connects,C
4,8,full_text + noisy_diagram[illumination],OK,B,connects,C
4,8,full_text + noisy_diagram[illumination],OK,∠A,has_measure,36_deg
,,,,,,
7,8,full_text + noisy_diagram[illumination],OK,A,is_a,point
7,8,full_text + noisy_diagram[illumination],OK,B,is_a,point
7,8,full_text + noisy_diagram[illumination],OK,C,is_a,point
7,8,full_text + noisy_diagram[illumination],OK,D,is_a,point
7,8,full_text + noisy_diagram[illumination],OK,E,is_a,point
7,8,full_text + noisy_diagram[illumination],OK,ABC,is_a,triangle
7,8,full_text + noisy_diagram[illumination],OK,ADE,is_a,triangle
7,8,full_text + noisy_diagram[illumination],OK,ABC,congruent_to,ADE
7,8,full_text + noisy_diagram[illumination],OK,A,common_vertex_of,ABC
7,8,full_text + noisy_diagram[illumination],OK,A,common_vertex_of,ADE
7,8,full_text + noisy_diagram[illumination],OK,∠B,has_measure,70_deg
7,8,full_text + noisy_diagram[illumination],OK,∠C,has_measure,30_deg
7,8,full_text + noisy_diagram[illumination],OK,∠DAC,has_measure,35_deg
7,8,full_text + noisy_diagram[illumination],OK,∠EAC,has_measure,?
,,,,,,
8,8,full_text + noisy_diagram[illumination],OK,A,is_a,point
8,8,full_text + noisy_diagram[illumination],OK,B,is_a,point
8,8,full_text + noisy_diagram[illumination],OK,C,is_a,point
8,8,full_text + noisy_diagram[illumination],OK,D,is_a,point
8,8,full_text + noisy_diagram[illumination],OK,E,is_a,point
8,8,full_text + noisy_diagram[illumination],OK,F,is_a,point
8,8,full_text + noisy_diagram[illumination],OK,ABC,is_a,triangle
8,8,full_text + noisy_diagram[illumination],OK,DEF,is_a,triangle
8,8,full_text + noisy_diagram[illumination],OK,A,connects,B
8,8,full_text + noisy_diagram[illumination],OK,B,connects,C
8,8,full_text + noisy_diagram[illumination],OK,C,connects,A
8,8,full_text + noisy_diagram[illumination],OK,D,connects,E
8,8,full_text + noisy_diagram[illumination],OK,E,connects,F
8,8,full_text + noisy_diagram[illumination],OK,F,connects,D
8,8,full_text + noisy_diagram[illumination],OK,A,mapped_to,D
8,8,full_text + noisy_diagram[illumination],OK,B,mapped_to,E
8,8,full_text + noisy_diagram[illumination],OK,BC,has_measure,5.0
8,8,full_text + noisy_diagram[illumination],OK,BF,has_measure,7.0
8,8,full_text + noisy_diagram[illumination],OK,EC,has_measure,?
,,,,,,
9,8,full_text + noisy_diagram[illumination],OK,A,is_a,point
9,8,full_text + noisy_diagram[illumination],OK,B,is_a,point
9,8,full_text + noisy_diagram[illumination],OK,C,is_a,point
9,8,full_text + noisy_diagram[illumination],OK,D,is_a,point
9,8,full_text + noisy_diagram[illumination],OK,E,is_a,point
9,8,full_text + noisy_diagram[illumination],OK,AB,is_a,segment
9,8,full_text + noisy_diagram[illumination],OK,AC,is_a,segment
9,8,full_text + noisy_diagram[illumination],OK,BC,is_a,segment
9,8,full_text + noisy_diagram[illumination],OK,AD,is_a,segment
9,8,full_text + noisy_diagram[illumination],OK,DE,is_a,segment
9,8,full_text + noisy_diagram[illumination],OK,∠C,is_a,angle
9,8,full_text + noisy_diagram[illumination],OK,∠CAB,is_a,angle
9,8,full_text + noisy_diagram[illumination],OK,A,connects,B
9,8,full_text + noisy_diagram[illumination],OK,A,connects,C
9,8,full_text + noisy_diagram[illumination],OK,B,connects,C
9,8,full_text + noisy_diagram[illumination],OK,A,connects,D
9,8,full_text + noisy_diagram[illumination],OK,D,connects,B
9,8,full_text + noisy_diagram[illumination],OK,D,connects,E
9,8,full_text + noisy_diagram[illumination],OK,E,connects,B
9,8,full_text + noisy_diagram[illumination],OK,∠C,has_measure,90_deg
9,8,full_text + noisy_diagram[illumination],OK,AC,has_measure,?
9,8,full_text + noisy_diagram[illumination],OK,BC,has_measure,?
9,8,full_text + noisy_diagram[illumination],OK,AB,has_measure,6.0_units
9,8,full_text + noisy_diagram[illumination],OK,AD,intersects,BC
9,8,full_text + noisy_diagram[illumination],OK,AD,intersects,AB
9,8,full_text + noisy_diagram[illumination],OK,DE,perpendicular_to,AB
9,8,full_text + noisy_diagram[illumination],OK,AC,parallel_to,BC
,,,,,,
10,8,full_text + noisy_diagram[illumination],OK,A,is_a,point
10,8,full_text + noisy_diagram[illumination],OK,B,is_a,point
10,8,full_text + noisy_diagram[illumination],OK,C,is_a,point
10,8,full_text + noisy_diagram[illumination],OK,D,is_a,point
10,8,full_text + noisy_diagram[illumination],OK,E,is_a,point
10,8,full_text + noisy_diagram[illumination],OK,AB,is_a,segment
10,8,full_text + noisy_diagram[illumination],OK,AC,is_a,segment
10,8,full_text + noisy_diagram[illumination],OK,AD,is_a,segment
10,8,full_text + noisy_diagram[illumination],OK,AE,is_a,segment
10,8,full_text + noisy_diagram[illumination],OK,BD,is_a,segment
10,8,full_text + noisy_diagram[illumination],OK,BC,is_a,segment
10,8,full_text + noisy_diagram[illumination],OK,AB,has_measure,?
10,8,full_text + noisy_diagram[illumination],OK,AC,has_measure,?
10,8,full_text + noisy_diagram[illumination],OK,∠BAC,has_measure,36_deg
10,8,full_text + noisy_diagram[illumination],OK,AB,parallel_to,AC
10,8,full_text + noisy_diagram[illumination],OK,BD,perpendicular_to,AC
,,,,,,
11,8,full_text + noisy_diagram[illumination],OK,A,is_a,point
11,8,full_text + noisy_diagram[illumination],OK,B,is_a,point
11,8,full_text + noisy_diagram[illumination],OK,C,is_a,point
11,8,full_text + noisy_diagram[illumination],OK,ABC,is_a,triangle
11,8,full_text + noisy_diagram[illumination],OK,∠C,is_a,angle
11,8,full_text + noisy_diagram[illumination],OK,∠C,has_measure,36_deg
11,8,full_text + noisy_diagram[illumination],OK,E,is_a,point
11,8,full_text + noisy_diagram[illumination],OK,D,is_a,point
11,8,full_text + noisy_diagram[illumination],OK,AED,is_a,triangle
11,8,full_text + noisy_diagram[illumination],OK,ABC,rotated_about,A
11,8,full_text + noisy_diagram[illumination],OK,ABC,mapped_to,AED
11,8,full_text + noisy_diagram[illumination],OK,60_deg,is_a,angle
11,8,full_text + noisy_diagram[illumination],OK,AD,is_a,segment
11,8,full_text + noisy_diagram[illumination],OK,BC,is_a,segment
11,8,full_text + noisy_diagram[illumination],OK,F,is_a,point
11,8,full_text + noisy_diagram[illumination],OK,AD,intersects,BC
11,8,full_text + noisy_diagram[illumination],OK,AD,intersects,F
11,8,full_text + noisy_diagram[illumination],OK,BC,intersects,F
11,8,full_text + noisy_diagram[illumination],OK,∠AFC,is_a,angle
11,8,full_text + noisy_diagram[illumination],OK,∠AFC,has_measure,?
11,8,full_text + noisy_diagram[illumination],OK,∠BAE,is_a,angle
11,8,full_text + noisy_diagram[illumination],OK,∠BAE,has_measure,60_deg
,,,,,,
14,8,full_text + noisy_diagram[illumination],OK,A,is_a,point
14,8,full_text + noisy_diagram[illumination],OK,B,is_a,point
14,8,full_text + noisy_diagram[illumination],OK,C,is_a,point
14,8,full_text + noisy_diagram[illumination],OK,O,is_a,point
14,8,full_text + noisy_diagram[illumination],OK,O,is_a,center
14,8,full_text + noisy_diagram[illumination],OK,ABC,is_a,triangle
14,8,full_text + noisy_diagram[illumination],OK,OAB,is_a,angle
14,8,full_text + noisy_diagram[illumination],OK,OAB,has_measure,35_deg
14,8,full_text + noisy_diagram[illumination],OK,A,lies_on,circle
14,8,full_text + noisy_diagram[illumination],OK,B,lies_on,circle
14,8,full_text + noisy_diagram[illumination],OK,C,lies_on,circle
14,8,full_text + noisy_diagram[illumination],OK,O,center_of,circle
14,8,full_text + noisy_diagram[illumination],OK,A,connects,B
14,8,full_text + noisy_diagram[illumination],OK,B,connects,C
14,8,full_text + noisy_diagram[illumination],OK,C,connects,A
14,8,full_text + noisy_diagram[illumination],OK,A,connects,O
14,8,full_text + noisy_diagram[illumination],OK,B,connects,O
14,8,full_text + noisy_diagram[illumination],OK,C,connects,O
14,8,full_text + noisy_diagram[illumination],OK,?,is_a,angle
14,8,full_text + noisy_diagram[illumination],OK,?,is_a,query_target
,,,,,,
16,8,full_text + noisy_diagram[illumination],OK,O,is_a,point
16,8,full_text + noisy_diagram[illumination],OK,A,is_a,point
16,8,full_text + noisy_diagram[illumination],OK,B,is_a,point
16,8,full_text + noisy_diagram[illumination],OK,C,is_a,point
16,8,full_text + noisy_diagram[illumination],OK,OA,is_a,segment
16,8,full_text + noisy_diagram[illumination],OK,OB,is_a,segment
16,8,full_text + noisy_diagram[illumination],OK,AC,is_a,segment
16,8,full_text + noisy_diagram[illumination],OK,∠BOC,is_a,angle
16,8,full_text + noisy_diagram[illumination],OK,O,center_of,circle
16,8,full_text + noisy_diagram[illumination],OK,AC,parallel_to,OB
16,8,full_text + noisy_diagram[illumination],OK,∠BOC,has_measure,50_deg
16,8,full_text + noisy_diagram[illumination],OK,O,connects,A
16,8,full_text + noisy_diagram[illumination],OK,O,connects,B
16,8,full_text + noisy_diagram[illumination],OK,O,connects,C
16,8,full_text + noisy_diagram[illumination],OK,A,connects,C
16,8,full_text + noisy_diagram[illumination],OK,B,lies_on,circle
16,8,full_text + noisy_diagram[illumination],OK,C,lies_on,circle
16,8,full_text + noisy_diagram[illumination],OK,AC,lies_on,circle
16,8,full_text + noisy_diagram[illumination],OK,OB,radius_of,circle
16,8,full_text + noisy_diagram[illumination],OK,?,is_a,query_target
,,,,,,
17,8,full_text + noisy_diagram[illumination],OK,A,is_a,point
17,8,full_text + noisy_diagram[illumination],OK,B,is_a,point
17,8,full_text + noisy_diagram[illumination],OK,C,is_a,point
17,8,full_text + noisy_diagram[illumination],OK,D,is_a,point
17,8,full_text + noisy_diagram[illumination],OK,O,is_a,point
17,8,full_text + noisy_diagram[illumination],OK,ABCD,is_a,parallelogram
17,8,full_text + noisy_diagram[illumination],OK,AC,is_a,diagonal
17,8,full_text + noisy_diagram[illumination],OK,BD,is_a,diagonal
17,8,full_text + noisy_diagram[illumination],OK,AC,intersects,BD
17,8,full_text + noisy_diagram[illumination],OK,AC,intersects,O
17,8,full_text + noisy_diagram[illumination],OK,BD,intersects,O
17,8,full_text + noisy_diagram[illumination],OK,A,connects,D
17,8,full_text + noisy_diagram[illumination],OK,B,connects,C
17,8,full_text + noisy_diagram[illumination],OK,A,connects,B
17,8,full_text + noisy_diagram[illumination],OK,C,connects,D
17,8,full_text + noisy_diagram[illumination],OK,D,connects,A
17,8,full_text + noisy_diagram[illumination],OK,B,connects,A
17,8,full_text + noisy_diagram[illumination],OK,C,connects,B
17,8,full_text + noisy_diagram[illumination],OK,∠DAC,is_a,angle
17,8,full_text + noisy_diagram[illumination],OK,∠DAC,has_measure,42_deg
17,8,full_text + noisy_diagram[illumination],OK,∠CBD,is_a,angle
17,8,full_text + noisy_diagram[illumination],OK,∠CBD,has_measure,23_deg
17,8,full_text + noisy_diagram[illumination],OK,∠COD,is_a,angle
17,8,full_text + noisy_diagram[illumination],OK,∠COD,has_measure,?
,,,,,,
20,8,full_text + noisy_diagram[illumination],OK,A,is_a,point
20,8,full_text + noisy_diagram[illumination],OK,B,is_a,point
20,8,full_text + noisy_diagram[illumination],OK,O,is_a,point
20,8,full_text + noisy_diagram[illumination],OK,C,is_a,point
20,8,full_text + noisy_diagram[illumination],OK,D,is_a,point
20,8,full_text + noisy_diagram[illumination],OK,AB,is_a,segment
20,8,full_text + noisy_diagram[illumination],OK,AC,is_a,segment
20,8,full_text + noisy_diagram[illumination],OK,BC,is_a,segment
20,8,full_text + noisy_diagram[illumination],OK,CD,is_a,segment
20,8,full_text + noisy_diagram[illumination],OK,OD,is_a,segment
20,8,full_text + noisy_diagram[illumination],OK,AB,is_a,diameter
20,8,full_text + noisy_diagram[illumination],OK,O,center_of,AB
20,8,full_text + noisy_diagram[illumination],OK,A,lies_on,O
20,8,full_text + noisy_diagram[illumination],OK,B,lies_on,O
20,8,full_text + noisy_diagram[illumination],OK,C,lies_on,O
20,8,full_text + noisy_diagram[illumination],OK,D,lies_on,O
20,8,full_text + noisy_diagram[illumination],OK,∠DOB,is_a,angle
20,8,full_text + noisy_diagram[illumination],OK,∠DOB,has_measure,140_deg
,,,,,,
22,8,full_text + noisy_diagram[illumination],OK,A,is_a,point
22,8,full_text + noisy_diagram[illumination],OK,B,is_a,point
22,8,full_text + noisy_diagram[illumination],OK,C,is_a,point
22,8,full_text + noisy_diagram[illumination],OK,D,is_a,point
22,8,full_text + noisy_diagram[illumination],OK,M,is_a,point
22,8,full_text + noisy_diagram[illumination],OK,N,is_a,point
22,8,full_text + noisy_diagram[illumination],OK,O,is_a,point
22,8,full_text + noisy_diagram[illumination],OK,AM,is_a,segment
22,8,full_text + noisy_diagram[illumination],OK,CN,is_a,segment
22,8,full_text + noisy_diagram[illumination],OK,MN,is_a,segment
22,8,full_text + noisy_diagram[illumination],OK,AC,is_a,segment
22,8,full_text + noisy_diagram[illumination],OK,BO,is_a,segment
22,8,full_text + noisy_diagram[illumination],OK,ABCD,is_a,diamond
22,8,full_text + noisy_diagram[illumination],OK,M,lies_on,AB
22,8,full_text + noisy_diagram[illumination],OK,N,lies_on,CD
22,8,full_text + noisy_diagram[illumination],OK,MN,intersects,AC
22,8,full_text + noisy_diagram[illumination],OK,AC,intersects,MN
22,8,full_text + noisy_diagram[illumination],OK,MN,intersects,BO
22,8,full_text + noisy_diagram[illumination],OK,BO,intersects,MN
22,8,full_text + noisy_diagram[illumination],OK,AM,has_measure,CN
22,8,full_text + noisy_diagram[illumination],OK,∠DAC,is_a,angle
22,8,full_text + noisy_diagram[illumination],OK,∠DAC,has_measure,28_deg
22,8,full_text + noisy_diagram[illumination],OK,∠OBC,is_a,angle
22,8,full_text + noisy_diagram[illumination],OK,∠OBC,has_measure,?
,,,,,,
25,8,full_text + noisy_diagram[illumination],OK,A,is_a,point
25,8,full_text + noisy_diagram[illumination],OK,B,is_a,point
25,8,full_text + noisy_diagram[illumination],OK,C,is_a,point
25,8,full_text + noisy_diagram[illumination],OK,E,is_a,point
25,8,full_text + noisy_diagram[illumination],OK,F,is_a,point
25,8,full_text + noisy_diagram[illumination],OK,EF,is_a,segment
25,8,full_text + noisy_diagram[illumination],OK,BC,is_a,segment
25,8,full_text + noisy_diagram[illumination],OK,AC,is_a,segment
25,8,full_text + noisy_diagram[illumination],OK,BAF,is_a,angle
25,8,full_text + noisy_diagram[illumination],OK,∠B,is_a,angle
25,8,full_text + noisy_diagram[illumination],OK,EF,parallel_to,BC
25,8,full_text + noisy_diagram[illumination],OK,AC,bisects,∠BAF
25,8,full_text + noisy_diagram[illumination],OK,∠B,has_measure,50_deg
,,,,,,
26,8,full_text + noisy_diagram[illumination],OK,height,is_a,?
26,8,full_text + noisy_diagram[illumination],OK,flagpole,is_a,?
26,8,full_text + noisy_diagram[illumination],OK,bamboo_pole,is_a,?
26,8,full_text + noisy_diagram[illumination],OK,length_of_bamboo_pole,has_measure,3.2_m
26,8,full_text + noisy_diagram[illumination],OK,distance_between_bamboo_pole_and_point,has_measure,8.0_m
26,8,full_text + noisy_diagram[illumination],OK,distance_between_flagpole_and_point,has_measure,22.0_m
26,8,full_text + noisy_diagram[illumination],OK,height_of_flagpole,is_a,?
26,8,full_text + noisy_diagram[illumination],OK,bamboo_pole,connects,top_of_bamboo_pole
26,8,full_text + noisy_diagram[illumination],OK,top_of_bamboo_pole,lies_on,point_on_ground
26,8,full_text + noisy_diagram[illumination],OK,shadow_of_top_of_flagpole,lies_on,point_on_ground
26,8,full_text + noisy_diagram[illumination],OK,bamboo_pole,lies_on,point_on_ground
26,8,full_text + noisy_diagram[illumination],OK,distance_between_bamboo_pole_and_point,connects,"bamboo_pole, point_on_ground"
26,8,full_text + noisy_diagram[illumination],OK,distance_between_flagpole_and_point,connects,"flagpole, point_on_ground"
26,8,full_text + noisy_diagram[illumination],OK,flagpole,connects,top_of_flagpole
26,8,full_text + noisy_diagram[illumination],OK,top_of_flagpole,lies_on,point_on_ground
,,,,,,
29,8,full_text + noisy_diagram[illumination],OK,A,is_a,point
29,8,full_text + noisy_diagram[illumination],OK,B,is_a,point
29,8,full_text + noisy_diagram[illumination],OK,C,is_a,point
29,8,full_text + noisy_diagram[illumination],OK,D,is_a,point
29,8,full_text + noisy_diagram[illumination],OK,ABC,is_a,triangle
29,8,full_text + noisy_diagram[illumination],OK,BD,is_a,segment
29,8,full_text + noisy_diagram[illumination],OK,CD,is_a,segment
29,8,full_text + noisy_diagram[illumination],OK,∠A,is_a,angle
29,8,full_text + noisy_diagram[illumination],OK,∠A,has_measure,50_deg
29,8,full_text + noisy_diagram[illumination],OK,D,is_a,intersection_point
29,8,full_text + noisy_diagram[illumination],OK,D,lies_on,BD
29,8,full_text + noisy_diagram[illumination],OK,D,lies_on,CD
29,8,full_text + noisy_diagram[illumination],OK,BD,connects,B
29,8,full_text + noisy_diagram[illumination],OK,BD,connects,D
29,8,full_text + noisy_diagram[illumination],OK,CD,connects,C
29,8,full_text + noisy_diagram[illumination],OK,CD,connects,D
29,8,full_text + noisy_diagram[illumination],OK,∠BDC,is_a,angle
29,8,full_text + noisy_diagram[illumination],OK,∠BDC,has_measure,?
,,,,,,
30,8,full_text + noisy_diagram[illumination],OK,O,is_a,point
30,8,full_text + noisy_diagram[illumination],OK,A,is_a,point
30,8,full_text + noisy_diagram[illumination],OK,B,is_a,point
30,8,full_text + noisy_diagram[illumination],OK,C,is_a,point
30,8,full_text + noisy_diagram[illumination],OK,OA,is_a,segment
30,8,full_text + noisy_diagram[illumination],OK,OB,is_a,segment
30,8,full_text + noisy_diagram[illumination],OK,OC,is_a,segment
30,8,full_text + noisy_diagram[illumination],OK,OA,has_measure,?
30,8,full_text + noisy_diagram[illumination],OK,OB,has_measure,?
30,8,full_text + noisy_diagram[illumination],OK,OC,has_measure,?
30,8,full_text + noisy_diagram[illumination],OK,OA,is_a,radius
30,8,full_text + noisy_diagram[illumination],OK,OB,is_a,radius
30,8,full_text + noisy_diagram[illumination],OK,OC,is_a,radius
30,8,full_text + noisy_diagram[illumination],OK,∠ACB,is_a,angle
30,8,full_text + noisy_diagram[illumination],OK,∠ACB,has_measure,30_deg
30,8,full_text + noisy_diagram[illumination],OK,∠AOB,is_a,angle
30,8,full_text + noisy_diagram[illumination],OK,∠AOB,has_measure,?
,,,,,,
32,8,full_text + noisy_diagram[illumination],OK,A,is_a,point
32,8,full_text + noisy_diagram[illumination],OK,B,is_a,point
32,8,full_text + noisy_diagram[illumination],OK,C,is_a,point
32,8,full_text + noisy_diagram[illumination],OK,I,is_a,point
32,8,full_text + noisy_diagram[illumination],OK,D,is_a,point
32,8,full_text + noisy_diagram[illumination],OK,E,is_a,point
32,8,full_text + noisy_diagram[illumination],OK,F,is_a,point
32,8,full_text + noisy_diagram[illumination],OK,ABC,is_a,triangle
32,8,full_text + noisy_diagram[illumination],OK,I,is_a,circle
32,8,full_text + noisy_diagram[illumination],OK,I,center_of,circle
32,8,full_text + noisy_diagram[illumination],OK,DEF,is_a,angle
32,8,full_text + noisy_diagram[illumination],OK,DEF,has_measure,52_deg
32,8,full_text + noisy_diagram[illumination],OK,D,lies_on,circle
32,8,full_text + noisy_diagram[illumination],OK,E,lies_on,circle
32,8,full_text + noisy_diagram[illumination],OK,F,lies_on,circle
32,8,full_text + noisy_diagram[illumination],OK,D,lies_on,triangle
32,8,full_text + noisy_diagram[illumination],OK,E,lies_on,triangle
32,8,full_text + noisy_diagram[illumination],OK,F,lies_on,triangle
32,8,full_text + noisy_diagram[illumination],OK,D,is_a,tangent_point
32,8,full_text + noisy_diagram[illumination],OK,E,is_a,tangent_point
32,8,full_text + noisy_diagram[illumination],OK,F,is_a,tangent_point
32,8,full_text + noisy_diagram[illumination],OK,∠A,is_a,angle
32,8,full_text + noisy_diagram[illumination],OK,∠A,has_measure,?
,,,,,,
34,8,full_text + noisy_diagram[illumination],OK,A,is_a,point
34,8,full_text + noisy_diagram[illumination],OK,B,is_a,point
34,8,full_text + noisy_diagram[illumination],OK,C,is_a,point
34,8,full_text + noisy_diagram[illumination],OK,D,is_a,point
34,8,full_text + noisy_diagram[illumination],OK,E,is_a,point
34,8,full_text + noisy_diagram[illumination],OK,F,is_a,point
34,8,full_text + noisy_diagram[illumination],OK,P,is_a,point
34,8,full_text + noisy_diagram[illumination],OK,Q,is_a,point
34,8,full_text + noisy_diagram[illumination],OK,AB,is_a,line
34,8,full_text + noisy_diagram[illumination],OK,CD,is_a,line
34,8,full_text + noisy_diagram[illumination],OK,EF,is_a,line
34,8,full_text + noisy_diagram[illumination],OK,AB,parallel_to,CD
34,8,full_text + noisy_diagram[illumination],OK,AB,lies_on,"left_of, CD"
34,8,full_text + noisy_diagram[illumination],OK,P,is_a,"intersection, EF, AB"
34,8,full_text + noisy_diagram[illumination],OK,Q,is_a,"intersection, EF, CD"
34,8,full_text + noisy_diagram[illumination],OK,∠BPF,is_a,angle
34,8,full_text + noisy_diagram[illumination],OK,∠BPF,has_measure,100_deg
34,8,full_text + noisy_diagram[illumination],OK,∠CQF,is_a,angle
34,8,full_text + noisy_diagram[illumination],OK,∠CQF,is_a,?
,,,,,,
36,8,full_text + noisy_diagram[illumination],OK,A,is_a,point
36,8,full_text + noisy_diagram[illumination],OK,B,is_a,point
36,8,full_text + noisy_diagram[illumination],OK,O,is_a,point
36,8,full_text + noisy_diagram[illumination],OK,C,is_a,point
36,8,full_text + noisy_diagram[illumination],OK,D,is_a,point
36,8,full_text + noisy_diagram[illumination],OK,AB,is_a,segment
36,8,full_text + noisy_diagram[illumination],OK,AC,is_a,segment
36,8,full_text + noisy_diagram[illumination],OK,DC,is_a,segment
36,8,full_text + noisy_diagram[illumination],OK,DB,is_a,segment
36,8,full_text + noisy_diagram[illumination],OK,O,is_a,circle
36,8,full_text + noisy_diagram[illumination],OK,O,center_of,circle
36,8,full_text + noisy_diagram[illumination],OK,AB,diameter_of,circle
36,8,full_text + noisy_diagram[illumination],OK,C,lies_on,circle
36,8,full_text + noisy_diagram[illumination],OK,D,lies_on,extension_of_AB
36,8,full_text + noisy_diagram[illumination],OK,DC,tangent_to,circle
36,8,full_text + noisy_diagram[illumination],OK,∠BDC,is_a,angle
36,8,full_text + noisy_diagram[illumination],OK,∠BDC,has_measure,50_deg
36,8,full_text + noisy_diagram[illumination],OK,∠BAC,is_a,angle
,,,,,,
37,8,full_text + noisy_diagram[illumination],OK,A,is_a,point
37,8,full_text + noisy_diagram[illumination],OK,B,is_a,point
37,8,full_text + noisy_diagram[illumination],OK,C,is_a,point
37,8,full_text + noisy_diagram[illumination],OK,D,is_a,point
37,8,full_text + noisy_diagram[illumination],OK,O,is_a,point
37,8,full_text + noisy_diagram[illumination],OK,P,is_a,point
37,8,full_text + noisy_diagram[illumination],OK,AB,is_a,segment
37,8,full_text + noisy_diagram[illumination],OK,CD,is_a,segment
37,8,full_text + noisy_diagram[illumination],OK,AP,is_a,segment
37,8,full_text + noisy_diagram[illumination],OK,AB,parallel_to,CD
37,8,full_text + noisy_diagram[illumination],OK,AB,intersects,transversal
37,8,full_text + noisy_diagram[illumination],OK,transversal,intersects,AB
37,8,full_text + noisy_diagram[illumination],OK,transversal,intersects,CD
37,8,full_text + noisy_diagram[illumination],OK,O,lies_on,AB
37,8,full_text + noisy_diagram[illumination],OK,C,lies_on,CD
37,8,full_text + noisy_diagram[illumination],OK,C,collinear_with,O
37,8,full_text + noisy_diagram[illumination],OK,C,collinear_with,P
37,8,full_text + noisy_diagram[illumination],OK,O,collinear_with,C
37,8,full_text + noisy_diagram[illumination],OK,O,collinear_with,P
37,8,full_text + noisy_diagram[illumination],OK,P,collinear_with,C
37,8,full_text + noisy_diagram[illumination],OK,P,collinear_with,O
37,8,full_text + noisy_diagram[illumination],OK,A,lies_on,AB
37,8,full_text + noisy_diagram[illumination],OK,AP,connects,A
37,8,full_text + noisy_diagram[illumination],OK,AP,connects,P
37,8,full_text + noisy_diagram[illumination],OK,AO,has_measure,OP
37,8,full_text + noisy_diagram[illumination],OK,OCD,has_measure,50_deg
,,,,,,
38,8,full_text + noisy_diagram[illumination],OK,A,is_a,point
38,8,full_text + noisy_diagram[illumination],OK,B,is_a,point
38,8,full_text + noisy_diagram[illumination],OK,C,is_a,point
38,8,full_text + noisy_diagram[illumination],OK,ABC,is_a,triangle
38,8,full_text + noisy_diagram[illumination],OK,AB,is_a,segment
38,8,full_text + noisy_diagram[illumination],OK,AC,is_a,segment
38,8,full_text + noisy_diagram[illumination],OK,AD,is_a,line
38,8,full_text + noisy_diagram[illumination],OK,D,is_a,point
38,8,full_text + noisy_diagram[illumination],OK,AB,has_measure,?
38,8,full_text + noisy_diagram[illumination],OK,AC,has_measure,?
38,8,full_text + noisy_diagram[illumination],OK,AD,parallel_to,BC
38,8,full_text + noisy_diagram[illumination],OK,D,lies_on,AD
38,8,full_text + noisy_diagram[illumination],OK,CAD,is_a,angle
38,8,full_text + noisy_diagram[illumination],OK,CAD,has_measure,70_deg
38,8,full_text + noisy_diagram[illumination],OK,BAC,is_a,angle
38,8,full_text + noisy_diagram[illumination],OK,BAC,has_measure,?
,,,,,,
40,8,full_text + noisy_diagram[illumination],OK,a,is_a,line
40,8,full_text + noisy_diagram[illumination],OK,b,is_a,line
40,8,full_text + noisy_diagram[illumination],OK,c,is_a,line
40,8,full_text + noisy_diagram[illumination],OK,a,parallel_to,b
40,8,full_text + noisy_diagram[illumination],OK,a,is_a,horizontal
40,8,full_text + noisy_diagram[illumination],OK,b,is_a,horizontal
40,8,full_text + noisy_diagram[illumination],OK,c,intersects,a
40,8,full_text + noisy_diagram[illumination],OK,c,intersects,b
40,8,full_text + noisy_diagram[illumination],OK,E,is_a,point
40,8,full_text + noisy_diagram[illumination],OK,F,is_a,point
40,8,full_text + noisy_diagram[illumination],OK,c,connects,E
40,8,full_text + noisy_diagram[illumination],OK,c,connects,F
40,8,full_text + noisy_diagram[illumination],OK,A,is_a,point
40,8,full_text + noisy_diagram[illumination],OK,B,is_a,point
40,8,full_text + noisy_diagram[illumination],OK,C,is_a,point
40,8,full_text + noisy_diagram[illumination],OK,D,is_a,point
40,8,full_text + noisy_diagram[illumination],OK,A,lies_on,a
40,8,full_text + noisy_diagram[illumination],OK,B,lies_on,b
40,8,full_text + noisy_diagram[illumination],OK,C,lies_on,c
40,8,full_text + noisy_diagram[illumination],OK,D,lies_on,c
40,8,full_text + noisy_diagram[illumination],OK,E,lies_on,a
40,8,full_text + noisy_diagram[illumination],OK,F,lies_on,b
40,8,full_text + noisy_diagram[illumination],OK,A,to_the_right_of,E
40,8,full_text + noisy_diagram[illumination],OK,B,to_the_right_of,F
40,8,full_text + noisy_diagram[illumination],OK,C,above,E
40,8,full_text + noisy_diagram[illumination],OK,D,below,F
40,8,full_text + noisy_diagram[illumination],OK,AEC,is_a,angle
40,8,full_text + noisy_diagram[illumination],OK,AEC,has_measure,50_deg
40,8,full_text + noisy_diagram[illumination],OK,BFD,is_a,angle
,,,,,,
43,8,full_text + noisy_diagram[illumination],OK,A,is_a,point
43,8,full_text + noisy_diagram[illumination],OK,B,is_a,point
43,8,full_text + noisy_diagram[illumination],OK,O,is_a,point
43,8,full_text + noisy_diagram[illumination],OK,D,is_a,point
43,8,full_text + noisy_diagram[illumination],OK,C,is_a,point
43,8,full_text + noisy_diagram[illumination],OK,OAB,is_a,triangle
43,8,full_text + noisy_diagram[illumination],OK,OD,is_a,segment
43,8,full_text + noisy_diagram[illumination],OK,OC,is_a,segment
43,8,full_text + noisy_diagram[illumination],OK,OA,is_a,segment
43,8,full_text + noisy_diagram[illumination],OK,OB,is_a,segment
43,8,full_text + noisy_diagram[illumination],OK,OAB,rotated_about,O
43,8,full_text + noisy_diagram[illumination],OK,A,mapped_to,D
43,8,full_text + noisy_diagram[illumination],OK,B,mapped_to,C
43,8,full_text + noisy_diagram[illumination],OK,OD,is_a,"image_of, OA"
43,8,full_text + noisy_diagram[illumination],OK,OC,is_a,"image_of, OB"
43,8,full_text + noisy_diagram[illumination],OK,AOC,has_measure,100_deg
43,8,full_text + noisy_diagram[illumination],OK,DOB,has_measure,?
43,8,full_text + noisy_diagram[illumination],OK,OAB,rotated_about,30_deg
,,,,,,
44,8,full_text + noisy_diagram[illumination],OK,A,is_a,point
44,8,full_text + noisy_diagram[illumination],OK,B,is_a,point
44,8,full_text + noisy_diagram[illumination],OK,AB,is_a,segment
44,8,full_text + noisy_diagram[illumination],OK,AB,has_measure,30_units
44,8,full_text + noisy_diagram[illumination],OK,X,is_a,point
44,8,full_text + noisy_diagram[illumination],OK,Y,is_a,point
44,8,full_text + noisy_diagram[illumination],OK,XY,is_a,segment
44,8,full_text + noisy_diagram[illumination],OK,XY,has_measure,25_units
44,8,full_text + noisy_diagram[illumination],OK,X,connects,A
44,8,full_text + noisy_diagram[illumination],OK,Y,connects,B
,,,,,,
45,8,full_text + noisy_diagram[illumination],OK,O,is_a,point
45,8,full_text + noisy_diagram[illumination],OK,A,is_a,point
45,8,full_text + noisy_diagram[illumination],OK,B,is_a,point
45,8,full_text + noisy_diagram[illumination],OK,C,is_a,point
45,8,full_text + noisy_diagram[illumination],OK,O,is_a,center
45,8,full_text + noisy_diagram[illumination],OK,AO,is_a,segment
45,8,full_text + noisy_diagram[illumination],OK,BO,is_a,segment
45,8,full_text + noisy_diagram[illumination],OK,AC,is_a,segment
45,8,full_text + noisy_diagram[illumination],OK,BC,is_a,segment
45,8,full_text + noisy_diagram[illumination],OK,∠ACB,is_a,angle
45,8,full_text + noisy_diagram[illumination],OK,∠ACB,has_measure,35_deg
45,8,full_text + noisy_diagram[illumination],OK,A,lies_on,circumference
45,8,full_text + noisy_diagram[illumination],OK,B,lies_on,circumference
45,8,full_text + noisy_diagram[illumination],OK,C,lies_on,circumference
45,8,full_text + noisy_diagram[illumination],OK,O,center_of,circle
45,8,full_text + noisy_diagram[illumination],OK,AO,connects,O
45,8,full_text + noisy_diagram[illumination],OK,AO,connects,A
45,8,full_text + noisy_diagram[illumination],OK,BO,connects,O
45,8,full_text + noisy_diagram[illumination],OK,BO,connects,B
45,8,full_text + noisy_diagram[illumination],OK,AC,connects,A
45,8,full_text + noisy_diagram[illumination],OK,AC,connects,C
45,8,full_text + noisy_diagram[illumination],OK,BC,connects,B
45,8,full_text + noisy_diagram[illumination],OK,BC,connects,C
45,8,full_text + noisy_diagram[illumination],OK,∠ACB,intersects,C
45,8,full_text + noisy_diagram[illumination],OK,∠ACB,intersects,B
45,8,full_text + noisy_diagram[illumination],OK,∠ACB,intersects,A
45,8,full_text + noisy_diagram[illumination],OK,∠AOB,is_a,angle
45,8,full_text + noisy_diagram[illumination],OK,∠AOB,intersects,A
45,8,full_text + noisy_diagram[illumination],OK,∠AOB,intersects,B
45,8,full_text + noisy_diagram[illumination],OK,∠AOB,intersects,O
,,,,,,
46,8,full_text + noisy_diagram[illumination],OK,A,is_a,point
46,8,full_text + noisy_diagram[illumination],OK,B,is_a,point
46,8,full_text + noisy_diagram[illumination],OK,C,is_a,point
46,8,full_text + noisy_diagram[illumination],OK,D,is_a,point
46,8,full_text + noisy_diagram[illumination],OK,AB,is_a,line
46,8,full_text + noisy_diagram[illumination],OK,CD,is_a,line
46,8,full_text + noisy_diagram[illumination],OK,AB,parallel_to,CD
46,8,full_text + noisy_diagram[illumination],OK,A,lies_on,AB
46,8,full_text + noisy_diagram[illumination],OK,B,lies_on,AB
46,8,full_text + noisy_diagram[illumination],OK,C,lies_on,CD
46,8,full_text + noisy_diagram[illumination],OK,D,lies_on,CD
46,8,full_text + noisy_diagram[illumination],OK,transversal,is_a,line
46,8,full_text + noisy_diagram[illumination],OK,transversal,intersects,AB
46,8,full_text + noisy_diagram[illumination],OK,transversal,intersects,CD
46,8,full_text + noisy_diagram[illumination],OK,angle,is_a,angle
46,8,full_text + noisy_diagram[illumination],OK,angle,has_measure,70_deg
46,8,full_text + noisy_diagram[illumination],OK,angle,connects,A
46,8,full_text + noisy_diagram[illumination],OK,angle,connects,transversal
46,8,full_text + noisy_diagram[illumination],OK,angle1,is_a,angle
46,8,full_text + noisy_diagram[illumination],OK,angle1,connects,CD
46,8,full_text + noisy_diagram[illumination],OK,angle1,connects,transversal
,,,,,,
48,8,full_text + noisy_diagram[illumination],OK,O,is_a,point
48,8,full_text + noisy_diagram[illumination],OK,A,is_a,point
48,8,full_text + noisy_diagram[illumination],OK,B,is_a,point
48,8,full_text + noisy_diagram[illumination],OK,C,is_a,point
48,8,full_text + noisy_diagram[illumination],OK,O,center_of,circle
48,8,full_text + noisy_diagram[illumination],OK,A,lies_on,circle
48,8,full_text + noisy_diagram[illumination],OK,B,lies_on,circle
48,8,full_text + noisy_diagram[illumination],OK,C,lies_on,circle
48,8,full_text + noisy_diagram[illumination],OK,BOC,is_a,angle
48,8,full_text + noisy_diagram[illumination],OK,BOC,has_measure,100_deg
48,8,full_text + noisy_diagram[illumination],OK,BAC,is_a,angle
48,8,full_text + noisy_diagram[illumination],OK,BAC,has_measure,?
,,,,,,
49,8,full_text + noisy_diagram[illumination],OK,A,is_a,point
49,8,full_text + noisy_diagram[illumination],OK,B,is_a,point
49,8,full_text + noisy_diagram[illumination],OK,C,is_a,point
49,8,full_text + noisy_diagram[illumination],OK,D,is_a,point
49,8,full_text + noisy_diagram[illumination],OK,E,is_a,point
49,8,full_text + noisy_diagram[illumination],OK,O,is_a,point
49,8,full_text + noisy_diagram[illumination],OK,ABCDE,is_a,cyclic_pentagon
49,8,full_text + noisy_diagram[illumination],OK,A,lies_on,circle
49,8,full_text + noisy_diagram[illumination],OK,B,lies_on,circle
49,8,full_text + noisy_diagram[illumination],OK,C,lies_on,circle
49,8,full_text + noisy_diagram[illumination],OK,D,lies_on,circle
49,8,full_text + noisy_diagram[illumination],OK,E,lies_on,circle
49,8,full_text + noisy_diagram[illumination],OK,O,center_of,circle
49,8,full_text + noisy_diagram[illumination],OK,∠BAC,has_measure,35_deg
49,8,full_text + noisy_diagram[illumination],OK,∠AED,has_measure,115_deg
49,8,full_text + noisy_diagram[illumination],OK,∠BAE,has_measure,30_deg
,,,,,,
50,8,full_text + noisy_diagram[illumination],OK,A,is_a,point
50,8,full_text + noisy_diagram[illumination],OK,B,is_a,point
50,8,full_text + noisy_diagram[illumination],OK,C,is_a,point
50,8,full_text + noisy_diagram[illumination],OK,D,is_a,point
50,8,full_text + noisy_diagram[illumination],OK,E,is_a,point
50,8,full_text + noisy_diagram[illumination],OK,O,is_a,point
50,8,full_text + noisy_diagram[illumination],OK,AB,is_a,line
50,8,full_text + noisy_diagram[illumination],OK,CD,is_a,line
50,8,full_text + noisy_diagram[illumination],OK,EO,is_a,line
50,8,full_text + noisy_diagram[illumination],OK,AB,intersects,CD
50,8,full_text + noisy_diagram[illumination],OK,AB,intersects,EO
50,8,full_text + noisy_diagram[illumination],OK,CD,intersects,EO
50,8,full_text + noisy_diagram[illumination],OK,AB,intersects,O
50,8,full_text + noisy_diagram[illumination],OK,CD,intersects,O
50,8,full_text + noisy_diagram[illumination],OK,EO,intersects,O
50,8,full_text + noisy_diagram[illumination],OK,EO,perpendicular_to,AB
50,8,full_text + noisy_diagram[illumination],OK,BOD,is_a,angle
50,8,full_text + noisy_diagram[illumination],OK,BOD,has_measure,50_deg
50,8,full_text + noisy_diagram[illumination],OK,COE,is_a,angle
50,8,full_text + noisy_diagram[illumination],OK,COE,has_measure,?
,,,,,,
53,8,full_text + noisy_diagram[illumination],OK,a,is_a,line
53,8,full_text + noisy_diagram[illumination],OK,c,is_a,point
53,8,full_text + noisy_diagram[illumination],OK,55_deg,is_a,angle
53,8,full_text + noisy_diagram[illumination],OK,1,is_a,angle
53,8,full_text + noisy_diagram[illumination],OK,c,lies_on,a
53,8,full_text + noisy_diagram[illumination],OK,1,has_measure,55_deg
53,8,full_text + noisy_diagram[illumination],OK,b,is_a,line
53,8,full_text + noisy_diagram[illumination],OK,2,is_a,angle
53,8,full_text + noisy_diagram[illumination],OK,?,is_a,angle
53,8,full_text + noisy_diagram[illumination],OK,2,has_measure,?
53,8,full_text + noisy_diagram[illumination],OK,AB,is_a,line
53,8,full_text + noisy_diagram[illumination],OK,CD,is_a,line
53,8,full_text + noisy_diagram[illumination],OK,AB,parallel_to,CD
53,8,full_text + noisy_diagram[illumination],OK,transversal,is_a,line
53,8,full_text + noisy_diagram[illumination],OK,E,is_a,point
53,8,full_text + noisy_diagram[illumination],OK,F,is_a,point
53,8,full_text + noisy_diagram[illumination],OK,E,lies_on,AB
53,8,full_text + noisy_diagram[illumination],OK,F,lies_on,CD
53,8,full_text + noisy_diagram[illumination],OK,C,is_a,point
53,8,full_text + noisy_diagram[illumination],OK,D,is_a,point
53,8,full_text + noisy_diagram[illumination],OK,C,lies_on,transversal
53,8,full_text + noisy_diagram[illumination],OK,D,lies_on,transversal
53,8,full_text + noisy_diagram[illumination],OK,AEC,is_a,angle
53,8,full_text + noisy_diagram[illumination],OK,AEC,has_measure,55_deg
53,8,full_text + noisy_diagram[illumination],OK,BFD,is_a,angle
53,8,full_text + noisy_diagram[illumination],OK,B,is_a,point
53,8,full_text + noisy_diagram[illumination],OK,B,lies_on,CDE
,,,,,,
55,8,full_text + noisy_diagram[illumination],OK,A,is_a,point
55,8,full_text + noisy_diagram[illumination],OK,B,is_a,point)
55,8,full_text + noisy_diagram[illumination],OK,C,is_a,point)
55,8,full_text + noisy_diagram[illumination],OK,D,is_a,point)
55,8,full_text + noisy_diagram[illumination],OK,O,is_a,point)
55,8,full_text + noisy_diagram[illumination],OK,M,is_a,point)
55,8,full_text + noisy_diagram[illumination],OK,N,is_a,point)
55,8,full_text + noisy_diagram[illumination],OK,AB,is_a,line)
55,8,full_text + noisy_diagram[illumination],OK,CD,is_a,line)
55,8,full_text + noisy_diagram[illumination],OK,OM,is_a,line)
55,8,full_text + noisy_diagram[illumination],OK,ON,is_a,line)
55,8,full_text + noisy_diagram[illumination],OK,AOC,is_a,angle)
55,8,full_text + noisy_diagram[illumination],OK,AB,intersects,CD)
55,8,full_text + noisy_diagram[illumination],OK,AB,intersects,"at, O)"
55,8,full_text + noisy_diagram[illumination],OK,CD,intersects,"at, O)"
55,8,full_text + noisy_diagram[illumination],OK,OM,bisects,AOC)
55,8,full_text + noisy_diagram[illumination],OK,ON,perpendicular_to,OM)
55,8,full_text + noisy_diagram[illumination],OK,AOC,has_measure,70_deg)
,,,,,,
56,8,full_text + noisy_diagram[illumination],OK,O,is_a,point
56,8,full_text + noisy_diagram[illumination],OK,CD,is_a,segment
56,8,full_text + noisy_diagram[illumination],OK,CD,center_of,O
56,8,full_text + noisy_diagram[illumination],OK,CD,diameter_of,circle
56,8,full_text + noisy_diagram[illumination],OK,EF,is_a,segment
56,8,full_text + noisy_diagram[illumination],OK,EF,intersects,CD
56,8,full_text + noisy_diagram[illumination],OK,EF,intersects,G
56,8,full_text + noisy_diagram[illumination],OK,G,is_a,point
56,8,full_text + noisy_diagram[illumination],OK,G,midpoint_of,EF
56,8,full_text + noisy_diagram[illumination],OK,C,is_a,point
56,8,full_text + noisy_diagram[illumination],OK,E,is_a,point
56,8,full_text + noisy_diagram[illumination],OK,F,is_a,point
56,8,full_text + noisy_diagram[illumination],OK,C,lies_on,circle
56,8,full_text + noisy_diagram[illumination],OK,E,lies_on,circle
56,8,full_text + noisy_diagram[illumination],OK,F,lies_on,circle
56,8,full_text + noisy_diagram[illumination],OK,DCF,is_a,angle
56,8,full_text + noisy_diagram[illumination],OK,DCF,has_measure,20_deg
56,8,full_text + noisy_diagram[illumination],OK,EOD,is_a,angle
56,8,full_text + noisy_diagram[illumination],OK,CD,connects,C
56,8,full_text + noisy_diagram[illumination],OK,CD,connects,D
56,8,full_text + noisy_diagram[illumination],OK,EF,connects,E
56,8,full_text + noisy_diagram[illumination],OK,EF,connects,F
56,8,full_text + noisy_diagram[illumination],OK,CD,connects,G
56,8,full_text + noisy_diagram[illumination],OK,EF,connects,G
,,,,,,
57,8,full_text + noisy_diagram[illumination],OK,A,is_a,point
57,8,full_text + noisy_diagram[illumination],OK,B,is_a,point
57,8,full_text + noisy_diagram[illumination],OK,C,is_a,point
57,8,full_text + noisy_diagram[illumination],OK,D,is_a,point
57,8,full_text + noisy_diagram[illumination],OK,AB,is_a,segment
57,8,full_text + noisy_diagram[illumination],OK,CD,is_a,segment
57,8,full_text + noisy_diagram[illumination],OK,AB,parallel_to,CD
57,8,full_text + noisy_diagram[illumination],OK,AB,is_a,horizontal
57,8,full_text + noisy_diagram[illumination],OK,CD,is_a,horizontal
57,8,full_text + noisy_diagram[illumination],OK,CD,below,AB
57,8,full_text + noisy_diagram[illumination],OK,A,lies_on,AB
57,8,full_text + noisy_diagram[illumination],OK,B,lies_on,AB
57,8,full_text + noisy_diagram[illumination],OK,C,lies_on,CD
57,8,full_text + noisy_diagram[illumination],OK,D,lies_on,CD
57,8,full_text + noisy_diagram[illumination],OK,AD,is_a,segment
57,8,full_text + noisy_diagram[illumination],OK,BC,is_a,segment
57,8,full_text + noisy_diagram[illumination],OK,AD,intersects,BC
57,8,full_text + noisy_diagram[illumination],OK,E,is_a,point
57,8,full_text + noisy_diagram[illumination],OK,AD,intersects,"BC, at, E"
57,8,full_text + noisy_diagram[illumination],OK,E,between,AB
57,8,full_text + noisy_diagram[illumination],OK,E,between,CD
57,8,full_text + noisy_diagram[illumination],OK,∠ABC,is_a,angle
57,8,full_text + noisy_diagram[illumination],OK,∠ABC,has_measure,20_deg
57,8,full_text + noisy_diagram[illumination],OK,∠DCB,is_a,angle
,,,,,,
58,8,full_text + noisy_diagram[illumination],OK,A,is_a,point
58,8,full_text + noisy_diagram[illumination],OK,B,is_a,point
58,8,full_text + noisy_diagram[illumination],OK,C,is_a,point
58,8,full_text + noisy_diagram[illumination],OK,D,is_a,point
58,8,full_text + noisy_diagram[illumination],OK,E,is_a,point
58,8,full_text + noisy_diagram[illumination],OK,AB,is_a,line
58,8,full_text + noisy_diagram[illumination],OK,CD,is_a,line
58,8,full_text + noisy_diagram[illumination],OK,EC,is_a,segment
58,8,full_text + noisy_diagram[illumination],OK,ED,is_a,segment
58,8,full_text + noisy_diagram[illumination],OK,∠CED,is_a,angle
58,8,full_text + noisy_diagram[illumination],OK,∠AEC,is_a,angle
58,8,full_text + noisy_diagram[illumination],OK,∠CDE,is_a,angle
58,8,full_text + noisy_diagram[illumination],OK,AB,parallel_to,CD
58,8,full_text + noisy_diagram[illumination],OK,E,lies_on,AB
58,8,full_text + noisy_diagram[illumination],OK,C,lies_on,CD
58,8,full_text + noisy_diagram[illumination],OK,D,lies_on,CD
58,8,full_text + noisy_diagram[illumination],OK,EC,connects,"E, C"
58,8,full_text + noisy_diagram[illumination],OK,ED,connects,"E, D"
58,8,full_text + noisy_diagram[illumination],OK,∠CED,has_measure,90_deg
58,8,full_text + noisy_diagram[illumination],OK,∠AEC,has_measure,35_deg
58,8,full_text + noisy_diagram[illumination],OK,A,collinear_with,E
58,8,full_text + noisy_diagram[illumination],OK,E,collinear_with,B
58,8,full_text + noisy_diagram[illumination],OK,A,collinear_with,B
,,,,,,
59,8,full_text + noisy_diagram[illumination],OK,A,is_a,point
59,8,full_text + noisy_diagram[illumination],OK,B,is_a,point
59,8,full_text + noisy_diagram[illumination],OK,C,is_a,point
59,8,full_text + noisy_diagram[illumination],OK,D,is_a,point
59,8,full_text + noisy_diagram[illumination],OK,AB,is_a,segment
59,8,full_text + noisy_diagram[illumination],OK,CD,is_a,segment
59,8,full_text + noisy_diagram[illumination],OK,AC,is_a,segment
59,8,full_text + noisy_diagram[illumination],OK,AD,is_a,segment
59,8,full_text + noisy_diagram[illumination],OK,AB,parallel_to,CD
59,8,full_text + noisy_diagram[illumination],OK,A,lies_on,AB
59,8,full_text + noisy_diagram[illumination],OK,B,lies_on,AB
59,8,full_text + noisy_diagram[illumination],OK,C,lies_on,CD
59,8,full_text + noisy_diagram[illumination],OK,D,lies_on,CD
59,8,full_text + noisy_diagram[illumination],OK,AC,connects,"A, C"
59,8,full_text + noisy_diagram[illumination],OK,AD,connects,"A, D"
59,8,full_text + noisy_diagram[illumination],OK,AD,bisects,∠BAC
59,8,full_text + noisy_diagram[illumination],OK,∠ACD,has_measure,80_deg
59,8,full_text + noisy_diagram[illumination],OK,∠CDA,has_measure,?
,,,,,,
60,8,full_text + noisy_diagram[illumination],OK,A,is_a,point
60,8,full_text + noisy_diagram[illumination],OK,B,is_a,point
60,8,full_text + noisy_diagram[illumination],OK,C,is_a,point
60,8,full_text + noisy_diagram[illumination],OK,D,is_a,point
60,8,full_text + noisy_diagram[illumination],OK,AB,is_a,segment
60,8,full_text + noisy_diagram[illumination],OK,CD,is_a,segment
60,8,full_text + noisy_diagram[illumination],OK,AB,parallel_to,CD
60,8,full_text + noisy_diagram[illumination],OK,∠2,is_a,angle
60,8,full_text + noisy_diagram[illumination],OK,∠2,has_measure,135_deg
60,8,full_text + noisy_diagram[illumination],OK,∠1,is_a,angle
60,8,full_text + noisy_diagram[illumination],OK,∠1,has_measure,?
60,8,full_text + noisy_diagram[illumination],OK,AB,intersects,CD
,,,,,,
64,8,full_text + noisy_diagram[illumination],OK,O,is_a,point
64,8,full_text + noisy_diagram[illumination],OK,O,center_of,circle
64,8,full_text + noisy_diagram[illumination],OK,AB,is_a,segment
64,8,full_text + noisy_diagram[illumination],OK,AB,has_measure,160_units
64,8,full_text + noisy_diagram[illumination],OK,circle,has_measure,200_units
64,8,full_text + noisy_diagram[illumination],OK,diameter_of,circle,200_units
64,8,full_text + noisy_diagram[illumination],OK,A,is_a,point
64,8,full_text + noisy_diagram[illumination],OK,B,is_a,point
64,8,full_text + noisy_diagram[illumination],OK,A,lies_on,circle
64,8,full_text + noisy_diagram[illumination],OK,B,lies_on,circle
64,8,full_text + noisy_diagram[illumination],OK,AB,connects,A
64,8,full_text + noisy_diagram[illumination],OK,AB,connects,B
64,8,full_text + noisy_diagram[illumination],OK,O,connects,A
64,8,full_text + noisy_diagram[illumination],OK,O,connects,B
64,8,full_text + noisy_diagram[illumination],OK,depth,is_a,?
64,8,full_text + noisy_diagram[illumination],OK,depth,is_a,query_target
,,,,,,
72,8,full_text + noisy_diagram[illumination],OK,A,is_a,point
72,8,full_text + noisy_diagram[illumination],OK,B,is_a,point
72,8,full_text + noisy_diagram[illumination],OK,C,is_a,point
72,8,full_text + noisy_diagram[illumination],OK,D,is_a,point
72,8,full_text + noisy_diagram[illumination],OK,E,is_a,point
72,8,full_text + noisy_diagram[illumination],OK,O,is_a,point
72,8,full_text + noisy_diagram[illumination],OK,AB,is_a,segment
72,8,full_text + noisy_diagram[illumination],OK,BC,is_a,segment
72,8,full_text + noisy_diagram[illumination],OK,CD,is_a,segment
72,8,full_text + noisy_diagram[illumination],OK,DA,is_a,segment
72,8,full_text + noisy_diagram[illumination],OK,AC,is_a,segment
72,8,full_text + noisy_diagram[illumination],OK,BD,is_a,segment
72,8,full_text + noisy_diagram[illumination],OK,ABCD,is_a,parallelogram
72,8,full_text + noisy_diagram[illumination],OK,AB + BC + CD + DA,has_measure,16
72,8,full_text + noisy_diagram[illumination],OK,AC,intersects,BD
72,8,full_text + noisy_diagram[illumination],OK,O,lies_on,AC
72,8,full_text + noisy_diagram[illumination],OK,O,lies_on,BD
72,8,full_text + noisy_diagram[illumination],OK,AD,intersects,E
72,8,full_text + noisy_diagram[illumination],OK,E,lies_on,AD
72,8,full_text + noisy_diagram[illumination],OK,O,lies_on,E
72,8,full_text + noisy_diagram[illumination],OK,OE,perpendicular_to,AC
72,8,full_text + noisy_diagram[illumination],OK,Perimeter of DCE,is_a,query target
,,,,,,
73,8,full_text + noisy_diagram[illumination],OK,A,is_a,point
73,8,full_text + noisy_diagram[illumination],OK,B,is_a,point
73,8,full_text + noisy_diagram[illumination],OK,C,is_a,point
73,8,full_text + noisy_diagram[illumination],OK,O,is_a,point
73,8,full_text + noisy_diagram[illumination],OK,ABC,is_a,triangle
73,8,full_text + noisy_diagram[illumination],OK,AB,is_a,segment
73,8,full_text + noisy_diagram[illumination],OK,BC,is_a,segment
73,8,full_text + noisy_diagram[illumination],OK,CA,is_a,segment
73,8,full_text + noisy_diagram[illumination],OK,AO,is_a,segment
73,8,full_text + noisy_diagram[illumination],OK,BO,is_a,segment
73,8,full_text + noisy_diagram[illumination],OK,CO,is_a,segment
73,8,full_text + noisy_diagram[illumination],OK,A,lies_on,circle_O
73,8,full_text + noisy_diagram[illumination],OK,B,lies_on,circle_O
73,8,full_text + noisy_diagram[illumination],OK,C,lies_on,circle_O
73,8,full_text + noisy_diagram[illumination],OK,AO,connects,A
73,8,full_text + noisy_diagram[illumination],OK,AO,connects,O
73,8,full_text + noisy_diagram[illumination],OK,BO,connects,B
73,8,full_text + noisy_diagram[illumination],OK,BO,connects,O
73,8,full_text + noisy_diagram[illumination],OK,CO,connects,C
73,8,full_text + noisy_diagram[illumination],OK,CO,connects,O
73,8,full_text + noisy_diagram[illumination],OK,∠ABC,has_measure,70_deg
73,8,full_text + noisy_diagram[illumination],OK,O,is_a,"center_of, circle_O"
73,8,full_text + noisy_diagram[illumination],OK,∠AOC,is_a,angle
73,8,full_text + noisy_diagram[illumination],OK,∠AOC,has_measure,?
,,,,,,
78,8,full_text + noisy_diagram[illumination],OK,A,is_a,point
78,8,full_text + noisy_diagram[illumination],OK,B,is_a,point
78,8,full_text + noisy_diagram[illumination],OK,AB,is_a,segment
78,8,full_text + noisy_diagram[illumination],OK,AB,connects,A
78,8,full_text + noisy_diagram[illumination],OK,AB,connects,B
78,8,full_text + noisy_diagram[illumination],OK,CD,is_a,segment
78,8,full_text + noisy_diagram[illumination],OK,CD,connects,C
78,8,full_text + noisy_diagram[illumination],OK,CD,connects,D
78,8,full_text + noisy_diagram[illumination],OK,C,is_a,point
78,8,full_text + noisy_diagram[illumination],OK,D,is_a,point
78,8,full_text + noisy_diagram[illumination],OK,E,is_a,point
78,8,full_text + noisy_diagram[illumination],OK,AE,is_a,segment
78,8,full_text + noisy_diagram[illumination],OK,ACE,is_a,angle
78,8,full_text + noisy_diagram[illumination],OK,ACE,has_measure,70_deg
78,8,full_text + noisy_diagram[illumination],OK,AE,intersects,CD
78,8,full_text + noisy_diagram[illumination],OK,AE,intersects,AB
78,8,full_text + noisy_diagram[illumination],OK,AE,bisects,CAB
78,8,full_text + noisy_diagram[illumination],OK,AB,parallel_to,CD
78,8,full_text + noisy_diagram[illumination],OK,AE,connects,A
78,8,full_text + noisy_diagram[illumination],OK,AE,connects,E
78,8,full_text + noisy_diagram[illumination],OK,AC,is_a,segment
78,8,full_text + noisy_diagram[illumination],OK,AC,connects,A
78,8,full_text + noisy_diagram[illumination],OK,AC,connects,C
,,,,,,
79,8,full_text + noisy_diagram[illumination],OK,A,is_a,point
79,8,full_text + noisy_diagram[illumination],OK,B,is_a,point
79,8,full_text + noisy_diagram[illumination],OK,C,is_a,point
79,8,full_text + noisy_diagram[illumination],OK,D,is_a,point
79,8,full_text + noisy_diagram[illumination],OK,E,is_a,point
79,8,full_text + noisy_diagram[illumination],OK,O,is_a,point
79,8,full_text + noisy_diagram[illumination],OK,AB,is_a,segment
79,8,full_text + noisy_diagram[illumination],OK,BC,is_a,segment
79,8,full_text + noisy_diagram[illumination],OK,CD,is_a,segment
79,8,full_text + noisy_diagram[illumination],OK,DA,is_a,segment
79,8,full_text + noisy_diagram[illumination],OK,AC,is_a,segment
79,8,full_text + noisy_diagram[illumination],OK,BD,is_a,segment
79,8,full_text + noisy_diagram[illumination],OK,CE,is_a,segment
79,8,full_text + noisy_diagram[illumination],OK,ED,is_a,segment
79,8,full_text + noisy_diagram[illumination],OK,ABCD,is_a,parallelogram
79,8,full_text + noisy_diagram[illumination],OK,AB,connects,"A, B"
79,8,full_text + noisy_diagram[illumination],OK,BC,connects,"B, C"
79,8,full_text + noisy_diagram[illumination],OK,CD,connects,"C, D"
79,8,full_text + noisy_diagram[illumination],OK,DA,connects,"D, A"
79,8,full_text + noisy_diagram[illumination],OK,AC,connects,"A, C"
79,8,full_text + noisy_diagram[illumination],OK,BD,connects,"B, D"
79,8,full_text + noisy_diagram[illumination],OK,O,intersects,"AC, BD"
79,8,full_text + noisy_diagram[illumination],OK,CE,connects,"C, E"
79,8,full_text + noisy_diagram[illumination],OK,ED,connects,"E, D"
79,8,full_text + noisy_diagram[illumination],OK,E,lies_on,AD
79,8,full_text + noisy_diagram[illumination],OK,AB + BC + CD + DA,has_measure,32
79,8,full_text + noisy_diagram[illumination],OK,CE + ED,has_measure,AD
79,8,full_text + noisy_diagram[illumination],OK,O,lies_on,AC
79,8,full_text + noisy_diagram[illumination],OK,O,lies_on,BD
79,8,full_text + noisy_diagram[illumination],OK,E,perpendicular_to,AC
,,,,,,
81,8,full_text + noisy_diagram[illumination],OK,A,is_a,point
81,8,full_text + noisy_diagram[illumination],OK,B,is_a,point
81,8,full_text + noisy_diagram[illumination],OK,C,is_a,point
81,8,full_text + noisy_diagram[illumination],OK,D,is_a,point
81,8,full_text + noisy_diagram[illumination],OK,E,is_a,point
81,8,full_text + noisy_diagram[illumination],OK,ABC,is_a,triangle
81,8,full_text + noisy_diagram[illumination],OK,∠BAC,is_a,angle
81,8,full_text + noisy_diagram[illumination],OK,∠ABC,is_a,angle
81,8,full_text + noisy_diagram[illumination],OK,∠BAC,has_measure,90_deg
81,8,full_text + noisy_diagram[illumination],OK,∠ABC,has_measure,50_deg
81,8,full_text + noisy_diagram[illumination],OK,D,lies_on,BC
81,8,full_text + noisy_diagram[illumination],OK,AD,perpendicular_to,BC
81,8,full_text + noisy_diagram[illumination],OK,AE,is_a,angle_bisector
81,8,full_text + noisy_diagram[illumination],OK,E,lies_on,BC
81,8,full_text + noisy_diagram[illumination],OK,∠DAC,is_a,angle
81,8,full_text + noisy_diagram[illumination],OK,DAE,is_a,angle
81,8,full_text + noisy_diagram[illumination],OK,DAE,has_measure,?
,,,,,,
84,8,full_text + noisy_diagram[illumination],OK,A,is_a,point
84,8,full_text + noisy_diagram[illumination],OK,B,is_a,point
84,8,full_text + noisy_diagram[illumination],OK,C,is_a,point
84,8,full_text + noisy_diagram[illumination],OK,O,is_a,point
84,8,full_text + noisy_diagram[illumination],OK,ABC,is_a,triangle
84,8,full_text + noisy_diagram[illumination],OK,O,is_a,circle
84,8,full_text + noisy_diagram[illumination],OK,AO,is_a,segment
84,8,full_text + noisy_diagram[illumination],OK,BO,is_a,segment
84,8,full_text + noisy_diagram[illumination],OK,CO,is_a,segment
84,8,full_text + noisy_diagram[illumination],OK,ABC,lies_on,O
84,8,full_text + noisy_diagram[illumination],OK,O,center_of,O
84,8,full_text + noisy_diagram[illumination],OK,A,connects,B
84,8,full_text + noisy_diagram[illumination],OK,B,connects,C
84,8,full_text + noisy_diagram[illumination],OK,C,connects,A
84,8,full_text + noisy_diagram[illumination],OK,AO,has_measure,1.0
84,8,full_text + noisy_diagram[illumination],OK,BO,has_measure,1.0
84,8,full_text + noisy_diagram[illumination],OK,CO,has_measure,1.0
84,8,full_text + noisy_diagram[illumination],OK,∠BAC,has_measure,60_deg
84,8,full_text + noisy_diagram[illumination],OK,BC,is_a,segment
84,8,full_text + noisy_diagram[illumination],OK,BC,has_measure,?
,,,,,,
86,8,full_text + noisy_diagram[illumination],OK,A,is_a,point
86,8,full_text + noisy_diagram[illumination],OK,B,is_a,point
86,8,full_text + noisy_diagram[illumination],OK,C,is_a,point
86,8,full_text + noisy_diagram[illumination],OK,O,is_a,point
86,8,full_text + noisy_diagram[illumination],OK,AB,is_a,segment
86,8,full_text + noisy_diagram[illumination],OK,BC,is_a,segment
86,8,full_text + noisy_diagram[illumination],OK,CA,is_a,segment
86,8,full_text + noisy_diagram[illumination],OK,OB,is_a,segment
86,8,full_text + noisy_diagram[illumination],OK,OC,is_a,segment
86,8,full_text + noisy_diagram[illumination],OK,∠BAC,is_a,angle
86,8,full_text + noisy_diagram[illumination],OK,O,center_of,circle O
86,8,full_text + noisy_diagram[illumination],OK,A,lies_on,circle O
86,8,full_text + noisy_diagram[illumination],OK,B,lies_on,circle O
86,8,full_text + noisy_diagram[illumination],OK,C,lies_on,circle O
86,8,full_text + noisy_diagram[illumination],OK,AB,connects,A
86,8,full_text + noisy_diagram[illumination],OK,AB,connects,B
86,8,full_text + noisy_diagram[illumination],OK,BC,connects,B
86,8,full_text + noisy_diagram[illumination],OK,BC,connects,C
86,8,full_text + noisy_diagram[illumination],OK,CA,connects,C
86,8,full_text + noisy_diagram[illumination],OK,CA,connects,A
86,8,full_text + noisy_diagram[illumination],OK,OB,connects,O
86,8,full_text + noisy_diagram[illumination],OK,OB,connects,B
86,8,full_text + noisy_diagram[illumination],OK,OC,connects,O
86,8,full_text + noisy_diagram[illumination],OK,OC,connects,C
86,8,full_text + noisy_diagram[illumination],OK,O,radius_of,circle O
86,8,full_text + noisy_diagram[illumination],OK,O,has_measure,2.0_units
86,8,full_text + noisy_diagram[illumination],OK,∠BAC,has_measure,60_deg
86,8,full_text + noisy_diagram[illumination],OK,BC,is_a,query_target
,,,,,,
88,8,full_text + noisy_diagram[illumination],OK,A,is_a,point
88,8,full_text + noisy_diagram[illumination],OK,B,is_a,point
88,8,full_text + noisy_diagram[illumination],OK,C,is_a,point
88,8,full_text + noisy_diagram[illumination],OK,O,is_a,point
88,8,full_text + noisy_diagram[illumination],OK,AB,is_a,segment
88,8,full_text + noisy_diagram[illumination],OK,AC,is_a,segment
88,8,full_text + noisy_diagram[illumination],OK,BC,is_a,segment
88,8,full_text + noisy_diagram[illumination],OK,AO,is_a,segment
88,8,full_text + noisy_diagram[illumination],OK,BO,is_a,segment
88,8,full_text + noisy_diagram[illumination],OK,CO,is_a,segment
88,8,full_text + noisy_diagram[illumination],OK,A,lies_on,circle_O
88,8,full_text + noisy_diagram[illumination],OK,B,lies_on,circle_O
88,8,full_text + noisy_diagram[illumination],OK,C,lies_on,circle_O
88,8,full_text + noisy_diagram[illumination],OK,O,center_of,circle_O
88,8,full_text + noisy_diagram[illumination],OK,∠ABO,is_a,angle
88,8,full_text + noisy_diagram[illumination],OK,∠ACO,is_a,angle
88,8,full_text + noisy_diagram[illumination],OK,∠BOC,is_a,angle
88,8,full_text + noisy_diagram[illumination],OK,∠ABO,has_measure,22_deg
88,8,full_text + noisy_diagram[illumination],OK,∠ACO,has_measure,42_deg
88,8,full_text + noisy_diagram[illumination],OK,∠BOC,has_measure,?
,,,,,,
95,8,full_text + noisy_diagram[illumination],OK,O,is_a,point
95,8,full_text + noisy_diagram[illumination],OK,O,center_of,circle
95,8,full_text + noisy_diagram[illumination],OK,A,is_a,point
95,8,full_text + noisy_diagram[illumination],OK,B,is_a,point
95,8,full_text + noisy_diagram[illumination],OK,C,is_a,point
95,8,full_text + noisy_diagram[illumination],OK,D,is_a,point
95,8,full_text + noisy_diagram[illumination],OK,AB,is_a,segment
95,8,full_text + noisy_diagram[illumination],OK,BC,is_a,segment
95,8,full_text + noisy_diagram[illumination],OK,OC,is_a,segment
95,8,full_text + noisy_diagram[illumination],OK,OA,is_a,segment
95,8,full_text + noisy_diagram[illumination],OK,∠A,is_a,angle
95,8,full_text + noisy_diagram[illumination],OK,∠ADC,is_a,angle
95,8,full_text + noisy_diagram[illumination],OK,∠C,is_a,angle
95,8,full_text + noisy_diagram[illumination],OK,AB,connects,A
95,8,full_text + noisy_diagram[illumination],OK,AB,connects,B
95,8,full_text + noisy_diagram[illumination],OK,BC,connects,B
95,8,full_text + noisy_diagram[illumination],OK,BC,connects,C
95,8,full_text + noisy_diagram[illumination],OK,OA,connects,O
95,8,full_text + noisy_diagram[illumination],OK,OA,connects,A
95,8,full_text + noisy_diagram[illumination],OK,OC,connects,O
95,8,full_text + noisy_diagram[illumination],OK,OC,connects,C
95,8,full_text + noisy_diagram[illumination],OK,OA,intersects,BC
95,8,full_text + noisy_diagram[illumination],OK,OA,intersects,D
95,8,full_text + noisy_diagram[illumination],OK,AB,intersects,D
95,8,full_text + noisy_diagram[illumination],OK,OC,intersects,D
95,8,full_text + noisy_diagram[illumination],OK,∠A,has_measure,60_deg
95,8,full_text + noisy_diagram[illumination],OK,∠ADC,has_measure,90_deg
,,,,,,
99,8,full_text + noisy_diagram[illumination],OK,A,is_a,point
99,8,full_text + noisy_diagram[illumination],OK,B,is_a,point
99,8,full_text + noisy_diagram[illumination],OK,C,is_a,point
99,8,full_text + noisy_diagram[illumination],OK,D,is_a,point
99,8,full_text + noisy_diagram[illumination],OK,O,is_a,point
99,8,full_text + noisy_diagram[illumination],OK,AB,is_a,segment
99,8,full_text + noisy_diagram[illumination],OK,CD,is_a,segment
99,8,full_text + noisy_diagram[illumination],OK,O,center_of,circle
99,8,full_text + noisy_diagram[illumination],OK,AB,diameter_of,circle
99,8,full_text + noisy_diagram[illumination],OK,CD,is_a,chord
99,8,full_text + noisy_diagram[illumination],OK,∠ADC,is_a,angle
99,8,full_text + noisy_diagram[illumination],OK,∠ADC,has_measure,26_deg
99,8,full_text + noisy_diagram[illumination],OK,∠CAB,is_a,angle
99,8,full_text + noisy_diagram[illumination],OK,A,lies_on,circle
99,8,full_text + noisy_diagram[illumination],OK,B,lies_on,circle
99,8,full_text + noisy_diagram[illumination],OK,C,lies_on,circle
99,8,full_text + noisy_diagram[illumination],OK,D,lies_on,circle
99,8,full_text + noisy_diagram[illumination],OK,O,lies_on,circle
99,8,full_text + noisy_diagram[illumination],OK,A,connects,B
99,8,full_text + noisy_diagram[illumination],OK,B,connects,A
99,8,full_text + noisy_diagram[illumination],OK,C,connects,D
99,8,full_text + noisy_diagram[illumination],OK,D,connects,C
99,8,full_text + noisy_diagram[illumination],OK,AB,connects,A
99,8,full_text + noisy_diagram[illumination],OK,AB,connects,B
99,8,full_text + noisy_diagram[illumination],OK,CD,connects,C
99,8,full_text + noisy_diagram[illumination],OK,CD,connects,D
99,8,full_text + noisy_diagram[illumination],OK,CD,chord_of,circle
,,,,,,
108,8,full_text + noisy_diagram[illumination],OK,A,is_a,point
108,8,full_text + noisy_diagram[illumination],OK,B,is_a,point
108,8,full_text + noisy_diagram[illumination],OK,C,is_a,point
108,8,full_text + noisy_diagram[illumination],OK,D,is_a,point
108,8,full_text + noisy_diagram[illumination],OK,O,is_a,point
108,8,full_text + noisy_diagram[illumination],OK,AB,is_a,segment
108,8,full_text + noisy_diagram[illumination],OK,CD,is_a,segment
108,8,full_text + noisy_diagram[illumination],OK,OC,is_a,segment
108,8,full_text + noisy_diagram[illumination],OK,CD,has_measure,8.0
108,8,full_text + noisy_diagram[illumination],OK,OC,has_measure,5.0
108,8,full_text + noisy_diagram[illumination],OK,C,lies_on,arch
108,8,full_text + noisy_diagram[illumination],OK,O,center_of,arch
108,8,full_text + noisy_diagram[illumination],OK,AB,is_a,width
108,8,full_text + noisy_diagram[illumination],OK,AB,is_a,water_surface
108,8,full_text + noisy_diagram[illumination],OK,CD,is_a,distance
108,8,full_text + noisy_diagram[illumination],OK,CD,is_a,water_surface
108,8,full_text + noisy_diagram[illumination],OK,OC,is_a,radius
108,8,full_text + noisy_diagram[illumination],OK,AB,is_a,?
,,,,,,
109,8,full_text + noisy_diagram[illumination],OK,α,is_a,angle
109,8,full_text + noisy_diagram[illumination],OK,α,has_measure,130_deg
109,8,full_text + noisy_diagram[illumination],OK,DE,is_a,segment
109,8,full_text + noisy_diagram[illumination],OK,DE,is_a,horizontal
109,8,full_text + noisy_diagram[illumination],OK,β,is_a,angle
109,8,full_text + noisy_diagram[illumination],OK,β,has_measure,?
109,8,full_text + noisy_diagram[illumination],OK,A,is_a,point
109,8,full_text + noisy_diagram[illumination],OK,B,is_a,point
109,8,full_text + noisy_diagram[illumination],OK,C,is_a,point
109,8,full_text + noisy_diagram[illumination],OK,D,is_a,point
109,8,full_text + noisy_diagram[illumination],OK,E,is_a,point
109,8,full_text + noisy_diagram[illumination],OK,ABC,is_a,triangle
109,8,full_text + noisy_diagram[illumination],OK,BAC,is_a,angle
109,8,full_text + noisy_diagram[illumination],OK,BAC,has_measure,90_deg
109,8,full_text + noisy_diagram[illumination],OK,D,lies_on,AB
109,8,full_text + noisy_diagram[illumination],OK,E,lies_on,AC
109,8,full_text + noisy_diagram[illumination],OK,AB,is_a,line
109,8,full_text + noisy_diagram[illumination],OK,AC,is_a,line
109,8,full_text + noisy_diagram[illumination],OK,DE,is_a,line
109,8,full_text + noisy_diagram[illumination],OK,α,connects,AB
109,8,full_text + noisy_diagram[illumination],OK,α,connects,DE
109,8,full_text + noisy_diagram[illumination],OK,β,connects,DE
109,8,full_text + noisy_diagram[illumination],OK,β,connects,EC
109,8,full_text + noisy_diagram[illumination],OK,EC,is_a,line
,,,,,,
112,8,full_text + noisy_diagram[illumination],OK,A,is_a,point
112,8,full_text + noisy_diagram[illumination],OK,O,is_a,point
112,8,full_text + noisy_diagram[illumination],OK,B,is_a,point
112,8,full_text + noisy_diagram[illumination],OK,AO,is_a,segment
112,8,full_text + noisy_diagram[illumination],OK,OB,is_a,segment
112,8,full_text + noisy_diagram[illumination],OK,AB,is_a,segment
112,8,full_text + noisy_diagram[illumination],OK,AO,has_measure,?
112,8,full_text + noisy_diagram[illumination],OK,OB,has_measure,0.7
112,8,full_text + noisy_diagram[illumination],OK,AB,has_measure,2.5
112,8,full_text + noisy_diagram[illumination],OK,AO,is_a,height
112,8,full_text + noisy_diagram[illumination],OK,OB,is_a,radius
112,8,full_text + noisy_diagram[illumination],OK,AB,is_a,slant_height
112,8,full_text + noisy_diagram[illumination],OK,AO,connects,A
112,8,full_text + noisy_diagram[illumination],OK,AO,connects,O
112,8,full_text + noisy_diagram[illumination],OK,OB,connects,O
112,8,full_text + noisy_diagram[illumination],OK,OB,connects,B
112,8,full_text + noisy_diagram[illumination],OK,AB,connects,A
112,8,full_text + noisy_diagram[illumination],OK,AB,connects,B
,,,,,,
114,8,full_text + noisy_diagram[illumination],OK,O,is_a,point
114,8,full_text + noisy_diagram[illumination],OK,A,is_a,point
114,8,full_text + noisy_diagram[illumination],OK,B,is_a,point
114,8,full_text + noisy_diagram[illumination],OK,OA,is_a,segment
114,8,full_text + noisy_diagram[illumination],OK,OB,is_a,segment
114,8,full_text + noisy_diagram[illumination],OK,OAB,is_a,sector
114,8,full_text + noisy_diagram[illumination],OK,OAB,has_measure,1.0
114,8,full_text + noisy_diagram[illumination],OK,∠OAB,has_measure,90_deg
114,8,full_text + noisy_diagram[illumination],OK,OA,is_a,diameter
114,8,full_text + noisy_diagram[illumination],OK,OB,is_a,diameter
114,8,full_text + noisy_diagram[illumination],OK,shaded_part,is_a,area
114,8,full_text + noisy_diagram[illumination],OK,shaded_part,has_measure,?
,,,,,,
115,8,full_text + noisy_diagram[illumination],OK,sector,is_a,shape
115,8,full_text + noisy_diagram[illumination],OK,sector,has_measure,120_deg
115,8,full_text + noisy_diagram[illumination],OK,sector,has_measure,6_units
115,8,full_text + noisy_diagram[illumination],OK,conical_paper_cap,is_a,shape
115,8,full_text + noisy_diagram[illumination],OK,bottom_perimeter,is_a,query_target
,,,,,,
117,8,full_text + noisy_diagram[illumination],OK,sector,is_a,shape
117,8,full_text + noisy_diagram[illumination],OK,sector,has_measure,120_deg
117,8,full_text + noisy_diagram[illumination],OK,sector,radius_of,3.0_cm
117,8,full_text + noisy_diagram[illumination],OK,cone,is_a,shape
117,8,full_text + noisy_diagram[illumination],OK,cone,has_measure,?_cm
117,8,full_text + noisy_diagram[illumination],OK,cone,height_of,?_cm
,,,,,,
119,8,full_text + noisy_diagram[illumination],OK,Area,is_a,query_target
119,8,full_text + noisy_diagram[illumination],OK,sector,is_a,cardboard
119,8,full_text + noisy_diagram[illumination],OK,sector,has_measure,24.0_cm
119,8,full_text + noisy_diagram[illumination],OK,conical_hat,is_a,hat
119,8,full_text + noisy_diagram[illumination],OK,sector,mapped_to,conical_hat
119,8,full_text + noisy_diagram[illumination],OK,radius_of_conical_hat,has_measure,10.0_cm
119,8,full_text + noisy_diagram[illumination],OK,sector,is_a,sector_cardboard
119,8,full_text + noisy_diagram[illumination],OK,conical_hat,has_measure,10.0_cm
119,8,full_text + noisy_diagram[illumination],OK,sector_cardboard,has_measure,24.0_cm
119,8,full_text + noisy_diagram[illumination],OK,conical_hat,is_a,conical_hat
119,8,full_text + noisy_diagram[illumination],OK,sector,is_a,sector
,,,,,,
120,8,full_text + noisy_diagram[illumination],OK,cone,is_a,cone
120,8,full_text + noisy_diagram[illumination],OK,generatrix,is_a,segment
120,8,full_text + noisy_diagram[illumination],OK,generatrix,has_measure,5.0
120,8,full_text + noisy_diagram[illumination],OK,height_line,is_a,segment
120,8,full_text + noisy_diagram[illumination],OK,height_line,has_measure,4.0
120,8,full_text + noisy_diagram[illumination],OK,base,is_a,circle
120,8,full_text + noisy_diagram[illumination],OK,base,is_a,base
120,8,full_text + noisy_diagram[illumination],OK,cone,connects,generatrix
120,8,full_text + noisy_diagram[illumination],OK,cone,connects,height_line
120,8,full_text + noisy_diagram[illumination],OK,cone,connects,base
120,8,full_text + noisy_diagram[illumination],OK,base,has_measure,?
,,,,,,
123,8,full_text + noisy_diagram[illumination],OK,A,is_a,point
123,8,full_text + noisy_diagram[illumination],OK,B,is_a,point
123,8,full_text + noisy_diagram[illumination],OK,C,is_a,point
123,8,full_text + noisy_diagram[illumination],OK,AC,is_a,segment
123,8,full_text + noisy_diagram[illumination],OK,BC,is_a,segment
123,8,full_text + noisy_diagram[illumination],OK,∠ACB,is_a,angle
123,8,full_text + noisy_diagram[illumination],OK,∠ACB,has_measure,90_deg
123,8,full_text + noisy_diagram[illumination],OK,AC,has_measure,4_units
123,8,full_text + noisy_diagram[illumination],OK,BC,has_measure,3_units
123,8,full_text + noisy_diagram[illumination],OK,ABC,is_a,triangle
123,8,full_text + noisy_diagram[illumination],OK,ABC,is_a,right_triangle
123,8,full_text + noisy_diagram[illumination],OK,ABC,rotated_about,AC
123,8,full_text + noisy_diagram[illumination],OK,Cone,is_a,cone
123,8,full_text + noisy_diagram[illumination],OK,Cone,has_measure,?
,,,,,,
128,8,full_text + noisy_diagram[illumination],OK,O,is_a,point
128,8,full_text + noisy_diagram[illumination],OK,B,is_a,point
128,8,full_text + noisy_diagram[illumination],OK,A,is_a,point
128,8,full_text + noisy_diagram[illumination],OK,OA,is_a,segment
128,8,full_text + noisy_diagram[illumination],OK,OB,is_a,segment
128,8,full_text + noisy_diagram[illumination],OK,∠AOB,is_a,angle
128,8,full_text + noisy_diagram[illumination],OK,∠AOB,has_measure,120_deg
128,8,full_text + noisy_diagram[illumination],OK,OA,has_measure,6_units
128,8,full_text + noisy_diagram[illumination],OK,OB,has_measure,6_units
128,8,full_text + noisy_diagram[illumination],OK,OA,connects,A
128,8,full_text + noisy_diagram[illumination],OK,OA,connects,O
128,8,full_text + noisy_diagram[illumination],OK,OB,connects,B
128,8,full_text + noisy_diagram[illumination],OK,OB,connects,O
128,8,full_text + noisy_diagram[illumination],OK,O,center_of,sector
128,8,full_text + noisy_diagram[illumination],OK,OA,tangent_to,sector
128,8,full_text + noisy_diagram[illumination],OK,OB,tangent_to,sector
128,8,full_text + noisy_diagram[illumination],OK,sector,has_measure,120_deg
128,8,full_text + noisy_diagram[illumination],OK,sector,radius_of,6_units
,,,,,,
132,8,full_text + noisy_diagram[illumination],OK,A,is_a,point
132,8,full_text + noisy_diagram[illumination],OK,B,is_a,point
132,8,full_text + noisy_diagram[illumination],OK,C,is_a,point
132,8,full_text + noisy_diagram[illumination],OK,D,is_a,point
132,8,full_text + noisy_diagram[illumination],OK,E,is_a,point
132,8,full_text + noisy_diagram[illumination],OK,F,is_a,point
132,8,full_text + noisy_diagram[illumination],OK,G,is_a,point
132,8,full_text + noisy_diagram[illumination],OK,AB,is_a,segment
132,8,full_text + noisy_diagram[illumination],OK,BC,is_a,segment
132,8,full_text + noisy_diagram[illumination],OK,CG,is_a,segment
132,8,full_text + noisy_diagram[illumination],OK,DE,is_a,segment
132,8,full_text + noisy_diagram[illumination],OK,EF,is_a,segment
132,8,full_text + noisy_diagram[illumination],OK,GE,is_a,segment
132,8,full_text + noisy_diagram[illumination],OK,A,lies_on,AB
132,8,full_text + noisy_diagram[illumination],OK,B,lies_on,AB
132,8,full_text + noisy_diagram[illumination],OK,C,lies_on,AB
132,8,full_text + noisy_diagram[illumination],OK,A,B,"C, collinear_with"
132,8,full_text + noisy_diagram[illumination],OK,DE,has_measure,0.6
132,8,full_text + noisy_diagram[illumination],OK,BC,has_measure,0.6
132,8,full_text + noisy_diagram[illumination],OK,CG,has_measure,12.0
132,8,full_text + noisy_diagram[illumination],OK,GE,has_measure,2.0
132,8,full_text + noisy_diagram[illumination],OK,EF,has_measure,1.6
132,8,full_text + noisy_diagram[illumination],OK,AB,is_a,query_target
,,,,,,
133,8,full_text + noisy_diagram[illumination],OK,P,is_a,point
133,8,full_text + noisy_diagram[illumination],OK,Q,is_a,point
133,8,full_text + noisy_diagram[illumination],OK,S,is_a,point
133,8,full_text + noisy_diagram[illumination],OK,T,is_a,point
133,8,full_text + noisy_diagram[illumination],OK,R,is_a,point
133,8,full_text + noisy_diagram[illumination],OK,PQ,is_a,segment
133,8,full_text + noisy_diagram[illumination],OK,PS,is_a,segment
133,8,full_text + noisy_diagram[illumination],OK,QS,is_a,segment
133,8,full_text + noisy_diagram[illumination],OK,ST,is_a,segment
133,8,full_text + noisy_diagram[illumination],OK,QR,is_a,segment
133,8,full_text + noisy_diagram[illumination],OK,PT,is_a,segment
133,8,full_text + noisy_diagram[illumination],OK,P,lies_on,line
133,8,full_text + noisy_diagram[illumination],OK,Q,lies_on,line
133,8,full_text + noisy_diagram[illumination],OK,S,lies_on,line
133,8,full_text + noisy_diagram[illumination],OK,T,lies_on,line
133,8,full_text + noisy_diagram[illumination],OK,R,lies_on,line
133,8,full_text + noisy_diagram[illumination],OK,P,lies_on,line b
133,8,full_text + noisy_diagram[illumination],OK,Q,lies_on,line b
133,8,full_text + noisy_diagram[illumination],OK,R,lies_on,line b
133,8,full_text + noisy_diagram[illumination],OK,P,lies_on,line a
133,8,full_text + noisy_diagram[illumination],OK,T,lies_on,line a
133,8,full_text + noisy_diagram[illumination],OK,S,lies_on,line a
133,8,full_text + noisy_diagram[illumination],OK,PQ,connects,P
133,8,full_text + noisy_diagram[illumination],OK,PQ,connects,Q
133,8,full_text + noisy_diagram[illumination],OK,PS,connects,P
133,8,full_text + noisy_diagram[illumination],OK,PS,connects,S
133,8,full_text + noisy_diagram[illumination],OK,QS,connects,Q
133,8,full_text + noisy_diagram[illumination],OK,QS,connects,S
133,8,full_text + noisy_diagram[illumination],OK,ST,connects,S
133,8,full_text + noisy_diagram[illumination],OK,ST,connects,T
133,8,full_text + noisy_diagram[illumination],OK,QR,connects,Q
133,8,full_text + noisy_diagram[illumination],OK,QR,connects,R
133,8,full_text + noisy_diagram[illumination],OK,PT,connects,P
133,8,full_text + noisy_diagram[illumination],OK,PT,connects,T
133,8,full_text + noisy_diagram[illumination],OK,P,collinear_with,Q
133,8,full_text + noisy_diagram[illumination],OK,P,collinear_with,S
133,8,full_text + noisy_diagram[illumination],OK,PS,perpendicular_to,river
133,8,full_text + noisy_diagram[illumination],OK,line a,passes_through,S
133,8,full_text + noisy_diagram[illumination],OK,line a,perpendicular_to,PS
133,8,full_text + noisy_diagram[illumination],OK,line b,passes_through,Q
133,8,full_text + noisy_diagram[illumination],OK,line b,perpendicular_to,PS
133,8,full_text + noisy_diagram[illumination],OK,QS,has_measure,60.0_m
133,8,full_text + noisy_diagram[illumination],OK,ST,has_measure,120.0_m
133,8,full_text + noisy_diagram[illumination],OK,QR,has_measure,80.0_m
133,8,full_text + noisy_diagram[illumination],OK,PQ,is_a,query_target
,,,,,,
149,8,full_text + noisy_diagram[illumination],OK,A,is_a,point
149,8,full_text + noisy_diagram[illumination],OK,B,is_a,point
149,8,full_text + noisy_diagram[illumination],OK,C,is_a,point
149,8,full_text + noisy_diagram[illumination],OK,D,is_a,point
149,8,full_text + noisy_diagram[illumination],OK,E,is_a,point
149,8,full_text + noisy_diagram[illumination],OK,CD,is_a,segment
149,8,full_text + noisy_diagram[illumination],OK,AC,is_a,segment
149,8,full_text + noisy_diagram[illumination],OK,BD,is_a,segment
149,8,full_text + noisy_diagram[illumination],OK,ED,is_a,segment
149,8,full_text + noisy_diagram[illumination],OK,α,is_a,angle
149,8,full_text + noisy_diagram[illumination],OK,CD,is_a,mirror
149,8,full_text + noisy_diagram[illumination],OK,AC,perpendicular_to,CD
149,8,full_text + noisy_diagram[illumination],OK,BD,perpendicular_to,CD
149,8,full_text + noisy_diagram[illumination],OK,C,is_a,foot
149,8,full_text + noisy_diagram[illumination],OK,D,is_a,foot
149,8,full_text + noisy_diagram[illumination],OK,AC,has_measure,3.0
149,8,full_text + noisy_diagram[illumination],OK,BD,has_measure,6.0
149,8,full_text + noisy_diagram[illumination],OK,CD,has_measure,10.0
149,8,full_text + noisy_diagram[illumination],OK,ED,has_measure,?
,,,,,,
150,8,full_text + noisy_diagram[illumination],OK,E,is_a,point
150,8,full_text + noisy_diagram[illumination],OK,C,is_a,point
150,8,full_text + noisy_diagram[illumination],OK,B,is_a,point
150,8,full_text + noisy_diagram[illumination],OK,A,is_a,point
150,8,full_text + noisy_diagram[illumination],OK,D,is_a,point
150,8,full_text + noisy_diagram[illumination],OK,A,B,"C, collinear_with"
150,8,full_text + noisy_diagram[illumination],OK,AB,is_a,segment
150,8,full_text + noisy_diagram[illumination],OK,AB,has_measure,2
150,8,full_text + noisy_diagram[illumination],OK,BD,is_a,segment
150,8,full_text + noisy_diagram[illumination],OK,BD,has_measure,7/3
150,8,full_text + noisy_diagram[illumination],OK,CE,is_a,segment
150,8,full_text + noisy_diagram[illumination],OK,CE,has_measure,9
150,8,full_text + noisy_diagram[illumination],OK,BD,perpendicular_to,AB
150,8,full_text + noisy_diagram[illumination],OK,CE,perpendicular_to,AB
150,8,full_text + noisy_diagram[illumination],OK,D,E,"A, connects"
,,,,,,
151,8,full_text + noisy_diagram[illumination],OK,student,is_a,point
151,8,full_text + noisy_diagram[illumination],OK,tree,is_a,point
151,8,full_text + noisy_diagram[illumination],OK,lake,is_a,point
151,8,full_text + noisy_diagram[illumination],OK,reflection,is_a,point
151,8,full_text + noisy_diagram[illumination],OK,student,connects,lake
151,8,full_text + noisy_diagram[illumination],OK,lake,connects,tree
151,8,full_text + noisy_diagram[illumination],OK,tree,connects,reflection
151,8,full_text + noisy_diagram[illumination],OK,student,has_measure,20.0_units
151,8,full_text + noisy_diagram[illumination],OK,reflection,has_measure,5.0_units
151,8,full_text + noisy_diagram[illumination],OK,student,has_measure,1.7_units
151,8,full_text + noisy_diagram[illumination],OK,student,is_a,person
151,8,full_text + noisy_diagram[illumination],OK,tree,is_a,object
151,8,full_text + noisy_diagram[illumination],OK,lake,is_a,object
151,8,full_text + noisy_diagram[illumination],OK,reflection,is_a,object
151,8,full_text + noisy_diagram[illumination],OK,student,lies_on,lake
151,8,full_text + noisy_diagram[illumination],OK,tree,lies_on,lake
151,8,full_text + noisy_diagram[illumination],OK,reflection,lies_on,lake
151,8,full_text + noisy_diagram[illumination],OK,tree,has_measure,?
,,,,,,
152,8,full_text + noisy_diagram[illumination],OK,A,is_a,point
152,8,full_text + noisy_diagram[illumination],OK,B,is_a,point
152,8,full_text + noisy_diagram[illumination],OK,C,is_a,point
152,8,full_text + noisy_diagram[illumination],OK,D,is_a,point
152,8,full_text + noisy_diagram[illumination],OK,AB,is_a,segment
152,8,full_text + noisy_diagram[illumination],OK,BC,is_a,segment
152,8,full_text + noisy_diagram[illumination],OK,BD,is_a,segment
152,8,full_text + noisy_diagram[illumination],OK,CD,is_a,segment
152,8,full_text + noisy_diagram[illumination],OK,A,lies_on,AB
152,8,full_text + noisy_diagram[illumination],OK,B,lies_on,AB
152,8,full_text + noisy_diagram[illumination],OK,B,lies_on,BC
152,8,full_text + noisy_diagram[illumination],OK,C,lies_on,BC
152,8,full_text + noisy_diagram[illumination],OK,D,lies_on,AB
152,8,full_text + noisy_diagram[illumination],OK,D,lies_on,CD
152,8,full_text + noisy_diagram[illumination],OK,AB,connects,A
152,8,full_text + noisy_diagram[illumination],OK,AB,connects,B
152,8,full_text + noisy_diagram[illumination],OK,BC,connects,B
152,8,full_text + noisy_diagram[illumination],OK,BC,connects,C
152,8,full_text + noisy_diagram[illumination],OK,BD,connects,B
152,8,full_text + noisy_diagram[illumination],OK,BD,connects,D
152,8,full_text + noisy_diagram[illumination],OK,CD,connects,C
152,8,full_text + noisy_diagram[illumination],OK,CD,connects,D
152,8,full_text + noisy_diagram[illumination],OK,AB,has_measure,?
152,8,full_text + noisy_diagram[illumination],OK,BC,has_measure,1.6
152,8,full_text + noisy_diagram[illumination],OK,BD,has_measure,0.5
152,8,full_text + noisy_diagram[illumination],OK,CD,has_measure,1.4
,,,,,,
153,8,full_text + noisy_diagram[illumination],OK,A,is_a,point
153,8,full_text + noisy_diagram[illumination],OK,B,is_a,point
153,8,full_text + noisy_diagram[illumination],OK,C,is_a,point
153,8,full_text + noisy_diagram[illumination],OK,D,is_a,point
153,8,full_text + noisy_diagram[illumination],OK,E,is_a,point
153,8,full_text + noisy_diagram[illumination],OK,AB,is_a,segment
153,8,full_text + noisy_diagram[illumination],OK,DE,is_a,segment
153,8,full_text + noisy_diagram[illumination],OK,BC,is_a,segment
153,8,full_text + noisy_diagram[illumination],OK,EC,is_a,segment
153,8,full_text + noisy_diagram[illumination],OK,AB,has_measure,?
153,8,full_text + noisy_diagram[illumination],OK,DE,has_measure,1.8
153,8,full_text + noisy_diagram[illumination],OK,BC,has_measure,1.0
153,8,full_text + noisy_diagram[illumination],OK,EC,has_measure,1.2
153,8,full_text + noisy_diagram[illumination],OK,DE,connects,D
153,8,full_text + noisy_diagram[illumination],OK,DE,connects,E
153,8,full_text + noisy_diagram[illumination],OK,BC,connects,B
153,8,full_text + noisy_diagram[illumination],OK,BC,connects,C
153,8,full_text + noisy_diagram[illumination],OK,EC,connects,E
153,8,full_text + noisy_diagram[illumination],OK,EC,connects,C
,,,,,,
157,8,full_text + noisy_diagram[illumination],OK,A,is_a,point
157,8,full_text + noisy_diagram[illumination],OK,B,is_a,point
157,8,full_text + noisy_diagram[illumination],OK,C,is_a,point
157,8,full_text + noisy_diagram[illumination],OK,ABC,is_a,triangle
157,8,full_text + noisy_diagram[illumination],OK,AC,is_a,segment
157,8,full_text + noisy_diagram[illumination],OK,BC,is_a,segment
157,8,full_text + noisy_diagram[illumination],OK,AB,is_a,segment
157,8,full_text + noisy_diagram[illumination],OK,angle C,is_a,angle
157,8,full_text + noisy_diagram[illumination],OK,angle C,has_measure,90_deg
157,8,full_text + noisy_diagram[illumination],OK,AC,has_measure,4_units
157,8,full_text + noisy_diagram[illumination],OK,BC,has_measure,3_units
157,8,full_text + noisy_diagram[illumination],OK,cos B,is_a,query_target
,,,,,,
165,8,full_text + noisy_diagram[illumination],OK,A,is_a,point
165,8,full_text + noisy_diagram[illumination],OK,B,is_a,point
165,8,full_text + noisy_diagram[illumination],OK,C,is_a,point
165,8,full_text + noisy_diagram[illumination],OK,AB,is_a,segment
165,8,full_text + noisy_diagram[illumination],OK,BC,is_a,segment
165,8,full_text + noisy_diagram[illumination],OK,AC,is_a,segment
165,8,full_text + noisy_diagram[illumination],OK,ABC,is_a,triangle
165,8,full_text + noisy_diagram[illumination],OK,C,is_a,right_angle
165,8,full_text + noisy_diagram[illumination],OK,AB,has_measure,2_units
165,8,full_text + noisy_diagram[illumination],OK,BC,has_measure,1_unit
,,,,,,
198,8,full_text + noisy_diagram[illumination],OK,A,is_a,point
198,8,full_text + noisy_diagram[illumination],OK,B,is_a,point
198,8,full_text + noisy_diagram[illumination],OK,C,is_a,point
198,8,full_text + noisy_diagram[illumination],OK,AB,is_a,segment
198,8,full_text + noisy_diagram[illumination],OK,BC,is_a,segment
198,8,full_text + noisy_diagram[illumination],OK,CA,is_a,segment
198,8,full_text + noisy_diagram[illumination],OK,AB,has_measure,10_units
198,8,full_text + noisy_diagram[illumination],OK,BC,has_measure,13_units
198,8,full_text + noisy_diagram[illumination],OK,CA,has_measure,13_units
198,8,full_text + noisy_diagram[illumination],OK,ABC,is_a,triangle
198,8,full_text + noisy_diagram[illumination],OK,ABC,is_a,isosceles_triangle
198,8,full_text + noisy_diagram[illumination],OK,ABC,has_measure,?
,,,,,,
207,8,full_text + noisy_diagram[illumination],OK,area,is_a,query_target
207,8,full_text + noisy_diagram[illumination],OK,largest_circle,is_a,circle
207,8,full_text + noisy_diagram[illumination],OK,small_circle,is_a,circle
207,8,full_text + noisy_diagram[illumination],OK,diameter,is_a,attribute
207,8,full_text + noisy_diagram[illumination],OK,largest_circle,has_measure,20_units
207,8,full_text + noisy_diagram[illumination],OK,shaded_region,is_a,region
207,8,full_text + noisy_diagram[illumination],OK,shaded_region,lies_on,largest_circle
207,8,full_text + noisy_diagram[illumination],OK,shaded_region,connects,small_circle
207,8,full_text + noisy_diagram[illumination],OK,small_circle,center_of,largest_circle
207,8,full_text + noisy_diagram[illumination],OK,small_circle,radius_of,?
207,8,full_text + noisy_diagram[illumination],OK,largest_circle,diameter_of,20_units
207,8,full_text + noisy_diagram[illumination],OK,shaded_region,has_measure,?
,,,,,,
210,8,full_text + noisy_diagram[illumination],OK,A,is_a,point
210,8,full_text + noisy_diagram[illumination],OK,B,is_a,point
210,8,full_text + noisy_diagram[illumination],OK,C,is_a,point
210,8,full_text + noisy_diagram[illumination],OK,D,is_a,point
210,8,full_text + noisy_diagram[illumination],OK,E,is_a,point
210,8,full_text + noisy_diagram[illumination],OK,AB,is_a,segment
210,8,full_text + noisy_diagram[illumination],OK,AC,is_a,segment
210,8,full_text + noisy_diagram[illumination],OK,AD,is_a,segment
210,8,full_text + noisy_diagram[illumination],OK,AE,is_a,segment
210,8,full_text + noisy_diagram[illumination],OK,CD,is_a,segment
210,8,full_text + noisy_diagram[illumination],OK,ED,is_a,segment
210,8,full_text + noisy_diagram[illumination],OK,BE,is_a,segment
210,8,full_text + noisy_diagram[illumination],OK,ABE,is_a,triangle
210,8,full_text + noisy_diagram[illumination],OK,ACD,is_a,triangle
210,8,full_text + noisy_diagram[illumination],OK,A,connects,B
210,8,full_text + noisy_diagram[illumination],OK,A,connects,C
210,8,full_text + noisy_diagram[illumination],OK,A,connects,D
210,8,full_text + noisy_diagram[illumination],OK,A,connects,E
210,8,full_text + noisy_diagram[illumination],OK,C,connects,D
210,8,full_text + noisy_diagram[illumination],OK,E,connects,D
210,8,full_text + noisy_diagram[illumination],OK,B,connects,E
210,8,full_text + noisy_diagram[illumination],OK,AB,has_measure,12_units
210,8,full_text + noisy_diagram[illumination],OK,AC,has_measure,16_units
210,8,full_text + noisy_diagram[illumination],OK,ED,has_measure,5_units
210,8,full_text + noisy_diagram[illumination],OK,BE,parallel_to,CD
210,8,full_text + noisy_diagram[illumination],OK,A,is_a,vertex
210,8,full_text + noisy_diagram[illumination],OK,B,is_a,vertex
210,8,full_text + noisy_diagram[illumination],OK,C,is_a,vertex
210,8,full_text + noisy_diagram[illumination],OK,D,is_a,vertex
210,8,full_text + noisy_diagram[illumination],OK,E,is_a,vertex
210,8,full_text + noisy_diagram[illumination],OK,AE,has_measure,?
,,,,,,
211,8,full_text + noisy_diagram[illumination],OK,MNPR,is_a,parallelogram
211,8,full_text + noisy_diagram[illumination],OK,MN,is_a,side
211,8,full_text + noisy_diagram[illumination],OK,MN,has_measure,3x - 4
211,8,full_text + noisy_diagram[illumination],OK,NP,is_a,side
211,8,full_text + noisy_diagram[illumination],OK,NP,has_measure,2y + 5
211,8,full_text + noisy_diagram[illumination],OK,RP,is_a,side
211,8,full_text + noisy_diagram[illumination],OK,RP,has_measure,20
211,8,full_text + noisy_diagram[illumination],OK,MR,is_a,side
211,8,full_text + noisy_diagram[illumination],OK,MR,has_measure,17.9
211,8,full_text + noisy_diagram[illumination],OK,MP,is_a,diagonal
211,8,full_text + noisy_diagram[illumination],OK,RN,is_a,diagonal
211,8,full_text + noisy_diagram[illumination],OK,MP,intersects,RN
211,8,full_text + noisy_diagram[illumination],OK,Q,is_a,intersection_point
211,8,full_text + noisy_diagram[illumination],OK,∠MQR,is_a,angle
211,8,full_text + noisy_diagram[illumination],OK,∠MQR,has_measure,33_deg
211,8,full_text + noisy_diagram[illumination],OK,∠QNP,is_a,angle
211,8,full_text + noisy_diagram[illumination],OK,∠QNP,has_measure,?
211,8,full_text + noisy_diagram[illumination],OK,∠NQP,is_a,angle
211,8,full_text + noisy_diagram[illumination],OK,∠NQP,has_measure,83_deg
211,8,full_text + noisy_diagram[illumination],OK,QP,is_a,segment
211,8,full_text + noisy_diagram[illumination],OK,QP,has_measure,15.4_units
211,8,full_text + noisy_diagram[illumination],OK,QR,is_a,segment
211,8,full_text + noisy_diagram[illumination],OK,QR,has_measure,11.1_units
211,8,full_text + noisy_diagram[illumination],OK,∠MRN,is_a,angle
211,8,full_text + noisy_diagram[illumination],OK,∠MRN,has_measure,38_deg
211,8,full_text + noisy_diagram[illumination],OK,∠PRN,is_a,angle
211,8,full_text + noisy_diagram[illumination],OK,∠PRN,has_measure,3z - 3
211,8,full_text + noisy_diagram[illumination],OK,NQ,is_a,segment
211,8,full_text + noisy_diagram[illumination],OK,NQ,has_measure,4w - 3
,,,,,,
223,8,full_text + noisy_diagram[illumination],OK,A,is_a,point
223,8,full_text + noisy_diagram[illumination],OK,B,is_a,point
223,8,full_text + noisy_diagram[illumination],OK,C,is_a,point
223,8,full_text + noisy_diagram[illumination],OK,AB,is_a,segment
223,8,full_text + noisy_diagram[illumination],OK,BC,is_a,segment
223,8,full_text + noisy_diagram[illumination],OK,AC,is_a,segment
223,8,full_text + noisy_diagram[illumination],OK,ABC,is_a,triangle
223,8,full_text + noisy_diagram[illumination],OK,ABC,is_a,right_triangle
223,8,full_text + noisy_diagram[illumination],OK,AC,has_measure,5_units
223,8,full_text + noisy_diagram[illumination],OK,AB,has_measure,3√2_units
223,8,full_text + noisy_diagram[illumination],OK,BC,has_measure,?
223,8,full_text + noisy_diagram[illumination],OK,BC,has_measure,x
223,8,full_text + noisy_diagram[illumination],OK,?,is_a,query
223,8,full_text + noisy_diagram[illumination],OK,?,is_a,value_of_x
,,,,,,
239,8,full_text + noisy_diagram[illumination],OK,A,is_a,point
239,8,full_text + noisy_diagram[illumination],OK,B,is_a,point
239,8,full_text + noisy_diagram[illumination],OK,C,is_a,point
239,8,full_text + noisy_diagram[illumination],OK,R,is_a,point
239,8,full_text + noisy_diagram[illumination],OK,S,is_a,point
239,8,full_text + noisy_diagram[illumination],OK,T,is_a,point
239,8,full_text + noisy_diagram[illumination],OK,M,is_a,point
239,8,full_text + noisy_diagram[illumination],OK,AT,is_a,segment
239,8,full_text + noisy_diagram[illumination],OK,BR,is_a,segment
239,8,full_text + noisy_diagram[illumination],OK,CS,is_a,segment
239,8,full_text + noisy_diagram[illumination],OK,MC,is_a,segment
239,8,full_text + noisy_diagram[illumination],OK,RM,is_a,segment
239,8,full_text + noisy_diagram[illumination],OK,MB,is_a,segment
239,8,full_text + noisy_diagram[illumination],OK,A,connects,C
239,8,full_text + noisy_diagram[illumination],OK,A,connects,B
239,8,full_text + noisy_diagram[illumination],OK,C,connects,B
239,8,full_text + noisy_diagram[illumination],OK,R,lies_on,AC
239,8,full_text + noisy_diagram[illumination],OK,S,lies_on,AB
239,8,full_text + noisy_diagram[illumination],OK,T,lies_on,CB
239,8,full_text + noisy_diagram[illumination],OK,AT,connects,A
239,8,full_text + noisy_diagram[illumination],OK,AT,connects,T
239,8,full_text + noisy_diagram[illumination],OK,BR,connects,B
239,8,full_text + noisy_diagram[illumination],OK,BR,connects,R
239,8,full_text + noisy_diagram[illumination],OK,CS,connects,C
239,8,full_text + noisy_diagram[illumination],OK,CS,connects,S
239,8,full_text + noisy_diagram[illumination],OK,AT,intersects,BR
239,8,full_text + noisy_diagram[illumination],OK,AT,intersects,CS
239,8,full_text + noisy_diagram[illumination],OK,BR,intersects,CS
239,8,full_text + noisy_diagram[illumination],OK,AT,intersects,M
239,8,full_text + noisy_diagram[illumination],OK,BR,intersects,M
239,8,full_text + noisy_diagram[illumination],OK,CS,intersects,M
239,8,full_text + noisy_diagram[illumination],OK,MC,has_measure,7_units
239,8,full_text + noisy_diagram[illumination],OK,RM,has_measure,4_units
239,8,full_text + noisy_diagram[illumination],OK,AT,has_measure,16_units
,,,,,,
243,8,full_text + noisy_diagram[illumination],OK,Phoenix,is_a,point
243,8,full_text + noisy_diagram[illumination],OK,Des Moines,is_a,point
243,8,full_text + noisy_diagram[illumination],OK,Atlanta,is_a,point
243,8,full_text + noisy_diagram[illumination],OK,Phoenix_Des_Moines,is_a,segment
243,8,full_text + noisy_diagram[illumination],OK,Des_Moines_Atlanta,is_a,segment
243,8,full_text + noisy_diagram[illumination],OK,Atlanta_Phoenix,is_a,segment
243,8,full_text + noisy_diagram[illumination],OK,Phoenix_Des_Moines,has_measure,110x + 53
243,8,full_text + noisy_diagram[illumination],OK,Des_Moines_Atlanta,has_measure,73.8x
243,8,full_text + noisy_diagram[illumination],OK,Atlanta_Phoenix,has_measure,150x + 91
243,8,full_text + noisy_diagram[illumination],OK,total_trip_distance,has_measure,3482
243,8,full_text + noisy_diagram[illumination],OK,Phoenix_Des_Moines,connects,Phoenix
243,8,full_text + noisy_diagram[illumination],OK,Phoenix_Des_Moines,connects,Des Moines
243,8,full_text + noisy_diagram[illumination],OK,Des_Moines_Atlanta,connects,Des Moines
243,8,full_text + noisy_diagram[illumination],OK,Des_Moines_Atlanta,connects,Atlanta
243,8,full_text + noisy_diagram[illumination],OK,Atlanta_Phoenix,connects,Atlanta
243,8,full_text + noisy_diagram[illumination],OK,Atlanta_Phoenix,connects,Phoenix
243,8,full_text + noisy_diagram[illumination],OK,total_trip_distance,is_a,query_target
,,,,,,
257,8,full_text + noisy_diagram[illumination],OK,A,is_a,point
257,8,full_text + noisy_diagram[illumination],OK,B,is_a,point
257,8,full_text + noisy_diagram[illumination],OK,C,is_a,point
257,8,full_text + noisy_diagram[illumination],OK,D,is_a,point
257,8,full_text + noisy_diagram[illumination],OK,E,is_a,point
257,8,full_text + noisy_diagram[illumination],OK,AB,is_a,segment
257,8,full_text + noisy_diagram[illumination],OK,AC,is_a,segment
257,8,full_text + noisy_diagram[illumination],OK,AD,is_a,segment
257,8,full_text + noisy_diagram[illumination],OK,AE,is_a,segment
257,8,full_text + noisy_diagram[illumination],OK,CD,is_a,segment
257,8,full_text + noisy_diagram[illumination],OK,BE,is_a,segment
257,8,full_text + noisy_diagram[illumination],OK,ED,is_a,segment
257,8,full_text + noisy_diagram[illumination],OK,AB,has_measure,12_units
257,8,full_text + noisy_diagram[illumination],OK,AC,has_measure,16_units
257,8,full_text + noisy_diagram[illumination],OK,ED,has_measure,5_units
257,8,full_text + noisy_diagram[illumination],OK,triangles,is_a,ABE
257,8,full_text + noisy_diagram[illumination],OK,triangles,is_a,ACD
257,8,full_text + noisy_diagram[illumination],OK,BE,parallel_to,CD
257,8,full_text + noisy_diagram[illumination],OK,A,is_a,vertex
257,8,full_text + noisy_diagram[illumination],OK,ABE,is_a,triangle
257,8,full_text + noisy_diagram[illumination],OK,ACD,is_a,triangle
257,8,full_text + noisy_diagram[illumination],OK,ABE,shares,vertex
257,8,full_text + noisy_diagram[illumination],OK,ACD,shares,vertex
,,,,,,
264,8,full_text + noisy_diagram[illumination],OK,M,is_a,point
264,8,full_text + noisy_diagram[illumination],OK,N,is_a,point
264,8,full_text + noisy_diagram[illumination],OK,P,is_a,point
264,8,full_text + noisy_diagram[illumination],OK,Q,is_a,point
264,8,full_text + noisy_diagram[illumination],OK,MNPQ,is_a,parallelogram
264,8,full_text + noisy_diagram[illumination],OK,M,lies_on,MNPQ
264,8,full_text + noisy_diagram[illumination],OK,N,lies_on,MNPQ
264,8,full_text + noisy_diagram[illumination],OK,P,lies_on,MNPQ
264,8,full_text + noisy_diagram[illumination],OK,Q,lies_on,MNPQ
264,8,full_text + noisy_diagram[illumination],OK,∠M,is_a,angle
264,8,full_text + noisy_diagram[illumination],OK,∠N,is_a,angle
264,8,full_text + noisy_diagram[illumination],OK,∠P,is_a,angle
264,8,full_text + noisy_diagram[illumination],OK,∠Q,is_a,angle
264,8,full_text + noisy_diagram[illumination],OK,∠M,has_measure,10x
264,8,full_text + noisy_diagram[illumination],OK,∠N,has_measure,20x
264,8,full_text + noisy_diagram[illumination],OK,∠M,equals,∠P
264,8,full_text + noisy_diagram[illumination],OK,∠N,equals,∠Q
,,,,,,
281,8,full_text + noisy_diagram[illumination],OK,A,is_a,point
281,8,full_text + noisy_diagram[illumination],OK,B,is_a,point
281,8,full_text + noisy_diagram[illumination],OK,C,is_a,point
281,8,full_text + noisy_diagram[illumination],OK,AC,is_a,segment
281,8,full_text + noisy_diagram[illumination],OK,AB,is_a,segment
281,8,full_text + noisy_diagram[illumination],OK,BC,is_a,segment
281,8,full_text + noisy_diagram[illumination],OK,∠C,is_a,angle
281,8,full_text + noisy_diagram[illumination],OK,ABC,is_a,triangle
281,8,full_text + noisy_diagram[illumination],OK,ABC,is_a,right_triangle
281,8,full_text + noisy_diagram[illumination],OK,∠C,has_measure,90_deg
281,8,full_text + noisy_diagram[illumination],OK,AC,has_measure,24_units
281,8,full_text + noisy_diagram[illumination],OK,AB,has_measure,26_units
281,8,full_text + noisy_diagram[illumination],OK,BC,has_measure,10_units
281,8,full_text + noisy_diagram[illumination],OK,∠B,is_a,angle
281,8,full_text + noisy_diagram[illumination],OK,cos,is_a,function
281,8,full_text + noisy_diagram[illumination],OK,cos,mapped_to,?
281,8,full_text + noisy_diagram[illumination],OK,Question,is_a,query
281,8,full_text + noisy_diagram[illumination],OK,Question,has_measure,cos B
,,,,,,
327,8,full_text + noisy_diagram[illumination],OK,Z,is_a,point
327,8,full_text + noisy_diagram[illumination],OK,Y,is_a,point
327,8,full_text + noisy_diagram[illumination],OK,X,is_a,point
327,8,full_text + noisy_diagram[illumination],OK,N,is_a,point
327,8,full_text + noisy_diagram[illumination],OK,ZY,is_a,segment
327,8,full_text + noisy_diagram[illumination],OK,YX,is_a,segment
327,8,full_text + noisy_diagram[illumination],OK,XZ,is_a,segment
327,8,full_text + noisy_diagram[illumination],OK,ZY,has_measure,10.7_units
327,8,full_text + noisy_diagram[illumination],OK,YX,has_measure,b_units
327,8,full_text + noisy_diagram[illumination],OK,XZ,has_measure,d_units
327,8,full_text + noisy_diagram[illumination],OK,ZY,perpendicular_to,YX
327,8,full_text + noisy_diagram[illumination],OK,∠YXZ,is_a,angle
327,8,full_text + noisy_diagram[illumination],OK,∠YXZ,has_measure,335_deg
327,8,full_text + noisy_diagram[illumination],OK,Z,lies_on,∠YXZ
327,8,full_text + noisy_diagram[illumination],OK,Y,lies_on,∠YXZ
327,8,full_text + noisy_diagram[illumination],OK,X,lies_on,∠YXZ
327,8,full_text + noisy_diagram[illumination],OK,N,lies_on,YX
327,8,full_text + noisy_diagram[illumination],OK,N,lies_on,XZ
,,,,,,
348,8,full_text + noisy_diagram[illumination],OK,helicopter,is_a,object
348,8,full_text + noisy_diagram[illumination],OK,landing_pad,is_a,object
348,8,full_text + noisy_diagram[illumination],OK,altitude,is_a,measurement
348,8,full_text + noisy_diagram[illumination],OK,altitude,has_measure,198_metres
348,8,full_text + noisy_diagram[illumination],OK,angle_of_depression,is_a,angle
348,8,full_text + noisy_diagram[illumination],OK,angle_of_depression,has_measure,44_degrees
348,8,full_text + noisy_diagram[illumination],OK,distance,is_a,measurement
348,8,full_text + noisy_diagram[illumination],OK,distance,has_measure,?
348,8,full_text + noisy_diagram[illumination],OK,helicopter,has_measure,198_metres
348,8,full_text + noisy_diagram[illumination],OK,helicopter,has_measure,44_degrees
348,8,full_text + noisy_diagram[illumination],OK,helicopter,connects,landing_pad
348,8,full_text + noisy_diagram[illumination],OK,landing_pad,is_a,point
348,8,full_text + noisy_diagram[illumination],OK,helicopter,is_a,point
348,8,full_text + noisy_diagram[illumination],OK,angle_of_depression,connects,helicopter
348,8,full_text + noisy_diagram[illumination],OK,angle_of_depression,connects,landing_pad
348,8,full_text + noisy_diagram[illumination],OK,altitude,connects,helicopter
348,8,full_text + noisy_diagram[illumination],OK,altitude,connects,landing_pad
348,8,full_text + noisy_diagram[illumination],OK,distance,connects,helicopter
348,8,full_text + noisy_diagram[illumination],OK,distance,connects,landing_pad
,,,,,,
364,8,full_text + noisy_diagram[illumination],OK,cable,is_a,cable
364,8,full_text + noisy_diagram[illumination],OK,tower,is_a,tower
364,8,full_text + noisy_diagram[illumination],OK,bridge,is_a,bridge
364,8,full_text + noisy_diagram[illumination],OK,tower,connects,bridge
364,8,full_text + noisy_diagram[illumination],OK,cable,connects,tower
364,8,full_text + noisy_diagram[illumination],OK,cable,connects,bridge
364,8,full_text + noisy_diagram[illumination],OK,tower,has_measure,35.5_m
364,8,full_text + noisy_diagram[illumination],OK,connection_point,has_measure,65.9_m
364,8,full_text + noisy_diagram[illumination],OK,connection_point,lies_on,bridge
364,8,full_text + noisy_diagram[illumination],OK,tower,is_a,point
364,8,full_text + noisy_diagram[illumination],OK,bridge,is_a,segment
364,8,full_text + noisy_diagram[illumination],OK,cable,is_a,segment
364,8,full_text + noisy_diagram[illumination],OK,h,is_a,?
,,,,,,
365,8,full_text + noisy_diagram[illumination],OK,plane,is_a,object
365,8,full_text + noisy_diagram[illumination],OK,airport_runway,is_a,object
365,8,full_text + noisy_diagram[illumination],OK,plane,has_measure,10369_m
365,8,full_text + noisy_diagram[illumination],OK,plane,has_measure,23444_m
365,8,full_text + noisy_diagram[illumination],OK,theta,is_a,angle
365,8,full_text + noisy_diagram[illumination],OK,theta,has_measure,?
365,8,full_text + noisy_diagram[illumination],OK,plane,has_measure,?
365,8,full_text + noisy_diagram[illumination],OK,airport_runway,has_measure,?
,,,,,,
420,8,full_text + noisy_diagram[illumination],OK,A,is_a,point
420,8,full_text + noisy_diagram[illumination],OK,B,is_a,point
420,8,full_text + noisy_diagram[illumination],OK,C,is_a,point
420,8,full_text + noisy_diagram[illumination],OK,D,is_a,point
420,8,full_text + noisy_diagram[illumination],OK,AB,is_a,segment
420,8,full_text + noisy_diagram[illumination],OK,BC,is_a,segment
420,8,full_text + noisy_diagram[illumination],OK,CD,is_a,segment
420,8,full_text + noisy_diagram[illumination],OK,AD,is_a,segment
420,8,full_text + noisy_diagram[illumination],OK,ABCD,is_a,trapezium
420,8,full_text + noisy_diagram[illumination],OK,AB,parallel_to,CD
420,8,full_text + noisy_diagram[illumination],OK,BC,has_measure,10_cm
420,8,full_text + noisy_diagram[illumination],OK,6_cm_segment,is_a,segment
420,8,full_text + noisy_diagram[illumination],OK,6_cm_segment,perpendicular_to,AD
420,8,full_text + noisy_diagram[illumination],OK,6_cm_segment,connects,"B, AD"
420,8,full_text + noisy_diagram[illumination],OK,AB,has_measure,x
420,8,full_text + noisy_diagram[illumination],OK,x,is_a,?
,,,,,,
432,8,full_text + noisy_diagram[illumination],OK,-3_4,is_a,point
432,8,full_text + noisy_diagram[illumination],OK,5_2,is_a,point
432,8,full_text + noisy_diagram[illumination],OK,AB,is_a,segment
432,8,full_text + noisy_diagram[illumination],OK,AB,connects,-3_4
432,8,full_text + noisy_diagram[illumination],OK,AB,connects,5_2
432,8,full_text + noisy_diagram[illumination],OK,-3_4,has_measure,-3
432,8,full_text + noisy_diagram[illumination],OK,-3_4,has_measure,4
432,8,full_text + noisy_diagram[illumination],OK,5_2,has_measure,5
432,8,full_text + noisy_diagram[illumination],OK,5_2,has_measure,2
432,8,full_text + noisy_diagram[illumination],OK,AB,has_measure,?
432,8,full_text + noisy_diagram[illumination],OK,AB,is_a,distance
432,8,full_text + noisy_diagram[illumination],OK,AB,is_a,query_target
,,,,,,
438,8,full_text + noisy_diagram[illumination],OK,-8,-3,"is_a, point"
438,8,full_text + noisy_diagram[illumination],OK,2,-3,"is_a, point"
438,8,full_text + noisy_diagram[illumination],OK,-3,-3,"is_a, point"
438,8,full_text + noisy_diagram[illumination],OK,-3-5√2,-3,"is_a, point"
438,8,full_text + noisy_diagram[illumination],OK,-3+5√2,-3,"is_a, point"
438,8,full_text + noisy_diagram[illumination],OK,hyperbola,is_a,hyperbola
438,8,full_text + noisy_diagram[illumination],OK,hyperbola,has_measure,?
438,8,full_text + noisy_diagram[illumination],OK,hyperbola,is_a,?
,,,,,,
441,8,full_text + noisy_diagram[illumination],OK,a,is_a,angle
441,8,full_text + noisy_diagram[illumination],OK,a,is_a,standard_position
441,8,full_text + noisy_diagram[illumination],OK,a,has_measure,?
441,8,full_text + noisy_diagram[illumination],OK,P,is_a,point
441,8,full_text + noisy_diagram[illumination],OK,unit_circle,is_a,circle
441,8,full_text + noisy_diagram[illumination],OK,unit_circle,radius_of,1_unit
441,8,full_text + noisy_diagram[illumination],OK,P,lies_on,unit_circle
441,8,full_text + noisy_diagram[illumination],OK,a,terminal_side,P
,,,,,,
447,8,full_text + noisy_diagram[illumination],OK,angle,is_a,angle
447,8,full_text + noisy_diagram[illumination],OK,a,is_a,angle
447,8,full_text + noisy_diagram[illumination],OK,angle,is_in,standard_position
447,8,full_text + noisy_diagram[illumination],OK,a,is_in,standard_position
447,8,full_text + noisy_diagram[illumination],OK,P,is_a,point
447,8,full_text + noisy_diagram[illumination],OK,unit_circle,is_a,circle
447,8,full_text + noisy_diagram[illumination],OK,unit_circle,has_measure,1_unit
447,8,full_text + noisy_diagram[illumination],OK,terminal_side,is_a,line
447,8,full_text + noisy_diagram[illumination],OK,terminal_side,intersects,unit_circle
447,8,full_text + noisy_diagram[illumination],OK,terminal_side,intersects_at,P
447,8,full_text + noisy_diagram[illumination],OK,unit_circle,center_of,origin
447,8,full_text + noisy_diagram[illumination],OK,x_axis,is_a,line
447,8,full_text + noisy_diagram[illumination],OK,y_axis,is_a,line
447,8,full_text + noisy_diagram[illumination],OK,origin,is_a,point
447,8,full_text + noisy_diagram[illumination],OK,x_axis,intersects,y_axis
447,8,full_text + noisy_diagram[illumination],OK,x_axis,intersects_at,origin
447,8,full_text + noisy_diagram[illumination],OK,y_axis,intersects,x_axis
447,8,full_text + noisy_diagram[illumination],OK,y_axis,intersects_at,origin
447,8,full_text + noisy_diagram[illumination],OK,unit_circle,lies_on,x_axis
447,8,full_text + noisy_diagram[illumination],OK,unit_circle,lies_on,y_axis
,,,,,,
449,8,full_text + noisy_diagram[illumination],OK,O,is_a,point
449,8,full_text + noisy_diagram[illumination],OK,O,center_of,circle
449,8,full_text + noisy_diagram[illumination],OK,circle,is_a,unit_circle
449,8,full_text + noisy_diagram[illumination],OK,circle,has_measure,1
449,8,full_text + noisy_diagram[illumination],OK,P,is_a,point
449,8,full_text + noisy_diagram[illumination],OK,P,lies_on,circle
449,8,full_text + noisy_diagram[illumination],OK,θ,is_a,angle
,,,,,,
457,8,full_text + noisy_diagram[illumination],OK,center,is_a,point
457,8,full_text + noisy_diagram[illumination],OK,radius,is_a,measure
457,8,full_text + noisy_diagram[illumination],OK,radius,has_measure,6
457,8,full_text + noisy_diagram[illumination],OK,equation,is_a,query_target
,,,,,,
472,8,full_text + noisy_diagram[illumination],OK,Points,is_a,point
472,8,full_text + noisy_diagram[illumination],OK,-7,0,"is_a, point"
472,8,full_text + noisy_diagram[illumination],OK,-5,-5,"is_a, point"
472,8,full_text + noisy_diagram[illumination],OK,0,7,"is_a, point"
472,8,full_text + noisy_diagram[illumination],OK,5,-5,"is_a, point"
472,8,full_text + noisy_diagram[illumination],OK,7,0,"is_a, point"
472,8,full_text + noisy_diagram[illumination],OK,semicircle,is_a,semicircle
472,8,full_text + noisy_diagram[illumination],OK,Question,is_a,query
472,8,full_text + noisy_diagram[illumination],OK,Question,asks_for,center_of
472,8,full_text + noisy_diagram[illumination],OK,Question,asks_for,semicircle
,,,,,,
