problem_index,case_id,case_label,status,subject,predicate,object
1,14,noisy_half_text[sentence] + half_diagram,OK,A,is_a,point
1,14,noisy_half_text[sentence] + half_diagram,OK,B,is_a,point
1,14,noisy_half_text[sentence] + half_diagram,OK,C,is_a,point
1,14,noisy_half_text[sentence] + half_diagram,OK,D,is_a,point
1,14,noisy_half_text[sentence] + half_diagram,OK,E,is_a,point
1,14,noisy_half_text[sentence] + half_diagram,OK,ABC,is_a,triangle
1,14,noisy_half_text[sentence] + half_diagram,OK,AB,is_a,segment
1,14,noisy_half_text[sentence] + half_diagram,OK,AC,is_a,segment
1,14,noisy_half_text[sentence] + half_diagram,OK,BC,is_a,segment
1,14,noisy_half_text[sentence] + half_diagram,OK,DE,is_a,segment
1,14,noisy_half_text[sentence] + half_diagram,OK,∠A,is_a,angle
1,14,noisy_half_text[sentence] + half_diagram,OK,∠B,is_a,angle
1,14,noisy_half_text[sentence] + half_diagram,OK,∠C,is_a,angle
1,14,noisy_half_text[sentence] + half_diagram,OK,∠CED,is_a,angle
1,14,noisy_half_text[sentence] + half_diagram,OK,D,lies_on,AB
1,14,noisy_half_text[sentence] + half_diagram,OK,E,lies_on,AC
1,14,noisy_half_text[sentence] + half_diagram,OK,DE,parallel_to,BC
1,14,noisy_half_text[sentence] + half_diagram,OK,∠A,has_measure,80_deg
1,14,noisy_half_text[sentence] + half_diagram,OK,∠B,has_measure,60_deg
,,,,,,
2,14,noisy_half_text[sentence] + half_diagram,OK,A,is_a,point
2,14,noisy_half_text[sentence] + half_diagram,OK,B,is_a,point
2,14,noisy_half_text[sentence] + half_diagram,OK,AB,is_a,segment
2,14,noisy_half_text[sentence] + half_diagram,OK,AB,parallel_to,CD
2,14,noisy_half_text[sentence] + half_diagram,OK,C,is_a,point
2,14,noisy_half_text[sentence] + half_diagram,OK,D,is_a,point
2,14,noisy_half_text[sentence] + half_diagram,OK,CD,is_a,segment
2,14,noisy_half_text[sentence] + half_diagram,OK,E,is_a,point
2,14,noisy_half_text[sentence] + half_diagram,OK,F,is_a,point
2,14,noisy_half_text[sentence] + half_diagram,OK,EF,is_a,segment
2,14,noisy_half_text[sentence] + half_diagram,OK,EG,is_a,segment
2,14,noisy_half_text[sentence] + half_diagram,OK,∠BEF,is_a,angle
2,14,noisy_half_text[sentence] + half_diagram,OK,∠EFG,is_a,angle
2,14,noisy_half_text[sentence] + half_diagram,OK,∠EGF,is_a,angle
2,14,noisy_half_text[sentence] + half_diagram,OK,EF,intersects,AB
2,14,noisy_half_text[sentence] + half_diagram,OK,EF,intersects,CD
2,14,noisy_half_text[sentence] + half_diagram,OK,EG,intersects,CD
2,14,noisy_half_text[sentence] + half_diagram,OK,EG,bisects,∠BEF
2,14,noisy_half_text[sentence] + half_diagram,OK,∠EFG,has_measure,?
2,14,noisy_half_text[sentence] + half_diagram,OK,∠EGF,has_measure,?
,,,,,,
3,14,noisy_half_text[sentence] + half_diagram,OK,A,is_a,point
3,14,noisy_half_text[sentence] + half_diagram,OK,B,is_a,point
3,14,noisy_half_text[sentence] + half_diagram,OK,C,is_a,point
3,14,noisy_half_text[sentence] + half_diagram,OK,D,is_a,point
3,14,noisy_half_text[sentence] + half_diagram,OK,BC,is_a,segment
3,14,noisy_half_text[sentence] + half_diagram,OK,BA,is_a,segment
3,14,noisy_half_text[sentence] + half_diagram,OK,BD,is_a,segment
3,14,noisy_half_text[sentence] + half_diagram,OK,CD,is_a,segment
3,14,noisy_half_text[sentence] + half_diagram,OK,∠BCD,is_a,angle
3,14,noisy_half_text[sentence] + half_diagram,OK,∠BCD,has_measure,70_deg
3,14,noisy_half_text[sentence] + half_diagram,OK,BC,intersects,BA
3,14,noisy_half_text[sentence] + half_diagram,OK,BA,intersects,BC
3,14,noisy_half_text[sentence] + half_diagram,OK,BD,intersects,BC
3,14,noisy_half_text[sentence] + half_diagram,OK,BD,intersects,BA
3,14,noisy_half_text[sentence] + half_diagram,OK,BD,bisects,∠ABC
3,14,noisy_half_text[sentence] + half_diagram,OK,CD,parallel_to,AB
3,14,noisy_half_text[sentence] + half_diagram,OK,A,is_a,cup
3,14,noisy_half_text[sentence] + half_diagram,OK,A,lies_on,window
3,14,noisy_half_text[sentence] + half_diagram,OK,A,is_a,paper
3,14,noisy_half_text[sentence] + half_diagram,OK,A,lies_on,desk
,,,,,,
4,14,noisy_half_text[sentence] + half_diagram,OK,A,is_a,point
4,14,noisy_half_text[sentence] + half_diagram,OK,B,is_a,point
4,14,noisy_half_text[sentence] + half_diagram,OK,O,is_a,point
4,14,noisy_half_text[sentence] + half_diagram,OK,C,is_a,point
4,14,noisy_half_text[sentence] + half_diagram,OK,AB,is_a,segment
4,14,noisy_half_text[sentence] + half_diagram,OK,AO,is_a,segment
4,14,noisy_half_text[sentence] + half_diagram,OK,BC,is_a,segment
4,14,noisy_half_text[sentence] + half_diagram,OK,∠A,is_a,angle
4,14,noisy_half_text[sentence] + half_diagram,OK,AB,tangent_to,circle_O
4,14,noisy_half_text[sentence] + half_diagram,OK,AO,intersects,circle_O
4,14,noisy_half_text[sentence] + half_diagram,OK,AO,intersects,"circle_O_at, point_C"
4,14,noisy_half_text[sentence] + half_diagram,OK,∠A,has_measure,36_deg
,,,,,,
7,14,noisy_half_text[sentence] + half_diagram,OK,A,is_a,point
7,14,noisy_half_text[sentence] + half_diagram,OK,B,is_a,point
7,14,noisy_half_text[sentence] + half_diagram,OK,C,is_a,point
7,14,noisy_half_text[sentence] + half_diagram,OK,D,is_a,point
7,14,noisy_half_text[sentence] + half_diagram,OK,E,is_a,point
7,14,noisy_half_text[sentence] + half_diagram,OK,ABC,is_a,triangle
7,14,noisy_half_text[sentence] + half_diagram,OK,ADE,is_a,triangle
7,14,noisy_half_text[sentence] + half_diagram,OK,ABC,congruent_to,ADE
7,14,noisy_half_text[sentence] + half_diagram,OK,A,common_vertex_of,ABC
7,14,noisy_half_text[sentence] + half_diagram,OK,A,common_vertex_of,ADE
7,14,noisy_half_text[sentence] + half_diagram,OK,∠B,has_measure,70_deg
7,14,noisy_half_text[sentence] + half_diagram,OK,∠C,has_measure,30_deg
7,14,noisy_half_text[sentence] + half_diagram,OK,∠DAC,is_a,angle
7,14,noisy_half_text[sentence] + half_diagram,OK,∠EAC,is_a,angle
7,14,noisy_half_text[sentence] + half_diagram,OK,∠EAC,is_a,query_target
,,,,,,
8,14,noisy_half_text[sentence] + half_diagram,OK,A,is_a,point
8,14,noisy_half_text[sentence] + half_diagram,OK,B,is_a,point
8,14,noisy_half_text[sentence] + half_diagram,OK,C,is_a,point
8,14,noisy_half_text[sentence] + half_diagram,OK,D,is_a,point
8,14,noisy_half_text[sentence] + half_diagram,OK,E,is_a,point
8,14,noisy_half_text[sentence] + half_diagram,OK,F,is_a,point
8,14,noisy_half_text[sentence] + half_diagram,OK,ABC,is_a,triangle
8,14,noisy_half_text[sentence] + half_diagram,OK,DEF,is_a,triangle
8,14,noisy_half_text[sentence] + half_diagram,OK,A,is_a,vertex
8,14,noisy_half_text[sentence] + half_diagram,OK,B,is_a,vertex
8,14,noisy_half_text[sentence] + half_diagram,OK,C,is_a,vertex
8,14,noisy_half_text[sentence] + half_diagram,OK,D,is_a,vertex
8,14,noisy_half_text[sentence] + half_diagram,OK,E,is_a,vertex
8,14,noisy_half_text[sentence] + half_diagram,OK,F,is_a,vertex
8,14,noisy_half_text[sentence] + half_diagram,OK,A,mapped_to,D
8,14,noisy_half_text[sentence] + half_diagram,OK,B,mapped_to,E
8,14,noisy_half_text[sentence] + half_diagram,OK,BF,is_a,segment
8,14,noisy_half_text[sentence] + half_diagram,OK,BF,has_measure,7.0_units
8,14,noisy_half_text[sentence] + half_diagram,OK,EC,is_a,segment
8,14,noisy_half_text[sentence] + half_diagram,OK,EC,has_measure,?
,,,,,,
9,14,noisy_half_text[sentence] + half_diagram,OK,A,is_a,point
9,14,noisy_half_text[sentence] + half_diagram,OK,B,is_a,point
9,14,noisy_half_text[sentence] + half_diagram,OK,C,is_a,point
9,14,noisy_half_text[sentence] + half_diagram,OK,D,is_a,point
9,14,noisy_half_text[sentence] + half_diagram,OK,E,is_a,point
9,14,noisy_half_text[sentence] + half_diagram,OK,ABC,is_a,triangle
9,14,noisy_half_text[sentence] + half_diagram,OK,∠C,is_a,angle
9,14,noisy_half_text[sentence] + half_diagram,OK,∠C,has_measure,90_deg
9,14,noisy_half_text[sentence] + half_diagram,OK,AC,is_a,segment
9,14,noisy_half_text[sentence] + half_diagram,OK,BC,is_a,segment
9,14,noisy_half_text[sentence] + half_diagram,OK,AC,has_measure,?
9,14,noisy_half_text[sentence] + half_diagram,OK,BC,has_measure,?
9,14,noisy_half_text[sentence] + half_diagram,OK,AD,is_a,segment
9,14,noisy_half_text[sentence] + half_diagram,OK,∠CAB,is_a,angle
9,14,noisy_half_text[sentence] + half_diagram,OK,AD,intersects,BC
9,14,noisy_half_text[sentence] + half_diagram,OK,DE,is_a,segment
9,14,noisy_half_text[sentence] + half_diagram,OK,DE,perpendicular_to,AB
9,14,noisy_half_text[sentence] + half_diagram,OK,AB,is_a,segment
9,14,noisy_half_text[sentence] + half_diagram,OK,AB,has_measure,6_units
,,,,,,
10,14,noisy_half_text[sentence] + half_diagram,OK,A,is_a,point
10,14,noisy_half_text[sentence] + half_diagram,OK,B,is_a,point
10,14,noisy_half_text[sentence] + half_diagram,OK,C,is_a,point
10,14,noisy_half_text[sentence] + half_diagram,OK,ABC,is_a,triangle
10,14,noisy_half_text[sentence] + half_diagram,OK,AB,is_a,segment
10,14,noisy_half_text[sentence] + half_diagram,OK,AC,is_a,segment
10,14,noisy_half_text[sentence] + half_diagram,OK,AB,has_measure,?
10,14,noisy_half_text[sentence] + half_diagram,OK,AC,has_measure,?
10,14,noisy_half_text[sentence] + half_diagram,OK,AB,equals_in_length,AC
10,14,noisy_half_text[sentence] + half_diagram,OK,D,is_a,point
10,14,noisy_half_text[sentence] + half_diagram,OK,E,is_a,point
10,14,noisy_half_text[sentence] + half_diagram,OK,AB,perpendicular_bisector,DE
10,14,noisy_half_text[sentence] + half_diagram,OK,DE,intersects,AC
10,14,noisy_half_text[sentence] + half_diagram,OK,DE,intersects,AB
10,14,noisy_half_text[sentence] + half_diagram,OK,DE,intersects,"AC, at, D"
10,14,noisy_half_text[sentence] + half_diagram,OK,DE,intersects,"AB, at, E"
10,14,noisy_half_text[sentence] + half_diagram,OK,∠BAD,has_measure,36_deg
,,,,,,
11,14,noisy_half_text[sentence] + half_diagram,OK,A,is_a,point
11,14,noisy_half_text[sentence] + half_diagram,OK,B,is_a,point
11,14,noisy_half_text[sentence] + half_diagram,OK,C,is_a,point
11,14,noisy_half_text[sentence] + half_diagram,OK,ABC,is_a,triangle
11,14,noisy_half_text[sentence] + half_diagram,OK,angle_C,has_measure,36_deg
11,14,noisy_half_text[sentence] + half_diagram,OK,E,is_a,point
11,14,noisy_half_text[sentence] + half_diagram,OK,D,is_a,point
11,14,noisy_half_text[sentence] + half_diagram,OK,AED,is_a,triangle
11,14,noisy_half_text[sentence] + half_diagram,OK,ABC,rotated_about,A
11,14,noisy_half_text[sentence] + half_diagram,OK,ABC,mapped_to,AED
11,14,noisy_half_text[sentence] + half_diagram,OK,AD,is_a,segment
11,14,noisy_half_text[sentence] + half_diagram,OK,BC,is_a,segment
11,14,noisy_half_text[sentence] + half_diagram,OK,F,is_a,point
11,14,noisy_half_text[sentence] + half_diagram,OK,AD,intersects,BC
11,14,noisy_half_text[sentence] + half_diagram,OK,AD,intersects,"BC, at, F"
11,14,noisy_half_text[sentence] + half_diagram,OK,angle_BAF,has_measure,60_deg
,,,,,,
14,14,noisy_half_text[sentence] + half_diagram,OK,A,is_a,point
14,14,noisy_half_text[sentence] + half_diagram,OK,B,is_a,point
14,14,noisy_half_text[sentence] + half_diagram,OK,C,is_a,point
14,14,noisy_half_text[sentence] + half_diagram,OK,O,is_a,point
14,14,noisy_half_text[sentence] + half_diagram,OK,O,is_a,center
14,14,noisy_half_text[sentence] + half_diagram,OK,ABC,is_a,triangle
14,14,noisy_half_text[sentence] + half_diagram,OK,O,center_of,circle
14,14,noisy_half_text[sentence] + half_diagram,OK,A,lies_on,circle
14,14,noisy_half_text[sentence] + half_diagram,OK,B,lies_on,circle
14,14,noisy_half_text[sentence] + half_diagram,OK,C,lies_on,circle
14,14,noisy_half_text[sentence] + half_diagram,OK,A,connects,B
14,14,noisy_half_text[sentence] + half_diagram,OK,B,connects,C
14,14,noisy_half_text[sentence] + half_diagram,OK,C,connects,A
14,14,noisy_half_text[sentence] + half_diagram,OK,∠AOB,is_a,angle
14,14,noisy_half_text[sentence] + half_diagram,OK,∠AOB,has_measure,35_deg
14,14,noisy_half_text[sentence] + half_diagram,OK,ABC,inscribed_in,circle
,,,,,,
16,14,noisy_half_text[sentence] + half_diagram,OK,O,is_a,point
16,14,noisy_half_text[sentence] + half_diagram,OK,O,center_of,circle
16,14,noisy_half_text[sentence] + half_diagram,OK,AC,is_a,chord
16,14,noisy_half_text[sentence] + half_diagram,OK,OB,is_a,radius
16,14,noisy_half_text[sentence] + half_diagram,OK,AC,parallel_to,OB
16,14,noisy_half_text[sentence] + half_diagram,OK,∠BOC,is_a,angle
16,14,noisy_half_text[sentence] + half_diagram,OK,∠BOC,has_measure,50_deg
16,14,noisy_half_text[sentence] + half_diagram,OK,phone,is_a,object
16,14,noisy_half_text[sentence] + half_diagram,OK,table,is_a,object
16,14,noisy_half_text[sentence] + half_diagram,OK,phone,vibrated_on,table
16,14,noisy_half_text[sentence] + half_diagram,OK,bicycle,is_a,object
16,14,noisy_half_text[sentence] + half_diagram,OK,wall,is_a,object
16,14,noisy_half_text[sentence] + half_diagram,OK,bicycle,leaning_against,wall
16,14,noisy_half_text[sentence] + half_diagram,OK,angle,is_a,OAB
16,14,noisy_half_text[sentence] + half_diagram,OK,angle,has_measure,?
,,,,,,
17,14,noisy_half_text[sentence] + half_diagram,OK,A,is_a,point
17,14,noisy_half_text[sentence] + half_diagram,OK,B,is_a,point
17,14,noisy_half_text[sentence] + half_diagram,OK,C,is_a,point
17,14,noisy_half_text[sentence] + half_diagram,OK,D,is_a,point
17,14,noisy_half_text[sentence] + half_diagram,OK,ABCD,is_a,parallelogram
17,14,noisy_half_text[sentence] + half_diagram,OK,AC,is_a,diagonal
17,14,noisy_half_text[sentence] + half_diagram,OK,BD,is_a,diagonal
17,14,noisy_half_text[sentence] + half_diagram,OK,O,is_a,point
17,14,noisy_half_text[sentence] + half_diagram,OK,AC,intersects,BD
17,14,noisy_half_text[sentence] + half_diagram,OK,AC,intersects,O
17,14,noisy_half_text[sentence] + half_diagram,OK,BD,intersects,O
17,14,noisy_half_text[sentence] + half_diagram,OK,A,connects,C
17,14,noisy_half_text[sentence] + half_diagram,OK,B,connects,D
17,14,noisy_half_text[sentence] + half_diagram,OK,DAC,is_a,angle
17,14,noisy_half_text[sentence] + half_diagram,OK,DAC,has_measure,42_deg
17,14,noisy_half_text[sentence] + half_diagram,OK,CBD,is_a,angle
17,14,noisy_half_text[sentence] + half_diagram,OK,CBD,has_measure,23_deg
17,14,noisy_half_text[sentence] + half_diagram,OK,COD,is_a,angle
,,,,,,
20,14,noisy_half_text[sentence] + half_diagram,OK,O,is_a,circle
20,14,noisy_half_text[sentence] + half_diagram,OK,AB,is_a,"diameter_of, O"
20,14,noisy_half_text[sentence] + half_diagram,OK,A,is_a,point
20,14,noisy_half_text[sentence] + half_diagram,OK,B,is_a,point
20,14,noisy_half_text[sentence] + half_diagram,OK,C,is_a,point
20,14,noisy_half_text[sentence] + half_diagram,OK,D,is_a,point
20,14,noisy_half_text[sentence] + half_diagram,OK,AC,is_a,segment
20,14,noisy_half_text[sentence] + half_diagram,OK,BC,is_a,segment
20,14,noisy_half_text[sentence] + half_diagram,OK,CD,is_a,segment
20,14,noisy_half_text[sentence] + half_diagram,OK,OD,is_a,segment
20,14,noisy_half_text[sentence] + half_diagram,OK,∠DOB,is_a,angle
20,14,noisy_half_text[sentence] + half_diagram,OK,∠DOB,has_measure,?
20,14,noisy_half_text[sentence] + half_diagram,OK,∠ACD,is_a,angle
20,14,noisy_half_text[sentence] + half_diagram,OK,AB,connects,"A, B"
20,14,noisy_half_text[sentence] + half_diagram,OK,AB,lies_on,O
20,14,noisy_half_text[sentence] + half_diagram,OK,C,lies_on,O
20,14,noisy_half_text[sentence] + half_diagram,OK,D,lies_on,O
20,14,noisy_half_text[sentence] + half_diagram,OK,AC,connects,"A, C"
20,14,noisy_half_text[sentence] + half_diagram,OK,BC,connects,"B, C"
20,14,noisy_half_text[sentence] + half_diagram,OK,CD,connects,"C, D"
20,14,noisy_half_text[sentence] + half_diagram,OK,OD,connects,"O, D"
20,14,noisy_half_text[sentence] + half_diagram,OK,∠DOB,has_measure,140_deg
,,,,,,
22,14,noisy_half_text[sentence] + half_diagram,OK,A,is_a,point
22,14,noisy_half_text[sentence] + half_diagram,OK,N,is_a,point
22,14,noisy_half_text[sentence] + half_diagram,OK,28_deg,is_a,angle
22,14,noisy_half_text[sentence] + half_diagram,OK,ABCD,is_a,diamond
22,14,noisy_half_text[sentence] + half_diagram,OK,M,is_a,point
22,14,noisy_half_text[sentence] + half_diagram,OK,AB,is_a,segment
22,14,noisy_half_text[sentence] + half_diagram,OK,CD,is_a,segment
22,14,noisy_half_text[sentence] + half_diagram,OK,M,lies_on,AB
22,14,noisy_half_text[sentence] + half_diagram,OK,N,lies_on,CD
22,14,noisy_half_text[sentence] + half_diagram,OK,AM,is_a,segment
22,14,noisy_half_text[sentence] + half_diagram,OK,CN,is_a,segment
22,14,noisy_half_text[sentence] + half_diagram,OK,AM,has_measure,?
22,14,noisy_half_text[sentence] + half_diagram,OK,CN,has_measure,?
22,14,noisy_half_text[sentence] + half_diagram,OK,MN,is_a,segment
22,14,noisy_half_text[sentence] + half_diagram,OK,AC,is_a,segment
22,14,noisy_half_text[sentence] + half_diagram,OK,MN,intersects,AC
22,14,noisy_half_text[sentence] + half_diagram,OK,O,is_a,point
22,14,noisy_half_text[sentence] + half_diagram,OK,AC,intersects,MN
22,14,noisy_half_text[sentence] + half_diagram,OK,BO,is_a,segment
22,14,noisy_half_text[sentence] + half_diagram,OK,DAC,is_a,angle
22,14,noisy_half_text[sentence] + half_diagram,OK,OBC,is_a,angle
,,,,,,
25,14,noisy_half_text[sentence] + half_diagram,OK,A,is_a,point
25,14,noisy_half_text[sentence] + half_diagram,OK,B,is_a,point
25,14,noisy_half_text[sentence] + half_diagram,OK,C,is_a,point
25,14,noisy_half_text[sentence] + half_diagram,OK,E,is_a,point
25,14,noisy_half_text[sentence] + half_diagram,OK,F,is_a,point
25,14,noisy_half_text[sentence] + half_diagram,OK,EF,is_a,segment
25,14,noisy_half_text[sentence] + half_diagram,OK,BC,is_a,segment
25,14,noisy_half_text[sentence] + half_diagram,OK,AC,is_a,segment
25,14,noisy_half_text[sentence] + half_diagram,OK,BAF,is_a,angle
25,14,noisy_half_text[sentence] + half_diagram,OK,∠B,is_a,angle
25,14,noisy_half_text[sentence] + half_diagram,OK,EF,parallel_to,BC
25,14,noisy_half_text[sentence] + half_diagram,OK,AC,bisects,∠BAF
25,14,noisy_half_text[sentence] + half_diagram,OK,∠B,has_measure,50_deg
25,14,noisy_half_text[sentence] + half_diagram,OK,A,is_a,cup
25,14,noisy_half_text[sentence] + half_diagram,OK,A,is_a,bicycle
,,,,,,
26,14,noisy_half_text[sentence] + half_diagram,OK,bamboo_pole,is_a,object
26,14,noisy_half_text[sentence] + half_diagram,OK,bamboo_pole,distance_to,8.0_m
26,14,noisy_half_text[sentence] + half_diagram,OK,flagpole,is_a,object
26,14,noisy_half_text[sentence] + half_diagram,OK,flagpole,distance_to,22.0_m
26,14,noisy_half_text[sentence] + half_diagram,OK,flagpole,is_a,school_flagpole
26,14,noisy_half_text[sentence] + half_diagram,OK,bicycle,is_a,object
26,14,noisy_half_text[sentence] + half_diagram,OK,bicycle,leaning_against,wall
26,14,noisy_half_text[sentence] + half_diagram,OK,Xiaodong,uses,bamboo_pole
26,14,noisy_half_text[sentence] + half_diagram,OK,Xiaodong,uses,measuring_tool
26,14,noisy_half_text[sentence] + half_diagram,OK,chair,is_a,object
26,14,noisy_half_text[sentence] + half_diagram,OK,chair,is_a,measuring_tool
26,14,noisy_half_text[sentence] + half_diagram,OK,chair,pushed_back,slowly
26,14,noisy_half_text[sentence] + half_diagram,OK,height,is_a,query_target
,,,,,,
29,14,noisy_half_text[sentence] + half_diagram,OK,A,is_a,point
29,14,noisy_half_text[sentence] + half_diagram,OK,B,is_a,point
29,14,noisy_half_text[sentence] + half_diagram,OK,C,is_a,point
29,14,noisy_half_text[sentence] + half_diagram,OK,D,is_a,point
29,14,noisy_half_text[sentence] + half_diagram,OK,AB,is_a,segment
29,14,noisy_half_text[sentence] + half_diagram,OK,BC,is_a,segment
29,14,noisy_half_text[sentence] + half_diagram,OK,CA,is_a,segment
29,14,noisy_half_text[sentence] + half_diagram,OK,ABC,is_a,triangle
29,14,noisy_half_text[sentence] + half_diagram,OK,BD,is_a,segment
29,14,noisy_half_text[sentence] + half_diagram,OK,CD,is_a,segment
29,14,noisy_half_text[sentence] + half_diagram,OK,∠A,is_a,angle
29,14,noisy_half_text[sentence] + half_diagram,OK,∠A,has_measure,50_deg
29,14,noisy_half_text[sentence] + half_diagram,OK,D,is_a,intersection_point
29,14,noisy_half_text[sentence] + half_diagram,OK,BD,is_a,angle_bisector
29,14,noisy_half_text[sentence] + half_diagram,OK,CD,is_a,angle_bisector
29,14,noisy_half_text[sentence] + half_diagram,OK,∠BDC,is_a,angle
29,14,noisy_half_text[sentence] + half_diagram,OK,phone,is_a,object
29,14,noisy_half_text[sentence] + half_diagram,OK,table,is_a,object
29,14,noisy_half_text[sentence] + half_diagram,OK,clock,is_a,object
29,14,noisy_half_text[sentence] + half_diagram,OK,phone,vibrated_on,table
29,14,noisy_half_text[sentence] + half_diagram,OK,he,glanced_at,clock
29,14,noisy_half_text[sentence] + half_diagram,OK,angle_A,has_measure,?
29,14,noisy_half_text[sentence] + half_diagram,OK,angle_BDC,is_a,query_target
,,,,,,
30,14,noisy_half_text[sentence] + half_diagram,OK,A,is_a,point
30,14,noisy_half_text[sentence] + half_diagram,OK,B,is_a,point
30,14,noisy_half_text[sentence] + half_diagram,OK,C,is_a,point
30,14,noisy_half_text[sentence] + half_diagram,OK,O,is_a,point
30,14,noisy_half_text[sentence] + half_diagram,OK,OA,is_a,segment
30,14,noisy_half_text[sentence] + half_diagram,OK,OB,is_a,segment
30,14,noisy_half_text[sentence] + half_diagram,OK,OC,is_a,segment
30,14,noisy_half_text[sentence] + half_diagram,OK,OA,has_measure,?
30,14,noisy_half_text[sentence] + half_diagram,OK,OB,has_measure,?
30,14,noisy_half_text[sentence] + half_diagram,OK,OC,has_measure,?
30,14,noisy_half_text[sentence] + half_diagram,OK,∠ACB,is_a,angle
30,14,noisy_half_text[sentence] + half_diagram,OK,∠ACB,has_measure,?
30,14,noisy_half_text[sentence] + half_diagram,OK,∠AOB,is_a,angle
30,14,noisy_half_text[sentence] + half_diagram,OK,∠AOB,has_measure,?
,,,,,,
32,14,noisy_half_text[sentence] + half_diagram,OK,A,is_a,point
32,14,noisy_half_text[sentence] + half_diagram,OK,B,is_a,point
32,14,noisy_half_text[sentence] + half_diagram,OK,C,is_a,point
32,14,noisy_half_text[sentence] + half_diagram,OK,I,is_a,point
32,14,noisy_half_text[sentence] + half_diagram,OK,D,is_a,point
32,14,noisy_half_text[sentence] + half_diagram,OK,E,is_a,point
32,14,noisy_half_text[sentence] + half_diagram,OK,F,is_a,point
32,14,noisy_half_text[sentence] + half_diagram,OK,ABC,is_a,triangle
32,14,noisy_half_text[sentence] + half_diagram,OK,I,is_a,circle
32,14,noisy_half_text[sentence] + half_diagram,OK,I,center_of,circle
32,14,noisy_half_text[sentence] + half_diagram,OK,∠EID,is_a,angle
32,14,noisy_half_text[sentence] + half_diagram,OK,∠EID,has_measure,52_deg
,,,,,,
34,14,noisy_half_text[sentence] + half_diagram,OK,A,is_a,point
34,14,noisy_half_text[sentence] + half_diagram,OK,B,is_a,point
34,14,noisy_half_text[sentence] + half_diagram,OK,C,is_a,point
34,14,noisy_half_text[sentence] + half_diagram,OK,D,is_a,point
34,14,noisy_half_text[sentence] + half_diagram,OK,E,is_a,point
34,14,noisy_half_text[sentence] + half_diagram,OK,F,is_a,point
34,14,noisy_half_text[sentence] + half_diagram,OK,P,is_a,point
34,14,noisy_half_text[sentence] + half_diagram,OK,Q,is_a,point
34,14,noisy_half_text[sentence] + half_diagram,OK,AB,is_a,segment
34,14,noisy_half_text[sentence] + half_diagram,OK,CD,is_a,segment
34,14,noisy_half_text[sentence] + half_diagram,OK,EF,is_a,segment
34,14,noisy_half_text[sentence] + half_diagram,OK,AB,parallel_to,CD
34,14,noisy_half_text[sentence] + half_diagram,OK,EF,intersects,AB
34,14,noisy_half_text[sentence] + half_diagram,OK,EF,intersects,CD
34,14,noisy_half_text[sentence] + half_diagram,OK,P,is_a,intersection
34,14,noisy_half_text[sentence] + half_diagram,OK,Q,is_a,intersection
34,14,noisy_half_text[sentence] + half_diagram,OK,∠AEP,is_a,angle
34,14,noisy_half_text[sentence] + half_diagram,OK,∠AEP,has_measure,100_deg
34,14,noisy_half_text[sentence] + half_diagram,OK,∠CQF,is_a,angle
34,14,noisy_half_text[sentence] + half_diagram,OK,∠CQF,has_measure,?
34,14,noisy_half_text[sentence] + half_diagram,OK,?,is_a,cup
34,14,noisy_half_text[sentence] + half_diagram,OK,?,is_a,window
,,,,,,
36,14,noisy_half_text[sentence] + half_diagram,OK,A,is_a,point
36,14,noisy_half_text[sentence] + half_diagram,OK,B,is_a,point
36,14,noisy_half_text[sentence] + half_diagram,OK,O,is_a,point
36,14,noisy_half_text[sentence] + half_diagram,OK,AB,is_a,segment
36,14,noisy_half_text[sentence] + half_diagram,OK,AB,is_a,diameter
36,14,noisy_half_text[sentence] + half_diagram,OK,D,is_a,point
36,14,noisy_half_text[sentence] + half_diagram,OK,C,is_a,point
36,14,noisy_half_text[sentence] + half_diagram,OK,O,center_of,circle
36,14,noisy_half_text[sentence] + half_diagram,OK,AB,diameter_of,circle
36,14,noisy_half_text[sentence] + half_diagram,OK,C,lies_on,circle
36,14,noisy_half_text[sentence] + half_diagram,OK,CD,is_a,line
36,14,noisy_half_text[sentence] + half_diagram,OK,CD,tangent_to,circle
36,14,noisy_half_text[sentence] + half_diagram,OK,C,lies_on,CD
36,14,noisy_half_text[sentence] + half_diagram,OK,D,lies_on,CD
36,14,noisy_half_text[sentence] + half_diagram,OK,∠BCD,is_a,angle
36,14,noisy_half_text[sentence] + half_diagram,OK,∠BCD,has_measure,50_deg
36,14,noisy_half_text[sentence] + half_diagram,OK,?,is_a,angle
,,,,,,
37,14,noisy_half_text[sentence] + half_diagram,OK,A,is_a,point
37,14,noisy_half_text[sentence] + half_diagram,OK,B,is_a,point
37,14,noisy_half_text[sentence] + half_diagram,OK,C,is_a,point
37,14,noisy_half_text[sentence] + half_diagram,OK,D,is_a,point
37,14,noisy_half_text[sentence] + half_diagram,OK,P,is_a,point
37,14,noisy_half_text[sentence] + half_diagram,OK,O,is_a,point
37,14,noisy_half_text[sentence] + half_diagram,OK,AB,is_a,segment
37,14,noisy_half_text[sentence] + half_diagram,OK,CD,is_a,segment
37,14,noisy_half_text[sentence] + half_diagram,OK,CP,is_a,segment
37,14,noisy_half_text[sentence] + half_diagram,OK,AO,is_a,segment
37,14,noisy_half_text[sentence] + half_diagram,OK,PO,is_a,segment
37,14,noisy_half_text[sentence] + half_diagram,OK,AB,parallel_to,CD
37,14,noisy_half_text[sentence] + half_diagram,OK,AO,has_measure,?
37,14,noisy_half_text[sentence] + half_diagram,OK,PO,has_measure,?
37,14,noisy_half_text[sentence] + half_diagram,OK,AO,has_measure,PO
37,14,noisy_half_text[sentence] + half_diagram,OK,CP,intersects,AB
37,14,noisy_half_text[sentence] + half_diagram,OK,CP,intersects,O
37,14,noisy_half_text[sentence] + half_diagram,OK,∠CPO,is_a,angle
37,14,noisy_half_text[sentence] + half_diagram,OK,∠CPO,has_measure,50_deg
37,14,noisy_half_text[sentence] + half_diagram,OK,?,is_a,angle
37,14,noisy_half_text[sentence] + half_diagram,OK,?,is_a,query_target
,,,,,,
38,14,noisy_half_text[sentence] + half_diagram,OK,A,is_a,point
38,14,noisy_half_text[sentence] + half_diagram,OK,B,is_a,point
38,14,noisy_half_text[sentence] + half_diagram,OK,C,is_a,point
38,14,noisy_half_text[sentence] + half_diagram,OK,D,is_a,point
38,14,noisy_half_text[sentence] + half_diagram,OK,AB,is_a,segment
38,14,noisy_half_text[sentence] + half_diagram,OK,AC,is_a,segment
38,14,noisy_half_text[sentence] + half_diagram,OK,AD,is_a,segment
38,14,noisy_half_text[sentence] + half_diagram,OK,BC,is_a,segment
38,14,noisy_half_text[sentence] + half_diagram,OK,Triangle ABC,is_a,triangle
38,14,noisy_half_text[sentence] + half_diagram,OK,AB,has_measure,?
38,14,noisy_half_text[sentence] + half_diagram,OK,AC,has_measure,?
38,14,noisy_half_text[sentence] + half_diagram,OK,AD,parallel_to,BC
38,14,noisy_half_text[sentence] + half_diagram,OK,∠BAC,has_measure,70_deg
38,14,noisy_half_text[sentence] + half_diagram,OK,AD,is_a,line
38,14,noisy_half_text[sentence] + half_diagram,OK,BC,is_a,line
,,,,,,
40,14,noisy_half_text[sentence] + half_diagram,OK,a,is_a,line
40,14,noisy_half_text[sentence] + half_diagram,OK,b,is_a,line
40,14,noisy_half_text[sentence] + half_diagram,OK,a,parallel_to,b
40,14,noisy_half_text[sentence] + half_diagram,OK,c,is_a,line
40,14,noisy_half_text[sentence] + half_diagram,OK,c,intersects,a
40,14,noisy_half_text[sentence] + half_diagram,OK,c,intersects,b
40,14,noisy_half_text[sentence] + half_diagram,OK,angle_1,is_a,angle
40,14,noisy_half_text[sentence] + half_diagram,OK,angle_1,has_measure,50_deg
40,14,noisy_half_text[sentence] + half_diagram,OK,angle_2,is_a,angle
40,14,noisy_half_text[sentence] + half_diagram,OK,angle_2,has_measure,?
,,,,,,
43,14,noisy_half_text[sentence] + half_diagram,OK,A,is_a,point
43,14,noisy_half_text[sentence] + half_diagram,OK,B,is_a,point
43,14,noisy_half_text[sentence] + half_diagram,OK,O,is_a,point
43,14,noisy_half_text[sentence] + half_diagram,OK,C,is_a,point
43,14,noisy_half_text[sentence] + half_diagram,OK,D,is_a,point
43,14,noisy_half_text[sentence] + half_diagram,OK,OAB,is_a,triangle
43,14,noisy_half_text[sentence] + half_diagram,OK,ODC,is_a,triangle
43,14,noisy_half_text[sentence] + half_diagram,OK,OAB,rotated_about,ODC
43,14,noisy_half_text[sentence] + half_diagram,OK,D,lies_on,AB
43,14,noisy_half_text[sentence] + half_diagram,OK,∠AOD,has_measure,30_deg
43,14,noisy_half_text[sentence] + half_diagram,OK,∠BOC,has_measure,100_deg
,,,,,,
44,14,noisy_half_text[sentence] + half_diagram,OK,A,is_a,point
44,14,noisy_half_text[sentence] + half_diagram,OK,B,is_a,point
44,14,noisy_half_text[sentence] + half_diagram,OK,A,is_a,street_lamp
44,14,noisy_half_text[sentence] + half_diagram,OK,B,is_a,street_lamp
44,14,noisy_half_text[sentence] + half_diagram,OK,A,connects,B
44,14,noisy_half_text[sentence] + half_diagram,OK,A,has_measure,30_units
44,14,noisy_half_text[sentence] + half_diagram,OK,Xiaogang,is_a,person
44,14,noisy_half_text[sentence] + half_diagram,OK,Xiaogang,has_measure,1.5_units
44,14,noisy_half_text[sentence] + half_diagram,OK,Xiaogang,connects,A
44,14,noisy_half_text[sentence] + half_diagram,OK,Xiaogang,connects,B
44,14,noisy_half_text[sentence] + half_diagram,OK,?,is_a,height
44,14,noisy_half_text[sentence] + half_diagram,OK,?,is_a,street_lamp
,,,,,,
45,14,noisy_half_text[sentence] + half_diagram,OK,A,is_a,point
45,14,noisy_half_text[sentence] + half_diagram,OK,B,is_a,point
45,14,noisy_half_text[sentence] + half_diagram,OK,C,is_a,point
45,14,noisy_half_text[sentence] + half_diagram,OK,O,is_a,point
45,14,noisy_half_text[sentence] + half_diagram,OK,ABC,is_a,triangle
45,14,noisy_half_text[sentence] + half_diagram,OK,A,lies_on,circle_O
45,14,noisy_half_text[sentence] + half_diagram,OK,B,lies_on,circle_O
45,14,noisy_half_text[sentence] + half_diagram,OK,C,lies_on,circle_O
45,14,noisy_half_text[sentence] + half_diagram,OK,O,center_of,circle_O
45,14,noisy_half_text[sentence] + half_diagram,OK,∠ACB,is_a,angle
45,14,noisy_half_text[sentence] + half_diagram,OK,∠ACB,has_measure,35_deg
45,14,noisy_half_text[sentence] + half_diagram,OK,?,is_a,angle
45,14,noisy_half_text[sentence] + half_diagram,OK,?,has_measure,?
,,,,,,
46,14,noisy_half_text[sentence] + half_diagram,OK,A,is_a,point
46,14,noisy_half_text[sentence] + half_diagram,OK,B,is_a,point
46,14,noisy_half_text[sentence] + half_diagram,OK,AB,is_a,segment
46,14,noisy_half_text[sentence] + half_diagram,OK,AB,is_a,line
46,14,noisy_half_text[sentence] + half_diagram,OK,C,is_a,point
46,14,noisy_half_text[sentence] + half_diagram,OK,D,is_a,point
46,14,noisy_half_text[sentence] + half_diagram,OK,CD,is_a,segment
46,14,noisy_half_text[sentence] + half_diagram,OK,CD,is_a,line
46,14,noisy_half_text[sentence] + half_diagram,OK,AB,parallel_to,CD
46,14,noisy_half_text[sentence] + half_diagram,OK,AE,is_a,segment
46,14,noisy_half_text[sentence] + half_diagram,OK,AE,is_a,transversal
46,14,noisy_half_text[sentence] + half_diagram,OK,E,is_a,point
46,14,noisy_half_text[sentence] + half_diagram,OK,AE,intersects,AB
46,14,noisy_half_text[sentence] + half_diagram,OK,AE,intersects,CD
46,14,noisy_half_text[sentence] + half_diagram,OK,A,is_a,intersection_point
46,14,noisy_half_text[sentence] + half_diagram,OK,O,is_a,point
46,14,noisy_half_text[sentence] + half_diagram,OK,∠EOC,is_a,angle
46,14,noisy_half_text[sentence] + half_diagram,OK,∠EAC,has_measure,70_deg
,,,,,,
48,14,noisy_half_text[sentence] + half_diagram,OK,O,is_a,circle
48,14,noisy_half_text[sentence] + half_diagram,OK,A,is_a,point
48,14,noisy_half_text[sentence] + half_diagram,OK,B,is_a,point
48,14,noisy_half_text[sentence] + half_diagram,OK,C,is_a,point
48,14,noisy_half_text[sentence] + half_diagram,OK,O,center_of,circle
48,14,noisy_half_text[sentence] + half_diagram,OK,A,lies_on,circle
48,14,noisy_half_text[sentence] + half_diagram,OK,B,lies_on,circle
48,14,noisy_half_text[sentence] + half_diagram,OK,C,lies_on,circle
48,14,noisy_half_text[sentence] + half_diagram,OK,A,lies_on,arc
48,14,noisy_half_text[sentence] + half_diagram,OK,B,lies_on,arc
48,14,noisy_half_text[sentence] + half_diagram,OK,C,lies_on,arc
48,14,noisy_half_text[sentence] + half_diagram,OK,arc,connects,B
48,14,noisy_half_text[sentence] + half_diagram,OK,arc,connects,C
48,14,noisy_half_text[sentence] + half_diagram,OK,∠BOC,is_a,angle
48,14,noisy_half_text[sentence] + half_diagram,OK,∠BOC,has_measure,100_deg
,,,,,,
49,14,noisy_half_text[sentence] + half_diagram,OK,A,is_a,point
49,14,noisy_half_text[sentence] + half_diagram,OK,B,is_a,point
49,14,noisy_half_text[sentence] + half_diagram,OK,C,is_a,point
49,14,noisy_half_text[sentence] + half_diagram,OK,D,is_a,point
49,14,noisy_half_text[sentence] + half_diagram,OK,E,is_a,point
49,14,noisy_half_text[sentence] + half_diagram,OK,O,is_a,point
49,14,noisy_half_text[sentence] + half_diagram,OK,ABCDE,is_a,pentagon
49,14,noisy_half_text[sentence] + half_diagram,OK,O,center_of,circle
49,14,noisy_half_text[sentence] + half_diagram,OK,AED,is_a,angle
49,14,noisy_half_text[sentence] + half_diagram,OK,AED,has_measure,115_deg
49,14,noisy_half_text[sentence] + half_diagram,OK,AO,is_a,segment
49,14,noisy_half_text[sentence] + half_diagram,OK,BO,is_a,segment
49,14,noisy_half_text[sentence] + half_diagram,OK,CO,is_a,segment
49,14,noisy_half_text[sentence] + half_diagram,OK,DO,is_a,segment
49,14,noisy_half_text[sentence] + half_diagram,OK,EO,is_a,segment
49,14,noisy_half_text[sentence] + half_diagram,OK,A,lies_on,circle
49,14,noisy_half_text[sentence] + half_diagram,OK,B,lies_on,circle
49,14,noisy_half_text[sentence] + half_diagram,OK,C,lies_on,circle
49,14,noisy_half_text[sentence] + half_diagram,OK,D,lies_on,circle
49,14,noisy_half_text[sentence] + half_diagram,OK,E,lies_on,circle
49,14,noisy_half_text[sentence] + half_diagram,OK,ABCDE,inscribed_in,circle
49,14,noisy_half_text[sentence] + half_diagram,OK,A,connects,B
49,14,noisy_half_text[sentence] + half_diagram,OK,B,connects,C
49,14,noisy_half_text[sentence] + half_diagram,OK,C,connects,D
49,14,noisy_half_text[sentence] + half_diagram,OK,D,connects,E
49,14,noisy_half_text[sentence] + half_diagram,OK,E,connects,A
49,14,noisy_half_text[sentence] + half_diagram,OK,AO,connects,O
49,14,noisy_half_text[sentence] + half_diagram,OK,BO,connects,O
49,14,noisy_half_text[sentence] + half_diagram,OK,CO,connects,O
49,14,noisy_half_text[sentence] + half_diagram,OK,DO,connects,O
49,14,noisy_half_text[sentence] + half_diagram,OK,EO,connects,O
49,14,noisy_half_text[sentence] + half_diagram,OK,A,rotated_about,O
49,14,noisy_half_text[sentence] + half_diagram,OK,B,rotated_about,O
49,14,noisy_half_text[sentence] + half_diagram,OK,C,rotated_about,O
49,14,noisy_half_text[sentence] + half_diagram,OK,D,rotated_about,O
49,14,noisy_half_text[sentence] + half_diagram,OK,E,rotated_about,O
,,,,,,
50,14,noisy_half_text[sentence] + half_diagram,OK,A,is_a,point
50,14,noisy_half_text[sentence] + half_diagram,OK,B,is_a,point
50,14,noisy_half_text[sentence] + half_diagram,OK,C,is_a,point
50,14,noisy_half_text[sentence] + half_diagram,OK,D,is_a,point
50,14,noisy_half_text[sentence] + half_diagram,OK,E,is_a,point
50,14,noisy_half_text[sentence] + half_diagram,OK,O,is_a,point
50,14,noisy_half_text[sentence] + half_diagram,OK,AB,is_a,segment
50,14,noisy_half_text[sentence] + half_diagram,OK,CD,is_a,segment
50,14,noisy_half_text[sentence] + half_diagram,OK,EO,is_a,segment
50,14,noisy_half_text[sentence] + half_diagram,OK,AB,intersects,CD
50,14,noisy_half_text[sentence] + half_diagram,OK,CD,intersects,AB
50,14,noisy_half_text[sentence] + half_diagram,OK,EO,perpendicular_to,AB
50,14,noisy_half_text[sentence] + half_diagram,OK,∠AOB,is_a,angle
50,14,noisy_half_text[sentence] + half_diagram,OK,∠AOB,has_measure,50_deg
50,14,noisy_half_text[sentence] + half_diagram,OK,A,lies_on,AB
50,14,noisy_half_text[sentence] + half_diagram,OK,B,lies_on,AB
50,14,noisy_half_text[sentence] + half_diagram,OK,C,lies_on,CD
50,14,noisy_half_text[sentence] + half_diagram,OK,D,lies_on,CD
50,14,noisy_half_text[sentence] + half_diagram,OK,E,lies_on,EO
50,14,noisy_half_text[sentence] + half_diagram,OK,O,lies_on,AB
50,14,noisy_half_text[sentence] + half_diagram,OK,O,lies_on,CD
50,14,noisy_half_text[sentence] + half_diagram,OK,O,lies_on,EO
,,,,,,
53,14,noisy_half_text[sentence] + half_diagram,OK,a,is_a,line
53,14,noisy_half_text[sentence] + half_diagram,OK,b,is_a,line
53,14,noisy_half_text[sentence] + half_diagram,OK,c,is_a,line
53,14,noisy_half_text[sentence] + half_diagram,OK,a,parallel_to,b
53,14,noisy_half_text[sentence] + half_diagram,OK,c,intersects,a
53,14,noisy_half_text[sentence] + half_diagram,OK,c,intersects,b
53,14,noisy_half_text[sentence] + half_diagram,OK,P,is_a,point
53,14,noisy_half_text[sentence] + half_diagram,OK,Q,is_a,point
53,14,noisy_half_text[sentence] + half_diagram,OK,c,connects,P
53,14,noisy_half_text[sentence] + half_diagram,OK,c,connects,Q
53,14,noisy_half_text[sentence] + half_diagram,OK,a,intersects,P
53,14,noisy_half_text[sentence] + half_diagram,OK,b,intersects,Q
53,14,noisy_half_text[sentence] + half_diagram,OK,∠Q,is_a,angle
53,14,noisy_half_text[sentence] + half_diagram,OK,∠Q,has_measure,2
53,14,noisy_half_text[sentence] + half_diagram,OK,∠P,is_a,angle
53,14,noisy_half_text[sentence] + half_diagram,OK,∠P,has_measure,155_deg
,,,,,,
55,14,noisy_half_text[sentence] + half_diagram,OK,O,is_a,point
55,14,noisy_half_text[sentence] + half_diagram,OK,AB,is_a,line
55,14,noisy_half_text[sentence] + half_diagram,OK,CD,is_a,line
55,14,noisy_half_text[sentence] + half_diagram,OK,AB,intersects,CD
55,14,noisy_half_text[sentence] + half_diagram,OK,OM,is_a,line
55,14,noisy_half_text[sentence] + half_diagram,OK,ON,is_a,line
55,14,noisy_half_text[sentence] + half_diagram,OK,OM,bisects,∠AOC
55,14,noisy_half_text[sentence] + half_diagram,OK,ON,perpendicular_to,OM
55,14,noisy_half_text[sentence] + half_diagram,OK,∠AOM,has_measure,70_deg
55,14,noisy_half_text[sentence] + half_diagram,OK,∠AOC,has_measure,?
55,14,noisy_half_text[sentence] + half_diagram,OK,∠CON,has_measure,?
,,,,,,
56,14,noisy_half_text[sentence] + half_diagram,OK,C,is_a,point
56,14,noisy_half_text[sentence] + half_diagram,OK,O,is_a,point
56,14,noisy_half_text[sentence] + half_diagram,OK,D,is_a,point
56,14,noisy_half_text[sentence] + half_diagram,OK,E,is_a,point
56,14,noisy_half_text[sentence] + half_diagram,OK,F,is_a,point
56,14,noisy_half_text[sentence] + half_diagram,OK,G,is_a,point
56,14,noisy_half_text[sentence] + half_diagram,OK,C,lies_on,circle
56,14,noisy_half_text[sentence] + half_diagram,OK,O,center_of,circle
56,14,noisy_half_text[sentence] + half_diagram,OK,D,lies_on,circle
56,14,noisy_half_text[sentence] + half_diagram,OK,E,lies_on,circle
56,14,noisy_half_text[sentence] + half_diagram,OK,F,lies_on,circle
56,14,noisy_half_text[sentence] + half_diagram,OK,G,lies_on,circle
56,14,noisy_half_text[sentence] + half_diagram,OK,CD,is_a,diameter
56,14,noisy_half_text[sentence] + half_diagram,OK,EF,is_a,chord
56,14,noisy_half_text[sentence] + half_diagram,OK,CD,intersects,EF
56,14,noisy_half_text[sentence] + half_diagram,OK,G,is_a,midpoint
56,14,noisy_half_text[sentence] + half_diagram,OK,∠EOD,is_a,angle
56,14,noisy_half_text[sentence] + half_diagram,OK,∠EOD,has_measure,20_deg
,,,,,,
57,14,noisy_half_text[sentence] + half_diagram,OK,A,is_a,point
57,14,noisy_half_text[sentence] + half_diagram,OK,B,is_a,point
57,14,noisy_half_text[sentence] + half_diagram,OK,C,is_a,point
57,14,noisy_half_text[sentence] + half_diagram,OK,D,is_a,point
57,14,noisy_half_text[sentence] + half_diagram,OK,AB,is_a,segment
57,14,noisy_half_text[sentence] + half_diagram,OK,CD,is_a,segment
57,14,noisy_half_text[sentence] + half_diagram,OK,AD,is_a,segment
57,14,noisy_half_text[sentence] + half_diagram,OK,BC,is_a,segment
57,14,noisy_half_text[sentence] + half_diagram,OK,AB,parallel_to,CD
57,14,noisy_half_text[sentence] + half_diagram,OK,AD,intersects,A
57,14,noisy_half_text[sentence] + half_diagram,OK,AD,intersects,D
57,14,noisy_half_text[sentence] + half_diagram,OK,BC,intersects,B
57,14,noisy_half_text[sentence] + half_diagram,OK,BC,intersects,C
57,14,noisy_half_text[sentence] + half_diagram,OK,angle B,has_measure,20_deg
57,14,noisy_half_text[sentence] + half_diagram,OK,?,is_a,angle
57,14,noisy_half_text[sentence] + half_diagram,OK,?,is_a,point
,,,,,,
58,14,noisy_half_text[sentence] + half_diagram,OK,A,is_a,point
58,14,noisy_half_text[sentence] + half_diagram,OK,B,is_a,point
58,14,noisy_half_text[sentence] + half_diagram,OK,AB,is_a,segment
58,14,noisy_half_text[sentence] + half_diagram,OK,C,is_a,point
58,14,noisy_half_text[sentence] + half_diagram,OK,D,is_a,point
58,14,noisy_half_text[sentence] + half_diagram,OK,CD,is_a,segment
58,14,noisy_half_text[sentence] + half_diagram,OK,E,is_a,point
58,14,noisy_half_text[sentence] + half_diagram,OK,EC,is_a,segment
58,14,noisy_half_text[sentence] + half_diagram,OK,ED,is_a,segment
58,14,noisy_half_text[sentence] + half_diagram,OK,AB,parallel_to,CD
58,14,noisy_half_text[sentence] + half_diagram,OK,E,lies_on,AB
58,14,noisy_half_text[sentence] + half_diagram,OK,EC,intersects,CD
58,14,noisy_half_text[sentence] + half_diagram,OK,ED,intersects,CD
58,14,noisy_half_text[sentence] + half_diagram,OK,∠AEC,is_a,angle
58,14,noisy_half_text[sentence] + half_diagram,OK,∠AEC,has_measure,35_deg
58,14,noisy_half_text[sentence] + half_diagram,OK,∠CED,is_a,angle
58,14,noisy_half_text[sentence] + half_diagram,OK,∠CED,has_measure,90_deg
58,14,noisy_half_text[sentence] + half_diagram,OK,∠EDC,is_a,angle
58,14,noisy_half_text[sentence] + half_diagram,OK,∠EDC,has_measure,?
,,,,,,
59,14,noisy_half_text[sentence] + half_diagram,OK,A,is_a,point
59,14,noisy_half_text[sentence] + half_diagram,OK,B,is_a,point
59,14,noisy_half_text[sentence] + half_diagram,OK,C,is_a,point
59,14,noisy_half_text[sentence] + half_diagram,OK,D,is_a,point
59,14,noisy_half_text[sentence] + half_diagram,OK,AB,is_a,segment
59,14,noisy_half_text[sentence] + half_diagram,OK,CD,is_a,segment
59,14,noisy_half_text[sentence] + half_diagram,OK,AB,parallel_to,CD
59,14,noisy_half_text[sentence] + half_diagram,OK,AD,is_a,segment
59,14,noisy_half_text[sentence] + half_diagram,OK,∠C,is_a,angle
59,14,noisy_half_text[sentence] + half_diagram,OK,∠C,has_measure,80_deg
59,14,noisy_half_text[sentence] + half_diagram,OK,AD,bisects,∠BAC
,,,,,,
60,14,noisy_half_text[sentence] + half_diagram,OK,A,is_a,point
60,14,noisy_half_text[sentence] + half_diagram,OK,B,is_a,point
60,14,noisy_half_text[sentence] + half_diagram,OK,C,is_a,point
60,14,noisy_half_text[sentence] + half_diagram,OK,D,is_a,point
60,14,noisy_half_text[sentence] + half_diagram,OK,E,is_a,point
60,14,noisy_half_text[sentence] + half_diagram,OK,F,is_a,point
60,14,noisy_half_text[sentence] + half_diagram,OK,P,is_a,point
60,14,noisy_half_text[sentence] + half_diagram,OK,AB,is_a,segment
60,14,noisy_half_text[sentence] + half_diagram,OK,CD,is_a,segment
60,14,noisy_half_text[sentence] + half_diagram,OK,EF,is_a,segment
60,14,noisy_half_text[sentence] + half_diagram,OK,AB,parallel_to,CD
60,14,noisy_half_text[sentence] + half_diagram,OK,AB,intersects,EF
60,14,noisy_half_text[sentence] + half_diagram,OK,CD,intersects,EF
60,14,noisy_half_text[sentence] + half_diagram,OK,∠CEF,is_a,angle
60,14,noisy_half_text[sentence] + half_diagram,OK,∠CEF,has_measure,135_deg
60,14,noisy_half_text[sentence] + half_diagram,OK,∠1,is_a,angle
60,14,noisy_half_text[sentence] + half_diagram,OK,∠2,is_a,angle
60,14,noisy_half_text[sentence] + half_diagram,OK,EF,connects,P
60,14,noisy_half_text[sentence] + half_diagram,OK,AB,connects,P
60,14,noisy_half_text[sentence] + half_diagram,OK,CD,connects,E
60,14,noisy_half_text[sentence] + half_diagram,OK,EF,connects,E
60,14,noisy_half_text[sentence] + half_diagram,OK,AB,connects,A
60,14,noisy_half_text[sentence] + half_diagram,OK,AB,connects,B
60,14,noisy_half_text[sentence] + half_diagram,OK,CD,connects,C
60,14,noisy_half_text[sentence] + half_diagram,OK,CD,connects,D
60,14,noisy_half_text[sentence] + half_diagram,OK,EF,connects,F
,,,,,,
64,14,noisy_half_text[sentence] + half_diagram,OK,O,is_a,point
64,14,noisy_half_text[sentence] + half_diagram,OK,A,is_a,point
64,14,noisy_half_text[sentence] + half_diagram,OK,B,is_a,point
64,14,noisy_half_text[sentence] + half_diagram,OK,AB,is_a,segment
64,14,noisy_half_text[sentence] + half_diagram,OK,AB,connects,A
64,14,noisy_half_text[sentence] + half_diagram,OK,AB,connects,B
64,14,noisy_half_text[sentence] + half_diagram,OK,O,center_of,circle
64,14,noisy_half_text[sentence] + half_diagram,OK,AB,lies_on,circle
64,14,noisy_half_text[sentence] + half_diagram,OK,O,connects,A
64,14,noisy_half_text[sentence] + half_diagram,OK,O,connects,B
64,14,noisy_half_text[sentence] + half_diagram,OK,OA,is_a,segment
64,14,noisy_half_text[sentence] + half_diagram,OK,OB,is_a,segment
64,14,noisy_half_text[sentence] + half_diagram,OK,OA,has_measure,200_units
64,14,noisy_half_text[sentence] + half_diagram,OK,AB,has_measure,160_units
64,14,noisy_half_text[sentence] + half_diagram,OK,?,is_a,query_target
,,,,,,
72,14,noisy_half_text[sentence] + half_diagram,OK,AB,is_a,segment
72,14,noisy_half_text[sentence] + half_diagram,OK,BC,is_a,segment
72,14,noisy_half_text[sentence] + half_diagram,OK,CD,is_a,segment
72,14,noisy_half_text[sentence] + half_diagram,OK,DA,is_a,segment
72,14,noisy_half_text[sentence] + half_diagram,OK,AB+BC+CD+DA,has_measure,16
72,14,noisy_half_text[sentence] + half_diagram,OK,A,is_a,point
72,14,noisy_half_text[sentence] + half_diagram,OK,B,is_a,point
72,14,noisy_half_text[sentence] + half_diagram,OK,C,is_a,point
72,14,noisy_half_text[sentence] + half_diagram,OK,D,is_a,point
72,14,noisy_half_text[sentence] + half_diagram,OK,O,is_a,point
72,14,noisy_half_text[sentence] + half_diagram,OK,E,is_a,point
72,14,noisy_half_text[sentence] + half_diagram,OK,ABCD,is_a,parallelogram
72,14,noisy_half_text[sentence] + half_diagram,OK,O,center_of,ABCD
72,14,noisy_half_text[sentence] + half_diagram,OK,AC,is_a,diagonal
72,14,noisy_half_text[sentence] + half_diagram,OK,BD,is_a,diagonal
72,14,noisy_half_text[sentence] + half_diagram,OK,O,lies_on,AC
72,14,noisy_half_text[sentence] + half_diagram,OK,O,lies_on,BD
72,14,noisy_half_text[sentence] + half_diagram,OK,OE,is_a,segment
72,14,noisy_half_text[sentence] + half_diagram,OK,OE,perpendicular_to,AC
72,14,noisy_half_text[sentence] + half_diagram,OK,E,lies_on,AD
,,,,,,
73,14,noisy_half_text[sentence] + half_diagram,OK,A,is_a,point
73,14,noisy_half_text[sentence] + half_diagram,OK,B,is_a,point
73,14,noisy_half_text[sentence] + half_diagram,OK,C,is_a,point
73,14,noisy_half_text[sentence] + half_diagram,OK,O,is_a,point
73,14,noisy_half_text[sentence] + half_diagram,OK,ABC,is_a,triangle
73,14,noisy_half_text[sentence] + half_diagram,OK,O,is_a,circle
73,14,noisy_half_text[sentence] + half_diagram,OK,ABC,lies_on,O
73,14,noisy_half_text[sentence] + half_diagram,OK,O,center_of,O
73,14,noisy_half_text[sentence] + half_diagram,OK,A,connects,B
73,14,noisy_half_text[sentence] + half_diagram,OK,B,connects,C
73,14,noisy_half_text[sentence] + half_diagram,OK,C,connects,A
73,14,noisy_half_text[sentence] + half_diagram,OK,AB,is_a,segment
73,14,noisy_half_text[sentence] + half_diagram,OK,BC,is_a,segment
73,14,noisy_half_text[sentence] + half_diagram,OK,CA,is_a,segment
73,14,noisy_half_text[sentence] + half_diagram,OK,∠ABC,is_a,angle
73,14,noisy_half_text[sentence] + half_diagram,OK,∠ABC,has_measure,70_deg
,,,,,,
78,14,noisy_half_text[sentence] + half_diagram,OK,A,is_a,point
78,14,noisy_half_text[sentence] + half_diagram,OK,B,is_a,point
78,14,noisy_half_text[sentence] + half_diagram,OK,C,is_a,point
78,14,noisy_half_text[sentence] + half_diagram,OK,D,is_a,point
78,14,noisy_half_text[sentence] + half_diagram,OK,E,is_a,point
78,14,noisy_half_text[sentence] + half_diagram,OK,AB,is_a,segment
78,14,noisy_half_text[sentence] + half_diagram,OK,CD,is_a,segment
78,14,noisy_half_text[sentence] + half_diagram,OK,AE,is_a,segment
78,14,noisy_half_text[sentence] + half_diagram,OK,CAB,is_a,angle
78,14,noisy_half_text[sentence] + half_diagram,OK,AED,is_a,angle
78,14,noisy_half_text[sentence] + half_diagram,OK,AB,parallel_to,CD
78,14,noisy_half_text[sentence] + half_diagram,OK,AE,lies_on,CAB
78,14,noisy_half_text[sentence] + half_diagram,OK,E,lies_on,CD
78,14,noisy_half_text[sentence] + half_diagram,OK,AE,bisects,CAB
78,14,noisy_half_text[sentence] + half_diagram,OK,AED,has_measure,?
,,,,,,
79,14,noisy_half_text[sentence] + half_diagram,OK,A,is_a,point
79,14,noisy_half_text[sentence] + half_diagram,OK,B,is_a,point
79,14,noisy_half_text[sentence] + half_diagram,OK,C,is_a,point
79,14,noisy_half_text[sentence] + half_diagram,OK,D,is_a,point
79,14,noisy_half_text[sentence] + half_diagram,OK,O,is_a,point
79,14,noisy_half_text[sentence] + half_diagram,OK,E,is_a,point
79,14,noisy_half_text[sentence] + half_diagram,OK,AB,is_a,segment
79,14,noisy_half_text[sentence] + half_diagram,OK,BC,is_a,segment
79,14,noisy_half_text[sentence] + half_diagram,OK,CD,is_a,segment
79,14,noisy_half_text[sentence] + half_diagram,OK,DA,is_a,segment
79,14,noisy_half_text[sentence] + half_diagram,OK,AC,is_a,segment
79,14,noisy_half_text[sentence] + half_diagram,OK,BD,is_a,segment
79,14,noisy_half_text[sentence] + half_diagram,OK,ABCD,is_a,parallelogram
79,14,noisy_half_text[sentence] + half_diagram,OK,AC,intersects,BD
79,14,noisy_half_text[sentence] + half_diagram,OK,AC,intersects,O
79,14,noisy_half_text[sentence] + half_diagram,OK,BD,intersects,O
79,14,noisy_half_text[sentence] + half_diagram,OK,O,is_a,intersection_point
79,14,noisy_half_text[sentence] + half_diagram,OK,O,lies_on,AC
79,14,noisy_half_text[sentence] + half_diagram,OK,O,lies_on,BD
79,14,noisy_half_text[sentence] + half_diagram,OK,E,lies_on,AD
79,14,noisy_half_text[sentence] + half_diagram,OK,E,perpendicular_to,AC
79,14,noisy_half_text[sentence] + half_diagram,OK,AB + BC + CD + DA,has_measure,32
,,,,,,
81,14,noisy_half_text[sentence] + half_diagram,OK,A,is_a,point
81,14,noisy_half_text[sentence] + half_diagram,OK,B,is_a,point
81,14,noisy_half_text[sentence] + half_diagram,OK,C,is_a,point
81,14,noisy_half_text[sentence] + half_diagram,OK,ABC,is_a,triangle
81,14,noisy_half_text[sentence] + half_diagram,OK,∠BAC,is_a,angle
81,14,noisy_half_text[sentence] + half_diagram,OK,∠BAC,has_measure,90_deg
81,14,noisy_half_text[sentence] + half_diagram,OK,AD,is_a,segment
81,14,noisy_half_text[sentence] + half_diagram,OK,AD,perpendicular_to,BC
81,14,noisy_half_text[sentence] + half_diagram,OK,D,is_a,point
81,14,noisy_half_text[sentence] + half_diagram,OK,BC,is_a,segment
81,14,noisy_half_text[sentence] + half_diagram,OK,AE,is_a,segment
81,14,noisy_half_text[sentence] + half_diagram,OK,AE,bisects,∠DAC
81,14,noisy_half_text[sentence] + half_diagram,OK,E,is_a,point
81,14,noisy_half_text[sentence] + half_diagram,OK,D,lies_on,BC
81,14,noisy_half_text[sentence] + half_diagram,OK,E,lies_on,DC
81,14,noisy_half_text[sentence] + half_diagram,OK,∠DAC,is_a,angle
81,14,noisy_half_text[sentence] + half_diagram,OK,∠DAE,is_a,angle
81,14,noisy_half_text[sentence] + half_diagram,OK,∠DAE,has_measure,?
,,,,,,
84,14,noisy_half_text[sentence] + half_diagram,OK,A,is_a,point
84,14,noisy_half_text[sentence] + half_diagram,OK,B,is_a,point
84,14,noisy_half_text[sentence] + half_diagram,OK,C,is_a,point
84,14,noisy_half_text[sentence] + half_diagram,OK,O,is_a,point
84,14,noisy_half_text[sentence] + half_diagram,OK,ABC,is_a,triangle
84,14,noisy_half_text[sentence] + half_diagram,OK,O,center_of,circle
84,14,noisy_half_text[sentence] + half_diagram,OK,ABC,inscribed_in,circle
84,14,noisy_half_text[sentence] + half_diagram,OK,A,lies_on,circle
84,14,noisy_half_text[sentence] + half_diagram,OK,B,lies_on,circle
84,14,noisy_half_text[sentence] + half_diagram,OK,C,lies_on,circle
84,14,noisy_half_text[sentence] + half_diagram,OK,AB,is_a,segment
84,14,noisy_half_text[sentence] + half_diagram,OK,BC,is_a,segment
84,14,noisy_half_text[sentence] + half_diagram,OK,CA,is_a,segment
84,14,noisy_half_text[sentence] + half_diagram,OK,∠BAC,is_a,angle
84,14,noisy_half_text[sentence] + half_diagram,OK,∠BAC,has_measure,60_deg
84,14,noisy_half_text[sentence] + half_diagram,OK,?,is_a,angle
84,14,noisy_half_text[sentence] + half_diagram,OK,door,is_a,door
84,14,noisy_half_text[sentence] + half_diagram,OK,door,remained,slightly_ajar
84,14,noisy_half_text[sentence] + half_diagram,OK,note,is_a,note
84,14,noisy_half_text[sentence] + half_diagram,OK,note,pinned_to,door
84,14,noisy_half_text[sentence] + half_diagram,OK,?,is_a,length
84,14,noisy_half_text[sentence] + half_diagram,OK,BC,is_a,length
,,,,,,
86,14,noisy_half_text[sentence] + half_diagram,OK,A,is_a,point
86,14,noisy_half_text[sentence] + half_diagram,OK,B,is_a,point
86,14,noisy_half_text[sentence] + half_diagram,OK,C,is_a,point
86,14,noisy_half_text[sentence] + half_diagram,OK,O,is_a,point
86,14,noisy_half_text[sentence] + half_diagram,OK,ABC,is_a,triangle
86,14,noisy_half_text[sentence] + half_diagram,OK,O,is_a,circle
86,14,noisy_half_text[sentence] + half_diagram,OK,O,center_of,ABC
86,14,noisy_half_text[sentence] + half_diagram,OK,ABC,lies_on,O
86,14,noisy_half_text[sentence] + half_diagram,OK,BAC,is_a,angle
86,14,noisy_half_text[sentence] + half_diagram,OK,BAC,has_measure,60_deg
86,14,noisy_half_text[sentence] + half_diagram,OK,BC,is_a,segment
86,14,noisy_half_text[sentence] + half_diagram,OK,BC,has_measure,?
,,,,,,
88,14,noisy_half_text[sentence] + half_diagram,OK,A,is_a,point
88,14,noisy_half_text[sentence] + half_diagram,OK,B,is_a,point
88,14,noisy_half_text[sentence] + half_diagram,OK,C,is_a,point
88,14,noisy_half_text[sentence] + half_diagram,OK,O,is_a,point
88,14,noisy_half_text[sentence] + half_diagram,OK,A,lies_on,circle
88,14,noisy_half_text[sentence] + half_diagram,OK,B,lies_on,circle
88,14,noisy_half_text[sentence] + half_diagram,OK,C,lies_on,circle
88,14,noisy_half_text[sentence] + half_diagram,OK,O,center_of,circle
88,14,noisy_half_text[sentence] + half_diagram,OK,∠ABO,is_a,angle
88,14,noisy_half_text[sentence] + half_diagram,OK,∠ABO,has_measure,22_deg
88,14,noisy_half_text[sentence] + half_diagram,OK,∠ACO,is_a,angle
88,14,noisy_half_text[sentence] + half_diagram,OK,∠ACO,has_measure,42_deg
88,14,noisy_half_text[sentence] + half_diagram,OK,?,is_a,query_target
,,,,,,
95,14,noisy_half_text[sentence] + half_diagram,OK,O,is_a,point
95,14,noisy_half_text[sentence] + half_diagram,OK,O,center_of,circle
95,14,noisy_half_text[sentence] + half_diagram,OK,circle,is_a,circle
95,14,noisy_half_text[sentence] + half_diagram,OK,A,is_a,point
95,14,noisy_half_text[sentence] + half_diagram,OK,B,is_a,point
95,14,noisy_half_text[sentence] + half_diagram,OK,C,is_a,point
95,14,noisy_half_text[sentence] + half_diagram,OK,D,is_a,point
95,14,noisy_half_text[sentence] + half_diagram,OK,OA,is_a,radius
95,14,noisy_half_text[sentence] + half_diagram,OK,OA,connects,A
95,14,noisy_half_text[sentence] + half_diagram,OK,OA,connects,O
95,14,noisy_half_text[sentence] + half_diagram,OK,BC,is_a,chord
95,14,noisy_half_text[sentence] + half_diagram,OK,BC,connects,B
95,14,noisy_half_text[sentence] + half_diagram,OK,BC,connects,C
95,14,noisy_half_text[sentence] + half_diagram,OK,OA,intersects,BC
95,14,noisy_half_text[sentence] + half_diagram,OK,OA,intersects,D
95,14,noisy_half_text[sentence] + half_diagram,OK,BC,intersects,D
95,14,noisy_half_text[sentence] + half_diagram,OK,AB,is_a,segment
95,14,noisy_half_text[sentence] + half_diagram,OK,AB,connects,A
95,14,noisy_half_text[sentence] + half_diagram,OK,AB,connects,B
95,14,noisy_half_text[sentence] + half_diagram,OK,OC,is_a,segment
95,14,noisy_half_text[sentence] + half_diagram,OK,OC,connects,O
95,14,noisy_half_text[sentence] + half_diagram,OK,OC,connects,C
95,14,noisy_half_text[sentence] + half_diagram,OK,∠ADC,is_a,angle
95,14,noisy_half_text[sentence] + half_diagram,OK,∠ADC,has_measure,90_deg
95,14,noisy_half_text[sentence] + half_diagram,OK,∠BAC,is_a,angle
95,14,noisy_half_text[sentence] + half_diagram,OK,∠BAC,has_measure,60_deg
,,,,,,
99,14,noisy_half_text[sentence] + half_diagram,OK,A,is_a,point
99,14,noisy_half_text[sentence] + half_diagram,OK,B,is_a,point
99,14,noisy_half_text[sentence] + half_diagram,OK,C,is_a,point
99,14,noisy_half_text[sentence] + half_diagram,OK,D,is_a,point
99,14,noisy_half_text[sentence] + half_diagram,OK,AB,is_a,segment
99,14,noisy_half_text[sentence] + half_diagram,OK,CD,is_a,segment
99,14,noisy_half_text[sentence] + half_diagram,OK,O,is_a,point
99,14,noisy_half_text[sentence] + half_diagram,OK,O,center_of,circle
99,14,noisy_half_text[sentence] + half_diagram,OK,AB,diameter_of,circle
99,14,noisy_half_text[sentence] + half_diagram,OK,CD,is_a,chord
99,14,noisy_half_text[sentence] + half_diagram,OK,∠CDA,is_a,angle
99,14,noisy_half_text[sentence] + half_diagram,OK,∠CDA,has_measure,26_deg
99,14,noisy_half_text[sentence] + half_diagram,OK,∠CAB,is_a,angle
99,14,noisy_half_text[sentence] + half_diagram,OK,∠CAB,has_measure,?
99,14,noisy_half_text[sentence] + half_diagram,OK,A,lies_on,circle
99,14,noisy_half_text[sentence] + half_diagram,OK,B,lies_on,circle
99,14,noisy_half_text[sentence] + half_diagram,OK,C,lies_on,circle
99,14,noisy_half_text[sentence] + half_diagram,OK,D,lies_on,circle
99,14,noisy_half_text[sentence] + half_diagram,OK,AB,connects,A
99,14,noisy_half_text[sentence] + half_diagram,OK,AB,connects,B
99,14,noisy_half_text[sentence] + half_diagram,OK,CD,connects,C
99,14,noisy_half_text[sentence] + half_diagram,OK,CD,connects,D
,,,,,,
108,14,noisy_half_text[sentence] + half_diagram,OK,A,is_a,point
108,14,noisy_half_text[sentence] + half_diagram,OK,B,is_a,point
108,14,noisy_half_text[sentence] + half_diagram,OK,C,is_a,point
108,14,noisy_half_text[sentence] + half_diagram,OK,D,is_a,point
108,14,noisy_half_text[sentence] + half_diagram,OK,O,is_a,point
108,14,noisy_half_text[sentence] + half_diagram,OK,AB,is_a,segment
108,14,noisy_half_text[sentence] + half_diagram,OK,CD,is_a,segment
108,14,noisy_half_text[sentence] + half_diagram,OK,O,center_of,arch
108,14,noisy_half_text[sentence] + half_diagram,OK,CD,has_measure,8_units
108,14,noisy_half_text[sentence] + half_diagram,OK,AB,has_measure,?
108,14,noisy_half_text[sentence] + half_diagram,OK,CD,has_measure,5_units
,,,,,,
109,14,noisy_half_text[sentence] + half_diagram,OK,DE,is_a,segment
109,14,noisy_half_text[sentence] + half_diagram,OK,DE,intersects,AB
109,14,noisy_half_text[sentence] + half_diagram,OK,DE,intersects,BC
109,14,noisy_half_text[sentence] + half_diagram,OK,A,is_a,point
109,14,noisy_half_text[sentence] + half_diagram,OK,B,is_a,point
109,14,noisy_half_text[sentence] + half_diagram,OK,C,is_a,point
109,14,noisy_half_text[sentence] + half_diagram,OK,D,is_a,point
109,14,noisy_half_text[sentence] + half_diagram,OK,E,is_a,point
109,14,noisy_half_text[sentence] + half_diagram,OK,AB,is_a,segment
109,14,noisy_half_text[sentence] + half_diagram,OK,BC,is_a,segment
109,14,noisy_half_text[sentence] + half_diagram,OK,∠ADB,is_a,angle
109,14,noisy_half_text[sentence] + half_diagram,OK,∠ADB,has_measure,130_deg
109,14,noisy_half_text[sentence] + half_diagram,OK,∠BEC,is_a,angle
109,14,noisy_half_text[sentence] + half_diagram,OK,∠BEC,has_measure,?
,,,,,,
112,14,noisy_half_text[sentence] + half_diagram,OK,A,is_a,point
112,14,noisy_half_text[sentence] + half_diagram,OK,B,is_a,point
112,14,noisy_half_text[sentence] + half_diagram,OK,O,is_a,point
112,14,noisy_half_text[sentence] + half_diagram,OK,AO,is_a,segment
112,14,noisy_half_text[sentence] + half_diagram,OK,AB,is_a,segment
112,14,noisy_half_text[sentence] + half_diagram,OK,AO,is_a,height
112,14,noisy_half_text[sentence] + half_diagram,OK,AB,is_a,slant_height
112,14,noisy_half_text[sentence] + half_diagram,OK,AO,connects,A
112,14,noisy_half_text[sentence] + half_diagram,OK,AO,connects,O
112,14,noisy_half_text[sentence] + half_diagram,OK,AB,connects,A
112,14,noisy_half_text[sentence] + half_diagram,OK,AB,connects,B
112,14,noisy_half_text[sentence] + half_diagram,OK,AB,has_measure,2.5
,,,,,,
114,14,noisy_half_text[sentence] + half_diagram,OK,O,is_a,point
114,14,noisy_half_text[sentence] + half_diagram,OK,A,is_a,point
114,14,noisy_half_text[sentence] + half_diagram,OK,B,is_a,point
114,14,noisy_half_text[sentence] + half_diagram,OK,OA,is_a,segment
114,14,noisy_half_text[sentence] + half_diagram,OK,OB,is_a,segment
114,14,noisy_half_text[sentence] + half_diagram,OK,OAB,is_a,sector
114,14,noisy_half_text[sentence] + half_diagram,OK,OAB,has_measure,1.0
114,14,noisy_half_text[sentence] + half_diagram,OK,OA,is_a,diameter
114,14,noisy_half_text[sentence] + half_diagram,OK,OB,is_a,diameter
114,14,noisy_half_text[sentence] + half_diagram,OK,∠AOB,is_a,angle
114,14,noisy_half_text[sentence] + half_diagram,OK,∠AOB,has_measure,90_deg
114,14,noisy_half_text[sentence] + half_diagram,OK,OA,connects,A
114,14,noisy_half_text[sentence] + half_diagram,OK,OB,connects,B
114,14,noisy_half_text[sentence] + half_diagram,OK,OAB,center_of,O
114,14,noisy_half_text[sentence] + half_diagram,OK,Area,is_a,query_target
,,,,,,
115,14,noisy_half_text[sentence] + half_diagram,OK,sector,is_a,shape
115,14,noisy_half_text[sentence] + half_diagram,OK,sector,has_measure,120_deg
115,14,noisy_half_text[sentence] + half_diagram,OK,sector,has_measure,6_units
115,14,noisy_half_text[sentence] + half_diagram,OK,conical_cap,is_a,shape
115,14,noisy_half_text[sentence] + half_diagram,OK,conical_cap,has_measure,?
115,14,noisy_half_text[sentence] + half_diagram,OK,door,is_a,object
115,14,noisy_half_text[sentence] + half_diagram,OK,door,is_a,state
115,14,noisy_half_text[sentence] + half_diagram,OK,man,is_a,person
115,14,noisy_half_text[sentence] + half_diagram,OK,man,is_a,state
,,,,,,
117,14,noisy_half_text[sentence] + half_diagram,OK,sector,is_a,shape
117,14,noisy_half_text[sentence] + half_diagram,OK,sector,has_measure,120_deg
117,14,noisy_half_text[sentence] + half_diagram,OK,sector,is_a,paper
117,14,noisy_half_text[sentence] + half_diagram,OK,cone,is_a,shape
117,14,noisy_half_text[sentence] + half_diagram,OK,cone,is_a,bottomless
117,14,noisy_half_text[sentence] + half_diagram,OK,cone,is_a,paper
117,14,noisy_half_text[sentence] + half_diagram,OK,chair,is_a,object
117,14,noisy_half_text[sentence] + half_diagram,OK,chair,mapped_to,pushed_back
117,14,noisy_half_text[sentence] + half_diagram,OK,bicycle,is_a,object
117,14,noisy_half_text[sentence] + half_diagram,OK,bicycle,mapped_to,leaning_against_wall
117,14,noisy_half_text[sentence] + half_diagram,OK,cone,has_measure,?
117,14,noisy_half_text[sentence] + half_diagram,OK,sector,mapped_to,"rolled_into, cone"
117,14,noisy_half_text[sentence] + half_diagram,OK,chair,mapped_to,"pushed_back, slowly"
117,14,noisy_half_text[sentence] + half_diagram,OK,bicycle,mapped_to,"leaning_against_wall, slowly"
117,14,noisy_half_text[sentence] + half_diagram,OK,cone,has_measure,3
,,,,,,
119,14,noisy_half_text[sentence] + half_diagram,OK,Area,is_a,area
119,14,noisy_half_text[sentence] + half_diagram,OK,Area,has_measure,?
119,14,noisy_half_text[sentence] + half_diagram,OK,sector,is_a,cardboard
119,14,noisy_half_text[sentence] + half_diagram,OK,cardboard,is_a,sector
119,14,noisy_half_text[sentence] + half_diagram,OK,hat,is_a,conical
119,14,noisy_half_text[sentence] + half_diagram,OK,conical,is_a,hat
119,14,noisy_half_text[sentence] + half_diagram,OK,hallway,is_a,felt
119,14,noisy_half_text[sentence] + half_diagram,OK,felt,is_a,hallway
119,14,noisy_half_text[sentence] + half_diagram,OK,curtain,is_a,moved
119,14,noisy_half_text[sentence] + half_diagram,OK,moved,is_a,curtain
119,14,noisy_half_text[sentence] + half_diagram,OK,notebook,is_a,closed
119,14,noisy_half_text[sentence] + half_diagram,OK,closed,is_a,notebook
119,14,noisy_half_text[sentence] + half_diagram,OK,bottom_surface,is_a,radius
119,14,noisy_half_text[sentence] + half_diagram,OK,radius,is_a,bottom_surface
119,14,noisy_half_text[sentence] + half_diagram,OK,bottom_surface,has_measure,10.0_cm
119,14,noisy_half_text[sentence] + half_diagram,OK,radius,has_measure,10.0_cm
,,,,,,
120,14,noisy_half_text[sentence] + half_diagram,OK,cone,is_a,cone
120,14,noisy_half_text[sentence] + half_diagram,OK,generatrix,is_a,segment
120,14,noisy_half_text[sentence] + half_diagram,OK,generatrix,has_measure,5.0_units
120,14,noisy_half_text[sentence] + half_diagram,OK,door,is_a,door
120,14,noisy_half_text[sentence] + half_diagram,OK,door,is_a,ajar
120,14,noisy_half_text[sentence] + half_diagram,OK,keys,is_a,keys
120,14,noisy_half_text[sentence] + half_diagram,OK,keys,lies_on,table
120,14,noisy_half_text[sentence] + half_diagram,OK,bottom_area,is_a,area
120,14,noisy_half_text[sentence] + half_diagram,OK,bottom_area,has_measure,?
,,,,,,
123,14,noisy_half_text[sentence] + half_diagram,OK,A,is_a,point
123,14,noisy_half_text[sentence] + half_diagram,OK,B,is_a,point
123,14,noisy_half_text[sentence] + half_diagram,OK,C,is_a,point
123,14,noisy_half_text[sentence] + half_diagram,OK,AC,is_a,segment
123,14,noisy_half_text[sentence] + half_diagram,OK,ACB,is_a,angle
123,14,noisy_half_text[sentence] + half_diagram,OK,ACB,has_measure,90_deg
123,14,noisy_half_text[sentence] + half_diagram,OK,AC,has_measure,4_units
123,14,noisy_half_text[sentence] + half_diagram,OK,ABC,is_a,triangle
123,14,noisy_half_text[sentence] + half_diagram,OK,ABC,is_a,right_triangle
123,14,noisy_half_text[sentence] + half_diagram,OK,Lateral Surface Area,is_a,query_target
,,,,,,
128,14,noisy_half_text[sentence] + half_diagram,OK,O,is_a,point
128,14,noisy_half_text[sentence] + half_diagram,OK,A,is_a,point
128,14,noisy_half_text[sentence] + half_diagram,OK,B,is_a,point
128,14,noisy_half_text[sentence] + half_diagram,OK,OA,is_a,segment
128,14,noisy_half_text[sentence] + half_diagram,OK,OB,is_a,segment
128,14,noisy_half_text[sentence] + half_diagram,OK,OA,has_measure,6_units
128,14,noisy_half_text[sentence] + half_diagram,OK,OA,has_measure,120_deg
128,14,noisy_half_text[sentence] + half_diagram,OK,O,center_of,sector
128,14,noisy_half_text[sentence] + half_diagram,OK,OA,is_a,"radius_of, sector"
128,14,noisy_half_text[sentence] + half_diagram,OK,OB,is_a,"radius_of, sector"
128,14,noisy_half_text[sentence] + half_diagram,OK,OA,is_a,"radius_of, cone"
128,14,noisy_half_text[sentence] + half_diagram,OK,OB,is_a,"radius_of, cone"
128,14,noisy_half_text[sentence] + half_diagram,OK,OA,connects,A
128,14,noisy_half_text[sentence] + half_diagram,OK,OB,connects,B
128,14,noisy_half_text[sentence] + half_diagram,OK,OA,is_a,"side, cone"
128,14,noisy_half_text[sentence] + half_diagram,OK,OB,is_a,"side, cone"
128,14,noisy_half_text[sentence] + half_diagram,OK,OA,has_measure,?
128,14,noisy_half_text[sentence] + half_diagram,OK,OA,is_a,"diameter_of, cone"
,,,,,,
132,14,noisy_half_text[sentence] + half_diagram,OK,A,is_a,point
132,14,noisy_half_text[sentence] + half_diagram,OK,B,is_a,point
132,14,noisy_half_text[sentence] + half_diagram,OK,C,is_a,point
132,14,noisy_half_text[sentence] + half_diagram,OK,D,is_a,point
132,14,noisy_half_text[sentence] + half_diagram,OK,E,is_a,point
132,14,noisy_half_text[sentence] + half_diagram,OK,F,is_a,point
132,14,noisy_half_text[sentence] + half_diagram,OK,G,is_a,point
132,14,noisy_half_text[sentence] + half_diagram,OK,AB,is_a,segment
132,14,noisy_half_text[sentence] + half_diagram,OK,BC,is_a,segment
132,14,noisy_half_text[sentence] + half_diagram,OK,DE,is_a,segment
132,14,noisy_half_text[sentence] + half_diagram,OK,GE,is_a,segment
132,14,noisy_half_text[sentence] + half_diagram,OK,EF,is_a,segment
132,14,noisy_half_text[sentence] + half_diagram,OK,A,lies_on,AB
132,14,noisy_half_text[sentence] + half_diagram,OK,B,lies_on,AB
132,14,noisy_half_text[sentence] + half_diagram,OK,C,lies_on,AB
132,14,noisy_half_text[sentence] + half_diagram,OK,E,lies_on,DE
132,14,noisy_half_text[sentence] + half_diagram,OK,F,lies_on,EF
132,14,noisy_half_text[sentence] + half_diagram,OK,G,lies_on,GE
132,14,noisy_half_text[sentence] + half_diagram,OK,A,B,"C, collinear_with"
132,14,noisy_half_text[sentence] + half_diagram,OK,DE,has_measure,0.6
132,14,noisy_half_text[sentence] + half_diagram,OK,BC,has_measure,0.6
132,14,noisy_half_text[sentence] + half_diagram,OK,GE,has_measure,2.0
132,14,noisy_half_text[sentence] + half_diagram,OK,EF,has_measure,1.6
132,14,noisy_half_text[sentence] + half_diagram,OK,AB,has_measure,?
,,,,,,
133,14,noisy_half_text[sentence] + half_diagram,OK,P,is_a,point
133,14,noisy_half_text[sentence] + half_diagram,OK,Q,is_a,point)
133,14,noisy_half_text[sentence] + half_diagram,OK,S,is_a,point)
133,14,noisy_half_text[sentence] + half_diagram,OK,T,is_a,point)
133,14,noisy_half_text[sentence] + half_diagram,OK,R,is_a,point)
133,14,noisy_half_text[sentence] + half_diagram,OK,PS,is_a,segment)
133,14,noisy_half_text[sentence] + half_diagram,OK,QS,is_a,segment)
133,14,noisy_half_text[sentence] + half_diagram,OK,QR,is_a,segment)
133,14,noisy_half_text[sentence] + half_diagram,OK,ST,is_a,segment)
133,14,noisy_half_text[sentence] + half_diagram,OK,PQ,is_a,segment)
133,14,noisy_half_text[sentence] + half_diagram,OK,QR,has_measure,80.0_m)
133,14,noisy_half_text[sentence] + half_diagram,OK,QS,has_measure,60.0_m)
133,14,noisy_half_text[sentence] + half_diagram,OK,ST,has_measure,120.0_m)
133,14,noisy_half_text[sentence] + half_diagram,OK,PS,perpendicular_to,ST)
133,14,noisy_half_text[sentence] + half_diagram,OK,QR,perpendicular_to,ST)
133,14,noisy_half_text[sentence] + half_diagram,OK,QR,perpendicular_to,QS)
,,,,,,
149,14,noisy_half_text[sentence] + half_diagram,OK,A,is_a,point
149,14,noisy_half_text[sentence] + half_diagram,OK,B,is_a,point
149,14,noisy_half_text[sentence] + half_diagram,OK,C,is_a,point
149,14,noisy_half_text[sentence] + half_diagram,OK,D,is_a,point
149,14,noisy_half_text[sentence] + half_diagram,OK,E,is_a,point
149,14,noisy_half_text[sentence] + half_diagram,OK,AC,is_a,segment
149,14,noisy_half_text[sentence] + half_diagram,OK,BD,is_a,segment
149,14,noisy_half_text[sentence] + half_diagram,OK,CD,is_a,segment
149,14,noisy_half_text[sentence] + half_diagram,OK,ED,is_a,segment
149,14,noisy_half_text[sentence] + half_diagram,OK,AC,has_measure,3.0_units
149,14,noisy_half_text[sentence] + half_diagram,OK,CD,has_measure,10.0_units
149,14,noisy_half_text[sentence] + half_diagram,OK,AC,perpendicular_to,CD
149,14,noisy_half_text[sentence] + half_diagram,OK,BD,perpendicular_to,CD
149,14,noisy_half_text[sentence] + half_diagram,OK,CD,is_a,plane_mirror
149,14,noisy_half_text[sentence] + half_diagram,OK,phone,is_a,object
149,14,noisy_half_text[sentence] + half_diagram,OK,table,is_a,object
149,14,noisy_half_text[sentence] + half_diagram,OK,notebook,is_a,object
149,14,noisy_half_text[sentence] + half_diagram,OK,curtain,is_a,object
149,14,noisy_half_text[sentence] + half_diagram,OK,breeze,is_a,object
149,14,noisy_half_text[sentence] + half_diagram,OK,phone,vibrated_on,table
149,14,noisy_half_text[sentence] + half_diagram,OK,curtain,moved_with,breeze
149,14,noisy_half_text[sentence] + half_diagram,OK,notebook,closed_by,she
149,14,noisy_half_text[sentence] + half_diagram,OK,ED,is_a,query_target
,,,,,,
150,14,noisy_half_text[sentence] + half_diagram,OK,A,is_a,point
150,14,noisy_half_text[sentence] + half_diagram,OK,B,is_a,point)
150,14,noisy_half_text[sentence] + half_diagram,OK,C,is_a,point)
150,14,noisy_half_text[sentence] + half_diagram,OK,D,is_a,point)
150,14,noisy_half_text[sentence] + half_diagram,OK,E,is_a,point)
150,14,noisy_half_text[sentence] + half_diagram,OK,AC,is_a,segment)
150,14,noisy_half_text[sentence] + half_diagram,OK,BD,is_a,segment)
150,14,noisy_half_text[sentence] + half_diagram,OK,CE,is_a,segment)
150,14,noisy_half_text[sentence] + half_diagram,OK,AB,is_a,segment)
150,14,noisy_half_text[sentence] + half_diagram,OK,A,lies_on,AC)
150,14,noisy_half_text[sentence] + half_diagram,OK,B,lies_on,AC)
150,14,noisy_half_text[sentence] + half_diagram,OK,C,lies_on,AC)
150,14,noisy_half_text[sentence] + half_diagram,OK,A,B,"C, collinear_with)"
150,14,noisy_half_text[sentence] + half_diagram,OK,BD,perpendicular_to,AC)
150,14,noisy_half_text[sentence] + half_diagram,OK,CE,perpendicular_to,AC)
150,14,noisy_half_text[sentence] + half_diagram,OK,AB,has_measure,2.0)
150,14,noisy_half_text[sentence] + half_diagram,OK,BD,has_measure,7/3)
,,,,,,
151,14,noisy_half_text[sentence] + half_diagram,OK,student,is_a,point
151,14,noisy_half_text[sentence] + half_diagram,OK,tree,is_a,point
151,14,noisy_half_text[sentence] + half_diagram,OK,lake,is_a,point
151,14,noisy_half_text[sentence] + half_diagram,OK,door,is_a,point
151,14,noisy_half_text[sentence] + half_diagram,OK,reflection,is_a,point
151,14,noisy_half_text[sentence] + half_diagram,OK,keys,is_a,point
151,14,noisy_half_text[sentence] + half_diagram,OK,table,is_a,point
151,14,noisy_half_text[sentence] + half_diagram,OK,student,is_a,entity
151,14,noisy_half_text[sentence] + half_diagram,OK,tree,is_a,entity
151,14,noisy_half_text[sentence] + half_diagram,OK,lake,is_a,entity
151,14,noisy_half_text[sentence] + half_diagram,OK,door,is_a,entity
151,14,noisy_half_text[sentence] + half_diagram,OK,reflection,is_a,entity
151,14,noisy_half_text[sentence] + half_diagram,OK,keys,is_a,entity
151,14,noisy_half_text[sentence] + half_diagram,OK,table,is_a,entity
151,14,noisy_half_text[sentence] + half_diagram,OK,student,has_measure,1.7_units
151,14,noisy_half_text[sentence] + half_diagram,OK,reflection,has_measure,5_units
151,14,noisy_half_text[sentence] + half_diagram,OK,student,lies_on,lake
151,14,noisy_half_text[sentence] + half_diagram,OK,tree,lies_on,lake
151,14,noisy_half_text[sentence] + half_diagram,OK,reflection,lies_on,lake
151,14,noisy_half_text[sentence] + half_diagram,OK,student,connects,door
151,14,noisy_half_text[sentence] + half_diagram,OK,door,connects,table
151,14,noisy_half_text[sentence] + half_diagram,OK,keys,lies_on,table
151,14,noisy_half_text[sentence] + half_diagram,OK,reflection,connects,student
151,14,noisy_half_text[sentence] + half_diagram,OK,reflection,connects,tree
,,,,,,
152,14,noisy_half_text[sentence] + half_diagram,OK,A,is_a,point
152,14,noisy_half_text[sentence] + half_diagram,OK,B,is_a,point
152,14,noisy_half_text[sentence] + half_diagram,OK,C,is_a,point
152,14,noisy_half_text[sentence] + half_diagram,OK,D,is_a,point
152,14,noisy_half_text[sentence] + half_diagram,OK,AB,is_a,segment
152,14,noisy_half_text[sentence] + half_diagram,OK,BC,is_a,segment
152,14,noisy_half_text[sentence] + half_diagram,OK,CD,is_a,segment
152,14,noisy_half_text[sentence] + half_diagram,OK,A,lies_on,AB
152,14,noisy_half_text[sentence] + half_diagram,OK,B,lies_on,AB
152,14,noisy_half_text[sentence] + half_diagram,OK,B,lies_on,BC
152,14,noisy_half_text[sentence] + half_diagram,OK,C,lies_on,BC
152,14,noisy_half_text[sentence] + half_diagram,OK,D,lies_on,AB
152,14,noisy_half_text[sentence] + half_diagram,OK,D,lies_on,CD
152,14,noisy_half_text[sentence] + half_diagram,OK,AB,connects,A
152,14,noisy_half_text[sentence] + half_diagram,OK,AB,connects,B
152,14,noisy_half_text[sentence] + half_diagram,OK,BC,connects,B
152,14,noisy_half_text[sentence] + half_diagram,OK,BC,connects,C
152,14,noisy_half_text[sentence] + half_diagram,OK,CD,connects,C
152,14,noisy_half_text[sentence] + half_diagram,OK,CD,connects,D
152,14,noisy_half_text[sentence] + half_diagram,OK,BC,has_measure,1.6
152,14,noisy_half_text[sentence] + half_diagram,OK,CD,has_measure,1.4
152,14,noisy_half_text[sentence] + half_diagram,OK,AB,has_measure,?
,,,,,,
153,14,noisy_half_text[sentence] + half_diagram,OK,A,is_a,point
153,14,noisy_half_text[sentence] + half_diagram,OK,B,is_a,point
153,14,noisy_half_text[sentence] + half_diagram,OK,C,is_a,point
153,14,noisy_half_text[sentence] + half_diagram,OK,D,is_a,point
153,14,noisy_half_text[sentence] + half_diagram,OK,E,is_a,point
153,14,noisy_half_text[sentence] + half_diagram,OK,AB,is_a,segment
153,14,noisy_half_text[sentence] + half_diagram,OK,BC,is_a,segment
153,14,noisy_half_text[sentence] + half_diagram,OK,DE,is_a,segment
153,14,noisy_half_text[sentence] + half_diagram,OK,DE,has_measure,1.8_units
153,14,noisy_half_text[sentence] + half_diagram,OK,BC,has_measure,1.0_units
,,,,,,
157,14,noisy_half_text[sentence] + half_diagram,OK,A,is_a,point
157,14,noisy_half_text[sentence] + half_diagram,OK,B,is_a,point
157,14,noisy_half_text[sentence] + half_diagram,OK,C,is_a,point
157,14,noisy_half_text[sentence] + half_diagram,OK,ABC,is_a,triangle
157,14,noisy_half_text[sentence] + half_diagram,OK,∠C,is_a,angle
157,14,noisy_half_text[sentence] + half_diagram,OK,∠C,has_measure,90_deg
157,14,noisy_half_text[sentence] + half_diagram,OK,AC,is_a,segment
157,14,noisy_half_text[sentence] + half_diagram,OK,BC,is_a,segment
157,14,noisy_half_text[sentence] + half_diagram,OK,AB,is_a,segment
157,14,noisy_half_text[sentence] + half_diagram,OK,AC,has_measure,4_units
157,14,noisy_half_text[sentence] + half_diagram,OK,BC,has_measure,3_units
157,14,noisy_half_text[sentence] + half_diagram,OK,∠B,is_a,angle
157,14,noisy_half_text[sentence] + half_diagram,OK,cos B,is_a,query_target
,,,,,,
165,14,noisy_half_text[sentence] + half_diagram,OK,A,is_a,point
165,14,noisy_half_text[sentence] + half_diagram,OK,B,is_a,point
165,14,noisy_half_text[sentence] + half_diagram,OK,C,is_a,point
165,14,noisy_half_text[sentence] + half_diagram,OK,AB,is_a,segment
165,14,noisy_half_text[sentence] + half_diagram,OK,ABC,is_a,triangle
165,14,noisy_half_text[sentence] + half_diagram,OK,ABC,is_a,right_triangle
165,14,noisy_half_text[sentence] + half_diagram,OK,∠ACB,is_a,angle
165,14,noisy_half_text[sentence] + half_diagram,OK,∠ACB,has_measure,90_deg
165,14,noisy_half_text[sentence] + half_diagram,OK,AB,has_measure,2_units
165,14,noisy_half_text[sentence] + half_diagram,OK,BC,has_measure,1_unit
165,14,noisy_half_text[sentence] + half_diagram,OK,A,lies_on,AB
165,14,noisy_half_text[sentence] + half_diagram,OK,B,lies_on,AB
165,14,noisy_half_text[sentence] + half_diagram,OK,C,lies_on,BC
165,14,noisy_half_text[sentence] + half_diagram,OK,A,lies_on,AC
165,14,noisy_half_text[sentence] + half_diagram,OK,B,lies_on,BC
165,14,noisy_half_text[sentence] + half_diagram,OK,C,lies_on,AC
165,14,noisy_half_text[sentence] + half_diagram,OK,∠ACB,connects,A
165,14,noisy_half_text[sentence] + half_diagram,OK,∠ACB,connects,C
165,14,noisy_half_text[sentence] + half_diagram,OK,∠ACB,connects,B
,,,,,,
198,14,noisy_half_text[sentence] + half_diagram,OK,A,is_a,point
198,14,noisy_half_text[sentence] + half_diagram,OK,B,is_a,point
198,14,noisy_half_text[sentence] + half_diagram,OK,C,is_a,point
198,14,noisy_half_text[sentence] + half_diagram,OK,AB,is_a,segment
198,14,noisy_half_text[sentence] + half_diagram,OK,BC,is_a,segment
198,14,noisy_half_text[sentence] + half_diagram,OK,CA,is_a,segment
198,14,noisy_half_text[sentence] + half_diagram,OK,ABC,is_a,triangle
198,14,noisy_half_text[sentence] + half_diagram,OK,ABC,is_a,isosceles_triangle
198,14,noisy_half_text[sentence] + half_diagram,OK,ABC,has_measure,13_units
198,14,noisy_half_text[sentence] + half_diagram,OK,ABC,has_measure,10_units
198,14,noisy_half_text[sentence] + half_diagram,OK,ABC,has_measure,?
,,,,,,
207,14,noisy_half_text[sentence] + half_diagram,OK,O,is_a,point
207,14,noisy_half_text[sentence] + half_diagram,OK,C1,is_a,circle
207,14,noisy_half_text[sentence] + half_diagram,OK,C2,is_a,circle
207,14,noisy_half_text[sentence] + half_diagram,OK,C3,is_a,circle
207,14,noisy_half_text[sentence] + half_diagram,OK,O,center_of,C1
207,14,noisy_half_text[sentence] + half_diagram,OK,O,center_of,C2
207,14,noisy_half_text[sentence] + half_diagram,OK,O,center_of,C3
207,14,noisy_half_text[sentence] + half_diagram,OK,C1,radius_of,10_units
207,14,noisy_half_text[sentence] + half_diagram,OK,C2,radius_of,10_units
207,14,noisy_half_text[sentence] + half_diagram,OK,C3,radius_of,20_units
207,14,noisy_half_text[sentence] + half_diagram,OK,C1,diameter_of,20_units
207,14,noisy_half_text[sentence] + half_diagram,OK,C2,diameter_of,20_units
207,14,noisy_half_text[sentence] + half_diagram,OK,C3,diameter_of,40_units
207,14,noisy_half_text[sentence] + half_diagram,OK,C1,congruent_to,C2
207,14,noisy_half_text[sentence] + half_diagram,OK,C1,inscribed_in,C3
207,14,noisy_half_text[sentence] + half_diagram,OK,C2,inscribed_in,C3
207,14,noisy_half_text[sentence] + half_diagram,OK,ShadedRegion,is_a,region
207,14,noisy_half_text[sentence] + half_diagram,OK,ShadedRegion,part_of,C3
207,14,noisy_half_text[sentence] + half_diagram,OK,ShadedRegion,not_part_of,C1
207,14,noisy_half_text[sentence] + half_diagram,OK,ShadedRegion,not_part_of,C2
,,,,,,
210,14,noisy_half_text[sentence] + half_diagram,OK,A,is_a,point
210,14,noisy_half_text[sentence] + half_diagram,OK,B,is_a,point
210,14,noisy_half_text[sentence] + half_diagram,OK,C,is_a,point
210,14,noisy_half_text[sentence] + half_diagram,OK,D,is_a,point
210,14,noisy_half_text[sentence] + half_diagram,OK,E,is_a,point
210,14,noisy_half_text[sentence] + half_diagram,OK,AB,is_a,segment
210,14,noisy_half_text[sentence] + half_diagram,OK,AC,is_a,segment
210,14,noisy_half_text[sentence] + half_diagram,OK,AE,is_a,segment
210,14,noisy_half_text[sentence] + half_diagram,OK,CD,is_a,segment
210,14,noisy_half_text[sentence] + half_diagram,OK,BE,is_a,segment
210,14,noisy_half_text[sentence] + half_diagram,OK,ABE,is_a,triangle
210,14,noisy_half_text[sentence] + half_diagram,OK,ACD,is_a,triangle
210,14,noisy_half_text[sentence] + half_diagram,OK,ABE,is_a,"similar_to, ACD"
210,14,noisy_half_text[sentence] + half_diagram,OK,A,connects,B
210,14,noisy_half_text[sentence] + half_diagram,OK,A,connects,C
210,14,noisy_half_text[sentence] + half_diagram,OK,A,connects,E
210,14,noisy_half_text[sentence] + half_diagram,OK,B,connects,E
210,14,noisy_half_text[sentence] + half_diagram,OK,C,connects,D
210,14,noisy_half_text[sentence] + half_diagram,OK,A,is_a,vertex
210,14,noisy_half_text[sentence] + half_diagram,OK,B,is_a,vertex
210,14,noisy_half_text[sentence] + half_diagram,OK,C,is_a,vertex
210,14,noisy_half_text[sentence] + half_diagram,OK,D,is_a,vertex
210,14,noisy_half_text[sentence] + half_diagram,OK,E,is_a,vertex
210,14,noisy_half_text[sentence] + half_diagram,OK,BE,parallel_to,CD
210,14,noisy_half_text[sentence] + half_diagram,OK,AB,has_measure,12_units
210,14,noisy_half_text[sentence] + half_diagram,OK,AC,has_measure,16_units
210,14,noisy_half_text[sentence] + half_diagram,OK,AE,has_measure,?
,,,,,,
211,14,noisy_half_text[sentence] + half_diagram,OK,MN,is_a,segment
211,14,noisy_half_text[sentence] + half_diagram,OK,MN,has_measure,3x - 4
211,14,noisy_half_text[sentence] + half_diagram,OK,NP,is_a,segment
211,14,noisy_half_text[sentence] + half_diagram,OK,NP,has_measure,2y + 5
211,14,noisy_half_text[sentence] + half_diagram,OK,MR,is_a,segment
211,14,noisy_half_text[sentence] + half_diagram,OK,MR,has_measure,17.9
211,14,noisy_half_text[sentence] + half_diagram,OK,MNPR,is_a,parallelogram
211,14,noisy_half_text[sentence] + half_diagram,OK,MP,is_a,diagonal
211,14,noisy_half_text[sentence] + half_diagram,OK,RN,is_a,diagonal
211,14,noisy_half_text[sentence] + half_diagram,OK,MP,intersects,RN
211,14,noisy_half_text[sentence] + half_diagram,OK,Q,is_a,point
211,14,noisy_half_text[sentence] + half_diagram,OK,MP,connects,M
211,14,noisy_half_text[sentence] + half_diagram,OK,MP,connects,P
211,14,noisy_half_text[sentence] + half_diagram,OK,RN,connects,R
211,14,noisy_half_text[sentence] + half_diagram,OK,RN,connects,N
211,14,noisy_half_text[sentence] + half_diagram,OK,MP,intersects,"RN, at, Q"
211,14,noisy_half_text[sentence] + half_diagram,OK,RN,intersects,"MP, at, Q"
211,14,noisy_half_text[sentence] + half_diagram,OK,∠MNR,is_a,angle
211,14,noisy_half_text[sentence] + half_diagram,OK,∠MNR,has_measure,33_deg
211,14,noisy_half_text[sentence] + half_diagram,OK,∠QNR,is_a,angle
211,14,noisy_half_text[sentence] + half_diagram,OK,∠QNR,has_measure,83_deg
211,14,noisy_half_text[sentence] + half_diagram,OK,∠MRQ,is_a,angle
211,14,noisy_half_text[sentence] + half_diagram,OK,∠MRQ,has_measure,38_deg
211,14,noisy_half_text[sentence] + half_diagram,OK,NQ,is_a,segment
211,14,noisy_half_text[sentence] + half_diagram,OK,NQ,has_measure,15.4
211,14,noisy_half_text[sentence] + half_diagram,OK,QP,is_a,segment
211,14,noisy_half_text[sentence] + half_diagram,OK,QP,has_measure,11.1
211,14,noisy_half_text[sentence] + half_diagram,OK,QR,is_a,segment
211,14,noisy_half_text[sentence] + half_diagram,OK,QR,has_measure,3z - 3
211,14,noisy_half_text[sentence] + half_diagram,OK,QM,is_a,segment
211,14,noisy_half_text[sentence] + half_diagram,OK,QM,has_measure,4w - 3
,,,,,,
223,14,noisy_half_text[sentence] + half_diagram,OK,5,is_a,number
223,14,noisy_half_text[sentence] + half_diagram,OK,5,has_measure,5_units
223,14,noisy_half_text[sentence] + half_diagram,OK,3√2,is_a,number
223,14,noisy_half_text[sentence] + half_diagram,OK,3√2,has_measure,3√2_units
223,14,noisy_half_text[sentence] + half_diagram,OK,x,is_a,number
223,14,noisy_half_text[sentence] + half_diagram,OK,x,has_measure,?
223,14,noisy_half_text[sentence] + half_diagram,OK,triangle,is_a,right_triangle
223,14,noisy_half_text[sentence] + half_diagram,OK,triangle,has_measure,5_units
223,14,noisy_half_text[sentence] + half_diagram,OK,triangle,has_measure,3√2_units
223,14,noisy_half_text[sentence] + half_diagram,OK,triangle,has_measure,?
223,14,noisy_half_text[sentence] + half_diagram,OK,keys,is_a,object
223,14,noisy_half_text[sentence] + half_diagram,OK,keys,lies_on,table
223,14,noisy_half_text[sentence] + half_diagram,OK,table,is_a,object
223,14,noisy_half_text[sentence] + half_diagram,OK,hallway,is_a,place
223,14,noisy_half_text[sentence] + half_diagram,OK,footsteps,is_a,sound
223,14,noisy_half_text[sentence] + half_diagram,OK,footsteps,lies_on,hallway
223,14,noisy_half_text[sentence] + half_diagram,OK,footsteps,has_measure,faint
223,14,noisy_half_text[sentence] + half_diagram,OK,question,is_a,query
223,14,noisy_half_text[sentence] + half_diagram,OK,question,has_target,x
,,,,,,
239,14,noisy_half_text[sentence] + half_diagram,OK,A,is_a,point
239,14,noisy_half_text[sentence] + half_diagram,OK,B,is_a,point
239,14,noisy_half_text[sentence] + half_diagram,OK,C,is_a,point
239,14,noisy_half_text[sentence] + half_diagram,OK,R,is_a,point
239,14,noisy_half_text[sentence] + half_diagram,OK,S,is_a,point
239,14,noisy_half_text[sentence] + half_diagram,OK,T,is_a,point
239,14,noisy_half_text[sentence] + half_diagram,OK,M,is_a,point
239,14,noisy_half_text[sentence] + half_diagram,OK,AB,is_a,segment
239,14,noisy_half_text[sentence] + half_diagram,OK,AC,is_a,segment
239,14,noisy_half_text[sentence] + half_diagram,OK,BC,is_a,segment
239,14,noisy_half_text[sentence] + half_diagram,OK,RS,is_a,segment
239,14,noisy_half_text[sentence] + half_diagram,OK,RM,is_a,segment
239,14,noisy_half_text[sentence] + half_diagram,OK,AT,is_a,segment
239,14,noisy_half_text[sentence] + half_diagram,OK,BR,is_a,segment
239,14,noisy_half_text[sentence] + half_diagram,OK,CS,is_a,segment
239,14,noisy_half_text[sentence] + half_diagram,OK,R,is_a,midpoint
239,14,noisy_half_text[sentence] + half_diagram,OK,S,is_a,midpoint
239,14,noisy_half_text[sentence] + half_diagram,OK,T,is_a,midpoint
239,14,noisy_half_text[sentence] + half_diagram,OK,AT,connects,A
239,14,noisy_half_text[sentence] + half_diagram,OK,AT,connects,T
239,14,noisy_half_text[sentence] + half_diagram,OK,BR,connects,B
239,14,noisy_half_text[sentence] + half_diagram,OK,BR,connects,R
239,14,noisy_half_text[sentence] + half_diagram,OK,CS,connects,C
239,14,noisy_half_text[sentence] + half_diagram,OK,CS,connects,S
239,14,noisy_half_text[sentence] + half_diagram,OK,AT,intersects,BR
239,14,noisy_half_text[sentence] + half_diagram,OK,AT,intersects,CS
239,14,noisy_half_text[sentence] + half_diagram,OK,BR,intersects,CS
239,14,noisy_half_text[sentence] + half_diagram,OK,AT,intersects,M
239,14,noisy_half_text[sentence] + half_diagram,OK,BR,intersects,M
239,14,noisy_half_text[sentence] + half_diagram,OK,CS,intersects,M
239,14,noisy_half_text[sentence] + half_diagram,OK,RM,has_measure,4_units
239,14,noisy_half_text[sentence] + half_diagram,OK,AT,has_measure,16_units
,,,,,,
243,14,noisy_half_text[sentence] + half_diagram,OK,Des Moines,is_a,point
243,14,noisy_half_text[sentence] + half_diagram,OK,Phoenix,is_a,point
243,14,noisy_half_text[sentence] + half_diagram,OK,Atlanta,is_a,point
243,14,noisy_half_text[sentence] + half_diagram,OK,Des Moines,connects,Phoenix
243,14,noisy_half_text[sentence] + half_diagram,OK,Phoenix,connects,Atlanta
243,14,noisy_half_text[sentence] + half_diagram,OK,Atlanta,connects,Des Moines
243,14,noisy_half_text[sentence] + half_diagram,OK,Phoenix,is_a,segment
243,14,noisy_half_text[sentence] + half_diagram,OK,Atlanta,is_a,segment
243,14,noisy_half_text[sentence] + half_diagram,OK,Des Moines,is_a,segment
243,14,noisy_half_text[sentence] + half_diagram,OK,PhoenixAtlanta,has_measure,150x + 91
243,14,noisy_half_text[sentence] + half_diagram,OK,He,is_a,person
243,14,noisy_half_text[sentence] + half_diagram,OK,He,pushed,chair
243,14,noisy_half_text[sentence] + half_diagram,OK,chair,is_a,object
243,14,noisy_half_text[sentence] + half_diagram,OK,chair,is_a,back
243,14,noisy_half_text[sentence] + half_diagram,OK,back,is_a,"part_of, chair"
243,14,noisy_half_text[sentence] + half_diagram,OK,He,pushed,back
243,14,noisy_half_text[sentence] + half_diagram,OK,back,is_a,slowly
243,14,noisy_half_text[sentence] + half_diagram,OK,cup,is_a,object
243,14,noisy_half_text[sentence] + half_diagram,OK,cup,is_a,resting
243,14,noisy_half_text[sentence] + half_diagram,OK,window,is_a,object
243,14,noisy_half_text[sentence] + half_diagram,OK,cup,is_a,near
243,14,noisy_half_text[sentence] + half_diagram,OK,near,is_a,window
,,,,,,
257,14,noisy_half_text[sentence] + half_diagram,OK,A,is_a,point
257,14,noisy_half_text[sentence] + half_diagram,OK,B,is_a,point
257,14,noisy_half_text[sentence] + half_diagram,OK,C,is_a,point
257,14,noisy_half_text[sentence] + half_diagram,OK,D,is_a,point
257,14,noisy_half_text[sentence] + half_diagram,OK,E,is_a,point
257,14,noisy_half_text[sentence] + half_diagram,OK,AB,is_a,segment
257,14,noisy_half_text[sentence] + half_diagram,OK,AC,is_a,segment
257,14,noisy_half_text[sentence] + half_diagram,OK,AD,is_a,segment
257,14,noisy_half_text[sentence] + half_diagram,OK,AE,is_a,segment
257,14,noisy_half_text[sentence] + half_diagram,OK,CD,is_a,segment
257,14,noisy_half_text[sentence] + half_diagram,OK,BE,is_a,segment
257,14,noisy_half_text[sentence] + half_diagram,OK,ABE,is_a,triangle
257,14,noisy_half_text[sentence] + half_diagram,OK,ACD,is_a,triangle
257,14,noisy_half_text[sentence] + half_diagram,OK,A,connects,B
257,14,noisy_half_text[sentence] + half_diagram,OK,A,connects,C
257,14,noisy_half_text[sentence] + half_diagram,OK,A,connects,D
257,14,noisy_half_text[sentence] + half_diagram,OK,A,connects,E
257,14,noisy_half_text[sentence] + half_diagram,OK,B,connects,E
257,14,noisy_half_text[sentence] + half_diagram,OK,C,connects,D
257,14,noisy_half_text[sentence] + half_diagram,OK,E,connects,D
257,14,noisy_half_text[sentence] + half_diagram,OK,AB,has_measure,12
257,14,noisy_half_text[sentence] + half_diagram,OK,ED,has_measure,5
257,14,noisy_half_text[sentence] + half_diagram,OK,BE,parallel_to,CD
,,,,,,
264,14,noisy_half_text[sentence] + half_diagram,OK,M,is_a,point
264,14,noisy_half_text[sentence] + half_diagram,OK,N,is_a,point
264,14,noisy_half_text[sentence] + half_diagram,OK,P,is_a,point
264,14,noisy_half_text[sentence] + half_diagram,OK,Q,is_a,point
264,14,noisy_half_text[sentence] + half_diagram,OK,MN,is_a,segment
264,14,noisy_half_text[sentence] + half_diagram,OK,NP,is_a,segment
264,14,noisy_half_text[sentence] + half_diagram,OK,PQ,is_a,segment
264,14,noisy_half_text[sentence] + half_diagram,OK,QM,is_a,segment
264,14,noisy_half_text[sentence] + half_diagram,OK,MNPQ,is_a,parallelogram
264,14,noisy_half_text[sentence] + half_diagram,OK,LM,is_a,segment
264,14,noisy_half_text[sentence] + half_diagram,OK,LM,has_measure,10x
264,14,noisy_half_text[sentence] + half_diagram,OK,LP,is_a,segment
264,14,noisy_half_text[sentence] + half_diagram,OK,2N,is_a,angle
264,14,noisy_half_text[sentence] + half_diagram,OK,Q,is_a,angle
264,14,noisy_half_text[sentence] + half_diagram,OK,LM,has_measure,LP
264,14,noisy_half_text[sentence] + half_diagram,OK,2N,has_measure,Q
264,14,noisy_half_text[sentence] + half_diagram,OK,LM,is_a,query_target
,,,,,,
281,14,noisy_half_text[sentence] + half_diagram,OK,A,is_a,point
281,14,noisy_half_text[sentence] + half_diagram,OK,B,is_a,point
281,14,noisy_half_text[sentence] + half_diagram,OK,C,is_a,point
281,14,noisy_half_text[sentence] + half_diagram,OK,ABC,is_a,triangle
281,14,noisy_half_text[sentence] + half_diagram,OK,ABC,is_a,right_triangle
281,14,noisy_half_text[sentence] + half_diagram,OK,∠C,is_a,angle
281,14,noisy_half_text[sentence] + half_diagram,OK,∠C,has_measure,90_deg
281,14,noisy_half_text[sentence] + half_diagram,OK,AC,is_a,segment
281,14,noisy_half_text[sentence] + half_diagram,OK,BC,is_a,segment
281,14,noisy_half_text[sentence] + half_diagram,OK,AB,is_a,segment
281,14,noisy_half_text[sentence] + half_diagram,OK,AC,has_measure,24_units
281,14,noisy_half_text[sentence] + half_diagram,OK,BC,has_measure,10_units
281,14,noisy_half_text[sentence] + half_diagram,OK,AB,has_measure,26_units
281,14,noisy_half_text[sentence] + half_diagram,OK,AC,connects,"A, C"
281,14,noisy_half_text[sentence] + half_diagram,OK,BC,connects,"B, C"
281,14,noisy_half_text[sentence] + half_diagram,OK,AB,connects,"A, B"
281,14,noisy_half_text[sentence] + half_diagram,OK,∠C,lies_on,C
281,14,noisy_half_text[sentence] + half_diagram,OK,AC,lies_on,C
281,14,noisy_half_text[sentence] + half_diagram,OK,BC,lies_on,C
281,14,noisy_half_text[sentence] + half_diagram,OK,AB,lies_on,B
281,14,noisy_half_text[sentence] + half_diagram,OK,AC,lies_on,A
281,14,noisy_half_text[sentence] + half_diagram,OK,BC,lies_on,B
281,14,noisy_half_text[sentence] + half_diagram,OK,AB,lies_on,A
281,14,noisy_half_text[sentence] + half_diagram,OK,?,is_a,ratio
281,14,noisy_half_text[sentence] + half_diagram,OK,?,is_a,decimal
281,14,noisy_half_text[sentence] + half_diagram,OK,?,has_measure,?
,,,,,,
327,14,noisy_half_text[sentence] + half_diagram,OK,Z,is_a,point
327,14,noisy_half_text[sentence] + half_diagram,OK,Y,is_a,point
327,14,noisy_half_text[sentence] + half_diagram,OK,X,is_a,point
327,14,noisy_half_text[sentence] + half_diagram,OK,N,is_a,point
327,14,noisy_half_text[sentence] + half_diagram,OK,ZY,is_a,segment
327,14,noisy_half_text[sentence] + half_diagram,OK,YX,is_a,segment
327,14,noisy_half_text[sentence] + half_diagram,OK,XZ,is_a,segment
327,14,noisy_half_text[sentence] + half_diagram,OK,YX,has_measure,b_km
327,14,noisy_half_text[sentence] + half_diagram,OK,ZY,has_measure,10.7_km
327,14,noisy_half_text[sentence] + half_diagram,OK,Z,lies_on,NX
327,14,noisy_half_text[sentence] + half_diagram,OK,X,lies_on,YX
327,14,noisy_half_text[sentence] + half_diagram,OK,Y,lies_on,YX
327,14,noisy_half_text[sentence] + half_diagram,OK,Z,lies_on,XZ
327,14,noisy_half_text[sentence] + half_diagram,OK,Y,lies_on,ZY
327,14,noisy_half_text[sentence] + half_diagram,OK,X,lies_on,XZ
327,14,noisy_half_text[sentence] + half_diagram,OK,YX,perpendicular_to,ZY
327,14,noisy_half_text[sentence] + half_diagram,OK,NX,perpendicular_to,YX
327,14,noisy_half_text[sentence] + half_diagram,OK,335° T,is_a,bearing
327,14,noisy_half_text[sentence] + half_diagram,OK,Z,has_measure,335° T
,,,,,,
348,14,noisy_half_text[sentence] + half_diagram,OK,helicopter_altitude,has_measure,198_m
348,14,noisy_half_text[sentence] + half_diagram,OK,angle_of_depression,has_measure,44_deg
348,14,noisy_half_text[sentence] + half_diagram,OK,bicycle,is_a,object
348,14,noisy_half_text[sentence] + half_diagram,OK,wall,is_a,surface
348,14,noisy_half_text[sentence] + half_diagram,OK,room,has_property,smell_of_rain
348,14,noisy_half_text[sentence] + half_diagram,OK,?,is_a,question
348,14,noisy_half_text[sentence] + half_diagram,OK,question,has_target,distance_d
348,14,noisy_half_text[sentence] + half_diagram,OK,distance_d,has_relation_to,landing_pad
348,14,noisy_half_text[sentence] + half_diagram,OK,helicopter_altitude,has_relation_to,landing_pad
348,14,noisy_half_text[sentence] + half_diagram,OK,angle_of_depression,has_relation_to,landing_pad
348,14,noisy_half_text[sentence] + half_diagram,OK,bicycle,has_relation_to,wall
348,14,noisy_half_text[sentence] + half_diagram,OK,room,has_relation_to,smell_of_rain
348,14,noisy_half_text[sentence] + half_diagram,OK,landing_pad,is_a,destination
348,14,noisy_half_text[sentence] + half_diagram,OK,helicopter_altitude,is_a,measurement
348,14,noisy_half_text[sentence] + half_diagram,OK,angle_of_depression,is_a,measurement
348,14,noisy_half_text[sentence] + half_diagram,OK,distance_d,is_a,distance
348,14,noisy_half_text[sentence] + half_diagram,OK,room,is_a,space
348,14,noisy_half_text[sentence] + half_diagram,OK,smell_of_rain,is_a,smell
348,14,noisy_half_text[sentence] + half_diagram,OK,question,is_a,query
,,,,,,
364,14,noisy_half_text[sentence] + half_diagram,OK,tower,is_a,object
364,14,noisy_half_text[sentence] + half_diagram,OK,concrete_tower,is_a,tower
364,14,noisy_half_text[sentence] + half_diagram,OK,bridge,is_a,structure
364,14,noisy_half_text[sentence] + half_diagram,OK,connection_point,is_a,point
364,14,noisy_half_text[sentence] + half_diagram,OK,main_cable,is_a,cable
364,14,noisy_half_text[sentence] + half_diagram,OK,chair,is_a,object
364,14,noisy_half_text[sentence] + half_diagram,OK,creak,is_a,sound
364,14,noisy_half_text[sentence] + half_diagram,OK,pause,is_a,action
364,14,noisy_half_text[sentence] + half_diagram,OK,step,is_a,action
364,14,noisy_half_text[sentence] + half_diagram,OK,tower,perpendicular_to,bridge
364,14,noisy_half_text[sentence] + half_diagram,OK,concrete_tower,has_measure,35.5_units
364,14,noisy_half_text[sentence] + half_diagram,OK,bridge,has_measure,65.9_units
364,14,noisy_half_text[sentence] + half_diagram,OK,concrete_tower,connects,connection_point
364,14,noisy_half_text[sentence] + half_diagram,OK,main_cable,connects,connection_point
364,14,noisy_half_text[sentence] + half_diagram,OK,chair,emits,creak
364,14,noisy_half_text[sentence] + half_diagram,OK,he,performs,pause
364,14,noisy_half_text[sentence] + half_diagram,OK,he,performs,step
364,14,noisy_half_text[sentence] + half_diagram,OK,h,is_a,length
364,14,noisy_half_text[sentence] + half_diagram,OK,h,is_a,?
,,,,,,
365,14,noisy_half_text[sentence] + half_diagram,OK,plane,is_a,object
365,14,noisy_half_text[sentence] + half_diagram,OK,plane,has_measure,10369_m
365,14,noisy_half_text[sentence] + half_diagram,OK,airport_runway,is_a,object
365,14,noisy_half_text[sentence] + half_diagram,OK,theta_degrees,is_a,angle
365,14,noisy_half_text[sentence] + half_diagram,OK,theta_degrees,is_a,angle_of_approach
,,,,,,
420,14,noisy_half_text[sentence] + half_diagram,OK,parallelogram,is_a,shape
420,14,noisy_half_text[sentence] + half_diagram,OK,parallelogram,has_measure,10_cm
420,14,noisy_half_text[sentence] + half_diagram,OK,line,is_a,segment
420,14,noisy_half_text[sentence] + half_diagram,OK,line,has_measure,6_cm
420,14,noisy_half_text[sentence] + half_diagram,OK,line,perpendicular_to,parallelogram
420,14,noisy_half_text[sentence] + half_diagram,OK,line,connects,parallelogram
420,14,noisy_half_text[sentence] + half_diagram,OK,parallelogram,has_measure,?
420,14,noisy_half_text[sentence] + half_diagram,OK,line,has_measure,?
,,,,,,
432,14,noisy_half_text[sentence] + half_diagram,OK,A,is_a,point
432,14,noisy_half_text[sentence] + half_diagram,OK,B,is_a,point
432,14,noisy_half_text[sentence] + half_diagram,OK,d,is_a,distance
432,14,noisy_half_text[sentence] + half_diagram,OK,d,has_measure,?
432,14,noisy_half_text[sentence] + half_diagram,OK,AB,is_a,segment
432,14,noisy_half_text[sentence] + half_diagram,OK,AB,connects,A
432,14,noisy_half_text[sentence] + half_diagram,OK,AB,connects,B
432,14,noisy_half_text[sentence] + half_diagram,OK,A,lies_on,x_axis
432,14,noisy_half_text[sentence] + half_diagram,OK,A,lies_on,y_axis
432,14,noisy_half_text[sentence] + half_diagram,OK,B,lies_on,x_axis
432,14,noisy_half_text[sentence] + half_diagram,OK,B,lies_on,y_axis
432,14,noisy_half_text[sentence] + half_diagram,OK,x_axis,is_a,axis
432,14,noisy_half_text[sentence] + half_diagram,OK,y_axis,is_a,axis
432,14,noisy_half_text[sentence] + half_diagram,OK,x_axis,perpendicular_to,y_axis
432,14,noisy_half_text[sentence] + half_diagram,OK,y_axis,perpendicular_to,x_axis
432,14,noisy_half_text[sentence] + half_diagram,OK,question,is_a,query
432,14,noisy_half_text[sentence] + half_diagram,OK,question,has_measure,distance
432,14,noisy_half_text[sentence] + half_diagram,OK,question,has_measure,between
432,14,noisy_half_text[sentence] + half_diagram,OK,question,has_measure,point B
432,14,noisy_half_text[sentence] + half_diagram,OK,question,has_measure,using distance formula
432,14,noisy_half_text[sentence] + half_diagram,OK,question,has_measure,A bicycle was leaning against the wall
432,14,noisy_half_text[sentence] + half_diagram,OK,question,has_measure,A paper slipped from the desk
432,14,noisy_half_text[sentence] + half_diagram,OK,question,has_measure,Round to three decimal places
,,,,,,
438,14,noisy_half_text[sentence] + half_diagram,OK,-8,-3,"is_a, point"
438,14,noisy_half_text[sentence] + half_diagram,OK,2,-3,"is_a, point"
438,14,noisy_half_text[sentence] + half_diagram,OK,-3,-3,"is_a, point"
438,14,noisy_half_text[sentence] + half_diagram,OK,hyperbola,is_a,hyperbola
438,14,noisy_half_text[sentence] + half_diagram,OK,hyperbola,has_measure,?
,,,,,,
441,14,noisy_half_text[sentence] + half_diagram,OK,O,is_a,point
441,14,noisy_half_text[sentence] + half_diagram,OK,P,is_a,point
441,14,noisy_half_text[sentence] + half_diagram,OK,a,is_a,angle
441,14,noisy_half_text[sentence] + half_diagram,OK,O,center_of,unit_circle
441,14,noisy_half_text[sentence] + half_diagram,OK,P,lies_on,unit_circle
441,14,noisy_half_text[sentence] + half_diagram,OK,a,is_in,standard_position
441,14,noisy_half_text[sentence] + half_diagram,OK,P,has_measure,3/5
441,14,noisy_half_text[sentence] + half_diagram,OK,P,has_measure,?
441,14,noisy_half_text[sentence] + half_diagram,OK,unit_circle,has_measure,1_unit
441,14,noisy_half_text[sentence] + half_diagram,OK,unit_circle,is_a,circle
441,14,noisy_half_text[sentence] + half_diagram,OK,unit_circle,center_of,O
,,,,,,
447,14,noisy_half_text[sentence] + half_diagram,OK,A,is_a,point
447,14,noisy_half_text[sentence] + half_diagram,OK,B,is_a,point
447,14,noisy_half_text[sentence] + half_diagram,OK,C,is_a,point
447,14,noisy_half_text[sentence] + half_diagram,OK,O,is_a,point
447,14,noisy_half_text[sentence] + half_diagram,OK,AB,is_a,segment
447,14,noisy_half_text[sentence] + half_diagram,OK,∠AOB,is_a,angle
447,14,noisy_half_text[sentence] + half_diagram,OK,P,is_a,point
447,14,noisy_half_text[sentence] + half_diagram,OK,a,is_a,angle
447,14,noisy_half_text[sentence] + half_diagram,OK,P,lies_on,circle
447,14,noisy_half_text[sentence] + half_diagram,OK,a,has_measure,?
,,,,,,
449,14,noisy_half_text[sentence] + half_diagram,OK,sec_theta,is_a,query_target
449,14,noisy_half_text[sentence] + half_diagram,OK,circle,is_a,circle
449,14,noisy_half_text[sentence] + half_diagram,OK,circle,center_of,origin
449,14,noisy_half_text[sentence] + half_diagram,OK,point_P,is_a,point
449,14,noisy_half_text[sentence] + half_diagram,OK,point_P,lies_on,circle
449,14,noisy_half_text[sentence] + half_diagram,OK,keys,is_a,keys
449,14,noisy_half_text[sentence] + half_diagram,OK,table,is_a,table
449,14,noisy_half_text[sentence] + half_diagram,OK,keys,lies_on,table
449,14,noisy_half_text[sentence] + half_diagram,OK,note,is_a,note
449,14,noisy_half_text[sentence] + half_diagram,OK,door,is_a,door
449,14,noisy_half_text[sentence] + half_diagram,OK,note,pinned_to,door
,,,,,,
457,14,noisy_half_text[sentence] + half_diagram,OK,center,is_a,point
457,14,noisy_half_text[sentence] + half_diagram,OK,circle,is_a,circle
457,14,noisy_half_text[sentence] + half_diagram,OK,circle,center_of,center
457,14,noisy_half_text[sentence] + half_diagram,OK,question,is_a,query_target
457,14,noisy_half_text[sentence] + half_diagram,OK,question,mapped_to,equation
,,,,,,
472,14,noisy_half_text[sentence] + half_diagram,OK,-7,0,"is_a, point"
472,14,noisy_half_text[sentence] + half_diagram,OK,5,-5,"is_a, point"
472,14,noisy_half_text[sentence] + half_diagram,OK,7,0,"is_a, point"
472,14,noisy_half_text[sentence] + half_diagram,OK,-7,0,"lies_on, semicircle"
472,14,noisy_half_text[sentence] + half_diagram,OK,5,-5,"lies_on, semicircle"
472,14,noisy_half_text[sentence] + half_diagram,OK,7,0,"lies_on, semicircle"
472,14,noisy_half_text[sentence] + half_diagram,OK,?,is_a,"center_of, semicircle"
,,,,,,
