problem_index,case_id,case_label,status,subject,predicate,object
1,2,noisy_text[numeric] + full_diagram,OK,A,is_a,point
1,2,noisy_text[numeric] + full_diagram,OK,B,is_a,point
1,2,noisy_text[numeric] + full_diagram,OK,C,is_a,point
1,2,noisy_text[numeric] + full_diagram,OK,A,is_a,vertex
1,2,noisy_text[numeric] + full_diagram,OK,B,is_a,vertex
1,2,noisy_text[numeric] + full_diagram,OK,C,is_a,vertex
1,2,noisy_text[numeric] + full_diagram,OK,ABC,is_a,triangle
1,2,noisy_text[numeric] + full_diagram,OK,A,connects,B
1,2,noisy_text[numeric] + full_diagram,OK,A,connects,C
1,2,noisy_text[numeric] + full_diagram,OK,B,connects,C
1,2,noisy_text[numeric] + full_diagram,OK,∠A,is_a,angle
1,2,noisy_text[numeric] + full_diagram,OK,∠B,is_a,angle
1,2,noisy_text[numeric] + full_diagram,OK,∠C,is_a,angle
1,2,noisy_text[numeric] + full_diagram,OK,∠A,has_measure,80_deg
1,2,noisy_text[numeric] + full_diagram,OK,∠B,has_measure,60_deg
1,2,noisy_text[numeric] + full_diagram,OK,D,is_a,point
1,2,noisy_text[numeric] + full_diagram,OK,E,is_a,point
1,2,noisy_text[numeric] + full_diagram,OK,D,lies_on,AB
1,2,noisy_text[numeric] + full_diagram,OK,E,lies_on,AC
1,2,noisy_text[numeric] + full_diagram,OK,DE,is_a,segment
1,2,noisy_text[numeric] + full_diagram,OK,DE,parallel_to,BC
,,,,,,
2,2,noisy_text[numeric] + full_diagram,OK,A,is_a,point
2,2,noisy_text[numeric] + full_diagram,OK,B,is_a,point)
2,2,noisy_text[numeric] + full_diagram,OK,C,is_a,point)
2,2,noisy_text[numeric] + full_diagram,OK,D,is_a,point)
2,2,noisy_text[numeric] + full_diagram,OK,E,is_a,point)
2,2,noisy_text[numeric] + full_diagram,OK,F,is_a,point)
2,2,noisy_text[numeric] + full_diagram,OK,G,is_a,point)
2,2,noisy_text[numeric] + full_diagram,OK,AB,is_a,segment)
2,2,noisy_text[numeric] + full_diagram,OK,CD,is_a,segment)
2,2,noisy_text[numeric] + full_diagram,OK,EF,is_a,segment)
2,2,noisy_text[numeric] + full_diagram,OK,EG,is_a,segment)
2,2,noisy_text[numeric] + full_diagram,OK,FG,is_a,segment)
2,2,noisy_text[numeric] + full_diagram,OK,AB,parallel_to,CD)
2,2,noisy_text[numeric] + full_diagram,OK,EF,intersects,AB)
2,2,noisy_text[numeric] + full_diagram,OK,EF,intersects,CD)
2,2,noisy_text[numeric] + full_diagram,OK,EF,intersects,"AB, at, E)"
2,2,noisy_text[numeric] + full_diagram,OK,EF,intersects,"CD, at, F)"
2,2,noisy_text[numeric] + full_diagram,OK,EG,bisects,"angle, BEF)"
2,2,noisy_text[numeric] + full_diagram,OK,EG,intersects,"CD, at, G)"
2,2,noisy_text[numeric] + full_diagram,OK,angle 1,is_a,angle)
2,2,noisy_text[numeric] + full_diagram,OK,angle 2,is_a,angle)
2,2,noisy_text[numeric] + full_diagram,OK,angle 1,has_measure,50_deg)
2,2,noisy_text[numeric] + full_diagram,OK,angle 2,has_measure,?)
,,,,,,
3,2,noisy_text[numeric] + full_diagram,OK,D,is_a,point
3,2,noisy_text[numeric] + full_diagram,OK,A,is_a,point
3,2,noisy_text[numeric] + full_diagram,OK,B,is_a,point
3,2,noisy_text[numeric] + full_diagram,OK,C,is_a,point
3,2,noisy_text[numeric] + full_diagram,OK,BC,is_a,segment
3,2,noisy_text[numeric] + full_diagram,OK,BA,is_a,segment
3,2,noisy_text[numeric] + full_diagram,OK,BD,is_a,segment
3,2,noisy_text[numeric] + full_diagram,OK,CD,is_a,segment
3,2,noisy_text[numeric] + full_diagram,OK,BC,intersects,B
3,2,noisy_text[numeric] + full_diagram,OK,BA,intersects,B
3,2,noisy_text[numeric] + full_diagram,OK,BD,intersects,B
3,2,noisy_text[numeric] + full_diagram,OK,BD,intersects,D
3,2,noisy_text[numeric] + full_diagram,OK,BD,intersects,C
3,2,noisy_text[numeric] + full_diagram,OK,BD,bisects,∠ABC
3,2,noisy_text[numeric] + full_diagram,OK,CD,parallel_to,AB
3,2,noisy_text[numeric] + full_diagram,OK,∠BCD,is_a,angle
3,2,noisy_text[numeric] + full_diagram,OK,∠BCD,has_measure,70_deg
3,2,noisy_text[numeric] + full_diagram,OK,∠CDB,is_a,angle
,,,,,,
4,2,noisy_text[numeric] + full_diagram,OK,A,is_a,point
4,2,noisy_text[numeric] + full_diagram,OK,B,is_a,point
4,2,noisy_text[numeric] + full_diagram,OK,O,is_a,point
4,2,noisy_text[numeric] + full_diagram,OK,C,is_a,point
4,2,noisy_text[numeric] + full_diagram,OK,AB,is_a,segment
4,2,noisy_text[numeric] + full_diagram,OK,AO,is_a,segment
4,2,noisy_text[numeric] + full_diagram,OK,BC,is_a,segment
4,2,noisy_text[numeric] + full_diagram,OK,∠A,is_a,angle
4,2,noisy_text[numeric] + full_diagram,OK,∠OCB,is_a,angle
4,2,noisy_text[numeric] + full_diagram,OK,O,center_of,circle
4,2,noisy_text[numeric] + full_diagram,OK,AB,tangent_to,circle
4,2,noisy_text[numeric] + full_diagram,OK,AO,intersects,circle
4,2,noisy_text[numeric] + full_diagram,OK,AO,connects,A
4,2,noisy_text[numeric] + full_diagram,OK,AO,connects,O
4,2,noisy_text[numeric] + full_diagram,OK,AO,connects,C
4,2,noisy_text[numeric] + full_diagram,OK,AB,connects,A
4,2,noisy_text[numeric] + full_diagram,OK,AB,connects,B
4,2,noisy_text[numeric] + full_diagram,OK,BC,connects,B
4,2,noisy_text[numeric] + full_diagram,OK,BC,connects,C
4,2,noisy_text[numeric] + full_diagram,OK,∠A,has_measure,36_deg
,,,,,,
7,2,noisy_text[numeric] + full_diagram,OK,A,is_a,point
7,2,noisy_text[numeric] + full_diagram,OK,B,is_a,point
7,2,noisy_text[numeric] + full_diagram,OK,C,is_a,point
7,2,noisy_text[numeric] + full_diagram,OK,D,is_a,point
7,2,noisy_text[numeric] + full_diagram,OK,E,is_a,point
7,2,noisy_text[numeric] + full_diagram,OK,ABC,is_a,triangle
7,2,noisy_text[numeric] + full_diagram,OK,ADE,is_a,triangle
7,2,noisy_text[numeric] + full_diagram,OK,ABC,is_a,"congruent_to, ADE"
7,2,noisy_text[numeric] + full_diagram,OK,A,is_a,common_vertex
7,2,noisy_text[numeric] + full_diagram,OK,∠B,is_a,angle
7,2,noisy_text[numeric] + full_diagram,OK,∠B,has_measure,70_deg
7,2,noisy_text[numeric] + full_diagram,OK,∠C,is_a,angle
7,2,noisy_text[numeric] + full_diagram,OK,∠C,has_measure,30_deg
7,2,noisy_text[numeric] + full_diagram,OK,∠DAC,is_a,angle
7,2,noisy_text[numeric] + full_diagram,OK,∠DAC,has_measure,35_deg
7,2,noisy_text[numeric] + full_diagram,OK,∠EAC,is_a,angle
7,2,noisy_text[numeric] + full_diagram,OK,∠EAC,has_measure,?
,,,,,,
8,2,noisy_text[numeric] + full_diagram,OK,A,is_a,point
8,2,noisy_text[numeric] + full_diagram,OK,B,is_a,point
8,2,noisy_text[numeric] + full_diagram,OK,C,is_a,point
8,2,noisy_text[numeric] + full_diagram,OK,D,is_a,point
8,2,noisy_text[numeric] + full_diagram,OK,E,is_a,point
8,2,noisy_text[numeric] + full_diagram,OK,F,is_a,point
8,2,noisy_text[numeric] + full_diagram,OK,ABC,is_a,triangle
8,2,noisy_text[numeric] + full_diagram,OK,DEF,is_a,triangle
8,2,noisy_text[numeric] + full_diagram,OK,A,is_a,vertex
8,2,noisy_text[numeric] + full_diagram,OK,B,is_a,vertex
8,2,noisy_text[numeric] + full_diagram,OK,C,is_a,vertex
8,2,noisy_text[numeric] + full_diagram,OK,D,is_a,vertex
8,2,noisy_text[numeric] + full_diagram,OK,E,is_a,vertex
8,2,noisy_text[numeric] + full_diagram,OK,F,is_a,vertex
8,2,noisy_text[numeric] + full_diagram,OK,A,mapped_to,D
8,2,noisy_text[numeric] + full_diagram,OK,B,mapped_to,E
8,2,noisy_text[numeric] + full_diagram,OK,ABC,congruent_to,DEF
8,2,noisy_text[numeric] + full_diagram,OK,BC,is_a,segment
8,2,noisy_text[numeric] + full_diagram,OK,BF,is_a,segment
8,2,noisy_text[numeric] + full_diagram,OK,BC,has_measure,5.0
8,2,noisy_text[numeric] + full_diagram,OK,BF,has_measure,7.0
8,2,noisy_text[numeric] + full_diagram,OK,EC,is_a,segment
8,2,noisy_text[numeric] + full_diagram,OK,EC,has_measure,?
,,,,,,
9,2,noisy_text[numeric] + full_diagram,OK,A,is_a,point
9,2,noisy_text[numeric] + full_diagram,OK,B,is_a,point
9,2,noisy_text[numeric] + full_diagram,OK,C,is_a,point
9,2,noisy_text[numeric] + full_diagram,OK,D,is_a,point
9,2,noisy_text[numeric] + full_diagram,OK,E,is_a,point
9,2,noisy_text[numeric] + full_diagram,OK,AB,is_a,segment
9,2,noisy_text[numeric] + full_diagram,OK,AC,is_a,segment
9,2,noisy_text[numeric] + full_diagram,OK,BC,is_a,segment
9,2,noisy_text[numeric] + full_diagram,OK,AD,is_a,segment
9,2,noisy_text[numeric] + full_diagram,OK,DE,is_a,segment
9,2,noisy_text[numeric] + full_diagram,OK,∠C,is_a,angle
9,2,noisy_text[numeric] + full_diagram,OK,∠CAB,is_a,angle
9,2,noisy_text[numeric] + full_diagram,OK,triangle ABC,is_a,triangle
9,2,noisy_text[numeric] + full_diagram,OK,triangle DBE,is_a,triangle
9,2,noisy_text[numeric] + full_diagram,OK,C,is_a,right_angle
9,2,noisy_text[numeric] + full_diagram,OK,AC,has_measure,?
9,2,noisy_text[numeric] + full_diagram,OK,BC,has_measure,?
9,2,noisy_text[numeric] + full_diagram,OK,AD,has_measure,?
9,2,noisy_text[numeric] + full_diagram,OK,DE,has_measure,?
9,2,noisy_text[numeric] + full_diagram,OK,AB,has_measure,6.0
9,2,noisy_text[numeric] + full_diagram,OK,AC,is_a,"equal_to, BC"
9,2,noisy_text[numeric] + full_diagram,OK,AD,intersects,BC
9,2,noisy_text[numeric] + full_diagram,OK,AD,bisects,∠CAB
9,2,noisy_text[numeric] + full_diagram,OK,DE,perpendicular_to,AB
9,2,noisy_text[numeric] + full_diagram,OK,DE,intersects,AB
9,2,noisy_text[numeric] + full_diagram,OK,AB,connects,A
9,2,noisy_text[numeric] + full_diagram,OK,AB,connects,B
9,2,noisy_text[numeric] + full_diagram,OK,AC,connects,A
9,2,noisy_text[numeric] + full_diagram,OK,AC,connects,C
9,2,noisy_text[numeric] + full_diagram,OK,BC,connects,B
9,2,noisy_text[numeric] + full_diagram,OK,BC,connects,C
9,2,noisy_text[numeric] + full_diagram,OK,AD,connects,A
9,2,noisy_text[numeric] + full_diagram,OK,AD,connects,D
9,2,noisy_text[numeric] + full_diagram,OK,DE,connects,D
9,2,noisy_text[numeric] + full_diagram,OK,DE,connects,E
,,,,,,
10,2,noisy_text[numeric] + full_diagram,OK,A,is_a,point
10,2,noisy_text[numeric] + full_diagram,OK,B,is_a,point
10,2,noisy_text[numeric] + full_diagram,OK,C,is_a,point
10,2,noisy_text[numeric] + full_diagram,OK,A,connects,B
10,2,noisy_text[numeric] + full_diagram,OK,AB,is_a,segment
10,2,noisy_text[numeric] + full_diagram,OK,A,connects,C
10,2,noisy_text[numeric] + full_diagram,OK,AC,is_a,segment
10,2,noisy_text[numeric] + full_diagram,OK,B,connects,C
10,2,noisy_text[numeric] + full_diagram,OK,BC,is_a,segment
10,2,noisy_text[numeric] + full_diagram,OK,ABC,is_a,triangle
10,2,noisy_text[numeric] + full_diagram,OK,AB,has_measure,?
10,2,noisy_text[numeric] + full_diagram,OK,AC,has_measure,?
10,2,noisy_text[numeric] + full_diagram,OK,BC,has_measure,?
10,2,noisy_text[numeric] + full_diagram,OK,∠BAC,has_measure,36_deg
10,2,noisy_text[numeric] + full_diagram,OK,AB,is_a,perpendicular_bisector
10,2,noisy_text[numeric] + full_diagram,OK,AB,intersects,AC
10,2,noisy_text[numeric] + full_diagram,OK,AB,intersects,AB
10,2,noisy_text[numeric] + full_diagram,OK,AB,intersects,D
10,2,noisy_text[numeric] + full_diagram,OK,AB,intersects,E
10,2,noisy_text[numeric] + full_diagram,OK,D,is_a,point
10,2,noisy_text[numeric] + full_diagram,OK,E,is_a,point
10,2,noisy_text[numeric] + full_diagram,OK,∠BDE,has_measure,90_deg
,,,,,,
11,2,noisy_text[numeric] + full_diagram,OK,A,is_a,point
11,2,noisy_text[numeric] + full_diagram,OK,ABC,is_a,triangle
11,2,noisy_text[numeric] + full_diagram,OK,AED,is_a,triangle
11,2,noisy_text[numeric] + full_diagram,OK,∠C,is_a,angle
11,2,noisy_text[numeric] + full_diagram,OK,∠C,has_measure,36_deg
11,2,noisy_text[numeric] + full_diagram,OK,ABC,rotated_about,A
11,2,noisy_text[numeric] + full_diagram,OK,ABC,rotated_about,60_deg
11,2,noisy_text[numeric] + full_diagram,OK,AED,mapped_to,ABC
11,2,noisy_text[numeric] + full_diagram,OK,AD,intersects,BC
11,2,noisy_text[numeric] + full_diagram,OK,AD,intersects,F
11,2,noisy_text[numeric] + full_diagram,OK,BC,intersects,F
11,2,noisy_text[numeric] + full_diagram,OK,∠BAF,is_a,angle
11,2,noisy_text[numeric] + full_diagram,OK,∠BAF,has_measure,60_deg
11,2,noisy_text[numeric] + full_diagram,OK,B,is_a,point)
11,2,noisy_text[numeric] + full_diagram,OK,C,is_a,point)
11,2,noisy_text[numeric] + full_diagram,OK,D,is_a,point)
11,2,noisy_text[numeric] + full_diagram,OK,E,is_a,point)
11,2,noisy_text[numeric] + full_diagram,OK,F,is_a,point)
,,,,,,
14,2,noisy_text[numeric] + full_diagram,OK,A,is_a,point
14,2,noisy_text[numeric] + full_diagram,OK,B,is_a,point
14,2,noisy_text[numeric] + full_diagram,OK,C,is_a,point
14,2,noisy_text[numeric] + full_diagram,OK,O,is_a,point
14,2,noisy_text[numeric] + full_diagram,OK,O,is_a,center
14,2,noisy_text[numeric] + full_diagram,OK,ABC,is_a,triangle
14,2,noisy_text[numeric] + full_diagram,OK,OAB,is_a,angle
14,2,noisy_text[numeric] + full_diagram,OK,OAB,has_measure,35_deg
14,2,noisy_text[numeric] + full_diagram,OK,ABC,lies_on,circle
14,2,noisy_text[numeric] + full_diagram,OK,circle,center_of,O
14,2,noisy_text[numeric] + full_diagram,OK,A,connects,B
14,2,noisy_text[numeric] + full_diagram,OK,B,connects,C
14,2,noisy_text[numeric] + full_diagram,OK,C,connects,A
14,2,noisy_text[numeric] + full_diagram,OK,A,connects,O
14,2,noisy_text[numeric] + full_diagram,OK,B,connects,O
14,2,noisy_text[numeric] + full_diagram,OK,C,connects,O
,,,,,,
16,2,noisy_text[numeric] + full_diagram,OK,O,is_a,point
16,2,noisy_text[numeric] + full_diagram,OK,O,center_of,circle
16,2,noisy_text[numeric] + full_diagram,OK,AC,is_a,chord
16,2,noisy_text[numeric] + full_diagram,OK,AC,parallel_to,OB
16,2,noisy_text[numeric] + full_diagram,OK,OB,is_a,radius
16,2,noisy_text[numeric] + full_diagram,OK,angle BOC,is_a,angle
16,2,noisy_text[numeric] + full_diagram,OK,angle BOC,has_measure,50_deg
16,2,noisy_text[numeric] + full_diagram,OK,O,connects,B
16,2,noisy_text[numeric] + full_diagram,OK,O,connects,C
16,2,noisy_text[numeric] + full_diagram,OK,B,connects,C
16,2,noisy_text[numeric] + full_diagram,OK,A,connects,C
16,2,noisy_text[numeric] + full_diagram,OK,O,connects,A
16,2,noisy_text[numeric] + full_diagram,OK,A,connects,B
16,2,noisy_text[numeric] + full_diagram,OK,angle OAB,is_a,angle
,,,,,,
17,2,noisy_text[numeric] + full_diagram,OK,A,is_a,point
17,2,noisy_text[numeric] + full_diagram,OK,B,is_a,point
17,2,noisy_text[numeric] + full_diagram,OK,C,is_a,point
17,2,noisy_text[numeric] + full_diagram,OK,D,is_a,point
17,2,noisy_text[numeric] + full_diagram,OK,O,is_a,point
17,2,noisy_text[numeric] + full_diagram,OK,ABCD,is_a,parallelogram
17,2,noisy_text[numeric] + full_diagram,OK,AC,is_a,diagonal
17,2,noisy_text[numeric] + full_diagram,OK,BD,is_a,diagonal
17,2,noisy_text[numeric] + full_diagram,OK,AC,intersects,BD
17,2,noisy_text[numeric] + full_diagram,OK,AC,intersects_at,O
17,2,noisy_text[numeric] + full_diagram,OK,BD,intersects_at,O
17,2,noisy_text[numeric] + full_diagram,OK,DAC,is_a,angle
17,2,noisy_text[numeric] + full_diagram,OK,DAC,has_measure,42_deg
17,2,noisy_text[numeric] + full_diagram,OK,CBD,is_a,angle
17,2,noisy_text[numeric] + full_diagram,OK,CBD,has_measure,23_deg
17,2,noisy_text[numeric] + full_diagram,OK,COD,is_a,angle
17,2,noisy_text[numeric] + full_diagram,OK,A,connects,B
17,2,noisy_text[numeric] + full_diagram,OK,B,connects,C
17,2,noisy_text[numeric] + full_diagram,OK,C,connects,D
17,2,noisy_text[numeric] + full_diagram,OK,D,connects,A
17,2,noisy_text[numeric] + full_diagram,OK,A,connects,D
17,2,noisy_text[numeric] + full_diagram,OK,C,connects,O
17,2,noisy_text[numeric] + full_diagram,OK,O,connects,D
17,2,noisy_text[numeric] + full_diagram,OK,A,connects,C
17,2,noisy_text[numeric] + full_diagram,OK,B,connects,O
17,2,noisy_text[numeric] + full_diagram,OK,O,connects,C
17,2,noisy_text[numeric] + full_diagram,OK,B,connects,D
,,,,,,
20,2,noisy_text[numeric] + full_diagram,OK,AB,is_a,diameter
20,2,noisy_text[numeric] + full_diagram,OK,O,is_a,circle
20,2,noisy_text[numeric] + full_diagram,OK,AB,center_of,O
20,2,noisy_text[numeric] + full_diagram,OK,C,is_a,point
20,2,noisy_text[numeric] + full_diagram,OK,D,is_a,point
20,2,noisy_text[numeric] + full_diagram,OK,C,lies_on,O
20,2,noisy_text[numeric] + full_diagram,OK,D,lies_on,O
20,2,noisy_text[numeric] + full_diagram,OK,AC,is_a,segment
20,2,noisy_text[numeric] + full_diagram,OK,BC,is_a,segment
20,2,noisy_text[numeric] + full_diagram,OK,CD,is_a,segment
20,2,noisy_text[numeric] + full_diagram,OK,OD,is_a,segment
20,2,noisy_text[numeric] + full_diagram,OK,∠DOB,is_a,angle
20,2,noisy_text[numeric] + full_diagram,OK,∠DOB,has_measure,140_deg
20,2,noisy_text[numeric] + full_diagram,OK,AB,connects,"A, B"
20,2,noisy_text[numeric] + full_diagram,OK,AC,connects,"A, C"
20,2,noisy_text[numeric] + full_diagram,OK,BC,connects,"B, C"
20,2,noisy_text[numeric] + full_diagram,OK,CD,connects,"C, D"
20,2,noisy_text[numeric] + full_diagram,OK,OD,connects,"O, D"
,,,,,,
22,2,noisy_text[numeric] + full_diagram,OK,A,is_a,point
22,2,noisy_text[numeric] + full_diagram,OK,B,is_a,point
22,2,noisy_text[numeric] + full_diagram,OK,C,is_a,point
22,2,noisy_text[numeric] + full_diagram,OK,D,is_a,point
22,2,noisy_text[numeric] + full_diagram,OK,M,is_a,point
22,2,noisy_text[numeric] + full_diagram,OK,N,is_a,point
22,2,noisy_text[numeric] + full_diagram,OK,O,is_a,point
22,2,noisy_text[numeric] + full_diagram,OK,AM,is_a,segment
22,2,noisy_text[numeric] + full_diagram,OK,CN,is_a,segment
22,2,noisy_text[numeric] + full_diagram,OK,MN,is_a,segment
22,2,noisy_text[numeric] + full_diagram,OK,AC,is_a,segment
22,2,noisy_text[numeric] + full_diagram,OK,BO,is_a,segment
22,2,noisy_text[numeric] + full_diagram,OK,ABCD,is_a,diamond
22,2,noisy_text[numeric] + full_diagram,OK,M,lies_on,AB
22,2,noisy_text[numeric] + full_diagram,OK,N,lies_on,CD
22,2,noisy_text[numeric] + full_diagram,OK,MN,intersects,AC
22,2,noisy_text[numeric] + full_diagram,OK,AC,intersects,MN
22,2,noisy_text[numeric] + full_diagram,OK,MN,intersects,BO
22,2,noisy_text[numeric] + full_diagram,OK,BO,intersects,MN
22,2,noisy_text[numeric] + full_diagram,OK,AM,has_measure,CN
22,2,noisy_text[numeric] + full_diagram,OK,AM,has_measure,?
22,2,noisy_text[numeric] + full_diagram,OK,CN,has_measure,?
22,2,noisy_text[numeric] + full_diagram,OK,angle DAC,has_measure,28_deg
22,2,noisy_text[numeric] + full_diagram,OK,angle OBC,has_measure,?
,,,,,,
25,2,noisy_text[numeric] + full_diagram,OK,A,is_a,point
25,2,noisy_text[numeric] + full_diagram,OK,B,is_a,point
25,2,noisy_text[numeric] + full_diagram,OK,C,is_a,point
25,2,noisy_text[numeric] + full_diagram,OK,E,is_a,point
25,2,noisy_text[numeric] + full_diagram,OK,F,is_a,point
25,2,noisy_text[numeric] + full_diagram,OK,EF,is_a,segment
25,2,noisy_text[numeric] + full_diagram,OK,BC,is_a,segment
25,2,noisy_text[numeric] + full_diagram,OK,AC,is_a,segment
25,2,noisy_text[numeric] + full_diagram,OK,BAF,is_a,angle
25,2,noisy_text[numeric] + full_diagram,OK,EF,parallel_to,BC
25,2,noisy_text[numeric] + full_diagram,OK,AC,bisects,angle BAF
25,2,noisy_text[numeric] + full_diagram,OK,angle B,has_measure,50_deg
25,2,noisy_text[numeric] + full_diagram,OK,angle C,has_measure,?
,,,,,,
26,2,noisy_text[numeric] + full_diagram,OK,bamboo_pole,is_a,object
26,2,noisy_text[numeric] + full_diagram,OK,bamboo_pole,has_measure,3.2_m
26,2,noisy_text[numeric] + full_diagram,OK,bamboo_pole,connects,ground
26,2,noisy_text[numeric] + full_diagram,OK,flagpole,is_a,object
26,2,noisy_text[numeric] + full_diagram,OK,flagpole,has_measure,?
26,2,noisy_text[numeric] + full_diagram,OK,flagpole,connects,ground
26,2,noisy_text[numeric] + full_diagram,OK,shadow,is_a,point
26,2,noisy_text[numeric] + full_diagram,OK,shadow,lies_on,ground
26,2,noisy_text[numeric] + full_diagram,OK,bamboo_pole,intersects,shadow
26,2,noisy_text[numeric] + full_diagram,OK,flagpole,intersects,shadow
26,2,noisy_text[numeric] + full_diagram,OK,distance_between_bamboo_and_shadow,is_a,distance
26,2,noisy_text[numeric] + full_diagram,OK,distance_between_bamboo_and_shadow,has_measure,8.0_m
26,2,noisy_text[numeric] + full_diagram,OK,distance_between_flagpole_and_shadow,is_a,distance
26,2,noisy_text[numeric] + full_diagram,OK,distance_between_flagpole_and_shadow,has_measure,22.0_m
26,2,noisy_text[numeric] + full_diagram,OK,question_target,is_a,height
26,2,noisy_text[numeric] + full_diagram,OK,question_target,of,flagpole
,,,,,,
29,2,noisy_text[numeric] + full_diagram,OK,A,is_a,point
29,2,noisy_text[numeric] + full_diagram,OK,B,is_a,point
29,2,noisy_text[numeric] + full_diagram,OK,C,is_a,point
29,2,noisy_text[numeric] + full_diagram,OK,D,is_a,point
29,2,noisy_text[numeric] + full_diagram,OK,ABC,is_a,triangle
29,2,noisy_text[numeric] + full_diagram,OK,A,connects,B
29,2,noisy_text[numeric] + full_diagram,OK,A,connects,C
29,2,noisy_text[numeric] + full_diagram,OK,B,connects,C
29,2,noisy_text[numeric] + full_diagram,OK,D,lies_on,AB
29,2,noisy_text[numeric] + full_diagram,OK,D,lies_on,BC
29,2,noisy_text[numeric] + full_diagram,OK,∠BAC,is_a,angle
29,2,noisy_text[numeric] + full_diagram,OK,∠BAC,has_measure,50_deg
29,2,noisy_text[numeric] + full_diagram,OK,BD,is_a,angle_bisector
29,2,noisy_text[numeric] + full_diagram,OK,CD,is_a,angle_bisector
29,2,noisy_text[numeric] + full_diagram,OK,BD,connects,B
29,2,noisy_text[numeric] + full_diagram,OK,BD,connects,D
29,2,noisy_text[numeric] + full_diagram,OK,CD,connects,C
29,2,noisy_text[numeric] + full_diagram,OK,CD,connects,D
29,2,noisy_text[numeric] + full_diagram,OK,∠BDC,is_a,angle
29,2,noisy_text[numeric] + full_diagram,OK,∠BDC,has_measure,?
,,,,,,
30,2,noisy_text[numeric] + full_diagram,OK,O,is_a,point
30,2,noisy_text[numeric] + full_diagram,OK,A,is_a,point
30,2,noisy_text[numeric] + full_diagram,OK,B,is_a,point
30,2,noisy_text[numeric] + full_diagram,OK,C,is_a,point
30,2,noisy_text[numeric] + full_diagram,OK,OA,is_a,segment
30,2,noisy_text[numeric] + full_diagram,OK,OB,is_a,segment
30,2,noisy_text[numeric] + full_diagram,OK,OC,is_a,segment
30,2,noisy_text[numeric] + full_diagram,OK,OA,has_measure,?
30,2,noisy_text[numeric] + full_diagram,OK,OB,has_measure,?
30,2,noisy_text[numeric] + full_diagram,OK,OC,has_measure,?
30,2,noisy_text[numeric] + full_diagram,OK,OA,parallel_to,OB
30,2,noisy_text[numeric] + full_diagram,OK,OA,parallel_to,OC
30,2,noisy_text[numeric] + full_diagram,OK,OB,parallel_to,OC
30,2,noisy_text[numeric] + full_diagram,OK,AC,is_a,segment
30,2,noisy_text[numeric] + full_diagram,OK,BC,is_a,segment
30,2,noisy_text[numeric] + full_diagram,OK,∠ACB,is_a,angle
30,2,noisy_text[numeric] + full_diagram,OK,∠ACB,has_measure,30_deg
30,2,noisy_text[numeric] + full_diagram,OK,∠AOB,is_a,angle
30,2,noisy_text[numeric] + full_diagram,OK,∠AOB,has_measure,?
,,,,,,
32,2,noisy_text[numeric] + full_diagram,OK,A,is_a,point
32,2,noisy_text[numeric] + full_diagram,OK,B,is_a,point
32,2,noisy_text[numeric] + full_diagram,OK,C,is_a,point
32,2,noisy_text[numeric] + full_diagram,OK,I,is_a,point
32,2,noisy_text[numeric] + full_diagram,OK,D,is_a,point
32,2,noisy_text[numeric] + full_diagram,OK,E,is_a,point
32,2,noisy_text[numeric] + full_diagram,OK,F,is_a,point
32,2,noisy_text[numeric] + full_diagram,OK,ABC,is_a,triangle
32,2,noisy_text[numeric] + full_diagram,OK,I,center_of,circle
32,2,noisy_text[numeric] + full_diagram,OK,circle,is_a,inscribed_circle
32,2,noisy_text[numeric] + full_diagram,OK,D,lies_on,circle
32,2,noisy_text[numeric] + full_diagram,OK,E,lies_on,circle
32,2,noisy_text[numeric] + full_diagram,OK,F,lies_on,circle
32,2,noisy_text[numeric] + full_diagram,OK,D,lies_on,ABC
32,2,noisy_text[numeric] + full_diagram,OK,E,lies_on,ABC
32,2,noisy_text[numeric] + full_diagram,OK,F,lies_on,ABC
32,2,noisy_text[numeric] + full_diagram,OK,DEF,is_a,triangle
32,2,noisy_text[numeric] + full_diagram,OK,∠DEF,is_a,angle
32,2,noisy_text[numeric] + full_diagram,OK,∠DEF,has_measure,52_deg
,,,,,,
34,2,noisy_text[numeric] + full_diagram,OK,A,is_a,point
34,2,noisy_text[numeric] + full_diagram,OK,B,is_a,point
34,2,noisy_text[numeric] + full_diagram,OK,C,is_a,point
34,2,noisy_text[numeric] + full_diagram,OK,D,is_a,point
34,2,noisy_text[numeric] + full_diagram,OK,E,is_a,point
34,2,noisy_text[numeric] + full_diagram,OK,F,is_a,point
34,2,noisy_text[numeric] + full_diagram,OK,P,is_a,point
34,2,noisy_text[numeric] + full_diagram,OK,Q,is_a,point
34,2,noisy_text[numeric] + full_diagram,OK,AB,is_a,line
34,2,noisy_text[numeric] + full_diagram,OK,CD,is_a,line
34,2,noisy_text[numeric] + full_diagram,OK,EF,is_a,line
34,2,noisy_text[numeric] + full_diagram,OK,AB,parallel_to,CD
34,2,noisy_text[numeric] + full_diagram,OK,P,is_a,intersection
34,2,noisy_text[numeric] + full_diagram,OK,Q,is_a,intersection
34,2,noisy_text[numeric] + full_diagram,OK,∠BPF,is_a,angle
34,2,noisy_text[numeric] + full_diagram,OK,∠CQF,is_a,angle
34,2,noisy_text[numeric] + full_diagram,OK,∠BPF,has_measure,100_deg
,,,,,,
36,2,noisy_text[numeric] + full_diagram,OK,A,is_a,point
36,2,noisy_text[numeric] + full_diagram,OK,B,is_a,point
36,2,noisy_text[numeric] + full_diagram,OK,O,is_a,point
36,2,noisy_text[numeric] + full_diagram,OK,C,is_a,point
36,2,noisy_text[numeric] + full_diagram,OK,D,is_a,point
36,2,noisy_text[numeric] + full_diagram,OK,AB,is_a,segment
36,2,noisy_text[numeric] + full_diagram,OK,AB,is_a,diameter
36,2,noisy_text[numeric] + full_diagram,OK,AC,is_a,segment
36,2,noisy_text[numeric] + full_diagram,OK,DC,is_a,segment
36,2,noisy_text[numeric] + full_diagram,OK,DB,is_a,segment
36,2,noisy_text[numeric] + full_diagram,OK,∠BDC,is_a,angle
36,2,noisy_text[numeric] + full_diagram,OK,∠BDC,has_measure,50_deg
36,2,noisy_text[numeric] + full_diagram,OK,AB,center_of,O
36,2,noisy_text[numeric] + full_diagram,OK,C,lies_on,circle
36,2,noisy_text[numeric] + full_diagram,OK,D,intersects,AB
36,2,noisy_text[numeric] + full_diagram,OK,D,connects,C
36,2,noisy_text[numeric] + full_diagram,OK,O,is_a,circle
36,2,noisy_text[numeric] + full_diagram,OK,C,tangent_to,DC
36,2,noisy_text[numeric] + full_diagram,OK,AC,connects,C
36,2,noisy_text[numeric] + full_diagram,OK,A,connects,B
36,2,noisy_text[numeric] + full_diagram,OK,B,connects,C
36,2,noisy_text[numeric] + full_diagram,OK,C,connects,D
,,,,,,
37,2,noisy_text[numeric] + full_diagram,OK,A,is_a,point
37,2,noisy_text[numeric] + full_diagram,OK,B,is_a,point
37,2,noisy_text[numeric] + full_diagram,OK,C,is_a,point
37,2,noisy_text[numeric] + full_diagram,OK,D,is_a,point
37,2,noisy_text[numeric] + full_diagram,OK,O,is_a,point
37,2,noisy_text[numeric] + full_diagram,OK,P,is_a,point
37,2,noisy_text[numeric] + full_diagram,OK,AB,is_a,line
37,2,noisy_text[numeric] + full_diagram,OK,CD,is_a,line
37,2,noisy_text[numeric] + full_diagram,OK,AP,is_a,segment
37,2,noisy_text[numeric] + full_diagram,OK,AO,is_a,segment
37,2,noisy_text[numeric] + full_diagram,OK,OP,is_a,segment
37,2,noisy_text[numeric] + full_diagram,OK,AB,parallel_to,CD
37,2,noisy_text[numeric] + full_diagram,OK,AB,intersects,transversal
37,2,noisy_text[numeric] + full_diagram,OK,transversal,intersects,AB
37,2,noisy_text[numeric] + full_diagram,OK,transversal,intersects,CD
37,2,noisy_text[numeric] + full_diagram,OK,O,lies_on,AB
37,2,noisy_text[numeric] + full_diagram,OK,C,lies_on,CD
37,2,noisy_text[numeric] + full_diagram,OK,C,collinear_with,O
37,2,noisy_text[numeric] + full_diagram,OK,O,collinear_with,P
37,2,noisy_text[numeric] + full_diagram,OK,P,collinear_with,C
37,2,noisy_text[numeric] + full_diagram,OK,A,lies_on,AB
37,2,noisy_text[numeric] + full_diagram,OK,AO,has_measure,OP
37,2,noisy_text[numeric] + full_diagram,OK,∠OCD,has_measure,50_deg
,,,,,,
38,2,noisy_text[numeric] + full_diagram,OK,A,is_a,point
38,2,noisy_text[numeric] + full_diagram,OK,B,is_a,point
38,2,noisy_text[numeric] + full_diagram,OK,C,is_a,point
38,2,noisy_text[numeric] + full_diagram,OK,D,is_a,point
38,2,noisy_text[numeric] + full_diagram,OK,AB,is_a,segment
38,2,noisy_text[numeric] + full_diagram,OK,AC,is_a,segment
38,2,noisy_text[numeric] + full_diagram,OK,AD,is_a,segment
38,2,noisy_text[numeric] + full_diagram,OK,BC,is_a,segment
38,2,noisy_text[numeric] + full_diagram,OK,ABC,is_a,triangle
38,2,noisy_text[numeric] + full_diagram,OK,AB,has_measure,?
38,2,noisy_text[numeric] + full_diagram,OK,AC,has_measure,?
38,2,noisy_text[numeric] + full_diagram,OK,AD,is_a,line
38,2,noisy_text[numeric] + full_diagram,OK,AD,parallel_to,BC
38,2,noisy_text[numeric] + full_diagram,OK,D,lies_on,AD
38,2,noisy_text[numeric] + full_diagram,OK,∠CAD,is_a,angle
38,2,noisy_text[numeric] + full_diagram,OK,∠CAD,has_measure,70_deg
38,2,noisy_text[numeric] + full_diagram,OK,∠BAC,is_a,angle
38,2,noisy_text[numeric] + full_diagram,OK,∠BAC,has_measure,?
,,,,,,
40,2,noisy_text[numeric] + full_diagram,OK,a,is_a,line
40,2,noisy_text[numeric] + full_diagram,OK,b,is_a,line
40,2,noisy_text[numeric] + full_diagram,OK,c,is_a,line
40,2,noisy_text[numeric] + full_diagram,OK,a,parallel_to,b
40,2,noisy_text[numeric] + full_diagram,OK,a,is_a,horizontal
40,2,noisy_text[numeric] + full_diagram,OK,b,is_a,horizontal
40,2,noisy_text[numeric] + full_diagram,OK,c,intersects,a
40,2,noisy_text[numeric] + full_diagram,OK,c,intersects,b
40,2,noisy_text[numeric] + full_diagram,OK,E,is_a,point
40,2,noisy_text[numeric] + full_diagram,OK,F,is_a,point
40,2,noisy_text[numeric] + full_diagram,OK,A,is_a,point
40,2,noisy_text[numeric] + full_diagram,OK,B,is_a,point
40,2,noisy_text[numeric] + full_diagram,OK,C,is_a,point
40,2,noisy_text[numeric] + full_diagram,OK,D,is_a,point
40,2,noisy_text[numeric] + full_diagram,OK,E,lies_on,a
40,2,noisy_text[numeric] + full_diagram,OK,F,lies_on,b
40,2,noisy_text[numeric] + full_diagram,OK,A,lies_on,a
40,2,noisy_text[numeric] + full_diagram,OK,B,lies_on,b
40,2,noisy_text[numeric] + full_diagram,OK,C,lies_on,c
40,2,noisy_text[numeric] + full_diagram,OK,D,lies_on,c
40,2,noisy_text[numeric] + full_diagram,OK,E,lies_on,c
40,2,noisy_text[numeric] + full_diagram,OK,F,lies_on,c
40,2,noisy_text[numeric] + full_diagram,OK,A,connects,E
40,2,noisy_text[numeric] + full_diagram,OK,B,connects,F
40,2,noisy_text[numeric] + full_diagram,OK,AEC,is_a,angle
40,2,noisy_text[numeric] + full_diagram,OK,AEC,has_measure,50_deg
40,2,noisy_text[numeric] + full_diagram,OK,BFD,is_a,angle
,,,,,,
43,2,noisy_text[numeric] + full_diagram,OK,A,is_a,point
43,2,noisy_text[numeric] + full_diagram,OK,B,is_a,point
43,2,noisy_text[numeric] + full_diagram,OK,O,is_a,point
43,2,noisy_text[numeric] + full_diagram,OK,D,is_a,point
43,2,noisy_text[numeric] + full_diagram,OK,C,is_a,point
43,2,noisy_text[numeric] + full_diagram,OK,OAB,is_a,triangle
43,2,noisy_text[numeric] + full_diagram,OK,OA,is_a,segment
43,2,noisy_text[numeric] + full_diagram,OK,OB,is_a,segment
43,2,noisy_text[numeric] + full_diagram,OK,OD,is_a,segment
43,2,noisy_text[numeric] + full_diagram,OK,OC,is_a,segment
43,2,noisy_text[numeric] + full_diagram,OK,OA,connects,A
43,2,noisy_text[numeric] + full_diagram,OK,OA,connects,O
43,2,noisy_text[numeric] + full_diagram,OK,OB,connects,B
43,2,noisy_text[numeric] + full_diagram,OK,OB,connects,O
43,2,noisy_text[numeric] + full_diagram,OK,OD,connects,D
43,2,noisy_text[numeric] + full_diagram,OK,OD,connects,O
43,2,noisy_text[numeric] + full_diagram,OK,OC,connects,C
43,2,noisy_text[numeric] + full_diagram,OK,OC,connects,O
43,2,noisy_text[numeric] + full_diagram,OK,OAB,has_measure,30_deg
43,2,noisy_text[numeric] + full_diagram,OK,A,mapped_to,D
43,2,noisy_text[numeric] + full_diagram,OK,B,mapped_to,C
43,2,noisy_text[numeric] + full_diagram,OK,OD,is_a,"image_of, OA"
43,2,noisy_text[numeric] + full_diagram,OK,OC,is_a,"image_of, OB"
43,2,noisy_text[numeric] + full_diagram,OK,AOC,is_a,angle
43,2,noisy_text[numeric] + full_diagram,OK,AOC,has_measure,100_deg
43,2,noisy_text[numeric] + full_diagram,OK,DOB,is_a,angle
,,,,,,
44,2,noisy_text[numeric] + full_diagram,OK,A,is_a,point
44,2,noisy_text[numeric] + full_diagram,OK,B,is_a,point
44,2,noisy_text[numeric] + full_diagram,OK,A,is_a,street_lamp
44,2,noisy_text[numeric] + full_diagram,OK,B,is_a,street_lamp
,,,,,,
45,2,noisy_text[numeric] + full_diagram,OK,O,is_a,point
45,2,noisy_text[numeric] + full_diagram,OK,A,is_a,point
45,2,noisy_text[numeric] + full_diagram,OK,B,is_a,point
45,2,noisy_text[numeric] + full_diagram,OK,C,is_a,point
45,2,noisy_text[numeric] + full_diagram,OK,O,center_of,circle
45,2,noisy_text[numeric] + full_diagram,OK,A,lies_on,circle
45,2,noisy_text[numeric] + full_diagram,OK,B,lies_on,circle
45,2,noisy_text[numeric] + full_diagram,OK,C,lies_on,circle
45,2,noisy_text[numeric] + full_diagram,OK,AO,is_a,segment
45,2,noisy_text[numeric] + full_diagram,OK,BO,is_a,segment
45,2,noisy_text[numeric] + full_diagram,OK,AC,is_a,segment
45,2,noisy_text[numeric] + full_diagram,OK,BC,is_a,segment
45,2,noisy_text[numeric] + full_diagram,OK,∠ACB,is_a,angle
45,2,noisy_text[numeric] + full_diagram,OK,∠ACB,has_measure,35_deg
45,2,noisy_text[numeric] + full_diagram,OK,∠AOB,is_a,angle
,,,,,,
46,2,noisy_text[numeric] + full_diagram,OK,A,is_a,point
46,2,noisy_text[numeric] + full_diagram,OK,B,is_a,point
46,2,noisy_text[numeric] + full_diagram,OK,C,is_a,point
46,2,noisy_text[numeric] + full_diagram,OK,D,is_a,point
46,2,noisy_text[numeric] + full_diagram,OK,AB,is_a,segment
46,2,noisy_text[numeric] + full_diagram,OK,CD,is_a,segment
46,2,noisy_text[numeric] + full_diagram,OK,AB,parallel_to,CD
46,2,noisy_text[numeric] + full_diagram,OK,transversal,is_a,line
46,2,noisy_text[numeric] + full_diagram,OK,transversal,intersects,AB
46,2,noisy_text[numeric] + full_diagram,OK,transversal,intersects,CD
46,2,noisy_text[numeric] + full_diagram,OK,A,lies_on,AB
46,2,noisy_text[numeric] + full_diagram,OK,B,lies_on,AB
46,2,noisy_text[numeric] + full_diagram,OK,C,lies_on,CD
46,2,noisy_text[numeric] + full_diagram,OK,D,lies_on,CD
46,2,noisy_text[numeric] + full_diagram,OK,∠A,is_a,angle
46,2,noisy_text[numeric] + full_diagram,OK,∠A,has_measure,70_deg
46,2,noisy_text[numeric] + full_diagram,OK,∠1,is_a,angle
46,2,noisy_text[numeric] + full_diagram,OK,∠1,has_measure,?
,,,,,,
48,2,noisy_text[numeric] + full_diagram,OK,A,is_a,point
48,2,noisy_text[numeric] + full_diagram,OK,B,is_a,point
48,2,noisy_text[numeric] + full_diagram,OK,C,is_a,point
48,2,noisy_text[numeric] + full_diagram,OK,O,is_a,point
48,2,noisy_text[numeric] + full_diagram,OK,A,lies_on,circle
48,2,noisy_text[numeric] + full_diagram,OK,B,lies_on,circle
48,2,noisy_text[numeric] + full_diagram,OK,C,lies_on,circle
48,2,noisy_text[numeric] + full_diagram,OK,O,center_of,circle
48,2,noisy_text[numeric] + full_diagram,OK,BOC,is_a,angle
48,2,noisy_text[numeric] + full_diagram,OK,BOC,has_measure,100_deg
48,2,noisy_text[numeric] + full_diagram,OK,BAC,is_a,angle
48,2,noisy_text[numeric] + full_diagram,OK,BAC,has_measure,?
,,,,,,
49,2,noisy_text[numeric] + full_diagram,OK,A,is_a,point
49,2,noisy_text[numeric] + full_diagram,OK,B,is_a,point
49,2,noisy_text[numeric] + full_diagram,OK,C,is_a,point
49,2,noisy_text[numeric] + full_diagram,OK,D,is_a,point
49,2,noisy_text[numeric] + full_diagram,OK,E,is_a,point
49,2,noisy_text[numeric] + full_diagram,OK,O,is_a,point
49,2,noisy_text[numeric] + full_diagram,OK,AB,is_a,segment
49,2,noisy_text[numeric] + full_diagram,OK,AC,is_a,segment
49,2,noisy_text[numeric] + full_diagram,OK,AE,is_a,segment
49,2,noisy_text[numeric] + full_diagram,OK,AD,is_a,segment
49,2,noisy_text[numeric] + full_diagram,OK,BC,is_a,segment
49,2,noisy_text[numeric] + full_diagram,OK,CD,is_a,segment
49,2,noisy_text[numeric] + full_diagram,OK,DE,is_a,segment
49,2,noisy_text[numeric] + full_diagram,OK,∠BAC,is_a,angle
49,2,noisy_text[numeric] + full_diagram,OK,∠AED,is_a,angle
49,2,noisy_text[numeric] + full_diagram,OK,A,lies_on,circle
49,2,noisy_text[numeric] + full_diagram,OK,B,lies_on,circle
49,2,noisy_text[numeric] + full_diagram,OK,C,lies_on,circle
49,2,noisy_text[numeric] + full_diagram,OK,D,lies_on,circle
49,2,noisy_text[numeric] + full_diagram,OK,E,lies_on,circle
49,2,noisy_text[numeric] + full_diagram,OK,O,center_of,circle
49,2,noisy_text[numeric] + full_diagram,OK,AB,connects,A
49,2,noisy_text[numeric] + full_diagram,OK,AB,connects,B
49,2,noisy_text[numeric] + full_diagram,OK,AC,connects,A
49,2,noisy_text[numeric] + full_diagram,OK,AC,connects,C
49,2,noisy_text[numeric] + full_diagram,OK,AE,connects,A
49,2,noisy_text[numeric] + full_diagram,OK,AE,connects,E
49,2,noisy_text[numeric] + full_diagram,OK,AD,connects,A
49,2,noisy_text[numeric] + full_diagram,OK,AD,connects,D
49,2,noisy_text[numeric] + full_diagram,OK,BC,connects,B
49,2,noisy_text[numeric] + full_diagram,OK,BC,connects,C
49,2,noisy_text[numeric] + full_diagram,OK,CD,connects,C
49,2,noisy_text[numeric] + full_diagram,OK,CD,connects,D
49,2,noisy_text[numeric] + full_diagram,OK,DE,connects,D
49,2,noisy_text[numeric] + full_diagram,OK,DE,connects,E
49,2,noisy_text[numeric] + full_diagram,OK,∠BAC,has_measure,35_deg
49,2,noisy_text[numeric] + full_diagram,OK,∠AED,has_measure,115_deg
,,,,,,
50,2,noisy_text[numeric] + full_diagram,OK,A,is_a,point
50,2,noisy_text[numeric] + full_diagram,OK,B,is_a,point
50,2,noisy_text[numeric] + full_diagram,OK,C,is_a,point
50,2,noisy_text[numeric] + full_diagram,OK,D,is_a,point
50,2,noisy_text[numeric] + full_diagram,OK,E,is_a,point
50,2,noisy_text[numeric] + full_diagram,OK,O,is_a,point
50,2,noisy_text[numeric] + full_diagram,OK,AB,is_a,line
50,2,noisy_text[numeric] + full_diagram,OK,CD,is_a,line
50,2,noisy_text[numeric] + full_diagram,OK,EO,is_a,line
50,2,noisy_text[numeric] + full_diagram,OK,AB,intersects,CD
50,2,noisy_text[numeric] + full_diagram,OK,AB,intersects,EO
50,2,noisy_text[numeric] + full_diagram,OK,CD,intersects,EO
50,2,noisy_text[numeric] + full_diagram,OK,O,is_a,"intersection_of, AB"
50,2,noisy_text[numeric] + full_diagram,OK,O,is_a,"intersection_of, CD"
50,2,noisy_text[numeric] + full_diagram,OK,O,is_a,"intersection_of, EO"
50,2,noisy_text[numeric] + full_diagram,OK,EO,perpendicular_to,AB
50,2,noisy_text[numeric] + full_diagram,OK,BOD,is_a,angle
50,2,noisy_text[numeric] + full_diagram,OK,BOD,has_measure,50_deg
50,2,noisy_text[numeric] + full_diagram,OK,COE,is_a,angle
50,2,noisy_text[numeric] + full_diagram,OK,COE,is_a,query_target
,,,,,,
53,2,noisy_text[numeric] + full_diagram,OK,a,is_a,line
53,2,noisy_text[numeric] + full_diagram,OK,c,is_a,point
53,2,noisy_text[numeric] + full_diagram,OK,55_deg,is_a,angle
53,2,noisy_text[numeric] + full_diagram,OK,1,is_a,angle
53,2,noisy_text[numeric] + full_diagram,OK,b,is_a,line
53,2,noisy_text[numeric] + full_diagram,OK,2,is_a,angle
53,2,noisy_text[numeric] + full_diagram,OK,AB,is_a,line
53,2,noisy_text[numeric] + full_diagram,OK,CD,is_a,line
53,2,noisy_text[numeric] + full_diagram,OK,E,is_a,point
53,2,noisy_text[numeric] + full_diagram,OK,F,is_a,point
53,2,noisy_text[numeric] + full_diagram,OK,C,is_a,point
53,2,noisy_text[numeric] + full_diagram,OK,D,is_a,point
53,2,noisy_text[numeric] + full_diagram,OK,AEC,is_a,angle
53,2,noisy_text[numeric] + full_diagram,OK,AEC,has_measure,55_deg
53,2,noisy_text[numeric] + full_diagram,OK,BFD,is_a,angle
53,2,noisy_text[numeric] + full_diagram,OK,B,is_a,point
53,2,noisy_text[numeric] + full_diagram,OK,E,lies_on,AB
53,2,noisy_text[numeric] + full_diagram,OK,F,lies_on,CD
53,2,noisy_text[numeric] + full_diagram,OK,C,lies_on,transversal
53,2,noisy_text[numeric] + full_diagram,OK,D,lies_on,transversal
53,2,noisy_text[numeric] + full_diagram,OK,transversal,intersects,AB
53,2,noisy_text[numeric] + full_diagram,OK,transversal,intersects,CD
,,,,,,
55,2,noisy_text[numeric] + full_diagram,OK,A,is_a,point
55,2,noisy_text[numeric] + full_diagram,OK,B,is_a,point)
55,2,noisy_text[numeric] + full_diagram,OK,C,is_a,point)
55,2,noisy_text[numeric] + full_diagram,OK,D,is_a,point)
55,2,noisy_text[numeric] + full_diagram,OK,O,is_a,point)
55,2,noisy_text[numeric] + full_diagram,OK,M,is_a,point)
55,2,noisy_text[numeric] + full_diagram,OK,N,is_a,point)
55,2,noisy_text[numeric] + full_diagram,OK,AB,is_a,line)
55,2,noisy_text[numeric] + full_diagram,OK,CD,is_a,line)
55,2,noisy_text[numeric] + full_diagram,OK,OM,is_a,line)
55,2,noisy_text[numeric] + full_diagram,OK,ON,is_a,line)
55,2,noisy_text[numeric] + full_diagram,OK,AB,intersects,CD)
55,2,noisy_text[numeric] + full_diagram,OK,AB,intersects,O)
55,2,noisy_text[numeric] + full_diagram,OK,CD,intersects,O)
55,2,noisy_text[numeric] + full_diagram,OK,OM,bisects,AOC)
55,2,noisy_text[numeric] + full_diagram,OK,ON,perpendicular_to,OM)
55,2,noisy_text[numeric] + full_diagram,OK,AOC,has_measure,70_deg)
,,,,,,
56,2,noisy_text[numeric] + full_diagram,OK,O,is_a,point
56,2,noisy_text[numeric] + full_diagram,OK,CD,is_a,segment
56,2,noisy_text[numeric] + full_diagram,OK,CD,center_of,circle
56,2,noisy_text[numeric] + full_diagram,OK,CD,diameter_of,circle
56,2,noisy_text[numeric] + full_diagram,OK,C,is_a,point
56,2,noisy_text[numeric] + full_diagram,OK,D,is_a,point
56,2,noisy_text[numeric] + full_diagram,OK,EF,is_a,segment
56,2,noisy_text[numeric] + full_diagram,OK,E,is_a,point
56,2,noisy_text[numeric] + full_diagram,OK,F,is_a,point
56,2,noisy_text[numeric] + full_diagram,OK,G,is_a,point
56,2,noisy_text[numeric] + full_diagram,OK,EF,intersects,CD
56,2,noisy_text[numeric] + full_diagram,OK,G,is_a,midpoint
56,2,noisy_text[numeric] + full_diagram,OK,G,lies_on,EF
56,2,noisy_text[numeric] + full_diagram,OK,C,lies_on,circle
56,2,noisy_text[numeric] + full_diagram,OK,E,lies_on,circle
56,2,noisy_text[numeric] + full_diagram,OK,F,lies_on,circle
56,2,noisy_text[numeric] + full_diagram,OK,∠DCF,is_a,angle
56,2,noisy_text[numeric] + full_diagram,OK,∠DCF,has_measure,20_deg
56,2,noisy_text[numeric] + full_diagram,OK,∠EOD,is_a,angle
,,,,,,
57,2,noisy_text[numeric] + full_diagram,OK,A,is_a,point
57,2,noisy_text[numeric] + full_diagram,OK,B,is_a,point
57,2,noisy_text[numeric] + full_diagram,OK,AB,is_a,segment
57,2,noisy_text[numeric] + full_diagram,OK,AB,has_measure,?
57,2,noisy_text[numeric] + full_diagram,OK,CD,is_a,segment
57,2,noisy_text[numeric] + full_diagram,OK,CD,has_measure,?
57,2,noisy_text[numeric] + full_diagram,OK,A,lies_on,upper_line
57,2,noisy_text[numeric] + full_diagram,OK,B,lies_on,upper_line
57,2,noisy_text[numeric] + full_diagram,OK,C,is_a,point
57,2,noisy_text[numeric] + full_diagram,OK,D,is_a,point
57,2,noisy_text[numeric] + full_diagram,OK,C,lies_on,lower_line
57,2,noisy_text[numeric] + full_diagram,OK,D,lies_on,lower_line
57,2,noisy_text[numeric] + full_diagram,OK,AB,parallel_to,CD
57,2,noisy_text[numeric] + full_diagram,OK,AD,is_a,segment
57,2,noisy_text[numeric] + full_diagram,OK,BC,is_a,segment
57,2,noisy_text[numeric] + full_diagram,OK,AD,intersects,BC
57,2,noisy_text[numeric] + full_diagram,OK,E,is_a,point
57,2,noisy_text[numeric] + full_diagram,OK,AD,intersects,"BC, at, E"
57,2,noisy_text[numeric] + full_diagram,OK,∠ABC,is_a,angle
57,2,noisy_text[numeric] + full_diagram,OK,∠ABC,has_measure,20_deg
57,2,noisy_text[numeric] + full_diagram,OK,∠DCB,is_a,angle
57,2,noisy_text[numeric] + full_diagram,OK,∠DCB,has_measure,?
,,,,,,
58,2,noisy_text[numeric] + full_diagram,OK,A,is_a,point
58,2,noisy_text[numeric] + full_diagram,OK,A,E,"B, collinear_with"
58,2,noisy_text[numeric] + full_diagram,OK,B,is_a,point)
58,2,noisy_text[numeric] + full_diagram,OK,C,is_a,point)
58,2,noisy_text[numeric] + full_diagram,OK,D,is_a,point)
58,2,noisy_text[numeric] + full_diagram,OK,E,is_a,point)
58,2,noisy_text[numeric] + full_diagram,OK,AB,is_a,segment)
58,2,noisy_text[numeric] + full_diagram,OK,CD,is_a,segment)
58,2,noisy_text[numeric] + full_diagram,OK,EC,is_a,segment)
58,2,noisy_text[numeric] + full_diagram,OK,ED,is_a,segment)
58,2,noisy_text[numeric] + full_diagram,OK,AEC,is_a,angle)
58,2,noisy_text[numeric] + full_diagram,OK,CED,is_a,angle)
58,2,noisy_text[numeric] + full_diagram,OK,CDE,is_a,angle)
58,2,noisy_text[numeric] + full_diagram,OK,AB,parallel_to,CD)
58,2,noisy_text[numeric] + full_diagram,OK,E,lies_on,AB)
58,2,noisy_text[numeric] + full_diagram,OK,C,lies_on,CD)
58,2,noisy_text[numeric] + full_diagram,OK,D,lies_on,CD)
58,2,noisy_text[numeric] + full_diagram,OK,AEC,has_measure,35_deg)
58,2,noisy_text[numeric] + full_diagram,OK,CED,has_measure,90_deg)
,,,,,,
59,2,noisy_text[numeric] + full_diagram,OK,A,is_a,point
59,2,noisy_text[numeric] + full_diagram,OK,B,is_a,point
59,2,noisy_text[numeric] + full_diagram,OK,C,is_a,point
59,2,noisy_text[numeric] + full_diagram,OK,D,is_a,point
59,2,noisy_text[numeric] + full_diagram,OK,AB,is_a,line
59,2,noisy_text[numeric] + full_diagram,OK,CD,is_a,line
59,2,noisy_text[numeric] + full_diagram,OK,AC,is_a,segment
59,2,noisy_text[numeric] + full_diagram,OK,AD,is_a,segment
59,2,noisy_text[numeric] + full_diagram,OK,BAC,is_a,angle
59,2,noisy_text[numeric] + full_diagram,OK,ACD,is_a,angle
59,2,noisy_text[numeric] + full_diagram,OK,CDA,is_a,angle
59,2,noisy_text[numeric] + full_diagram,OK,AB,parallel_to,CD
59,2,noisy_text[numeric] + full_diagram,OK,A,lies_on,AB
59,2,noisy_text[numeric] + full_diagram,OK,B,lies_on,AB
59,2,noisy_text[numeric] + full_diagram,OK,C,lies_on,CD
59,2,noisy_text[numeric] + full_diagram,OK,D,lies_on,CD
59,2,noisy_text[numeric] + full_diagram,OK,AD,bisects,BAC
59,2,noisy_text[numeric] + full_diagram,OK,ACD,has_measure,80_deg
,,,,,,
60,2,noisy_text[numeric] + full_diagram,OK,A,is_a,point
60,2,noisy_text[numeric] + full_diagram,OK,B,is_a,point
60,2,noisy_text[numeric] + full_diagram,OK,C,is_a,point
60,2,noisy_text[numeric] + full_diagram,OK,D,is_a,point
60,2,noisy_text[numeric] + full_diagram,OK,AB,is_a,segment
60,2,noisy_text[numeric] + full_diagram,OK,CD,is_a,segment
60,2,noisy_text[numeric] + full_diagram,OK,AB,parallel_to,CD
60,2,noisy_text[numeric] + full_diagram,OK,∠1,is_a,angle
60,2,noisy_text[numeric] + full_diagram,OK,∠2,is_a,angle
60,2,noisy_text[numeric] + full_diagram,OK,∠2,has_measure,135_deg
60,2,noisy_text[numeric] + full_diagram,OK,AB,intersects,CD
60,2,noisy_text[numeric] + full_diagram,OK,AB,connects,A
60,2,noisy_text[numeric] + full_diagram,OK,AB,connects,B
60,2,noisy_text[numeric] + full_diagram,OK,CD,connects,C
60,2,noisy_text[numeric] + full_diagram,OK,CD,connects,D
,,,,,,
64,2,noisy_text[numeric] + full_diagram,OK,O,is_a,point
64,2,noisy_text[numeric] + full_diagram,OK,O,center_of,circle
64,2,noisy_text[numeric] + full_diagram,OK,AB,is_a,segment
64,2,noisy_text[numeric] + full_diagram,OK,A,is_a,point
64,2,noisy_text[numeric] + full_diagram,OK,B,is_a,point
64,2,noisy_text[numeric] + full_diagram,OK,A,lies_on,circle
64,2,noisy_text[numeric] + full_diagram,OK,B,lies_on,circle
64,2,noisy_text[numeric] + full_diagram,OK,O,connects,A
64,2,noisy_text[numeric] + full_diagram,OK,O,connects,B
64,2,noisy_text[numeric] + full_diagram,OK,AB,has_measure,160_units
64,2,noisy_text[numeric] + full_diagram,OK,circle,diameter_of,AB
64,2,noisy_text[numeric] + full_diagram,OK,AB,is_a,chord
64,2,noisy_text[numeric] + full_diagram,OK,cylindrical_oil_tank,is_a,cylinder
64,2,noisy_text[numeric] + full_diagram,OK,cylindrical_oil_tank,diameter_of,200_units
64,2,noisy_text[numeric] + full_diagram,OK,oil_surface,is_a,surface
64,2,noisy_text[numeric] + full_diagram,OK,oil_surface,contains,oil
64,2,noisy_text[numeric] + full_diagram,OK,AB,lies_on,oil_surface
64,2,noisy_text[numeric] + full_diagram,OK,depth,is_a,measure
,,,,,,
72,2,noisy_text[numeric] + full_diagram,OK,A,is_a,point
72,2,noisy_text[numeric] + full_diagram,OK,B,is_a,point
72,2,noisy_text[numeric] + full_diagram,OK,C,is_a,point
72,2,noisy_text[numeric] + full_diagram,OK,D,is_a,point
72,2,noisy_text[numeric] + full_diagram,OK,O,is_a,point
72,2,noisy_text[numeric] + full_diagram,OK,E,is_a,point
72,2,noisy_text[numeric] + full_diagram,OK,AB,is_a,segment
72,2,noisy_text[numeric] + full_diagram,OK,BC,is_a,segment
72,2,noisy_text[numeric] + full_diagram,OK,CD,is_a,segment
72,2,noisy_text[numeric] + full_diagram,OK,DA,is_a,segment
72,2,noisy_text[numeric] + full_diagram,OK,AC,is_a,segment
72,2,noisy_text[numeric] + full_diagram,OK,BD,is_a,segment
72,2,noisy_text[numeric] + full_diagram,OK,ABCD,is_a,parallelogram
72,2,noisy_text[numeric] + full_diagram,OK,AB + BC + CD + DA,has_measure,16
72,2,noisy_text[numeric] + full_diagram,OK,AC,intersects,BD
72,2,noisy_text[numeric] + full_diagram,OK,O,lies_on,AC
72,2,noisy_text[numeric] + full_diagram,OK,O,lies_on,BD
72,2,noisy_text[numeric] + full_diagram,OK,E,lies_on,AD
72,2,noisy_text[numeric] + full_diagram,OK,O,connects,E
72,2,noisy_text[numeric] + full_diagram,OK,AC,perpendicular_to,OE
72,2,noisy_text[numeric] + full_diagram,OK,Perimeter of DCE,is_a,query_target
,,,,,,
73,2,noisy_text[numeric] + full_diagram,OK,A,is_a,point
73,2,noisy_text[numeric] + full_diagram,OK,B,is_a,point
73,2,noisy_text[numeric] + full_diagram,OK,C,is_a,point
73,2,noisy_text[numeric] + full_diagram,OK,O,is_a,point
73,2,noisy_text[numeric] + full_diagram,OK,ABC,is_a,triangle
73,2,noisy_text[numeric] + full_diagram,OK,AB,is_a,segment
73,2,noisy_text[numeric] + full_diagram,OK,BC,is_a,segment
73,2,noisy_text[numeric] + full_diagram,OK,CA,is_a,segment
73,2,noisy_text[numeric] + full_diagram,OK,AO,is_a,segment
73,2,noisy_text[numeric] + full_diagram,OK,BO,is_a,segment
73,2,noisy_text[numeric] + full_diagram,OK,CO,is_a,segment
73,2,noisy_text[numeric] + full_diagram,OK,A,lies_on,circle
73,2,noisy_text[numeric] + full_diagram,OK,B,lies_on,circle
73,2,noisy_text[numeric] + full_diagram,OK,C,lies_on,circle
73,2,noisy_text[numeric] + full_diagram,OK,O,center_of,circle
73,2,noisy_text[numeric] + full_diagram,OK,ABC,inscribed_in,circle
73,2,noisy_text[numeric] + full_diagram,OK,AB,connects,A
73,2,noisy_text[numeric] + full_diagram,OK,AB,connects,B
73,2,noisy_text[numeric] + full_diagram,OK,BC,connects,B
73,2,noisy_text[numeric] + full_diagram,OK,BC,connects,C
73,2,noisy_text[numeric] + full_diagram,OK,CA,connects,C
73,2,noisy_text[numeric] + full_diagram,OK,CA,connects,A
73,2,noisy_text[numeric] + full_diagram,OK,AO,connects,A
73,2,noisy_text[numeric] + full_diagram,OK,AO,connects,O
73,2,noisy_text[numeric] + full_diagram,OK,BO,connects,B
73,2,noisy_text[numeric] + full_diagram,OK,BO,connects,O
73,2,noisy_text[numeric] + full_diagram,OK,CO,connects,C
73,2,noisy_text[numeric] + full_diagram,OK,CO,connects,O
73,2,noisy_text[numeric] + full_diagram,OK,∠ABC,has_measure,70_deg
,,,,,,
78,2,noisy_text[numeric] + full_diagram,OK,A,is_a,point
78,2,noisy_text[numeric] + full_diagram,OK,B,is_a,point
78,2,noisy_text[numeric] + full_diagram,OK,AB,is_a,segment
78,2,noisy_text[numeric] + full_diagram,OK,AB,is_a,line
78,2,noisy_text[numeric] + full_diagram,OK,CD,is_a,segment
78,2,noisy_text[numeric] + full_diagram,OK,CD,is_a,line
78,2,noisy_text[numeric] + full_diagram,OK,AB,parallel_to,CD
78,2,noisy_text[numeric] + full_diagram,OK,C,is_a,point
78,2,noisy_text[numeric] + full_diagram,OK,E,is_a,point
78,2,noisy_text[numeric] + full_diagram,OK,D,is_a,point
78,2,noisy_text[numeric] + full_diagram,OK,AC,is_a,segment
78,2,noisy_text[numeric] + full_diagram,OK,AE,is_a,segment
78,2,noisy_text[numeric] + full_diagram,OK,ACE,is_a,triangle
78,2,noisy_text[numeric] + full_diagram,OK,∠ACE,has_measure,70_deg
78,2,noisy_text[numeric] + full_diagram,OK,AE,bisects,∠CAB
78,2,noisy_text[numeric] + full_diagram,OK,AE,intersects,CD
78,2,noisy_text[numeric] + full_diagram,OK,AE,intersects,"CD, at, E"
,,,,,,
79,2,noisy_text[numeric] + full_diagram,OK,AB,is_a,segment
79,2,noisy_text[numeric] + full_diagram,OK,BC,is_a,segment
79,2,noisy_text[numeric] + full_diagram,OK,CD,is_a,segment
79,2,noisy_text[numeric] + full_diagram,OK,DA,is_a,segment
79,2,noisy_text[numeric] + full_diagram,OK,AB + BC + CD + DA,has_measure,32
79,2,noisy_text[numeric] + full_diagram,OK,ABCD,is_a,parallelogram
79,2,noisy_text[numeric] + full_diagram,OK,AC,is_a,diagonal
79,2,noisy_text[numeric] + full_diagram,OK,BD,is_a,diagonal
79,2,noisy_text[numeric] + full_diagram,OK,AC,intersects,BD
79,2,noisy_text[numeric] + full_diagram,OK,O,is_a,point
79,2,noisy_text[numeric] + full_diagram,OK,O,lies_on,AC
79,2,noisy_text[numeric] + full_diagram,OK,O,lies_on,BD
79,2,noisy_text[numeric] + full_diagram,OK,AD,is_a,side
79,2,noisy_text[numeric] + full_diagram,OK,E,is_a,point
79,2,noisy_text[numeric] + full_diagram,OK,E,lies_on,AD
79,2,noisy_text[numeric] + full_diagram,OK,CE,is_a,segment
79,2,noisy_text[numeric] + full_diagram,OK,ED,is_a,segment
79,2,noisy_text[numeric] + full_diagram,OK,CE + ED,has_measure,?
79,2,noisy_text[numeric] + full_diagram,OK,DCE,is_a,triangle
79,2,noisy_text[numeric] + full_diagram,OK,perimeter of triangle DCE,is_a,query_target
,,,,,,
81,2,noisy_text[numeric] + full_diagram,OK,A,is_a,point
81,2,noisy_text[numeric] + full_diagram,OK,B,is_a,point
81,2,noisy_text[numeric] + full_diagram,OK,C,is_a,point
81,2,noisy_text[numeric] + full_diagram,OK,D,is_a,point
81,2,noisy_text[numeric] + full_diagram,OK,E,is_a,point
81,2,noisy_text[numeric] + full_diagram,OK,ABC,is_a,triangle
81,2,noisy_text[numeric] + full_diagram,OK,∠BAC,is_a,angle
81,2,noisy_text[numeric] + full_diagram,OK,∠ABC,is_a,angle
81,2,noisy_text[numeric] + full_diagram,OK,∠BAC,has_measure,90_deg
81,2,noisy_text[numeric] + full_diagram,OK,∠ABC,has_measure,50_deg
81,2,noisy_text[numeric] + full_diagram,OK,D,lies_on,BC
81,2,noisy_text[numeric] + full_diagram,OK,AD,is_a,segment
81,2,noisy_text[numeric] + full_diagram,OK,AD,perpendicular_to,BC
81,2,noisy_text[numeric] + full_diagram,OK,AE,is_a,segment
81,2,noisy_text[numeric] + full_diagram,OK,AE,bisects,∠DAC
81,2,noisy_text[numeric] + full_diagram,OK,BC,is_a,segment
,,,,,,
84,2,noisy_text[numeric] + full_diagram,OK,A,is_a,point
84,2,noisy_text[numeric] + full_diagram,OK,B,is_a,point
84,2,noisy_text[numeric] + full_diagram,OK,C,is_a,point
84,2,noisy_text[numeric] + full_diagram,OK,O,is_a,point
84,2,noisy_text[numeric] + full_diagram,OK,ABC,is_a,triangle
84,2,noisy_text[numeric] + full_diagram,OK,O,is_a,circle
84,2,noisy_text[numeric] + full_diagram,OK,AO,is_a,segment
84,2,noisy_text[numeric] + full_diagram,OK,BO,is_a,segment
84,2,noisy_text[numeric] + full_diagram,OK,CO,is_a,segment
84,2,noisy_text[numeric] + full_diagram,OK,ABC,lies_on,O
84,2,noisy_text[numeric] + full_diagram,OK,O,center_of,O
84,2,noisy_text[numeric] + full_diagram,OK,AO,has_measure,1.0
84,2,noisy_text[numeric] + full_diagram,OK,BO,has_measure,1.0
84,2,noisy_text[numeric] + full_diagram,OK,CO,has_measure,1.0
84,2,noisy_text[numeric] + full_diagram,OK,∠BAC,is_a,angle
84,2,noisy_text[numeric] + full_diagram,OK,∠BAC,has_measure,60_deg
84,2,noisy_text[numeric] + full_diagram,OK,BC,is_a,segment
84,2,noisy_text[numeric] + full_diagram,OK,BC,has_measure,?
,,,,,,
86,2,noisy_text[numeric] + full_diagram,OK,A,is_a,point
86,2,noisy_text[numeric] + full_diagram,OK,B,is_a,point
86,2,noisy_text[numeric] + full_diagram,OK,C,is_a,point
86,2,noisy_text[numeric] + full_diagram,OK,O,is_a,point
86,2,noisy_text[numeric] + full_diagram,OK,ABC,is_a,triangle
86,2,noisy_text[numeric] + full_diagram,OK,O,is_a,circle
86,2,noisy_text[numeric] + full_diagram,OK,A,lies_on,O
86,2,noisy_text[numeric] + full_diagram,OK,B,lies_on,O
86,2,noisy_text[numeric] + full_diagram,OK,C,lies_on,O
86,2,noisy_text[numeric] + full_diagram,OK,AB,is_a,segment
86,2,noisy_text[numeric] + full_diagram,OK,BC,is_a,segment
86,2,noisy_text[numeric] + full_diagram,OK,CA,is_a,segment
86,2,noisy_text[numeric] + full_diagram,OK,O,center_of,O
86,2,noisy_text[numeric] + full_diagram,OK,OB,is_a,segment
86,2,noisy_text[numeric] + full_diagram,OK,OC,is_a,segment
86,2,noisy_text[numeric] + full_diagram,OK,O,connects,B
86,2,noisy_text[numeric] + full_diagram,OK,O,connects,C
86,2,noisy_text[numeric] + full_diagram,OK,OB,has_measure,2_units
86,2,noisy_text[numeric] + full_diagram,OK,OC,has_measure,2_units
86,2,noisy_text[numeric] + full_diagram,OK,∠BAC,is_a,angle
86,2,noisy_text[numeric] + full_diagram,OK,∠BAC,has_measure,60_deg
,,,,,,
88,2,noisy_text[numeric] + full_diagram,OK,A,is_a,point
88,2,noisy_text[numeric] + full_diagram,OK,B,is_a,point
88,2,noisy_text[numeric] + full_diagram,OK,C,is_a,point
88,2,noisy_text[numeric] + full_diagram,OK,O,is_a,point
88,2,noisy_text[numeric] + full_diagram,OK,AB,is_a,segment
88,2,noisy_text[numeric] + full_diagram,OK,AC,is_a,segment
88,2,noisy_text[numeric] + full_diagram,OK,BC,is_a,segment
88,2,noisy_text[numeric] + full_diagram,OK,AO,is_a,segment
88,2,noisy_text[numeric] + full_diagram,OK,BO,is_a,segment
88,2,noisy_text[numeric] + full_diagram,OK,CO,is_a,segment
88,2,noisy_text[numeric] + full_diagram,OK,A,lies_on,circle_O
88,2,noisy_text[numeric] + full_diagram,OK,B,lies_on,circle_O
88,2,noisy_text[numeric] + full_diagram,OK,C,lies_on,circle_O
88,2,noisy_text[numeric] + full_diagram,OK,O,center_of,circle_O
88,2,noisy_text[numeric] + full_diagram,OK,ABO,is_a,angle
88,2,noisy_text[numeric] + full_diagram,OK,ACO,is_a,angle
88,2,noisy_text[numeric] + full_diagram,OK,BOC,is_a,angle
88,2,noisy_text[numeric] + full_diagram,OK,ABO,has_measure,22_deg
88,2,noisy_text[numeric] + full_diagram,OK,ACO,has_measure,42_deg
88,2,noisy_text[numeric] + full_diagram,OK,BOC,has_measure,?
,,,,,,
95,2,noisy_text[numeric] + full_diagram,OK,A,is_a,point
95,2,noisy_text[numeric] + full_diagram,OK,B,is_a,point
95,2,noisy_text[numeric] + full_diagram,OK,C,is_a,point
95,2,noisy_text[numeric] + full_diagram,OK,O,is_a,point
95,2,noisy_text[numeric] + full_diagram,OK,D,is_a,point
95,2,noisy_text[numeric] + full_diagram,OK,OA,is_a,radius
95,2,noisy_text[numeric] + full_diagram,OK,BC,is_a,chord
95,2,noisy_text[numeric] + full_diagram,OK,AB,is_a,segment
95,2,noisy_text[numeric] + full_diagram,OK,OC,is_a,segment
95,2,noisy_text[numeric] + full_diagram,OK,∠A,is_a,angle
95,2,noisy_text[numeric] + full_diagram,OK,∠ADC,is_a,angle
95,2,noisy_text[numeric] + full_diagram,OK,O,center_of,circle
95,2,noisy_text[numeric] + full_diagram,OK,OA,radius_of,circle
95,2,noisy_text[numeric] + full_diagram,OK,BC,intersects,OA
95,2,noisy_text[numeric] + full_diagram,OK,AB,connects,B
95,2,noisy_text[numeric] + full_diagram,OK,OC,connects,C
95,2,noisy_text[numeric] + full_diagram,OK,∠A,has_measure,60_deg
95,2,noisy_text[numeric] + full_diagram,OK,∠ADC,has_measure,90_deg
,,,,,,
99,2,noisy_text[numeric] + full_diagram,OK,O,is_a,point
99,2,noisy_text[numeric] + full_diagram,OK,O,center_of,circle
99,2,noisy_text[numeric] + full_diagram,OK,AB,is_a,diameter
99,2,noisy_text[numeric] + full_diagram,OK,AB,connects,A
99,2,noisy_text[numeric] + full_diagram,OK,AB,connects,B
99,2,noisy_text[numeric] + full_diagram,OK,AB,lies_on,circle
99,2,noisy_text[numeric] + full_diagram,OK,CD,is_a,chord
99,2,noisy_text[numeric] + full_diagram,OK,CD,connects,C
99,2,noisy_text[numeric] + full_diagram,OK,CD,connects,D
99,2,noisy_text[numeric] + full_diagram,OK,angle_ADC,has_measure,26_deg
99,2,noisy_text[numeric] + full_diagram,OK,angle_CAB,is_a,angle
99,2,noisy_text[numeric] + full_diagram,OK,angle_CAB,has_measure,?
99,2,noisy_text[numeric] + full_diagram,OK,A,is_a,point
99,2,noisy_text[numeric] + full_diagram,OK,B,is_a,point
99,2,noisy_text[numeric] + full_diagram,OK,C,is_a,point
99,2,noisy_text[numeric] + full_diagram,OK,D,is_a,point
99,2,noisy_text[numeric] + full_diagram,OK,angle_ADC,is_a,angle
99,2,noisy_text[numeric] + full_diagram,OK,angle_ADC,connects,A
99,2,noisy_text[numeric] + full_diagram,OK,angle_ADC,connects,D
99,2,noisy_text[numeric] + full_diagram,OK,angle_ADC,connects,C
99,2,noisy_text[numeric] + full_diagram,OK,angle_CAB,connects,C
99,2,noisy_text[numeric] + full_diagram,OK,angle_CAB,connects,A
99,2,noisy_text[numeric] + full_diagram,OK,angle_CAB,connects,B
,,,,,,
108,2,noisy_text[numeric] + full_diagram,OK,O,is_a,point
108,2,noisy_text[numeric] + full_diagram,OK,C,is_a,point
108,2,noisy_text[numeric] + full_diagram,OK,D,is_a,point
108,2,noisy_text[numeric] + full_diagram,OK,A,is_a,point
108,2,noisy_text[numeric] + full_diagram,OK,B,is_a,point
108,2,noisy_text[numeric] + full_diagram,OK,OC,is_a,segment
108,2,noisy_text[numeric] + full_diagram,OK,CD,is_a,segment
108,2,noisy_text[numeric] + full_diagram,OK,AB,is_a,segment
108,2,noisy_text[numeric] + full_diagram,OK,O,center_of,arch
108,2,noisy_text[numeric] + full_diagram,OK,OC,radius_of,arch
108,2,noisy_text[numeric] + full_diagram,OK,CD,has_measure,8.0
108,2,noisy_text[numeric] + full_diagram,OK,OC,has_measure,5.0
,,,,,,
109,2,noisy_text[numeric] + full_diagram,OK,α,is_a,angle
109,2,noisy_text[numeric] + full_diagram,OK,α,has_measure,130_deg
109,2,noisy_text[numeric] + full_diagram,OK,A,is_a,point
109,2,noisy_text[numeric] + full_diagram,OK,B,is_a,point
109,2,noisy_text[numeric] + full_diagram,OK,C,is_a,point
109,2,noisy_text[numeric] + full_diagram,OK,D,is_a,point
109,2,noisy_text[numeric] + full_diagram,OK,E,is_a,point
109,2,noisy_text[numeric] + full_diagram,OK,AB,is_a,segment
109,2,noisy_text[numeric] + full_diagram,OK,AC,is_a,segment
109,2,noisy_text[numeric] + full_diagram,OK,DE,is_a,segment
109,2,noisy_text[numeric] + full_diagram,OK,EC,is_a,segment
109,2,noisy_text[numeric] + full_diagram,OK,Triangle,is_a,ABC
109,2,noisy_text[numeric] + full_diagram,OK,∠BAC,is_a,angle
109,2,noisy_text[numeric] + full_diagram,OK,∠BAC,has_measure,90_deg
109,2,noisy_text[numeric] + full_diagram,OK,D,lies_on,AB
109,2,noisy_text[numeric] + full_diagram,OK,E,lies_on,AC
109,2,noisy_text[numeric] + full_diagram,OK,DE,is_a,horizontal
109,2,noisy_text[numeric] + full_diagram,OK,α,connects,AB
109,2,noisy_text[numeric] + full_diagram,OK,α,connects,DE
109,2,noisy_text[numeric] + full_diagram,OK,β,is_a,angle
109,2,noisy_text[numeric] + full_diagram,OK,β,connects,DE
109,2,noisy_text[numeric] + full_diagram,OK,β,connects,EC
109,2,noisy_text[numeric] + full_diagram,OK,β,is_a,?
,,,,,,
112,2,noisy_text[numeric] + full_diagram,OK,A,is_a,point
112,2,noisy_text[numeric] + full_diagram,OK,O,is_a,point
112,2,noisy_text[numeric] + full_diagram,OK,B,is_a,point
112,2,noisy_text[numeric] + full_diagram,OK,AO,is_a,segment
112,2,noisy_text[numeric] + full_diagram,OK,OB,is_a,segment
112,2,noisy_text[numeric] + full_diagram,OK,AB,is_a,segment
112,2,noisy_text[numeric] + full_diagram,OK,AO,connects,A
112,2,noisy_text[numeric] + full_diagram,OK,AO,connects,O
112,2,noisy_text[numeric] + full_diagram,OK,OB,connects,O
112,2,noisy_text[numeric] + full_diagram,OK,OB,connects,B
112,2,noisy_text[numeric] + full_diagram,OK,AB,connects,A
112,2,noisy_text[numeric] + full_diagram,OK,AB,connects,B
112,2,noisy_text[numeric] + full_diagram,OK,AO,is_a,height
112,2,noisy_text[numeric] + full_diagram,OK,OB,is_a,radius
112,2,noisy_text[numeric] + full_diagram,OK,AB,is_a,slant_height
112,2,noisy_text[numeric] + full_diagram,OK,OB,has_measure,0.7
112,2,noisy_text[numeric] + full_diagram,OK,AB,has_measure,2.5
112,2,noisy_text[numeric] + full_diagram,OK,AO,has_measure,?
,,,,,,
114,2,noisy_text[numeric] + full_diagram,OK,O,is_a,point
114,2,noisy_text[numeric] + full_diagram,OK,A,is_a,point
114,2,noisy_text[numeric] + full_diagram,OK,B,is_a,point
114,2,noisy_text[numeric] + full_diagram,OK,OA,is_a,segment
114,2,noisy_text[numeric] + full_diagram,OK,OB,is_a,segment
114,2,noisy_text[numeric] + full_diagram,OK,OAB,is_a,sector
114,2,noisy_text[numeric] + full_diagram,OK,OAB,has_measure,1.0
114,2,noisy_text[numeric] + full_diagram,OK,OAB,has_measure,90_deg
114,2,noisy_text[numeric] + full_diagram,OK,OA,is_a,diameter
114,2,noisy_text[numeric] + full_diagram,OK,OB,is_a,diameter
114,2,noisy_text[numeric] + full_diagram,OK,shaded_part,is_a,area
114,2,noisy_text[numeric] + full_diagram,OK,shaded_part,?,?
,,,,,,
115,2,noisy_text[numeric] + full_diagram,OK,A,is_a,sector
115,2,noisy_text[numeric] + full_diagram,OK,A,has_measure,120_deg
115,2,noisy_text[numeric] + full_diagram,OK,A,radius_of,6_units
115,2,noisy_text[numeric] + full_diagram,OK,A,is_a,paper_sheet
115,2,noisy_text[numeric] + full_diagram,OK,B,is_a,cone
115,2,noisy_text[numeric] + full_diagram,OK,B,is_a,paper_cap
115,2,noisy_text[numeric] + full_diagram,OK,B,is_a,bottomless
115,2,noisy_text[numeric] + full_diagram,OK,A,mapped_to,B
115,2,noisy_text[numeric] + full_diagram,OK,B,has_measure,?
,,,,,,
117,2,noisy_text[numeric] + full_diagram,OK,sector,is_a,sector
117,2,noisy_text[numeric] + full_diagram,OK,sector,has_measure,120_deg
117,2,noisy_text[numeric] + full_diagram,OK,sector,radius_of,3.0_cm
117,2,noisy_text[numeric] + full_diagram,OK,cone,is_a,cone
117,2,noisy_text[numeric] + full_diagram,OK,cone,has_measure,?_cm
117,2,noisy_text[numeric] + full_diagram,OK,connector,is_a,segment
117,2,noisy_text[numeric] + full_diagram,OK,connector,has_measure,3.0_cm
117,2,noisy_text[numeric] + full_diagram,OK,sector,mapped_to,cone
117,2,noisy_text[numeric] + full_diagram,OK,cone,height_of,?_cm
,,,,,,
119,2,noisy_text[numeric] + full_diagram,OK,Area,is_a,?
119,2,noisy_text[numeric] + full_diagram,OK,Area,has_measure,?
119,2,noisy_text[numeric] + full_diagram,OK,sector,is_a,cardboard
119,2,noisy_text[numeric] + full_diagram,OK,sector,has_measure,24.0_cm
119,2,noisy_text[numeric] + full_diagram,OK,sector,radius_of,24.0_cm
119,2,noisy_text[numeric] + full_diagram,OK,conical_hat,is_a,hat
119,2,noisy_text[numeric] + full_diagram,OK,conical_hat,bottom_surface,?
119,2,noisy_text[numeric] + full_diagram,OK,conical_hat,bottom_surface,"radius_of, 10.0_cm"
119,2,noisy_text[numeric] + full_diagram,OK,conical_hat,bottom_surface,"has_measure, 10.0_cm"
119,2,noisy_text[numeric] + full_diagram,OK,O,is_a,point
119,2,noisy_text[numeric] + full_diagram,OK,O,center_of,conical_hat
119,2,noisy_text[numeric] + full_diagram,OK,sector,mapped_to,conical_hat
119,2,noisy_text[numeric] + full_diagram,OK,sector,connects,conical_hat
119,2,noisy_text[numeric] + full_diagram,OK,conical_hat,radius_of,10.0_cm
,,,,,,
120,2,noisy_text[numeric] + full_diagram,OK,cone,is_a,cone
120,2,noisy_text[numeric] + full_diagram,OK,generatrix,is_a,segment
120,2,noisy_text[numeric] + full_diagram,OK,generatrix,has_measure,5.0
120,2,noisy_text[numeric] + full_diagram,OK,height_line,is_a,segment
120,2,noisy_text[numeric] + full_diagram,OK,height_line,has_measure,4.0
120,2,noisy_text[numeric] + full_diagram,OK,cone,has_measure,?
,,,,,,
123,2,noisy_text[numeric] + full_diagram,OK,A,is_a,point
123,2,noisy_text[numeric] + full_diagram,OK,B,is_a,point
123,2,noisy_text[numeric] + full_diagram,OK,C,is_a,point
123,2,noisy_text[numeric] + full_diagram,OK,AC,is_a,segment
123,2,noisy_text[numeric] + full_diagram,OK,BC,is_a,segment
123,2,noisy_text[numeric] + full_diagram,OK,AB,is_a,segment
123,2,noisy_text[numeric] + full_diagram,OK,ABC,is_a,triangle
123,2,noisy_text[numeric] + full_diagram,OK,ABC,is_a,right_triangle
123,2,noisy_text[numeric] + full_diagram,OK,ACB,is_a,angle
123,2,noisy_text[numeric] + full_diagram,OK,ACB,has_measure,90_deg
123,2,noisy_text[numeric] + full_diagram,OK,AC,has_measure,4_units
123,2,noisy_text[numeric] + full_diagram,OK,BC,has_measure,3_units
123,2,noisy_text[numeric] + full_diagram,OK,ABC,rotated_about,AC
123,2,noisy_text[numeric] + full_diagram,OK,lateral_surface_area_of_cone,is_a,query_target
,,,,,,
128,2,noisy_text[numeric] + full_diagram,OK,O,is_a,point
128,2,noisy_text[numeric] + full_diagram,OK,B,is_a,point
128,2,noisy_text[numeric] + full_diagram,OK,A,is_a,point
128,2,noisy_text[numeric] + full_diagram,OK,OA,is_a,segment
128,2,noisy_text[numeric] + full_diagram,OK,OB,is_a,segment
128,2,noisy_text[numeric] + full_diagram,OK,∠AOB,is_a,angle
128,2,noisy_text[numeric] + full_diagram,OK,∠AOB,has_measure,120_deg
128,2,noisy_text[numeric] + full_diagram,OK,OA,has_measure,6_units
128,2,noisy_text[numeric] + full_diagram,OK,OB,has_measure,6_units
128,2,noisy_text[numeric] + full_diagram,OK,O,center_of,circle
128,2,noisy_text[numeric] + full_diagram,OK,OA,radius_of,circle
128,2,noisy_text[numeric] + full_diagram,OK,OB,radius_of,circle
128,2,noisy_text[numeric] + full_diagram,OK,A,lies_on,circle
128,2,noisy_text[numeric] + full_diagram,OK,B,lies_on,circle
128,2,noisy_text[numeric] + full_diagram,OK,cone,is_a,cone
128,2,noisy_text[numeric] + full_diagram,OK,OA,mapped_to,cone_side
128,2,noisy_text[numeric] + full_diagram,OK,OB,mapped_to,cone_side
128,2,noisy_text[numeric] + full_diagram,OK,cone,has_measure,?
128,2,noisy_text[numeric] + full_diagram,OK,Diameter,has_measure,?
,,,,,,
132,2,noisy_text[numeric] + full_diagram,OK,A,is_a,point
132,2,noisy_text[numeric] + full_diagram,OK,B,is_a,point
132,2,noisy_text[numeric] + full_diagram,OK,C,is_a,point
132,2,noisy_text[numeric] + full_diagram,OK,D,is_a,point
132,2,noisy_text[numeric] + full_diagram,OK,E,is_a,point
132,2,noisy_text[numeric] + full_diagram,OK,F,is_a,point
132,2,noisy_text[numeric] + full_diagram,OK,G,is_a,point
132,2,noisy_text[numeric] + full_diagram,OK,AB,is_a,segment
132,2,noisy_text[numeric] + full_diagram,OK,BC,is_a,segment
132,2,noisy_text[numeric] + full_diagram,OK,CG,is_a,segment
132,2,noisy_text[numeric] + full_diagram,OK,DE,is_a,segment
132,2,noisy_text[numeric] + full_diagram,OK,EF,is_a,segment
132,2,noisy_text[numeric] + full_diagram,OK,GE,is_a,segment
132,2,noisy_text[numeric] + full_diagram,OK,A,lies_on,AB
132,2,noisy_text[numeric] + full_diagram,OK,B,lies_on,AB
132,2,noisy_text[numeric] + full_diagram,OK,C,lies_on,AB
132,2,noisy_text[numeric] + full_diagram,OK,A,lies_on,AC
132,2,noisy_text[numeric] + full_diagram,OK,B,lies_on,BC
132,2,noisy_text[numeric] + full_diagram,OK,C,lies_on,BC
132,2,noisy_text[numeric] + full_diagram,OK,D,lies_on,DE
132,2,noisy_text[numeric] + full_diagram,OK,E,lies_on,DE
132,2,noisy_text[numeric] + full_diagram,OK,F,lies_on,EF
132,2,noisy_text[numeric] + full_diagram,OK,G,lies_on,CG
132,2,noisy_text[numeric] + full_diagram,OK,G,lies_on,GE
132,2,noisy_text[numeric] + full_diagram,OK,BC,has_measure,0.6
132,2,noisy_text[numeric] + full_diagram,OK,DE,has_measure,0.6
132,2,noisy_text[numeric] + full_diagram,OK,CG,has_measure,12.0
132,2,noisy_text[numeric] + full_diagram,OK,GE,has_measure,2.0
132,2,noisy_text[numeric] + full_diagram,OK,EF,has_measure,1.6
,,,,,,
133,2,noisy_text[numeric] + full_diagram,OK,P,is_a,point
133,2,noisy_text[numeric] + full_diagram,OK,Q,is_a,point)
133,2,noisy_text[numeric] + full_diagram,OK,S,is_a,point)
133,2,noisy_text[numeric] + full_diagram,OK,T,is_a,point)
133,2,noisy_text[numeric] + full_diagram,OK,R,is_a,point)
133,2,noisy_text[numeric] + full_diagram,OK,PS,is_a,segment)
133,2,noisy_text[numeric] + full_diagram,OK,PT,is_a,segment)
133,2,noisy_text[numeric] + full_diagram,OK,QR,is_a,segment)
133,2,noisy_text[numeric] + full_diagram,OK,ST,is_a,segment)
133,2,noisy_text[numeric] + full_diagram,OK,PQ,is_a,segment)
133,2,noisy_text[numeric] + full_diagram,OK,line a,is_a,line)
133,2,noisy_text[numeric] + full_diagram,OK,line b,is_a,line)
133,2,noisy_text[numeric] + full_diagram,OK,P,lies_on,line b)
133,2,noisy_text[numeric] + full_diagram,OK,Q,lies_on,line b)
133,2,noisy_text[numeric] + full_diagram,OK,S,lies_on,line a)
133,2,noisy_text[numeric] + full_diagram,OK,T,lies_on,line a)
133,2,noisy_text[numeric] + full_diagram,OK,R,lies_on,line b)
133,2,noisy_text[numeric] + full_diagram,OK,PS,perpendicular_to,line a)
133,2,noisy_text[numeric] + full_diagram,OK,PS,perpendicular_to,line b)
133,2,noisy_text[numeric] + full_diagram,OK,PT,intersects,line b)
133,2,noisy_text[numeric] + full_diagram,OK,QR,has_measure,80.0_m)
133,2,noisy_text[numeric] + full_diagram,OK,QS,has_measure,60.0_m)
133,2,noisy_text[numeric] + full_diagram,OK,ST,has_measure,120.0_m)
,,,,,,
149,2,noisy_text[numeric] + full_diagram,OK,A,is_a,point
149,2,noisy_text[numeric] + full_diagram,OK,B,is_a,point
149,2,noisy_text[numeric] + full_diagram,OK,C,is_a,point
149,2,noisy_text[numeric] + full_diagram,OK,D,is_a,point
149,2,noisy_text[numeric] + full_diagram,OK,E,is_a,point
149,2,noisy_text[numeric] + full_diagram,OK,CD,is_a,segment
149,2,noisy_text[numeric] + full_diagram,OK,AC,is_a,segment
149,2,noisy_text[numeric] + full_diagram,OK,BD,is_a,segment
149,2,noisy_text[numeric] + full_diagram,OK,ED,is_a,segment
149,2,noisy_text[numeric] + full_diagram,OK,α,is_a,angle
149,2,noisy_text[numeric] + full_diagram,OK,CD,is_a,mirror
149,2,noisy_text[numeric] + full_diagram,OK,light,is_a,object
149,2,noisy_text[numeric] + full_diagram,OK,A,is_a,source
149,2,noisy_text[numeric] + full_diagram,OK,E,is_a,point_of_reflection
149,2,noisy_text[numeric] + full_diagram,OK,B,is_a,destination
149,2,noisy_text[numeric] + full_diagram,OK,AC,perpendicular_to,CD
149,2,noisy_text[numeric] + full_diagram,OK,BD,perpendicular_to,CD
149,2,noisy_text[numeric] + full_diagram,OK,C,is_a,foot_of_perpendicular
149,2,noisy_text[numeric] + full_diagram,OK,D,is_a,foot_of_perpendicular
149,2,noisy_text[numeric] + full_diagram,OK,AC,has_measure,3_units
149,2,noisy_text[numeric] + full_diagram,OK,BD,has_measure,6_units
149,2,noisy_text[numeric] + full_diagram,OK,CD,has_measure,10_units
149,2,noisy_text[numeric] + full_diagram,OK,ED,has_measure,?
,,,,,,
150,2,noisy_text[numeric] + full_diagram,OK,A,is_a,point
150,2,noisy_text[numeric] + full_diagram,OK,B,is_a,point
150,2,noisy_text[numeric] + full_diagram,OK,C,is_a,point
150,2,noisy_text[numeric] + full_diagram,OK,A,collinear_with,B
150,2,noisy_text[numeric] + full_diagram,OK,B,collinear_with,C
150,2,noisy_text[numeric] + full_diagram,OK,AB,is_a,segment
150,2,noisy_text[numeric] + full_diagram,OK,AB,has_measure,2_units
150,2,noisy_text[numeric] + full_diagram,OK,BD,is_a,segment
150,2,noisy_text[numeric] + full_diagram,OK,BD,has_measure,7/3_units
150,2,noisy_text[numeric] + full_diagram,OK,CE,is_a,segment
150,2,noisy_text[numeric] + full_diagram,OK,CE,has_measure,9_units
150,2,noisy_text[numeric] + full_diagram,OK,B,connects,D
150,2,noisy_text[numeric] + full_diagram,OK,C,connects,E
150,2,noisy_text[numeric] + full_diagram,OK,D,is_a,point
150,2,noisy_text[numeric] + full_diagram,OK,E,is_a,point
150,2,noisy_text[numeric] + full_diagram,OK,A,connects,E
150,2,noisy_text[numeric] + full_diagram,OK,BD,perpendicular_to,AB
150,2,noisy_text[numeric] + full_diagram,OK,CE,perpendicular_to,AB
150,2,noisy_text[numeric] + full_diagram,OK,BC,is_a,segment
150,2,noisy_text[numeric] + full_diagram,OK,BC,has_measure,?
,,,,,,
151,2,noisy_text[numeric] + full_diagram,OK,student,is_a,point
151,2,noisy_text[numeric] + full_diagram,OK,tree,is_a,object
151,2,noisy_text[numeric] + full_diagram,OK,lake,is_a,body_of_water
151,2,noisy_text[numeric] + full_diagram,OK,reflection,is_a,reflection
151,2,noisy_text[numeric] + full_diagram,OK,student,is_a,person
151,2,noisy_text[numeric] + full_diagram,OK,student,has_measure,1.7_units
151,2,noisy_text[numeric] + full_diagram,OK,student,lies_on,ground
151,2,noisy_text[numeric] + full_diagram,OK,tree,lies_on,ground
151,2,noisy_text[numeric] + full_diagram,OK,lake,intersects,ground
151,2,noisy_text[numeric] + full_diagram,OK,reflection,lies_on,lake
151,2,noisy_text[numeric] + full_diagram,OK,student,connects,tree
151,2,noisy_text[numeric] + full_diagram,OK,student,connects,reflection
,,,,,,
152,2,noisy_text[numeric] + full_diagram,OK,A,is_a,point
152,2,noisy_text[numeric] + full_diagram,OK,B,is_a,point
152,2,noisy_text[numeric] + full_diagram,OK,C,is_a,point
152,2,noisy_text[numeric] + full_diagram,OK,D,is_a,point
152,2,noisy_text[numeric] + full_diagram,OK,AB,is_a,segment
152,2,noisy_text[numeric] + full_diagram,OK,BC,is_a,segment
152,2,noisy_text[numeric] + full_diagram,OK,BD,is_a,segment
152,2,noisy_text[numeric] + full_diagram,OK,wall,is_a,object
152,2,noisy_text[numeric] + full_diagram,OK,ladder,is_a,object
152,2,noisy_text[numeric] + full_diagram,OK,A,lies_on,wall
152,2,noisy_text[numeric] + full_diagram,OK,B,lies_on,ground
152,2,noisy_text[numeric] + full_diagram,OK,C,lies_on,ground
152,2,noisy_text[numeric] + full_diagram,OK,AB,connects,A
152,2,noisy_text[numeric] + full_diagram,OK,AB,connects,B
152,2,noisy_text[numeric] + full_diagram,OK,BC,connects,B
152,2,noisy_text[numeric] + full_diagram,OK,BC,connects,C
152,2,noisy_text[numeric] + full_diagram,OK,BD,connects,B
152,2,noisy_text[numeric] + full_diagram,OK,BD,connects,D
152,2,noisy_text[numeric] + full_diagram,OK,D,lies_on,ladder
152,2,noisy_text[numeric] + full_diagram,OK,BC,has_measure,1.6
152,2,noisy_text[numeric] + full_diagram,OK,BD,has_measure,0.5
152,2,noisy_text[numeric] + full_diagram,OK,D,has_measure,1.4
,,,,,,
153,2,noisy_text[numeric] + full_diagram,OK,AB,is_a,segment
153,2,noisy_text[numeric] + full_diagram,OK,DE,is_a,segment
153,2,noisy_text[numeric] + full_diagram,OK,BC,is_a,segment
153,2,noisy_text[numeric] + full_diagram,OK,EC,is_a,segment
153,2,noisy_text[numeric] + full_diagram,OK,AB,has_measure,?
153,2,noisy_text[numeric] + full_diagram,OK,DE,has_measure,1.8
153,2,noisy_text[numeric] + full_diagram,OK,BC,has_measure,1.0
153,2,noisy_text[numeric] + full_diagram,OK,EC,has_measure,1.2
153,2,noisy_text[numeric] + full_diagram,OK,D,is_a,point
153,2,noisy_text[numeric] + full_diagram,OK,E,is_a,point
153,2,noisy_text[numeric] + full_diagram,OK,C,is_a,point
153,2,noisy_text[numeric] + full_diagram,OK,A,is_a,point
153,2,noisy_text[numeric] + full_diagram,OK,B,is_a,point
153,2,noisy_text[numeric] + full_diagram,OK,DE,connects,D
153,2,noisy_text[numeric] + full_diagram,OK,DE,connects,E
153,2,noisy_text[numeric] + full_diagram,OK,EC,connects,E
153,2,noisy_text[numeric] + full_diagram,OK,EC,connects,C
153,2,noisy_text[numeric] + full_diagram,OK,BC,connects,B
153,2,noisy_text[numeric] + full_diagram,OK,BC,connects,C
153,2,noisy_text[numeric] + full_diagram,OK,AB,connects,A
153,2,noisy_text[numeric] + full_diagram,OK,AB,connects,B
153,2,noisy_text[numeric] + full_diagram,OK,AB,is_a,query_target
,,,,,,
157,2,noisy_text[numeric] + full_diagram,OK,A,is_a,point
157,2,noisy_text[numeric] + full_diagram,OK,B,is_a,point
157,2,noisy_text[numeric] + full_diagram,OK,C,is_a,point
157,2,noisy_text[numeric] + full_diagram,OK,ABC,is_a,triangle
157,2,noisy_text[numeric] + full_diagram,OK,ABC,has_measure,90_deg
157,2,noisy_text[numeric] + full_diagram,OK,AC,is_a,segment
157,2,noisy_text[numeric] + full_diagram,OK,AC,has_measure,4_units
157,2,noisy_text[numeric] + full_diagram,OK,BC,is_a,segment
157,2,noisy_text[numeric] + full_diagram,OK,BC,has_measure,3_units
157,2,noisy_text[numeric] + full_diagram,OK,∠B,is_a,angle
157,2,noisy_text[numeric] + full_diagram,OK,∠B,has_measure,?
157,2,noisy_text[numeric] + full_diagram,OK,cos,is_a,function
157,2,noisy_text[numeric] + full_diagram,OK,cos,mapped_to,∠B
,,,,,,
165,2,noisy_text[numeric] + full_diagram,OK,A,is_a,point
165,2,noisy_text[numeric] + full_diagram,OK,B,is_a,point
165,2,noisy_text[numeric] + full_diagram,OK,C,is_a,point
165,2,noisy_text[numeric] + full_diagram,OK,AB,is_a,segment
165,2,noisy_text[numeric] + full_diagram,OK,BC,is_a,segment
165,2,noisy_text[numeric] + full_diagram,OK,AC,is_a,segment
165,2,noisy_text[numeric] + full_diagram,OK,ABC,is_a,triangle
165,2,noisy_text[numeric] + full_diagram,OK,ABC,is_a,right_triangle
165,2,noisy_text[numeric] + full_diagram,OK,C,is_a,right_angle
165,2,noisy_text[numeric] + full_diagram,OK,AB,has_measure,2_units
165,2,noisy_text[numeric] + full_diagram,OK,BC,has_measure,1_unit
,,,,,,
198,2,noisy_text[numeric] + full_diagram,OK,A,is_a,triangle
198,2,noisy_text[numeric] + full_diagram,OK,A,is_a,isosceles
198,2,noisy_text[numeric] + full_diagram,OK,A,has_measure,13
198,2,noisy_text[numeric] + full_diagram,OK,A,has_measure,10
198,2,noisy_text[numeric] + full_diagram,OK,A,has_measure,?
198,2,noisy_text[numeric] + full_diagram,OK,B,is_a,segment
198,2,noisy_text[numeric] + full_diagram,OK,B,has_measure,10
198,2,noisy_text[numeric] + full_diagram,OK,C,is_a,segment
198,2,noisy_text[numeric] + full_diagram,OK,C,has_measure,13
198,2,noisy_text[numeric] + full_diagram,OK,D,is_a,segment
198,2,noisy_text[numeric] + full_diagram,OK,D,has_measure,13
198,2,noisy_text[numeric] + full_diagram,OK,E,is_a,point
198,2,noisy_text[numeric] + full_diagram,OK,F,is_a,point
198,2,noisy_text[numeric] + full_diagram,OK,G,is_a,point
198,2,noisy_text[numeric] + full_diagram,OK,E,connects,F
198,2,noisy_text[numeric] + full_diagram,OK,F,connects,G
198,2,noisy_text[numeric] + full_diagram,OK,G,connects,E
198,2,noisy_text[numeric] + full_diagram,OK,B,connects,E
198,2,noisy_text[numeric] + full_diagram,OK,B,connects,G
198,2,noisy_text[numeric] + full_diagram,OK,C,connects,E
198,2,noisy_text[numeric] + full_diagram,OK,D,connects,G
198,2,noisy_text[numeric] + full_diagram,OK,E,has_measure,13
198,2,noisy_text[numeric] + full_diagram,OK,G,has_measure,13
,,,,,,
207,2,noisy_text[numeric] + full_diagram,OK,O,is_a,point
207,2,noisy_text[numeric] + full_diagram,OK,C1,is_a,circle
207,2,noisy_text[numeric] + full_diagram,OK,C2,is_a,circle
207,2,noisy_text[numeric] + full_diagram,OK,C3,is_a,circle
207,2,noisy_text[numeric] + full_diagram,OK,O,center_of,C1
207,2,noisy_text[numeric] + full_diagram,OK,O,center_of,C2
207,2,noisy_text[numeric] + full_diagram,OK,O,center_of,C3
207,2,noisy_text[numeric] + full_diagram,OK,C1,intersects,C2
207,2,noisy_text[numeric] + full_diagram,OK,C2,intersects,C3
207,2,noisy_text[numeric] + full_diagram,OK,C1,intersects,C3
207,2,noisy_text[numeric] + full_diagram,OK,C1,has_measure,20_units
207,2,noisy_text[numeric] + full_diagram,OK,Area,is_a,shaded_region
207,2,noisy_text[numeric] + full_diagram,OK,Area,has_measure,?
207,2,noisy_text[numeric] + full_diagram,OK,C1,is_a,largest_circle
207,2,noisy_text[numeric] + full_diagram,OK,C2,is_a,small_circle
207,2,noisy_text[numeric] + full_diagram,OK,C3,is_a,small_circle
207,2,noisy_text[numeric] + full_diagram,OK,C2,inscribed_in,C1
207,2,noisy_text[numeric] + full_diagram,OK,C3,inscribed_in,C1
207,2,noisy_text[numeric] + full_diagram,OK,Area,is_a,query_target
,,,,,,
210,2,noisy_text[numeric] + full_diagram,OK,A,is_a,point
210,2,noisy_text[numeric] + full_diagram,OK,B,is_a,point
210,2,noisy_text[numeric] + full_diagram,OK,C,is_a,point
210,2,noisy_text[numeric] + full_diagram,OK,D,is_a,point
210,2,noisy_text[numeric] + full_diagram,OK,E,is_a,point
210,2,noisy_text[numeric] + full_diagram,OK,AB,is_a,segment
210,2,noisy_text[numeric] + full_diagram,OK,AC,is_a,segment
210,2,noisy_text[numeric] + full_diagram,OK,AD,is_a,segment
210,2,noisy_text[numeric] + full_diagram,OK,AE,is_a,segment
210,2,noisy_text[numeric] + full_diagram,OK,CD,is_a,segment
210,2,noisy_text[numeric] + full_diagram,OK,ED,is_a,segment
210,2,noisy_text[numeric] + full_diagram,OK,BE,is_a,segment
210,2,noisy_text[numeric] + full_diagram,OK,Triangles,is_a,shape
210,2,noisy_text[numeric] + full_diagram,OK,ABE,is_a,triangle
210,2,noisy_text[numeric] + full_diagram,OK,ACD,is_a,triangle
210,2,noisy_text[numeric] + full_diagram,OK,Triangles,has_measure,?
210,2,noisy_text[numeric] + full_diagram,OK,AB,has_measure,12
210,2,noisy_text[numeric] + full_diagram,OK,AC,has_measure,16
210,2,noisy_text[numeric] + full_diagram,OK,ED,has_measure,5
210,2,noisy_text[numeric] + full_diagram,OK,BE,parallel_to,CD
,,,,,,
211,2,noisy_text[numeric] + full_diagram,OK,MNPR,is_a,parallelogram
211,2,noisy_text[numeric] + full_diagram,OK,MNPR,has_measure,3x-4
211,2,noisy_text[numeric] + full_diagram,OK,MNPR,has_measure,2y+5
211,2,noisy_text[numeric] + full_diagram,OK,MNPR,has_measure,20
211,2,noisy_text[numeric] + full_diagram,OK,MNPR,has_measure,17.9
211,2,noisy_text[numeric] + full_diagram,OK,MP,is_a,diagonal
211,2,noisy_text[numeric] + full_diagram,OK,RN,is_a,diagonal
211,2,noisy_text[numeric] + full_diagram,OK,MP,intersects,RN
211,2,noisy_text[numeric] + full_diagram,OK,Q,is_a,point
211,2,noisy_text[numeric] + full_diagram,OK,MP,intersects,"RN, at, Q"
211,2,noisy_text[numeric] + full_diagram,OK,MN,has_measure,3x-4
211,2,noisy_text[numeric] + full_diagram,OK,NP,has_measure,2y+5
211,2,noisy_text[numeric] + full_diagram,OK,RP,has_measure,20
211,2,noisy_text[numeric] + full_diagram,OK,MR,has_measure,17.9
211,2,noisy_text[numeric] + full_diagram,OK,∠RNP,is_a,angle
211,2,noisy_text[numeric] + full_diagram,OK,∠RNP,has_measure,?
211,2,noisy_text[numeric] + full_diagram,OK,∠M,is_a,angle
211,2,noisy_text[numeric] + full_diagram,OK,∠M,has_measure,33_deg
211,2,noisy_text[numeric] + full_diagram,OK,∠QNP,is_a,angle
211,2,noisy_text[numeric] + full_diagram,OK,∠QNP,has_measure,83_deg
211,2,noisy_text[numeric] + full_diagram,OK,∠R,is_a,angle
211,2,noisy_text[numeric] + full_diagram,OK,∠R,has_measure,38_deg
211,2,noisy_text[numeric] + full_diagram,OK,NQ,is_a,segment
211,2,noisy_text[numeric] + full_diagram,OK,NQ,has_measure,15.4_units
211,2,noisy_text[numeric] + full_diagram,OK,QP,is_a,segment
211,2,noisy_text[numeric] + full_diagram,OK,QP,has_measure,11.1_units
211,2,noisy_text[numeric] + full_diagram,OK,QR,is_a,segment
211,2,noisy_text[numeric] + full_diagram,OK,QR,has_measure,3z-3
211,2,noisy_text[numeric] + full_diagram,OK,QM,is_a,segment
211,2,noisy_text[numeric] + full_diagram,OK,QM,has_measure,4w-3
,,,,,,
223,2,noisy_text[numeric] + full_diagram,OK,A,is_a,point
223,2,noisy_text[numeric] + full_diagram,OK,B,is_a,point
223,2,noisy_text[numeric] + full_diagram,OK,C,is_a,point
223,2,noisy_text[numeric] + full_diagram,OK,AB,is_a,segment
223,2,noisy_text[numeric] + full_diagram,OK,BC,is_a,segment
223,2,noisy_text[numeric] + full_diagram,OK,AC,is_a,segment
223,2,noisy_text[numeric] + full_diagram,OK,AC,is_a,hypotenuse
223,2,noisy_text[numeric] + full_diagram,OK,AB,has_measure,3√2
223,2,noisy_text[numeric] + full_diagram,OK,AC,has_measure,5
223,2,noisy_text[numeric] + full_diagram,OK,BC,has_measure,?
223,2,noisy_text[numeric] + full_diagram,OK,∠ABC,is_a,angle
223,2,noisy_text[numeric] + full_diagram,OK,∠ABC,has_measure,90_deg
223,2,noisy_text[numeric] + full_diagram,OK,AB,connects,A
223,2,noisy_text[numeric] + full_diagram,OK,AB,connects,B
223,2,noisy_text[numeric] + full_diagram,OK,BC,connects,B
223,2,noisy_text[numeric] + full_diagram,OK,BC,connects,C
223,2,noisy_text[numeric] + full_diagram,OK,AC,connects,A
223,2,noisy_text[numeric] + full_diagram,OK,AC,connects,C
223,2,noisy_text[numeric] + full_diagram,OK,Question,is_a,query
223,2,noisy_text[numeric] + full_diagram,OK,Question,target,BC
,,,,,,
239,2,noisy_text[numeric] + full_diagram,OK,A,is_a,point
239,2,noisy_text[numeric] + full_diagram,OK,B,is_a,point
239,2,noisy_text[numeric] + full_diagram,OK,C,is_a,point
239,2,noisy_text[numeric] + full_diagram,OK,R,is_a,point
239,2,noisy_text[numeric] + full_diagram,OK,S,is_a,point
239,2,noisy_text[numeric] + full_diagram,OK,T,is_a,point
239,2,noisy_text[numeric] + full_diagram,OK,M,is_a,point
239,2,noisy_text[numeric] + full_diagram,OK,ABC,is_a,triangle
239,2,noisy_text[numeric] + full_diagram,OK,AC,is_a,segment
239,2,noisy_text[numeric] + full_diagram,OK,AB,is_a,segment
239,2,noisy_text[numeric] + full_diagram,OK,CB,is_a,segment
239,2,noisy_text[numeric] + full_diagram,OK,AT,is_a,segment
239,2,noisy_text[numeric] + full_diagram,OK,BR,is_a,segment
239,2,noisy_text[numeric] + full_diagram,OK,CS,is_a,segment
239,2,noisy_text[numeric] + full_diagram,OK,R,is_a,midpoint
239,2,noisy_text[numeric] + full_diagram,OK,S,is_a,midpoint
239,2,noisy_text[numeric] + full_diagram,OK,T,is_a,midpoint
239,2,noisy_text[numeric] + full_diagram,OK,AT,intersects,M
239,2,noisy_text[numeric] + full_diagram,OK,BR,intersects,M
239,2,noisy_text[numeric] + full_diagram,OK,CS,intersects,M
239,2,noisy_text[numeric] + full_diagram,OK,MC,has_measure,7
239,2,noisy_text[numeric] + full_diagram,OK,RM,has_measure,4
239,2,noisy_text[numeric] + full_diagram,OK,AT,has_measure,16
,,,,,,
243,2,noisy_text[numeric] + full_diagram,OK,Des_Moines,is_a,point
243,2,noisy_text[numeric] + full_diagram,OK,Phoenix,is_a,point
243,2,noisy_text[numeric] + full_diagram,OK,Atlanta,is_a,point
243,2,noisy_text[numeric] + full_diagram,OK,Des_Moines_Phoenix,is_a,segment
243,2,noisy_text[numeric] + full_diagram,OK,Phoenix_Atlanta,is_a,segment
243,2,noisy_text[numeric] + full_diagram,OK,Atlanta_Des_Moines,is_a,segment
243,2,noisy_text[numeric] + full_diagram,OK,Des_Moines_Phoenix,has_measure,110x + 53
243,2,noisy_text[numeric] + full_diagram,OK,Phoenix_Atlanta,has_measure,150x + 91
243,2,noisy_text[numeric] + full_diagram,OK,Atlanta_Des_Moines,has_measure,73.8x
243,2,noisy_text[numeric] + full_diagram,OK,total_trip_distance,has_measure,3482
243,2,noisy_text[numeric] + full_diagram,OK,Des_Moines_Phoenix,connects,"Des_Moines, Phoenix"
243,2,noisy_text[numeric] + full_diagram,OK,Phoenix_Atlanta,connects,"Phoenix, Atlanta"
243,2,noisy_text[numeric] + full_diagram,OK,Atlanta_Des_Moines,connects,"Atlanta, Des_Moines"
243,2,noisy_text[numeric] + full_diagram,OK,total_trip_distance,is_a,distance
243,2,noisy_text[numeric] + full_diagram,OK,Des_Moines_Phoenix,is_a,distance
243,2,noisy_text[numeric] + full_diagram,OK,Phoenix_Atlanta,is_a,distance
243,2,noisy_text[numeric] + full_diagram,OK,Atlanta_Des_Moines,is_a,distance
,,,,,,
257,2,noisy_text[numeric] + full_diagram,OK,A,is_a,point
257,2,noisy_text[numeric] + full_diagram,OK,B,is_a,point)
257,2,noisy_text[numeric] + full_diagram,OK,C,is_a,point)
257,2,noisy_text[numeric] + full_diagram,OK,D,is_a,point)
257,2,noisy_text[numeric] + full_diagram,OK,E,is_a,point)
257,2,noisy_text[numeric] + full_diagram,OK,AB,is_a,segment)
257,2,noisy_text[numeric] + full_diagram,OK,AC,is_a,segment)
257,2,noisy_text[numeric] + full_diagram,OK,AD,is_a,segment)
257,2,noisy_text[numeric] + full_diagram,OK,AE,is_a,segment)
257,2,noisy_text[numeric] + full_diagram,OK,BE,is_a,segment)
257,2,noisy_text[numeric] + full_diagram,OK,CD,is_a,segment)
257,2,noisy_text[numeric] + full_diagram,OK,ED,is_a,segment)
257,2,noisy_text[numeric] + full_diagram,OK,ABE,is_a,triangle)
257,2,noisy_text[numeric] + full_diagram,OK,ACD,is_a,triangle)
257,2,noisy_text[numeric] + full_diagram,OK,A,connects,B)
257,2,noisy_text[numeric] + full_diagram,OK,A,connects,C)
257,2,noisy_text[numeric] + full_diagram,OK,A,connects,D)
257,2,noisy_text[numeric] + full_diagram,OK,A,connects,E)
257,2,noisy_text[numeric] + full_diagram,OK,B,connects,E)
257,2,noisy_text[numeric] + full_diagram,OK,C,connects,D)
257,2,noisy_text[numeric] + full_diagram,OK,E,connects,D)
257,2,noisy_text[numeric] + full_diagram,OK,ABE,shares,A)
257,2,noisy_text[numeric] + full_diagram,OK,ACD,shares,A)
257,2,noisy_text[numeric] + full_diagram,OK,BE,parallel_to,CD)
257,2,noisy_text[numeric] + full_diagram,OK,AB,has_measure,12)
257,2,noisy_text[numeric] + full_diagram,OK,AC,has_measure,16)
257,2,noisy_text[numeric] + full_diagram,OK,ED,has_measure,5)
257,2,noisy_text[numeric] + full_diagram,OK,AE,has_measure,?)
,,,,,,
264,2,noisy_text[numeric] + full_diagram,OK,M,is_a,point
264,2,noisy_text[numeric] + full_diagram,OK,N,is_a,point
264,2,noisy_text[numeric] + full_diagram,OK,P,is_a,point
264,2,noisy_text[numeric] + full_diagram,OK,Q,is_a,point
264,2,noisy_text[numeric] + full_diagram,OK,MNPQ,is_a,parallelogram
264,2,noisy_text[numeric] + full_diagram,OK,∠M,is_a,angle
264,2,noisy_text[numeric] + full_diagram,OK,∠N,is_a,angle
264,2,noisy_text[numeric] + full_diagram,OK,∠P,is_a,angle
264,2,noisy_text[numeric] + full_diagram,OK,∠Q,is_a,angle
264,2,noisy_text[numeric] + full_diagram,OK,∠M,has_measure,10x
264,2,noisy_text[numeric] + full_diagram,OK,∠N,has_measure,20x
264,2,noisy_text[numeric] + full_diagram,OK,∠M,equals,∠P
264,2,noisy_text[numeric] + full_diagram,OK,∠N,equals,∠Q
264,2,noisy_text[numeric] + full_diagram,OK,∠M,is_a,query_target
,,,,,,
281,2,noisy_text[numeric] + full_diagram,OK,A,is_a,point
281,2,noisy_text[numeric] + full_diagram,OK,B,is_a,point
281,2,noisy_text[numeric] + full_diagram,OK,C,is_a,point
281,2,noisy_text[numeric] + full_diagram,OK,ABC,is_a,triangle
281,2,noisy_text[numeric] + full_diagram,OK,ABC,is_a,right_triangle
281,2,noisy_text[numeric] + full_diagram,OK,∠C,is_a,angle
281,2,noisy_text[numeric] + full_diagram,OK,∠C,has_measure,90_deg
281,2,noisy_text[numeric] + full_diagram,OK,AC,is_a,segment
281,2,noisy_text[numeric] + full_diagram,OK,AC,has_measure,24_units
281,2,noisy_text[numeric] + full_diagram,OK,AB,is_a,segment
281,2,noisy_text[numeric] + full_diagram,OK,AB,has_measure,26_units
281,2,noisy_text[numeric] + full_diagram,OK,BC,is_a,segment
281,2,noisy_text[numeric] + full_diagram,OK,BC,has_measure,10_units
281,2,noisy_text[numeric] + full_diagram,OK,cos B,is_a,ratio
281,2,noisy_text[numeric] + full_diagram,OK,cos B,has_measure,?
,,,,,,
327,2,noisy_text[numeric] + full_diagram,OK,Z,is_a,point
327,2,noisy_text[numeric] + full_diagram,OK,Y,is_a,point
327,2,noisy_text[numeric] + full_diagram,OK,X,is_a,point
327,2,noisy_text[numeric] + full_diagram,OK,N,is_a,point
327,2,noisy_text[numeric] + full_diagram,OK,ZY,is_a,segment
327,2,noisy_text[numeric] + full_diagram,OK,YX,is_a,segment
327,2,noisy_text[numeric] + full_diagram,OK,ZN,is_a,segment
327,2,noisy_text[numeric] + full_diagram,OK,YX,has_measure,b_km
327,2,noisy_text[numeric] + full_diagram,OK,ZY,has_measure,10.7_km
327,2,noisy_text[numeric] + full_diagram,OK,Z,lies_on,bearing
327,2,noisy_text[numeric] + full_diagram,OK,X,lies_on,bearing
327,2,noisy_text[numeric] + full_diagram,OK,bearing,has_measure,335_deg
327,2,noisy_text[numeric] + full_diagram,OK,Z,is_a,target
327,2,noisy_text[numeric] + full_diagram,OK,d,is_a,distance
327,2,noisy_text[numeric] + full_diagram,OK,d,has_measure,?_km
,,,,,,
348,2,noisy_text[numeric] + full_diagram,OK,helicopter,is_a,helicopter
348,2,noisy_text[numeric] + full_diagram,OK,altitude,is_a,measurement
348,2,noisy_text[numeric] + full_diagram,OK,altitude,has_measure,198_m
348,2,noisy_text[numeric] + full_diagram,OK,angle_of_depression,is_a,angle
348,2,noisy_text[numeric] + full_diagram,OK,angle_of_depression,has_measure,44_deg
348,2,noisy_text[numeric] + full_diagram,OK,landing_pad,is_a,landing_pad
348,2,noisy_text[numeric] + full_diagram,OK,distance,is_a,distance
348,2,noisy_text[numeric] + full_diagram,OK,distance,has_measure,?
348,2,noisy_text[numeric] + full_diagram,OK,helicopter,has_measure,198_m
348,2,noisy_text[numeric] + full_diagram,OK,helicopter,has_measure,44_deg
348,2,noisy_text[numeric] + full_diagram,OK,helicopter,is_a,point
348,2,noisy_text[numeric] + full_diagram,OK,landing_pad,is_a,point
348,2,noisy_text[numeric] + full_diagram,OK,distance,connects,helicopter
348,2,noisy_text[numeric] + full_diagram,OK,distance,connects,landing_pad
348,2,noisy_text[numeric] + full_diagram,OK,angle_of_depression,connects,helicopter
348,2,noisy_text[numeric] + full_diagram,OK,angle_of_depression,connects,landing_pad
348,2,noisy_text[numeric] + full_diagram,OK,altitude,connects,helicopter
348,2,noisy_text[numeric] + full_diagram,OK,altitude,connects,landing_pad
,,,,,,
364,2,noisy_text[numeric] + full_diagram,OK,tower,is_a,object
364,2,noisy_text[numeric] + full_diagram,OK,concrete_tower,is_a,tower
364,2,noisy_text[numeric] + full_diagram,OK,bridge,is_a,object
364,2,noisy_text[numeric] + full_diagram,OK,concrete_tower,lies_on,bridge
364,2,noisy_text[numeric] + full_diagram,OK,main_cable,is_a,cable
364,2,noisy_text[numeric] + full_diagram,OK,connection_point,is_a,point
364,2,noisy_text[numeric] + full_diagram,OK,connection_point,lies_on,main_cable
364,2,noisy_text[numeric] + full_diagram,OK,connection_point,connects,concrete_tower
364,2,noisy_text[numeric] + full_diagram,OK,connection_point,has_measure,65.9_units
364,2,noisy_text[numeric] + full_diagram,OK,concrete_tower,has_measure,35.5_units
364,2,noisy_text[numeric] + full_diagram,OK,concrete_tower,perpendicular_to,bridge
364,2,noisy_text[numeric] + full_diagram,OK,cable,is_a,object
364,2,noisy_text[numeric] + full_diagram,OK,cable,has_measure,h
364,2,noisy_text[numeric] + full_diagram,OK,h,is_a,?
,,,,,,
365,2,noisy_text[numeric] + full_diagram,OK,plane,is_a,object
365,2,noisy_text[numeric] + full_diagram,OK,plane,has_measure,10369_m
365,2,noisy_text[numeric] + full_diagram,OK,plane,has_measure,23444_m
365,2,noisy_text[numeric] + full_diagram,OK,airport,is_a,location
365,2,noisy_text[numeric] + full_diagram,OK,runway,is_a,object
365,2,noisy_text[numeric] + full_diagram,OK,theta,is_a,angle
365,2,noisy_text[numeric] + full_diagram,OK,theta,has_measure,?
,,,,,,
420,2,noisy_text[numeric] + full_diagram,OK,A,is_a,point
420,2,noisy_text[numeric] + full_diagram,OK,B,is_a,point
420,2,noisy_text[numeric] + full_diagram,OK,C,is_a,point
420,2,noisy_text[numeric] + full_diagram,OK,D,is_a,point
420,2,noisy_text[numeric] + full_diagram,OK,AB,is_a,segment
420,2,noisy_text[numeric] + full_diagram,OK,BC,is_a,segment
420,2,noisy_text[numeric] + full_diagram,OK,CD,is_a,segment
420,2,noisy_text[numeric] + full_diagram,OK,DA,is_a,segment
420,2,noisy_text[numeric] + full_diagram,OK,ABCD,is_a,trapezium
420,2,noisy_text[numeric] + full_diagram,OK,AB,perpendicular_to,AD
420,2,noisy_text[numeric] + full_diagram,OK,BC,has_measure,10_cm
420,2,noisy_text[numeric] + full_diagram,OK,B,is_a,vertex
420,2,noisy_text[numeric] + full_diagram,OK,AD,is_a,line
420,2,noisy_text[numeric] + full_diagram,OK,segment,is_a,segment
420,2,noisy_text[numeric] + full_diagram,OK,segment,has_measure,6_cm
420,2,noisy_text[numeric] + full_diagram,OK,AB,has_measure,x
420,2,noisy_text[numeric] + full_diagram,OK,x,is_a,?
,,,,,,
432,2,noisy_text[numeric] + full_diagram,OK,-3,4,"is_a, point"
432,2,noisy_text[numeric] + full_diagram,OK,5,2,"is_a, point"
432,2,noisy_text[numeric] + full_diagram,OK,-3,4,"connects, 5, 2"
432,2,noisy_text[numeric] + full_diagram,OK,d,is_a,distance
432,2,noisy_text[numeric] + full_diagram,OK,d,has_measure,?
,,,,,,
438,2,noisy_text[numeric] + full_diagram,OK,hyperbola,is_a,hyperbola
438,2,noisy_text[numeric] + full_diagram,OK,hyperbola,has_measure,vertices
438,2,noisy_text[numeric] + full_diagram,OK,vertices,is_a,point
438,2,noisy_text[numeric] + full_diagram,OK,hyperbola,has_measure,center
438,2,noisy_text[numeric] + full_diagram,OK,center,is_a,point
438,2,noisy_text[numeric] + full_diagram,OK,hyperbola,has_measure,foci
438,2,noisy_text[numeric] + full_diagram,OK,foci,is_a,point
438,2,noisy_text[numeric] + full_diagram,OK,hyperbola,has_measure,equation
438,2,noisy_text[numeric] + full_diagram,OK,equation,is_a,?
,,,,,,
441,2,noisy_text[numeric] + full_diagram,OK,P,is_a,point
441,2,noisy_text[numeric] + full_diagram,OK,a,is_a,angle
441,2,noisy_text[numeric] + full_diagram,OK,a,is_a,standard_position
441,2,noisy_text[numeric] + full_diagram,OK,a,has_measure,?
441,2,noisy_text[numeric] + full_diagram,OK,P,lies_on,unit_circle
441,2,noisy_text[numeric] + full_diagram,OK,P,connects,terminal_side
441,2,noisy_text[numeric] + full_diagram,OK,unit_circle,center_of,origin
441,2,noisy_text[numeric] + full_diagram,OK,unit_circle,radius_of,1_unit
441,2,noisy_text[numeric] + full_diagram,OK,terminal_side,intersects,unit_circle
441,2,noisy_text[numeric] + full_diagram,OK,terminal_side,connects,P
441,2,noisy_text[numeric] + full_diagram,OK,origin,is_a,point
441,2,noisy_text[numeric] + full_diagram,OK,x,is_a,axis
441,2,noisy_text[numeric] + full_diagram,OK,y,is_a,axis
441,2,noisy_text[numeric] + full_diagram,OK,x,perpendicular_to,y
441,2,noisy_text[numeric] + full_diagram,OK,origin,lies_on,x
441,2,noisy_text[numeric] + full_diagram,OK,origin,lies_on,y
441,2,noisy_text[numeric] + full_diagram,OK,P,lies_on,x
441,2,noisy_text[numeric] + full_diagram,OK,P,lies_on,y
,,,,,,
447,2,noisy_text[numeric] + full_diagram,OK,a,is_a,angle
447,2,noisy_text[numeric] + full_diagram,OK,a,is_a,standard_position
447,2,noisy_text[numeric] + full_diagram,OK,P,is_a,point)
447,2,noisy_text[numeric] + full_diagram,OK,P,has_measure,"(20/29, -21/29)"
447,2,noisy_text[numeric] + full_diagram,OK,P,lies_on,unit_circle
447,2,noisy_text[numeric] + full_diagram,OK,a,intersects,unit_circle
447,2,noisy_text[numeric] + full_diagram,OK,a,intersects,P
447,2,noisy_text[numeric] + full_diagram,OK,unit_circle,center_of,"(0, 0)"
447,2,noisy_text[numeric] + full_diagram,OK,unit_circle,radius_of,1_unit
447,2,noisy_text[numeric] + full_diagram,OK,x,is_a,axis
447,2,noisy_text[numeric] + full_diagram,OK,y,is_a,axis
447,2,noisy_text[numeric] + full_diagram,OK,x,perpendicular_to,y
447,2,noisy_text[numeric] + full_diagram,OK,x,intersects,y
447,2,noisy_text[numeric] + full_diagram,OK,y,intersects,x
447,2,noisy_text[numeric] + full_diagram,OK,unit_circle,intersects,x
447,2,noisy_text[numeric] + full_diagram,OK,unit_circle,intersects,y
447,2,noisy_text[numeric] + full_diagram,OK,unit_circle,intersects,P
447,2,noisy_text[numeric] + full_diagram,OK,P,lies_on,x
447,2,noisy_text[numeric] + full_diagram,OK,P,lies_on,y
,,,,,,
449,2,noisy_text[numeric] + full_diagram,OK,1215,is_a,question
449,2,noisy_text[numeric] + full_diagram,OK,1215,has_measure,unit_circle
449,2,noisy_text[numeric] + full_diagram,OK,unit_circle,center_of,origin
449,2,noisy_text[numeric] + full_diagram,OK,origin,is_a,point
449,2,noisy_text[numeric] + full_diagram,OK,point,is_a,entity
449,2,noisy_text[numeric] + full_diagram,OK,unit_circle,radius_of,1_unit
449,2,noisy_text[numeric] + full_diagram,OK,point,is_a,P
449,2,noisy_text[numeric] + full_diagram,OK,P,lies_on,unit_circle
449,2,noisy_text[numeric] + full_diagram,OK,θ,is_a,angle
449,2,noisy_text[numeric] + full_diagram,OK,sec,is_a,function
449,2,noisy_text[numeric] + full_diagram,OK,sec,mapped_to,θ
,,,,,,
457,2,noisy_text[numeric] + full_diagram,OK,O,is_a,point
457,2,noisy_text[numeric] + full_diagram,OK,circle,is_a,circle
457,2,noisy_text[numeric] + full_diagram,OK,circle,center_of,O
457,2,noisy_text[numeric] + full_diagram,OK,circle,radius_of,6_units
457,2,noisy_text[numeric] + full_diagram,OK,Equation,is_a,equation
457,2,noisy_text[numeric] + full_diagram,OK,Equation,mapped_to,circle
457,2,noisy_text[numeric] + full_diagram,OK,Equation,is_a,?
,,,,,,
472,2,noisy_text[numeric] + full_diagram,OK,130,is_a,semicircle
472,2,noisy_text[numeric] + full_diagram,OK,?,is_a,"center_of, 130"
472,2,noisy_text[numeric] + full_diagram,OK,?,is_a,point
,,,,,,
