problem_index,case_id,case_label,status,subject,predicate,object
1,3,noisy_text[punctuation] + full_diagram,OK,A,is_a,point
1,3,noisy_text[punctuation] + full_diagram,OK,B,is_a,point
1,3,noisy_text[punctuation] + full_diagram,OK,C,is_a,point
1,3,noisy_text[punctuation] + full_diagram,OK,D,is_a,point
1,3,noisy_text[punctuation] + full_diagram,OK,E,is_a,point
1,3,noisy_text[punctuation] + full_diagram,OK,ABC,is_a,triangle
1,3,noisy_text[punctuation] + full_diagram,OK,A,is_a,angle
1,3,noisy_text[punctuation] + full_diagram,OK,B,is_a,angle
1,3,noisy_text[punctuation] + full_diagram,OK,C,is_a,angle
1,3,noisy_text[punctuation] + full_diagram,OK,A,has_measure,80_deg
1,3,noisy_text[punctuation] + full_diagram,OK,B,has_measure,60_deg
1,3,noisy_text[punctuation] + full_diagram,OK,D,lies_on,AB
1,3,noisy_text[punctuation] + full_diagram,OK,E,lies_on,AC
1,3,noisy_text[punctuation] + full_diagram,OK,DE,parallel_to,BC
,,,,,,
2,3,noisy_text[punctuation] + full_diagram,OK,A,is_a,point
2,3,noisy_text[punctuation] + full_diagram,OK,B,is_a,point
2,3,noisy_text[punctuation] + full_diagram,OK,C,is_a,point
2,3,noisy_text[punctuation] + full_diagram,OK,D,is_a,point
2,3,noisy_text[punctuation] + full_diagram,OK,E,is_a,point
2,3,noisy_text[punctuation] + full_diagram,OK,F,is_a,point
2,3,noisy_text[punctuation] + full_diagram,OK,G,is_a,point
2,3,noisy_text[punctuation] + full_diagram,OK,AB,is_a,segment
2,3,noisy_text[punctuation] + full_diagram,OK,CD,is_a,segment
2,3,noisy_text[punctuation] + full_diagram,OK,EF,is_a,segment
2,3,noisy_text[punctuation] + full_diagram,OK,EG,is_a,segment
2,3,noisy_text[punctuation] + full_diagram,OK,∠EFG,is_a,angle
2,3,noisy_text[punctuation] + full_diagram,OK,∠EGF,is_a,angle
2,3,noisy_text[punctuation] + full_diagram,OK,AB,parallel_to,CD
2,3,noisy_text[punctuation] + full_diagram,OK,EF,intersects,AB
2,3,noisy_text[punctuation] + full_diagram,OK,EF,intersects,CD
2,3,noisy_text[punctuation] + full_diagram,OK,EG,intersects,CD
2,3,noisy_text[punctuation] + full_diagram,OK,EF,intersects,"AB, at, E"
2,3,noisy_text[punctuation] + full_diagram,OK,EF,intersects,"CD, at, F"
2,3,noisy_text[punctuation] + full_diagram,OK,EG,bisects,∠BEF
2,3,noisy_text[punctuation] + full_diagram,OK,EG,intersects,"CD, at, G"
2,3,noisy_text[punctuation] + full_diagram,OK,∠EFG,has_measure,50_deg
2,3,noisy_text[punctuation] + full_diagram,OK,∠EGF,has_measure,?
,,,,,,
3,3,noisy_text[punctuation] + full_diagram,OK,BC,intersects,BA
3,3,noisy_text[punctuation] + full_diagram,OK,BA,intersects,B
3,3,noisy_text[punctuation] + full_diagram,OK,BD,bisects,∠ABC
3,3,noisy_text[punctuation] + full_diagram,OK,CD,parallel_to,AB
3,3,noisy_text[punctuation] + full_diagram,OK,∠BCD,has_measure,70_deg
3,3,noisy_text[punctuation] + full_diagram,OK,BC,is_a,segment
3,3,noisy_text[punctuation] + full_diagram,OK,BA,is_a,segment
3,3,noisy_text[punctuation] + full_diagram,OK,BD,is_a,segment
3,3,noisy_text[punctuation] + full_diagram,OK,CD,is_a,segment
3,3,noisy_text[punctuation] + full_diagram,OK,∠ABC,is_a,angle
3,3,noisy_text[punctuation] + full_diagram,OK,∠CDB,is_a,angle
3,3,noisy_text[punctuation] + full_diagram,OK,B,is_a,point
3,3,noisy_text[punctuation] + full_diagram,OK,C,is_a,point
3,3,noisy_text[punctuation] + full_diagram,OK,D,is_a,point
3,3,noisy_text[punctuation] + full_diagram,OK,A,is_a,point
3,3,noisy_text[punctuation] + full_diagram,OK,BD,connects,B
3,3,noisy_text[punctuation] + full_diagram,OK,BD,connects,D
3,3,noisy_text[punctuation] + full_diagram,OK,BC,connects,B
3,3,noisy_text[punctuation] + full_diagram,OK,BC,connects,C
3,3,noisy_text[punctuation] + full_diagram,OK,BA,connects,B
3,3,noisy_text[punctuation] + full_diagram,OK,BA,connects,A
3,3,noisy_text[punctuation] + full_diagram,OK,CD,connects,C
3,3,noisy_text[punctuation] + full_diagram,OK,CD,connects,D
3,3,noisy_text[punctuation] + full_diagram,OK,∠BCD,connects,B
3,3,noisy_text[punctuation] + full_diagram,OK,∠BCD,connects,C
3,3,noisy_text[punctuation] + full_diagram,OK,∠BCD,connects,D
3,3,noisy_text[punctuation] + full_diagram,OK,∠CDB,connects,C
3,3,noisy_text[punctuation] + full_diagram,OK,∠CDB,connects,D
3,3,noisy_text[punctuation] + full_diagram,OK,∠CDB,connects,B
,,,,,,
4,3,noisy_text[punctuation] + full_diagram,OK,A,is_a,point
4,3,noisy_text[punctuation] + full_diagram,OK,B,is_a,point
4,3,noisy_text[punctuation] + full_diagram,OK,O,is_a,point
4,3,noisy_text[punctuation] + full_diagram,OK,C,is_a,point
4,3,noisy_text[punctuation] + full_diagram,OK,AB,is_a,segment
4,3,noisy_text[punctuation] + full_diagram,OK,AO,is_a,segment
4,3,noisy_text[punctuation] + full_diagram,OK,BC,is_a,segment
4,3,noisy_text[punctuation] + full_diagram,OK,O,is_a,circle
4,3,noisy_text[punctuation] + full_diagram,OK,AB,tangent_to,O
4,3,noisy_text[punctuation] + full_diagram,OK,AO,intersects,O
4,3,noisy_text[punctuation] + full_diagram,OK,AO,intersects,C
4,3,noisy_text[punctuation] + full_diagram,OK,AB,connects,B
4,3,noisy_text[punctuation] + full_diagram,OK,AO,connects,O
4,3,noisy_text[punctuation] + full_diagram,OK,A,has_measure,36_deg
,,,,,,
7,3,noisy_text[punctuation] + full_diagram,OK,Triangle ABC,is_a,triangle
7,3,noisy_text[punctuation] + full_diagram,OK,Triangle ADE,is_a,triangle
7,3,noisy_text[punctuation] + full_diagram,OK,A,is_a,vertex
7,3,noisy_text[punctuation] + full_diagram,OK,B,is_a,point
7,3,noisy_text[punctuation] + full_diagram,OK,C,is_a,point
7,3,noisy_text[punctuation] + full_diagram,OK,D,is_a,point
7,3,noisy_text[punctuation] + full_diagram,OK,E,is_a,point
7,3,noisy_text[punctuation] + full_diagram,OK,Triangle ABC,connects,A
7,3,noisy_text[punctuation] + full_diagram,OK,Triangle ABC,connects,B
7,3,noisy_text[punctuation] + full_diagram,OK,Triangle ABC,connects,C
7,3,noisy_text[punctuation] + full_diagram,OK,Triangle ADE,connects,A
7,3,noisy_text[punctuation] + full_diagram,OK,Triangle ADE,connects,D
7,3,noisy_text[punctuation] + full_diagram,OK,Triangle ADE,connects,E
7,3,noisy_text[punctuation] + full_diagram,OK,A,is_a,common_vertex
7,3,noisy_text[punctuation] + full_diagram,OK,∠B,is_a,angle
7,3,noisy_text[punctuation] + full_diagram,OK,∠B,has_measure,70_deg
7,3,noisy_text[punctuation] + full_diagram,OK,∠C,is_a,angle
7,3,noisy_text[punctuation] + full_diagram,OK,∠C,has_measure,30_deg
7,3,noisy_text[punctuation] + full_diagram,OK,∠DAC,is_a,angle
7,3,noisy_text[punctuation] + full_diagram,OK,∠DAC,has_measure,35_deg
,,,,,,
8,3,noisy_text[punctuation] + full_diagram,OK,A,is_a,point
8,3,noisy_text[punctuation] + full_diagram,OK,B,is_a,point
8,3,noisy_text[punctuation] + full_diagram,OK,C,is_a,point
8,3,noisy_text[punctuation] + full_diagram,OK,D,is_a,point
8,3,noisy_text[punctuation] + full_diagram,OK,E,is_a,point
8,3,noisy_text[punctuation] + full_diagram,OK,F,is_a,point
8,3,noisy_text[punctuation] + full_diagram,OK,ABC,is_a,triangle
8,3,noisy_text[punctuation] + full_diagram,OK,DEF,is_a,triangle
8,3,noisy_text[punctuation] + full_diagram,OK,A,is_a,vertex
8,3,noisy_text[punctuation] + full_diagram,OK,B,is_a,vertex
8,3,noisy_text[punctuation] + full_diagram,OK,C,is_a,vertex
8,3,noisy_text[punctuation] + full_diagram,OK,D,is_a,vertex
8,3,noisy_text[punctuation] + full_diagram,OK,E,is_a,vertex
8,3,noisy_text[punctuation] + full_diagram,OK,F,is_a,vertex
8,3,noisy_text[punctuation] + full_diagram,OK,A,mapped_to,D
8,3,noisy_text[punctuation] + full_diagram,OK,B,mapped_to,E
8,3,noisy_text[punctuation] + full_diagram,OK,ABC,congruent_to,DEF
8,3,noisy_text[punctuation] + full_diagram,OK,BC,is_a,segment
8,3,noisy_text[punctuation] + full_diagram,OK,BF,is_a,segment
8,3,noisy_text[punctuation] + full_diagram,OK,BC,has_measure,5_units
8,3,noisy_text[punctuation] + full_diagram,OK,BF,has_measure,7_units
8,3,noisy_text[punctuation] + full_diagram,OK,EC,is_a,segment
8,3,noisy_text[punctuation] + full_diagram,OK,EC,has_measure,?
,,,,,,
9,3,noisy_text[punctuation] + full_diagram,OK,A,is_a,point
9,3,noisy_text[punctuation] + full_diagram,OK,B,is_a,point
9,3,noisy_text[punctuation] + full_diagram,OK,C,is_a,point
9,3,noisy_text[punctuation] + full_diagram,OK,D,is_a,point
9,3,noisy_text[punctuation] + full_diagram,OK,E,is_a,point
9,3,noisy_text[punctuation] + full_diagram,OK,AB,is_a,segment
9,3,noisy_text[punctuation] + full_diagram,OK,AC,is_a,segment
9,3,noisy_text[punctuation] + full_diagram,OK,BC,is_a,segment
9,3,noisy_text[punctuation] + full_diagram,OK,AD,is_a,segment
9,3,noisy_text[punctuation] + full_diagram,OK,DE,is_a,segment
9,3,noisy_text[punctuation] + full_diagram,OK,∠C,is_a,angle
9,3,noisy_text[punctuation] + full_diagram,OK,∠CAB,is_a,angle
9,3,noisy_text[punctuation] + full_diagram,OK,∠D,is_a,angle
9,3,noisy_text[punctuation] + full_diagram,OK,A,connects,B
9,3,noisy_text[punctuation] + full_diagram,OK,B,connects,C
9,3,noisy_text[punctuation] + full_diagram,OK,C,connects,A
9,3,noisy_text[punctuation] + full_diagram,OK,A,connects,D
9,3,noisy_text[punctuation] + full_diagram,OK,D,connects,B
9,3,noisy_text[punctuation] + full_diagram,OK,B,connects,E
9,3,noisy_text[punctuation] + full_diagram,OK,E,connects,D
9,3,noisy_text[punctuation] + full_diagram,OK,A,connects,E
9,3,noisy_text[punctuation] + full_diagram,OK,AC,has_measure,?
9,3,noisy_text[punctuation] + full_diagram,OK,BC,has_measure,?
9,3,noisy_text[punctuation] + full_diagram,OK,AB,has_measure,6.0
9,3,noisy_text[punctuation] + full_diagram,OK,∠C,has_measure,90_deg
9,3,noisy_text[punctuation] + full_diagram,OK,DE,perpendicular_to,AB
9,3,noisy_text[punctuation] + full_diagram,OK,AD,bisects,∠CAB
,,,,,,
10,3,noisy_text[punctuation] + full_diagram,OK,A,is_a,point
10,3,noisy_text[punctuation] + full_diagram,OK,B,is_a,point
10,3,noisy_text[punctuation] + full_diagram,OK,C,is_a,point
10,3,noisy_text[punctuation] + full_diagram,OK,A,connects,B
10,3,noisy_text[punctuation] + full_diagram,OK,AB,is_a,segment
10,3,noisy_text[punctuation] + full_diagram,OK,A,connects,C
10,3,noisy_text[punctuation] + full_diagram,OK,AC,is_a,segment
10,3,noisy_text[punctuation] + full_diagram,OK,B,connects,C
10,3,noisy_text[punctuation] + full_diagram,OK,BC,is_a,segment
10,3,noisy_text[punctuation] + full_diagram,OK,AB,has_measure,?
10,3,noisy_text[punctuation] + full_diagram,OK,AC,has_measure,?
10,3,noisy_text[punctuation] + full_diagram,OK,BC,has_measure,?
10,3,noisy_text[punctuation] + full_diagram,OK,ABC,is_a,triangle
10,3,noisy_text[punctuation] + full_diagram,OK,AB,is_a,side
10,3,noisy_text[punctuation] + full_diagram,OK,AC,is_a,side
10,3,noisy_text[punctuation] + full_diagram,OK,BC,is_a,side
10,3,noisy_text[punctuation] + full_diagram,OK,∠BAC,is_a,angle
10,3,noisy_text[punctuation] + full_diagram,OK,∠BAC,has_measure,36_deg
10,3,noisy_text[punctuation] + full_diagram,OK,E,is_a,point
10,3,noisy_text[punctuation] + full_diagram,OK,D,is_a,point
10,3,noisy_text[punctuation] + full_diagram,OK,AB,perpendicular_to,DE
10,3,noisy_text[punctuation] + full_diagram,OK,DE,is_a,segment
10,3,noisy_text[punctuation] + full_diagram,OK,DE,intersects,AB
10,3,noisy_text[punctuation] + full_diagram,OK,DE,intersects,AC
10,3,noisy_text[punctuation] + full_diagram,OK,DE,intersects,"AB, at, E"
10,3,noisy_text[punctuation] + full_diagram,OK,DE,intersects,"AC, at, D"
10,3,noisy_text[punctuation] + full_diagram,OK,AB,is_a,perpendicular_bisector
,,,,,,
11,3,noisy_text[punctuation] + full_diagram,OK,A,is_a,point
11,3,noisy_text[punctuation] + full_diagram,OK,B,is_a,point
11,3,noisy_text[punctuation] + full_diagram,OK,C,is_a,point
11,3,noisy_text[punctuation] + full_diagram,OK,D,is_a,point
11,3,noisy_text[punctuation] + full_diagram,OK,E,is_a,point
11,3,noisy_text[punctuation] + full_diagram,OK,F,is_a,point
11,3,noisy_text[punctuation] + full_diagram,OK,ABC,is_a,triangle
11,3,noisy_text[punctuation] + full_diagram,OK,AED,is_a,triangle
11,3,noisy_text[punctuation] + full_diagram,OK,∠C,is_a,angle
11,3,noisy_text[punctuation] + full_diagram,OK,∠C,has_measure,36_deg
11,3,noisy_text[punctuation] + full_diagram,OK,ABC,rotated_about,A
11,3,noisy_text[punctuation] + full_diagram,OK,ABC,mapped_to,AED
11,3,noisy_text[punctuation] + full_diagram,OK,ABC,rotated_about,60_deg
11,3,noisy_text[punctuation] + full_diagram,OK,AD,is_a,segment
11,3,noisy_text[punctuation] + full_diagram,OK,BC,is_a,segment
11,3,noisy_text[punctuation] + full_diagram,OK,AD,intersects,BC
11,3,noisy_text[punctuation] + full_diagram,OK,AD,connects,F
11,3,noisy_text[punctuation] + full_diagram,OK,BC,connects,F
11,3,noisy_text[punctuation] + full_diagram,OK,∠BAF,is_a,angle
11,3,noisy_text[punctuation] + full_diagram,OK,∠BAF,has_measure,60_deg
,,,,,,
14,3,noisy_text[punctuation] + full_diagram,OK,O,is_a,circle
14,3,noisy_text[punctuation] + full_diagram,OK,A,is_a,point
14,3,noisy_text[punctuation] + full_diagram,OK,B,is_a,point
14,3,noisy_text[punctuation] + full_diagram,OK,C,is_a,point
14,3,noisy_text[punctuation] + full_diagram,OK,O,is_a,point
14,3,noisy_text[punctuation] + full_diagram,OK,ABC,is_a,triangle
14,3,noisy_text[punctuation] + full_diagram,OK,ABC,lies_on,O
14,3,noisy_text[punctuation] + full_diagram,OK,OAB,is_a,angle
14,3,noisy_text[punctuation] + full_diagram,OK,OAB,has_measure,35_deg
14,3,noisy_text[punctuation] + full_diagram,OK,ACB,is_a,angle
14,3,noisy_text[punctuation] + full_diagram,OK,ACB,has_measure,?
14,3,noisy_text[punctuation] + full_diagram,OK,A,connects,B
14,3,noisy_text[punctuation] + full_diagram,OK,B,connects,C
14,3,noisy_text[punctuation] + full_diagram,OK,C,connects,A
14,3,noisy_text[punctuation] + full_diagram,OK,A,connects,O
14,3,noisy_text[punctuation] + full_diagram,OK,B,connects,O
14,3,noisy_text[punctuation] + full_diagram,OK,C,connects,O
,,,,,,
16,3,noisy_text[punctuation] + full_diagram,OK,O,is_a,circle
16,3,noisy_text[punctuation] + full_diagram,OK,A,is_a,point
16,3,noisy_text[punctuation] + full_diagram,OK,C,is_a,point
16,3,noisy_text[punctuation] + full_diagram,OK,O,is_a,point
16,3,noisy_text[punctuation] + full_diagram,OK,B,is_a,point
16,3,noisy_text[punctuation] + full_diagram,OK,AC,is_a,chord
16,3,noisy_text[punctuation] + full_diagram,OK,OB,is_a,radius
16,3,noisy_text[punctuation] + full_diagram,OK,AC,parallel_to,OB
16,3,noisy_text[punctuation] + full_diagram,OK,∠BOC,is_a,angle
16,3,noisy_text[punctuation] + full_diagram,OK,∠BOC,has_measure,50_deg
16,3,noisy_text[punctuation] + full_diagram,OK,∠OAB,is_a,angle
16,3,noisy_text[punctuation] + full_diagram,OK,O,center_of,circle
16,3,noisy_text[punctuation] + full_diagram,OK,A,lies_on,circle
16,3,noisy_text[punctuation] + full_diagram,OK,C,lies_on,circle
16,3,noisy_text[punctuation] + full_diagram,OK,B,lies_on,circle
16,3,noisy_text[punctuation] + full_diagram,OK,OB,connects,"O, B"
16,3,noisy_text[punctuation] + full_diagram,OK,AC,connects,"A, C"
16,3,noisy_text[punctuation] + full_diagram,OK,∠BOC,connects,"B, O, C"
16,3,noisy_text[punctuation] + full_diagram,OK,∠OAB,connects,"O, A, B"
,,,,,,
17,3,noisy_text[punctuation] + full_diagram,OK,A,is_a,point
17,3,noisy_text[punctuation] + full_diagram,OK,B,is_a,point
17,3,noisy_text[punctuation] + full_diagram,OK,C,is_a,point
17,3,noisy_text[punctuation] + full_diagram,OK,D,is_a,point
17,3,noisy_text[punctuation] + full_diagram,OK,O,is_a,point
17,3,noisy_text[punctuation] + full_diagram,OK,AC,is_a,segment
17,3,noisy_text[punctuation] + full_diagram,OK,BD,is_a,segment
17,3,noisy_text[punctuation] + full_diagram,OK,ABCD,is_a,parallelogram
17,3,noisy_text[punctuation] + full_diagram,OK,AC,intersects,BD
17,3,noisy_text[punctuation] + full_diagram,OK,AC,intersects,O
17,3,noisy_text[punctuation] + full_diagram,OK,BD,intersects,O
17,3,noisy_text[punctuation] + full_diagram,OK,DAC,is_a,angle
17,3,noisy_text[punctuation] + full_diagram,OK,DAC,has_measure,42_deg
17,3,noisy_text[punctuation] + full_diagram,OK,CBD,is_a,angle
17,3,noisy_text[punctuation] + full_diagram,OK,CBD,has_measure,23_deg
17,3,noisy_text[punctuation] + full_diagram,OK,COD,is_a,angle
17,3,noisy_text[punctuation] + full_diagram,OK,A,connects,B
17,3,noisy_text[punctuation] + full_diagram,OK,B,connects,C
17,3,noisy_text[punctuation] + full_diagram,OK,C,connects,D
17,3,noisy_text[punctuation] + full_diagram,OK,D,connects,A
17,3,noisy_text[punctuation] + full_diagram,OK,A,connects,D
17,3,noisy_text[punctuation] + full_diagram,OK,C,connects,A
17,3,noisy_text[punctuation] + full_diagram,OK,B,connects,D
17,3,noisy_text[punctuation] + full_diagram,OK,D,connects,B
,,,,,,
20,3,noisy_text[punctuation] + full_diagram,OK,A,is_a,point
20,3,noisy_text[punctuation] + full_diagram,OK,B,is_a,point
20,3,noisy_text[punctuation] + full_diagram,OK,O,is_a,point
20,3,noisy_text[punctuation] + full_diagram,OK,C,is_a,point
20,3,noisy_text[punctuation] + full_diagram,OK,D,is_a,point
20,3,noisy_text[punctuation] + full_diagram,OK,AB,is_a,segment
20,3,noisy_text[punctuation] + full_diagram,OK,AC,is_a,segment
20,3,noisy_text[punctuation] + full_diagram,OK,BC,is_a,segment
20,3,noisy_text[punctuation] + full_diagram,OK,CD,is_a,segment
20,3,noisy_text[punctuation] + full_diagram,OK,OD,is_a,segment
20,3,noisy_text[punctuation] + full_diagram,OK,AB,center_of,O
20,3,noisy_text[punctuation] + full_diagram,OK,A,lies_on,O
20,3,noisy_text[punctuation] + full_diagram,OK,B,lies_on,O
20,3,noisy_text[punctuation] + full_diagram,OK,C,lies_on,O
20,3,noisy_text[punctuation] + full_diagram,OK,D,lies_on,O
20,3,noisy_text[punctuation] + full_diagram,OK,∠DOB,is_a,angle
20,3,noisy_text[punctuation] + full_diagram,OK,∠DOB,has_measure,140_deg
,,,,,,
22,3,noisy_text[punctuation] + full_diagram,OK,A,is_a,point
22,3,noisy_text[punctuation] + full_diagram,OK,B,is_a,point
22,3,noisy_text[punctuation] + full_diagram,OK,C,is_a,point
22,3,noisy_text[punctuation] + full_diagram,OK,D,is_a,point
22,3,noisy_text[punctuation] + full_diagram,OK,M,is_a,point
22,3,noisy_text[punctuation] + full_diagram,OK,N,is_a,point
22,3,noisy_text[punctuation] + full_diagram,OK,O,is_a,point
22,3,noisy_text[punctuation] + full_diagram,OK,ABCD,is_a,diamond
22,3,noisy_text[punctuation] + full_diagram,OK,M,lies_on,AB
22,3,noisy_text[punctuation] + full_diagram,OK,N,lies_on,CD
22,3,noisy_text[punctuation] + full_diagram,OK,AM,has_measure,CN
22,3,noisy_text[punctuation] + full_diagram,OK,MN,intersects,AC
22,3,noisy_text[punctuation] + full_diagram,OK,AC,intersects,MN
22,3,noisy_text[punctuation] + full_diagram,OK,BO,connects,O
22,3,noisy_text[punctuation] + full_diagram,OK,∠DAC,has_measure,28_deg
22,3,noisy_text[punctuation] + full_diagram,OK,AM,has_measure,?
22,3,noisy_text[punctuation] + full_diagram,OK,CN,has_measure,?
22,3,noisy_text[punctuation] + full_diagram,OK,∠OBC,has_measure,?
,,,,,,
25,3,noisy_text[punctuation] + full_diagram,OK,A,is_a,point
25,3,noisy_text[punctuation] + full_diagram,OK,B,is_a,point
25,3,noisy_text[punctuation] + full_diagram,OK,C,is_a,point
25,3,noisy_text[punctuation] + full_diagram,OK,E,is_a,point
25,3,noisy_text[punctuation] + full_diagram,OK,F,is_a,point
25,3,noisy_text[punctuation] + full_diagram,OK,EF,is_a,segment
25,3,noisy_text[punctuation] + full_diagram,OK,BC,is_a,segment
25,3,noisy_text[punctuation] + full_diagram,OK,AC,is_a,segment
25,3,noisy_text[punctuation] + full_diagram,OK,BAF,is_a,angle
25,3,noisy_text[punctuation] + full_diagram,OK,∠B,is_a,angle
25,3,noisy_text[punctuation] + full_diagram,OK,EF,parallel_to,BC
25,3,noisy_text[punctuation] + full_diagram,OK,AC,bisects,∠BAF
25,3,noisy_text[punctuation] + full_diagram,OK,∠B,has_measure,50_deg
,,,,,,
26,3,noisy_text[punctuation] + full_diagram,OK,A,is_a,point
26,3,noisy_text[punctuation] + full_diagram,OK,B,is_a,point
26,3,noisy_text[punctuation] + full_diagram,OK,C,is_a,point
26,3,noisy_text[punctuation] + full_diagram,OK,AB,is_a,segment
26,3,noisy_text[punctuation] + full_diagram,OK,AC,is_a,segment
26,3,noisy_text[punctuation] + full_diagram,OK,BC,is_a,segment
26,3,noisy_text[punctuation] + full_diagram,OK,AB,has_measure,3.2_units
26,3,noisy_text[punctuation] + full_diagram,OK,BC,has_measure,8_units
26,3,noisy_text[punctuation] + full_diagram,OK,AC,has_measure,22_units
26,3,noisy_text[punctuation] + full_diagram,OK,AB,connects,A
26,3,noisy_text[punctuation] + full_diagram,OK,AB,connects,B
26,3,noisy_text[punctuation] + full_diagram,OK,AC,connects,A
26,3,noisy_text[punctuation] + full_diagram,OK,AC,connects,C
26,3,noisy_text[punctuation] + full_diagram,OK,BC,connects,B
26,3,noisy_text[punctuation] + full_diagram,OK,BC,connects,C
26,3,noisy_text[punctuation] + full_diagram,OK,shadow,is_a,segment
26,3,noisy_text[punctuation] + full_diagram,OK,shadow,connects,B
26,3,noisy_text[punctuation] + full_diagram,OK,shadow,connects,C
26,3,noisy_text[punctuation] + full_diagram,OK,pole,is_a,segment
26,3,noisy_text[punctuation] + full_diagram,OK,pole,connects,A
26,3,noisy_text[punctuation] + full_diagram,OK,pole,connects,B
26,3,noisy_text[punctuation] + full_diagram,OK,flagpole,is_a,segment
26,3,noisy_text[punctuation] + full_diagram,OK,flagpole,connects,A
26,3,noisy_text[punctuation] + full_diagram,OK,flagpole,connects,C
26,3,noisy_text[punctuation] + full_diagram,OK,height,is_a,?
,,,,,,
29,3,noisy_text[punctuation] + full_diagram,OK,A,is_a,point
29,3,noisy_text[punctuation] + full_diagram,OK,B,is_a,point
29,3,noisy_text[punctuation] + full_diagram,OK,C,is_a,point
29,3,noisy_text[punctuation] + full_diagram,OK,D,is_a,point
29,3,noisy_text[punctuation] + full_diagram,OK,ABC,is_a,triangle
29,3,noisy_text[punctuation] + full_diagram,OK,BD,is_a,segment
29,3,noisy_text[punctuation] + full_diagram,OK,CD,is_a,segment
29,3,noisy_text[punctuation] + full_diagram,OK,∠A,is_a,angle
29,3,noisy_text[punctuation] + full_diagram,OK,∠A,has_measure,50_deg
29,3,noisy_text[punctuation] + full_diagram,OK,D,is_a,intersection_point
29,3,noisy_text[punctuation] + full_diagram,OK,BD,is_a,angle_bisector
29,3,noisy_text[punctuation] + full_diagram,OK,CD,is_a,angle_bisector
29,3,noisy_text[punctuation] + full_diagram,OK,∠BDC,is_a,angle
29,3,noisy_text[punctuation] + full_diagram,OK,∠BDC,has_measure,?
,,,,,,
30,3,noisy_text[punctuation] + full_diagram,OK,O,is_a,point
30,3,noisy_text[punctuation] + full_diagram,OK,A,is_a,point
30,3,noisy_text[punctuation] + full_diagram,OK,B,is_a,point
30,3,noisy_text[punctuation] + full_diagram,OK,C,is_a,point
30,3,noisy_text[punctuation] + full_diagram,OK,OA,is_a,segment
30,3,noisy_text[punctuation] + full_diagram,OK,OB,is_a,segment
30,3,noisy_text[punctuation] + full_diagram,OK,OC,is_a,segment
30,3,noisy_text[punctuation] + full_diagram,OK,OA,has_measure,?
30,3,noisy_text[punctuation] + full_diagram,OK,OB,has_measure,?
30,3,noisy_text[punctuation] + full_diagram,OK,OC,has_measure,?
30,3,noisy_text[punctuation] + full_diagram,OK,OA,is_a,radius
30,3,noisy_text[punctuation] + full_diagram,OK,OB,is_a,radius
30,3,noisy_text[punctuation] + full_diagram,OK,OC,is_a,radius
30,3,noisy_text[punctuation] + full_diagram,OK,O,center_of,circle
30,3,noisy_text[punctuation] + full_diagram,OK,A,lies_on,circle
30,3,noisy_text[punctuation] + full_diagram,OK,B,lies_on,circle
30,3,noisy_text[punctuation] + full_diagram,OK,C,lies_on,circle
30,3,noisy_text[punctuation] + full_diagram,OK,AC,is_a,segment
30,3,noisy_text[punctuation] + full_diagram,OK,AC,has_measure,?
30,3,noisy_text[punctuation] + full_diagram,OK,BC,is_a,segment
30,3,noisy_text[punctuation] + full_diagram,OK,BC,has_measure,?
30,3,noisy_text[punctuation] + full_diagram,OK,AB,is_a,segment
30,3,noisy_text[punctuation] + full_diagram,OK,AB,has_measure,?
30,3,noisy_text[punctuation] + full_diagram,OK,∠ACB,is_a,angle
30,3,noisy_text[punctuation] + full_diagram,OK,∠ACB,has_measure,30_deg
30,3,noisy_text[punctuation] + full_diagram,OK,∠AOB,is_a,angle
30,3,noisy_text[punctuation] + full_diagram,OK,∠AOB,has_measure,?
,,,,,,
32,3,noisy_text[punctuation] + full_diagram,OK,A,is_a,point
32,3,noisy_text[punctuation] + full_diagram,OK,B,is_a,point
32,3,noisy_text[punctuation] + full_diagram,OK,C,is_a,point
32,3,noisy_text[punctuation] + full_diagram,OK,I,is_a,point
32,3,noisy_text[punctuation] + full_diagram,OK,D,is_a,point
32,3,noisy_text[punctuation] + full_diagram,OK,E,is_a,point
32,3,noisy_text[punctuation] + full_diagram,OK,F,is_a,point
32,3,noisy_text[punctuation] + full_diagram,OK,ABC,is_a,triangle
32,3,noisy_text[punctuation] + full_diagram,OK,I,center_of,circle
32,3,noisy_text[punctuation] + full_diagram,OK,circle,is_a,inscribed_circle
32,3,noisy_text[punctuation] + full_diagram,OK,ABC,has_measure,?
32,3,noisy_text[punctuation] + full_diagram,OK,DEF,is_a,angle
32,3,noisy_text[punctuation] + full_diagram,OK,DEF,has_measure,52_deg
32,3,noisy_text[punctuation] + full_diagram,OK,D,lies_on,circle
32,3,noisy_text[punctuation] + full_diagram,OK,E,lies_on,circle
32,3,noisy_text[punctuation] + full_diagram,OK,F,lies_on,circle
32,3,noisy_text[punctuation] + full_diagram,OK,D,lies_on,ABC
32,3,noisy_text[punctuation] + full_diagram,OK,E,lies_on,ABC
32,3,noisy_text[punctuation] + full_diagram,OK,F,lies_on,ABC
32,3,noisy_text[punctuation] + full_diagram,OK,D,connects,E
32,3,noisy_text[punctuation] + full_diagram,OK,E,connects,F
32,3,noisy_text[punctuation] + full_diagram,OK,F,connects,D
32,3,noisy_text[punctuation] + full_diagram,OK,A,connects,B
32,3,noisy_text[punctuation] + full_diagram,OK,B,connects,C
32,3,noisy_text[punctuation] + full_diagram,OK,C,connects,A
,,,,,,
34,3,noisy_text[punctuation] + full_diagram,OK,A,is_a,point
34,3,noisy_text[punctuation] + full_diagram,OK,B,is_a,point
34,3,noisy_text[punctuation] + full_diagram,OK,C,is_a,point
34,3,noisy_text[punctuation] + full_diagram,OK,D,is_a,point
34,3,noisy_text[punctuation] + full_diagram,OK,E,is_a,point
34,3,noisy_text[punctuation] + full_diagram,OK,F,is_a,point
34,3,noisy_text[punctuation] + full_diagram,OK,P,is_a,point
34,3,noisy_text[punctuation] + full_diagram,OK,Q,is_a,point
34,3,noisy_text[punctuation] + full_diagram,OK,AB,is_a,line
34,3,noisy_text[punctuation] + full_diagram,OK,CD,is_a,line
34,3,noisy_text[punctuation] + full_diagram,OK,EF,is_a,line
34,3,noisy_text[punctuation] + full_diagram,OK,AB,parallel_to,CD
34,3,noisy_text[punctuation] + full_diagram,OK,P,is_a,intersection
34,3,noisy_text[punctuation] + full_diagram,OK,Q,is_a,intersection
34,3,noisy_text[punctuation] + full_diagram,OK,EF,intersects,AB
34,3,noisy_text[punctuation] + full_diagram,OK,EF,intersects,CD
34,3,noisy_text[punctuation] + full_diagram,OK,AB,connects,P
34,3,noisy_text[punctuation] + full_diagram,OK,CD,connects,Q
34,3,noisy_text[punctuation] + full_diagram,OK,∠BPF,is_a,angle
34,3,noisy_text[punctuation] + full_diagram,OK,∠BPF,has_measure,100_deg
34,3,noisy_text[punctuation] + full_diagram,OK,∠CQF,is_a,angle
34,3,noisy_text[punctuation] + full_diagram,OK,∠CQF,has_measure,?
,,,,,,
36,3,noisy_text[punctuation] + full_diagram,OK,A,is_a,point
36,3,noisy_text[punctuation] + full_diagram,OK,B,is_a,point
36,3,noisy_text[punctuation] + full_diagram,OK,O,is_a,point
36,3,noisy_text[punctuation] + full_diagram,OK,C,is_a,point
36,3,noisy_text[punctuation] + full_diagram,OK,D,is_a,point
36,3,noisy_text[punctuation] + full_diagram,OK,AB,is_a,segment
36,3,noisy_text[punctuation] + full_diagram,OK,AB,is_a,diameter
36,3,noisy_text[punctuation] + full_diagram,OK,AB,center_of,O
36,3,noisy_text[punctuation] + full_diagram,OK,C,lies_on,circle
36,3,noisy_text[punctuation] + full_diagram,OK,DC,is_a,tangent
36,3,noisy_text[punctuation] + full_diagram,OK,DC,tangent_to,circle
36,3,noisy_text[punctuation] + full_diagram,OK,DC,intersects,extension_of_AB
36,3,noisy_text[punctuation] + full_diagram,OK,extension_of_AB,intersects,D
36,3,noisy_text[punctuation] + full_diagram,OK,AB,connects,A
36,3,noisy_text[punctuation] + full_diagram,OK,AB,connects,B
36,3,noisy_text[punctuation] + full_diagram,OK,AC,is_a,segment
36,3,noisy_text[punctuation] + full_diagram,OK,AC,connects,A
36,3,noisy_text[punctuation] + full_diagram,OK,AC,connects,C
36,3,noisy_text[punctuation] + full_diagram,OK,DB,is_a,segment
36,3,noisy_text[punctuation] + full_diagram,OK,DB,connects,D
36,3,noisy_text[punctuation] + full_diagram,OK,DB,connects,B
36,3,noisy_text[punctuation] + full_diagram,OK,∠BDC,is_a,angle
36,3,noisy_text[punctuation] + full_diagram,OK,∠BDC,has_measure,50_deg
36,3,noisy_text[punctuation] + full_diagram,OK,∠BAC,is_a,angle
,,,,,,
37,3,noisy_text[punctuation] + full_diagram,OK,A,is_a,point
37,3,noisy_text[punctuation] + full_diagram,OK,B,is_a,point
37,3,noisy_text[punctuation] + full_diagram,OK,C,is_a,point
37,3,noisy_text[punctuation] + full_diagram,OK,D,is_a,point
37,3,noisy_text[punctuation] + full_diagram,OK,O,is_a,point
37,3,noisy_text[punctuation] + full_diagram,OK,P,is_a,point
37,3,noisy_text[punctuation] + full_diagram,OK,AB,is_a,line
37,3,noisy_text[punctuation] + full_diagram,OK,CD,is_a,line
37,3,noisy_text[punctuation] + full_diagram,OK,AP,is_a,segment
37,3,noisy_text[punctuation] + full_diagram,OK,AO,is_a,segment
37,3,noisy_text[punctuation] + full_diagram,OK,OP,is_a,segment
37,3,noisy_text[punctuation] + full_diagram,OK,AB,parallel_to,CD
37,3,noisy_text[punctuation] + full_diagram,OK,AB,intersects,transversal
37,3,noisy_text[punctuation] + full_diagram,OK,transversal,intersects,AB
37,3,noisy_text[punctuation] + full_diagram,OK,transversal,intersects,CD
37,3,noisy_text[punctuation] + full_diagram,OK,O,lies_on,AB
37,3,noisy_text[punctuation] + full_diagram,OK,C,lies_on,CD
37,3,noisy_text[punctuation] + full_diagram,OK,P,lies_on,transversal
37,3,noisy_text[punctuation] + full_diagram,OK,C,collinear_with,O
37,3,noisy_text[punctuation] + full_diagram,OK,O,collinear_with,P
37,3,noisy_text[punctuation] + full_diagram,OK,A,lies_on,AB
37,3,noisy_text[punctuation] + full_diagram,OK,AO,has_measure,OP
37,3,noisy_text[punctuation] + full_diagram,OK,∠OCD,has_measure,50_deg
,,,,,,
38,3,noisy_text[punctuation] + full_diagram,OK,A,is_a,point
38,3,noisy_text[punctuation] + full_diagram,OK,B,is_a,point
38,3,noisy_text[punctuation] + full_diagram,OK,C,is_a,point
38,3,noisy_text[punctuation] + full_diagram,OK,D,is_a,point
38,3,noisy_text[punctuation] + full_diagram,OK,AB,is_a,segment
38,3,noisy_text[punctuation] + full_diagram,OK,AC,is_a,segment
38,3,noisy_text[punctuation] + full_diagram,OK,AD,is_a,segment
38,3,noisy_text[punctuation] + full_diagram,OK,BC,is_a,segment
38,3,noisy_text[punctuation] + full_diagram,OK,ABC,is_a,triangle
38,3,noisy_text[punctuation] + full_diagram,OK,AB,has_measure,AC
38,3,noisy_text[punctuation] + full_diagram,OK,AD,parallel_to,BC
38,3,noisy_text[punctuation] + full_diagram,OK,D,lies_on,AD
38,3,noisy_text[punctuation] + full_diagram,OK,∠CAD,is_a,angle
38,3,noisy_text[punctuation] + full_diagram,OK,∠CAD,has_measure,70_deg
38,3,noisy_text[punctuation] + full_diagram,OK,?,is_a,angle
,,,,,,
40,3,noisy_text[punctuation] + full_diagram,OK,a,is_a,line
40,3,noisy_text[punctuation] + full_diagram,OK,b,is_a,line
40,3,noisy_text[punctuation] + full_diagram,OK,c,is_a,line
40,3,noisy_text[punctuation] + full_diagram,OK,a,parallel_to,b
40,3,noisy_text[punctuation] + full_diagram,OK,c,intersects,a
40,3,noisy_text[punctuation] + full_diagram,OK,c,intersects,b
40,3,noisy_text[punctuation] + full_diagram,OK,A,is_a,point
40,3,noisy_text[punctuation] + full_diagram,OK,A,lies_on,a
40,3,noisy_text[punctuation] + full_diagram,OK,E,is_a,point
40,3,noisy_text[punctuation] + full_diagram,OK,E,lies_on,a
40,3,noisy_text[punctuation] + full_diagram,OK,E,lies_on,c
40,3,noisy_text[punctuation] + full_diagram,OK,F,is_a,point
40,3,noisy_text[punctuation] + full_diagram,OK,F,lies_on,b
40,3,noisy_text[punctuation] + full_diagram,OK,F,lies_on,c
40,3,noisy_text[punctuation] + full_diagram,OK,B,is_a,point
40,3,noisy_text[punctuation] + full_diagram,OK,B,lies_on,b
40,3,noisy_text[punctuation] + full_diagram,OK,C,is_a,point
40,3,noisy_text[punctuation] + full_diagram,OK,C,lies_on,c
40,3,noisy_text[punctuation] + full_diagram,OK,D,is_a,point
40,3,noisy_text[punctuation] + full_diagram,OK,D,lies_on,c
40,3,noisy_text[punctuation] + full_diagram,OK,AEC,is_a,angle
40,3,noisy_text[punctuation] + full_diagram,OK,AEC,has_measure,50_deg
40,3,noisy_text[punctuation] + full_diagram,OK,BFD,is_a,angle
,,,,,,
43,3,noisy_text[punctuation] + full_diagram,OK,A,is_a,point
43,3,noisy_text[punctuation] + full_diagram,OK,B,is_a,point
43,3,noisy_text[punctuation] + full_diagram,OK,O,is_a,point
43,3,noisy_text[punctuation] + full_diagram,OK,D,is_a,point
43,3,noisy_text[punctuation] + full_diagram,OK,C,is_a,point
43,3,noisy_text[punctuation] + full_diagram,OK,OAB,is_a,triangle
43,3,noisy_text[punctuation] + full_diagram,OK,OD,is_a,segment
43,3,noisy_text[punctuation] + full_diagram,OK,OC,is_a,segment
43,3,noisy_text[punctuation] + full_diagram,OK,OA,is_a,segment
43,3,noisy_text[punctuation] + full_diagram,OK,OB,is_a,segment
43,3,noisy_text[punctuation] + full_diagram,OK,A,mapped_to,D
43,3,noisy_text[punctuation] + full_diagram,OK,B,mapped_to,C
43,3,noisy_text[punctuation] + full_diagram,OK,OAB,rotated_about,O
43,3,noisy_text[punctuation] + full_diagram,OK,OAB,rotated_about,30_deg
43,3,noisy_text[punctuation] + full_diagram,OK,OD,is_a,"image_of, OA"
43,3,noisy_text[punctuation] + full_diagram,OK,OC,is_a,"image_of, OB"
43,3,noisy_text[punctuation] + full_diagram,OK,AOC,has_measure,100_deg
43,3,noisy_text[punctuation] + full_diagram,OK,DOB,has_measure,?
,,,,,,
44,3,noisy_text[punctuation] + full_diagram,OK,A,is_a,point
44,3,noisy_text[punctuation] + full_diagram,OK,B,is_a,point
44,3,noisy_text[punctuation] + full_diagram,OK,A,is_a,street_lamp
44,3,noisy_text[punctuation] + full_diagram,OK,B,is_a,street_lamp
,,,,,,
45,3,noisy_text[punctuation] + full_diagram,OK,O,is_a,circle
45,3,noisy_text[punctuation] + full_diagram,OK,A,is_a,point
45,3,noisy_text[punctuation] + full_diagram,OK,B,is_a,point
45,3,noisy_text[punctuation] + full_diagram,OK,C,is_a,point
45,3,noisy_text[punctuation] + full_diagram,OK,O,is_a,center
45,3,noisy_text[punctuation] + full_diagram,OK,A,lies_on,O
45,3,noisy_text[punctuation] + full_diagram,OK,B,lies_on,O
45,3,noisy_text[punctuation] + full_diagram,OK,C,lies_on,O
45,3,noisy_text[punctuation] + full_diagram,OK,AO,is_a,segment
45,3,noisy_text[punctuation] + full_diagram,OK,BO,is_a,segment
45,3,noisy_text[punctuation] + full_diagram,OK,AC,is_a,segment
45,3,noisy_text[punctuation] + full_diagram,OK,BC,is_a,segment
45,3,noisy_text[punctuation] + full_diagram,OK,∠ACB,is_a,angle
45,3,noisy_text[punctuation] + full_diagram,OK,∠ACB,has_measure,35_deg
45,3,noisy_text[punctuation] + full_diagram,OK,∠AOB,is_a,angle
45,3,noisy_text[punctuation] + full_diagram,OK,∠AOB,has_measure,?
,,,,,,
46,3,noisy_text[punctuation] + full_diagram,OK,A,is_a,point
46,3,noisy_text[punctuation] + full_diagram,OK,B,is_a,point
46,3,noisy_text[punctuation] + full_diagram,OK,C,is_a,point
46,3,noisy_text[punctuation] + full_diagram,OK,D,is_a,point
46,3,noisy_text[punctuation] + full_diagram,OK,AB,is_a,line
46,3,noisy_text[punctuation] + full_diagram,OK,CD,is_a,line
46,3,noisy_text[punctuation] + full_diagram,OK,AB,parallel_to,CD
46,3,noisy_text[punctuation] + full_diagram,OK,transversal,is_a,line
46,3,noisy_text[punctuation] + full_diagram,OK,transversal,intersects,AB
46,3,noisy_text[punctuation] + full_diagram,OK,transversal,intersects,CD
46,3,noisy_text[punctuation] + full_diagram,OK,A,lies_on,AB
46,3,noisy_text[punctuation] + full_diagram,OK,C,lies_on,CD
46,3,noisy_text[punctuation] + full_diagram,OK,∠CAB,is_a,angle
46,3,noisy_text[punctuation] + full_diagram,OK,∠CAB,has_measure,70_deg
46,3,noisy_text[punctuation] + full_diagram,OK,1,is_a,angle
46,3,noisy_text[punctuation] + full_diagram,OK,1,has_measure,?
,,,,,,
48,3,noisy_text[punctuation] + full_diagram,OK,O,is_a,point
48,3,noisy_text[punctuation] + full_diagram,OK,A,is_a,point
48,3,noisy_text[punctuation] + full_diagram,OK,B,is_a,point
48,3,noisy_text[punctuation] + full_diagram,OK,C,is_a,point
48,3,noisy_text[punctuation] + full_diagram,OK,O,is_a,center
48,3,noisy_text[punctuation] + full_diagram,OK,A,lies_on,circle
48,3,noisy_text[punctuation] + full_diagram,OK,B,lies_on,circle
48,3,noisy_text[punctuation] + full_diagram,OK,C,lies_on,circle
48,3,noisy_text[punctuation] + full_diagram,OK,O,center_of,circle
48,3,noisy_text[punctuation] + full_diagram,OK,BOC,is_a,central_angle
48,3,noisy_text[punctuation] + full_diagram,OK,BOC,has_measure,100_deg
48,3,noisy_text[punctuation] + full_diagram,OK,BAC,is_a,inscribed_angle
48,3,noisy_text[punctuation] + full_diagram,OK,BAC,has_measure,?
48,3,noisy_text[punctuation] + full_diagram,OK,Question,is_a,inscribed_angle
48,3,noisy_text[punctuation] + full_diagram,OK,Question,target,BAC
,,,,,,
49,3,noisy_text[punctuation] + full_diagram,OK,A,is_a,point
49,3,noisy_text[punctuation] + full_diagram,OK,B,is_a,point
49,3,noisy_text[punctuation] + full_diagram,OK,C,is_a,point
49,3,noisy_text[punctuation] + full_diagram,OK,D,is_a,point
49,3,noisy_text[punctuation] + full_diagram,OK,E,is_a,point
49,3,noisy_text[punctuation] + full_diagram,OK,ABCDE,is_a,cyclic_pentagon
49,3,noisy_text[punctuation] + full_diagram,OK,A,lies_on,circle
49,3,noisy_text[punctuation] + full_diagram,OK,B,lies_on,circle
49,3,noisy_text[punctuation] + full_diagram,OK,C,lies_on,circle
49,3,noisy_text[punctuation] + full_diagram,OK,D,lies_on,circle
49,3,noisy_text[punctuation] + full_diagram,OK,E,lies_on,circle
49,3,noisy_text[punctuation] + full_diagram,OK,O,is_a,point
49,3,noisy_text[punctuation] + full_diagram,OK,O,center_of,circle
49,3,noisy_text[punctuation] + full_diagram,OK,∠BAC,is_a,angle
49,3,noisy_text[punctuation] + full_diagram,OK,∠BAC,has_measure,35_deg
49,3,noisy_text[punctuation] + full_diagram,OK,∠AED,is_a,angle
49,3,noisy_text[punctuation] + full_diagram,OK,∠AED,has_measure,115_deg
49,3,noisy_text[punctuation] + full_diagram,OK,∠BAE,is_a,angle
49,3,noisy_text[punctuation] + full_diagram,OK,∠BAE,has_measure,30_deg
49,3,noisy_text[punctuation] + full_diagram,OK,∠ABC,is_a,angle
,,,,,,
50,3,noisy_text[punctuation] + full_diagram,OK,A,is_a,point
50,3,noisy_text[punctuation] + full_diagram,OK,B,is_a,point
50,3,noisy_text[punctuation] + full_diagram,OK,C,is_a,point
50,3,noisy_text[punctuation] + full_diagram,OK,D,is_a,point
50,3,noisy_text[punctuation] + full_diagram,OK,E,is_a,point
50,3,noisy_text[punctuation] + full_diagram,OK,O,is_a,point
50,3,noisy_text[punctuation] + full_diagram,OK,AB,is_a,line
50,3,noisy_text[punctuation] + full_diagram,OK,CD,is_a,line
50,3,noisy_text[punctuation] + full_diagram,OK,EO,is_a,line
50,3,noisy_text[punctuation] + full_diagram,OK,AB,intersects,CD
50,3,noisy_text[punctuation] + full_diagram,OK,AB,intersects,EO
50,3,noisy_text[punctuation] + full_diagram,OK,CD,intersects,EO
50,3,noisy_text[punctuation] + full_diagram,OK,EO,perpendicular_to,AB
50,3,noisy_text[punctuation] + full_diagram,OK,∠BOD,is_a,angle
50,3,noisy_text[punctuation] + full_diagram,OK,∠BOD,has_measure,50_deg
50,3,noisy_text[punctuation] + full_diagram,OK,∠COE,is_a,angle
50,3,noisy_text[punctuation] + full_diagram,OK,O,is_a,foot_of_perpendicular
,,,,,,
53,3,noisy_text[punctuation] + full_diagram,OK,a,is_a,line
53,3,noisy_text[punctuation] + full_diagram,OK,c,is_a,point
53,3,noisy_text[punctuation] + full_diagram,OK,55_deg,is_a,angle
53,3,noisy_text[punctuation] + full_diagram,OK,55_deg,has_measure,55
53,3,noisy_text[punctuation] + full_diagram,OK,a,connects,c
53,3,noisy_text[punctuation] + full_diagram,OK,b,is_a,line
53,3,noisy_text[punctuation] + full_diagram,OK,?_deg,is_a,angle
53,3,noisy_text[punctuation] + full_diagram,OK,b,connects,?
53,3,noisy_text[punctuation] + full_diagram,OK,1,is_a,angle
53,3,noisy_text[punctuation] + full_diagram,OK,2,is_a,angle
53,3,noisy_text[punctuation] + full_diagram,OK,c,lies_on,a
53,3,noisy_text[punctuation] + full_diagram,OK,?_deg,has_measure,?
53,3,noisy_text[punctuation] + full_diagram,OK,1,has_measure,55_deg
53,3,noisy_text[punctuation] + full_diagram,OK,2,has_measure,?_deg
53,3,noisy_text[punctuation] + full_diagram,OK,a,parallel_to,b
,,,,,,
55,3,noisy_text[punctuation] + full_diagram,OK,O,is_a,point
55,3,noisy_text[punctuation] + full_diagram,OK,AB,is_a,line
55,3,noisy_text[punctuation] + full_diagram,OK,CD,is_a,line
55,3,noisy_text[punctuation] + full_diagram,OK,O,lies_on,AB
55,3,noisy_text[punctuation] + full_diagram,OK,O,lies_on,CD
55,3,noisy_text[punctuation] + full_diagram,OK,OM,is_a,line
55,3,noisy_text[punctuation] + full_diagram,OK,ON,is_a,line
55,3,noisy_text[punctuation] + full_diagram,OK,OM,bisects,∠AOC
55,3,noisy_text[punctuation] + full_diagram,OK,ON,perpendicular_to,OM
55,3,noisy_text[punctuation] + full_diagram,OK,∠AOC,has_measure,70_deg
55,3,noisy_text[punctuation] + full_diagram,OK,AB,intersects,CD
55,3,noisy_text[punctuation] + full_diagram,OK,OM,connects,O
55,3,noisy_text[punctuation] + full_diagram,OK,ON,connects,O
55,3,noisy_text[punctuation] + full_diagram,OK,∠CON,is_a,angle
55,3,noisy_text[punctuation] + full_diagram,OK,∠CON,has_measure,?
,,,,,,
56,3,noisy_text[punctuation] + full_diagram,OK,O,is_a,point
56,3,noisy_text[punctuation] + full_diagram,OK,C,is_a,point
56,3,noisy_text[punctuation] + full_diagram,OK,D,is_a,point
56,3,noisy_text[punctuation] + full_diagram,OK,E,is_a,point
56,3,noisy_text[punctuation] + full_diagram,OK,F,is_a,point
56,3,noisy_text[punctuation] + full_diagram,OK,G,is_a,point
56,3,noisy_text[punctuation] + full_diagram,OK,CD,is_a,diameter
56,3,noisy_text[punctuation] + full_diagram,OK,EF,is_a,chord
56,3,noisy_text[punctuation] + full_diagram,OK,O,center_of,circle
56,3,noisy_text[punctuation] + full_diagram,OK,CD,connects,C
56,3,noisy_text[punctuation] + full_diagram,OK,CD,connects,D
56,3,noisy_text[punctuation] + full_diagram,OK,EF,connects,E
56,3,noisy_text[punctuation] + full_diagram,OK,EF,connects,F
56,3,noisy_text[punctuation] + full_diagram,OK,CD,intersects,EF
56,3,noisy_text[punctuation] + full_diagram,OK,G,is_a,midpoint
56,3,noisy_text[punctuation] + full_diagram,OK,EF,intersects,CD
56,3,noisy_text[punctuation] + full_diagram,OK,G,lies_on,EF
56,3,noisy_text[punctuation] + full_diagram,OK,G,lies_on,CD
56,3,noisy_text[punctuation] + full_diagram,OK,C,lies_on,circle
56,3,noisy_text[punctuation] + full_diagram,OK,E,lies_on,circle
56,3,noisy_text[punctuation] + full_diagram,OK,F,lies_on,circle
56,3,noisy_text[punctuation] + full_diagram,OK,DCF,is_a,angle
56,3,noisy_text[punctuation] + full_diagram,OK,DCF,has_measure,20_deg
56,3,noisy_text[punctuation] + full_diagram,OK,EOD,is_a,angle
,,,,,,
57,3,noisy_text[punctuation] + full_diagram,OK,A,is_a,point
57,3,noisy_text[punctuation] + full_diagram,OK,B,is_a,point
57,3,noisy_text[punctuation] + full_diagram,OK,C,is_a,point
57,3,noisy_text[punctuation] + full_diagram,OK,D,is_a,point
57,3,noisy_text[punctuation] + full_diagram,OK,E,is_a,point
57,3,noisy_text[punctuation] + full_diagram,OK,AB,is_a,segment
57,3,noisy_text[punctuation] + full_diagram,OK,CD,is_a,segment
57,3,noisy_text[punctuation] + full_diagram,OK,AD,is_a,segment
57,3,noisy_text[punctuation] + full_diagram,OK,BC,is_a,segment
57,3,noisy_text[punctuation] + full_diagram,OK,AB,parallel_to,CD
57,3,noisy_text[punctuation] + full_diagram,OK,AB,is_a,horizontal
57,3,noisy_text[punctuation] + full_diagram,OK,CD,is_a,horizontal
57,3,noisy_text[punctuation] + full_diagram,OK,C,lies_on,CD
57,3,noisy_text[punctuation] + full_diagram,OK,D,lies_on,CD
57,3,noisy_text[punctuation] + full_diagram,OK,A,lies_on,AB
57,3,noisy_text[punctuation] + full_diagram,OK,B,lies_on,AB
57,3,noisy_text[punctuation] + full_diagram,OK,AD,intersects,BC
57,3,noisy_text[punctuation] + full_diagram,OK,AD,connects,"A, D"
57,3,noisy_text[punctuation] + full_diagram,OK,BC,connects,"B, C"
57,3,noisy_text[punctuation] + full_diagram,OK,E,lies_on,AD
57,3,noisy_text[punctuation] + full_diagram,OK,E,lies_on,BC
57,3,noisy_text[punctuation] + full_diagram,OK,∠ABC,is_a,angle
57,3,noisy_text[punctuation] + full_diagram,OK,∠ABC,has_measure,20_deg
57,3,noisy_text[punctuation] + full_diagram,OK,∠DCB,is_a,angle
57,3,noisy_text[punctuation] + full_diagram,OK,∠DCB,has_measure,?
,,,,,,
58,3,noisy_text[punctuation] + full_diagram,OK,A,is_a,point
58,3,noisy_text[punctuation] + full_diagram,OK,B,is_a,point
58,3,noisy_text[punctuation] + full_diagram,OK,C,is_a,point
58,3,noisy_text[punctuation] + full_diagram,OK,D,is_a,point
58,3,noisy_text[punctuation] + full_diagram,OK,E,is_a,point
58,3,noisy_text[punctuation] + full_diagram,OK,AB,is_a,segment
58,3,noisy_text[punctuation] + full_diagram,OK,CD,is_a,segment
58,3,noisy_text[punctuation] + full_diagram,OK,EC,is_a,segment
58,3,noisy_text[punctuation] + full_diagram,OK,ED,is_a,segment
58,3,noisy_text[punctuation] + full_diagram,OK,∠CED,is_a,angle
58,3,noisy_text[punctuation] + full_diagram,OK,∠AEC,is_a,angle
58,3,noisy_text[punctuation] + full_diagram,OK,∠CDE,is_a,angle
58,3,noisy_text[punctuation] + full_diagram,OK,AB,parallel_to,CD
58,3,noisy_text[punctuation] + full_diagram,OK,E,lies_on,AB
58,3,noisy_text[punctuation] + full_diagram,OK,C,lies_on,CD
58,3,noisy_text[punctuation] + full_diagram,OK,D,lies_on,CD
58,3,noisy_text[punctuation] + full_diagram,OK,EC,connects,"E, C"
58,3,noisy_text[punctuation] + full_diagram,OK,ED,connects,"E, D"
58,3,noisy_text[punctuation] + full_diagram,OK,∠CED,has_measure,90_deg
58,3,noisy_text[punctuation] + full_diagram,OK,∠AEC,has_measure,35_deg
58,3,noisy_text[punctuation] + full_diagram,OK,A,collinear_with,"E, B"
,,,,,,
59,3,noisy_text[punctuation] + full_diagram,OK,A,is_a,point
59,3,noisy_text[punctuation] + full_diagram,OK,B,is_a,point
59,3,noisy_text[punctuation] + full_diagram,OK,C,is_a,point
59,3,noisy_text[punctuation] + full_diagram,OK,D,is_a,point
59,3,noisy_text[punctuation] + full_diagram,OK,AB,is_a,segment
59,3,noisy_text[punctuation] + full_diagram,OK,CD,is_a,segment
59,3,noisy_text[punctuation] + full_diagram,OK,AC,is_a,segment
59,3,noisy_text[punctuation] + full_diagram,OK,AD,is_a,segment
59,3,noisy_text[punctuation] + full_diagram,OK,AB,parallel_to,CD
59,3,noisy_text[punctuation] + full_diagram,OK,A,lies_on,AB
59,3,noisy_text[punctuation] + full_diagram,OK,B,lies_on,AB
59,3,noisy_text[punctuation] + full_diagram,OK,C,lies_on,CD
59,3,noisy_text[punctuation] + full_diagram,OK,D,lies_on,CD
59,3,noisy_text[punctuation] + full_diagram,OK,AC,connects,"A, C"
59,3,noisy_text[punctuation] + full_diagram,OK,AD,connects,"A, D"
59,3,noisy_text[punctuation] + full_diagram,OK,AD,bisects,∠BAC
59,3,noisy_text[punctuation] + full_diagram,OK,∠ACD,has_measure,80_deg
59,3,noisy_text[punctuation] + full_diagram,OK,∠CDA,is_a,angle
59,3,noisy_text[punctuation] + full_diagram,OK,∠CDA,has_measure,?
59,3,noisy_text[punctuation] + full_diagram,OK,AB,is_a,line
59,3,noisy_text[punctuation] + full_diagram,OK,CD,is_a,line
,,,,,,
60,3,noisy_text[punctuation] + full_diagram,OK,A,is_a,point
60,3,noisy_text[punctuation] + full_diagram,OK,B,is_a,point
60,3,noisy_text[punctuation] + full_diagram,OK,C,is_a,point
60,3,noisy_text[punctuation] + full_diagram,OK,D,is_a,point
60,3,noisy_text[punctuation] + full_diagram,OK,AB,is_a,segment
60,3,noisy_text[punctuation] + full_diagram,OK,CD,is_a,segment
60,3,noisy_text[punctuation] + full_diagram,OK,AB,parallel_to,CD
60,3,noisy_text[punctuation] + full_diagram,OK,∠ACD,is_a,angle
60,3,noisy_text[punctuation] + full_diagram,OK,∠ACD,has_measure,135_deg
60,3,noisy_text[punctuation] + full_diagram,OK,∠1,is_a,angle
60,3,noisy_text[punctuation] + full_diagram,OK,∠2,is_a,angle
60,3,noisy_text[punctuation] + full_diagram,OK,AB,intersects,CD
60,3,noisy_text[punctuation] + full_diagram,OK,AB,connects,A
60,3,noisy_text[punctuation] + full_diagram,OK,AB,connects,B
60,3,noisy_text[punctuation] + full_diagram,OK,CD,connects,C
60,3,noisy_text[punctuation] + full_diagram,OK,CD,connects,D
,,,,,,
64,3,noisy_text[punctuation] + full_diagram,OK,O,is_a,point
64,3,noisy_text[punctuation] + full_diagram,OK,O,center_of,circle
64,3,noisy_text[punctuation] + full_diagram,OK,AB,is_a,segment
64,3,noisy_text[punctuation] + full_diagram,OK,A,is_a,point
64,3,noisy_text[punctuation] + full_diagram,OK,B,is_a,point
64,3,noisy_text[punctuation] + full_diagram,OK,A,lies_on,circle
64,3,noisy_text[punctuation] + full_diagram,OK,B,lies_on,circle
64,3,noisy_text[punctuation] + full_diagram,OK,O,lies_on,AB
64,3,noisy_text[punctuation] + full_diagram,OK,AB,has_measure,160_units
64,3,noisy_text[punctuation] + full_diagram,OK,circle,diameter_of,AB
64,3,noisy_text[punctuation] + full_diagram,OK,AB,diameter_of,circle
64,3,noisy_text[punctuation] + full_diagram,OK,circle,has_measure,200_units
64,3,noisy_text[punctuation] + full_diagram,OK,depth,is_a,?
,,,,,,
72,3,noisy_text[punctuation] + full_diagram,OK,A,is_a,point
72,3,noisy_text[punctuation] + full_diagram,OK,B,is_a,point
72,3,noisy_text[punctuation] + full_diagram,OK,C,is_a,point
72,3,noisy_text[punctuation] + full_diagram,OK,D,is_a,point
72,3,noisy_text[punctuation] + full_diagram,OK,O,is_a,point
72,3,noisy_text[punctuation] + full_diagram,OK,E,is_a,point
72,3,noisy_text[punctuation] + full_diagram,OK,AB,is_a,segment
72,3,noisy_text[punctuation] + full_diagram,OK,BC,is_a,segment
72,3,noisy_text[punctuation] + full_diagram,OK,CD,is_a,segment
72,3,noisy_text[punctuation] + full_diagram,OK,DA,is_a,segment
72,3,noisy_text[punctuation] + full_diagram,OK,AC,is_a,segment
72,3,noisy_text[punctuation] + full_diagram,OK,BD,is_a,segment
72,3,noisy_text[punctuation] + full_diagram,OK,OE,is_a,segment
72,3,noisy_text[punctuation] + full_diagram,OK,ABCD,is_a,parallelogram
72,3,noisy_text[punctuation] + full_diagram,OK,AB + BC + CD + DA,has_measure,16
72,3,noisy_text[punctuation] + full_diagram,OK,AC,intersects,BD
72,3,noisy_text[punctuation] + full_diagram,OK,O,lies_on,AC
72,3,noisy_text[punctuation] + full_diagram,OK,O,lies_on,BD
72,3,noisy_text[punctuation] + full_diagram,OK,OE,perpendicular_to,AC
72,3,noisy_text[punctuation] + full_diagram,OK,E,lies_on,AD
72,3,noisy_text[punctuation] + full_diagram,OK,Perimeter of DCE,is_a,query_target
,,,,,,
73,3,noisy_text[punctuation] + full_diagram,OK,A,is_a,point
73,3,noisy_text[punctuation] + full_diagram,OK,B,is_a,point
73,3,noisy_text[punctuation] + full_diagram,OK,C,is_a,point
73,3,noisy_text[punctuation] + full_diagram,OK,O,is_a,point
73,3,noisy_text[punctuation] + full_diagram,OK,ABC,is_a,triangle
73,3,noisy_text[punctuation] + full_diagram,OK,AB,is_a,segment
73,3,noisy_text[punctuation] + full_diagram,OK,BC,is_a,segment
73,3,noisy_text[punctuation] + full_diagram,OK,CA,is_a,segment
73,3,noisy_text[punctuation] + full_diagram,OK,AO,is_a,segment
73,3,noisy_text[punctuation] + full_diagram,OK,BO,is_a,segment
73,3,noisy_text[punctuation] + full_diagram,OK,CO,is_a,segment
73,3,noisy_text[punctuation] + full_diagram,OK,A,lies_on,circle
73,3,noisy_text[punctuation] + full_diagram,OK,B,lies_on,circle
73,3,noisy_text[punctuation] + full_diagram,OK,C,lies_on,circle
73,3,noisy_text[punctuation] + full_diagram,OK,O,center_of,circle
73,3,noisy_text[punctuation] + full_diagram,OK,ABC,inscribed_in,circle
73,3,noisy_text[punctuation] + full_diagram,OK,∠ABC,has_measure,70_deg
73,3,noisy_text[punctuation] + full_diagram,OK,?,is_a,angle
,,,,,,
78,3,noisy_text[punctuation] + full_diagram,OK,A,is_a,point
78,3,noisy_text[punctuation] + full_diagram,OK,B,is_a,point
78,3,noisy_text[punctuation] + full_diagram,OK,C,is_a,point
78,3,noisy_text[punctuation] + full_diagram,OK,D,is_a,point
78,3,noisy_text[punctuation] + full_diagram,OK,E,is_a,point
78,3,noisy_text[punctuation] + full_diagram,OK,AB,is_a,segment
78,3,noisy_text[punctuation] + full_diagram,OK,CD,is_a,segment
78,3,noisy_text[punctuation] + full_diagram,OK,AC,is_a,segment
78,3,noisy_text[punctuation] + full_diagram,OK,AE,is_a,segment
78,3,noisy_text[punctuation] + full_diagram,OK,ACE,is_a,angle
78,3,noisy_text[punctuation] + full_diagram,OK,AED,is_a,angle
78,3,noisy_text[punctuation] + full_diagram,OK,AB,parallel_to,CD
78,3,noisy_text[punctuation] + full_diagram,OK,A,lies_on,AB
78,3,noisy_text[punctuation] + full_diagram,OK,B,lies_on,AB
78,3,noisy_text[punctuation] + full_diagram,OK,C,lies_on,CD
78,3,noisy_text[punctuation] + full_diagram,OK,E,lies_on,CD
78,3,noisy_text[punctuation] + full_diagram,OK,D,lies_on,CD
78,3,noisy_text[punctuation] + full_diagram,OK,AC,connects,"A, C"
78,3,noisy_text[punctuation] + full_diagram,OK,AE,connects,"A, E"
78,3,noisy_text[punctuation] + full_diagram,OK,AE,bisects,CAB
78,3,noisy_text[punctuation] + full_diagram,OK,AE,intersects,"CD, E"
78,3,noisy_text[punctuation] + full_diagram,OK,ACE,has_measure,70_deg
,,,,,,
79,3,noisy_text[punctuation] + full_diagram,OK,AB,is_a,segment
79,3,noisy_text[punctuation] + full_diagram,OK,BC,is_a,segment
79,3,noisy_text[punctuation] + full_diagram,OK,CD,is_a,segment
79,3,noisy_text[punctuation] + full_diagram,OK,DA,is_a,segment
79,3,noisy_text[punctuation] + full_diagram,OK,AB + BC + CD + DA,has_measure,32
79,3,noisy_text[punctuation] + full_diagram,OK,ABCD,is_a,parallelogram
79,3,noisy_text[punctuation] + full_diagram,OK,AC,is_a,diagonal
79,3,noisy_text[punctuation] + full_diagram,OK,BD,is_a,diagonal
79,3,noisy_text[punctuation] + full_diagram,OK,AC,intersects,BD
79,3,noisy_text[punctuation] + full_diagram,OK,O,is_a,point
79,3,noisy_text[punctuation] + full_diagram,OK,O,lies_on,AC
79,3,noisy_text[punctuation] + full_diagram,OK,O,lies_on,BD
79,3,noisy_text[punctuation] + full_diagram,OK,AD,is_a,side
79,3,noisy_text[punctuation] + full_diagram,OK,E,is_a,point
79,3,noisy_text[punctuation] + full_diagram,OK,E,lies_on,AD
79,3,noisy_text[punctuation] + full_diagram,OK,CE,is_a,segment
79,3,noisy_text[punctuation] + full_diagram,OK,ED,is_a,segment
79,3,noisy_text[punctuation] + full_diagram,OK,CE + ED,has_measure,AD
79,3,noisy_text[punctuation] + full_diagram,OK,DCE,is_a,triangle
79,3,noisy_text[punctuation] + full_diagram,OK,perimeter of triangle DCE,is_a,?
,,,,,,
81,3,noisy_text[punctuation] + full_diagram,OK,A,is_a,point
81,3,noisy_text[punctuation] + full_diagram,OK,B,is_a,point
81,3,noisy_text[punctuation] + full_diagram,OK,C,is_a,point
81,3,noisy_text[punctuation] + full_diagram,OK,D,is_a,point
81,3,noisy_text[punctuation] + full_diagram,OK,E,is_a,point
81,3,noisy_text[punctuation] + full_diagram,OK,ABC,is_a,triangle
81,3,noisy_text[punctuation] + full_diagram,OK,∠BAC,is_a,angle
81,3,noisy_text[punctuation] + full_diagram,OK,∠ABC,is_a,angle
81,3,noisy_text[punctuation] + full_diagram,OK,∠BAC,has_measure,90_deg
81,3,noisy_text[punctuation] + full_diagram,OK,∠ABC,has_measure,50_deg
81,3,noisy_text[punctuation] + full_diagram,OK,D,lies_on,BC
81,3,noisy_text[punctuation] + full_diagram,OK,AD,is_a,segment
81,3,noisy_text[punctuation] + full_diagram,OK,AD,perpendicular_to,BC
81,3,noisy_text[punctuation] + full_diagram,OK,AE,is_a,segment
81,3,noisy_text[punctuation] + full_diagram,OK,AE,bisects,∠DAC
,,,,,,
84,3,noisy_text[punctuation] + full_diagram,OK,A,is_a,point
84,3,noisy_text[punctuation] + full_diagram,OK,B,is_a,point
84,3,noisy_text[punctuation] + full_diagram,OK,C,is_a,point
84,3,noisy_text[punctuation] + full_diagram,OK,O,is_a,point
84,3,noisy_text[punctuation] + full_diagram,OK,ABC,is_a,triangle
84,3,noisy_text[punctuation] + full_diagram,OK,O,is_a,center
84,3,noisy_text[punctuation] + full_diagram,OK,O,center_of,circle
84,3,noisy_text[punctuation] + full_diagram,OK,AO,is_a,segment
84,3,noisy_text[punctuation] + full_diagram,OK,BO,is_a,segment
84,3,noisy_text[punctuation] + full_diagram,OK,CO,is_a,segment
84,3,noisy_text[punctuation] + full_diagram,OK,AO,has_measure,1.0
84,3,noisy_text[punctuation] + full_diagram,OK,BO,has_measure,1.0
84,3,noisy_text[punctuation] + full_diagram,OK,CO,has_measure,1.0
84,3,noisy_text[punctuation] + full_diagram,OK,ABC,lies_on,circle
84,3,noisy_text[punctuation] + full_diagram,OK,A,connects,B
84,3,noisy_text[punctuation] + full_diagram,OK,B,connects,C
84,3,noisy_text[punctuation] + full_diagram,OK,C,connects,A
84,3,noisy_text[punctuation] + full_diagram,OK,∠BAC,is_a,angle
84,3,noisy_text[punctuation] + full_diagram,OK,∠BAC,has_measure,60_deg
84,3,noisy_text[punctuation] + full_diagram,OK,BC,is_a,segment
84,3,noisy_text[punctuation] + full_diagram,OK,BC,has_measure,?
,,,,,,
86,3,noisy_text[punctuation] + full_diagram,OK,A,is_a,point
86,3,noisy_text[punctuation] + full_diagram,OK,B,is_a,point
86,3,noisy_text[punctuation] + full_diagram,OK,C,is_a,point
86,3,noisy_text[punctuation] + full_diagram,OK,O,is_a,point
86,3,noisy_text[punctuation] + full_diagram,OK,AB,is_a,segment
86,3,noisy_text[punctuation] + full_diagram,OK,BC,is_a,segment
86,3,noisy_text[punctuation] + full_diagram,OK,CA,is_a,segment
86,3,noisy_text[punctuation] + full_diagram,OK,OB,is_a,segment
86,3,noisy_text[punctuation] + full_diagram,OK,OC,is_a,segment
86,3,noisy_text[punctuation] + full_diagram,OK,∠BAC,is_a,angle
86,3,noisy_text[punctuation] + full_diagram,OK,O,center_of,circle_O
86,3,noisy_text[punctuation] + full_diagram,OK,A,lies_on,circle_O
86,3,noisy_text[punctuation] + full_diagram,OK,B,lies_on,circle_O
86,3,noisy_text[punctuation] + full_diagram,OK,C,lies_on,circle_O
86,3,noisy_text[punctuation] + full_diagram,OK,AB,connects,A
86,3,noisy_text[punctuation] + full_diagram,OK,AB,connects,B
86,3,noisy_text[punctuation] + full_diagram,OK,BC,connects,B
86,3,noisy_text[punctuation] + full_diagram,OK,BC,connects,C
86,3,noisy_text[punctuation] + full_diagram,OK,CA,connects,C
86,3,noisy_text[punctuation] + full_diagram,OK,CA,connects,A
86,3,noisy_text[punctuation] + full_diagram,OK,OB,connects,O
86,3,noisy_text[punctuation] + full_diagram,OK,OB,connects,B
86,3,noisy_text[punctuation] + full_diagram,OK,OC,connects,O
86,3,noisy_text[punctuation] + full_diagram,OK,OC,connects,C
86,3,noisy_text[punctuation] + full_diagram,OK,O,radius_of,circle_O
86,3,noisy_text[punctuation] + full_diagram,OK,OB,has_measure,2_units
86,3,noisy_text[punctuation] + full_diagram,OK,OC,has_measure,2_units
86,3,noisy_text[punctuation] + full_diagram,OK,∠BAC,has_measure,60_deg
86,3,noisy_text[punctuation] + full_diagram,OK,BC,has_measure,?
,,,,,,
88,3,noisy_text[punctuation] + full_diagram,OK,A,is_a,point
88,3,noisy_text[punctuation] + full_diagram,OK,B,is_a,point
88,3,noisy_text[punctuation] + full_diagram,OK,C,is_a,point
88,3,noisy_text[punctuation] + full_diagram,OK,O,is_a,point
88,3,noisy_text[punctuation] + full_diagram,OK,AB,is_a,segment
88,3,noisy_text[punctuation] + full_diagram,OK,AC,is_a,segment
88,3,noisy_text[punctuation] + full_diagram,OK,BC,is_a,segment
88,3,noisy_text[punctuation] + full_diagram,OK,AO,is_a,segment
88,3,noisy_text[punctuation] + full_diagram,OK,BO,is_a,segment
88,3,noisy_text[punctuation] + full_diagram,OK,CO,is_a,segment
88,3,noisy_text[punctuation] + full_diagram,OK,A,lies_on,circle_O
88,3,noisy_text[punctuation] + full_diagram,OK,B,lies_on,circle_O
88,3,noisy_text[punctuation] + full_diagram,OK,C,lies_on,circle_O
88,3,noisy_text[punctuation] + full_diagram,OK,ABO,is_a,angle
88,3,noisy_text[punctuation] + full_diagram,OK,ACO,is_a,angle
88,3,noisy_text[punctuation] + full_diagram,OK,BOC,is_a,angle
88,3,noisy_text[punctuation] + full_diagram,OK,ABO,has_measure,22_deg
88,3,noisy_text[punctuation] + full_diagram,OK,ACO,has_measure,42_deg
88,3,noisy_text[punctuation] + full_diagram,OK,BOC,has_measure,?
88,3,noisy_text[punctuation] + full_diagram,OK,O,center_of,circle_O
,,,,,,
95,3,noisy_text[punctuation] + full_diagram,OK,O,is_a,point
95,3,noisy_text[punctuation] + full_diagram,OK,OA,is_a,radius
95,3,noisy_text[punctuation] + full_diagram,OK,OA,has_measure,?
95,3,noisy_text[punctuation] + full_diagram,OK,BC,is_a,chord
95,3,noisy_text[punctuation] + full_diagram,OK,BC,has_measure,?
95,3,noisy_text[punctuation] + full_diagram,OK,A,is_a,point
95,3,noisy_text[punctuation] + full_diagram,OK,B,is_a,point
95,3,noisy_text[punctuation] + full_diagram,OK,C,is_a,point
95,3,noisy_text[punctuation] + full_diagram,OK,D,is_a,point
95,3,noisy_text[punctuation] + full_diagram,OK,O,center_of,circle
95,3,noisy_text[punctuation] + full_diagram,OK,OA,connects,A
95,3,noisy_text[punctuation] + full_diagram,OK,BC,connects,B
95,3,noisy_text[punctuation] + full_diagram,OK,BC,connects,C
95,3,noisy_text[punctuation] + full_diagram,OK,OA,intersects,BC
95,3,noisy_text[punctuation] + full_diagram,OK,OA,intersects,D
95,3,noisy_text[punctuation] + full_diagram,OK,AB,connects,A
95,3,noisy_text[punctuation] + full_diagram,OK,AB,connects,B
95,3,noisy_text[punctuation] + full_diagram,OK,OC,connects,O
95,3,noisy_text[punctuation] + full_diagram,OK,OC,connects,C
95,3,noisy_text[punctuation] + full_diagram,OK,∠A,is_a,angle
95,3,noisy_text[punctuation] + full_diagram,OK,∠A,has_measure,60_deg
95,3,noisy_text[punctuation] + full_diagram,OK,∠ADC,is_a,angle
95,3,noisy_text[punctuation] + full_diagram,OK,∠ADC,has_measure,90_deg
,,,,,,
99,3,noisy_text[punctuation] + full_diagram,OK,O,is_a,point
99,3,noisy_text[punctuation] + full_diagram,OK,O,center_of,circle
99,3,noisy_text[punctuation] + full_diagram,OK,AB,is_a,diameter
99,3,noisy_text[punctuation] + full_diagram,OK,AB,connects,A
99,3,noisy_text[punctuation] + full_diagram,OK,AB,connects,B
99,3,noisy_text[punctuation] + full_diagram,OK,CD,is_a,chord
99,3,noisy_text[punctuation] + full_diagram,OK,CD,connects,C
99,3,noisy_text[punctuation] + full_diagram,OK,CD,connects,D
99,3,noisy_text[punctuation] + full_diagram,OK,A,is_a,point
99,3,noisy_text[punctuation] + full_diagram,OK,B,is_a,point
99,3,noisy_text[punctuation] + full_diagram,OK,C,is_a,point
99,3,noisy_text[punctuation] + full_diagram,OK,D,is_a,point
99,3,noisy_text[punctuation] + full_diagram,OK,angle_ADC,has_measure,26_deg
99,3,noisy_text[punctuation] + full_diagram,OK,angle_CAB,is_a,angle
99,3,noisy_text[punctuation] + full_diagram,OK,angle_CAB,has_measure,?
99,3,noisy_text[punctuation] + full_diagram,OK,AB,lies_on,circle
99,3,noisy_text[punctuation] + full_diagram,OK,CD,lies_on,circle
,,,,,,
108,3,noisy_text[punctuation] + full_diagram,OK,CD,is_a,segment
108,3,noisy_text[punctuation] + full_diagram,OK,CD,has_measure,8.0_units
108,3,noisy_text[punctuation] + full_diagram,OK,OC,is_a,segment
108,3,noisy_text[punctuation] + full_diagram,OK,OC,has_measure,5.0_units
108,3,noisy_text[punctuation] + full_diagram,OK,O,is_a,point
108,3,noisy_text[punctuation] + full_diagram,OK,C,is_a,point
108,3,noisy_text[punctuation] + full_diagram,OK,D,is_a,point
108,3,noisy_text[punctuation] + full_diagram,OK,A,is_a,point
108,3,noisy_text[punctuation] + full_diagram,OK,B,is_a,point
108,3,noisy_text[punctuation] + full_diagram,OK,AB,is_a,segment
108,3,noisy_text[punctuation] + full_diagram,OK,AB,has_measure,?
108,3,noisy_text[punctuation] + full_diagram,OK,CD,connects,"C, D"
108,3,noisy_text[punctuation] + full_diagram,OK,OC,connects,"O, C"
108,3,noisy_text[punctuation] + full_diagram,OK,AB,connects,"A, B"
108,3,noisy_text[punctuation] + full_diagram,OK,O,center_of,arch
108,3,noisy_text[punctuation] + full_diagram,OK,OC,radius_of,arch
108,3,noisy_text[punctuation] + full_diagram,OK,AB,lies_on,water_surface
108,3,noisy_text[punctuation] + full_diagram,OK,CD,lies_on,arch
108,3,noisy_text[punctuation] + full_diagram,OK,CD,perpendicular_to,AB
108,3,noisy_text[punctuation] + full_diagram,OK,OC,perpendicular_to,AB
,,,,,,
109,3,noisy_text[punctuation] + full_diagram,OK,A,is_a,point
109,3,noisy_text[punctuation] + full_diagram,OK,B,is_a,point
109,3,noisy_text[punctuation] + full_diagram,OK,C,is_a,point
109,3,noisy_text[punctuation] + full_diagram,OK,D,is_a,point
109,3,noisy_text[punctuation] + full_diagram,OK,E,is_a,point
109,3,noisy_text[punctuation] + full_diagram,OK,AB,is_a,segment
109,3,noisy_text[punctuation] + full_diagram,OK,AC,is_a,segment
109,3,noisy_text[punctuation] + full_diagram,OK,BC,is_a,segment
109,3,noisy_text[punctuation] + full_diagram,OK,DE,is_a,segment
109,3,noisy_text[punctuation] + full_diagram,OK,∠BAC,is_a,angle
109,3,noisy_text[punctuation] + full_diagram,OK,∠α,is_a,angle
109,3,noisy_text[punctuation] + full_diagram,OK,∠β,is_a,angle
109,3,noisy_text[punctuation] + full_diagram,OK,D,lies_on,AB
109,3,noisy_text[punctuation] + full_diagram,OK,E,lies_on,AC
109,3,noisy_text[punctuation] + full_diagram,OK,DE,is_a,horizontal
109,3,noisy_text[punctuation] + full_diagram,OK,∠α,has_measure,130_deg
109,3,noisy_text[punctuation] + full_diagram,OK,∠β,has_measure,?
109,3,noisy_text[punctuation] + full_diagram,OK,AB,connects,A
109,3,noisy_text[punctuation] + full_diagram,OK,AB,connects,B
109,3,noisy_text[punctuation] + full_diagram,OK,AC,connects,A
109,3,noisy_text[punctuation] + full_diagram,OK,AC,connects,C
109,3,noisy_text[punctuation] + full_diagram,OK,BC,connects,B
109,3,noisy_text[punctuation] + full_diagram,OK,BC,connects,C
109,3,noisy_text[punctuation] + full_diagram,OK,DE,connects,D
109,3,noisy_text[punctuation] + full_diagram,OK,DE,connects,E
,,,,,,
112,3,noisy_text[punctuation] + full_diagram,OK,A,is_a,point
112,3,noisy_text[punctuation] + full_diagram,OK,B,is_a,point
112,3,noisy_text[punctuation] + full_diagram,OK,O,is_a,point
112,3,noisy_text[punctuation] + full_diagram,OK,AO,is_a,segment
112,3,noisy_text[punctuation] + full_diagram,OK,OB,is_a,segment
112,3,noisy_text[punctuation] + full_diagram,OK,AB,is_a,segment
112,3,noisy_text[punctuation] + full_diagram,OK,AO,connects,A
112,3,noisy_text[punctuation] + full_diagram,OK,AO,connects,O
112,3,noisy_text[punctuation] + full_diagram,OK,OB,connects,O
112,3,noisy_text[punctuation] + full_diagram,OK,OB,connects,B
112,3,noisy_text[punctuation] + full_diagram,OK,AB,connects,A
112,3,noisy_text[punctuation] + full_diagram,OK,AB,connects,B
112,3,noisy_text[punctuation] + full_diagram,OK,AO,has_measure,?
112,3,noisy_text[punctuation] + full_diagram,OK,OB,has_measure,0.7
112,3,noisy_text[punctuation] + full_diagram,OK,AB,has_measure,2.5
112,3,noisy_text[punctuation] + full_diagram,OK,AO,is_a,height
112,3,noisy_text[punctuation] + full_diagram,OK,OB,is_a,radius
112,3,noisy_text[punctuation] + full_diagram,OK,AB,is_a,slant_height
,,,,,,
114,3,noisy_text[punctuation] + full_diagram,OK,O,is_a,point
114,3,noisy_text[punctuation] + full_diagram,OK,A,is_a,point
114,3,noisy_text[punctuation] + full_diagram,OK,B,is_a,point
114,3,noisy_text[punctuation] + full_diagram,OK,OA,is_a,segment
114,3,noisy_text[punctuation] + full_diagram,OK,OB,is_a,segment
114,3,noisy_text[punctuation] + full_diagram,OK,OAB,is_a,sector
114,3,noisy_text[punctuation] + full_diagram,OK,OAB,has_measure,1.0
114,3,noisy_text[punctuation] + full_diagram,OK,OAB,has_measure,90_deg
114,3,noisy_text[punctuation] + full_diagram,OK,OA,is_a,diameter
114,3,noisy_text[punctuation] + full_diagram,OK,OB,is_a,diameter
114,3,noisy_text[punctuation] + full_diagram,OK,OA,is_a,semicircle
114,3,noisy_text[punctuation] + full_diagram,OK,OB,is_a,semicircle
114,3,noisy_text[punctuation] + full_diagram,OK,shaded_part,is_a,area
114,3,noisy_text[punctuation] + full_diagram,OK,shaded_part,is_a,?
,,,,,,
115,3,noisy_text[punctuation] + full_diagram,OK,sector,is_a,paper_sheet
115,3,noisy_text[punctuation] + full_diagram,OK,sector,has_measure,120.0_deg
115,3,noisy_text[punctuation] + full_diagram,OK,sector,has_measure,6.0_units
115,3,noisy_text[punctuation] + full_diagram,OK,sector,is_a,sector
115,3,noisy_text[punctuation] + full_diagram,OK,conical_cap,is_a,paper_cap
115,3,noisy_text[punctuation] + full_diagram,OK,conical_cap,is_a,bottomless
115,3,noisy_text[punctuation] + full_diagram,OK,bottom_perimeter,is_a,query_target
,,,,,,
117,3,noisy_text[punctuation] + full_diagram,OK,sector,is_a,sector
117,3,noisy_text[punctuation] + full_diagram,OK,sector,has_measure,120_deg
117,3,noisy_text[punctuation] + full_diagram,OK,sector,radius_of,3.0_cm
117,3,noisy_text[punctuation] + full_diagram,OK,cone,is_a,cone
117,3,noisy_text[punctuation] + full_diagram,OK,cone,has_measure,?_cm
117,3,noisy_text[punctuation] + full_diagram,OK,cone,is_a,bottomless
117,3,noisy_text[punctuation] + full_diagram,OK,cone,is_a,paper_cap
117,3,noisy_text[punctuation] + full_diagram,OK,sector,is_a,piece_of_paper
117,3,noisy_text[punctuation] + full_diagram,OK,sector,has_measure,3.0_cm
117,3,noisy_text[punctuation] + full_diagram,OK,cone,has_measure,?
117,3,noisy_text[punctuation] + full_diagram,OK,sector,is_a,sector_piece_of_paper
117,3,noisy_text[punctuation] + full_diagram,OK,sector,has_measure,120°
,,,,,,
119,3,noisy_text[punctuation] + full_diagram,OK,Area,is_a,area
119,3,noisy_text[punctuation] + full_diagram,OK,Area,has_measure,?
119,3,noisy_text[punctuation] + full_diagram,OK,sector,is_a,sector
119,3,noisy_text[punctuation] + full_diagram,OK,sector,has_measure,24_units
119,3,noisy_text[punctuation] + full_diagram,OK,conical_hat,is_a,conical_hat
119,3,noisy_text[punctuation] + full_diagram,OK,conical_hat,has_measure,10_units
119,3,noisy_text[punctuation] + full_diagram,OK,O,is_a,point
119,3,noisy_text[punctuation] + full_diagram,OK,O,center_of,conical_hat
119,3,noisy_text[punctuation] + full_diagram,OK,conical_hat,radius_of,10_units
119,3,noisy_text[punctuation] + full_diagram,OK,sector,radius_of,24_units
119,3,noisy_text[punctuation] + full_diagram,OK,sector,mapped_to,conical_hat
,,,,,,
120,3,noisy_text[punctuation] + full_diagram,OK,cone,is_a,cone
120,3,noisy_text[punctuation] + full_diagram,OK,generatrix,is_a,segment
120,3,noisy_text[punctuation] + full_diagram,OK,generatrix,has_measure,5_units
120,3,noisy_text[punctuation] + full_diagram,OK,height,is_a,segment
120,3,noisy_text[punctuation] + full_diagram,OK,height,has_measure,4_units
120,3,noisy_text[punctuation] + full_diagram,OK,cone,has_measure,generatrix
120,3,noisy_text[punctuation] + full_diagram,OK,cone,has_measure,height
120,3,noisy_text[punctuation] + full_diagram,OK,base,is_a,circle
120,3,noisy_text[punctuation] + full_diagram,OK,cone,has_measure,base
120,3,noisy_text[punctuation] + full_diagram,OK,base,is_a,?
120,3,noisy_text[punctuation] + full_diagram,OK,base,has_measure,?
,,,,,,
123,3,noisy_text[punctuation] + full_diagram,OK,A,is_a,point
123,3,noisy_text[punctuation] + full_diagram,OK,B,is_a,point
123,3,noisy_text[punctuation] + full_diagram,OK,C,is_a,point
123,3,noisy_text[punctuation] + full_diagram,OK,AC,is_a,segment
123,3,noisy_text[punctuation] + full_diagram,OK,BC,is_a,segment
123,3,noisy_text[punctuation] + full_diagram,OK,AB,is_a,segment
123,3,noisy_text[punctuation] + full_diagram,OK,ABC,is_a,triangle
123,3,noisy_text[punctuation] + full_diagram,OK,ABC,is_a,right_triangle
123,3,noisy_text[punctuation] + full_diagram,OK,ACB,is_a,angle
123,3,noisy_text[punctuation] + full_diagram,OK,ACB,has_measure,90_deg
123,3,noisy_text[punctuation] + full_diagram,OK,AC,has_measure,4_units
123,3,noisy_text[punctuation] + full_diagram,OK,BC,has_measure,3_units
123,3,noisy_text[punctuation] + full_diagram,OK,ABC,rotated_about,AC
123,3,noisy_text[punctuation] + full_diagram,OK,Cone,is_a,cone
123,3,noisy_text[punctuation] + full_diagram,OK,Lateral Surface Area of Cone,is_a,query_target
,,,,,,
128,3,noisy_text[punctuation] + full_diagram,OK,O,is_a,point
128,3,noisy_text[punctuation] + full_diagram,OK,A,is_a,point
128,3,noisy_text[punctuation] + full_diagram,OK,B,is_a,point
128,3,noisy_text[punctuation] + full_diagram,OK,OA,is_a,segment
128,3,noisy_text[punctuation] + full_diagram,OK,OB,is_a,segment
128,3,noisy_text[punctuation] + full_diagram,OK,OA,has_measure,6_units
128,3,noisy_text[punctuation] + full_diagram,OK,OB,has_measure,6_units
128,3,noisy_text[punctuation] + full_diagram,OK,∠AOB,is_a,angle
128,3,noisy_text[punctuation] + full_diagram,OK,∠AOB,has_measure,120_deg
128,3,noisy_text[punctuation] + full_diagram,OK,O,center_of,sector
128,3,noisy_text[punctuation] + full_diagram,OK,OA,radius_of,sector
128,3,noisy_text[punctuation] + full_diagram,OK,OB,radius_of,sector
128,3,noisy_text[punctuation] + full_diagram,OK,sector,is_a,sector
128,3,noisy_text[punctuation] + full_diagram,OK,OA,mapped_to,cone_side
128,3,noisy_text[punctuation] + full_diagram,OK,OB,mapped_to,cone_side
128,3,noisy_text[punctuation] + full_diagram,OK,Diameter,is_a,?
128,3,noisy_text[punctuation] + full_diagram,OK,cone,is_a,cone
128,3,noisy_text[punctuation] + full_diagram,OK,cone,has_measure,?
,,,,,,
132,3,noisy_text[punctuation] + full_diagram,OK,A,is_a,point
132,3,noisy_text[punctuation] + full_diagram,OK,B,is_a,point
132,3,noisy_text[punctuation] + full_diagram,OK,C,is_a,point
132,3,noisy_text[punctuation] + full_diagram,OK,D,is_a,point
132,3,noisy_text[punctuation] + full_diagram,OK,E,is_a,point
132,3,noisy_text[punctuation] + full_diagram,OK,F,is_a,point
132,3,noisy_text[punctuation] + full_diagram,OK,G,is_a,point
132,3,noisy_text[punctuation] + full_diagram,OK,AB,is_a,segment
132,3,noisy_text[punctuation] + full_diagram,OK,BC,is_a,segment
132,3,noisy_text[punctuation] + full_diagram,OK,DE,is_a,segment
132,3,noisy_text[punctuation] + full_diagram,OK,CG,is_a,segment
132,3,noisy_text[punctuation] + full_diagram,OK,GE,is_a,segment
132,3,noisy_text[punctuation] + full_diagram,OK,EF,is_a,segment
132,3,noisy_text[punctuation] + full_diagram,OK,AB,has_measure,?
132,3,noisy_text[punctuation] + full_diagram,OK,BC,has_measure,0.6
132,3,noisy_text[punctuation] + full_diagram,OK,DE,has_measure,0.6
132,3,noisy_text[punctuation] + full_diagram,OK,CG,has_measure,12.0
132,3,noisy_text[punctuation] + full_diagram,OK,GE,has_measure,2.0
132,3,noisy_text[punctuation] + full_diagram,OK,EF,has_measure,1.6
132,3,noisy_text[punctuation] + full_diagram,OK,A,lies_on,AB
132,3,noisy_text[punctuation] + full_diagram,OK,B,lies_on,AB
132,3,noisy_text[punctuation] + full_diagram,OK,C,lies_on,AB
132,3,noisy_text[punctuation] + full_diagram,OK,D,lies_on,DE
132,3,noisy_text[punctuation] + full_diagram,OK,E,lies_on,DE
132,3,noisy_text[punctuation] + full_diagram,OK,F,lies_on,EF
132,3,noisy_text[punctuation] + full_diagram,OK,G,lies_on,CG
132,3,noisy_text[punctuation] + full_diagram,OK,G,lies_on,GE
,,,,,,
133,3,noisy_text[punctuation] + full_diagram,OK,P,is_a,point
133,3,noisy_text[punctuation] + full_diagram,OK,Q,is_a,point
133,3,noisy_text[punctuation] + full_diagram,OK,S,is_a,point
133,3,noisy_text[punctuation] + full_diagram,OK,T,is_a,point
133,3,noisy_text[punctuation] + full_diagram,OK,R,is_a,point
133,3,noisy_text[punctuation] + full_diagram,OK,PQ,is_a,segment
133,3,noisy_text[punctuation] + full_diagram,OK,PS,is_a,segment
133,3,noisy_text[punctuation] + full_diagram,OK,QS,is_a,segment
133,3,noisy_text[punctuation] + full_diagram,OK,ST,is_a,segment
133,3,noisy_text[punctuation] + full_diagram,OK,QR,is_a,segment
133,3,noisy_text[punctuation] + full_diagram,OK,PT,is_a,segment
133,3,noisy_text[punctuation] + full_diagram,OK,line a,is_a,line
133,3,noisy_text[punctuation] + full_diagram,OK,line b,is_a,line
133,3,noisy_text[punctuation] + full_diagram,OK,P,lies_on,line b
133,3,noisy_text[punctuation] + full_diagram,OK,Q,lies_on,line b
133,3,noisy_text[punctuation] + full_diagram,OK,S,lies_on,line a
133,3,noisy_text[punctuation] + full_diagram,OK,T,lies_on,line a
133,3,noisy_text[punctuation] + full_diagram,OK,P,lies_on,PS
133,3,noisy_text[punctuation] + full_diagram,OK,Q,lies_on,PS
133,3,noisy_text[punctuation] + full_diagram,OK,S,lies_on,PS
133,3,noisy_text[punctuation] + full_diagram,OK,P,lies_on,PQ
133,3,noisy_text[punctuation] + full_diagram,OK,Q,lies_on,PQ
133,3,noisy_text[punctuation] + full_diagram,OK,Q,lies_on,QS
133,3,noisy_text[punctuation] + full_diagram,OK,S,lies_on,QS
133,3,noisy_text[punctuation] + full_diagram,OK,S,lies_on,ST
133,3,noisy_text[punctuation] + full_diagram,OK,T,lies_on,ST
133,3,noisy_text[punctuation] + full_diagram,OK,Q,lies_on,QR
133,3,noisy_text[punctuation] + full_diagram,OK,R,lies_on,QR
133,3,noisy_text[punctuation] + full_diagram,OK,PS,perpendicular_to,line a
133,3,noisy_text[punctuation] + full_diagram,OK,PS,perpendicular_to,line b
133,3,noisy_text[punctuation] + full_diagram,OK,line a,perpendicular_to,PS
133,3,noisy_text[punctuation] + full_diagram,OK,line b,perpendicular_to,PS
133,3,noisy_text[punctuation] + full_diagram,OK,PT,intersects,line b
133,3,noisy_text[punctuation] + full_diagram,OK,P,connects,Q
133,3,noisy_text[punctuation] + full_diagram,OK,P,connects,S
133,3,noisy_text[punctuation] + full_diagram,OK,Q,connects,S
133,3,noisy_text[punctuation] + full_diagram,OK,S,connects,T
133,3,noisy_text[punctuation] + full_diagram,OK,Q,connects,R
133,3,noisy_text[punctuation] + full_diagram,OK,P,connects,T
133,3,noisy_text[punctuation] + full_diagram,OK,QS,has_measure,60.0_m
133,3,noisy_text[punctuation] + full_diagram,OK,ST,has_measure,120.0_m
133,3,noisy_text[punctuation] + full_diagram,OK,QR,has_measure,80.0_m
,,,,,,
149,3,noisy_text[punctuation] + full_diagram,OK,A,is_a,point
149,3,noisy_text[punctuation] + full_diagram,OK,C,is_a,point
149,3,noisy_text[punctuation] + full_diagram,OK,D,is_a,point
149,3,noisy_text[punctuation] + full_diagram,OK,E,is_a,point
149,3,noisy_text[punctuation] + full_diagram,OK,B,is_a,point
149,3,noisy_text[punctuation] + full_diagram,OK,CD,is_a,segment
149,3,noisy_text[punctuation] + full_diagram,OK,AC,is_a,segment
149,3,noisy_text[punctuation] + full_diagram,OK,BD,is_a,segment
149,3,noisy_text[punctuation] + full_diagram,OK,ED,is_a,segment
149,3,noisy_text[punctuation] + full_diagram,OK,α,is_a,angle
149,3,noisy_text[punctuation] + full_diagram,OK,CD,is_a,mirror
149,3,noisy_text[punctuation] + full_diagram,OK,AC,perpendicular_to,CD
149,3,noisy_text[punctuation] + full_diagram,OK,BD,perpendicular_to,CD
149,3,noisy_text[punctuation] + full_diagram,OK,E,lies_on,CD
149,3,noisy_text[punctuation] + full_diagram,OK,AC,connects,A
149,3,noisy_text[punctuation] + full_diagram,OK,AC,connects,C
149,3,noisy_text[punctuation] + full_diagram,OK,BD,connects,B
149,3,noisy_text[punctuation] + full_diagram,OK,BD,connects,D
149,3,noisy_text[punctuation] + full_diagram,OK,CD,connects,C
149,3,noisy_text[punctuation] + full_diagram,OK,CD,connects,D
149,3,noisy_text[punctuation] + full_diagram,OK,AC,has_measure,3_units
149,3,noisy_text[punctuation] + full_diagram,OK,BD,has_measure,6_units
149,3,noisy_text[punctuation] + full_diagram,OK,CD,has_measure,10_units
149,3,noisy_text[punctuation] + full_diagram,OK,ED,has_measure,?
,,,,,,
150,3,noisy_text[punctuation] + full_diagram,OK,A,is_a,point
150,3,noisy_text[punctuation] + full_diagram,OK,B,is_a,point
150,3,noisy_text[punctuation] + full_diagram,OK,C,is_a,point
,,,,,,
151,3,noisy_text[punctuation] + full_diagram,OK,student,is_a,point
151,3,noisy_text[punctuation] + full_diagram,OK,tree,is_a,object
151,3,noisy_text[punctuation] + full_diagram,OK,lake,is_a,surface
151,3,noisy_text[punctuation] + full_diagram,OK,reflection,is_a,point
151,3,noisy_text[punctuation] + full_diagram,OK,student,is_a,person
151,3,noisy_text[punctuation] + full_diagram,OK,student,has_measure,1.7_units
151,3,noisy_text[punctuation] + full_diagram,OK,student,lies_on,lake
151,3,noisy_text[punctuation] + full_diagram,OK,tree,lies_on,lake
151,3,noisy_text[punctuation] + full_diagram,OK,reflection,lies_on,lake
151,3,noisy_text[punctuation] + full_diagram,OK,student,distance_from,"tree, 20.0_units"
151,3,noisy_text[punctuation] + full_diagram,OK,student,distance_from,"reflection, 5.0_units"
151,3,noisy_text[punctuation] + full_diagram,OK,tree,has_measure,?
151,3,noisy_text[punctuation] + full_diagram,OK,reflection,is_a,"reflection_of, tree"
151,3,noisy_text[punctuation] + full_diagram,OK,lake,is_a,reflective_surface
,,,,,,
152,3,noisy_text[punctuation] + full_diagram,OK,A,is_a,point
152,3,noisy_text[punctuation] + full_diagram,OK,B,is_a,point
152,3,noisy_text[punctuation] + full_diagram,OK,C,is_a,point
152,3,noisy_text[punctuation] + full_diagram,OK,D,is_a,point
152,3,noisy_text[punctuation] + full_diagram,OK,AB,is_a,segment
152,3,noisy_text[punctuation] + full_diagram,OK,BC,is_a,segment
152,3,noisy_text[punctuation] + full_diagram,OK,BD,is_a,segment
152,3,noisy_text[punctuation] + full_diagram,OK,AB,connects,A
152,3,noisy_text[punctuation] + full_diagram,OK,AB,connects,B
152,3,noisy_text[punctuation] + full_diagram,OK,BC,connects,B
152,3,noisy_text[punctuation] + full_diagram,OK,BC,connects,C
152,3,noisy_text[punctuation] + full_diagram,OK,BD,connects,B
152,3,noisy_text[punctuation] + full_diagram,OK,BD,connects,D
152,3,noisy_text[punctuation] + full_diagram,OK,D,lies_on,AB
152,3,noisy_text[punctuation] + full_diagram,OK,BC,has_measure,1.6
152,3,noisy_text[punctuation] + full_diagram,OK,BD,has_measure,0.5
152,3,noisy_text[punctuation] + full_diagram,OK,D,distance_to_wall,1.4
,,,,,,
153,3,noisy_text[punctuation] + full_diagram,OK,A,is_a,point
153,3,noisy_text[punctuation] + full_diagram,OK,B,is_a,point
153,3,noisy_text[punctuation] + full_diagram,OK,D,is_a,point
153,3,noisy_text[punctuation] + full_diagram,OK,E,is_a,point
153,3,noisy_text[punctuation] + full_diagram,OK,C,is_a,point
153,3,noisy_text[punctuation] + full_diagram,OK,AB,is_a,segment
153,3,noisy_text[punctuation] + full_diagram,OK,DE,is_a,segment
153,3,noisy_text[punctuation] + full_diagram,OK,EC,is_a,segment
153,3,noisy_text[punctuation] + full_diagram,OK,BC,is_a,segment
153,3,noisy_text[punctuation] + full_diagram,OK,DE,has_measure,1.8
153,3,noisy_text[punctuation] + full_diagram,OK,EC,has_measure,1.2
153,3,noisy_text[punctuation] + full_diagram,OK,BC,has_measure,1.0
153,3,noisy_text[punctuation] + full_diagram,OK,AB,is_a,?
153,3,noisy_text[punctuation] + full_diagram,OK,A,connects,B
153,3,noisy_text[punctuation] + full_diagram,OK,D,connects,E
153,3,noisy_text[punctuation] + full_diagram,OK,E,connects,C
,,,,,,
157,3,noisy_text[punctuation] + full_diagram,OK,A,is_a,point
157,3,noisy_text[punctuation] + full_diagram,OK,B,is_a,point
157,3,noisy_text[punctuation] + full_diagram,OK,C,is_a,point
157,3,noisy_text[punctuation] + full_diagram,OK,ABC,is_a,triangle
157,3,noisy_text[punctuation] + full_diagram,OK,C,is_a,angle
157,3,noisy_text[punctuation] + full_diagram,OK,AC,is_a,segment
157,3,noisy_text[punctuation] + full_diagram,OK,BC,is_a,segment
157,3,noisy_text[punctuation] + full_diagram,OK,AB,is_a,segment
157,3,noisy_text[punctuation] + full_diagram,OK,angle C,has_measure,90_deg
157,3,noisy_text[punctuation] + full_diagram,OK,AC,has_measure,4_units
157,3,noisy_text[punctuation] + full_diagram,OK,BC,has_measure,3_units
157,3,noisy_text[punctuation] + full_diagram,OK,cos B,is_a,query_target
,,,,,,
165,3,noisy_text[punctuation] + full_diagram,OK,A,is_a,point
165,3,noisy_text[punctuation] + full_diagram,OK,B,is_a,point
165,3,noisy_text[punctuation] + full_diagram,OK,C,is_a,point
165,3,noisy_text[punctuation] + full_diagram,OK,AB,is_a,segment
165,3,noisy_text[punctuation] + full_diagram,OK,BC,is_a,segment
165,3,noisy_text[punctuation] + full_diagram,OK,AC,is_a,segment
165,3,noisy_text[punctuation] + full_diagram,OK,ABC,is_a,triangle
165,3,noisy_text[punctuation] + full_diagram,OK,ABC,is_a,right_triangle
165,3,noisy_text[punctuation] + full_diagram,OK,C,is_a,right_angle
165,3,noisy_text[punctuation] + full_diagram,OK,AB,has_measure,2_units
165,3,noisy_text[punctuation] + full_diagram,OK,BC,has_measure,1_unit
,,,,,,
198,3,noisy_text[punctuation] + full_diagram,OK,A,is_a,triangle
198,3,noisy_text[punctuation] + full_diagram,OK,A,is_a,isosceles
198,3,noisy_text[punctuation] + full_diagram,OK,A,has_measure,13
198,3,noisy_text[punctuation] + full_diagram,OK,A,has_measure,10
198,3,noisy_text[punctuation] + full_diagram,OK,A,has_measure,?
,,,,,,
207,3,noisy_text[punctuation] + full_diagram,OK,C1,is_a,circle
207,3,noisy_text[punctuation] + full_diagram,OK,C2,is_a,circle
207,3,noisy_text[punctuation] + full_diagram,OK,C3,is_a,circle
207,3,noisy_text[punctuation] + full_diagram,OK,C1,center_of,O
207,3,noisy_text[punctuation] + full_diagram,OK,C2,center_of,O
207,3,noisy_text[punctuation] + full_diagram,OK,C3,center_of,O
207,3,noisy_text[punctuation] + full_diagram,OK,C3,diameter_of,20
207,3,noisy_text[punctuation] + full_diagram,OK,Area,is_a,shaded_region
207,3,noisy_text[punctuation] + full_diagram,OK,Area,has_measure,?
,,,,,,
210,3,noisy_text[punctuation] + full_diagram,OK,A,is_a,point
210,3,noisy_text[punctuation] + full_diagram,OK,B,is_a,point
210,3,noisy_text[punctuation] + full_diagram,OK,C,is_a,point
210,3,noisy_text[punctuation] + full_diagram,OK,D,is_a,point
210,3,noisy_text[punctuation] + full_diagram,OK,E,is_a,point
210,3,noisy_text[punctuation] + full_diagram,OK,AB,is_a,segment
210,3,noisy_text[punctuation] + full_diagram,OK,AC,is_a,segment
210,3,noisy_text[punctuation] + full_diagram,OK,AD,is_a,segment
210,3,noisy_text[punctuation] + full_diagram,OK,AE,is_a,segment
210,3,noisy_text[punctuation] + full_diagram,OK,CD,is_a,segment
210,3,noisy_text[punctuation] + full_diagram,OK,BE,is_a,segment
210,3,noisy_text[punctuation] + full_diagram,OK,ED,is_a,segment
210,3,noisy_text[punctuation] + full_diagram,OK,ABE,is_a,triangle
210,3,noisy_text[punctuation] + full_diagram,OK,ACD,is_a,triangle
210,3,noisy_text[punctuation] + full_diagram,OK,A,connects,B
210,3,noisy_text[punctuation] + full_diagram,OK,A,connects,C
210,3,noisy_text[punctuation] + full_diagram,OK,A,connects,D
210,3,noisy_text[punctuation] + full_diagram,OK,A,connects,E
210,3,noisy_text[punctuation] + full_diagram,OK,B,connects,E
210,3,noisy_text[punctuation] + full_diagram,OK,C,connects,D
210,3,noisy_text[punctuation] + full_diagram,OK,D,connects,E
210,3,noisy_text[punctuation] + full_diagram,OK,AB,has_measure,12_units
210,3,noisy_text[punctuation] + full_diagram,OK,AC,has_measure,16_units
210,3,noisy_text[punctuation] + full_diagram,OK,ED,has_measure,5_units
210,3,noisy_text[punctuation] + full_diagram,OK,BE,parallel_to,CD
210,3,noisy_text[punctuation] + full_diagram,OK,AE,has_measure,?
,,,,,,
211,3,noisy_text[punctuation] + full_diagram,OK,MNPR,is_a,parallelogram
211,3,noisy_text[punctuation] + full_diagram,OK,MP,is_a,diagonal
211,3,noisy_text[punctuation] + full_diagram,OK,RN,is_a,diagonal
211,3,noisy_text[punctuation] + full_diagram,OK,MP,intersects,RN
211,3,noisy_text[punctuation] + full_diagram,OK,Q,is_a,point
211,3,noisy_text[punctuation] + full_diagram,OK,MN,is_a,segment
211,3,noisy_text[punctuation] + full_diagram,OK,NP,is_a,segment
211,3,noisy_text[punctuation] + full_diagram,OK,RP,is_a,segment
211,3,noisy_text[punctuation] + full_diagram,OK,MR,is_a,segment
211,3,noisy_text[punctuation] + full_diagram,OK,MN,has_measure,3x - 4
211,3,noisy_text[punctuation] + full_diagram,OK,NP,has_measure,2y + 5
211,3,noisy_text[punctuation] + full_diagram,OK,RP,has_measure,20
211,3,noisy_text[punctuation] + full_diagram,OK,MR,has_measure,17.9
211,3,noisy_text[punctuation] + full_diagram,OK,∠RNP,is_a,angle
211,3,noisy_text[punctuation] + full_diagram,OK,∠RNP,has_measure,?
,,,,,,
223,3,noisy_text[punctuation] + full_diagram,OK,ABC,is_a,triangle
223,3,noisy_text[punctuation] + full_diagram,OK,ABC,is_a,right_triangle
223,3,noisy_text[punctuation] + full_diagram,OK,AB,is_a,leg
223,3,noisy_text[punctuation] + full_diagram,OK,BC,is_a,leg
223,3,noisy_text[punctuation] + full_diagram,OK,AC,is_a,hypotenuse
223,3,noisy_text[punctuation] + full_diagram,OK,AB,has_measure,3√2
223,3,noisy_text[punctuation] + full_diagram,OK,AC,has_measure,5
223,3,noisy_text[punctuation] + full_diagram,OK,BC,has_measure,?
223,3,noisy_text[punctuation] + full_diagram,OK,BC,has_measure,x
223,3,noisy_text[punctuation] + full_diagram,OK,Question,is_a,value
223,3,noisy_text[punctuation] + full_diagram,OK,Question,is_a,x
,,,,,,
239,3,noisy_text[punctuation] + full_diagram,OK,A,is_a,point
239,3,noisy_text[punctuation] + full_diagram,OK,B,is_a,point
239,3,noisy_text[punctuation] + full_diagram,OK,C,is_a,point
239,3,noisy_text[punctuation] + full_diagram,OK,R,is_a,point
239,3,noisy_text[punctuation] + full_diagram,OK,S,is_a,point
239,3,noisy_text[punctuation] + full_diagram,OK,T,is_a,point
239,3,noisy_text[punctuation] + full_diagram,OK,M,is_a,point
239,3,noisy_text[punctuation] + full_diagram,OK,ABC,is_a,triangle
239,3,noisy_text[punctuation] + full_diagram,OK,AC,is_a,segment
239,3,noisy_text[punctuation] + full_diagram,OK,AB,is_a,segment
239,3,noisy_text[punctuation] + full_diagram,OK,CB,is_a,segment
239,3,noisy_text[punctuation] + full_diagram,OK,R,is_a,midpoint
239,3,noisy_text[punctuation] + full_diagram,OK,S,is_a,midpoint
239,3,noisy_text[punctuation] + full_diagram,OK,T,is_a,midpoint
239,3,noisy_text[punctuation] + full_diagram,OK,AT,is_a,median
239,3,noisy_text[punctuation] + full_diagram,OK,BR,is_a,median
239,3,noisy_text[punctuation] + full_diagram,OK,CS,is_a,median
239,3,noisy_text[punctuation] + full_diagram,OK,AT,intersects,BR
239,3,noisy_text[punctuation] + full_diagram,OK,AT,intersects,CS
239,3,noisy_text[punctuation] + full_diagram,OK,BR,intersects,CS
239,3,noisy_text[punctuation] + full_diagram,OK,AT,intersects,M
239,3,noisy_text[punctuation] + full_diagram,OK,BR,intersects,M
239,3,noisy_text[punctuation] + full_diagram,OK,CS,intersects,M
239,3,noisy_text[punctuation] + full_diagram,OK,MC,has_measure,7
239,3,noisy_text[punctuation] + full_diagram,OK,RM,has_measure,4
239,3,noisy_text[punctuation] + full_diagram,OK,AT,has_measure,16
,,,,,,
243,3,noisy_text[punctuation] + full_diagram,OK,Des_Moines,is_a,point
243,3,noisy_text[punctuation] + full_diagram,OK,Phoenix,is_a,point
243,3,noisy_text[punctuation] + full_diagram,OK,Atlanta,is_a,point
243,3,noisy_text[punctuation] + full_diagram,OK,Des_Moines_Phoenix,is_a,segment
243,3,noisy_text[punctuation] + full_diagram,OK,Phoenix_Atlanta,is_a,segment
243,3,noisy_text[punctuation] + full_diagram,OK,Atlanta_Des_Moines,is_a,segment
243,3,noisy_text[punctuation] + full_diagram,OK,Des_Moines_Phoenix,connects,Des_Moines
243,3,noisy_text[punctuation] + full_diagram,OK,Des_Moines_Phoenix,connects,Phoenix
243,3,noisy_text[punctuation] + full_diagram,OK,Phoenix_Atlanta,connects,Phoenix
243,3,noisy_text[punctuation] + full_diagram,OK,Phoenix_Atlanta,connects,Atlanta
243,3,noisy_text[punctuation] + full_diagram,OK,Atlanta_Des_Moines,connects,Atlanta
243,3,noisy_text[punctuation] + full_diagram,OK,Atlanta_Des_Moines,connects,Des_Moines
243,3,noisy_text[punctuation] + full_diagram,OK,Des_Moines_Phoenix,has_measure,110x + 53
243,3,noisy_text[punctuation] + full_diagram,OK,Phoenix_Atlanta,has_measure,150x + 91
243,3,noisy_text[punctuation] + full_diagram,OK,Atlanta_Des_Moines,has_measure,73.8x
243,3,noisy_text[punctuation] + full_diagram,OK,total_distance,has_measure,3482
,,,,,,
257,3,noisy_text[punctuation] + full_diagram,OK,A,is_a,point
257,3,noisy_text[punctuation] + full_diagram,OK,B,is_a,point
257,3,noisy_text[punctuation] + full_diagram,OK,C,is_a,point
257,3,noisy_text[punctuation] + full_diagram,OK,D,is_a,point
257,3,noisy_text[punctuation] + full_diagram,OK,E,is_a,point
257,3,noisy_text[punctuation] + full_diagram,OK,AB,is_a,segment
257,3,noisy_text[punctuation] + full_diagram,OK,AC,is_a,segment
257,3,noisy_text[punctuation] + full_diagram,OK,AD,is_a,segment
257,3,noisy_text[punctuation] + full_diagram,OK,AE,is_a,segment
257,3,noisy_text[punctuation] + full_diagram,OK,CD,is_a,segment
257,3,noisy_text[punctuation] + full_diagram,OK,BE,is_a,segment
257,3,noisy_text[punctuation] + full_diagram,OK,ABE,is_a,triangle
257,3,noisy_text[punctuation] + full_diagram,OK,ACD,is_a,triangle
257,3,noisy_text[punctuation] + full_diagram,OK,A,connects,B
257,3,noisy_text[punctuation] + full_diagram,OK,A,connects,C
257,3,noisy_text[punctuation] + full_diagram,OK,A,connects,D
257,3,noisy_text[punctuation] + full_diagram,OK,A,connects,E
257,3,noisy_text[punctuation] + full_diagram,OK,B,connects,E
257,3,noisy_text[punctuation] + full_diagram,OK,C,connects,D
257,3,noisy_text[punctuation] + full_diagram,OK,BE,parallel_to,CD
257,3,noisy_text[punctuation] + full_diagram,OK,AB,has_measure,12_units
257,3,noisy_text[punctuation] + full_diagram,OK,AC,has_measure,16_units
257,3,noisy_text[punctuation] + full_diagram,OK,ED,has_measure,5_units
257,3,noisy_text[punctuation] + full_diagram,OK,AE,has_measure,?
257,3,noisy_text[punctuation] + full_diagram,OK,ABE,shares_vertex_with,ACD
257,3,noisy_text[punctuation] + full_diagram,OK,AE,is_a,?
,,,,,,
264,3,noisy_text[punctuation] + full_diagram,OK,M,is_a,point
264,3,noisy_text[punctuation] + full_diagram,OK,N,is_a,point
264,3,noisy_text[punctuation] + full_diagram,OK,P,is_a,point
264,3,noisy_text[punctuation] + full_diagram,OK,Q,is_a,point
264,3,noisy_text[punctuation] + full_diagram,OK,MNPQ,is_a,parallelogram
264,3,noisy_text[punctuation] + full_diagram,OK,angle_M,is_a,angle
264,3,noisy_text[punctuation] + full_diagram,OK,angle_N,is_a,angle
264,3,noisy_text[punctuation] + full_diagram,OK,angle_P,is_a,angle
264,3,noisy_text[punctuation] + full_diagram,OK,angle_Q,is_a,angle
264,3,noisy_text[punctuation] + full_diagram,OK,angle_M,has_measure,10x
264,3,noisy_text[punctuation] + full_diagram,OK,angle_N,has_measure,20x
264,3,noisy_text[punctuation] + full_diagram,OK,angle_M,equals,angle_P
264,3,noisy_text[punctuation] + full_diagram,OK,angle_N,equals,angle_Q
,,,,,,
281,3,noisy_text[punctuation] + full_diagram,OK,A,is_a,point
281,3,noisy_text[punctuation] + full_diagram,OK,B,is_a,point
281,3,noisy_text[punctuation] + full_diagram,OK,C,is_a,point
281,3,noisy_text[punctuation] + full_diagram,OK,ABC,is_a,triangle
281,3,noisy_text[punctuation] + full_diagram,OK,ABC,is_a,right_triangle
281,3,noisy_text[punctuation] + full_diagram,OK,C,is_a,right_angle
281,3,noisy_text[punctuation] + full_diagram,OK,AC,is_a,segment
281,3,noisy_text[punctuation] + full_diagram,OK,AB,is_a,segment
281,3,noisy_text[punctuation] + full_diagram,OK,BC,is_a,segment
281,3,noisy_text[punctuation] + full_diagram,OK,AC,has_measure,24_units
281,3,noisy_text[punctuation] + full_diagram,OK,AB,has_measure,26_units
281,3,noisy_text[punctuation] + full_diagram,OK,BC,has_measure,10_units
281,3,noisy_text[punctuation] + full_diagram,OK,∠C,has_measure,90_deg
281,3,noisy_text[punctuation] + full_diagram,OK,∠C,is_a,angle
281,3,noisy_text[punctuation] + full_diagram,OK,∠B,is_a,angle
281,3,noisy_text[punctuation] + full_diagram,OK,∠B,has_measure,?
281,3,noisy_text[punctuation] + full_diagram,OK,∠A,is_a,angle
281,3,noisy_text[punctuation] + full_diagram,OK,∠A,has_measure,?
,,,,,,
327,3,noisy_text[punctuation] + full_diagram,OK,Z,is_a,point
327,3,noisy_text[punctuation] + full_diagram,OK,Y,is_a,point
327,3,noisy_text[punctuation] + full_diagram,OK,X,is_a,point
327,3,noisy_text[punctuation] + full_diagram,OK,N,is_a,point
327,3,noisy_text[punctuation] + full_diagram,OK,ZY,is_a,segment
327,3,noisy_text[punctuation] + full_diagram,OK,YX,is_a,segment
327,3,noisy_text[punctuation] + full_diagram,OK,XZ,is_a,segment
327,3,noisy_text[punctuation] + full_diagram,OK,ZY,has_measure,10.7_units
327,3,noisy_text[punctuation] + full_diagram,OK,YX,has_measure,b_units
327,3,noisy_text[punctuation] + full_diagram,OK,XZ,has_measure,d_units
327,3,noisy_text[punctuation] + full_diagram,OK,ZY,connects,"Z, Y"
327,3,noisy_text[punctuation] + full_diagram,OK,YX,connects,"Y, X"
327,3,noisy_text[punctuation] + full_diagram,OK,XZ,connects,"X, Z"
327,3,noisy_text[punctuation] + full_diagram,OK,YX,is_a,horizontal
327,3,noisy_text[punctuation] + full_diagram,OK,ZY,is_a,vertical
327,3,noisy_text[punctuation] + full_diagram,OK,X,is_a,circle
327,3,noisy_text[punctuation] + full_diagram,OK,X,center_of,circle
327,3,noisy_text[punctuation] + full_diagram,OK,335_deg,is_a,angle
327,3,noisy_text[punctuation] + full_diagram,OK,Z,lies_on,335_deg
327,3,noisy_text[punctuation] + full_diagram,OK,X,lies_on,335_deg
,,,,,,
348,3,noisy_text[punctuation] + full_diagram,OK,helicopter,is_a,helicopter
348,3,noisy_text[punctuation] + full_diagram,OK,helicopter,has_measure,198_m
348,3,noisy_text[punctuation] + full_diagram,OK,helicopter,has_measure,44_deg
348,3,noisy_text[punctuation] + full_diagram,OK,landing_pad,is_a,landing_pad
348,3,noisy_text[punctuation] + full_diagram,OK,helicopter,connects,landing_pad
348,3,noisy_text[punctuation] + full_diagram,OK,d,is_a,distance
348,3,noisy_text[punctuation] + full_diagram,OK,d,connects,helicopter
348,3,noisy_text[punctuation] + full_diagram,OK,d,connects,landing_pad
348,3,noisy_text[punctuation] + full_diagram,OK,angle,is_a,angle
348,3,noisy_text[punctuation] + full_diagram,OK,angle,has_measure,44_deg
348,3,noisy_text[punctuation] + full_diagram,OK,altitude,is_a,altitude
348,3,noisy_text[punctuation] + full_diagram,OK,altitude,has_measure,198_m
348,3,noisy_text[punctuation] + full_diagram,OK,helicopter,has_measure,altitude
348,3,noisy_text[punctuation] + full_diagram,OK,helicopter,has_measure,angle
348,3,noisy_text[punctuation] + full_diagram,OK,landing_pad,is_a,point
348,3,noisy_text[punctuation] + full_diagram,OK,helicopter,is_a,point
348,3,noisy_text[punctuation] + full_diagram,OK,d,is_a,segment
348,3,noisy_text[punctuation] + full_diagram,OK,helicopter,is_a,segment
348,3,noisy_text[punctuation] + full_diagram,OK,altitude,is_a,segment
348,3,noisy_text[punctuation] + full_diagram,OK,angle,is_a,segment
,,,,,,
364,3,noisy_text[punctuation] + full_diagram,OK,tower,is_a,object
364,3,noisy_text[punctuation] + full_diagram,OK,concrete_tower,is_a,object
364,3,noisy_text[punctuation] + full_diagram,OK,bridge,is_a,object
364,3,noisy_text[punctuation] + full_diagram,OK,main_cable,is_a,object
364,3,noisy_text[punctuation] + full_diagram,OK,connection_point,is_a,point
364,3,noisy_text[punctuation] + full_diagram,OK,tower,has_measure,35.5_m
364,3,noisy_text[punctuation] + full_diagram,OK,connection_point,has_measure,65.9_m
364,3,noisy_text[punctuation] + full_diagram,OK,tower,perpendicular_to,bridge
364,3,noisy_text[punctuation] + full_diagram,OK,h,is_a,?
364,3,noisy_text[punctuation] + full_diagram,OK,h,has_measure,?
,,,,,,
365,3,noisy_text[punctuation] + full_diagram,OK,plane,is_a,object
365,3,noisy_text[punctuation] + full_diagram,OK,airport_runway,is_a,object
365,3,noisy_text[punctuation] + full_diagram,OK,plane,lies_on,ground
365,3,noisy_text[punctuation] + full_diagram,OK,plane,has_measure,10369_m
365,3,noisy_text[punctuation] + full_diagram,OK,plane,has_measure,23444_m
365,3,noisy_text[punctuation] + full_diagram,OK,theta,is_a,angle
365,3,noisy_text[punctuation] + full_diagram,OK,theta,has_measure,?
365,3,noisy_text[punctuation] + full_diagram,OK,theta,is_a,angle_of_approach
,,,,,,
420,3,noisy_text[punctuation] + full_diagram,OK,A,is_a,point
420,3,noisy_text[punctuation] + full_diagram,OK,B,is_a,point
420,3,noisy_text[punctuation] + full_diagram,OK,C,is_a,point
420,3,noisy_text[punctuation] + full_diagram,OK,D,is_a,point
420,3,noisy_text[punctuation] + full_diagram,OK,AB,is_a,segment
420,3,noisy_text[punctuation] + full_diagram,OK,BC,is_a,segment
420,3,noisy_text[punctuation] + full_diagram,OK,CD,is_a,segment
420,3,noisy_text[punctuation] + full_diagram,OK,DA,is_a,segment
420,3,noisy_text[punctuation] + full_diagram,OK,ABCD,is_a,trapezium
420,3,noisy_text[punctuation] + full_diagram,OK,AB,perpendicular_to,AD
420,3,noisy_text[punctuation] + full_diagram,OK,BC,has_measure,10_cm
420,3,noisy_text[punctuation] + full_diagram,OK,segment,is_a,segment
420,3,noisy_text[punctuation] + full_diagram,OK,segment,has_measure,6_cm
420,3,noisy_text[punctuation] + full_diagram,OK,segment,connects,"B, AD"
420,3,noisy_text[punctuation] + full_diagram,OK,AB,has_measure,x
420,3,noisy_text[punctuation] + full_diagram,OK,x,is_a,?
,,,,,,
432,3,noisy_text[punctuation] + full_diagram,OK,-3,4,"is_a, point"
432,3,noisy_text[punctuation] + full_diagram,OK,5,2,"is_a, point"
432,3,noisy_text[punctuation] + full_diagram,OK,-3,4,"connects, 5, 2"
432,3,noisy_text[punctuation] + full_diagram,OK,d,is_a,distance
432,3,noisy_text[punctuation] + full_diagram,OK,d,has_measure,?
,,,,,,
438,3,noisy_text[punctuation] + full_diagram,OK,-8,-3,"is_a, point"
438,3,noisy_text[punctuation] + full_diagram,OK,2,-3,"is_a, point"
438,3,noisy_text[punctuation] + full_diagram,OK,-3,-3,"is_a, point"
438,3,noisy_text[punctuation] + full_diagram,OK,-3-5√2,-3,"is_a, point"
438,3,noisy_text[punctuation] + full_diagram,OK,-3+5√2,-3,"is_a, point"
438,3,noisy_text[punctuation] + full_diagram,OK,hyperbola,has_measure,?
438,3,noisy_text[punctuation] + full_diagram,OK,hyperbola,is_a,?
,,,,,,
441,3,noisy_text[punctuation] + full_diagram,OK,angle,is_a,angle
441,3,noisy_text[punctuation] + full_diagram,OK,a,is_a,angle
441,3,noisy_text[punctuation] + full_diagram,OK,angle,is_a,standard_position
441,3,noisy_text[punctuation] + full_diagram,OK,a,is_a,standard_position
441,3,noisy_text[punctuation] + full_diagram,OK,terminal_side,is_a,side
441,3,noisy_text[punctuation] + full_diagram,OK,terminal_side,intersects,unit_circle
441,3,noisy_text[punctuation] + full_diagram,OK,unit_circle,is_a,circle
441,3,noisy_text[punctuation] + full_diagram,OK,P,is_a,point
441,3,noisy_text[punctuation] + full_diagram,OK,unit_circle,has_measure,1_unit
441,3,noisy_text[punctuation] + full_diagram,OK,y,is_a,axis
441,3,noisy_text[punctuation] + full_diagram,OK,x,is_a,axis
441,3,noisy_text[punctuation] + full_diagram,OK,terminal_side,intersects,x
441,3,noisy_text[punctuation] + full_diagram,OK,terminal_side,intersects,y
441,3,noisy_text[punctuation] + full_diagram,OK,P,lies_on,terminal_side
441,3,noisy_text[punctuation] + full_diagram,OK,y,connects,P
441,3,noisy_text[punctuation] + full_diagram,OK,x,connects,P
,,,,,,
447,3,noisy_text[punctuation] + full_diagram,OK,O,is_a,point
447,3,noisy_text[punctuation] + full_diagram,OK,O,center_of,circle
447,3,noisy_text[punctuation] + full_diagram,OK,circle,is_a,unit_circle
447,3,noisy_text[punctuation] + full_diagram,OK,P,is_a,point
447,3,noisy_text[punctuation] + full_diagram,OK,P,lies_on,circle
447,3,noisy_text[punctuation] + full_diagram,OK,a,is_a,angle
447,3,noisy_text[punctuation] + full_diagram,OK,a,has_measure,?
447,3,noisy_text[punctuation] + full_diagram,OK,a,connects,O
447,3,noisy_text[punctuation] + full_diagram,OK,a,connects,P
447,3,noisy_text[punctuation] + full_diagram,OK,O,lies_on,x
447,3,noisy_text[punctuation] + full_diagram,OK,O,lies_on,y
447,3,noisy_text[punctuation] + full_diagram,OK,x,is_a,axis
447,3,noisy_text[punctuation] + full_diagram,OK,y,is_a,axis
447,3,noisy_text[punctuation] + full_diagram,OK,x,perpendicular_to,y
447,3,noisy_text[punctuation] + full_diagram,OK,circle,intersects,x
447,3,noisy_text[punctuation] + full_diagram,OK,circle,intersects,y
,,,,,,
449,3,noisy_text[punctuation] + full_diagram,OK,circle,is_a,unit_circle
449,3,noisy_text[punctuation] + full_diagram,OK,circle,center_of,origin
449,3,noisy_text[punctuation] + full_diagram,OK,origin,is_a,point
449,3,noisy_text[punctuation] + full_diagram,OK,P,is_a,point
449,3,noisy_text[punctuation] + full_diagram,OK,P,lies_on,circle
449,3,noisy_text[punctuation] + full_diagram,OK,θ,is_a,angle
449,3,noisy_text[punctuation] + full_diagram,OK,sec θ,is_a,trigonometric_function
449,3,noisy_text[punctuation] + full_diagram,OK,sec θ,is_a,?
449,3,noisy_text[punctuation] + full_diagram,OK,sec θ,has_measure,?
,,,,,,
457,3,noisy_text[punctuation] + full_diagram,OK,O,is_a,point
457,3,noisy_text[punctuation] + full_diagram,OK,O,is_a,center
457,3,noisy_text[punctuation] + full_diagram,OK,Circle,is_a,circle
457,3,noisy_text[punctuation] + full_diagram,OK,Circle,center_of,O
457,3,noisy_text[punctuation] + full_diagram,OK,Circle,radius_of,6_units
457,3,noisy_text[punctuation] + full_diagram,OK,Equation,is_a,query_target
,,,,,,
472,3,noisy_text[punctuation] + full_diagram,OK,Question,is_a,math_problem
472,3,noisy_text[punctuation] + full_diagram,OK,semicircle,is_a,shape
472,3,noisy_text[punctuation] + full_diagram,OK,semicircle,passes_through,point
472,3,noisy_text[punctuation] + full_diagram,OK,Question,asks_for,center_of
472,3,noisy_text[punctuation] + full_diagram,OK,center_of,is_a,semicircle
472,3,noisy_text[punctuation] + full_diagram,OK,center_of,is_a,?
,,,,,,
