problem_index,case_id,case_label,status,subject,predicate,object
1,10,full_text + noisy_diagram[pixel_noise],OK,A,is_a,point
1,10,full_text + noisy_diagram[pixel_noise],OK,B,is_a,point
1,10,full_text + noisy_diagram[pixel_noise],OK,C,is_a,point
1,10,full_text + noisy_diagram[pixel_noise],OK,D,is_a,point
1,10,full_text + noisy_diagram[pixel_noise],OK,E,is_a,point
1,10,full_text + noisy_diagram[pixel_noise],OK,ABC,is_a,triangle
1,10,full_text + noisy_diagram[pixel_noise],OK,∠A,is_a,angle
1,10,full_text + noisy_diagram[pixel_noise],OK,∠B,is_a,angle
1,10,full_text + noisy_diagram[pixel_noise],OK,∠A,has_measure,80_deg
1,10,full_text + noisy_diagram[pixel_noise],OK,∠B,has_measure,60_deg
1,10,full_text + noisy_diagram[pixel_noise],OK,D,lies_on,AB
1,10,full_text + noisy_diagram[pixel_noise],OK,E,lies_on,AC
1,10,full_text + noisy_diagram[pixel_noise],OK,DE,is_a,segment
1,10,full_text + noisy_diagram[pixel_noise],OK,BC,is_a,segment
1,10,full_text + noisy_diagram[pixel_noise],OK,DE,parallel_to,BC
1,10,full_text + noisy_diagram[pixel_noise],OK,∠CED,is_a,angle
1,10,full_text + noisy_diagram[pixel_noise],OK,∠CED,has_measure,?
,,,,,,
2,10,full_text + noisy_diagram[pixel_noise],OK,A,is_a,point
2,10,full_text + noisy_diagram[pixel_noise],OK,B,is_a,point
2,10,full_text + noisy_diagram[pixel_noise],OK,C,is_a,point
2,10,full_text + noisy_diagram[pixel_noise],OK,D,is_a,point
2,10,full_text + noisy_diagram[pixel_noise],OK,E,is_a,point
2,10,full_text + noisy_diagram[pixel_noise],OK,F,is_a,point
2,10,full_text + noisy_diagram[pixel_noise],OK,G,is_a,point
2,10,full_text + noisy_diagram[pixel_noise],OK,AB,is_a,segment
2,10,full_text + noisy_diagram[pixel_noise],OK,CD,is_a,segment
2,10,full_text + noisy_diagram[pixel_noise],OK,EF,is_a,segment
2,10,full_text + noisy_diagram[pixel_noise],OK,EG,is_a,segment
2,10,full_text + noisy_diagram[pixel_noise],OK,∠BEF,is_a,angle
2,10,full_text + noisy_diagram[pixel_noise],OK,∠EFG,is_a,angle
2,10,full_text + noisy_diagram[pixel_noise],OK,∠EGF,is_a,angle
2,10,full_text + noisy_diagram[pixel_noise],OK,AB,parallel_to,CD
2,10,full_text + noisy_diagram[pixel_noise],OK,EF,intersects,AB
2,10,full_text + noisy_diagram[pixel_noise],OK,EF,intersects,CD
2,10,full_text + noisy_diagram[pixel_noise],OK,EG,intersects,CD
2,10,full_text + noisy_diagram[pixel_noise],OK,EG,bisects,∠BEF
2,10,full_text + noisy_diagram[pixel_noise],OK,∠EFG,has_measure,50_deg
2,10,full_text + noisy_diagram[pixel_noise],OK,∠EGF,has_measure,?
,,,,,,
3,10,full_text + noisy_diagram[pixel_noise],OK,B,is_a,point
3,10,full_text + noisy_diagram[pixel_noise],OK,C,is_a,point
3,10,full_text + noisy_diagram[pixel_noise],OK,D,is_a,point
3,10,full_text + noisy_diagram[pixel_noise],OK,A,is_a,point
3,10,full_text + noisy_diagram[pixel_noise],OK,BC,is_a,segment
3,10,full_text + noisy_diagram[pixel_noise],OK,BA,is_a,segment
3,10,full_text + noisy_diagram[pixel_noise],OK,BD,is_a,segment
3,10,full_text + noisy_diagram[pixel_noise],OK,CD,is_a,segment
3,10,full_text + noisy_diagram[pixel_noise],OK,AB,is_a,segment
3,10,full_text + noisy_diagram[pixel_noise],OK,∠BCD,is_a,angle
3,10,full_text + noisy_diagram[pixel_noise],OK,∠CDB,is_a,angle
3,10,full_text + noisy_diagram[pixel_noise],OK,∠ABC,is_a,angle
3,10,full_text + noisy_diagram[pixel_noise],OK,BC,intersects,B
3,10,full_text + noisy_diagram[pixel_noise],OK,BA,intersects,B
3,10,full_text + noisy_diagram[pixel_noise],OK,BD,bisects,∠ABC
3,10,full_text + noisy_diagram[pixel_noise],OK,CD,parallel_to,AB
3,10,full_text + noisy_diagram[pixel_noise],OK,∠BCD,has_measure,70_deg
3,10,full_text + noisy_diagram[pixel_noise],OK,BD,connects,B
3,10,full_text + noisy_diagram[pixel_noise],OK,BD,connects,D
3,10,full_text + noisy_diagram[pixel_noise],OK,CD,connects,C
3,10,full_text + noisy_diagram[pixel_noise],OK,CD,connects,D
3,10,full_text + noisy_diagram[pixel_noise],OK,AB,connects,A
3,10,full_text + noisy_diagram[pixel_noise],OK,AB,connects,B
3,10,full_text + noisy_diagram[pixel_noise],OK,BC,connects,B
3,10,full_text + noisy_diagram[pixel_noise],OK,BC,connects,C
3,10,full_text + noisy_diagram[pixel_noise],OK,BA,connects,A
3,10,full_text + noisy_diagram[pixel_noise],OK,BA,connects,B
,,,,,,
4,10,full_text + noisy_diagram[pixel_noise],OK,A,is_a,point
4,10,full_text + noisy_diagram[pixel_noise],OK,B,is_a,point
4,10,full_text + noisy_diagram[pixel_noise],OK,C,is_a,point
4,10,full_text + noisy_diagram[pixel_noise],OK,O,is_a,point
4,10,full_text + noisy_diagram[pixel_noise],OK,AB,is_a,segment
4,10,full_text + noisy_diagram[pixel_noise],OK,BC,is_a,segment
4,10,full_text + noisy_diagram[pixel_noise],OK,AO,is_a,segment
4,10,full_text + noisy_diagram[pixel_noise],OK,OC,is_a,segment
4,10,full_text + noisy_diagram[pixel_noise],OK,OB,is_a,segment
4,10,full_text + noisy_diagram[pixel_noise],OK,∠A,is_a,angle
4,10,full_text + noisy_diagram[pixel_noise],OK,∠OCB,is_a,angle
4,10,full_text + noisy_diagram[pixel_noise],OK,AB,tangent_to,circle_O
4,10,full_text + noisy_diagram[pixel_noise],OK,AB,intersects,B
4,10,full_text + noisy_diagram[pixel_noise],OK,AO,intersects,C
4,10,full_text + noisy_diagram[pixel_noise],OK,BC,connects,B
4,10,full_text + noisy_diagram[pixel_noise],OK,BC,connects,C
4,10,full_text + noisy_diagram[pixel_noise],OK,O,center_of,circle_O
4,10,full_text + noisy_diagram[pixel_noise],OK,∠A,has_measure,36_deg
4,10,full_text + noisy_diagram[pixel_noise],OK,∠OCB,has_measure,?
,,,,,,
7,10,full_text + noisy_diagram[pixel_noise],OK,A,is_a,point
7,10,full_text + noisy_diagram[pixel_noise],OK,B,is_a,point
7,10,full_text + noisy_diagram[pixel_noise],OK,C,is_a,point
7,10,full_text + noisy_diagram[pixel_noise],OK,D,is_a,point
7,10,full_text + noisy_diagram[pixel_noise],OK,E,is_a,point
7,10,full_text + noisy_diagram[pixel_noise],OK,ABC,is_a,triangle
7,10,full_text + noisy_diagram[pixel_noise],OK,ADE,is_a,triangle
7,10,full_text + noisy_diagram[pixel_noise],OK,A,is_a,vertex
7,10,full_text + noisy_diagram[pixel_noise],OK,B,is_a,vertex
7,10,full_text + noisy_diagram[pixel_noise],OK,C,is_a,vertex
7,10,full_text + noisy_diagram[pixel_noise],OK,D,is_a,vertex
7,10,full_text + noisy_diagram[pixel_noise],OK,E,is_a,vertex
7,10,full_text + noisy_diagram[pixel_noise],OK,ABC,is_a,"congruent_to, ADE"
7,10,full_text + noisy_diagram[pixel_noise],OK,∠B,is_a,angle
7,10,full_text + noisy_diagram[pixel_noise],OK,∠C,is_a,angle
7,10,full_text + noisy_diagram[pixel_noise],OK,∠DAC,is_a,angle
7,10,full_text + noisy_diagram[pixel_noise],OK,∠EAC,is_a,angle
7,10,full_text + noisy_diagram[pixel_noise],OK,∠B,has_measure,70_deg
7,10,full_text + noisy_diagram[pixel_noise],OK,∠C,has_measure,30_deg
7,10,full_text + noisy_diagram[pixel_noise],OK,∠DAC,has_measure,35_deg
7,10,full_text + noisy_diagram[pixel_noise],OK,∠EAC,has_measure,?
,,,,,,
8,10,full_text + noisy_diagram[pixel_noise],OK,A,is_a,point
8,10,full_text + noisy_diagram[pixel_noise],OK,B,is_a,point
8,10,full_text + noisy_diagram[pixel_noise],OK,C,is_a,point
8,10,full_text + noisy_diagram[pixel_noise],OK,D,is_a,point
8,10,full_text + noisy_diagram[pixel_noise],OK,E,is_a,point
8,10,full_text + noisy_diagram[pixel_noise],OK,F,is_a,point
8,10,full_text + noisy_diagram[pixel_noise],OK,ABC,is_a,triangle
8,10,full_text + noisy_diagram[pixel_noise],OK,DEF,is_a,triangle
8,10,full_text + noisy_diagram[pixel_noise],OK,ABC,is_a,"congruent_to, DEF"
8,10,full_text + noisy_diagram[pixel_noise],OK,A,mapped_to,D
8,10,full_text + noisy_diagram[pixel_noise],OK,B,mapped_to,E
8,10,full_text + noisy_diagram[pixel_noise],OK,C,mapped_to,F
8,10,full_text + noisy_diagram[pixel_noise],OK,BC,is_a,segment
8,10,full_text + noisy_diagram[pixel_noise],OK,BE,is_a,segment
8,10,full_text + noisy_diagram[pixel_noise],OK,EC,is_a,segment
8,10,full_text + noisy_diagram[pixel_noise],OK,CF,is_a,segment
8,10,full_text + noisy_diagram[pixel_noise],OK,BC,has_measure,5_units
8,10,full_text + noisy_diagram[pixel_noise],OK,BF,has_measure,7_units
8,10,full_text + noisy_diagram[pixel_noise],OK,EC,has_measure,?
8,10,full_text + noisy_diagram[pixel_noise],OK,EC,is_a,query_target
,,,,,,
9,10,full_text + noisy_diagram[pixel_noise],OK,A,is_a,point
9,10,full_text + noisy_diagram[pixel_noise],OK,B,is_a,point
9,10,full_text + noisy_diagram[pixel_noise],OK,C,is_a,point
9,10,full_text + noisy_diagram[pixel_noise],OK,D,is_a,point
9,10,full_text + noisy_diagram[pixel_noise],OK,E,is_a,point
9,10,full_text + noisy_diagram[pixel_noise],OK,AB,is_a,segment
9,10,full_text + noisy_diagram[pixel_noise],OK,AC,is_a,segment
9,10,full_text + noisy_diagram[pixel_noise],OK,AD,is_a,segment
9,10,full_text + noisy_diagram[pixel_noise],OK,BC,is_a,segment
9,10,full_text + noisy_diagram[pixel_noise],OK,BD,is_a,segment
9,10,full_text + noisy_diagram[pixel_noise],OK,DE,is_a,segment
9,10,full_text + noisy_diagram[pixel_noise],OK,ABC,is_a,triangle
9,10,full_text + noisy_diagram[pixel_noise],OK,ACB,is_a,angle
9,10,full_text + noisy_diagram[pixel_noise],OK,CAB,is_a,angle
9,10,full_text + noisy_diagram[pixel_noise],OK,CAD,is_a,angle
9,10,full_text + noisy_diagram[pixel_noise],OK,C,is_a,angle
9,10,full_text + noisy_diagram[pixel_noise],OK,∠ACB,has_measure,90_deg
9,10,full_text + noisy_diagram[pixel_noise],OK,AC,has_measure,?
9,10,full_text + noisy_diagram[pixel_noise],OK,BC,has_measure,?
9,10,full_text + noisy_diagram[pixel_noise],OK,AB,has_measure,6_units
9,10,full_text + noisy_diagram[pixel_noise],OK,AD,has_measure,?
9,10,full_text + noisy_diagram[pixel_noise],OK,BD,has_measure,?
9,10,full_text + noisy_diagram[pixel_noise],OK,DE,has_measure,?
,,,,,,
10,10,full_text + noisy_diagram[pixel_noise],OK,A,is_a,point
10,10,full_text + noisy_diagram[pixel_noise],OK,B,is_a,point
10,10,full_text + noisy_diagram[pixel_noise],OK,C,is_a,point
10,10,full_text + noisy_diagram[pixel_noise],OK,D,is_a,point
10,10,full_text + noisy_diagram[pixel_noise],OK,E,is_a,point
10,10,full_text + noisy_diagram[pixel_noise],OK,AB,is_a,segment
10,10,full_text + noisy_diagram[pixel_noise],OK,AC,is_a,segment
10,10,full_text + noisy_diagram[pixel_noise],OK,BC,is_a,segment
10,10,full_text + noisy_diagram[pixel_noise],OK,AD,is_a,segment
10,10,full_text + noisy_diagram[pixel_noise],OK,AE,is_a,segment
10,10,full_text + noisy_diagram[pixel_noise],OK,BD,is_a,segment
10,10,full_text + noisy_diagram[pixel_noise],OK,BE,is_a,segment
10,10,full_text + noisy_diagram[pixel_noise],OK,AB,connects,A
10,10,full_text + noisy_diagram[pixel_noise],OK,AB,connects,B
10,10,full_text + noisy_diagram[pixel_noise],OK,AC,connects,A
10,10,full_text + noisy_diagram[pixel_noise],OK,AC,connects,C
10,10,full_text + noisy_diagram[pixel_noise],OK,BC,connects,B
10,10,full_text + noisy_diagram[pixel_noise],OK,BC,connects,C
10,10,full_text + noisy_diagram[pixel_noise],OK,AD,connects,A
10,10,full_text + noisy_diagram[pixel_noise],OK,AD,connects,D
10,10,full_text + noisy_diagram[pixel_noise],OK,AE,connects,A
10,10,full_text + noisy_diagram[pixel_noise],OK,AE,connects,E
10,10,full_text + noisy_diagram[pixel_noise],OK,BD,connects,B
10,10,full_text + noisy_diagram[pixel_noise],OK,BD,connects,D
10,10,full_text + noisy_diagram[pixel_noise],OK,BE,connects,B
10,10,full_text + noisy_diagram[pixel_noise],OK,BE,connects,E
10,10,full_text + noisy_diagram[pixel_noise],OK,∠A,is_a,angle
10,10,full_text + noisy_diagram[pixel_noise],OK,∠BDC,is_a,angle
10,10,full_text + noisy_diagram[pixel_noise],OK,AB,has_measure,?
10,10,full_text + noisy_diagram[pixel_noise],OK,AC,has_measure,?
10,10,full_text + noisy_diagram[pixel_noise],OK,BC,has_measure,?
10,10,full_text + noisy_diagram[pixel_noise],OK,AD,has_measure,?
10,10,full_text + noisy_diagram[pixel_noise],OK,AE,has_measure,?
10,10,full_text + noisy_diagram[pixel_noise],OK,BD,has_measure,?
10,10,full_text + noisy_diagram[pixel_noise],OK,BE,has_measure,?
10,10,full_text + noisy_diagram[pixel_noise],OK,∠A,has_measure,36_deg
10,10,full_text + noisy_diagram[pixel_noise],OK,∠BDC,has_measure,?
10,10,full_text + noisy_diagram[pixel_noise],OK,triangle_ABC,is_a,triangle
10,10,full_text + noisy_diagram[pixel_noise],OK,AB,parallel_to,AC
10,10,full_text + noisy_diagram[pixel_noise],OK,AB,perpendicular_to,BD
10,10,full_text + noisy_diagram[pixel_noise],OK,AC,perpendicular_to,BD
10,10,full_text + noisy_diagram[pixel_noise],OK,AB,equal_to,AC
10,10,full_text + noisy_diagram[pixel_noise],OK,AB,intersects,E
10,10,full_text + noisy_diagram[pixel_noise],OK,AC,intersects,D
10,10,full_text + noisy_diagram[pixel_noise],OK,AB,intersects,B
10,10,full_text + noisy_diagram[pixel_noise],OK,AC,intersects,C
10,10,full_text + noisy_diagram[pixel_noise],OK,AB,intersects,D
10,10,full_text + noisy_diagram[pixel_noise],OK,AC,intersects,E
10,10,full_text + noisy_diagram[pixel_noise],OK,AB,intersects,C
10,10,full_text + noisy_diagram[pixel_noise],OK,AC,intersects,B
,,,,,,
11,10,full_text + noisy_diagram[pixel_noise],OK,A,is_a,point
11,10,full_text + noisy_diagram[pixel_noise],OK,B,is_a,point
11,10,full_text + noisy_diagram[pixel_noise],OK,C,is_a,point
11,10,full_text + noisy_diagram[pixel_noise],OK,D,is_a,point
11,10,full_text + noisy_diagram[pixel_noise],OK,E,is_a,point
11,10,full_text + noisy_diagram[pixel_noise],OK,F,is_a,point
11,10,full_text + noisy_diagram[pixel_noise],OK,∠C,is_a,angle
11,10,full_text + noisy_diagram[pixel_noise],OK,∠C,has_measure,36_deg
11,10,full_text + noisy_diagram[pixel_noise],OK,∠B,is_a,angle
11,10,full_text + noisy_diagram[pixel_noise],OK,∠B,has_measure,60_deg
11,10,full_text + noisy_diagram[pixel_noise],OK,ABC,is_a,triangle
11,10,full_text + noisy_diagram[pixel_noise],OK,AED,is_a,triangle
11,10,full_text + noisy_diagram[pixel_noise],OK,AD,is_a,segment
11,10,full_text + noisy_diagram[pixel_noise],OK,BC,is_a,segment
11,10,full_text + noisy_diagram[pixel_noise],OK,AF,is_a,segment
11,10,full_text + noisy_diagram[pixel_noise],OK,FC,is_a,segment
11,10,full_text + noisy_diagram[pixel_noise],OK,∠AFC,is_a,angle
11,10,full_text + noisy_diagram[pixel_noise],OK,AFC,is_a,angle
11,10,full_text + noisy_diagram[pixel_noise],OK,A,rotated_about,60_deg
11,10,full_text + noisy_diagram[pixel_noise],OK,ABC,mapped_to,AED
11,10,full_text + noisy_diagram[pixel_noise],OK,AD,intersects,BC
11,10,full_text + noisy_diagram[pixel_noise],OK,AD,intersects,"BC, at, F"
,,,,,,
14,10,full_text + noisy_diagram[pixel_noise],OK,O,is_a,circle
14,10,full_text + noisy_diagram[pixel_noise],OK,A,is_a,point
14,10,full_text + noisy_diagram[pixel_noise],OK,B,is_a,point
14,10,full_text + noisy_diagram[pixel_noise],OK,C,is_a,point
14,10,full_text + noisy_diagram[pixel_noise],OK,OAB,is_a,angle
14,10,full_text + noisy_diagram[pixel_noise],OK,ABC,is_a,triangle
14,10,full_text + noisy_diagram[pixel_noise],OK,OAB,has_measure,35_deg
14,10,full_text + noisy_diagram[pixel_noise],OK,ABC,lies_on,O
14,10,full_text + noisy_diagram[pixel_noise],OK,OAB,lies_on,O
14,10,full_text + noisy_diagram[pixel_noise],OK,?,is_a,angle
,,,,,,
16,10,full_text + noisy_diagram[pixel_noise],OK,O,is_a,point
16,10,full_text + noisy_diagram[pixel_noise],OK,A,is_a,point
16,10,full_text + noisy_diagram[pixel_noise],OK,B,is_a,point
16,10,full_text + noisy_diagram[pixel_noise],OK,C,is_a,point
16,10,full_text + noisy_diagram[pixel_noise],OK,OA,is_a,segment
16,10,full_text + noisy_diagram[pixel_noise],OK,OB,is_a,segment
16,10,full_text + noisy_diagram[pixel_noise],OK,OC,is_a,segment
16,10,full_text + noisy_diagram[pixel_noise],OK,AC,is_a,segment
16,10,full_text + noisy_diagram[pixel_noise],OK,∠BOC,is_a,angle
16,10,full_text + noisy_diagram[pixel_noise],OK,O,center_of,circle
16,10,full_text + noisy_diagram[pixel_noise],OK,AC,parallel_to,OB
16,10,full_text + noisy_diagram[pixel_noise],OK,∠BOC,has_measure,50_deg
16,10,full_text + noisy_diagram[pixel_noise],OK,?,is_a,query_target
,,,,,,
17,10,full_text + noisy_diagram[pixel_noise],OK,A,is_a,point
17,10,full_text + noisy_diagram[pixel_noise],OK,B,is_a,point
17,10,full_text + noisy_diagram[pixel_noise],OK,C,is_a,point
17,10,full_text + noisy_diagram[pixel_noise],OK,D,is_a,point
17,10,full_text + noisy_diagram[pixel_noise],OK,O,is_a,point
17,10,full_text + noisy_diagram[pixel_noise],OK,ABCD,is_a,parallelogram
17,10,full_text + noisy_diagram[pixel_noise],OK,AC,is_a,diagonal
17,10,full_text + noisy_diagram[pixel_noise],OK,BD,is_a,diagonal
17,10,full_text + noisy_diagram[pixel_noise],OK,AC,intersects,BD
17,10,full_text + noisy_diagram[pixel_noise],OK,AC,intersects,"BD, at, O"
17,10,full_text + noisy_diagram[pixel_noise],OK,∠DAC,is_a,angle
17,10,full_text + noisy_diagram[pixel_noise],OK,∠DAC,has_measure,42_deg
17,10,full_text + noisy_diagram[pixel_noise],OK,∠CBD,is_a,angle
17,10,full_text + noisy_diagram[pixel_noise],OK,∠CBD,has_measure,23_deg
17,10,full_text + noisy_diagram[pixel_noise],OK,∠COD,is_a,angle
17,10,full_text + noisy_diagram[pixel_noise],OK,AB,is_a,segment
17,10,full_text + noisy_diagram[pixel_noise],OK,AB,has_measure,?
17,10,full_text + noisy_diagram[pixel_noise],OK,AD,is_a,segment
17,10,full_text + noisy_diagram[pixel_noise],OK,AD,has_measure,?
17,10,full_text + noisy_diagram[pixel_noise],OK,BC,is_a,segment
17,10,full_text + noisy_diagram[pixel_noise],OK,BC,has_measure,?
17,10,full_text + noisy_diagram[pixel_noise],OK,CD,is_a,segment
17,10,full_text + noisy_diagram[pixel_noise],OK,CD,has_measure,?
17,10,full_text + noisy_diagram[pixel_noise],OK,AC,is_a,segment
17,10,full_text + noisy_diagram[pixel_noise],OK,AC,has_measure,?
17,10,full_text + noisy_diagram[pixel_noise],OK,BD,is_a,segment
17,10,full_text + noisy_diagram[pixel_noise],OK,BD,has_measure,?
17,10,full_text + noisy_diagram[pixel_noise],OK,AB,parallel_to,CD
17,10,full_text + noisy_diagram[pixel_noise],OK,AD,parallel_to,BC
,,,,,,
20,10,full_text + noisy_diagram[pixel_noise],OK,O,is_a,circle
20,10,full_text + noisy_diagram[pixel_noise],OK,AB,is_a,"diameter_of, O"
20,10,full_text + noisy_diagram[pixel_noise],OK,A,is_a,point
20,10,full_text + noisy_diagram[pixel_noise],OK,B,is_a,point
20,10,full_text + noisy_diagram[pixel_noise],OK,C,is_a,point
20,10,full_text + noisy_diagram[pixel_noise],OK,D,is_a,point
20,10,full_text + noisy_diagram[pixel_noise],OK,AB,connects,"A, B"
20,10,full_text + noisy_diagram[pixel_noise],OK,AC,connects,"A, C"
20,10,full_text + noisy_diagram[pixel_noise],OK,BC,connects,"B, C"
20,10,full_text + noisy_diagram[pixel_noise],OK,CD,connects,"C, D"
20,10,full_text + noisy_diagram[pixel_noise],OK,OD,connects,"O, D"
20,10,full_text + noisy_diagram[pixel_noise],OK,∠DOB,is_a,angle
20,10,full_text + noisy_diagram[pixel_noise],OK,∠DOB,has_measure,140_deg
20,10,full_text + noisy_diagram[pixel_noise],OK,∠ACD,is_a,angle
20,10,full_text + noisy_diagram[pixel_noise],OK,∠ACD,has_measure,?
20,10,full_text + noisy_diagram[pixel_noise],OK,AB,lies_on,O
20,10,full_text + noisy_diagram[pixel_noise],OK,C,lies_on,O
20,10,full_text + noisy_diagram[pixel_noise],OK,D,lies_on,O
,,,,,,
22,10,full_text + noisy_diagram[pixel_noise],OK,A,is_a,point
22,10,full_text + noisy_diagram[pixel_noise],OK,B,is_a,point
22,10,full_text + noisy_diagram[pixel_noise],OK,C,is_a,point
22,10,full_text + noisy_diagram[pixel_noise],OK,D,is_a,point
22,10,full_text + noisy_diagram[pixel_noise],OK,M,is_a,point
22,10,full_text + noisy_diagram[pixel_noise],OK,N,is_a,point
22,10,full_text + noisy_diagram[pixel_noise],OK,O,is_a,point
22,10,full_text + noisy_diagram[pixel_noise],OK,ABCD,is_a,diamond
22,10,full_text + noisy_diagram[pixel_noise],OK,M,lies_on,AB
22,10,full_text + noisy_diagram[pixel_noise],OK,N,lies_on,CD
22,10,full_text + noisy_diagram[pixel_noise],OK,AM,has_measure,CN
22,10,full_text + noisy_diagram[pixel_noise],OK,MN,intersects,AC
22,10,full_text + noisy_diagram[pixel_noise],OK,MN,intersects,O
22,10,full_text + noisy_diagram[pixel_noise],OK,AC,intersects,O
22,10,full_text + noisy_diagram[pixel_noise],OK,BO,connects,B
22,10,full_text + noisy_diagram[pixel_noise],OK,BO,connects,O
22,10,full_text + noisy_diagram[pixel_noise],OK,∠DAC,has_measure,28_deg
22,10,full_text + noisy_diagram[pixel_noise],OK,∠OBC,is_a,query_target
,,,,,,
25,10,full_text + noisy_diagram[pixel_noise],OK,A,is_a,point
25,10,full_text + noisy_diagram[pixel_noise],OK,B,is_a,point
25,10,full_text + noisy_diagram[pixel_noise],OK,C,is_a,point
25,10,full_text + noisy_diagram[pixel_noise],OK,E,is_a,point
25,10,full_text + noisy_diagram[pixel_noise],OK,F,is_a,point
25,10,full_text + noisy_diagram[pixel_noise],OK,AB,is_a,segment
25,10,full_text + noisy_diagram[pixel_noise],OK,AC,is_a,segment
25,10,full_text + noisy_diagram[pixel_noise],OK,AF,is_a,segment
25,10,full_text + noisy_diagram[pixel_noise],OK,BC,is_a,segment
25,10,full_text + noisy_diagram[pixel_noise],OK,BE,is_a,segment
25,10,full_text + noisy_diagram[pixel_noise],OK,EF,is_a,segment
25,10,full_text + noisy_diagram[pixel_noise],OK,∠B,is_a,angle
25,10,full_text + noisy_diagram[pixel_noise],OK,∠C,is_a,angle
25,10,full_text + noisy_diagram[pixel_noise],OK,∠BAF,is_a,angle
25,10,full_text + noisy_diagram[pixel_noise],OK,EF,parallel_to,BC
25,10,full_text + noisy_diagram[pixel_noise],OK,AC,bisects,∠BAF
25,10,full_text + noisy_diagram[pixel_noise],OK,∠B,has_measure,50_deg
25,10,full_text + noisy_diagram[pixel_noise],OK,?,is_a,query_target
,,,,,,
26,10,full_text + noisy_diagram[pixel_noise],OK,bamboo_pole,is_a,object
26,10,full_text + noisy_diagram[pixel_noise],OK,bamboo_pole,has_measure,3.2_m
26,10,full_text + noisy_diagram[pixel_noise],OK,bamboo_pole,is_a,measuring_tool
26,10,full_text + noisy_diagram[pixel_noise],OK,flagpole,is_a,object
26,10,full_text + noisy_diagram[pixel_noise],OK,flagpole,has_measure,?
26,10,full_text + noisy_diagram[pixel_noise],OK,point,is_a,point
26,10,full_text + noisy_diagram[pixel_noise],OK,bamboo_pole,is_a,pole
26,10,full_text + noisy_diagram[pixel_noise],OK,flagpole,is_a,pole
26,10,full_text + noisy_diagram[pixel_noise],OK,bamboo_pole,connects,point
26,10,full_text + noisy_diagram[pixel_noise],OK,flagpole,connects,point
26,10,full_text + noisy_diagram[pixel_noise],OK,point,is_a,shadow
26,10,full_text + noisy_diagram[pixel_noise],OK,point,is_a,top
26,10,full_text + noisy_diagram[pixel_noise],OK,bamboo_pole,has_measure,8.0_m
26,10,full_text + noisy_diagram[pixel_noise],OK,flagpole,has_measure,22.0_m
26,10,full_text + noisy_diagram[pixel_noise],OK,flagpole,is_a,school_flagpole
26,10,full_text + noisy_diagram[pixel_noise],OK,bamboo_pole,is_a,bamboo_pole
26,10,full_text + noisy_diagram[pixel_noise],OK,point,is_a,ground
26,10,full_text + noisy_diagram[pixel_noise],OK,point,is_a,same_point
26,10,full_text + noisy_diagram[pixel_noise],OK,bamboo_pole,is_a,top
26,10,full_text + noisy_diagram[pixel_noise],OK,flagpole,is_a,top
,,,,,,
29,10,full_text + noisy_diagram[pixel_noise],OK,A,is_a,point
29,10,full_text + noisy_diagram[pixel_noise],OK,B,is_a,point
29,10,full_text + noisy_diagram[pixel_noise],OK,C,is_a,point
29,10,full_text + noisy_diagram[pixel_noise],OK,D,is_a,point
29,10,full_text + noisy_diagram[pixel_noise],OK,ABC,is_a,triangle
29,10,full_text + noisy_diagram[pixel_noise],OK,BD,is_a,segment
29,10,full_text + noisy_diagram[pixel_noise],OK,CD,is_a,segment
29,10,full_text + noisy_diagram[pixel_noise],OK,D,is_a,intersection_point
29,10,full_text + noisy_diagram[pixel_noise],OK,BD,is_a,angle_bisector
29,10,full_text + noisy_diagram[pixel_noise],OK,CD,is_a,angle_bisector
29,10,full_text + noisy_diagram[pixel_noise],OK,A,has_measure,50_deg
29,10,full_text + noisy_diagram[pixel_noise],OK,∠BDC,is_a,angle
29,10,full_text + noisy_diagram[pixel_noise],OK,∠BDC,has_measure,?
29,10,full_text + noisy_diagram[pixel_noise],OK,∠A,is_a,angle
29,10,full_text + noisy_diagram[pixel_noise],OK,∠A,has_measure,50_deg
,,,,,,
30,10,full_text + noisy_diagram[pixel_noise],OK,O,is_a,point
30,10,full_text + noisy_diagram[pixel_noise],OK,A,is_a,point
30,10,full_text + noisy_diagram[pixel_noise],OK,B,is_a,point
30,10,full_text + noisy_diagram[pixel_noise],OK,C,is_a,point
30,10,full_text + noisy_diagram[pixel_noise],OK,OA,is_a,segment
30,10,full_text + noisy_diagram[pixel_noise],OK,OB,is_a,segment
30,10,full_text + noisy_diagram[pixel_noise],OK,OC,is_a,segment
30,10,full_text + noisy_diagram[pixel_noise],OK,AC,is_a,segment
30,10,full_text + noisy_diagram[pixel_noise],OK,AB,is_a,segment
30,10,full_text + noisy_diagram[pixel_noise],OK,BC,is_a,segment
30,10,full_text + noisy_diagram[pixel_noise],OK,OA,has_measure,?
30,10,full_text + noisy_diagram[pixel_noise],OK,OB,has_measure,?
30,10,full_text + noisy_diagram[pixel_noise],OK,OC,has_measure,?
30,10,full_text + noisy_diagram[pixel_noise],OK,OA,collinear_with,A
30,10,full_text + noisy_diagram[pixel_noise],OK,OA,collinear_with,O
30,10,full_text + noisy_diagram[pixel_noise],OK,OB,collinear_with,B
30,10,full_text + noisy_diagram[pixel_noise],OK,OB,collinear_with,O
30,10,full_text + noisy_diagram[pixel_noise],OK,OC,collinear_with,C
30,10,full_text + noisy_diagram[pixel_noise],OK,OC,collinear_with,O
30,10,full_text + noisy_diagram[pixel_noise],OK,AC,collinear_with,A
30,10,full_text + noisy_diagram[pixel_noise],OK,AC,collinear_with,C
30,10,full_text + noisy_diagram[pixel_noise],OK,AB,collinear_with,A
30,10,full_text + noisy_diagram[pixel_noise],OK,AB,collinear_with,B
30,10,full_text + noisy_diagram[pixel_noise],OK,BC,collinear_with,B
30,10,full_text + noisy_diagram[pixel_noise],OK,BC,collinear_with,C
30,10,full_text + noisy_diagram[pixel_noise],OK,OA,parallel_to,OB
30,10,full_text + noisy_diagram[pixel_noise],OK,OA,parallel_to,OC
30,10,full_text + noisy_diagram[pixel_noise],OK,OB,parallel_to,OC
30,10,full_text + noisy_diagram[pixel_noise],OK,OA,parallel_to,AB
30,10,full_text + noisy_diagram[pixel_noise],OK,OA,parallel_to,BC
30,10,full_text + noisy_diagram[pixel_noise],OK,OA,parallel_to,AC
30,10,full_text + noisy_diagram[pixel_noise],OK,OB,parallel_to,AB
30,10,full_text + noisy_diagram[pixel_noise],OK,OB,parallel_to,BC
30,10,full_text + noisy_diagram[pixel_noise],OK,OB,parallel_to,AC
30,10,full_text + noisy_diagram[pixel_noise],OK,OC,parallel_to,AB
30,10,full_text + noisy_diagram[pixel_noise],OK,OC,parallel_to,BC
30,10,full_text + noisy_diagram[pixel_noise],OK,OC,parallel_to,AC
,,,,,,
32,10,full_text + noisy_diagram[pixel_noise],OK,A,is_a,point
32,10,full_text + noisy_diagram[pixel_noise],OK,B,is_a,point
32,10,full_text + noisy_diagram[pixel_noise],OK,C,is_a,point
32,10,full_text + noisy_diagram[pixel_noise],OK,D,is_a,point
32,10,full_text + noisy_diagram[pixel_noise],OK,E,is_a,point
32,10,full_text + noisy_diagram[pixel_noise],OK,F,is_a,point
32,10,full_text + noisy_diagram[pixel_noise],OK,I,is_a,point
32,10,full_text + noisy_diagram[pixel_noise],OK,∠DEF,is_a,angle
32,10,full_text + noisy_diagram[pixel_noise],OK,∠A,is_a,angle
32,10,full_text + noisy_diagram[pixel_noise],OK,ABC,is_a,triangle
32,10,full_text + noisy_diagram[pixel_noise],OK,I,is_a,circle
32,10,full_text + noisy_diagram[pixel_noise],OK,ABC,has_measure,?
32,10,full_text + noisy_diagram[pixel_noise],OK,∠DEF,has_measure,52_deg
32,10,full_text + noisy_diagram[pixel_noise],OK,D,lies_on,I
32,10,full_text + noisy_diagram[pixel_noise],OK,E,lies_on,I
32,10,full_text + noisy_diagram[pixel_noise],OK,F,lies_on,I
32,10,full_text + noisy_diagram[pixel_noise],OK,I,center_of,DEF
32,10,full_text + noisy_diagram[pixel_noise],OK,A,connects,B
32,10,full_text + noisy_diagram[pixel_noise],OK,B,connects,C
32,10,full_text + noisy_diagram[pixel_noise],OK,C,connects,A
32,10,full_text + noisy_diagram[pixel_noise],OK,D,lies_on,AB
32,10,full_text + noisy_diagram[pixel_noise],OK,E,lies_on,BC
32,10,full_text + noisy_diagram[pixel_noise],OK,F,lies_on,AC
32,10,full_text + noisy_diagram[pixel_noise],OK,I,is_a,inscribed_circle
,,,,,,
34,10,full_text + noisy_diagram[pixel_noise],OK,A,is_a,point
34,10,full_text + noisy_diagram[pixel_noise],OK,B,is_a,point
34,10,full_text + noisy_diagram[pixel_noise],OK,AB,is_a,line
34,10,full_text + noisy_diagram[pixel_noise],OK,C,is_a,point
34,10,full_text + noisy_diagram[pixel_noise],OK,D,is_a,point
34,10,full_text + noisy_diagram[pixel_noise],OK,CD,is_a,line
34,10,full_text + noisy_diagram[pixel_noise],OK,E,is_a,point
34,10,full_text + noisy_diagram[pixel_noise],OK,F,is_a,point
34,10,full_text + noisy_diagram[pixel_noise],OK,EF,is_a,line
34,10,full_text + noisy_diagram[pixel_noise],OK,P,is_a,point
34,10,full_text + noisy_diagram[pixel_noise],OK,Q,is_a,point
34,10,full_text + noisy_diagram[pixel_noise],OK,AB,parallel_to,CD
34,10,full_text + noisy_diagram[pixel_noise],OK,P,is_a,intersection
34,10,full_text + noisy_diagram[pixel_noise],OK,Q,is_a,intersection
34,10,full_text + noisy_diagram[pixel_noise],OK,EF,intersects,AB
34,10,full_text + noisy_diagram[pixel_noise],OK,EF,intersects,CD
34,10,full_text + noisy_diagram[pixel_noise],OK,∠BPF,is_a,angle
34,10,full_text + noisy_diagram[pixel_noise],OK,∠BPF,has_measure,100_deg
34,10,full_text + noisy_diagram[pixel_noise],OK,∠CQF,is_a,angle
34,10,full_text + noisy_diagram[pixel_noise],OK,∠CQF,has_measure,?
,,,,,,
36,10,full_text + noisy_diagram[pixel_noise],OK,O,is_a,circle
36,10,full_text + noisy_diagram[pixel_noise],OK,AB,is_a,diameter
36,10,full_text + noisy_diagram[pixel_noise],OK,AB,diameter_of,O
36,10,full_text + noisy_diagram[pixel_noise],OK,C,is_a,point
36,10,full_text + noisy_diagram[pixel_noise],OK,C,lies_on,O
36,10,full_text + noisy_diagram[pixel_noise],OK,D,is_a,point
36,10,full_text + noisy_diagram[pixel_noise],OK,DC,is_a,tangent
36,10,full_text + noisy_diagram[pixel_noise],OK,DC,tangent_to,O
36,10,full_text + noisy_diagram[pixel_noise],OK,DC,intersects,DB
36,10,full_text + noisy_diagram[pixel_noise],OK,AB,connects,D
36,10,full_text + noisy_diagram[pixel_noise],OK,AC,is_a,segment
36,10,full_text + noisy_diagram[pixel_noise],OK,∠D,is_a,angle
36,10,full_text + noisy_diagram[pixel_noise],OK,∠D,has_measure,50_deg
36,10,full_text + noisy_diagram[pixel_noise],OK,∠BAC,is_a,angle
36,10,full_text + noisy_diagram[pixel_noise],OK,∠BAC,is_a,query_target
,,,,,,
37,10,full_text + noisy_diagram[pixel_noise],OK,A,is_a,point
37,10,full_text + noisy_diagram[pixel_noise],OK,B,is_a,point
37,10,full_text + noisy_diagram[pixel_noise],OK,C,is_a,point
37,10,full_text + noisy_diagram[pixel_noise],OK,D,is_a,point
37,10,full_text + noisy_diagram[pixel_noise],OK,O,is_a,point
37,10,full_text + noisy_diagram[pixel_noise],OK,P,is_a,point
37,10,full_text + noisy_diagram[pixel_noise],OK,AB,is_a,line
37,10,full_text + noisy_diagram[pixel_noise],OK,CD,is_a,line
37,10,full_text + noisy_diagram[pixel_noise],OK,AP,is_a,segment
37,10,full_text + noisy_diagram[pixel_noise],OK,AO,is_a,segment
37,10,full_text + noisy_diagram[pixel_noise],OK,OP,is_a,segment
37,10,full_text + noisy_diagram[pixel_noise],OK,OC,is_a,segment
37,10,full_text + noisy_diagram[pixel_noise],OK,CD,is_a,angle
37,10,full_text + noisy_diagram[pixel_noise],OK,AB,parallel_to,CD
37,10,full_text + noisy_diagram[pixel_noise],OK,AB,intersects,transversal
37,10,full_text + noisy_diagram[pixel_noise],OK,CD,intersects,transversal
37,10,full_text + noisy_diagram[pixel_noise],OK,transversal,intersects,AB
37,10,full_text + noisy_diagram[pixel_noise],OK,transversal,intersects,CD
37,10,full_text + noisy_diagram[pixel_noise],OK,O,lies_on,AB
37,10,full_text + noisy_diagram[pixel_noise],OK,C,lies_on,CD
37,10,full_text + noisy_diagram[pixel_noise],OK,P,lies_on,transversal
37,10,full_text + noisy_diagram[pixel_noise],OK,C,collinear_with,O
37,10,full_text + noisy_diagram[pixel_noise],OK,C,collinear_with,P
37,10,full_text + noisy_diagram[pixel_noise],OK,O,collinear_with,C
37,10,full_text + noisy_diagram[pixel_noise],OK,O,collinear_with,P
37,10,full_text + noisy_diagram[pixel_noise],OK,P,collinear_with,C
37,10,full_text + noisy_diagram[pixel_noise],OK,P,collinear_with,O
37,10,full_text + noisy_diagram[pixel_noise],OK,A,lies_on,AB
37,10,full_text + noisy_diagram[pixel_noise],OK,AP,connects,A
37,10,full_text + noisy_diagram[pixel_noise],OK,AP,connects,P
37,10,full_text + noisy_diagram[pixel_noise],OK,AO,connects,A
37,10,full_text + noisy_diagram[pixel_noise],OK,AO,connects,O
37,10,full_text + noisy_diagram[pixel_noise],OK,OP,connects,O
37,10,full_text + noisy_diagram[pixel_noise],OK,OP,connects,P
37,10,full_text + noisy_diagram[pixel_noise],OK,OC,connects,O
37,10,full_text + noisy_diagram[pixel_noise],OK,OC,connects,C
37,10,full_text + noisy_diagram[pixel_noise],OK,AO,has_measure,?
37,10,full_text + noisy_diagram[pixel_noise],OK,OP,has_measure,?
37,10,full_text + noisy_diagram[pixel_noise],OK,CD,has_measure,50_deg
,,,,,,
38,10,full_text + noisy_diagram[pixel_noise],OK,A,is_a,point
38,10,full_text + noisy_diagram[pixel_noise],OK,B,is_a,point
38,10,full_text + noisy_diagram[pixel_noise],OK,C,is_a,point
38,10,full_text + noisy_diagram[pixel_noise],OK,D,is_a,point
38,10,full_text + noisy_diagram[pixel_noise],OK,AB,is_a,segment
38,10,full_text + noisy_diagram[pixel_noise],OK,AC,is_a,segment
38,10,full_text + noisy_diagram[pixel_noise],OK,AD,is_a,segment
38,10,full_text + noisy_diagram[pixel_noise],OK,BC,is_a,segment
38,10,full_text + noisy_diagram[pixel_noise],OK,∠CAD,is_a,angle
38,10,full_text + noisy_diagram[pixel_noise],OK,∠BAC,is_a,angle
38,10,full_text + noisy_diagram[pixel_noise],OK,AB,parallel_to,BC
38,10,full_text + noisy_diagram[pixel_noise],OK,AD,parallel_to,BC
38,10,full_text + noisy_diagram[pixel_noise],OK,D,lies_on,AD
38,10,full_text + noisy_diagram[pixel_noise],OK,∠CAD,has_measure,70_deg
38,10,full_text + noisy_diagram[pixel_noise],OK,AB,has_measure,?
38,10,full_text + noisy_diagram[pixel_noise],OK,AC,has_measure,?
38,10,full_text + noisy_diagram[pixel_noise],OK,AD,has_measure,?
38,10,full_text + noisy_diagram[pixel_noise],OK,BC,has_measure,?
38,10,full_text + noisy_diagram[pixel_noise],OK,∠BAC,has_measure,?
,,,,,,
40,10,full_text + noisy_diagram[pixel_noise],OK,a,is_a,line
40,10,full_text + noisy_diagram[pixel_noise],OK,b,is_a,line
40,10,full_text + noisy_diagram[pixel_noise],OK,c,is_a,line
40,10,full_text + noisy_diagram[pixel_noise],OK,a,parallel_to,b
40,10,full_text + noisy_diagram[pixel_noise],OK,a,intersects,c
40,10,full_text + noisy_diagram[pixel_noise],OK,b,intersects,c
40,10,full_text + noisy_diagram[pixel_noise],OK,c,intersects,"a, at, E"
40,10,full_text + noisy_diagram[pixel_noise],OK,c,intersects,"b, at, F"
40,10,full_text + noisy_diagram[pixel_noise],OK,E,is_a,point
40,10,full_text + noisy_diagram[pixel_noise],OK,F,is_a,point
40,10,full_text + noisy_diagram[pixel_noise],OK,A,is_a,point
40,10,full_text + noisy_diagram[pixel_noise],OK,B,is_a,point
40,10,full_text + noisy_diagram[pixel_noise],OK,C,is_a,point
40,10,full_text + noisy_diagram[pixel_noise],OK,D,is_a,point
40,10,full_text + noisy_diagram[pixel_noise],OK,A,lies_on,a
40,10,full_text + noisy_diagram[pixel_noise],OK,B,lies_on,b
40,10,full_text + noisy_diagram[pixel_noise],OK,C,lies_on,c
40,10,full_text + noisy_diagram[pixel_noise],OK,D,lies_on,c
40,10,full_text + noisy_diagram[pixel_noise],OK,A,to_the_right_of,E
40,10,full_text + noisy_diagram[pixel_noise],OK,B,to_the_right_of,F
40,10,full_text + noisy_diagram[pixel_noise],OK,C,above,E
40,10,full_text + noisy_diagram[pixel_noise],OK,D,below,F
40,10,full_text + noisy_diagram[pixel_noise],OK,∠AEC,is_a,angle
40,10,full_text + noisy_diagram[pixel_noise],OK,∠AEC,has_measure,50_deg
40,10,full_text + noisy_diagram[pixel_noise],OK,∠BFD,is_a,angle
40,10,full_text + noisy_diagram[pixel_noise],OK,∠BFD,has_measure,?
,,,,,,
43,10,full_text + noisy_diagram[pixel_noise],OK,A,is_a,point
43,10,full_text + noisy_diagram[pixel_noise],OK,B,is_a,point
43,10,full_text + noisy_diagram[pixel_noise],OK,C,is_a,point
43,10,full_text + noisy_diagram[pixel_noise],OK,D,is_a,point
43,10,full_text + noisy_diagram[pixel_noise],OK,O,is_a,point
43,10,full_text + noisy_diagram[pixel_noise],OK,OAB,is_a,triangle
43,10,full_text + noisy_diagram[pixel_noise],OK,AOC,is_a,angle
43,10,full_text + noisy_diagram[pixel_noise],OK,DOB,is_a,angle
43,10,full_text + noisy_diagram[pixel_noise],OK,OAB,rotated_about,O
43,10,full_text + noisy_diagram[pixel_noise],OK,OAB,mapped_to,ODC
43,10,full_text + noisy_diagram[pixel_noise],OK,A,mapped_to,D
43,10,full_text + noisy_diagram[pixel_noise],OK,B,mapped_to,C
43,10,full_text + noisy_diagram[pixel_noise],OK,OA,mapped_to,OD
43,10,full_text + noisy_diagram[pixel_noise],OK,OB,mapped_to,OC
43,10,full_text + noisy_diagram[pixel_noise],OK,AOC,has_measure,100_deg
43,10,full_text + noisy_diagram[pixel_noise],OK,OAB,rotated_about,30_deg
,,,,,,
44,10,full_text + noisy_diagram[pixel_noise],OK,A,is_a,point
44,10,full_text + noisy_diagram[pixel_noise],OK,B,is_a,point
44,10,full_text + noisy_diagram[pixel_noise],OK,AB,is_a,segment
44,10,full_text + noisy_diagram[pixel_noise],OK,AB,has_measure,30_units
44,10,full_text + noisy_diagram[pixel_noise],OK,Xiaogang,is_a,person
44,10,full_text + noisy_diagram[pixel_noise],OK,Xiaogang,has_measure,1.5_units
44,10,full_text + noisy_diagram[pixel_noise],OK,Xiaogang,connects,A
44,10,full_text + noisy_diagram[pixel_noise],OK,Xiaogang,connects,B
44,10,full_text + noisy_diagram[pixel_noise],OK,Xiaogang,has_measure,25_units
44,10,full_text + noisy_diagram[pixel_noise],OK,Height,is_a,?
44,10,full_text + noisy_diagram[pixel_noise],OK,Height,is_a,query_target
,,,,,,
45,10,full_text + noisy_diagram[pixel_noise],OK,O,is_a,circle
45,10,full_text + noisy_diagram[pixel_noise],OK,A,is_a,point
45,10,full_text + noisy_diagram[pixel_noise],OK,B,is_a,point
45,10,full_text + noisy_diagram[pixel_noise],OK,C,is_a,point
45,10,full_text + noisy_diagram[pixel_noise],OK,O,is_a,center
45,10,full_text + noisy_diagram[pixel_noise],OK,A,lies_on,O
45,10,full_text + noisy_diagram[pixel_noise],OK,B,lies_on,O
45,10,full_text + noisy_diagram[pixel_noise],OK,C,lies_on,O
45,10,full_text + noisy_diagram[pixel_noise],OK,AO,is_a,segment
45,10,full_text + noisy_diagram[pixel_noise],OK,BO,is_a,segment
45,10,full_text + noisy_diagram[pixel_noise],OK,AC,is_a,segment
45,10,full_text + noisy_diagram[pixel_noise],OK,BC,is_a,segment
45,10,full_text + noisy_diagram[pixel_noise],OK,∠ACB,is_a,angle
45,10,full_text + noisy_diagram[pixel_noise],OK,∠ACB,has_measure,35_deg
45,10,full_text + noisy_diagram[pixel_noise],OK,∠AOB,is_a,angle
45,10,full_text + noisy_diagram[pixel_noise],OK,∠AOB,has_measure,?
45,10,full_text + noisy_diagram[pixel_noise],OK,O,center_of,O
45,10,full_text + noisy_diagram[pixel_noise],OK,A,lies_on,circumference
45,10,full_text + noisy_diagram[pixel_noise],OK,B,lies_on,circumference
45,10,full_text + noisy_diagram[pixel_noise],OK,C,lies_on,circumference
,,,,,,
46,10,full_text + noisy_diagram[pixel_noise],OK,A,is_a,point
46,10,full_text + noisy_diagram[pixel_noise],OK,B,is_a,point
46,10,full_text + noisy_diagram[pixel_noise],OK,C,is_a,point
46,10,full_text + noisy_diagram[pixel_noise],OK,D,is_a,point
46,10,full_text + noisy_diagram[pixel_noise],OK,AB,is_a,line
46,10,full_text + noisy_diagram[pixel_noise],OK,CD,is_a,line
46,10,full_text + noisy_diagram[pixel_noise],OK,AB,parallel_to,CD
46,10,full_text + noisy_diagram[pixel_noise],OK,transversal,is_a,line
46,10,full_text + noisy_diagram[pixel_noise],OK,transversal,intersects,AB
46,10,full_text + noisy_diagram[pixel_noise],OK,transversal,intersects,CD
46,10,full_text + noisy_diagram[pixel_noise],OK,A,lies_on,AB
46,10,full_text + noisy_diagram[pixel_noise],OK,B,lies_on,AB
46,10,full_text + noisy_diagram[pixel_noise],OK,C,lies_on,CD
46,10,full_text + noisy_diagram[pixel_noise],OK,D,lies_on,CD
46,10,full_text + noisy_diagram[pixel_noise],OK,∠CAB,is_a,angle
46,10,full_text + noisy_diagram[pixel_noise],OK,∠CAB,has_measure,70_deg
46,10,full_text + noisy_diagram[pixel_noise],OK,angle_1,is_a,angle
46,10,full_text + noisy_diagram[pixel_noise],OK,angle_1,has_measure,?
46,10,full_text + noisy_diagram[pixel_noise],OK,AB,connects,A
46,10,full_text + noisy_diagram[pixel_noise],OK,AB,connects,B
46,10,full_text + noisy_diagram[pixel_noise],OK,CD,connects,C
46,10,full_text + noisy_diagram[pixel_noise],OK,CD,connects,D
46,10,full_text + noisy_diagram[pixel_noise],OK,transversal,connects,A
46,10,full_text + noisy_diagram[pixel_noise],OK,transversal,connects,C
,,,,,,
48,10,full_text + noisy_diagram[pixel_noise],OK,A,is_a,point
48,10,full_text + noisy_diagram[pixel_noise],OK,B,is_a,point
48,10,full_text + noisy_diagram[pixel_noise],OK,C,is_a,point
48,10,full_text + noisy_diagram[pixel_noise],OK,O,is_a,point
48,10,full_text + noisy_diagram[pixel_noise],OK,A,lies_on,circle
48,10,full_text + noisy_diagram[pixel_noise],OK,B,lies_on,circle
48,10,full_text + noisy_diagram[pixel_noise],OK,C,lies_on,circle
48,10,full_text + noisy_diagram[pixel_noise],OK,O,center_of,circle
48,10,full_text + noisy_diagram[pixel_noise],OK,BOC,is_a,angle
48,10,full_text + noisy_diagram[pixel_noise],OK,BOC,has_measure,100_deg
48,10,full_text + noisy_diagram[pixel_noise],OK,BAC,is_a,angle
48,10,full_text + noisy_diagram[pixel_noise],OK,BAC,has_measure,?
48,10,full_text + noisy_diagram[pixel_noise],OK,?,is_a,query_target
,,,,,,
49,10,full_text + noisy_diagram[pixel_noise],OK,A,is_a,point
49,10,full_text + noisy_diagram[pixel_noise],OK,B,is_a,point
49,10,full_text + noisy_diagram[pixel_noise],OK,C,is_a,point
49,10,full_text + noisy_diagram[pixel_noise],OK,D,is_a,point
49,10,full_text + noisy_diagram[pixel_noise],OK,E,is_a,point
49,10,full_text + noisy_diagram[pixel_noise],OK,O,is_a,point
49,10,full_text + noisy_diagram[pixel_noise],OK,ABCDE,is_a,cyclic_pentagon
49,10,full_text + noisy_diagram[pixel_noise],OK,A,lies_on,ABCDE
49,10,full_text + noisy_diagram[pixel_noise],OK,B,lies_on,ABCDE
49,10,full_text + noisy_diagram[pixel_noise],OK,C,lies_on,ABCDE
49,10,full_text + noisy_diagram[pixel_noise],OK,D,lies_on,ABCDE
49,10,full_text + noisy_diagram[pixel_noise],OK,E,lies_on,ABCDE
49,10,full_text + noisy_diagram[pixel_noise],OK,O,center_of,ABCDE
49,10,full_text + noisy_diagram[pixel_noise],OK,∠BAC,has_measure,35_deg
49,10,full_text + noisy_diagram[pixel_noise],OK,∠AED,has_measure,115_deg
49,10,full_text + noisy_diagram[pixel_noise],OK,∠BAE,has_measure,30_deg
,,,,,,
50,10,full_text + noisy_diagram[pixel_noise],OK,A,is_a,point
50,10,full_text + noisy_diagram[pixel_noise],OK,B,is_a,point
50,10,full_text + noisy_diagram[pixel_noise],OK,C,is_a,point
50,10,full_text + noisy_diagram[pixel_noise],OK,D,is_a,point
50,10,full_text + noisy_diagram[pixel_noise],OK,E,is_a,point
50,10,full_text + noisy_diagram[pixel_noise],OK,O,is_a,point
50,10,full_text + noisy_diagram[pixel_noise],OK,AB,is_a,line
50,10,full_text + noisy_diagram[pixel_noise],OK,CD,is_a,line
50,10,full_text + noisy_diagram[pixel_noise],OK,EO,is_a,line
50,10,full_text + noisy_diagram[pixel_noise],OK,AB,intersects,CD
50,10,full_text + noisy_diagram[pixel_noise],OK,AB,intersects,EO
50,10,full_text + noisy_diagram[pixel_noise],OK,CD,intersects,EO
50,10,full_text + noisy_diagram[pixel_noise],OK,AB,intersects,O
50,10,full_text + noisy_diagram[pixel_noise],OK,CD,intersects,O
50,10,full_text + noisy_diagram[pixel_noise],OK,EO,intersects,O
50,10,full_text + noisy_diagram[pixel_noise],OK,∠BOD,is_a,angle
50,10,full_text + noisy_diagram[pixel_noise],OK,∠BOD,has_measure,50_deg
50,10,full_text + noisy_diagram[pixel_noise],OK,COE,is_a,angle
50,10,full_text + noisy_diagram[pixel_noise],OK,EO,perpendicular_to,AB
,,,,,,
53,10,full_text + noisy_diagram[pixel_noise],OK,AB,is_a,line
53,10,full_text + noisy_diagram[pixel_noise],OK,CD,is_a,line
53,10,full_text + noisy_diagram[pixel_noise],OK,AB,parallel_to,CD
53,10,full_text + noisy_diagram[pixel_noise],OK,transversal,is_a,line
53,10,full_text + noisy_diagram[pixel_noise],OK,transversal,intersects,AB
53,10,full_text + noisy_diagram[pixel_noise],OK,transversal,intersects,CD
53,10,full_text + noisy_diagram[pixel_noise],OK,E,is_a,point
53,10,full_text + noisy_diagram[pixel_noise],OK,F,is_a,point
53,10,full_text + noisy_diagram[pixel_noise],OK,E,lies_on,AB
53,10,full_text + noisy_diagram[pixel_noise],OK,F,lies_on,CD
53,10,full_text + noisy_diagram[pixel_noise],OK,C,is_a,point
53,10,full_text + noisy_diagram[pixel_noise],OK,D,is_a,point
53,10,full_text + noisy_diagram[pixel_noise],OK,C,lies_on,transversal
53,10,full_text + noisy_diagram[pixel_noise],OK,D,lies_on,transversal
53,10,full_text + noisy_diagram[pixel_noise],OK,C,lies_on,"above, E"
53,10,full_text + noisy_diagram[pixel_noise],OK,D,lies_on,"below, F"
53,10,full_text + noisy_diagram[pixel_noise],OK,AEC,is_a,angle
53,10,full_text + noisy_diagram[pixel_noise],OK,AEC,has_measure,55_deg
53,10,full_text + noisy_diagram[pixel_noise],OK,B,is_a,point
53,10,full_text + noisy_diagram[pixel_noise],OK,B,lies_on,CD
53,10,full_text + noisy_diagram[pixel_noise],OK,BFD,is_a,angle
,,,,,,
55,10,full_text + noisy_diagram[pixel_noise],OK,A,is_a,point
55,10,full_text + noisy_diagram[pixel_noise],OK,B,is_a,point
55,10,full_text + noisy_diagram[pixel_noise],OK,C,is_a,point
55,10,full_text + noisy_diagram[pixel_noise],OK,D,is_a,point
55,10,full_text + noisy_diagram[pixel_noise],OK,O,is_a,point
55,10,full_text + noisy_diagram[pixel_noise],OK,M,is_a,point
55,10,full_text + noisy_diagram[pixel_noise],OK,N,is_a,point
55,10,full_text + noisy_diagram[pixel_noise],OK,AB,is_a,line
55,10,full_text + noisy_diagram[pixel_noise],OK,CD,is_a,line
55,10,full_text + noisy_diagram[pixel_noise],OK,OM,is_a,line
55,10,full_text + noisy_diagram[pixel_noise],OK,ON,is_a,line
55,10,full_text + noisy_diagram[pixel_noise],OK,AB,intersects,CD
55,10,full_text + noisy_diagram[pixel_noise],OK,AB,intersects,O
55,10,full_text + noisy_diagram[pixel_noise],OK,CD,intersects,O
55,10,full_text + noisy_diagram[pixel_noise],OK,OM,intersects,O
55,10,full_text + noisy_diagram[pixel_noise],OK,ON,intersects,O
55,10,full_text + noisy_diagram[pixel_noise],OK,OM,bisects,AOC
55,10,full_text + noisy_diagram[pixel_noise],OK,ON,perpendicular_to,OM
55,10,full_text + noisy_diagram[pixel_noise],OK,AOC,has_measure,70_deg
55,10,full_text + noisy_diagram[pixel_noise],OK,CON,is_a,angle
,,,,,,
56,10,full_text + noisy_diagram[pixel_noise],OK,O,is_a,point
56,10,full_text + noisy_diagram[pixel_noise],OK,C,is_a,point
56,10,full_text + noisy_diagram[pixel_noise],OK,D,is_a,point
56,10,full_text + noisy_diagram[pixel_noise],OK,E,is_a,point
56,10,full_text + noisy_diagram[pixel_noise],OK,F,is_a,point
56,10,full_text + noisy_diagram[pixel_noise],OK,G,is_a,point
56,10,full_text + noisy_diagram[pixel_noise],OK,CD,is_a,segment
56,10,full_text + noisy_diagram[pixel_noise],OK,EF,is_a,segment
56,10,full_text + noisy_diagram[pixel_noise],OK,∠DCF,is_a,angle
56,10,full_text + noisy_diagram[pixel_noise],OK,O,center_of,circle
56,10,full_text + noisy_diagram[pixel_noise],OK,CD,diameter_of,circle
56,10,full_text + noisy_diagram[pixel_noise],OK,EF,intersects,CD
56,10,full_text + noisy_diagram[pixel_noise],OK,G,is_a,midpoint
56,10,full_text + noisy_diagram[pixel_noise],OK,EF,has_measure,?
56,10,full_text + noisy_diagram[pixel_noise],OK,CD,has_measure,?
56,10,full_text + noisy_diagram[pixel_noise],OK,∠DCF,has_measure,20_deg
56,10,full_text + noisy_diagram[pixel_noise],OK,C,lies_on,circle
56,10,full_text + noisy_diagram[pixel_noise],OK,E,lies_on,circle
56,10,full_text + noisy_diagram[pixel_noise],OK,F,lies_on,circle
56,10,full_text + noisy_diagram[pixel_noise],OK,G,lies_on,CD
56,10,full_text + noisy_diagram[pixel_noise],OK,G,lies_on,EF
56,10,full_text + noisy_diagram[pixel_noise],OK,∠EOD,is_a,angle
56,10,full_text + noisy_diagram[pixel_noise],OK,∠EOD,has_measure,?
,,,,,,
57,10,full_text + noisy_diagram[pixel_noise],OK,A,is_a,point
57,10,full_text + noisy_diagram[pixel_noise],OK,B,is_a,point
57,10,full_text + noisy_diagram[pixel_noise],OK,C,is_a,point
57,10,full_text + noisy_diagram[pixel_noise],OK,D,is_a,point
57,10,full_text + noisy_diagram[pixel_noise],OK,E,is_a,point
57,10,full_text + noisy_diagram[pixel_noise],OK,AB,is_a,segment
57,10,full_text + noisy_diagram[pixel_noise],OK,CD,is_a,segment
57,10,full_text + noisy_diagram[pixel_noise],OK,AD,is_a,segment
57,10,full_text + noisy_diagram[pixel_noise],OK,BC,is_a,segment
57,10,full_text + noisy_diagram[pixel_noise],OK,AB,parallel_to,CD
57,10,full_text + noisy_diagram[pixel_noise],OK,AB,is_a,horizontal
57,10,full_text + noisy_diagram[pixel_noise],OK,CD,is_a,horizontal
57,10,full_text + noisy_diagram[pixel_noise],OK,A,lies_on,AB
57,10,full_text + noisy_diagram[pixel_noise],OK,B,lies_on,AB
57,10,full_text + noisy_diagram[pixel_noise],OK,C,lies_on,CD
57,10,full_text + noisy_diagram[pixel_noise],OK,D,lies_on,CD
57,10,full_text + noisy_diagram[pixel_noise],OK,AD,intersects,BC
57,10,full_text + noisy_diagram[pixel_noise],OK,AD,connects,A
57,10,full_text + noisy_diagram[pixel_noise],OK,AD,connects,D
57,10,full_text + noisy_diagram[pixel_noise],OK,BC,connects,B
57,10,full_text + noisy_diagram[pixel_noise],OK,BC,connects,C
57,10,full_text + noisy_diagram[pixel_noise],OK,AB,connects,A
57,10,full_text + noisy_diagram[pixel_noise],OK,AB,connects,B
57,10,full_text + noisy_diagram[pixel_noise],OK,CD,connects,C
57,10,full_text + noisy_diagram[pixel_noise],OK,CD,connects,D
57,10,full_text + noisy_diagram[pixel_noise],OK,∠ABC,is_a,angle
57,10,full_text + noisy_diagram[pixel_noise],OK,∠ABC,has_measure,20_deg
57,10,full_text + noisy_diagram[pixel_noise],OK,∠DCB,is_a,angle
,,,,,,
58,10,full_text + noisy_diagram[pixel_noise],OK,A,is_a,point
58,10,full_text + noisy_diagram[pixel_noise],OK,B,is_a,point
58,10,full_text + noisy_diagram[pixel_noise],OK,C,is_a,point
58,10,full_text + noisy_diagram[pixel_noise],OK,D,is_a,point
58,10,full_text + noisy_diagram[pixel_noise],OK,E,is_a,point
58,10,full_text + noisy_diagram[pixel_noise],OK,AB,is_a,segment
58,10,full_text + noisy_diagram[pixel_noise],OK,CD,is_a,segment
58,10,full_text + noisy_diagram[pixel_noise],OK,EC,is_a,segment
58,10,full_text + noisy_diagram[pixel_noise],OK,ED,is_a,segment
58,10,full_text + noisy_diagram[pixel_noise],OK,AB,parallel_to,CD
58,10,full_text + noisy_diagram[pixel_noise],OK,E,lies_on,AB
58,10,full_text + noisy_diagram[pixel_noise],OK,C,lies_on,CD
58,10,full_text + noisy_diagram[pixel_noise],OK,D,lies_on,CD
58,10,full_text + noisy_diagram[pixel_noise],OK,CED,is_a,angle
58,10,full_text + noisy_diagram[pixel_noise],OK,AEC,is_a,angle
58,10,full_text + noisy_diagram[pixel_noise],OK,CED,has_measure,90_deg
58,10,full_text + noisy_diagram[pixel_noise],OK,AEC,has_measure,35_deg
58,10,full_text + noisy_diagram[pixel_noise],OK,A,collinear_with,E
58,10,full_text + noisy_diagram[pixel_noise],OK,E,collinear_with,B
58,10,full_text + noisy_diagram[pixel_noise],OK,A,collinear_with,B
58,10,full_text + noisy_diagram[pixel_noise],OK,CDE,is_a,angle
,,,,,,
59,10,full_text + noisy_diagram[pixel_noise],OK,A,is_a,point
59,10,full_text + noisy_diagram[pixel_noise],OK,B,is_a,point
59,10,full_text + noisy_diagram[pixel_noise],OK,C,is_a,point
59,10,full_text + noisy_diagram[pixel_noise],OK,D,is_a,point
59,10,full_text + noisy_diagram[pixel_noise],OK,AB,is_a,line
59,10,full_text + noisy_diagram[pixel_noise],OK,CD,is_a,line
59,10,full_text + noisy_diagram[pixel_noise],OK,AC,is_a,segment
59,10,full_text + noisy_diagram[pixel_noise],OK,AD,is_a,segment
59,10,full_text + noisy_diagram[pixel_noise],OK,∠ACD,is_a,angle
59,10,full_text + noisy_diagram[pixel_noise],OK,∠CDA,is_a,angle
59,10,full_text + noisy_diagram[pixel_noise],OK,AB,parallel_to,CD
59,10,full_text + noisy_diagram[pixel_noise],OK,A,lies_on,AB
59,10,full_text + noisy_diagram[pixel_noise],OK,B,lies_on,AB
59,10,full_text + noisy_diagram[pixel_noise],OK,C,lies_on,CD
59,10,full_text + noisy_diagram[pixel_noise],OK,D,lies_on,CD
59,10,full_text + noisy_diagram[pixel_noise],OK,AD,bisects,∠BAC
59,10,full_text + noisy_diagram[pixel_noise],OK,∠ACD,has_measure,80_deg
59,10,full_text + noisy_diagram[pixel_noise],OK,∠CDA,has_measure,?
59,10,full_text + noisy_diagram[pixel_noise],OK,∠BAC,is_a,angle
,,,,,,
60,10,full_text + noisy_diagram[pixel_noise],OK,A,is_a,point
60,10,full_text + noisy_diagram[pixel_noise],OK,B,is_a,point
60,10,full_text + noisy_diagram[pixel_noise],OK,C,is_a,point
60,10,full_text + noisy_diagram[pixel_noise],OK,D,is_a,point
60,10,full_text + noisy_diagram[pixel_noise],OK,AB,is_a,line
60,10,full_text + noisy_diagram[pixel_noise],OK,CD,is_a,line
60,10,full_text + noisy_diagram[pixel_noise],OK,AB,parallel_to,CD
60,10,full_text + noisy_diagram[pixel_noise],OK,∠2,is_a,angle
60,10,full_text + noisy_diagram[pixel_noise],OK,∠2,has_measure,135_deg
60,10,full_text + noisy_diagram[pixel_noise],OK,∠1,is_a,angle
60,10,full_text + noisy_diagram[pixel_noise],OK,AB,intersects,CD
60,10,full_text + noisy_diagram[pixel_noise],OK,AB,connects,"A, B"
60,10,full_text + noisy_diagram[pixel_noise],OK,CD,connects,"C, D"
60,10,full_text + noisy_diagram[pixel_noise],OK,AB,is_a,transversal
60,10,full_text + noisy_diagram[pixel_noise],OK,∠1,is_a,query_target
,,,,,,
64,10,full_text + noisy_diagram[pixel_noise],OK,A,is_a,point
64,10,full_text + noisy_diagram[pixel_noise],OK,B,is_a,point
64,10,full_text + noisy_diagram[pixel_noise],OK,O,is_a,point
64,10,full_text + noisy_diagram[pixel_noise],OK,AB,is_a,segment
64,10,full_text + noisy_diagram[pixel_noise],OK,OA,is_a,segment
64,10,full_text + noisy_diagram[pixel_noise],OK,OB,is_a,segment
64,10,full_text + noisy_diagram[pixel_noise],OK,A,lies_on,circle
64,10,full_text + noisy_diagram[pixel_noise],OK,B,lies_on,circle
64,10,full_text + noisy_diagram[pixel_noise],OK,O,center_of,circle
64,10,full_text + noisy_diagram[pixel_noise],OK,AB,connects,"A, B"
64,10,full_text + noisy_diagram[pixel_noise],OK,OA,connects,"O, A"
64,10,full_text + noisy_diagram[pixel_noise],OK,OB,connects,"O, B"
64,10,full_text + noisy_diagram[pixel_noise],OK,OA,has_measure,100_units
64,10,full_text + noisy_diagram[pixel_noise],OK,OB,has_measure,100_units
64,10,full_text + noisy_diagram[pixel_noise],OK,AB,has_measure,160_units
64,10,full_text + noisy_diagram[pixel_noise],OK,circle,diameter_of,200_units
64,10,full_text + noisy_diagram[pixel_noise],OK,depth,is_a,?
,,,,,,
72,10,full_text + noisy_diagram[pixel_noise],OK,A,is_a,point
72,10,full_text + noisy_diagram[pixel_noise],OK,B,is_a,point
72,10,full_text + noisy_diagram[pixel_noise],OK,C,is_a,point
72,10,full_text + noisy_diagram[pixel_noise],OK,D,is_a,point
72,10,full_text + noisy_diagram[pixel_noise],OK,O,is_a,point
72,10,full_text + noisy_diagram[pixel_noise],OK,E,is_a,point
72,10,full_text + noisy_diagram[pixel_noise],OK,AB,is_a,segment
72,10,full_text + noisy_diagram[pixel_noise],OK,BC,is_a,segment
72,10,full_text + noisy_diagram[pixel_noise],OK,CD,is_a,segment
72,10,full_text + noisy_diagram[pixel_noise],OK,DA,is_a,segment
72,10,full_text + noisy_diagram[pixel_noise],OK,AC,is_a,segment
72,10,full_text + noisy_diagram[pixel_noise],OK,BD,is_a,segment
72,10,full_text + noisy_diagram[pixel_noise],OK,OE,is_a,segment
72,10,full_text + noisy_diagram[pixel_noise],OK,ABCD,is_a,parallelogram
72,10,full_text + noisy_diagram[pixel_noise],OK,AB + BC + CD + DA,has_measure,16
72,10,full_text + noisy_diagram[pixel_noise],OK,AC,intersects,BD
72,10,full_text + noisy_diagram[pixel_noise],OK,AC,intersects,OE
72,10,full_text + noisy_diagram[pixel_noise],OK,BD,intersects,OE
72,10,full_text + noisy_diagram[pixel_noise],OK,OE,perpendicular_to,AC
72,10,full_text + noisy_diagram[pixel_noise],OK,OE,intersects,AD
72,10,full_text + noisy_diagram[pixel_noise],OK,Perimeter of DCE,is_a,query_target
,,,,,,
73,10,full_text + noisy_diagram[pixel_noise],OK,A,is_a,point
73,10,full_text + noisy_diagram[pixel_noise],OK,B,is_a,point
73,10,full_text + noisy_diagram[pixel_noise],OK,C,is_a,point
73,10,full_text + noisy_diagram[pixel_noise],OK,O,is_a,point
73,10,full_text + noisy_diagram[pixel_noise],OK,AB,is_a,segment
73,10,full_text + noisy_diagram[pixel_noise],OK,BC,is_a,segment
73,10,full_text + noisy_diagram[pixel_noise],OK,CA,is_a,segment
73,10,full_text + noisy_diagram[pixel_noise],OK,AO,is_a,segment
73,10,full_text + noisy_diagram[pixel_noise],OK,BO,is_a,segment
73,10,full_text + noisy_diagram[pixel_noise],OK,CO,is_a,segment
73,10,full_text + noisy_diagram[pixel_noise],OK,ABC,is_a,triangle
73,10,full_text + noisy_diagram[pixel_noise],OK,O,is_a,circle
73,10,full_text + noisy_diagram[pixel_noise],OK,A,lies_on,O
73,10,full_text + noisy_diagram[pixel_noise],OK,B,lies_on,O
73,10,full_text + noisy_diagram[pixel_noise],OK,C,lies_on,O
73,10,full_text + noisy_diagram[pixel_noise],OK,AB,connects,A
73,10,full_text + noisy_diagram[pixel_noise],OK,AB,connects,B
73,10,full_text + noisy_diagram[pixel_noise],OK,BC,connects,B
73,10,full_text + noisy_diagram[pixel_noise],OK,BC,connects,C
73,10,full_text + noisy_diagram[pixel_noise],OK,CA,connects,C
73,10,full_text + noisy_diagram[pixel_noise],OK,CA,connects,A
73,10,full_text + noisy_diagram[pixel_noise],OK,AO,connects,A
73,10,full_text + noisy_diagram[pixel_noise],OK,AO,connects,O
73,10,full_text + noisy_diagram[pixel_noise],OK,BO,connects,B
73,10,full_text + noisy_diagram[pixel_noise],OK,BO,connects,O
73,10,full_text + noisy_diagram[pixel_noise],OK,CO,connects,C
73,10,full_text + noisy_diagram[pixel_noise],OK,CO,connects,O
73,10,full_text + noisy_diagram[pixel_noise],OK,O,center_of,O
73,10,full_text + noisy_diagram[pixel_noise],OK,∠ABC,has_measure,70_deg
73,10,full_text + noisy_diagram[pixel_noise],OK,?,is_a,query_target
,,,,,,
78,10,full_text + noisy_diagram[pixel_noise],OK,A,is_a,point
78,10,full_text + noisy_diagram[pixel_noise],OK,B,is_a,point
78,10,full_text + noisy_diagram[pixel_noise],OK,C,is_a,point
78,10,full_text + noisy_diagram[pixel_noise],OK,D,is_a,point
78,10,full_text + noisy_diagram[pixel_noise],OK,E,is_a,point
78,10,full_text + noisy_diagram[pixel_noise],OK,AB,is_a,segment
78,10,full_text + noisy_diagram[pixel_noise],OK,CD,is_a,segment
78,10,full_text + noisy_diagram[pixel_noise],OK,AC,is_a,segment
78,10,full_text + noisy_diagram[pixel_noise],OK,AE,is_a,segment
78,10,full_text + noisy_diagram[pixel_noise],OK,ACE,is_a,triangle
78,10,full_text + noisy_diagram[pixel_noise],OK,∠ACE,is_a,angle
78,10,full_text + noisy_diagram[pixel_noise],OK,∠AED,is_a,angle
78,10,full_text + noisy_diagram[pixel_noise],OK,AB,parallel_to,CD
78,10,full_text + noisy_diagram[pixel_noise],OK,A,lies_on,AB
78,10,full_text + noisy_diagram[pixel_noise],OK,B,lies_on,AB
78,10,full_text + noisy_diagram[pixel_noise],OK,C,lies_on,CD
78,10,full_text + noisy_diagram[pixel_noise],OK,E,lies_on,CD
78,10,full_text + noisy_diagram[pixel_noise],OK,D,lies_on,CD
78,10,full_text + noisy_diagram[pixel_noise],OK,AE,intersects,CD
78,10,full_text + noisy_diagram[pixel_noise],OK,AB,intersects,AE
78,10,full_text + noisy_diagram[pixel_noise],OK,∠ACE,has_measure,70_deg
,,,,,,
79,10,full_text + noisy_diagram[pixel_noise],OK,A,is_a,point
79,10,full_text + noisy_diagram[pixel_noise],OK,B,is_a,point
79,10,full_text + noisy_diagram[pixel_noise],OK,C,is_a,point
79,10,full_text + noisy_diagram[pixel_noise],OK,D,is_a,point
79,10,full_text + noisy_diagram[pixel_noise],OK,E,is_a,point
79,10,full_text + noisy_diagram[pixel_noise],OK,O,is_a,point
79,10,full_text + noisy_diagram[pixel_noise],OK,AB,is_a,segment
79,10,full_text + noisy_diagram[pixel_noise],OK,BC,is_a,segment
79,10,full_text + noisy_diagram[pixel_noise],OK,CD,is_a,segment
79,10,full_text + noisy_diagram[pixel_noise],OK,DA,is_a,segment
79,10,full_text + noisy_diagram[pixel_noise],OK,AC,is_a,segment
79,10,full_text + noisy_diagram[pixel_noise],OK,BD,is_a,segment
79,10,full_text + noisy_diagram[pixel_noise],OK,CE,is_a,segment
79,10,full_text + noisy_diagram[pixel_noise],OK,ED,is_a,segment
79,10,full_text + noisy_diagram[pixel_noise],OK,ABCD,is_a,parallelogram
79,10,full_text + noisy_diagram[pixel_noise],OK,AB + BC + CD + DA,has_measure,32
79,10,full_text + noisy_diagram[pixel_noise],OK,AC,intersects,BD
79,10,full_text + noisy_diagram[pixel_noise],OK,AC,intersects,O
79,10,full_text + noisy_diagram[pixel_noise],OK,BD,intersects,O
79,10,full_text + noisy_diagram[pixel_noise],OK,O,lies_on,AC
79,10,full_text + noisy_diagram[pixel_noise],OK,O,lies_on,BD
79,10,full_text + noisy_diagram[pixel_noise],OK,E,lies_on,AD
79,10,full_text + noisy_diagram[pixel_noise],OK,CE + ED,has_measure,AD
79,10,full_text + noisy_diagram[pixel_noise],OK,Perimeter of triangle DCE,is_a,query target
,,,,,,
81,10,full_text + noisy_diagram[pixel_noise],OK,A,is_a,point
81,10,full_text + noisy_diagram[pixel_noise],OK,B,is_a,point
81,10,full_text + noisy_diagram[pixel_noise],OK,C,is_a,point
81,10,full_text + noisy_diagram[pixel_noise],OK,D,is_a,point
81,10,full_text + noisy_diagram[pixel_noise],OK,E,is_a,point
81,10,full_text + noisy_diagram[pixel_noise],OK,ABC,is_a,triangle
81,10,full_text + noisy_diagram[pixel_noise],OK,BAC,is_a,angle
81,10,full_text + noisy_diagram[pixel_noise],OK,ABC,is_a,angle
81,10,full_text + noisy_diagram[pixel_noise],OK,AD,is_a,segment
81,10,full_text + noisy_diagram[pixel_noise],OK,AE,is_a,segment
81,10,full_text + noisy_diagram[pixel_noise],OK,DAC,is_a,angle
81,10,full_text + noisy_diagram[pixel_noise],OK,DAE,is_a,angle
81,10,full_text + noisy_diagram[pixel_noise],OK,A,connects,B
81,10,full_text + noisy_diagram[pixel_noise],OK,A,connects,C
81,10,full_text + noisy_diagram[pixel_noise],OK,A,connects,D
81,10,full_text + noisy_diagram[pixel_noise],OK,A,connects,E
81,10,full_text + noisy_diagram[pixel_noise],OK,B,connects,C
81,10,full_text + noisy_diagram[pixel_noise],OK,B,connects,D
81,10,full_text + noisy_diagram[pixel_noise],OK,B,connects,E
81,10,full_text + noisy_diagram[pixel_noise],OK,C,connects,D
81,10,full_text + noisy_diagram[pixel_noise],OK,C,connects,E
81,10,full_text + noisy_diagram[pixel_noise],OK,D,lies_on,BC
81,10,full_text + noisy_diagram[pixel_noise],OK,E,lies_on,BC
81,10,full_text + noisy_diagram[pixel_noise],OK,AD,perpendicular_to,BC
81,10,full_text + noisy_diagram[pixel_noise],OK,AE,bisects,DAC
81,10,full_text + noisy_diagram[pixel_noise],OK,BAC,has_measure,90_deg
81,10,full_text + noisy_diagram[pixel_noise],OK,ABC,has_measure,50_deg
,,,,,,
84,10,full_text + noisy_diagram[pixel_noise],OK,A,is_a,point
84,10,full_text + noisy_diagram[pixel_noise],OK,B,is_a,point
84,10,full_text + noisy_diagram[pixel_noise],OK,C,is_a,point
84,10,full_text + noisy_diagram[pixel_noise],OK,O,is_a,point
84,10,full_text + noisy_diagram[pixel_noise],OK,ABC,is_a,triangle
84,10,full_text + noisy_diagram[pixel_noise],OK,O,is_a,circle
84,10,full_text + noisy_diagram[pixel_noise],OK,AO,is_a,segment
84,10,full_text + noisy_diagram[pixel_noise],OK,BO,is_a,segment
84,10,full_text + noisy_diagram[pixel_noise],OK,CO,is_a,segment
84,10,full_text + noisy_diagram[pixel_noise],OK,BC,is_a,segment
84,10,full_text + noisy_diagram[pixel_noise],OK,∠BAC,is_a,angle
84,10,full_text + noisy_diagram[pixel_noise],OK,O,center_of,O
84,10,full_text + noisy_diagram[pixel_noise],OK,A,lies_on,O
84,10,full_text + noisy_diagram[pixel_noise],OK,B,lies_on,O
84,10,full_text + noisy_diagram[pixel_noise],OK,C,lies_on,O
84,10,full_text + noisy_diagram[pixel_noise],OK,AO,radius_of,O
84,10,full_text + noisy_diagram[pixel_noise],OK,BO,radius_of,O
84,10,full_text + noisy_diagram[pixel_noise],OK,CO,radius_of,O
84,10,full_text + noisy_diagram[pixel_noise],OK,∠BAC,has_measure,60_deg
84,10,full_text + noisy_diagram[pixel_noise],OK,AO,has_measure,1_unit
84,10,full_text + noisy_diagram[pixel_noise],OK,BO,has_measure,1_unit
84,10,full_text + noisy_diagram[pixel_noise],OK,CO,has_measure,1_unit
84,10,full_text + noisy_diagram[pixel_noise],OK,BC,has_measure,?
,,,,,,
86,10,full_text + noisy_diagram[pixel_noise],OK,A,is_a,point
86,10,full_text + noisy_diagram[pixel_noise],OK,B,is_a,point
86,10,full_text + noisy_diagram[pixel_noise],OK,C,is_a,point
86,10,full_text + noisy_diagram[pixel_noise],OK,O,is_a,point
86,10,full_text + noisy_diagram[pixel_noise],OK,AB,is_a,segment
86,10,full_text + noisy_diagram[pixel_noise],OK,BC,is_a,segment
86,10,full_text + noisy_diagram[pixel_noise],OK,CA,is_a,segment
86,10,full_text + noisy_diagram[pixel_noise],OK,OB,is_a,segment
86,10,full_text + noisy_diagram[pixel_noise],OK,OC,is_a,segment
86,10,full_text + noisy_diagram[pixel_noise],OK,A,lies_on,circle_O
86,10,full_text + noisy_diagram[pixel_noise],OK,B,lies_on,circle_O
86,10,full_text + noisy_diagram[pixel_noise],OK,C,lies_on,circle_O
86,10,full_text + noisy_diagram[pixel_noise],OK,O,center_of,circle_O
86,10,full_text + noisy_diagram[pixel_noise],OK,AB,connects,"A, B"
86,10,full_text + noisy_diagram[pixel_noise],OK,BC,connects,"B, C"
86,10,full_text + noisy_diagram[pixel_noise],OK,CA,connects,"C, A"
86,10,full_text + noisy_diagram[pixel_noise],OK,OB,connects,"O, B"
86,10,full_text + noisy_diagram[pixel_noise],OK,OC,connects,"O, C"
86,10,full_text + noisy_diagram[pixel_noise],OK,circle_O,radius_of,2_units
86,10,full_text + noisy_diagram[pixel_noise],OK,∠BAC,is_a,angle
86,10,full_text + noisy_diagram[pixel_noise],OK,∠BAC,has_measure,60_deg
86,10,full_text + noisy_diagram[pixel_noise],OK,BC,is_a,query_target
,,,,,,
88,10,full_text + noisy_diagram[pixel_noise],OK,A,is_a,point
88,10,full_text + noisy_diagram[pixel_noise],OK,B,is_a,point
88,10,full_text + noisy_diagram[pixel_noise],OK,C,is_a,point
88,10,full_text + noisy_diagram[pixel_noise],OK,O,is_a,point
88,10,full_text + noisy_diagram[pixel_noise],OK,AB,is_a,segment
88,10,full_text + noisy_diagram[pixel_noise],OK,AC,is_a,segment
88,10,full_text + noisy_diagram[pixel_noise],OK,BC,is_a,segment
88,10,full_text + noisy_diagram[pixel_noise],OK,AO,is_a,segment
88,10,full_text + noisy_diagram[pixel_noise],OK,BO,is_a,segment
88,10,full_text + noisy_diagram[pixel_noise],OK,CO,is_a,segment
88,10,full_text + noisy_diagram[pixel_noise],OK,A,lies_on,O
88,10,full_text + noisy_diagram[pixel_noise],OK,B,lies_on,O
88,10,full_text + noisy_diagram[pixel_noise],OK,C,lies_on,O
88,10,full_text + noisy_diagram[pixel_noise],OK,∠ABO,is_a,angle
88,10,full_text + noisy_diagram[pixel_noise],OK,∠ACO,is_a,angle
88,10,full_text + noisy_diagram[pixel_noise],OK,∠BOC,is_a,angle
88,10,full_text + noisy_diagram[pixel_noise],OK,∠ABO,has_measure,22_deg
88,10,full_text + noisy_diagram[pixel_noise],OK,∠ACO,has_measure,42_deg
88,10,full_text + noisy_diagram[pixel_noise],OK,∠BOC,has_measure,?
,,,,,,
95,10,full_text + noisy_diagram[pixel_noise],OK,O,is_a,circle
95,10,full_text + noisy_diagram[pixel_noise],OK,A,is_a,point
95,10,full_text + noisy_diagram[pixel_noise],OK,B,is_a,point
95,10,full_text + noisy_diagram[pixel_noise],OK,C,is_a,point
95,10,full_text + noisy_diagram[pixel_noise],OK,D,is_a,point
95,10,full_text + noisy_diagram[pixel_noise],OK,OA,is_a,radius
95,10,full_text + noisy_diagram[pixel_noise],OK,BC,is_a,chord
95,10,full_text + noisy_diagram[pixel_noise],OK,AB,is_a,segment
95,10,full_text + noisy_diagram[pixel_noise],OK,OC,is_a,radius
95,10,full_text + noisy_diagram[pixel_noise],OK,∠A,is_a,angle
95,10,full_text + noisy_diagram[pixel_noise],OK,∠ADC,is_a,angle
95,10,full_text + noisy_diagram[pixel_noise],OK,∠C,is_a,angle
95,10,full_text + noisy_diagram[pixel_noise],OK,O,center_of,circle
95,10,full_text + noisy_diagram[pixel_noise],OK,A,lies_on,circle
95,10,full_text + noisy_diagram[pixel_noise],OK,B,lies_on,circle
95,10,full_text + noisy_diagram[pixel_noise],OK,C,lies_on,circle
95,10,full_text + noisy_diagram[pixel_noise],OK,D,lies_on,circle
95,10,full_text + noisy_diagram[pixel_noise],OK,OA,connects,"O, A"
95,10,full_text + noisy_diagram[pixel_noise],OK,BC,connects,"B, C"
95,10,full_text + noisy_diagram[pixel_noise],OK,AB,connects,"A, B"
95,10,full_text + noisy_diagram[pixel_noise],OK,OC,connects,"O, C"
95,10,full_text + noisy_diagram[pixel_noise],OK,BC,intersects,"OA, D"
95,10,full_text + noisy_diagram[pixel_noise],OK,AB,intersects,"OC, D"
95,10,full_text + noisy_diagram[pixel_noise],OK,∠A,has_measure,60_deg
95,10,full_text + noisy_diagram[pixel_noise],OK,∠ADC,has_measure,90_deg
,,,,,,
99,10,full_text + noisy_diagram[pixel_noise],OK,O,is_a,circle
99,10,full_text + noisy_diagram[pixel_noise],OK,AB,is_a,diameter
99,10,full_text + noisy_diagram[pixel_noise],OK,AB,center_of,O
99,10,full_text + noisy_diagram[pixel_noise],OK,CD,is_a,chord
99,10,full_text + noisy_diagram[pixel_noise],OK,∠ADC,has_measure,26_deg
99,10,full_text + noisy_diagram[pixel_noise],OK,∠CAB,has_measure,?
99,10,full_text + noisy_diagram[pixel_noise],OK,A,is_a,point
99,10,full_text + noisy_diagram[pixel_noise],OK,B,is_a,point
99,10,full_text + noisy_diagram[pixel_noise],OK,C,is_a,point
99,10,full_text + noisy_diagram[pixel_noise],OK,D,is_a,point
99,10,full_text + noisy_diagram[pixel_noise],OK,O,is_a,point
99,10,full_text + noisy_diagram[pixel_noise],OK,AB,connects,A
99,10,full_text + noisy_diagram[pixel_noise],OK,AB,connects,B
99,10,full_text + noisy_diagram[pixel_noise],OK,CD,connects,C
99,10,full_text + noisy_diagram[pixel_noise],OK,CD,connects,D
99,10,full_text + noisy_diagram[pixel_noise],OK,A,lies_on,O
99,10,full_text + noisy_diagram[pixel_noise],OK,B,lies_on,O
99,10,full_text + noisy_diagram[pixel_noise],OK,C,lies_on,O
99,10,full_text + noisy_diagram[pixel_noise],OK,D,lies_on,O
99,10,full_text + noisy_diagram[pixel_noise],OK,∠ADC,connects,A
99,10,full_text + noisy_diagram[pixel_noise],OK,∠ADC,connects,D
99,10,full_text + noisy_diagram[pixel_noise],OK,∠ADC,connects,C
99,10,full_text + noisy_diagram[pixel_noise],OK,∠CAB,connects,C
99,10,full_text + noisy_diagram[pixel_noise],OK,∠CAB,connects,A
99,10,full_text + noisy_diagram[pixel_noise],OK,∠CAB,connects,B
,,,,,,
108,10,full_text + noisy_diagram[pixel_noise],OK,A,is_a,point
108,10,full_text + noisy_diagram[pixel_noise],OK,B,is_a,point
108,10,full_text + noisy_diagram[pixel_noise],OK,C,is_a,point
108,10,full_text + noisy_diagram[pixel_noise],OK,D,is_a,point
108,10,full_text + noisy_diagram[pixel_noise],OK,O,is_a,point
108,10,full_text + noisy_diagram[pixel_noise],OK,AB,is_a,segment
108,10,full_text + noisy_diagram[pixel_noise],OK,CD,is_a,segment
108,10,full_text + noisy_diagram[pixel_noise],OK,OC,is_a,segment
108,10,full_text + noisy_diagram[pixel_noise],OK,∠AOB,is_a,angle
108,10,full_text + noisy_diagram[pixel_noise],OK,A,lies_on,AB
108,10,full_text + noisy_diagram[pixel_noise],OK,B,lies_on,AB
108,10,full_text + noisy_diagram[pixel_noise],OK,C,lies_on,CD
108,10,full_text + noisy_diagram[pixel_noise],OK,D,lies_on,CD
108,10,full_text + noisy_diagram[pixel_noise],OK,O,center_of,circle
108,10,full_text + noisy_diagram[pixel_noise],OK,OC,radius_of,circle
108,10,full_text + noisy_diagram[pixel_noise],OK,CD,has_measure,8_units
108,10,full_text + noisy_diagram[pixel_noise],OK,OC,has_measure,5_units
108,10,full_text + noisy_diagram[pixel_noise],OK,AB,has_measure,?
108,10,full_text + noisy_diagram[pixel_noise],OK,AB,is_a,query_target
,,,,,,
109,10,full_text + noisy_diagram[pixel_noise],OK,A,is_a,point
109,10,full_text + noisy_diagram[pixel_noise],OK,B,is_a,point
109,10,full_text + noisy_diagram[pixel_noise],OK,C,is_a,point
109,10,full_text + noisy_diagram[pixel_noise],OK,D,is_a,point
109,10,full_text + noisy_diagram[pixel_noise],OK,E,is_a,point
109,10,full_text + noisy_diagram[pixel_noise],OK,DE,is_a,segment
109,10,full_text + noisy_diagram[pixel_noise],OK,AB,is_a,segment
109,10,full_text + noisy_diagram[pixel_noise],OK,AC,is_a,segment
109,10,full_text + noisy_diagram[pixel_noise],OK,BC,is_a,segment
109,10,full_text + noisy_diagram[pixel_noise],OK,ABC,is_a,triangle
109,10,full_text + noisy_diagram[pixel_noise],OK,∠BAC,is_a,angle
109,10,full_text + noisy_diagram[pixel_noise],OK,α,is_a,angle
109,10,full_text + noisy_diagram[pixel_noise],OK,β,is_a,angle
109,10,full_text + noisy_diagram[pixel_noise],OK,D,lies_on,AB
109,10,full_text + noisy_diagram[pixel_noise],OK,E,lies_on,AC
109,10,full_text + noisy_diagram[pixel_noise],OK,DE,is_a,horizontal
109,10,full_text + noisy_diagram[pixel_noise],OK,α,has_measure,130_deg
109,10,full_text + noisy_diagram[pixel_noise],OK,∠BAC,has_measure,90_deg
109,10,full_text + noisy_diagram[pixel_noise],OK,β,has_measure,?
,,,,,,
112,10,full_text + noisy_diagram[pixel_noise],OK,A,is_a,point
112,10,full_text + noisy_diagram[pixel_noise],OK,B,is_a,point
112,10,full_text + noisy_diagram[pixel_noise],OK,O,is_a,point
112,10,full_text + noisy_diagram[pixel_noise],OK,AB,is_a,segment
112,10,full_text + noisy_diagram[pixel_noise],OK,AO,is_a,segment
112,10,full_text + noisy_diagram[pixel_noise],OK,OB,is_a,segment
112,10,full_text + noisy_diagram[pixel_noise],OK,AO,is_a,height
112,10,full_text + noisy_diagram[pixel_noise],OK,OB,is_a,radius
112,10,full_text + noisy_diagram[pixel_noise],OK,AB,is_a,slant_height
112,10,full_text + noisy_diagram[pixel_noise],OK,AB,has_measure,2.5_units
112,10,full_text + noisy_diagram[pixel_noise],OK,OB,has_measure,0.7_units
112,10,full_text + noisy_diagram[pixel_noise],OK,AO,has_measure,?
112,10,full_text + noisy_diagram[pixel_noise],OK,A,connects,B
112,10,full_text + noisy_diagram[pixel_noise],OK,A,connects,O
112,10,full_text + noisy_diagram[pixel_noise],OK,B,connects,O
112,10,full_text + noisy_diagram[pixel_noise],OK,AO,connects,A
112,10,full_text + noisy_diagram[pixel_noise],OK,AO,connects,O
112,10,full_text + noisy_diagram[pixel_noise],OK,OB,connects,O
112,10,full_text + noisy_diagram[pixel_noise],OK,OB,connects,B
112,10,full_text + noisy_diagram[pixel_noise],OK,AB,connects,A
112,10,full_text + noisy_diagram[pixel_noise],OK,AB,connects,B
,,,,,,
114,10,full_text + noisy_diagram[pixel_noise],OK,O,is_a,point
114,10,full_text + noisy_diagram[pixel_noise],OK,A,is_a,point
114,10,full_text + noisy_diagram[pixel_noise],OK,B,is_a,point
114,10,full_text + noisy_diagram[pixel_noise],OK,OA,is_a,segment
114,10,full_text + noisy_diagram[pixel_noise],OK,OB,is_a,segment
114,10,full_text + noisy_diagram[pixel_noise],OK,OA,has_measure,1.0_units
114,10,full_text + noisy_diagram[pixel_noise],OK,OB,has_measure,1.0_units
114,10,full_text + noisy_diagram[pixel_noise],OK,OAB,is_a,sector
114,10,full_text + noisy_diagram[pixel_noise],OK,OAB,has_measure,90_deg
114,10,full_text + noisy_diagram[pixel_noise],OK,OA,is_a,diameter
114,10,full_text + noisy_diagram[pixel_noise],OK,OB,is_a,diameter
114,10,full_text + noisy_diagram[pixel_noise],OK,OA,center_of,semicircle
114,10,full_text + noisy_diagram[pixel_noise],OK,OB,center_of,semicircle
114,10,full_text + noisy_diagram[pixel_noise],OK,shaded_part,is_a,area
114,10,full_text + noisy_diagram[pixel_noise],OK,shaded_part,is_a,query_target
,,,,,,
115,10,full_text + noisy_diagram[pixel_noise],OK,sector,is_a,paper_sheet
115,10,full_text + noisy_diagram[pixel_noise],OK,sector,has_measure,120_deg
115,10,full_text + noisy_diagram[pixel_noise],OK,sector,has_measure,6_units
115,10,full_text + noisy_diagram[pixel_noise],OK,conical_cap,is_a,paper_cap
115,10,full_text + noisy_diagram[pixel_noise],OK,conical_cap,is_a,bottomless
115,10,full_text + noisy_diagram[pixel_noise],OK,bottom_perimeter,is_a,query_target
,,,,,,
117,10,full_text + noisy_diagram[pixel_noise],OK,sector,is_a,sector_piece_of_paper
117,10,full_text + noisy_diagram[pixel_noise],OK,sector,has_measure,120_deg
117,10,full_text + noisy_diagram[pixel_noise],OK,sector,has_measure,3.0_cm
117,10,full_text + noisy_diagram[pixel_noise],OK,cone,is_a,cone_shaped_bottomless_paper_cap
117,10,full_text + noisy_diagram[pixel_noise],OK,cone,has_measure,?_cm
117,10,full_text + noisy_diagram[pixel_noise],OK,question,is_a,query
117,10,full_text + noisy_diagram[pixel_noise],OK,question,asks_for,height_of_cone
,,,,,,
119,10,full_text + noisy_diagram[pixel_noise],OK,sector,is_a,cardboard
119,10,full_text + noisy_diagram[pixel_noise],OK,sector,has_measure,24.0_cm
119,10,full_text + noisy_diagram[pixel_noise],OK,conical_hat,is_a,hat
119,10,full_text + noisy_diagram[pixel_noise],OK,conical_hat,has_measure,10.0_cm
119,10,full_text + noisy_diagram[pixel_noise],OK,Area,is_a,?
119,10,full_text + noisy_diagram[pixel_noise],OK,sector,mapped_to,conical_hat
119,10,full_text + noisy_diagram[pixel_noise],OK,conical_hat,center_of,O
119,10,full_text + noisy_diagram[pixel_noise],OK,conical_hat,radius_of,10.0_cm
119,10,full_text + noisy_diagram[pixel_noise],OK,sector,radius_of,24.0_cm
119,10,full_text + noisy_diagram[pixel_noise],OK,conical_hat,is_a,surface
119,10,full_text + noisy_diagram[pixel_noise],OK,sector,is_a,sector_cardboard
119,10,full_text + noisy_diagram[pixel_noise],OK,conical_hat,is_a,conical_hat
119,10,full_text + noisy_diagram[pixel_noise],OK,sector,is_a,sector
119,10,full_text + noisy_diagram[pixel_noise],OK,conical_hat,is_a,conical
119,10,full_text + noisy_diagram[pixel_noise],OK,sector,has_measure,?
,,,,,,
120,10,full_text + noisy_diagram[pixel_noise],OK,cone,is_a,cone
120,10,full_text + noisy_diagram[pixel_noise],OK,generatrix,is_a,segment
120,10,full_text + noisy_diagram[pixel_noise],OK,generatrix,has_measure,5.0_units
120,10,full_text + noisy_diagram[pixel_noise],OK,height_line,is_a,segment
120,10,full_text + noisy_diagram[pixel_noise],OK,height_line,has_measure,4.0_units
120,10,full_text + noisy_diagram[pixel_noise],OK,base,is_a,circle
120,10,full_text + noisy_diagram[pixel_noise],OK,base,has_measure,?
120,10,full_text + noisy_diagram[pixel_noise],OK,cone,connects,generatrix
120,10,full_text + noisy_diagram[pixel_noise],OK,cone,connects,height_line
120,10,full_text + noisy_diagram[pixel_noise],OK,cone,connects,base
120,10,full_text + noisy_diagram[pixel_noise],OK,generatrix,connects,base
120,10,full_text + noisy_diagram[pixel_noise],OK,height_line,connects,base
120,10,full_text + noisy_diagram[pixel_noise],OK,base,center_of,center
120,10,full_text + noisy_diagram[pixel_noise],OK,generatrix,radius_of,base
120,10,full_text + noisy_diagram[pixel_noise],OK,height_line,perpendicular_to,base
120,10,full_text + noisy_diagram[pixel_noise],OK,base,radius_of,?
,,,,,,
123,10,full_text + noisy_diagram[pixel_noise],OK,A,is_a,point
123,10,full_text + noisy_diagram[pixel_noise],OK,B,is_a,point
123,10,full_text + noisy_diagram[pixel_noise],OK,C,is_a,point
123,10,full_text + noisy_diagram[pixel_noise],OK,AC,is_a,segment
123,10,full_text + noisy_diagram[pixel_noise],OK,BC,is_a,segment
123,10,full_text + noisy_diagram[pixel_noise],OK,AB,is_a,segment
123,10,full_text + noisy_diagram[pixel_noise],OK,ACB,is_a,angle
123,10,full_text + noisy_diagram[pixel_noise],OK,ACB,has_measure,90_deg
123,10,full_text + noisy_diagram[pixel_noise],OK,AC,has_measure,4_units
123,10,full_text + noisy_diagram[pixel_noise],OK,BC,has_measure,3_units
123,10,full_text + noisy_diagram[pixel_noise],OK,ABC,is_a,triangle
123,10,full_text + noisy_diagram[pixel_noise],OK,ABC,rotated_about,AC
123,10,full_text + noisy_diagram[pixel_noise],OK,Lateral Surface Area of Cone,is_a,query_target
,,,,,,
128,10,full_text + noisy_diagram[pixel_noise],OK,O,is_a,point
128,10,full_text + noisy_diagram[pixel_noise],OK,A,is_a,point
128,10,full_text + noisy_diagram[pixel_noise],OK,B,is_a,point
128,10,full_text + noisy_diagram[pixel_noise],OK,OA,is_a,segment
128,10,full_text + noisy_diagram[pixel_noise],OK,OB,is_a,segment
128,10,full_text + noisy_diagram[pixel_noise],OK,OA,has_measure,6_units
128,10,full_text + noisy_diagram[pixel_noise],OK,OB,has_measure,6_units
128,10,full_text + noisy_diagram[pixel_noise],OK,∠AOB,is_a,angle
128,10,full_text + noisy_diagram[pixel_noise],OK,∠AOB,has_measure,120_deg
128,10,full_text + noisy_diagram[pixel_noise],OK,O,center_of,circle
128,10,full_text + noisy_diagram[pixel_noise],OK,OA,radius_of,circle
128,10,full_text + noisy_diagram[pixel_noise],OK,OB,radius_of,circle
128,10,full_text + noisy_diagram[pixel_noise],OK,A,lies_on,circle
128,10,full_text + noisy_diagram[pixel_noise],OK,B,lies_on,circle
128,10,full_text + noisy_diagram[pixel_noise],OK,AB,is_a,segment
128,10,full_text + noisy_diagram[pixel_noise],OK,AB,diameter_of,circle
128,10,full_text + noisy_diagram[pixel_noise],OK,AB,has_measure,?
128,10,full_text + noisy_diagram[pixel_noise],OK,cone,is_a,shape
128,10,full_text + noisy_diagram[pixel_noise],OK,OA,mapped_to,cone
128,10,full_text + noisy_diagram[pixel_noise],OK,OB,mapped_to,cone
128,10,full_text + noisy_diagram[pixel_noise],OK,AB,mapped_to,cone
128,10,full_text + noisy_diagram[pixel_noise],OK,AB,is_a,diameter
,,,,,,
132,10,full_text + noisy_diagram[pixel_noise],OK,AB,is_a,segment
132,10,full_text + noisy_diagram[pixel_noise],OK,AB,has_measure,?
132,10,full_text + noisy_diagram[pixel_noise],OK,A,is_a,point
132,10,full_text + noisy_diagram[pixel_noise],OK,B,is_a,point
132,10,full_text + noisy_diagram[pixel_noise],OK,BD,is_a,segment
132,10,full_text + noisy_diagram[pixel_noise],OK,DE,is_a,segment
132,10,full_text + noisy_diagram[pixel_noise],OK,DE,has_measure,0.6
132,10,full_text + noisy_diagram[pixel_noise],OK,BC,is_a,segment
132,10,full_text + noisy_diagram[pixel_noise],OK,BC,has_measure,0.6
132,10,full_text + noisy_diagram[pixel_noise],OK,C,is_a,point
132,10,full_text + noisy_diagram[pixel_noise],OK,A,collinear_with,B
132,10,full_text + noisy_diagram[pixel_noise],OK,B,collinear_with,C
132,10,full_text + noisy_diagram[pixel_noise],OK,CG,is_a,segment
132,10,full_text + noisy_diagram[pixel_noise],OK,CG,has_measure,12.0
132,10,full_text + noisy_diagram[pixel_noise],OK,G,is_a,point
132,10,full_text + noisy_diagram[pixel_noise],OK,E,is_a,point
132,10,full_text + noisy_diagram[pixel_noise],OK,GE,is_a,segment
132,10,full_text + noisy_diagram[pixel_noise],OK,GE,has_measure,2.0
132,10,full_text + noisy_diagram[pixel_noise],OK,EF,is_a,segment
132,10,full_text + noisy_diagram[pixel_noise],OK,EF,has_measure,1.6
132,10,full_text + noisy_diagram[pixel_noise],OK,F,is_a,point
132,10,full_text + noisy_diagram[pixel_noise],OK,AB,is_a,height
,,,,,,
133,10,full_text + noisy_diagram[pixel_noise],OK,P,is_a,point
133,10,full_text + noisy_diagram[pixel_noise],OK,Q,is_a,point
133,10,full_text + noisy_diagram[pixel_noise],OK,S,is_a,point
133,10,full_text + noisy_diagram[pixel_noise],OK,T,is_a,point
133,10,full_text + noisy_diagram[pixel_noise],OK,R,is_a,point
133,10,full_text + noisy_diagram[pixel_noise],OK,PQ,is_a,segment
133,10,full_text + noisy_diagram[pixel_noise],OK,QS,is_a,segment
133,10,full_text + noisy_diagram[pixel_noise],OK,ST,is_a,segment
133,10,full_text + noisy_diagram[pixel_noise],OK,QR,is_a,segment
133,10,full_text + noisy_diagram[pixel_noise],OK,QS,has_measure,60.0_m
133,10,full_text + noisy_diagram[pixel_noise],OK,ST,has_measure,120.0_m
133,10,full_text + noisy_diagram[pixel_noise],OK,QR,has_measure,80.0_m
133,10,full_text + noisy_diagram[pixel_noise],OK,P,lies_on,line
133,10,full_text + noisy_diagram[pixel_noise],OK,Q,lies_on,line
133,10,full_text + noisy_diagram[pixel_noise],OK,S,lies_on,line
133,10,full_text + noisy_diagram[pixel_noise],OK,T,lies_on,line
133,10,full_text + noisy_diagram[pixel_noise],OK,R,lies_on,line
133,10,full_text + noisy_diagram[pixel_noise],OK,P,lies_on,line_b
133,10,full_text + noisy_diagram[pixel_noise],OK,Q,lies_on,line_b
133,10,full_text + noisy_diagram[pixel_noise],OK,R,lies_on,line_b
133,10,full_text + noisy_diagram[pixel_noise],OK,P,lies_on,line_a
133,10,full_text + noisy_diagram[pixel_noise],OK,S,lies_on,line_a
133,10,full_text + noisy_diagram[pixel_noise],OK,T,lies_on,line_a
133,10,full_text + noisy_diagram[pixel_noise],OK,line_a,perpendicular_to,PS
133,10,full_text + noisy_diagram[pixel_noise],OK,line_b,perpendicular_to,PS
133,10,full_text + noisy_diagram[pixel_noise],OK,line_a,intersects,line_b
133,10,full_text + noisy_diagram[pixel_noise],OK,PQ,perpendicular_to,river
133,10,full_text + noisy_diagram[pixel_noise],OK,PS,perpendicular_to,river
133,10,full_text + noisy_diagram[pixel_noise],OK,line_a,passes_through,S
133,10,full_text + noisy_diagram[pixel_noise],OK,line_b,passes_through,Q
,,,,,,
149,10,full_text + noisy_diagram[pixel_noise],OK,A,is_a,point
149,10,full_text + noisy_diagram[pixel_noise],OK,B,is_a,point
149,10,full_text + noisy_diagram[pixel_noise],OK,C,is_a,point
149,10,full_text + noisy_diagram[pixel_noise],OK,D,is_a,point
149,10,full_text + noisy_diagram[pixel_noise],OK,E,is_a,point
149,10,full_text + noisy_diagram[pixel_noise],OK,CD,is_a,segment
149,10,full_text + noisy_diagram[pixel_noise],OK,AC,is_a,segment
149,10,full_text + noisy_diagram[pixel_noise],OK,BD,is_a,segment
149,10,full_text + noisy_diagram[pixel_noise],OK,ED,is_a,segment
149,10,full_text + noisy_diagram[pixel_noise],OK,AB,is_a,segment
149,10,full_text + noisy_diagram[pixel_noise],OK,α,is_a,angle
149,10,full_text + noisy_diagram[pixel_noise],OK,CD,is_a,plane
149,10,full_text + noisy_diagram[pixel_noise],OK,CD,is_a,mirror
149,10,full_text + noisy_diagram[pixel_noise],OK,AC,perpendicular_to,CD
149,10,full_text + noisy_diagram[pixel_noise],OK,BD,perpendicular_to,CD
149,10,full_text + noisy_diagram[pixel_noise],OK,C,is_a,foot
149,10,full_text + noisy_diagram[pixel_noise],OK,D,is_a,foot
149,10,full_text + noisy_diagram[pixel_noise],OK,AC,has_measure,3_units
149,10,full_text + noisy_diagram[pixel_noise],OK,BD,has_measure,6_units
149,10,full_text + noisy_diagram[pixel_noise],OK,CD,has_measure,10_units
149,10,full_text + noisy_diagram[pixel_noise],OK,ED,is_a,query_target
,,,,,,
150,10,full_text + noisy_diagram[pixel_noise],OK,A,is_a,point
150,10,full_text + noisy_diagram[pixel_noise],OK,B,is_a,point
150,10,full_text + noisy_diagram[pixel_noise],OK,C,is_a,point
150,10,full_text + noisy_diagram[pixel_noise],OK,AB,is_a,segment
150,10,full_text + noisy_diagram[pixel_noise],OK,BD,is_a,segment
150,10,full_text + noisy_diagram[pixel_noise],OK,CE,is_a,segment
150,10,full_text + noisy_diagram[pixel_noise],OK,DE,is_a,segment
150,10,full_text + noisy_diagram[pixel_noise],OK,A,B,"C, collinear_with"
150,10,full_text + noisy_diagram[pixel_noise],OK,AB,has_measure,2_units
150,10,full_text + noisy_diagram[pixel_noise],OK,BD,has_measure,7/3_units
150,10,full_text + noisy_diagram[pixel_noise],OK,CE,has_measure,9_units
150,10,full_text + noisy_diagram[pixel_noise],OK,BD,perpendicular_to,AB
150,10,full_text + noisy_diagram[pixel_noise],OK,CE,perpendicular_to,AB
150,10,full_text + noisy_diagram[pixel_noise],OK,BC,is_a,segment
150,10,full_text + noisy_diagram[pixel_noise],OK,BC,has_measure,?
150,10,full_text + noisy_diagram[pixel_noise],OK,D,is_a,point
150,10,full_text + noisy_diagram[pixel_noise],OK,E,is_a,point
,,,,,,
151,10,full_text + noisy_diagram[pixel_noise],OK,student,is_a,point
151,10,full_text + noisy_diagram[pixel_noise],OK,tree,is_a,point
151,10,full_text + noisy_diagram[pixel_noise],OK,lake,is_a,point
151,10,full_text + noisy_diagram[pixel_noise],OK,reflection,is_a,point
151,10,full_text + noisy_diagram[pixel_noise],OK,student,has_measure,1.7_units
,,,,,,
152,10,full_text + noisy_diagram[pixel_noise],OK,A,is_a,point
152,10,full_text + noisy_diagram[pixel_noise],OK,B,is_a,point
152,10,full_text + noisy_diagram[pixel_noise],OK,C,is_a,point
152,10,full_text + noisy_diagram[pixel_noise],OK,D,is_a,point
152,10,full_text + noisy_diagram[pixel_noise],OK,AB,is_a,segment
152,10,full_text + noisy_diagram[pixel_noise],OK,BC,is_a,segment
152,10,full_text + noisy_diagram[pixel_noise],OK,BD,is_a,segment
152,10,full_text + noisy_diagram[pixel_noise],OK,DE,is_a,segment
152,10,full_text + noisy_diagram[pixel_noise],OK,AB,connects,A
152,10,full_text + noisy_diagram[pixel_noise],OK,AB,connects,B
152,10,full_text + noisy_diagram[pixel_noise],OK,BC,connects,B
152,10,full_text + noisy_diagram[pixel_noise],OK,BC,connects,C
152,10,full_text + noisy_diagram[pixel_noise],OK,BD,connects,B
152,10,full_text + noisy_diagram[pixel_noise],OK,BD,connects,D
152,10,full_text + noisy_diagram[pixel_noise],OK,DE,connects,D
152,10,full_text + noisy_diagram[pixel_noise],OK,DE,connects,E
152,10,full_text + noisy_diagram[pixel_noise],OK,AB,has_measure,?
152,10,full_text + noisy_diagram[pixel_noise],OK,BC,has_measure,1.6
152,10,full_text + noisy_diagram[pixel_noise],OK,BD,has_measure,0.5
152,10,full_text + noisy_diagram[pixel_noise],OK,DE,has_measure,1.4
152,10,full_text + noisy_diagram[pixel_noise],OK,AB,is_a,ladder
152,10,full_text + noisy_diagram[pixel_noise],OK,AB,leans_against,wall
152,10,full_text + noisy_diagram[pixel_noise],OK,DE,is_a,distance
152,10,full_text + noisy_diagram[pixel_noise],OK,DE,to,wall
,,,,,,
153,10,full_text + noisy_diagram[pixel_noise],OK,A,is_a,point
153,10,full_text + noisy_diagram[pixel_noise],OK,B,is_a,point
153,10,full_text + noisy_diagram[pixel_noise],OK,C,is_a,point
153,10,full_text + noisy_diagram[pixel_noise],OK,D,is_a,point
153,10,full_text + noisy_diagram[pixel_noise],OK,E,is_a,point
153,10,full_text + noisy_diagram[pixel_noise],OK,AB,is_a,segment
153,10,full_text + noisy_diagram[pixel_noise],OK,BC,is_a,segment
153,10,full_text + noisy_diagram[pixel_noise],OK,DE,is_a,segment
153,10,full_text + noisy_diagram[pixel_noise],OK,EC,is_a,segment
153,10,full_text + noisy_diagram[pixel_noise],OK,AB,has_measure,?
153,10,full_text + noisy_diagram[pixel_noise],OK,BC,has_measure,1.0
153,10,full_text + noisy_diagram[pixel_noise],OK,DE,has_measure,1.8
153,10,full_text + noisy_diagram[pixel_noise],OK,EC,has_measure,1.2
153,10,full_text + noisy_diagram[pixel_noise],OK,A,connects,B
153,10,full_text + noisy_diagram[pixel_noise],OK,B,connects,C
153,10,full_text + noisy_diagram[pixel_noise],OK,D,connects,E
153,10,full_text + noisy_diagram[pixel_noise],OK,E,connects,C
153,10,full_text + noisy_diagram[pixel_noise],OK,AB,is_a,height
153,10,full_text + noisy_diagram[pixel_noise],OK,DE,is_a,shadow
153,10,full_text + noisy_diagram[pixel_noise],OK,AB,is_a,window_frame
153,10,full_text + noisy_diagram[pixel_noise],OK,BC,is_a,distance
153,10,full_text + noisy_diagram[pixel_noise],OK,EC,is_a,distance
,,,,,,
157,10,full_text + noisy_diagram[pixel_noise],OK,A,is_a,point
157,10,full_text + noisy_diagram[pixel_noise],OK,B,is_a,point
157,10,full_text + noisy_diagram[pixel_noise],OK,C,is_a,point
157,10,full_text + noisy_diagram[pixel_noise],OK,AC,is_a,segment
157,10,full_text + noisy_diagram[pixel_noise],OK,BC,is_a,segment
157,10,full_text + noisy_diagram[pixel_noise],OK,AB,is_a,segment
157,10,full_text + noisy_diagram[pixel_noise],OK,∠C,is_a,angle
157,10,full_text + noisy_diagram[pixel_noise],OK,∠B,is_a,angle
157,10,full_text + noisy_diagram[pixel_noise],OK,A,connects,C
157,10,full_text + noisy_diagram[pixel_noise],OK,C,connects,B
157,10,full_text + noisy_diagram[pixel_noise],OK,B,connects,A
157,10,full_text + noisy_diagram[pixel_noise],OK,AC,has_measure,4.0
157,10,full_text + noisy_diagram[pixel_noise],OK,BC,has_measure,3.0
157,10,full_text + noisy_diagram[pixel_noise],OK,∠C,has_measure,90_deg
157,10,full_text + noisy_diagram[pixel_noise],OK,cos,has_measure,?
,,,,,,
165,10,full_text + noisy_diagram[pixel_noise],OK,A,is_a,point
165,10,full_text + noisy_diagram[pixel_noise],OK,B,is_a,point
165,10,full_text + noisy_diagram[pixel_noise],OK,C,is_a,point
165,10,full_text + noisy_diagram[pixel_noise],OK,AB,is_a,segment
165,10,full_text + noisy_diagram[pixel_noise],OK,BC,is_a,segment
165,10,full_text + noisy_diagram[pixel_noise],OK,AC,is_a,segment
165,10,full_text + noisy_diagram[pixel_noise],OK,ABC,is_a,triangle
165,10,full_text + noisy_diagram[pixel_noise],OK,C,is_a,right_angle
165,10,full_text + noisy_diagram[pixel_noise],OK,AB,has_measure,2_units
165,10,full_text + noisy_diagram[pixel_noise],OK,BC,has_measure,1_unit
,,,,,,
198,10,full_text + noisy_diagram[pixel_noise],OK,A,is_a,point
198,10,full_text + noisy_diagram[pixel_noise],OK,B,is_a,point
198,10,full_text + noisy_diagram[pixel_noise],OK,C,is_a,point
198,10,full_text + noisy_diagram[pixel_noise],OK,AB,is_a,segment
198,10,full_text + noisy_diagram[pixel_noise],OK,BC,is_a,segment
198,10,full_text + noisy_diagram[pixel_noise],OK,CA,is_a,segment
198,10,full_text + noisy_diagram[pixel_noise],OK,AB,has_measure,10_units
198,10,full_text + noisy_diagram[pixel_noise],OK,AC,has_measure,13_units
198,10,full_text + noisy_diagram[pixel_noise],OK,BC,has_measure,13_units
198,10,full_text + noisy_diagram[pixel_noise],OK,ABC,is_a,triangle
198,10,full_text + noisy_diagram[pixel_noise],OK,ABC,is_a,isosceles_triangle
198,10,full_text + noisy_diagram[pixel_noise],OK,A,connects,B
198,10,full_text + noisy_diagram[pixel_noise],OK,B,connects,C
198,10,full_text + noisy_diagram[pixel_noise],OK,C,connects,A
198,10,full_text + noisy_diagram[pixel_noise],OK,Area,is_a,query_target
,,,,,,
207,10,full_text + noisy_diagram[pixel_noise],OK,largest_circle,is_a,circle
207,10,full_text + noisy_diagram[pixel_noise],OK,small_circle1,is_a,circle
207,10,full_text + noisy_diagram[pixel_noise],OK,small_circle2,is_a,circle
207,10,full_text + noisy_diagram[pixel_noise],OK,largest_circle,has_measure,20_units
207,10,full_text + noisy_diagram[pixel_noise],OK,shaded_region,is_a,region
207,10,full_text + noisy_diagram[pixel_noise],OK,shaded_region,has_measure,?
207,10,full_text + noisy_diagram[pixel_noise],OK,largest_circle,center_of,center_point
207,10,full_text + noisy_diagram[pixel_noise],OK,small_circle1,center_of,center_point
207,10,full_text + noisy_diagram[pixel_noise],OK,small_circle2,center_of,center_point
207,10,full_text + noisy_diagram[pixel_noise],OK,largest_circle,diameter_of,20_units
207,10,full_text + noisy_diagram[pixel_noise],OK,shaded_region,is_a,area
207,10,full_text + noisy_diagram[pixel_noise],OK,largest_circle,contains,small_circle1
207,10,full_text + noisy_diagram[pixel_noise],OK,largest_circle,contains,small_circle2
207,10,full_text + noisy_diagram[pixel_noise],OK,small_circle1,intersects,small_circle2
207,10,full_text + noisy_diagram[pixel_noise],OK,small_circle1,intersects,largest_circle
207,10,full_text + noisy_diagram[pixel_noise],OK,small_circle2,intersects,largest_circle
207,10,full_text + noisy_diagram[pixel_noise],OK,center_point,is_a,point
,,,,,,
210,10,full_text + noisy_diagram[pixel_noise],OK,A,is_a,point
210,10,full_text + noisy_diagram[pixel_noise],OK,B,is_a,point
210,10,full_text + noisy_diagram[pixel_noise],OK,C,is_a,point
210,10,full_text + noisy_diagram[pixel_noise],OK,D,is_a,point
210,10,full_text + noisy_diagram[pixel_noise],OK,E,is_a,point
210,10,full_text + noisy_diagram[pixel_noise],OK,AB,is_a,segment
210,10,full_text + noisy_diagram[pixel_noise],OK,AC,is_a,segment
210,10,full_text + noisy_diagram[pixel_noise],OK,AD,is_a,segment
210,10,full_text + noisy_diagram[pixel_noise],OK,AE,is_a,segment
210,10,full_text + noisy_diagram[pixel_noise],OK,CD,is_a,segment
210,10,full_text + noisy_diagram[pixel_noise],OK,ED,is_a,segment
210,10,full_text + noisy_diagram[pixel_noise],OK,BE,is_a,segment
210,10,full_text + noisy_diagram[pixel_noise],OK,Triangles,is_a,shape
210,10,full_text + noisy_diagram[pixel_noise],OK,ABE,is_a,triangle
210,10,full_text + noisy_diagram[pixel_noise],OK,ACD,is_a,triangle
210,10,full_text + noisy_diagram[pixel_noise],OK,A,connects,B
210,10,full_text + noisy_diagram[pixel_noise],OK,A,connects,C
210,10,full_text + noisy_diagram[pixel_noise],OK,A,connects,D
210,10,full_text + noisy_diagram[pixel_noise],OK,A,connects,E
210,10,full_text + noisy_diagram[pixel_noise],OK,C,connects,D
210,10,full_text + noisy_diagram[pixel_noise],OK,E,connects,D
210,10,full_text + noisy_diagram[pixel_noise],OK,B,connects,E
210,10,full_text + noisy_diagram[pixel_noise],OK,AB,has_measure,12_units
210,10,full_text + noisy_diagram[pixel_noise],OK,AC,has_measure,16_units
210,10,full_text + noisy_diagram[pixel_noise],OK,ED,has_measure,5_units
210,10,full_text + noisy_diagram[pixel_noise],OK,BE,parallel_to,CD
210,10,full_text + noisy_diagram[pixel_noise],OK,Triangles,share,vertex
210,10,full_text + noisy_diagram[pixel_noise],OK,Triangles,share,"vertex, A"
210,10,full_text + noisy_diagram[pixel_noise],OK,Triangles,are,similar
210,10,full_text + noisy_diagram[pixel_noise],OK,AE,is_a,query_target
,,,,,,
211,10,full_text + noisy_diagram[pixel_noise],OK,MNPR,is_a,parallelogram
211,10,full_text + noisy_diagram[pixel_noise],OK,MP,is_a,diagonal
211,10,full_text + noisy_diagram[pixel_noise],OK,RN,is_a,diagonal
211,10,full_text + noisy_diagram[pixel_noise],OK,MP,intersects,RN
211,10,full_text + noisy_diagram[pixel_noise],OK,Q,is_a,point
211,10,full_text + noisy_diagram[pixel_noise],OK,MN,is_a,segment
211,10,full_text + noisy_diagram[pixel_noise],OK,MN,has_measure,3x - 4
211,10,full_text + noisy_diagram[pixel_noise],OK,NP,is_a,segment
211,10,full_text + noisy_diagram[pixel_noise],OK,NP,has_measure,2y + 5
211,10,full_text + noisy_diagram[pixel_noise],OK,RP,is_a,segment
211,10,full_text + noisy_diagram[pixel_noise],OK,RP,has_measure,20
211,10,full_text + noisy_diagram[pixel_noise],OK,MR,is_a,segment
211,10,full_text + noisy_diagram[pixel_noise],OK,MR,has_measure,17.9
211,10,full_text + noisy_diagram[pixel_noise],OK,∠RNP,is_a,angle
211,10,full_text + noisy_diagram[pixel_noise],OK,∠RNP,has_measure,?
211,10,full_text + noisy_diagram[pixel_noise],OK,QN,is_a,segment
211,10,full_text + noisy_diagram[pixel_noise],OK,QN,has_measure,15.4
211,10,full_text + noisy_diagram[pixel_noise],OK,QP,is_a,segment
211,10,full_text + noisy_diagram[pixel_noise],OK,QP,has_measure,11.1
211,10,full_text + noisy_diagram[pixel_noise],OK,∠NQP,is_a,angle
211,10,full_text + noisy_diagram[pixel_noise],OK,∠NQP,has_measure,33_deg
211,10,full_text + noisy_diagram[pixel_noise],OK,∠PQR,is_a,angle
211,10,full_text + noisy_diagram[pixel_noise],OK,∠PQR,has_measure,83_deg
211,10,full_text + noisy_diagram[pixel_noise],OK,∠MRQ,is_a,angle
211,10,full_text + noisy_diagram[pixel_noise],OK,∠MRQ,has_measure,38_deg
211,10,full_text + noisy_diagram[pixel_noise],OK,QR,is_a,segment
211,10,full_text + noisy_diagram[pixel_noise],OK,QR,has_measure,3z - 3
,,,,,,
223,10,full_text + noisy_diagram[pixel_noise],OK,A,is_a,point
223,10,full_text + noisy_diagram[pixel_noise],OK,B,is_a,point
223,10,full_text + noisy_diagram[pixel_noise],OK,C,is_a,point
223,10,full_text + noisy_diagram[pixel_noise],OK,AB,is_a,segment
223,10,full_text + noisy_diagram[pixel_noise],OK,BC,is_a,segment
223,10,full_text + noisy_diagram[pixel_noise],OK,AC,is_a,segment
223,10,full_text + noisy_diagram[pixel_noise],OK,∠ABC,is_a,angle
223,10,full_text + noisy_diagram[pixel_noise],OK,∠ABC,has_measure,90_deg
223,10,full_text + noisy_diagram[pixel_noise],OK,AC,has_measure,5_units
223,10,full_text + noisy_diagram[pixel_noise],OK,AB,has_measure,3_sqrt_2_units
223,10,full_text + noisy_diagram[pixel_noise],OK,BC,has_measure,?_units
223,10,full_text + noisy_diagram[pixel_noise],OK,BC,has_measure,x_units
223,10,full_text + noisy_diagram[pixel_noise],OK,x,is_a,query_target
,,,,,,
239,10,full_text + noisy_diagram[pixel_noise],OK,A,is_a,point
239,10,full_text + noisy_diagram[pixel_noise],OK,B,is_a,point
239,10,full_text + noisy_diagram[pixel_noise],OK,C,is_a,point
239,10,full_text + noisy_diagram[pixel_noise],OK,R,is_a,point
239,10,full_text + noisy_diagram[pixel_noise],OK,S,is_a,point
239,10,full_text + noisy_diagram[pixel_noise],OK,T,is_a,point
239,10,full_text + noisy_diagram[pixel_noise],OK,M,is_a,point
239,10,full_text + noisy_diagram[pixel_noise],OK,ABC,is_a,triangle
239,10,full_text + noisy_diagram[pixel_noise],OK,RS,is_a,segment
239,10,full_text + noisy_diagram[pixel_noise],OK,ST,is_a,segment
239,10,full_text + noisy_diagram[pixel_noise],OK,RT,is_a,segment
239,10,full_text + noisy_diagram[pixel_noise],OK,AT,is_a,segment
239,10,full_text + noisy_diagram[pixel_noise],OK,BR,is_a,segment
239,10,full_text + noisy_diagram[pixel_noise],OK,CS,is_a,segment
239,10,full_text + noisy_diagram[pixel_noise],OK,AC,is_a,segment
239,10,full_text + noisy_diagram[pixel_noise],OK,AB,is_a,segment
239,10,full_text + noisy_diagram[pixel_noise],OK,CB,is_a,segment
239,10,full_text + noisy_diagram[pixel_noise],OK,R,lies_on,AC
239,10,full_text + noisy_diagram[pixel_noise],OK,S,lies_on,AB
239,10,full_text + noisy_diagram[pixel_noise],OK,T,lies_on,CB
239,10,full_text + noisy_diagram[pixel_noise],OK,AT,connects,"A, T"
239,10,full_text + noisy_diagram[pixel_noise],OK,BR,connects,"B, R"
239,10,full_text + noisy_diagram[pixel_noise],OK,CS,connects,"C, S"
239,10,full_text + noisy_diagram[pixel_noise],OK,AT,intersects,BR
239,10,full_text + noisy_diagram[pixel_noise],OK,AT,intersects,CS
239,10,full_text + noisy_diagram[pixel_noise],OK,BR,intersects,CS
239,10,full_text + noisy_diagram[pixel_noise],OK,AT,intersects,M
239,10,full_text + noisy_diagram[pixel_noise],OK,BR,intersects,M
239,10,full_text + noisy_diagram[pixel_noise],OK,CS,intersects,M
239,10,full_text + noisy_diagram[pixel_noise],OK,MC,has_measure,7_units
239,10,full_text + noisy_diagram[pixel_noise],OK,RM,has_measure,4_units
239,10,full_text + noisy_diagram[pixel_noise],OK,AT,has_measure,16_units
239,10,full_text + noisy_diagram[pixel_noise],OK,MB,has_measure,?
,,,,,,
243,10,full_text + noisy_diagram[pixel_noise],OK,Des_Moines,is_a,point
243,10,full_text + noisy_diagram[pixel_noise],OK,Phoenix,is_a,point
243,10,full_text + noisy_diagram[pixel_noise],OK,Atlanta,is_a,point
243,10,full_text + noisy_diagram[pixel_noise],OK,Des_Moines_to_Phoenix,is_a,segment
243,10,full_text + noisy_diagram[pixel_noise],OK,Phoenix_to_Atlanta,is_a,segment
243,10,full_text + noisy_diagram[pixel_noise],OK,Atlanta_to_Des_Moines,is_a,segment
243,10,full_text + noisy_diagram[pixel_noise],OK,Des_Moines_to_Phoenix,has_measure,110x + 53
243,10,full_text + noisy_diagram[pixel_noise],OK,Phoenix_to_Atlanta,has_measure,150x + 91
243,10,full_text + noisy_diagram[pixel_noise],OK,Atlanta_to_Des_Moines,has_measure,73.8x
243,10,full_text + noisy_diagram[pixel_noise],OK,Des_Moines_to_Phoenix,connects,"Des_Moines, Phoenix"
243,10,full_text + noisy_diagram[pixel_noise],OK,Phoenix_to_Atlanta,connects,"Phoenix, Atlanta"
243,10,full_text + noisy_diagram[pixel_noise],OK,Atlanta_to_Des_Moines,connects,"Atlanta, Des_Moines"
243,10,full_text + noisy_diagram[pixel_noise],OK,Phoenix_to_Atlanta,has_measure,?
243,10,full_text + noisy_diagram[pixel_noise],OK,Des_Moines_to_Phoenix_to_Atlanta_to_Des_Moines,has_measure,3482
,,,,,,
257,10,full_text + noisy_diagram[pixel_noise],OK,A,is_a,point
257,10,full_text + noisy_diagram[pixel_noise],OK,B,is_a,point
257,10,full_text + noisy_diagram[pixel_noise],OK,C,is_a,point
257,10,full_text + noisy_diagram[pixel_noise],OK,D,is_a,point
257,10,full_text + noisy_diagram[pixel_noise],OK,E,is_a,point
257,10,full_text + noisy_diagram[pixel_noise],OK,AB,is_a,segment
257,10,full_text + noisy_diagram[pixel_noise],OK,AC,is_a,segment
257,10,full_text + noisy_diagram[pixel_noise],OK,CD,is_a,segment
257,10,full_text + noisy_diagram[pixel_noise],OK,ED,is_a,segment
257,10,full_text + noisy_diagram[pixel_noise],OK,AE,is_a,segment
257,10,full_text + noisy_diagram[pixel_noise],OK,BE,is_a,segment
257,10,full_text + noisy_diagram[pixel_noise],OK,ABE,is_a,triangle
257,10,full_text + noisy_diagram[pixel_noise],OK,ACD,is_a,triangle
257,10,full_text + noisy_diagram[pixel_noise],OK,AB,connects,A
257,10,full_text + noisy_diagram[pixel_noise],OK,AB,connects,B
257,10,full_text + noisy_diagram[pixel_noise],OK,AC,connects,A
257,10,full_text + noisy_diagram[pixel_noise],OK,AC,connects,C
257,10,full_text + noisy_diagram[pixel_noise],OK,CD,connects,C
257,10,full_text + noisy_diagram[pixel_noise],OK,CD,connects,D
257,10,full_text + noisy_diagram[pixel_noise],OK,ED,connects,E
257,10,full_text + noisy_diagram[pixel_noise],OK,ED,connects,D
257,10,full_text + noisy_diagram[pixel_noise],OK,AE,connects,A
257,10,full_text + noisy_diagram[pixel_noise],OK,AE,connects,E
257,10,full_text + noisy_diagram[pixel_noise],OK,BE,connects,B
257,10,full_text + noisy_diagram[pixel_noise],OK,BE,connects,E
257,10,full_text + noisy_diagram[pixel_noise],OK,ABE,shares,A
257,10,full_text + noisy_diagram[pixel_noise],OK,ACD,shares,A
257,10,full_text + noisy_diagram[pixel_noise],OK,BE,parallel_to,CD
257,10,full_text + noisy_diagram[pixel_noise],OK,AB,has_measure,12_units
257,10,full_text + noisy_diagram[pixel_noise],OK,AC,has_measure,16_units
257,10,full_text + noisy_diagram[pixel_noise],OK,ED,has_measure,5_units
257,10,full_text + noisy_diagram[pixel_noise],OK,AE,has_measure,?
257,10,full_text + noisy_diagram[pixel_noise],OK,AE,is_a,query_target
,,,,,,
264,10,full_text + noisy_diagram[pixel_noise],OK,M,is_a,point
264,10,full_text + noisy_diagram[pixel_noise],OK,N,is_a,point
264,10,full_text + noisy_diagram[pixel_noise],OK,P,is_a,point
264,10,full_text + noisy_diagram[pixel_noise],OK,Q,is_a,point
264,10,full_text + noisy_diagram[pixel_noise],OK,MNPQ,is_a,parallelogram
264,10,full_text + noisy_diagram[pixel_noise],OK,M,connects,N
264,10,full_text + noisy_diagram[pixel_noise],OK,N,connects,P
264,10,full_text + noisy_diagram[pixel_noise],OK,P,connects,Q
264,10,full_text + noisy_diagram[pixel_noise],OK,Q,connects,M
264,10,full_text + noisy_diagram[pixel_noise],OK,∠M,is_a,angle
264,10,full_text + noisy_diagram[pixel_noise],OK,∠N,is_a,angle
264,10,full_text + noisy_diagram[pixel_noise],OK,∠P,is_a,angle
264,10,full_text + noisy_diagram[pixel_noise],OK,∠Q,is_a,angle
264,10,full_text + noisy_diagram[pixel_noise],OK,∠M,has_measure,10x
264,10,full_text + noisy_diagram[pixel_noise],OK,∠N,has_measure,20x
264,10,full_text + noisy_diagram[pixel_noise],OK,∠M,equals,∠P
264,10,full_text + noisy_diagram[pixel_noise],OK,∠N,equals,∠Q
264,10,full_text + noisy_diagram[pixel_noise],OK,∠M,equals,?
,,,,,,
281,10,full_text + noisy_diagram[pixel_noise],OK,A,is_a,point
281,10,full_text + noisy_diagram[pixel_noise],OK,B,is_a,point
281,10,full_text + noisy_diagram[pixel_noise],OK,C,is_a,point
281,10,full_text + noisy_diagram[pixel_noise],OK,ABC,is_a,triangle
281,10,full_text + noisy_diagram[pixel_noise],OK,∠C,is_a,angle
281,10,full_text + noisy_diagram[pixel_noise],OK,∠C,has_measure,90_deg
281,10,full_text + noisy_diagram[pixel_noise],OK,AC,is_a,segment
281,10,full_text + noisy_diagram[pixel_noise],OK,AB,is_a,segment
281,10,full_text + noisy_diagram[pixel_noise],OK,BC,is_a,segment
281,10,full_text + noisy_diagram[pixel_noise],OK,AC,has_measure,24_units
281,10,full_text + noisy_diagram[pixel_noise],OK,AB,has_measure,26_units
281,10,full_text + noisy_diagram[pixel_noise],OK,BC,has_measure,10_units
281,10,full_text + noisy_diagram[pixel_noise],OK,ABC,is_a,right_triangle
281,10,full_text + noisy_diagram[pixel_noise],OK,cos_B,is_a,ratio
281,10,full_text + noisy_diagram[pixel_noise],OK,cos_B,has_measure,?
,,,,,,
327,10,full_text + noisy_diagram[pixel_noise],OK,X,is_a,point
327,10,full_text + noisy_diagram[pixel_noise],OK,Y,is_a,point
327,10,full_text + noisy_diagram[pixel_noise],OK,Z,is_a,point
327,10,full_text + noisy_diagram[pixel_noise],OK,XY,is_a,segment
327,10,full_text + noisy_diagram[pixel_noise],OK,YZ,is_a,segment
327,10,full_text + noisy_diagram[pixel_noise],OK,XZ,is_a,segment
327,10,full_text + noisy_diagram[pixel_noise],OK,XY,has_measure,b_km
327,10,full_text + noisy_diagram[pixel_noise],OK,YZ,has_measure,10.7_km
327,10,full_text + noisy_diagram[pixel_noise],OK,X,is_a,bearing
327,10,full_text + noisy_diagram[pixel_noise],OK,X,has_measure,335_deg
327,10,full_text + noisy_diagram[pixel_noise],OK,Z,is_a,bearing
327,10,full_text + noisy_diagram[pixel_noise],OK,Z,has_measure,335_deg
327,10,full_text + noisy_diagram[pixel_noise],OK,XZ,has_measure,d_km
327,10,full_text + noisy_diagram[pixel_noise],OK,N,is_a,point
327,10,full_text + noisy_diagram[pixel_noise],OK,Y,is_a,right_angle
327,10,full_text + noisy_diagram[pixel_noise],OK,Y,is_a,angle
327,10,full_text + noisy_diagram[pixel_noise],OK,Y,has_measure,90_deg
,,,,,,
348,10,full_text + noisy_diagram[pixel_noise],OK,helicopter,is_a,helicopter
348,10,full_text + noisy_diagram[pixel_noise],OK,landing_pad,is_a,landing_pad
348,10,full_text + noisy_diagram[pixel_noise],OK,altitude,is_a,measurement
348,10,full_text + noisy_diagram[pixel_noise],OK,altitude,has_measure,198_metres
348,10,full_text + noisy_diagram[pixel_noise],OK,angle_of_depression,is_a,angle
348,10,full_text + noisy_diagram[pixel_noise],OK,angle_of_depression,has_measure,44_deg
348,10,full_text + noisy_diagram[pixel_noise],OK,d,is_a,distance
348,10,full_text + noisy_diagram[pixel_noise],OK,helicopter,has_measure,198_metres
348,10,full_text + noisy_diagram[pixel_noise],OK,helicopter,has_measure,44_deg
348,10,full_text + noisy_diagram[pixel_noise],OK,landing_pad,is_a,point
348,10,full_text + noisy_diagram[pixel_noise],OK,d,is_a,?
348,10,full_text + noisy_diagram[pixel_noise],OK,helicopter,is_a,point
348,10,full_text + noisy_diagram[pixel_noise],OK,angle_of_depression,connects,helicopter
348,10,full_text + noisy_diagram[pixel_noise],OK,angle_of_depression,connects,landing_pad
348,10,full_text + noisy_diagram[pixel_noise],OK,altitude,connects,helicopter
348,10,full_text + noisy_diagram[pixel_noise],OK,altitude,connects,landing_pad
348,10,full_text + noisy_diagram[pixel_noise],OK,d,connects,helicopter
348,10,full_text + noisy_diagram[pixel_noise],OK,d,connects,landing_pad
,,,,,,
364,10,full_text + noisy_diagram[pixel_noise],OK,tower,is_a,point
364,10,full_text + noisy_diagram[pixel_noise],OK,bridge,is_a,point
364,10,full_text + noisy_diagram[pixel_noise],OK,cable,is_a,segment
364,10,full_text + noisy_diagram[pixel_noise],OK,tower,connects,bridge
364,10,full_text + noisy_diagram[pixel_noise],OK,cable,connects,tower
364,10,full_text + noisy_diagram[pixel_noise],OK,cable,connects,bridge
,,,,,,
365,10,full_text + noisy_diagram[pixel_noise],OK,plane,is_a,object
365,10,full_text + noisy_diagram[pixel_noise],OK,ground,is_a,surface
365,10,full_text + noisy_diagram[pixel_noise],OK,runway,is_a,surface
365,10,full_text + noisy_diagram[pixel_noise],OK,theta,is_a,angle
365,10,full_text + noisy_diagram[pixel_noise],OK,plane,has_measure,10369_m
365,10,full_text + noisy_diagram[pixel_noise],OK,plane,has_measure,23444_m
365,10,full_text + noisy_diagram[pixel_noise],OK,theta,is_a,angle_of_approach
365,10,full_text + noisy_diagram[pixel_noise],OK,runway,is_a,airport_runway
,,,,,,
420,10,full_text + noisy_diagram[pixel_noise],OK,A,is_a,point
420,10,full_text + noisy_diagram[pixel_noise],OK,B,is_a,point
420,10,full_text + noisy_diagram[pixel_noise],OK,C,is_a,point
420,10,full_text + noisy_diagram[pixel_noise],OK,D,is_a,point
420,10,full_text + noisy_diagram[pixel_noise],OK,AB,is_a,segment
420,10,full_text + noisy_diagram[pixel_noise],OK,BC,is_a,segment
420,10,full_text + noisy_diagram[pixel_noise],OK,CD,is_a,segment
420,10,full_text + noisy_diagram[pixel_noise],OK,DA,is_a,segment
420,10,full_text + noisy_diagram[pixel_noise],OK,ABCD,is_a,trapezium
420,10,full_text + noisy_diagram[pixel_noise],OK,AB,perpendicular_to,CD
420,10,full_text + noisy_diagram[pixel_noise],OK,BC,has_measure,10_cm
420,10,full_text + noisy_diagram[pixel_noise],OK,B,is_a,vertex
420,10,full_text + noisy_diagram[pixel_noise],OK,AB,has_measure,x
420,10,full_text + noisy_diagram[pixel_noise],OK,x,is_a,?
420,10,full_text + noisy_diagram[pixel_noise],OK,AD,is_a,segment
,,,,,,
432,10,full_text + noisy_diagram[pixel_noise],OK,-3,4,"is_a, point"
432,10,full_text + noisy_diagram[pixel_noise],OK,5,2,"is_a, point"
432,10,full_text + noisy_diagram[pixel_noise],OK,d,is_a,distance
432,10,full_text + noisy_diagram[pixel_noise],OK,d,has_measure,?
432,10,full_text + noisy_diagram[pixel_noise],OK,d,is_a,target
,,,,,,
438,10,full_text + noisy_diagram[pixel_noise],OK,-8,-3,"is_a, point"
438,10,full_text + noisy_diagram[pixel_noise],OK,2,-3,"is_a, point"
438,10,full_text + noisy_diagram[pixel_noise],OK,-3,-3,"is_a, point"
438,10,full_text + noisy_diagram[pixel_noise],OK,-3 - 5√2,-3,"is_a, point"
438,10,full_text + noisy_diagram[pixel_noise],OK,-3 + 5√2,-3,"is_a, point"
438,10,full_text + noisy_diagram[pixel_noise],OK,hyperbola,is_a,hyperbola
438,10,full_text + noisy_diagram[pixel_noise],OK,hyperbola,has_measure,?
438,10,full_text + noisy_diagram[pixel_noise],OK,hyperbola,has_equation,?
,,,,,,
441,10,full_text + noisy_diagram[pixel_noise],OK,P,is_a,point
441,10,full_text + noisy_diagram[pixel_noise],OK,a,is_a,angle
441,10,full_text + noisy_diagram[pixel_noise],OK,a,has_measure,?
441,10,full_text + noisy_diagram[pixel_noise],OK,unit_circle,is_a,circle
441,10,full_text + noisy_diagram[pixel_noise],OK,unit_circle,radius_of,1_unit
441,10,full_text + noisy_diagram[pixel_noise],OK,P,lies_on,unit_circle
441,10,full_text + noisy_diagram[pixel_noise],OK,y,is_a,?
441,10,full_text + noisy_diagram[pixel_noise],OK,y,has_measure,?
,,,,,,
447,10,full_text + noisy_diagram[pixel_noise],OK,a,is_a,angle
447,10,full_text + noisy_diagram[pixel_noise],OK,P,is_a,point
447,10,full_text + noisy_diagram[pixel_noise],OK,circle,is_a,unit_circle
447,10,full_text + noisy_diagram[pixel_noise],OK,P,lies_on,circle
,,,,,,
449,10,full_text + noisy_diagram[pixel_noise],OK,O,is_a,point
449,10,full_text + noisy_diagram[pixel_noise],OK,O,center_of,circle
449,10,full_text + noisy_diagram[pixel_noise],OK,circle,is_a,unit_circle
449,10,full_text + noisy_diagram[pixel_noise],OK,P,is_a,point
449,10,full_text + noisy_diagram[pixel_noise],OK,P,lies_on,circle
449,10,full_text + noisy_diagram[pixel_noise],OK,θ,is_a,angle
449,10,full_text + noisy_diagram[pixel_noise],OK,circle,center_of,O
449,10,full_text + noisy_diagram[pixel_noise],OK,circle,radius_of,1_unit
449,10,full_text + noisy_diagram[pixel_noise],OK,P,connects,O
449,10,full_text + noisy_diagram[pixel_noise],OK,θ,has_measure,?
,,,,,,
457,10,full_text + noisy_diagram[pixel_noise],OK,O,is_a,point
457,10,full_text + noisy_diagram[pixel_noise],OK,O,center_of,circle
457,10,full_text + noisy_diagram[pixel_noise],OK,circle,is_a,circle
457,10,full_text + noisy_diagram[pixel_noise],OK,circle,radius_of,6
457,10,full_text + noisy_diagram[pixel_noise],OK,?,is_a,equation
457,10,full_text + noisy_diagram[pixel_noise],OK,?,is_a,standard_form
457,10,full_text + noisy_diagram[pixel_noise],OK,?,query_target,?
,,,,,,
472,10,full_text + noisy_diagram[pixel_noise],OK,-7,0,"is_a, point"
472,10,full_text + noisy_diagram[pixel_noise],OK,-5,-5,"is_a, point"
472,10,full_text + noisy_diagram[pixel_noise],OK,0,7,"is_a, point"
472,10,full_text + noisy_diagram[pixel_noise],OK,5,-5,"is_a, point"
472,10,full_text + noisy_diagram[pixel_noise],OK,7,0,"is_a, point"
472,10,full_text + noisy_diagram[pixel_noise],OK,semicircle,is_a,semicircle
472,10,full_text + noisy_diagram[pixel_noise],OK,?,is_a,"center_of, semicircle"
472,10,full_text + noisy_diagram[pixel_noise],OK,?,is_a,point
,,,,,,
