problem_index,case_id,case_label,status,subject,predicate,object
1,14,noisy_half_text[sentence] + half_diagram,OK,A,is_a,point
1,14,noisy_half_text[sentence] + half_diagram,OK,B,is_a,point
1,14,noisy_half_text[sentence] + half_diagram,OK,C,is_a,point
1,14,noisy_half_text[sentence] + half_diagram,OK,ABC,is_a,triangle
1,14,noisy_half_text[sentence] + half_diagram,OK,A,has_measure,80_deg
1,14,noisy_half_text[sentence] + half_diagram,OK,D,is_a,point
1,14,noisy_half_text[sentence] + half_diagram,OK,E,is_a,point
1,14,noisy_half_text[sentence] + half_diagram,OK,D,lies_on,AB
1,14,noisy_half_text[sentence] + half_diagram,OK,E,lies_on,AC
1,14,noisy_half_text[sentence] + half_diagram,OK,DE,is_a,segment
1,14,noisy_half_text[sentence] + half_diagram,OK,BC,is_a,segment
1,14,noisy_half_text[sentence] + half_diagram,OK,DE,parallel_to,BC
1,14,noisy_half_text[sentence] + half_diagram,OK,∠ABC,is_a,angle
1,14,noisy_half_text[sentence] + half_diagram,OK,∠ABC,has_measure,60_deg
1,14,noisy_half_text[sentence] + half_diagram,OK,∠CED,is_a,angle
1,14,noisy_half_text[sentence] + half_diagram,OK,∠CED,is_a,query_target
,,,,,,
2,14,noisy_half_text[sentence] + half_diagram,OK,A,is_a,point
2,14,noisy_half_text[sentence] + half_diagram,OK,B,is_a,point
2,14,noisy_half_text[sentence] + half_diagram,OK,C,is_a,point
2,14,noisy_half_text[sentence] + half_diagram,OK,D,is_a,point
2,14,noisy_half_text[sentence] + half_diagram,OK,E,is_a,point
2,14,noisy_half_text[sentence] + half_diagram,OK,F,is_a,point
2,14,noisy_half_text[sentence] + half_diagram,OK,G,is_a,point
2,14,noisy_half_text[sentence] + half_diagram,OK,AB,is_a,segment
2,14,noisy_half_text[sentence] + half_diagram,OK,CD,is_a,segment
2,14,noisy_half_text[sentence] + half_diagram,OK,EF,is_a,segment
2,14,noisy_half_text[sentence] + half_diagram,OK,EG,is_a,segment
2,14,noisy_half_text[sentence] + half_diagram,OK,AB,parallel_to,CD
2,14,noisy_half_text[sentence] + half_diagram,OK,EF,intersects,AB
2,14,noisy_half_text[sentence] + half_diagram,OK,EF,intersects,CD
2,14,noisy_half_text[sentence] + half_diagram,OK,EG,bisects,∠BEF
2,14,noisy_half_text[sentence] + half_diagram,OK,EG,intersects,CD
2,14,noisy_half_text[sentence] + half_diagram,OK,∠EFG,has_measure,50_deg
2,14,noisy_half_text[sentence] + half_diagram,OK,∠EGF,is_a,angle
2,14,noisy_half_text[sentence] + half_diagram,OK,∠EGF,has_measure,?
,,,,,,
3,14,noisy_half_text[sentence] + half_diagram,OK,A,is_a,point
3,14,noisy_half_text[sentence] + half_diagram,OK,B,is_a,point
3,14,noisy_half_text[sentence] + half_diagram,OK,C,is_a,point
3,14,noisy_half_text[sentence] + half_diagram,OK,D,is_a,point
3,14,noisy_half_text[sentence] + half_diagram,OK,BC,is_a,segment
3,14,noisy_half_text[sentence] + half_diagram,OK,BA,is_a,segment
3,14,noisy_half_text[sentence] + half_diagram,OK,BD,is_a,segment
3,14,noisy_half_text[sentence] + half_diagram,OK,CD,is_a,segment
3,14,noisy_half_text[sentence] + half_diagram,OK,∠BCD,is_a,angle
3,14,noisy_half_text[sentence] + half_diagram,OK,∠BCD,has_measure,70_deg
3,14,noisy_half_text[sentence] + half_diagram,OK,BC,intersects,BA
3,14,noisy_half_text[sentence] + half_diagram,OK,BC,intersects,BD
3,14,noisy_half_text[sentence] + half_diagram,OK,BA,intersects,BD
3,14,noisy_half_text[sentence] + half_diagram,OK,BD,intersects,CD
3,14,noisy_half_text[sentence] + half_diagram,OK,BD,intersects,BA
3,14,noisy_half_text[sentence] + half_diagram,OK,BD,intersects,BC
3,14,noisy_half_text[sentence] + half_diagram,OK,CD,parallel_to,AB
3,14,noisy_half_text[sentence] + half_diagram,OK,∠CDB,is_a,angle
,,,,,,
4,14,noisy_half_text[sentence] + half_diagram,OK,A,is_a,point
4,14,noisy_half_text[sentence] + half_diagram,OK,B,is_a,point
4,14,noisy_half_text[sentence] + half_diagram,OK,C,is_a,point
4,14,noisy_half_text[sentence] + half_diagram,OK,O,is_a,point
4,14,noisy_half_text[sentence] + half_diagram,OK,AB,is_a,segment
4,14,noisy_half_text[sentence] + half_diagram,OK,AO,is_a,segment
4,14,noisy_half_text[sentence] + half_diagram,OK,BC,is_a,segment
4,14,noisy_half_text[sentence] + half_diagram,OK,∠AOB,is_a,angle
4,14,noisy_half_text[sentence] + half_diagram,OK,∠OCB,is_a,angle
4,14,noisy_half_text[sentence] + half_diagram,OK,AB,tangent_to,circle_O
4,14,noisy_half_text[sentence] + half_diagram,OK,B,lies_on,circle_O
4,14,noisy_half_text[sentence] + half_diagram,OK,C,lies_on,circle_O
4,14,noisy_half_text[sentence] + half_diagram,OK,AO,intersects,circle_O
4,14,noisy_half_text[sentence] + half_diagram,OK,AB,connects,"A, B"
4,14,noisy_half_text[sentence] + half_diagram,OK,AO,connects,"A, O"
4,14,noisy_half_text[sentence] + half_diagram,OK,BC,connects,"B, C"
4,14,noisy_half_text[sentence] + half_diagram,OK,∠AOB,has_measure,36_deg
4,14,noisy_half_text[sentence] + half_diagram,OK,∠OCB,is_a,query_target
,,,,,,
7,14,noisy_half_text[sentence] + half_diagram,OK,A,is_a,point
7,14,noisy_half_text[sentence] + half_diagram,OK,B,is_a,point
7,14,noisy_half_text[sentence] + half_diagram,OK,C,is_a,point
7,14,noisy_half_text[sentence] + half_diagram,OK,D,is_a,point
7,14,noisy_half_text[sentence] + half_diagram,OK,E,is_a,point
7,14,noisy_half_text[sentence] + half_diagram,OK,ABC,is_a,triangle
7,14,noisy_half_text[sentence] + half_diagram,OK,ADE,is_a,triangle
7,14,noisy_half_text[sentence] + half_diagram,OK,ABC,congruent_to,ADE
7,14,noisy_half_text[sentence] + half_diagram,OK,A,common_vertex_of,ABC
7,14,noisy_half_text[sentence] + half_diagram,OK,A,common_vertex_of,ADE
7,14,noisy_half_text[sentence] + half_diagram,OK,∠B,has_measure,70_deg
7,14,noisy_half_text[sentence] + half_diagram,OK,∠C,has_measure,30_deg
7,14,noisy_half_text[sentence] + half_diagram,OK,∠DAC,has_measure,?
7,14,noisy_half_text[sentence] + half_diagram,OK,∠EAC,has_measure,?
7,14,noisy_half_text[sentence] + half_diagram,OK,∠BDC,has_measure,35_deg
7,14,noisy_half_text[sentence] + half_diagram,OK,∠DCA,has_measure,30_deg
,,,,,,
8,14,noisy_half_text[sentence] + half_diagram,OK,A,is_a,point
8,14,noisy_half_text[sentence] + half_diagram,OK,B,is_a,point
8,14,noisy_half_text[sentence] + half_diagram,OK,C,is_a,point
8,14,noisy_half_text[sentence] + half_diagram,OK,D,is_a,point
8,14,noisy_half_text[sentence] + half_diagram,OK,E,is_a,point
8,14,noisy_half_text[sentence] + half_diagram,OK,F,is_a,point
8,14,noisy_half_text[sentence] + half_diagram,OK,ABC,is_a,triangle
8,14,noisy_half_text[sentence] + half_diagram,OK,DEF,is_a,triangle
8,14,noisy_half_text[sentence] + half_diagram,OK,ABC,is_a,"congruent_to, DEF"
8,14,noisy_half_text[sentence] + half_diagram,OK,A,is_a,"corresponding_vertex, D"
8,14,noisy_half_text[sentence] + half_diagram,OK,B,is_a,"corresponding_vertex, E"
8,14,noisy_half_text[sentence] + half_diagram,OK,BF,is_a,segment
8,14,noisy_half_text[sentence] + half_diagram,OK,BF,has_measure,7.0
8,14,noisy_half_text[sentence] + half_diagram,OK,EF,is_a,segment
8,14,noisy_half_text[sentence] + half_diagram,OK,EF,has_measure,5.0
8,14,noisy_half_text[sentence] + half_diagram,OK,EC,is_a,segment
8,14,noisy_half_text[sentence] + half_diagram,OK,EC,has_measure,?
,,,,,,
9,14,noisy_half_text[sentence] + half_diagram,OK,A,is_a,point
9,14,noisy_half_text[sentence] + half_diagram,OK,B,is_a,point
9,14,noisy_half_text[sentence] + half_diagram,OK,C,is_a,point
9,14,noisy_half_text[sentence] + half_diagram,OK,D,is_a,point
9,14,noisy_half_text[sentence] + half_diagram,OK,E,is_a,point
9,14,noisy_half_text[sentence] + half_diagram,OK,AB,is_a,segment
9,14,noisy_half_text[sentence] + half_diagram,OK,AC,is_a,segment
9,14,noisy_half_text[sentence] + half_diagram,OK,AD,is_a,segment
9,14,noisy_half_text[sentence] + half_diagram,OK,BC,is_a,segment
9,14,noisy_half_text[sentence] + half_diagram,OK,DE,is_a,segment
9,14,noisy_half_text[sentence] + half_diagram,OK,ABC,is_a,triangle
9,14,noisy_half_text[sentence] + half_diagram,OK,∠C,is_a,angle
9,14,noisy_half_text[sentence] + half_diagram,OK,∠CAB,is_a,angle
9,14,noisy_half_text[sentence] + half_diagram,OK,∠C,has_measure,90_deg
9,14,noisy_half_text[sentence] + half_diagram,OK,AC,has_measure,?
9,14,noisy_half_text[sentence] + half_diagram,OK,BC,has_measure,?
9,14,noisy_half_text[sentence] + half_diagram,OK,AB,has_measure,6_units
9,14,noisy_half_text[sentence] + half_diagram,OK,AD,intersects,BC
9,14,noisy_half_text[sentence] + half_diagram,OK,AD,bisects,∠CAB
9,14,noisy_half_text[sentence] + half_diagram,OK,DE,perpendicular_to,AB
9,14,noisy_half_text[sentence] + half_diagram,OK,DE,intersects,AB
9,14,noisy_half_text[sentence] + half_diagram,OK,ADBE,is_a,quadrilateral
9,14,noisy_half_text[sentence] + half_diagram,OK,perimeter_of,ADBE,?
,,,,,,
10,14,noisy_half_text[sentence] + half_diagram,OK,A,is_a,point
10,14,noisy_half_text[sentence] + half_diagram,OK,B,is_a,point
10,14,noisy_half_text[sentence] + half_diagram,OK,C,is_a,point
10,14,noisy_half_text[sentence] + half_diagram,OK,D,is_a,point
10,14,noisy_half_text[sentence] + half_diagram,OK,AB,is_a,segment
10,14,noisy_half_text[sentence] + half_diagram,OK,AC,is_a,segment
10,14,noisy_half_text[sentence] + half_diagram,OK,BC,is_a,segment
10,14,noisy_half_text[sentence] + half_diagram,OK,ABC,is_a,triangle
10,14,noisy_half_text[sentence] + half_diagram,OK,AB,has_measure,?
10,14,noisy_half_text[sentence] + half_diagram,OK,AC,has_measure,?
10,14,noisy_half_text[sentence] + half_diagram,OK,BC,has_measure,?
10,14,noisy_half_text[sentence] + half_diagram,OK,∠BAC,is_a,angle
10,14,noisy_half_text[sentence] + half_diagram,OK,∠BAC,has_measure,36_deg
10,14,noisy_half_text[sentence] + half_diagram,OK,AB,equals,AC
10,14,noisy_half_text[sentence] + half_diagram,OK,D,lies_on,AC
10,14,noisy_half_text[sentence] + half_diagram,OK,E,is_a,point
10,14,noisy_half_text[sentence] + half_diagram,OK,E,lies_on,AB
10,14,noisy_half_text[sentence] + half_diagram,OK,perpendicular_bisector,is_a,line
10,14,noisy_half_text[sentence] + half_diagram,OK,perpendicular_bisector,intersects,AC
10,14,noisy_half_text[sentence] + half_diagram,OK,perpendicular_bisector,intersects,AB
10,14,noisy_half_text[sentence] + half_diagram,OK,perpendicular_bisector,connects,D
10,14,noisy_half_text[sentence] + half_diagram,OK,perpendicular_bisector,connects,E
10,14,noisy_half_text[sentence] + half_diagram,OK,∠BDC,is_a,angle
10,14,noisy_half_text[sentence] + half_diagram,OK,∠BDC,has_measure,?
,,,,,,
11,14,noisy_half_text[sentence] + half_diagram,OK,A,is_a,point
11,14,noisy_half_text[sentence] + half_diagram,OK,B,is_a,point
11,14,noisy_half_text[sentence] + half_diagram,OK,C,is_a,point
11,14,noisy_half_text[sentence] + half_diagram,OK,D,is_a,point
11,14,noisy_half_text[sentence] + half_diagram,OK,E,is_a,point
11,14,noisy_half_text[sentence] + half_diagram,OK,F,is_a,point
11,14,noisy_half_text[sentence] + half_diagram,OK,ABC,is_a,triangle
11,14,noisy_half_text[sentence] + half_diagram,OK,AED,is_a,triangle
11,14,noisy_half_text[sentence] + half_diagram,OK,∠C,is_a,angle
11,14,noisy_half_text[sentence] + half_diagram,OK,∠C,has_measure,36_deg
11,14,noisy_half_text[sentence] + half_diagram,OK,∠BAE,is_a,angle
11,14,noisy_half_text[sentence] + half_diagram,OK,∠BAE,has_measure,60_deg
11,14,noisy_half_text[sentence] + half_diagram,OK,ABC,rotated_about,A
11,14,noisy_half_text[sentence] + half_diagram,OK,ABC,mapped_to,AED
11,14,noisy_half_text[sentence] + half_diagram,OK,AD,intersects,BC
11,14,noisy_half_text[sentence] + half_diagram,OK,AD,intersects,"BC, at, F"
11,14,noisy_half_text[sentence] + half_diagram,OK,?,is_a,query
11,14,noisy_half_text[sentence] + half_diagram,OK,?,has_measure,?
11,14,noisy_half_text[sentence] + half_diagram,OK,?,is_a,angle
11,14,noisy_half_text[sentence] + half_diagram,OK,?,is_a,angle_AFC
,,,,,,
14,14,noisy_half_text[sentence] + half_diagram,OK,O,is_a,circle
14,14,noisy_half_text[sentence] + half_diagram,OK,A,is_a,point
14,14,noisy_half_text[sentence] + half_diagram,OK,B,is_a,point
14,14,noisy_half_text[sentence] + half_diagram,OK,C,is_a,point
14,14,noisy_half_text[sentence] + half_diagram,OK,O,is_a,center
14,14,noisy_half_text[sentence] + half_diagram,OK,ABC,is_a,triangle
14,14,noisy_half_text[sentence] + half_diagram,OK,O,center_of,circle
14,14,noisy_half_text[sentence] + half_diagram,OK,A,lies_on,circle
14,14,noisy_half_text[sentence] + half_diagram,OK,B,lies_on,circle
14,14,noisy_half_text[sentence] + half_diagram,OK,C,lies_on,circle
14,14,noisy_half_text[sentence] + half_diagram,OK,A,connects,B
14,14,noisy_half_text[sentence] + half_diagram,OK,B,connects,C
14,14,noisy_half_text[sentence] + half_diagram,OK,C,connects,A
14,14,noisy_half_text[sentence] + half_diagram,OK,∠CAB,is_a,angle
14,14,noisy_half_text[sentence] + half_diagram,OK,∠CAB,has_measure,35_deg
14,14,noisy_half_text[sentence] + half_diagram,OK,?,is_a,query
14,14,noisy_half_text[sentence] + half_diagram,OK,?,is_a,degree
14,14,noisy_half_text[sentence] + half_diagram,OK,?,is_a,angle
14,14,noisy_half_text[sentence] + half_diagram,OK,?,is_a,ACB
,,,,,,
16,14,noisy_half_text[sentence] + half_diagram,OK,O,is_a,point
16,14,noisy_half_text[sentence] + half_diagram,OK,O,center_of,circle
16,14,noisy_half_text[sentence] + half_diagram,OK,OB,is_a,radius
16,14,noisy_half_text[sentence] + half_diagram,OK,AC,is_a,chord
16,14,noisy_half_text[sentence] + half_diagram,OK,AC,parallel_to,OB
16,14,noisy_half_text[sentence] + half_diagram,OK,BOC,is_a,angle
16,14,noisy_half_text[sentence] + half_diagram,OK,BOC,has_measure,50_deg
16,14,noisy_half_text[sentence] + half_diagram,OK,OAB,is_a,angle
16,14,noisy_half_text[sentence] + half_diagram,OK,OAB,is_a,query_target
,,,,,,
17,14,noisy_half_text[sentence] + half_diagram,OK,A,is_a,point
17,14,noisy_half_text[sentence] + half_diagram,OK,B,is_a,point
17,14,noisy_half_text[sentence] + half_diagram,OK,C,is_a,point
17,14,noisy_half_text[sentence] + half_diagram,OK,D,is_a,point
17,14,noisy_half_text[sentence] + half_diagram,OK,O,is_a,point
17,14,noisy_half_text[sentence] + half_diagram,OK,AC,is_a,segment
17,14,noisy_half_text[sentence] + half_diagram,OK,BD,is_a,segment
17,14,noisy_half_text[sentence] + half_diagram,OK,ABCD,is_a,parallelogram
17,14,noisy_half_text[sentence] + half_diagram,OK,AC,intersects,BD
17,14,noisy_half_text[sentence] + half_diagram,OK,AC,intersects,O
17,14,noisy_half_text[sentence] + half_diagram,OK,BD,intersects,O
17,14,noisy_half_text[sentence] + half_diagram,OK,∠DAC,is_a,angle
17,14,noisy_half_text[sentence] + half_diagram,OK,∠DAC,has_measure,42_deg
17,14,noisy_half_text[sentence] + half_diagram,OK,∠CBD,is_a,angle
17,14,noisy_half_text[sentence] + half_diagram,OK,∠CBD,has_measure,23_deg
17,14,noisy_half_text[sentence] + half_diagram,OK,∠COD,is_a,angle
17,14,noisy_half_text[sentence] + half_diagram,OK,A,connects,B
17,14,noisy_half_text[sentence] + half_diagram,OK,B,connects,C
17,14,noisy_half_text[sentence] + half_diagram,OK,C,connects,D
17,14,noisy_half_text[sentence] + half_diagram,OK,D,connects,A
17,14,noisy_half_text[sentence] + half_diagram,OK,AC,connects,A
17,14,noisy_half_text[sentence] + half_diagram,OK,AC,connects,C
17,14,noisy_half_text[sentence] + half_diagram,OK,BD,connects,B
17,14,noisy_half_text[sentence] + half_diagram,OK,BD,connects,D
17,14,noisy_half_text[sentence] + half_diagram,OK,O,center_of,ABCD
,,,,,,
20,14,noisy_half_text[sentence] + half_diagram,OK,O,is_a,circle
20,14,noisy_half_text[sentence] + half_diagram,OK,AB,is_a,"diameter_of, O"
20,14,noisy_half_text[sentence] + half_diagram,OK,C,is_a,point
20,14,noisy_half_text[sentence] + half_diagram,OK,D,is_a,point
20,14,noisy_half_text[sentence] + half_diagram,OK,C,lies_on,O
20,14,noisy_half_text[sentence] + half_diagram,OK,D,lies_on,O
20,14,noisy_half_text[sentence] + half_diagram,OK,AC,is_a,segment
20,14,noisy_half_text[sentence] + half_diagram,OK,BC,is_a,segment
20,14,noisy_half_text[sentence] + half_diagram,OK,CD,is_a,segment
20,14,noisy_half_text[sentence] + half_diagram,OK,OD,is_a,segment
20,14,noisy_half_text[sentence] + half_diagram,OK,∠DOB,has_measure,?
20,14,noisy_half_text[sentence] + half_diagram,OK,∠ACD,is_a,angle
20,14,noisy_half_text[sentence] + half_diagram,OK,AB,connects,"A, B"
20,14,noisy_half_text[sentence] + half_diagram,OK,AC,connects,"A, C"
20,14,noisy_half_text[sentence] + half_diagram,OK,BC,connects,"B, C"
20,14,noisy_half_text[sentence] + half_diagram,OK,CD,connects,"C, D"
20,14,noisy_half_text[sentence] + half_diagram,OK,OD,connects,"O, D"
20,14,noisy_half_text[sentence] + half_diagram,OK,∠DOB,is_a,angle
20,14,noisy_half_text[sentence] + half_diagram,OK,O,center_of,O
20,14,noisy_half_text[sentence] + half_diagram,OK,AB,diameter_of,O
20,14,noisy_half_text[sentence] + half_diagram,OK,∠ACD,has_measure,?
,,,,,,
22,14,noisy_half_text[sentence] + half_diagram,OK,A,is_a,point
22,14,noisy_half_text[sentence] + half_diagram,OK,AM,is_a,segment
22,14,noisy_half_text[sentence] + half_diagram,OK,CN,is_a,segment
22,14,noisy_half_text[sentence] + half_diagram,OK,AM,has_measure,?
22,14,noisy_half_text[sentence] + half_diagram,OK,CN,has_measure,?
22,14,noisy_half_text[sentence] + half_diagram,OK,M,is_a,point
22,14,noisy_half_text[sentence] + half_diagram,OK,N,is_a,point
22,14,noisy_half_text[sentence] + half_diagram,OK,AB,is_a,segment
22,14,noisy_half_text[sentence] + half_diagram,OK,CD,is_a,segment
22,14,noisy_half_text[sentence] + half_diagram,OK,M,lies_on,AB
22,14,noisy_half_text[sentence] + half_diagram,OK,N,lies_on,CD
22,14,noisy_half_text[sentence] + half_diagram,OK,AM,has_measure,CN
22,14,noisy_half_text[sentence] + half_diagram,OK,MN,is_a,segment
22,14,noisy_half_text[sentence] + half_diagram,OK,AC,is_a,segment
22,14,noisy_half_text[sentence] + half_diagram,OK,MN,intersects,AC
22,14,noisy_half_text[sentence] + half_diagram,OK,O,is_a,point
22,14,noisy_half_text[sentence] + half_diagram,OK,MN,intersects,"AC, at, O"
22,14,noisy_half_text[sentence] + half_diagram,OK,BO,is_a,segment
22,14,noisy_half_text[sentence] + half_diagram,OK,∠DAC,is_a,angle
22,14,noisy_half_text[sentence] + half_diagram,OK,∠DAC,has_measure,?
22,14,noisy_half_text[sentence] + half_diagram,OK,∠OBC,is_a,angle
22,14,noisy_half_text[sentence] + half_diagram,OK,∠OBC,has_measure,?
,,,,,,
25,14,noisy_half_text[sentence] + half_diagram,OK,A,is_a,point
25,14,noisy_half_text[sentence] + half_diagram,OK,B,is_a,point
25,14,noisy_half_text[sentence] + half_diagram,OK,C,is_a,point
25,14,noisy_half_text[sentence] + half_diagram,OK,E,is_a,point
25,14,noisy_half_text[sentence] + half_diagram,OK,F,is_a,point
25,14,noisy_half_text[sentence] + half_diagram,OK,AB,is_a,segment
25,14,noisy_half_text[sentence] + half_diagram,OK,AC,is_a,segment
25,14,noisy_half_text[sentence] + half_diagram,OK,BC,is_a,segment
25,14,noisy_half_text[sentence] + half_diagram,OK,EF,is_a,segment
25,14,noisy_half_text[sentence] + half_diagram,OK,∠B,is_a,angle
25,14,noisy_half_text[sentence] + half_diagram,OK,∠C,is_a,angle
25,14,noisy_half_text[sentence] + half_diagram,OK,∠BAF,is_a,angle
25,14,noisy_half_text[sentence] + half_diagram,OK,EF,parallel_to,BC
25,14,noisy_half_text[sentence] + half_diagram,OK,AC,bisects,∠BAF
25,14,noisy_half_text[sentence] + half_diagram,OK,∠B,has_measure,50_deg
25,14,noisy_half_text[sentence] + half_diagram,OK,?,is_a,query_target
,,,,,,
26,14,noisy_half_text[sentence] + half_diagram,OK,A,is_a,point
26,14,noisy_half_text[sentence] + half_diagram,OK,B,is_a,point
26,14,noisy_half_text[sentence] + half_diagram,OK,AB,is_a,segment
26,14,noisy_half_text[sentence] + half_diagram,OK,AB,has_measure,22_units
26,14,noisy_half_text[sentence] + half_diagram,OK,C,is_a,point
26,14,noisy_half_text[sentence] + half_diagram,OK,AC,is_a,segment
26,14,noisy_half_text[sentence] + half_diagram,OK,AC,has_measure,8_units
26,14,noisy_half_text[sentence] + half_diagram,OK,∠ACB,is_a,angle
26,14,noisy_half_text[sentence] + half_diagram,OK,∠ACB,has_measure,3_2_deg
26,14,noisy_half_text[sentence] + half_diagram,OK,height,is_a,query_target
,,,,,,
29,14,noisy_half_text[sentence] + half_diagram,OK,A,is_a,point
29,14,noisy_half_text[sentence] + half_diagram,OK,B,is_a,point
29,14,noisy_half_text[sentence] + half_diagram,OK,C,is_a,point
29,14,noisy_half_text[sentence] + half_diagram,OK,D,is_a,point
29,14,noisy_half_text[sentence] + half_diagram,OK,ABC,is_a,triangle
29,14,noisy_half_text[sentence] + half_diagram,OK,BD,is_a,segment
29,14,noisy_half_text[sentence] + half_diagram,OK,CD,is_a,segment
29,14,noisy_half_text[sentence] + half_diagram,OK,D,is_a,intersection_point
29,14,noisy_half_text[sentence] + half_diagram,OK,BD,is_a,angle_bisector
29,14,noisy_half_text[sentence] + half_diagram,OK,CD,is_a,angle_bisector
29,14,noisy_half_text[sentence] + half_diagram,OK,∠BAC,is_a,angle
29,14,noisy_half_text[sentence] + half_diagram,OK,∠BAC,has_measure,50_deg
29,14,noisy_half_text[sentence] + half_diagram,OK,∠BDC,is_a,angle
29,14,noisy_half_text[sentence] + half_diagram,OK,∠BDC,has_measure,?
29,14,noisy_half_text[sentence] + half_diagram,OK,phone,is_a,object
29,14,noisy_half_text[sentence] + half_diagram,OK,table,is_a,object
29,14,noisy_half_text[sentence] + half_diagram,OK,clock,is_a,object
29,14,noisy_half_text[sentence] + half_diagram,OK,phone,vibrated_on,table
29,14,noisy_half_text[sentence] + half_diagram,OK,phone,vibrated,once
29,14,noisy_half_text[sentence] + half_diagram,OK,phone,vibrated_at,?
29,14,noisy_half_text[sentence] + half_diagram,OK,clock,has_measure,?
,,,,,,
30,14,noisy_half_text[sentence] + half_diagram,OK,A,is_a,point
30,14,noisy_half_text[sentence] + half_diagram,OK,B,is_a,point
30,14,noisy_half_text[sentence] + half_diagram,OK,C,is_a,point
30,14,noisy_half_text[sentence] + half_diagram,OK,O,is_a,point
30,14,noisy_half_text[sentence] + half_diagram,OK,OA,is_a,segment
30,14,noisy_half_text[sentence] + half_diagram,OK,OB,is_a,segment
30,14,noisy_half_text[sentence] + half_diagram,OK,OC,is_a,segment
30,14,noisy_half_text[sentence] + half_diagram,OK,OA,has_measure,?
30,14,noisy_half_text[sentence] + half_diagram,OK,OB,has_measure,?
30,14,noisy_half_text[sentence] + half_diagram,OK,OC,has_measure,?
30,14,noisy_half_text[sentence] + half_diagram,OK,∠ACB,is_a,angle
30,14,noisy_half_text[sentence] + half_diagram,OK,∠ACB,has_measure,30_deg
30,14,noisy_half_text[sentence] + half_diagram,OK,∠AOB,is_a,angle
30,14,noisy_half_text[sentence] + half_diagram,OK,O,center_of,?
30,14,noisy_half_text[sentence] + half_diagram,OK,OA,has_measure,OB
30,14,noisy_half_text[sentence] + half_diagram,OK,OA,has_measure,OC
30,14,noisy_half_text[sentence] + half_diagram,OK,OB,has_measure,OC
30,14,noisy_half_text[sentence] + half_diagram,OK,∠AOB,is_a,query_target
,,,,,,
32,14,noisy_half_text[sentence] + half_diagram,OK,A,is_a,point
32,14,noisy_half_text[sentence] + half_diagram,OK,B,is_a,point
32,14,noisy_half_text[sentence] + half_diagram,OK,C,is_a,point
32,14,noisy_half_text[sentence] + half_diagram,OK,I,is_a,circle
32,14,noisy_half_text[sentence] + half_diagram,OK,ABC,is_a,triangle
32,14,noisy_half_text[sentence] + half_diagram,OK,D,is_a,point
32,14,noisy_half_text[sentence] + half_diagram,OK,E,is_a,point
32,14,noisy_half_text[sentence] + half_diagram,OK,F,is_a,point
32,14,noisy_half_text[sentence] + half_diagram,OK,I,is_a,inscribed_circle
32,14,noisy_half_text[sentence] + half_diagram,OK,D,is_a,tangent_point
32,14,noisy_half_text[sentence] + half_diagram,OK,E,is_a,tangent_point
32,14,noisy_half_text[sentence] + half_diagram,OK,F,is_a,tangent_point
32,14,noisy_half_text[sentence] + half_diagram,OK,∠EIF,is_a,angle
32,14,noisy_half_text[sentence] + half_diagram,OK,∠EIF,has_measure,52_deg
32,14,noisy_half_text[sentence] + half_diagram,OK,What,is_a,query_target
32,14,noisy_half_text[sentence] + half_diagram,OK,What,is_a,angle
32,14,noisy_half_text[sentence] + half_diagram,OK,A,is_a,vertex
32,14,noisy_half_text[sentence] + half_diagram,OK,What,degree_of,angle_A
,,,,,,
34,14,noisy_half_text[sentence] + half_diagram,OK,A,is_a,point
34,14,noisy_half_text[sentence] + half_diagram,OK,B,is_a,point
34,14,noisy_half_text[sentence] + half_diagram,OK,AB,is_a,segment
34,14,noisy_half_text[sentence] + half_diagram,OK,C,is_a,point
34,14,noisy_half_text[sentence] + half_diagram,OK,D,is_a,point
34,14,noisy_half_text[sentence] + half_diagram,OK,CD,is_a,segment
34,14,noisy_half_text[sentence] + half_diagram,OK,E,is_a,point
34,14,noisy_half_text[sentence] + half_diagram,OK,F,is_a,point
34,14,noisy_half_text[sentence] + half_diagram,OK,EF,is_a,segment
34,14,noisy_half_text[sentence] + half_diagram,OK,AB,parallel_to,CD
34,14,noisy_half_text[sentence] + half_diagram,OK,EF,intersects,AB
34,14,noisy_half_text[sentence] + half_diagram,OK,EF,intersects,CD
34,14,noisy_half_text[sentence] + half_diagram,OK,P,is_a,point
34,14,noisy_half_text[sentence] + half_diagram,OK,Q,is_a,point
34,14,noisy_half_text[sentence] + half_diagram,OK,P,is_a,intersection
34,14,noisy_half_text[sentence] + half_diagram,OK,Q,is_a,intersection
34,14,noisy_half_text[sentence] + half_diagram,OK,EF,connects,P
34,14,noisy_half_text[sentence] + half_diagram,OK,AB,connects,P
34,14,noisy_half_text[sentence] + half_diagram,OK,EF,connects,Q
34,14,noisy_half_text[sentence] + half_diagram,OK,CD,connects,Q
34,14,noisy_half_text[sentence] + half_diagram,OK,∠BPE,is_a,angle
34,14,noisy_half_text[sentence] + half_diagram,OK,∠BPE,has_measure,100_deg
34,14,noisy_half_text[sentence] + half_diagram,OK,∠CQF,is_a,angle
34,14,noisy_half_text[sentence] + half_diagram,OK,∠CQF,has_measure,?
,,,,,,
36,14,noisy_half_text[sentence] + half_diagram,OK,A,is_a,point
36,14,noisy_half_text[sentence] + half_diagram,OK,B,is_a,point
36,14,noisy_half_text[sentence] + half_diagram,OK,C,is_a,point
36,14,noisy_half_text[sentence] + half_diagram,OK,D,is_a,point
36,14,noisy_half_text[sentence] + half_diagram,OK,O,is_a,point
36,14,noisy_half_text[sentence] + half_diagram,OK,AB,is_a,segment
36,14,noisy_half_text[sentence] + half_diagram,OK,CD,is_a,segment
36,14,noisy_half_text[sentence] + half_diagram,OK,∠BCD,is_a,angle
36,14,noisy_half_text[sentence] + half_diagram,OK,∠CAB,is_a,angle
36,14,noisy_half_text[sentence] + half_diagram,OK,O,center_of,Circle O
36,14,noisy_half_text[sentence] + half_diagram,OK,AB,diameter_of,Circle O
36,14,noisy_half_text[sentence] + half_diagram,OK,C,lies_on,Circle O
36,14,noisy_half_text[sentence] + half_diagram,OK,D,lies_on,Circle O
36,14,noisy_half_text[sentence] + half_diagram,OK,CD,tangent_to,Circle O
36,14,noisy_half_text[sentence] + half_diagram,OK,CD,tangent_to,C
36,14,noisy_half_text[sentence] + half_diagram,OK,∠BCD,has_measure,50_deg
36,14,noisy_half_text[sentence] + half_diagram,OK,∠CAB,is_a,query_target
,,,,,,
37,14,noisy_half_text[sentence] + half_diagram,OK,A,is_a,point
37,14,noisy_half_text[sentence] + half_diagram,OK,B,is_a,point
37,14,noisy_half_text[sentence] + half_diagram,OK,C,is_a,point
37,14,noisy_half_text[sentence] + half_diagram,OK,D,is_a,point
37,14,noisy_half_text[sentence] + half_diagram,OK,P,is_a,point
37,14,noisy_half_text[sentence] + half_diagram,OK,O,is_a,point
37,14,noisy_half_text[sentence] + half_diagram,OK,AB,is_a,segment
37,14,noisy_half_text[sentence] + half_diagram,OK,CD,is_a,segment
37,14,noisy_half_text[sentence] + half_diagram,OK,CP,is_a,segment
37,14,noisy_half_text[sentence] + half_diagram,OK,∠COP,is_a,angle
37,14,noisy_half_text[sentence] + half_diagram,OK,AB,parallel_to,CD
37,14,noisy_half_text[sentence] + half_diagram,OK,CP,intersects,AB
37,14,noisy_half_text[sentence] + half_diagram,OK,CP,intersects,CD
37,14,noisy_half_text[sentence] + half_diagram,OK,O,lies_on,AB
37,14,noisy_half_text[sentence] + half_diagram,OK,O,lies_on,CP
37,14,noisy_half_text[sentence] + half_diagram,OK,AO,has_measure,?
37,14,noisy_half_text[sentence] + half_diagram,OK,PO,has_measure,?
37,14,noisy_half_text[sentence] + half_diagram,OK,∠COP,has_measure,50_deg
37,14,noisy_half_text[sentence] + half_diagram,OK,AO,has_measure,PO
,,,,,,
38,14,noisy_half_text[sentence] + half_diagram,OK,A,is_a,point
38,14,noisy_half_text[sentence] + half_diagram,OK,B,is_a,point
38,14,noisy_half_text[sentence] + half_diagram,OK,C,is_a,point
38,14,noisy_half_text[sentence] + half_diagram,OK,D,is_a,point
38,14,noisy_half_text[sentence] + half_diagram,OK,AB,is_a,segment
38,14,noisy_half_text[sentence] + half_diagram,OK,AC,is_a,segment
38,14,noisy_half_text[sentence] + half_diagram,OK,AD,is_a,segment
38,14,noisy_half_text[sentence] + half_diagram,OK,BC,is_a,segment
38,14,noisy_half_text[sentence] + half_diagram,OK,∠BAD,is_a,angle
38,14,noisy_half_text[sentence] + half_diagram,OK,∠BAC,is_a,angle
38,14,noisy_half_text[sentence] + half_diagram,OK,∠BAD,has_measure,70_deg
38,14,noisy_half_text[sentence] + half_diagram,OK,AD,parallel_to,BC
38,14,noisy_half_text[sentence] + half_diagram,OK,Triangle ABC,is_a,triangle
38,14,noisy_half_text[sentence] + half_diagram,OK,AB,connects,"A, B"
38,14,noisy_half_text[sentence] + half_diagram,OK,AC,connects,"A, C"
38,14,noisy_half_text[sentence] + half_diagram,OK,AD,connects,"A, D"
38,14,noisy_half_text[sentence] + half_diagram,OK,BC,connects,"B, C"
38,14,noisy_half_text[sentence] + half_diagram,OK,Triangle ABC,has_measure,AB = AC
38,14,noisy_half_text[sentence] + half_diagram,OK,∠BAD,connects,"A, D"
38,14,noisy_half_text[sentence] + half_diagram,OK,∠BAC,connects,"A, B, C"
,,,,,,
40,14,noisy_half_text[sentence] + half_diagram,OK,a,is_a,line
40,14,noisy_half_text[sentence] + half_diagram,OK,b,is_a,line
40,14,noisy_half_text[sentence] + half_diagram,OK,c,is_a,line
40,14,noisy_half_text[sentence] + half_diagram,OK,a,parallel_to,b
40,14,noisy_half_text[sentence] + half_diagram,OK,P,is_a,point
40,14,noisy_half_text[sentence] + half_diagram,OK,Q,is_a,point
40,14,noisy_half_text[sentence] + half_diagram,OK,c,intersects,P
40,14,noisy_half_text[sentence] + half_diagram,OK,c,intersects,Q
40,14,noisy_half_text[sentence] + half_diagram,OK,∠1,is_a,angle
40,14,noisy_half_text[sentence] + half_diagram,OK,∠1,has_measure,50_deg
40,14,noisy_half_text[sentence] + half_diagram,OK,∠2,is_a,angle
40,14,noisy_half_text[sentence] + half_diagram,OK,∠2,has_measure,?
,,,,,,
43,14,noisy_half_text[sentence] + half_diagram,OK,A,is_a,point
43,14,noisy_half_text[sentence] + half_diagram,OK,B,is_a,point
43,14,noisy_half_text[sentence] + half_diagram,OK,C,is_a,point
43,14,noisy_half_text[sentence] + half_diagram,OK,O,is_a,point
43,14,noisy_half_text[sentence] + half_diagram,OK,D,is_a,point
43,14,noisy_half_text[sentence] + half_diagram,OK,AB,is_a,segment
43,14,noisy_half_text[sentence] + half_diagram,OK,AC,is_a,segment
43,14,noisy_half_text[sentence] + half_diagram,OK,BC,is_a,segment
43,14,noisy_half_text[sentence] + half_diagram,OK,OD,is_a,segment
43,14,noisy_half_text[sentence] + half_diagram,OK,OA,is_a,segment
43,14,noisy_half_text[sentence] + half_diagram,OK,OB,is_a,segment
43,14,noisy_half_text[sentence] + half_diagram,OK,OC,is_a,segment
43,14,noisy_half_text[sentence] + half_diagram,OK,OAB,is_a,triangle
43,14,noisy_half_text[sentence] + half_diagram,OK,ODC,is_a,triangle
43,14,noisy_half_text[sentence] + half_diagram,OK,∠AOB,is_a,angle
43,14,noisy_half_text[sentence] + half_diagram,OK,∠AOD,is_a,angle
43,14,noisy_half_text[sentence] + half_diagram,OK,∠COD,is_a,angle
43,14,noisy_half_text[sentence] + half_diagram,OK,∠DOB,is_a,angle
43,14,noisy_half_text[sentence] + half_diagram,OK,D,lies_on,AB
43,14,noisy_half_text[sentence] + half_diagram,OK,OAB,rotated_about,O
43,14,noisy_half_text[sentence] + half_diagram,OK,OAB,mapped_to,ODC
43,14,noisy_half_text[sentence] + half_diagram,OK,∠AOD,has_measure,30_deg
43,14,noisy_half_text[sentence] + half_diagram,OK,∠COD,has_measure,100_deg
,,,,,,
44,14,noisy_half_text[sentence] + half_diagram,OK,A,is_a,point
44,14,noisy_half_text[sentence] + half_diagram,OK,B,is_a,point
44,14,noisy_half_text[sentence] + half_diagram,OK,A,is_a,street_lamp
44,14,noisy_half_text[sentence] + half_diagram,OK,B,is_a,street_lamp
44,14,noisy_half_text[sentence] + half_diagram,OK,A,has_measure,25_units
44,14,noisy_half_text[sentence] + half_diagram,OK,B,has_measure,30_units
44,14,noisy_half_text[sentence] + half_diagram,OK,A,has_measure,1.5_units
44,14,noisy_half_text[sentence] + half_diagram,OK,A,connects,B
44,14,noisy_half_text[sentence] + half_diagram,OK,?height,is_a,street_lamp
,,,,,,
45,14,noisy_half_text[sentence] + half_diagram,OK,O,is_a,point
45,14,noisy_half_text[sentence] + half_diagram,OK,A,is_a,point
45,14,noisy_half_text[sentence] + half_diagram,OK,B,is_a,point
45,14,noisy_half_text[sentence] + half_diagram,OK,C,is_a,point
45,14,noisy_half_text[sentence] + half_diagram,OK,O,center_of,circle
45,14,noisy_half_text[sentence] + half_diagram,OK,A,lies_on,circle
45,14,noisy_half_text[sentence] + half_diagram,OK,B,lies_on,circle
45,14,noisy_half_text[sentence] + half_diagram,OK,C,lies_on,circle
45,14,noisy_half_text[sentence] + half_diagram,OK,A,connects,B
45,14,noisy_half_text[sentence] + half_diagram,OK,B,connects,C
45,14,noisy_half_text[sentence] + half_diagram,OK,C,connects,A
45,14,noisy_half_text[sentence] + half_diagram,OK,A,connects,O
45,14,noisy_half_text[sentence] + half_diagram,OK,B,connects,O
45,14,noisy_half_text[sentence] + half_diagram,OK,C,connects,O
45,14,noisy_half_text[sentence] + half_diagram,OK,∠ACB,is_a,angle
45,14,noisy_half_text[sentence] + half_diagram,OK,∠ACB,has_measure,35_deg
45,14,noisy_half_text[sentence] + half_diagram,OK,∠AOB,is_a,angle
45,14,noisy_half_text[sentence] + half_diagram,OK,∠AOB,has_measure,?
45,14,noisy_half_text[sentence] + half_diagram,OK,A,B,"C, form, triangle_ABC"
45,14,noisy_half_text[sentence] + half_diagram,OK,bicycle,was_leaning,wall
45,14,noisy_half_text[sentence] + half_diagram,OK,phone,vibrated,table
45,14,noisy_half_text[sentence] + half_diagram,OK,phone,vibrated,once
45,14,noisy_half_text[sentence] + half_diagram,OK,query_target,is_a,measure_of_angle_AOB
,,,,,,
46,14,noisy_half_text[sentence] + half_diagram,OK,A,is_a,point
46,14,noisy_half_text[sentence] + half_diagram,OK,B,is_a,point
46,14,noisy_half_text[sentence] + half_diagram,OK,C,is_a,point
46,14,noisy_half_text[sentence] + half_diagram,OK,D,is_a,point
46,14,noisy_half_text[sentence] + half_diagram,OK,O,is_a,point
46,14,noisy_half_text[sentence] + half_diagram,OK,AB,is_a,segment
46,14,noisy_half_text[sentence] + half_diagram,OK,CD,is_a,segment
46,14,noisy_half_text[sentence] + half_diagram,OK,AE,is_a,segment
46,14,noisy_half_text[sentence] + half_diagram,OK,∠EAB,is_a,angle
46,14,noisy_half_text[sentence] + half_diagram,OK,AB,parallel_to,CD
46,14,noisy_half_text[sentence] + half_diagram,OK,AE,intersects,AB
46,14,noisy_half_text[sentence] + half_diagram,OK,AE,intersects,CD
46,14,noisy_half_text[sentence] + half_diagram,OK,∠EAB,has_measure,70_deg
46,14,noisy_half_text[sentence] + half_diagram,OK,AE,connects,A
46,14,noisy_half_text[sentence] + half_diagram,OK,AE,connects,E
46,14,noisy_half_text[sentence] + half_diagram,OK,AB,connects,A
46,14,noisy_half_text[sentence] + half_diagram,OK,AB,connects,B
46,14,noisy_half_text[sentence] + half_diagram,OK,CD,connects,C
46,14,noisy_half_text[sentence] + half_diagram,OK,CD,connects,D
46,14,noisy_half_text[sentence] + half_diagram,OK,∠EOC,is_a,angle
,,,,,,
48,14,noisy_half_text[sentence] + half_diagram,OK,O,is_a,circle
48,14,noisy_half_text[sentence] + half_diagram,OK,A,is_a,point
48,14,noisy_half_text[sentence] + half_diagram,OK,B,is_a,point
48,14,noisy_half_text[sentence] + half_diagram,OK,C,is_a,point
48,14,noisy_half_text[sentence] + half_diagram,OK,O,center_of,circle
48,14,noisy_half_text[sentence] + half_diagram,OK,A,lies_on,circle
48,14,noisy_half_text[sentence] + half_diagram,OK,B,lies_on,circle
48,14,noisy_half_text[sentence] + half_diagram,OK,C,lies_on,circle
48,14,noisy_half_text[sentence] + half_diagram,OK,∠BOC,is_a,angle
48,14,noisy_half_text[sentence] + half_diagram,OK,∠BOC,has_measure,100_deg
48,14,noisy_half_text[sentence] + half_diagram,OK,A,lies_on,arc_BC
48,14,noisy_half_text[sentence] + half_diagram,OK,∠BAC,is_a,angle
48,14,noisy_half_text[sentence] + half_diagram,OK,∠BAC,has_measure,?
,,,,,,
49,14,noisy_half_text[sentence] + half_diagram,OK,A,is_a,point
49,14,noisy_half_text[sentence] + half_diagram,OK,B,is_a,point
49,14,noisy_half_text[sentence] + half_diagram,OK,C,is_a,point
49,14,noisy_half_text[sentence] + half_diagram,OK,D,is_a,point
49,14,noisy_half_text[sentence] + half_diagram,OK,E,is_a,point
49,14,noisy_half_text[sentence] + half_diagram,OK,O,is_a,point
49,14,noisy_half_text[sentence] + half_diagram,OK,ABCDE,is_a,pentagon
49,14,noisy_half_text[sentence] + half_diagram,OK,O,center_of,circle
49,14,noisy_half_text[sentence] + half_diagram,OK,ABCDE,lies_on,circle
49,14,noisy_half_text[sentence] + half_diagram,OK,∠AED,is_a,angle
49,14,noisy_half_text[sentence] + half_diagram,OK,∠AED,has_measure,115_deg
49,14,noisy_half_text[sentence] + half_diagram,OK,∠BAE,is_a,angle
49,14,noisy_half_text[sentence] + half_diagram,OK,∠BAE,has_measure,30_deg
49,14,noisy_half_text[sentence] + half_diagram,OK,∠ABC,is_a,angle
49,14,noisy_half_text[sentence] + half_diagram,OK,∠ABC,has_measure,?
49,14,noisy_half_text[sentence] + half_diagram,OK,A,connects,B
49,14,noisy_half_text[sentence] + half_diagram,OK,B,connects,C
49,14,noisy_half_text[sentence] + half_diagram,OK,C,connects,D
49,14,noisy_half_text[sentence] + half_diagram,OK,D,connects,E
49,14,noisy_half_text[sentence] + half_diagram,OK,E,connects,A
49,14,noisy_half_text[sentence] + half_diagram,OK,A,connects,O
49,14,noisy_half_text[sentence] + half_diagram,OK,B,connects,O
49,14,noisy_half_text[sentence] + half_diagram,OK,C,connects,O
49,14,noisy_half_text[sentence] + half_diagram,OK,D,connects,O
49,14,noisy_half_text[sentence] + half_diagram,OK,E,connects,O
,,,,,,
50,14,noisy_half_text[sentence] + half_diagram,OK,A,is_a,point
50,14,noisy_half_text[sentence] + half_diagram,OK,B,is_a,point
50,14,noisy_half_text[sentence] + half_diagram,OK,C,is_a,point
50,14,noisy_half_text[sentence] + half_diagram,OK,D,is_a,point
50,14,noisy_half_text[sentence] + half_diagram,OK,E,is_a,point
50,14,noisy_half_text[sentence] + half_diagram,OK,O,is_a,point
50,14,noisy_half_text[sentence] + half_diagram,OK,AB,is_a,line
50,14,noisy_half_text[sentence] + half_diagram,OK,CD,is_a,line
50,14,noisy_half_text[sentence] + half_diagram,OK,EO,is_a,line
50,14,noisy_half_text[sentence] + half_diagram,OK,AB,intersects,CD
50,14,noisy_half_text[sentence] + half_diagram,OK,AB,intersects,EO
50,14,noisy_half_text[sentence] + half_diagram,OK,CD,intersects,AB
50,14,noisy_half_text[sentence] + half_diagram,OK,EO,intersects,AB
50,14,noisy_half_text[sentence] + half_diagram,OK,O,is_a,intersection
50,14,noisy_half_text[sentence] + half_diagram,OK,AB,connects,O
50,14,noisy_half_text[sentence] + half_diagram,OK,CD,connects,O
50,14,noisy_half_text[sentence] + half_diagram,OK,EO,connects,O
50,14,noisy_half_text[sentence] + half_diagram,OK,EO,perpendicular_to,AB
50,14,noisy_half_text[sentence] + half_diagram,OK,∠AOC,has_measure,50_deg
50,14,noisy_half_text[sentence] + half_diagram,OK,COE,is_a,angle
,,,,,,
53,14,noisy_half_text[sentence] + half_diagram,OK,a,is_a,line
53,14,noisy_half_text[sentence] + half_diagram,OK,b,is_a,line
53,14,noisy_half_text[sentence] + half_diagram,OK,c,is_a,line
53,14,noisy_half_text[sentence] + half_diagram,OK,a,parallel_to,b
53,14,noisy_half_text[sentence] + half_diagram,OK,c,intersects,a
53,14,noisy_half_text[sentence] + half_diagram,OK,c,intersects,b
53,14,noisy_half_text[sentence] + half_diagram,OK,a,intersects,"c, at, P"
53,14,noisy_half_text[sentence] + half_diagram,OK,b,intersects,"c, at, Q"
53,14,noisy_half_text[sentence] + half_diagram,OK,P,is_a,point
53,14,noisy_half_text[sentence] + half_diagram,OK,Q,is_a,point
53,14,noisy_half_text[sentence] + half_diagram,OK,∠P,is_a,angle
53,14,noisy_half_text[sentence] + half_diagram,OK,∠P,has_measure,155_deg
53,14,noisy_half_text[sentence] + half_diagram,OK,∠Q,is_a,angle
53,14,noisy_half_text[sentence] + half_diagram,OK,∠Q,is_a,Angle 2
53,14,noisy_half_text[sentence] + half_diagram,OK,phone,vibrated,once
53,14,noisy_half_text[sentence] + half_diagram,OK,bicycle,was,leaning
53,14,noisy_half_text[sentence] + half_diagram,OK,wall,is_a,wall
,,,,,,
55,14,noisy_half_text[sentence] + half_diagram,OK,A,is_a,point
55,14,noisy_half_text[sentence] + half_diagram,OK,B,is_a,point
55,14,noisy_half_text[sentence] + half_diagram,OK,C,is_a,point
55,14,noisy_half_text[sentence] + half_diagram,OK,D,is_a,point
55,14,noisy_half_text[sentence] + half_diagram,OK,M,is_a,point
55,14,noisy_half_text[sentence] + half_diagram,OK,N,is_a,point
55,14,noisy_half_text[sentence] + half_diagram,OK,O,is_a,point
55,14,noisy_half_text[sentence] + half_diagram,OK,AB,is_a,line
55,14,noisy_half_text[sentence] + half_diagram,OK,CD,is_a,line
55,14,noisy_half_text[sentence] + half_diagram,OK,OM,is_a,line
55,14,noisy_half_text[sentence] + half_diagram,OK,ON,is_a,line
55,14,noisy_half_text[sentence] + half_diagram,OK,AB,intersects,CD
55,14,noisy_half_text[sentence] + half_diagram,OK,AB,intersects,O
55,14,noisy_half_text[sentence] + half_diagram,OK,CD,intersects,O
55,14,noisy_half_text[sentence] + half_diagram,OK,OM,bisects,∠AOC
55,14,noisy_half_text[sentence] + half_diagram,OK,ON,perpendicular_to,OM
55,14,noisy_half_text[sentence] + half_diagram,OK,∠AOC,has_measure,70_deg
55,14,noisy_half_text[sentence] + half_diagram,OK,?,is_a,query_target
,,,,,,
56,14,noisy_half_text[sentence] + half_diagram,OK,O,is_a,circle
56,14,noisy_half_text[sentence] + half_diagram,OK,CD,is_a,diameter
56,14,noisy_half_text[sentence] + half_diagram,OK,CD,lies_on,O
56,14,noisy_half_text[sentence] + half_diagram,OK,EF,is_a,chord
56,14,noisy_half_text[sentence] + half_diagram,OK,EF,lies_on,O
56,14,noisy_half_text[sentence] + half_diagram,OK,G,is_a,midpoint
56,14,noisy_half_text[sentence] + half_diagram,OK,CD,intersects,EF
56,14,noisy_half_text[sentence] + half_diagram,OK,CD,intersects,"EF, at, G"
56,14,noisy_half_text[sentence] + half_diagram,OK,∠ECD,is_a,angle
56,14,noisy_half_text[sentence] + half_diagram,OK,∠ECD,has_measure,20_deg
56,14,noisy_half_text[sentence] + half_diagram,OK,EOD,is_a,angle
56,14,noisy_half_text[sentence] + half_diagram,OK,EOD,is_a,query_target
,,,,,,
57,14,noisy_half_text[sentence] + half_diagram,OK,A,is_a,point
57,14,noisy_half_text[sentence] + half_diagram,OK,B,is_a,point
57,14,noisy_half_text[sentence] + half_diagram,OK,C,is_a,point
57,14,noisy_half_text[sentence] + half_diagram,OK,D,is_a,point
57,14,noisy_half_text[sentence] + half_diagram,OK,AB,is_a,segment
57,14,noisy_half_text[sentence] + half_diagram,OK,CD,is_a,segment
57,14,noisy_half_text[sentence] + half_diagram,OK,AD,is_a,segment
57,14,noisy_half_text[sentence] + half_diagram,OK,BC,is_a,segment
57,14,noisy_half_text[sentence] + half_diagram,OK,AB,parallel_to,CD
57,14,noisy_half_text[sentence] + half_diagram,OK,AD,intersects,A
57,14,noisy_half_text[sentence] + half_diagram,OK,AD,intersects,D
57,14,noisy_half_text[sentence] + half_diagram,OK,BC,intersects,B
57,14,noisy_half_text[sentence] + half_diagram,OK,BC,intersects,C
57,14,noisy_half_text[sentence] + half_diagram,OK,∠B,is_a,angle
57,14,noisy_half_text[sentence] + half_diagram,OK,∠B,has_measure,20_deg
57,14,noisy_half_text[sentence] + half_diagram,OK,∠C,is_a,angle
57,14,noisy_half_text[sentence] + half_diagram,OK,∠C,has_measure,?
,,,,,,
58,14,noisy_half_text[sentence] + half_diagram,OK,A,is_a,point
58,14,noisy_half_text[sentence] + half_diagram,OK,B,is_a,point
58,14,noisy_half_text[sentence] + half_diagram,OK,C,is_a,point
58,14,noisy_half_text[sentence] + half_diagram,OK,D,is_a,point
58,14,noisy_half_text[sentence] + half_diagram,OK,E,is_a,point
58,14,noisy_half_text[sentence] + half_diagram,OK,AB,is_a,line
58,14,noisy_half_text[sentence] + half_diagram,OK,CD,is_a,line
58,14,noisy_half_text[sentence] + half_diagram,OK,EC,is_a,segment
58,14,noisy_half_text[sentence] + half_diagram,OK,ED,is_a,segment
58,14,noisy_half_text[sentence] + half_diagram,OK,∠AEC,is_a,angle
58,14,noisy_half_text[sentence] + half_diagram,OK,∠CED,is_a,angle
58,14,noisy_half_text[sentence] + half_diagram,OK,AB,parallel_to,CD
58,14,noisy_half_text[sentence] + half_diagram,OK,E,lies_on,AB
58,14,noisy_half_text[sentence] + half_diagram,OK,EC,intersects,CD
58,14,noisy_half_text[sentence] + half_diagram,OK,ED,intersects,CD
58,14,noisy_half_text[sentence] + half_diagram,OK,∠AEC,has_measure,35_deg
58,14,noisy_half_text[sentence] + half_diagram,OK,∠CED,has_measure,90_deg
58,14,noisy_half_text[sentence] + half_diagram,OK,∠EDC,is_a,angle
58,14,noisy_half_text[sentence] + half_diagram,OK,∠EDC,has_measure,?
,,,,,,
59,14,noisy_half_text[sentence] + half_diagram,OK,A,is_a,point
59,14,noisy_half_text[sentence] + half_diagram,OK,B,is_a,point
59,14,noisy_half_text[sentence] + half_diagram,OK,C,is_a,point
59,14,noisy_half_text[sentence] + half_diagram,OK,D,is_a,point
59,14,noisy_half_text[sentence] + half_diagram,OK,AB,is_a,segment
59,14,noisy_half_text[sentence] + half_diagram,OK,CD,is_a,segment
59,14,noisy_half_text[sentence] + half_diagram,OK,AD,is_a,segment
59,14,noisy_half_text[sentence] + half_diagram,OK,AC,is_a,segment
59,14,noisy_half_text[sentence] + half_diagram,OK,BC,is_a,segment
59,14,noisy_half_text[sentence] + half_diagram,OK,BD,is_a,segment
59,14,noisy_half_text[sentence] + half_diagram,OK,AB,parallel_to,CD
59,14,noisy_half_text[sentence] + half_diagram,OK,∠ACD,is_a,angle
59,14,noisy_half_text[sentence] + half_diagram,OK,∠ACD,has_measure,80_deg
59,14,noisy_half_text[sentence] + half_diagram,OK,AD,bisects,∠BAC
59,14,noisy_half_text[sentence] + half_diagram,OK,∠D,is_a,angle
59,14,noisy_half_text[sentence] + half_diagram,OK,∠D,has_measure,?
,,,,,,
60,14,noisy_half_text[sentence] + half_diagram,OK,AB,is_a,line
60,14,noisy_half_text[sentence] + half_diagram,OK,CD,is_a,line
60,14,noisy_half_text[sentence] + half_diagram,OK,EF,is_a,line
60,14,noisy_half_text[sentence] + half_diagram,OK,AB,parallel_to,CD
60,14,noisy_half_text[sentence] + half_diagram,OK,AB,intersects,EF
60,14,noisy_half_text[sentence] + half_diagram,OK,CD,intersects,EF
60,14,noisy_half_text[sentence] + half_diagram,OK,∠2,is_a,angle
60,14,noisy_half_text[sentence] + half_diagram,OK,∠2,has_measure,135_deg
60,14,noisy_half_text[sentence] + half_diagram,OK,∠1,is_a,angle
60,14,noisy_half_text[sentence] + half_diagram,OK,∠1,has_measure,?
60,14,noisy_half_text[sentence] + half_diagram,OK,A,is_a,point
60,14,noisy_half_text[sentence] + half_diagram,OK,B,is_a,point
60,14,noisy_half_text[sentence] + half_diagram,OK,C,is_a,point
60,14,noisy_half_text[sentence] + half_diagram,OK,D,is_a,point
60,14,noisy_half_text[sentence] + half_diagram,OK,E,is_a,point
60,14,noisy_half_text[sentence] + half_diagram,OK,F,is_a,point
60,14,noisy_half_text[sentence] + half_diagram,OK,P,is_a,point
60,14,noisy_half_text[sentence] + half_diagram,OK,AB,connects,A
60,14,noisy_half_text[sentence] + half_diagram,OK,AB,connects,B
60,14,noisy_half_text[sentence] + half_diagram,OK,CD,connects,C
60,14,noisy_half_text[sentence] + half_diagram,OK,CD,connects,D
60,14,noisy_half_text[sentence] + half_diagram,OK,EF,connects,E
60,14,noisy_half_text[sentence] + half_diagram,OK,EF,connects,F
60,14,noisy_half_text[sentence] + half_diagram,OK,AB,intersects,"EF, at, P"
60,14,noisy_half_text[sentence] + half_diagram,OK,CD,intersects,"EF, at, ?"
,,,,,,
64,14,noisy_half_text[sentence] + half_diagram,OK,A,is_a,point
64,14,noisy_half_text[sentence] + half_diagram,OK,B,is_a,point
64,14,noisy_half_text[sentence] + half_diagram,OK,O,is_a,point
64,14,noisy_half_text[sentence] + half_diagram,OK,AB,is_a,segment
64,14,noisy_half_text[sentence] + half_diagram,OK,AB,has_measure,160_units
64,14,noisy_half_text[sentence] + half_diagram,OK,O,center_of,circle
64,14,noisy_half_text[sentence] + half_diagram,OK,OA,is_a,segment
64,14,noisy_half_text[sentence] + half_diagram,OK,OA,has_measure,200_units
64,14,noisy_half_text[sentence] + half_diagram,OK,OB,is_a,segment
64,14,noisy_half_text[sentence] + half_diagram,OK,OB,has_measure,200_units
64,14,noisy_half_text[sentence] + half_diagram,OK,A,lies_on,circle
64,14,noisy_half_text[sentence] + half_diagram,OK,B,lies_on,circle
64,14,noisy_half_text[sentence] + half_diagram,OK,O,lies_on,circle
64,14,noisy_half_text[sentence] + half_diagram,OK,AB,connects,A
64,14,noisy_half_text[sentence] + half_diagram,OK,AB,connects,B
64,14,noisy_half_text[sentence] + half_diagram,OK,OA,connects,O
64,14,noisy_half_text[sentence] + half_diagram,OK,OA,connects,A
64,14,noisy_half_text[sentence] + half_diagram,OK,OB,connects,O
64,14,noisy_half_text[sentence] + half_diagram,OK,OB,connects,B
64,14,noisy_half_text[sentence] + half_diagram,OK,circle,is_a,circle
64,14,noisy_half_text[sentence] + half_diagram,OK,?,is_a,query_target
,,,,,,
72,14,noisy_half_text[sentence] + half_diagram,OK,AB,is_a,segment
72,14,noisy_half_text[sentence] + half_diagram,OK,BC,is_a,segment
72,14,noisy_half_text[sentence] + half_diagram,OK,CD,is_a,segment
72,14,noisy_half_text[sentence] + half_diagram,OK,DA,is_a,segment
72,14,noisy_half_text[sentence] + half_diagram,OK,AB+BC+CD+DA,has_measure,16
72,14,noisy_half_text[sentence] + half_diagram,OK,A,is_a,point
72,14,noisy_half_text[sentence] + half_diagram,OK,B,is_a,point
72,14,noisy_half_text[sentence] + half_diagram,OK,C,is_a,point
72,14,noisy_half_text[sentence] + half_diagram,OK,D,is_a,point
72,14,noisy_half_text[sentence] + half_diagram,OK,O,is_a,point
72,14,noisy_half_text[sentence] + half_diagram,OK,E,is_a,point
72,14,noisy_half_text[sentence] + half_diagram,OK,ABCD,is_a,parallelogram
72,14,noisy_half_text[sentence] + half_diagram,OK,O,lies_on,AC
72,14,noisy_half_text[sentence] + half_diagram,OK,OE,is_a,segment
72,14,noisy_half_text[sentence] + half_diagram,OK,OE,perpendicular_to,AC
72,14,noisy_half_text[sentence] + half_diagram,OK,E,lies_on,AD
72,14,noisy_half_text[sentence] + half_diagram,OK,AC,is_a,segment
72,14,noisy_half_text[sentence] + half_diagram,OK,BD,is_a,segment
72,14,noisy_half_text[sentence] + half_diagram,OK,O,center_of,ABCD
72,14,noisy_half_text[sentence] + half_diagram,OK,AC,intersects,BD
72,14,noisy_half_text[sentence] + half_diagram,OK,O,lies_on,BD
72,14,noisy_half_text[sentence] + half_diagram,OK,ABCD,has_measure,?
72,14,noisy_half_text[sentence] + half_diagram,OK,DCE,is_a,triangle
72,14,noisy_half_text[sentence] + half_diagram,OK,perimeter_of_DCE,has_measure,?
,,,,,,
73,14,noisy_half_text[sentence] + half_diagram,OK,A,is_a,point
73,14,noisy_half_text[sentence] + half_diagram,OK,B,is_a,point
73,14,noisy_half_text[sentence] + half_diagram,OK,C,is_a,point
73,14,noisy_half_text[sentence] + half_diagram,OK,O,is_a,point
73,14,noisy_half_text[sentence] + half_diagram,OK,AB,is_a,segment
73,14,noisy_half_text[sentence] + half_diagram,OK,BC,is_a,segment
73,14,noisy_half_text[sentence] + half_diagram,OK,CA,is_a,segment
73,14,noisy_half_text[sentence] + half_diagram,OK,ABC,is_a,triangle
73,14,noisy_half_text[sentence] + half_diagram,OK,O,center_of,circle
73,14,noisy_half_text[sentence] + half_diagram,OK,ABC,inscribed_in,circle
73,14,noisy_half_text[sentence] + half_diagram,OK,∠ABC,is_a,angle
73,14,noisy_half_text[sentence] + half_diagram,OK,∠ABC,has_measure,70_deg
73,14,noisy_half_text[sentence] + half_diagram,OK,?,is_a,angle
,,,,,,
78,14,noisy_half_text[sentence] + half_diagram,OK,A,is_a,point
78,14,noisy_half_text[sentence] + half_diagram,OK,B,is_a,point
78,14,noisy_half_text[sentence] + half_diagram,OK,C,is_a,point
78,14,noisy_half_text[sentence] + half_diagram,OK,D,is_a,point
78,14,noisy_half_text[sentence] + half_diagram,OK,E,is_a,point
78,14,noisy_half_text[sentence] + half_diagram,OK,AB,is_a,segment
78,14,noisy_half_text[sentence] + half_diagram,OK,CD,is_a,segment
78,14,noisy_half_text[sentence] + half_diagram,OK,AE,is_a,segment
78,14,noisy_half_text[sentence] + half_diagram,OK,CAB,is_a,angle
78,14,noisy_half_text[sentence] + half_diagram,OK,AED,is_a,angle
78,14,noisy_half_text[sentence] + half_diagram,OK,AB,parallel_to,CD
78,14,noisy_half_text[sentence] + half_diagram,OK,E,lies_on,CD
78,14,noisy_half_text[sentence] + half_diagram,OK,AE,bisects,CAB
78,14,noisy_half_text[sentence] + half_diagram,OK,AED,has_measure,?
,,,,,,
79,14,noisy_half_text[sentence] + half_diagram,OK,A,is_a,point
79,14,noisy_half_text[sentence] + half_diagram,OK,B,is_a,point
79,14,noisy_half_text[sentence] + half_diagram,OK,C,is_a,point
79,14,noisy_half_text[sentence] + half_diagram,OK,D,is_a,point
79,14,noisy_half_text[sentence] + half_diagram,OK,O,is_a,point
79,14,noisy_half_text[sentence] + half_diagram,OK,E,is_a,point
79,14,noisy_half_text[sentence] + half_diagram,OK,AB,is_a,segment
79,14,noisy_half_text[sentence] + half_diagram,OK,BC,is_a,segment
79,14,noisy_half_text[sentence] + half_diagram,OK,CD,is_a,segment
79,14,noisy_half_text[sentence] + half_diagram,OK,DA,is_a,segment
79,14,noisy_half_text[sentence] + half_diagram,OK,AC,is_a,segment
79,14,noisy_half_text[sentence] + half_diagram,OK,BD,is_a,segment
79,14,noisy_half_text[sentence] + half_diagram,OK,ABCD,is_a,parallelogram
79,14,noisy_half_text[sentence] + half_diagram,OK,AC,intersects,BD
79,14,noisy_half_text[sentence] + half_diagram,OK,AC,intersects,O
79,14,noisy_half_text[sentence] + half_diagram,OK,BD,intersects,O
79,14,noisy_half_text[sentence] + half_diagram,OK,O,lies_on,AC
79,14,noisy_half_text[sentence] + half_diagram,OK,O,lies_on,BD
79,14,noisy_half_text[sentence] + half_diagram,OK,E,lies_on,AD
79,14,noisy_half_text[sentence] + half_diagram,OK,AB + BC + CD + DA,has_measure,32
79,14,noisy_half_text[sentence] + half_diagram,OK,AC,perpendicular_to,E
,,,,,,
81,14,noisy_half_text[sentence] + half_diagram,OK,A,is_a,point
81,14,noisy_half_text[sentence] + half_diagram,OK,B,is_a,point
81,14,noisy_half_text[sentence] + half_diagram,OK,C,is_a,point
81,14,noisy_half_text[sentence] + half_diagram,OK,D,is_a,point
81,14,noisy_half_text[sentence] + half_diagram,OK,E,is_a,point
81,14,noisy_half_text[sentence] + half_diagram,OK,AB,is_a,segment
81,14,noisy_half_text[sentence] + half_diagram,OK,AC,is_a,segment
81,14,noisy_half_text[sentence] + half_diagram,OK,BC,is_a,segment
81,14,noisy_half_text[sentence] + half_diagram,OK,AD,is_a,segment
81,14,noisy_half_text[sentence] + half_diagram,OK,AE,is_a,segment
81,14,noisy_half_text[sentence] + half_diagram,OK,DE,is_a,segment
81,14,noisy_half_text[sentence] + half_diagram,OK,DAC,is_a,angle
81,14,noisy_half_text[sentence] + half_diagram,OK,DAE,is_a,angle
81,14,noisy_half_text[sentence] + half_diagram,OK,EAC,is_a,angle
81,14,noisy_half_text[sentence] + half_diagram,OK,∠BAC,is_a,angle
81,14,noisy_half_text[sentence] + half_diagram,OK,∠ABC,is_a,angle
81,14,noisy_half_text[sentence] + half_diagram,OK,∠BAC,has_measure,90_deg
81,14,noisy_half_text[sentence] + half_diagram,OK,∠ABC,has_measure,50_deg
81,14,noisy_half_text[sentence] + half_diagram,OK,AE,connects,D
81,14,noisy_half_text[sentence] + half_diagram,OK,AE,connects,E
81,14,noisy_half_text[sentence] + half_diagram,OK,AD,perpendicular_to,BC
81,14,noisy_half_text[sentence] + half_diagram,OK,AE,bisects,∠DAC
81,14,noisy_half_text[sentence] + half_diagram,OK,E,lies_on,DC
81,14,noisy_half_text[sentence] + half_diagram,OK,DAE,is_a,query_target
,,,,,,
84,14,noisy_half_text[sentence] + half_diagram,OK,A,is_a,point
84,14,noisy_half_text[sentence] + half_diagram,OK,B,is_a,point
84,14,noisy_half_text[sentence] + half_diagram,OK,C,is_a,point
84,14,noisy_half_text[sentence] + half_diagram,OK,O,is_a,point
84,14,noisy_half_text[sentence] + half_diagram,OK,ABC,is_a,triangle
84,14,noisy_half_text[sentence] + half_diagram,OK,O,is_a,circle
84,14,noisy_half_text[sentence] + half_diagram,OK,A,lies_on,O
84,14,noisy_half_text[sentence] + half_diagram,OK,B,lies_on,O
84,14,noisy_half_text[sentence] + half_diagram,OK,C,lies_on,O
84,14,noisy_half_text[sentence] + half_diagram,OK,O,center_of,O
84,14,noisy_half_text[sentence] + half_diagram,OK,AB,is_a,segment
84,14,noisy_half_text[sentence] + half_diagram,OK,BC,is_a,segment
84,14,noisy_half_text[sentence] + half_diagram,OK,CA,is_a,segment
84,14,noisy_half_text[sentence] + half_diagram,OK,∠BAC,is_a,angle
84,14,noisy_half_text[sentence] + half_diagram,OK,∠BAC,has_measure,60_deg
84,14,noisy_half_text[sentence] + half_diagram,OK,OA,is_a,segment
84,14,noisy_half_text[sentence] + half_diagram,OK,O,connects,A
84,14,noisy_half_text[sentence] + half_diagram,OK,O,connects,B
84,14,noisy_half_text[sentence] + half_diagram,OK,O,connects,C
84,14,noisy_half_text[sentence] + half_diagram,OK,AC,is_a,segment
84,14,noisy_half_text[sentence] + half_diagram,OK,AC,has_measure,1_unit
84,14,noisy_half_text[sentence] + half_diagram,OK,BC,has_measure,?
,,,,,,
86,14,noisy_half_text[sentence] + half_diagram,OK,A,is_a,point
86,14,noisy_half_text[sentence] + half_diagram,OK,B,is_a,point
86,14,noisy_half_text[sentence] + half_diagram,OK,C,is_a,point
86,14,noisy_half_text[sentence] + half_diagram,OK,O,is_a,point
86,14,noisy_half_text[sentence] + half_diagram,OK,ABC,is_a,triangle
86,14,noisy_half_text[sentence] + half_diagram,OK,O,is_a,circle
86,14,noisy_half_text[sentence] + half_diagram,OK,O,center_of,ABC
86,14,noisy_half_text[sentence] + half_diagram,OK,∠BAC,is_a,angle
86,14,noisy_half_text[sentence] + half_diagram,OK,∠BAC,has_measure,60_deg
86,14,noisy_half_text[sentence] + half_diagram,OK,BC,is_a,segment
86,14,noisy_half_text[sentence] + half_diagram,OK,BC,has_measure,?
86,14,noisy_half_text[sentence] + half_diagram,OK,A,lies_on,O
86,14,noisy_half_text[sentence] + half_diagram,OK,B,lies_on,O
86,14,noisy_half_text[sentence] + half_diagram,OK,C,lies_on,O
86,14,noisy_half_text[sentence] + half_diagram,OK,AB,is_a,segment
86,14,noisy_half_text[sentence] + half_diagram,OK,AC,is_a,segment
86,14,noisy_half_text[sentence] + half_diagram,OK,AB,connects,"A, B"
86,14,noisy_half_text[sentence] + half_diagram,OK,AC,connects,"A, C"
86,14,noisy_half_text[sentence] + half_diagram,OK,BC,connects,"B, C"
86,14,noisy_half_text[sentence] + half_diagram,OK,∠BOC,is_a,angle
86,14,noisy_half_text[sentence] + half_diagram,OK,∠BOC,has_measure,120_deg
86,14,noisy_half_text[sentence] + half_diagram,OK,OB,is_a,radius
86,14,noisy_half_text[sentence] + half_diagram,OK,OC,is_a,radius
86,14,noisy_half_text[sentence] + half_diagram,OK,OB,has_measure,?
86,14,noisy_half_text[sentence] + half_diagram,OK,OC,has_measure,?
,,,,,,
88,14,noisy_half_text[sentence] + half_diagram,OK,A,is_a,point
88,14,noisy_half_text[sentence] + half_diagram,OK,B,is_a,point
88,14,noisy_half_text[sentence] + half_diagram,OK,C,is_a,point
88,14,noisy_half_text[sentence] + half_diagram,OK,O,is_a,point
88,14,noisy_half_text[sentence] + half_diagram,OK,AB,is_a,segment
88,14,noisy_half_text[sentence] + half_diagram,OK,AC,is_a,segment
88,14,noisy_half_text[sentence] + half_diagram,OK,BC,is_a,segment
88,14,noisy_half_text[sentence] + half_diagram,OK,∠ACB,is_a,angle
88,14,noisy_half_text[sentence] + half_diagram,OK,∠ABO,is_a,angle
88,14,noisy_half_text[sentence] + half_diagram,OK,∠BOC,is_a,angle
88,14,noisy_half_text[sentence] + half_diagram,OK,A,lies_on,circle_O
88,14,noisy_half_text[sentence] + half_diagram,OK,B,lies_on,circle_O
88,14,noisy_half_text[sentence] + half_diagram,OK,C,lies_on,circle_O
88,14,noisy_half_text[sentence] + half_diagram,OK,O,center_of,circle_O
88,14,noisy_half_text[sentence] + half_diagram,OK,∠ACB,has_measure,42_deg
88,14,noisy_half_text[sentence] + half_diagram,OK,∠ABO,has_measure,22_deg
88,14,noisy_half_text[sentence] + half_diagram,OK,∠BOC,has_measure,?
,,,,,,
95,14,noisy_half_text[sentence] + half_diagram,OK,O,is_a,circle
95,14,noisy_half_text[sentence] + half_diagram,OK,B,is_a,point
95,14,noisy_half_text[sentence] + half_diagram,OK,C,is_a,point
95,14,noisy_half_text[sentence] + half_diagram,OK,A,is_a,point
95,14,noisy_half_text[sentence] + half_diagram,OK,D,is_a,point
95,14,noisy_half_text[sentence] + half_diagram,OK,OA,is_a,radius
95,14,noisy_half_text[sentence] + half_diagram,OK,BC,is_a,chord
95,14,noisy_half_text[sentence] + half_diagram,OK,∠ADC,is_a,angle
95,14,noisy_half_text[sentence] + half_diagram,OK,∠ADC,has_measure,90_deg
95,14,noisy_half_text[sentence] + half_diagram,OK,∠BDA,has_measure,60_deg
95,14,noisy_half_text[sentence] + half_diagram,OK,O,center_of,O
95,14,noisy_half_text[sentence] + half_diagram,OK,OA,radius_of,O
95,14,noisy_half_text[sentence] + half_diagram,OK,BC,intersects,D
95,14,noisy_half_text[sentence] + half_diagram,OK,OA,intersects,D
95,14,noisy_half_text[sentence] + half_diagram,OK,A,lies_on,O
95,14,noisy_half_text[sentence] + half_diagram,OK,B,lies_on,O
95,14,noisy_half_text[sentence] + half_diagram,OK,C,lies_on,O
95,14,noisy_half_text[sentence] + half_diagram,OK,D,lies_on,O
95,14,noisy_half_text[sentence] + half_diagram,OK,AB,connects,B
95,14,noisy_half_text[sentence] + half_diagram,OK,OC,connects,C
95,14,noisy_half_text[sentence] + half_diagram,OK,∠C,is_a,angle
95,14,noisy_half_text[sentence] + half_diagram,OK,∠C,has_measure,?
,,,,,,
99,14,noisy_half_text[sentence] + half_diagram,OK,O,is_a,circle
99,14,noisy_half_text[sentence] + half_diagram,OK,AB,is_a,diameter
99,14,noisy_half_text[sentence] + half_diagram,OK,AB,lies_on,O
99,14,noisy_half_text[sentence] + half_diagram,OK,CD,is_a,chord
99,14,noisy_half_text[sentence] + half_diagram,OK,CD,lies_on,O
99,14,noisy_half_text[sentence] + half_diagram,OK,∠CAD,has_measure,26_deg
99,14,noisy_half_text[sentence] + half_diagram,OK,∠CAB,is_a,angle
99,14,noisy_half_text[sentence] + half_diagram,OK,∠CAB,has_measure,?
99,14,noisy_half_text[sentence] + half_diagram,OK,AB,connects,"A, B"
99,14,noisy_half_text[sentence] + half_diagram,OK,CD,connects,"C, D"
99,14,noisy_half_text[sentence] + half_diagram,OK,A,is_a,point
99,14,noisy_half_text[sentence] + half_diagram,OK,B,is_a,point
99,14,noisy_half_text[sentence] + half_diagram,OK,C,is_a,point
99,14,noisy_half_text[sentence] + half_diagram,OK,D,is_a,point
99,14,noisy_half_text[sentence] + half_diagram,OK,∠CAD,is_a,angle
,,,,,,
108,14,noisy_half_text[sentence] + half_diagram,OK,bridge,is_a,round_arch_bridge
108,14,noisy_half_text[sentence] + half_diagram,OK,CD,is_a,distance
108,14,noisy_half_text[sentence] + half_diagram,OK,CD,has_measure,8.0_units
108,14,noisy_half_text[sentence] + half_diagram,OK,O,is_a,point
108,14,noisy_half_text[sentence] + half_diagram,OK,O,is_a,"center_of, circular_arch"
108,14,noisy_half_text[sentence] + half_diagram,OK,keys,is_a,keys
108,14,noisy_half_text[sentence] + half_diagram,OK,keys,lies_on,table
108,14,noisy_half_text[sentence] + half_diagram,OK,shadow,is_a,shadow
108,14,noisy_half_text[sentence] + half_diagram,OK,shadow,moved_across,floor
108,14,noisy_half_text[sentence] + half_diagram,OK,AB,is_a,water_surface
108,14,noisy_half_text[sentence] + half_diagram,OK,AB,is_a,width
108,14,noisy_half_text[sentence] + half_diagram,OK,AB,has_measure,?
108,14,noisy_half_text[sentence] + half_diagram,OK,A,is_a,point
108,14,noisy_half_text[sentence] + half_diagram,OK,B,is_a,point
108,14,noisy_half_text[sentence] + half_diagram,OK,C,is_a,point
108,14,noisy_half_text[sentence] + half_diagram,OK,D,is_a,point
108,14,noisy_half_text[sentence] + half_diagram,OK,CD,connects,"C, D"
108,14,noisy_half_text[sentence] + half_diagram,OK,AB,connects,"A, B"
108,14,noisy_half_text[sentence] + half_diagram,OK,O,center_of,circular_arch
108,14,noisy_half_text[sentence] + half_diagram,OK,CD,has_measure,5_units
108,14,noisy_half_text[sentence] + half_diagram,OK,AB,is_a,target
,,,,,,
109,14,noisy_half_text[sentence] + half_diagram,OK,A,is_a,point
109,14,noisy_half_text[sentence] + half_diagram,OK,B,is_a,point
109,14,noisy_half_text[sentence] + half_diagram,OK,C,is_a,point
109,14,noisy_half_text[sentence] + half_diagram,OK,D,is_a,point
109,14,noisy_half_text[sentence] + half_diagram,OK,E,is_a,point
109,14,noisy_half_text[sentence] + half_diagram,OK,DE,is_a,segment
109,14,noisy_half_text[sentence] + half_diagram,OK,AB,is_a,segment
109,14,noisy_half_text[sentence] + half_diagram,OK,BC,is_a,segment
109,14,noisy_half_text[sentence] + half_diagram,OK,DE,intersects,AB
109,14,noisy_half_text[sentence] + half_diagram,OK,DE,intersects,BC
109,14,noisy_half_text[sentence] + half_diagram,OK,ADB,is_a,angle
109,14,noisy_half_text[sentence] + half_diagram,OK,ADB,has_measure,130_deg
109,14,noisy_half_text[sentence] + half_diagram,OK,BEC,is_a,angle
109,14,noisy_half_text[sentence] + half_diagram,OK,Triangle ABC,is_a,triangle
109,14,noisy_half_text[sentence] + half_diagram,OK,Triangle ABC,connects,A
109,14,noisy_half_text[sentence] + half_diagram,OK,Triangle ABC,connects,B
109,14,noisy_half_text[sentence] + half_diagram,OK,Triangle ABC,connects,C
109,14,noisy_half_text[sentence] + half_diagram,OK,∠ADB,is_a,angle
109,14,noisy_half_text[sentence] + half_diagram,OK,∠BEC,is_a,angle
,,,,,,
112,14,noisy_half_text[sentence] + half_diagram,OK,A,is_a,point
112,14,noisy_half_text[sentence] + half_diagram,OK,B,is_a,point
112,14,noisy_half_text[sentence] + half_diagram,OK,O,is_a,point
112,14,noisy_half_text[sentence] + half_diagram,OK,AB,is_a,segment
112,14,noisy_half_text[sentence] + half_diagram,OK,AO,is_a,segment
112,14,noisy_half_text[sentence] + half_diagram,OK,AB,has_measure,2.5_units
112,14,noisy_half_text[sentence] + half_diagram,OK,O,center_of,circle
112,14,noisy_half_text[sentence] + half_diagram,OK,OB,is_a,radius
112,14,noisy_half_text[sentence] + half_diagram,OK,OB,has_measure,0.7_units
112,14,noisy_half_text[sentence] + half_diagram,OK,AO,is_a,height
112,14,noisy_half_text[sentence] + half_diagram,OK,AB,is_a,slant_height
112,14,noisy_half_text[sentence] + half_diagram,OK,AB,connects,"A, B"
112,14,noisy_half_text[sentence] + half_diagram,OK,AO,connects,"A, O"
112,14,noisy_half_text[sentence] + half_diagram,OK,OB,connects,"O, B"
112,14,noisy_half_text[sentence] + half_diagram,OK,A,lies_on,cone
112,14,noisy_half_text[sentence] + half_diagram,OK,B,lies_on,cone
112,14,noisy_half_text[sentence] + half_diagram,OK,O,lies_on,cone
112,14,noisy_half_text[sentence] + half_diagram,OK,AO,lies_on,cone
112,14,noisy_half_text[sentence] + half_diagram,OK,AB,lies_on,cone
112,14,noisy_half_text[sentence] + half_diagram,OK,OB,lies_on,cone
,,,,,,
114,14,noisy_half_text[sentence] + half_diagram,OK,O,is_a,point
114,14,noisy_half_text[sentence] + half_diagram,OK,A,is_a,point
114,14,noisy_half_text[sentence] + half_diagram,OK,B,is_a,point
114,14,noisy_half_text[sentence] + half_diagram,OK,OA,is_a,diameter
114,14,noisy_half_text[sentence] + half_diagram,OK,OB,is_a,diameter
114,14,noisy_half_text[sentence] + half_diagram,OK,OAB,is_a,sector
114,14,noisy_half_text[sentence] + half_diagram,OK,OAB,has_measure,90_deg
114,14,noisy_half_text[sentence] + half_diagram,OK,OA,has_measure,1.0
114,14,noisy_half_text[sentence] + half_diagram,OK,OB,has_measure,1.0
114,14,noisy_half_text[sentence] + half_diagram,OK,OA,connects,O
114,14,noisy_half_text[sentence] + half_diagram,OK,OA,connects,A
114,14,noisy_half_text[sentence] + half_diagram,OK,OB,connects,O
114,14,noisy_half_text[sentence] + half_diagram,OK,OB,connects,B
114,14,noisy_half_text[sentence] + half_diagram,OK,OAB,connects,O
114,14,noisy_half_text[sentence] + half_diagram,OK,OAB,connects,A
114,14,noisy_half_text[sentence] + half_diagram,OK,OAB,connects,B
114,14,noisy_half_text[sentence] + half_diagram,OK,shaded_part,is_a,area
114,14,noisy_half_text[sentence] + half_diagram,OK,shaded_part,has_measure,?
114,14,noisy_half_text[sentence] + half_diagram,OK,shaded_part,is_a,query_target
,,,,,,
115,14,noisy_half_text[sentence] + half_diagram,OK,sector,is_a,paper_sheet
115,14,noisy_half_text[sentence] + half_diagram,OK,sector,has_measure,120_deg
115,14,noisy_half_text[sentence] + half_diagram,OK,sector,center_of,O
115,14,noisy_half_text[sentence] + half_diagram,OK,O,is_a,point
115,14,noisy_half_text[sentence] + half_diagram,OK,sector,radius_of,6_units
115,14,noisy_half_text[sentence] + half_diagram,OK,conical_cap,is_a,paper_cap
115,14,noisy_half_text[sentence] + half_diagram,OK,conical_cap,is_a,bottomless
115,14,noisy_half_text[sentence] + half_diagram,OK,sector,mapped_to,conical_cap
115,14,noisy_half_text[sentence] + half_diagram,OK,conical_cap,has_measure,?
115,14,noisy_half_text[sentence] + half_diagram,OK,conical_cap,bottom_perimeter,?
,,,,,,
117,14,noisy_half_text[sentence] + half_diagram,OK,sector,is_a,piece_of_paper
117,14,noisy_half_text[sentence] + half_diagram,OK,sector,has_measure,120_deg
117,14,noisy_half_text[sentence] + half_diagram,OK,sector,is_a,sector_piece_of_paper
117,14,noisy_half_text[sentence] + half_diagram,OK,cone,is_a,bottomless_paper_cap
117,14,noisy_half_text[sentence] + half_diagram,OK,cone,is_a,cone_shaped
117,14,noisy_half_text[sentence] + half_diagram,OK,bicycle,is_a,bicycle
117,14,noisy_half_text[sentence] + half_diagram,OK,wall,is_a,wall
117,14,noisy_half_text[sentence] + half_diagram,OK,chair,is_a,chair
117,14,noisy_half_text[sentence] + half_diagram,OK,cone,has_measure,3_units
117,14,noisy_half_text[sentence] + half_diagram,OK,height_of_cone,is_a,?
117,14,noisy_half_text[sentence] + half_diagram,OK,sector,mapped_to,cone
117,14,noisy_half_text[sentence] + half_diagram,OK,chair,is_a,pushed_back
117,14,noisy_half_text[sentence] + half_diagram,OK,bicycle,is_a,leaning_against
117,14,noisy_half_text[sentence] + half_diagram,OK,bicycle,leaning_against,wall
,,,,,,
119,14,noisy_half_text[sentence] + half_diagram,OK,hat,is_a,conical
119,14,noisy_half_text[sentence] + half_diagram,OK,cardboard,is_a,sector
119,14,noisy_half_text[sentence] + half_diagram,OK,cardboard,mapped_to,hat
119,14,noisy_half_text[sentence] + half_diagram,OK,bottom_surface,is_a,surface
119,14,noisy_half_text[sentence] + half_diagram,OK,bottom_surface,has_measure,10.0_cm
119,14,noisy_half_text[sentence] + half_diagram,OK,area,has_measure,?
119,14,noisy_half_text[sentence] + half_diagram,OK,cardboard,has_measure,24
,,,,,,
120,14,noisy_half_text[sentence] + half_diagram,OK,cone,is_a,cone
120,14,noisy_half_text[sentence] + half_diagram,OK,generatrix,is_a,segment
120,14,noisy_half_text[sentence] + half_diagram,OK,generatrix,has_measure,5.0_units
120,14,noisy_half_text[sentence] + half_diagram,OK,cone,has_measure,4_units
120,14,noisy_half_text[sentence] + half_diagram,OK,cone,has_measure,?
,,,,,,
123,14,noisy_half_text[sentence] + half_diagram,OK,A,is_a,point
123,14,noisy_half_text[sentence] + half_diagram,OK,B,is_a,point
123,14,noisy_half_text[sentence] + half_diagram,OK,C,is_a,point
123,14,noisy_half_text[sentence] + half_diagram,OK,AC,is_a,segment
123,14,noisy_half_text[sentence] + half_diagram,OK,BC,is_a,segment
123,14,noisy_half_text[sentence] + half_diagram,OK,AB,is_a,segment
123,14,noisy_half_text[sentence] + half_diagram,OK,ACB,is_a,angle
123,14,noisy_half_text[sentence] + half_diagram,OK,ABC,is_a,triangle
123,14,noisy_half_text[sentence] + half_diagram,OK,ABC,is_a,right_triangle
123,14,noisy_half_text[sentence] + half_diagram,OK,ACB,has_measure,90_deg
123,14,noisy_half_text[sentence] + half_diagram,OK,BC,has_measure,3_units
123,14,noisy_half_text[sentence] + half_diagram,OK,AC,has_measure,4_units
123,14,noisy_half_text[sentence] + half_diagram,OK,Lateral Surface Area,is_a,query_target
,,,,,,
128,14,noisy_half_text[sentence] + half_diagram,OK,O,is_a,point
128,14,noisy_half_text[sentence] + half_diagram,OK,A,is_a,point
128,14,noisy_half_text[sentence] + half_diagram,OK,B,is_a,point
128,14,noisy_half_text[sentence] + half_diagram,OK,OA,is_a,segment
128,14,noisy_half_text[sentence] + half_diagram,OK,OB,is_a,segment
128,14,noisy_half_text[sentence] + half_diagram,OK,OA,connects,A
128,14,noisy_half_text[sentence] + half_diagram,OK,OA,connects,O
128,14,noisy_half_text[sentence] + half_diagram,OK,OB,connects,B
128,14,noisy_half_text[sentence] + half_diagram,OK,OB,connects,O
128,14,noisy_half_text[sentence] + half_diagram,OK,OA,has_measure,6_units
128,14,noisy_half_text[sentence] + half_diagram,OK,∠AOB,is_a,angle
128,14,noisy_half_text[sentence] + half_diagram,OK,∠AOB,has_measure,120_deg
128,14,noisy_half_text[sentence] + half_diagram,OK,?,is_a,query_target
,,,,,,
132,14,noisy_half_text[sentence] + half_diagram,OK,A,is_a,point
132,14,noisy_half_text[sentence] + half_diagram,OK,B,is_a,point
132,14,noisy_half_text[sentence] + half_diagram,OK,C,is_a,point
132,14,noisy_half_text[sentence] + half_diagram,OK,D,is_a,point
132,14,noisy_half_text[sentence] + half_diagram,OK,E,is_a,point
132,14,noisy_half_text[sentence] + half_diagram,OK,F,is_a,point
132,14,noisy_half_text[sentence] + half_diagram,OK,G,is_a,point
132,14,noisy_half_text[sentence] + half_diagram,OK,AB,is_a,segment
132,14,noisy_half_text[sentence] + half_diagram,OK,BC,is_a,segment
132,14,noisy_half_text[sentence] + half_diagram,OK,DE,is_a,segment
132,14,noisy_half_text[sentence] + half_diagram,OK,GE,is_a,segment
132,14,noisy_half_text[sentence] + half_diagram,OK,EF,is_a,segment
132,14,noisy_half_text[sentence] + half_diagram,OK,A,lies_on,AB
132,14,noisy_half_text[sentence] + half_diagram,OK,B,lies_on,AB
132,14,noisy_half_text[sentence] + half_diagram,OK,C,lies_on,AB
132,14,noisy_half_text[sentence] + half_diagram,OK,D,lies_on,DE
132,14,noisy_half_text[sentence] + half_diagram,OK,E,lies_on,DE
132,14,noisy_half_text[sentence] + half_diagram,OK,F,lies_on,EF
132,14,noisy_half_text[sentence] + half_diagram,OK,G,lies_on,GE
132,14,noisy_half_text[sentence] + half_diagram,OK,A,collinear_with,B
132,14,noisy_half_text[sentence] + half_diagram,OK,A,collinear_with,C
132,14,noisy_half_text[sentence] + half_diagram,OK,B,collinear_with,C
132,14,noisy_half_text[sentence] + half_diagram,OK,DE,has_measure,0.6_units
132,14,noisy_half_text[sentence] + half_diagram,OK,GE,has_measure,2.0_units
132,14,noisy_half_text[sentence] + half_diagram,OK,EF,has_measure,1.6_units
,,,,,,
133,14,noisy_half_text[sentence] + half_diagram,OK,P,is_a,point
133,14,noisy_half_text[sentence] + half_diagram,OK,Q,is_a,point
133,14,noisy_half_text[sentence] + half_diagram,OK,S,is_a,point
133,14,noisy_half_text[sentence] + half_diagram,OK,T,is_a,point
133,14,noisy_half_text[sentence] + half_diagram,OK,R,is_a,point
133,14,noisy_half_text[sentence] + half_diagram,OK,PQ,is_a,segment
133,14,noisy_half_text[sentence] + half_diagram,OK,PS,is_a,segment
133,14,noisy_half_text[sentence] + half_diagram,OK,QS,is_a,segment
133,14,noisy_half_text[sentence] + half_diagram,OK,QR,is_a,segment
133,14,noisy_half_text[sentence] + half_diagram,OK,RT,is_a,segment
133,14,noisy_half_text[sentence] + half_diagram,OK,QS,has_measure,60.0_m
133,14,noisy_half_text[sentence] + half_diagram,OK,QR,has_measure,80.0_m
133,14,noisy_half_text[sentence] + half_diagram,OK,ST,has_measure,120_m
133,14,noisy_half_text[sentence] + half_diagram,OK,PS,perpendicular_to,river
133,14,noisy_half_text[sentence] + half_diagram,OK,QS,perpendicular_to,PS
133,14,noisy_half_text[sentence] + half_diagram,OK,QS,perpendicular_to,river
133,14,noisy_half_text[sentence] + half_diagram,OK,Q,lies_on,river
133,14,noisy_half_text[sentence] + half_diagram,OK,S,lies_on,river
133,14,noisy_half_text[sentence] + half_diagram,OK,T,lies_on,river
133,14,noisy_half_text[sentence] + half_diagram,OK,P,lies_on,river
133,14,noisy_half_text[sentence] + half_diagram,OK,QS,connects,"Q, S"
133,14,noisy_half_text[sentence] + half_diagram,OK,PS,connects,"P, S"
133,14,noisy_half_text[sentence] + half_diagram,OK,QR,connects,"Q, R"
133,14,noisy_half_text[sentence] + half_diagram,OK,RT,connects,"R, T"
133,14,noisy_half_text[sentence] + half_diagram,OK,PQ,connects,"P, Q"
,,,,,,
149,14,noisy_half_text[sentence] + half_diagram,OK,A,is_a,point
149,14,noisy_half_text[sentence] + half_diagram,OK,B,is_a,point
149,14,noisy_half_text[sentence] + half_diagram,OK,C,is_a,point
149,14,noisy_half_text[sentence] + half_diagram,OK,D,is_a,point
149,14,noisy_half_text[sentence] + half_diagram,OK,E,is_a,point
149,14,noisy_half_text[sentence] + half_diagram,OK,CD,is_a,segment
149,14,noisy_half_text[sentence] + half_diagram,OK,AC,is_a,segment
149,14,noisy_half_text[sentence] + half_diagram,OK,BD,is_a,segment
149,14,noisy_half_text[sentence] + half_diagram,OK,ED,is_a,segment
149,14,noisy_half_text[sentence] + half_diagram,OK,CD,is_a,plane_mirror
149,14,noisy_half_text[sentence] + half_diagram,OK,AC,perpendicular_to,CD
149,14,noisy_half_text[sentence] + half_diagram,OK,BD,perpendicular_to,CD
149,14,noisy_half_text[sentence] + half_diagram,OK,AC,has_measure,3.0
149,14,noisy_half_text[sentence] + half_diagram,OK,CD,has_measure,10.0
149,14,noisy_half_text[sentence] + half_diagram,OK,BD,has_measure,6
149,14,noisy_half_text[sentence] + half_diagram,OK,ED,is_a,query_target
,,,,,,
150,14,noisy_half_text[sentence] + half_diagram,OK,A,is_a,point
150,14,noisy_half_text[sentence] + half_diagram,OK,B,is_a,point
150,14,noisy_half_text[sentence] + half_diagram,OK,C,is_a,point
150,14,noisy_half_text[sentence] + half_diagram,OK,E,is_a,point
150,14,noisy_half_text[sentence] + half_diagram,OK,D,is_a,point
150,14,noisy_half_text[sentence] + half_diagram,OK,AB,is_a,segment
150,14,noisy_half_text[sentence] + half_diagram,OK,BD,is_a,segment
150,14,noisy_half_text[sentence] + half_diagram,OK,CE,is_a,segment
150,14,noisy_half_text[sentence] + half_diagram,OK,AC,is_a,segment
150,14,noisy_half_text[sentence] + half_diagram,OK,A,lies_on,AC
150,14,noisy_half_text[sentence] + half_diagram,OK,B,lies_on,AC
150,14,noisy_half_text[sentence] + half_diagram,OK,C,lies_on,AC
150,14,noisy_half_text[sentence] + half_diagram,OK,E,lies_on,CE
150,14,noisy_half_text[sentence] + half_diagram,OK,D,lies_on,BD
150,14,noisy_half_text[sentence] + half_diagram,OK,BD,perpendicular_to,AC
150,14,noisy_half_text[sentence] + half_diagram,OK,CE,perpendicular_to,AC
150,14,noisy_half_text[sentence] + half_diagram,OK,AB,has_measure,2.0
150,14,noisy_half_text[sentence] + half_diagram,OK,BD,has_measure,7/3
150,14,noisy_half_text[sentence] + half_diagram,OK,CE,has_measure,9
150,14,noisy_half_text[sentence] + half_diagram,OK,A,B,"C, collinear_with"
150,14,noisy_half_text[sentence] + half_diagram,OK,Find,query_target,length of BC
,,,,,,
151,14,noisy_half_text[sentence] + half_diagram,OK,student,is_a,point
151,14,noisy_half_text[sentence] + half_diagram,OK,tree,is_a,point
151,14,noisy_half_text[sentence] + half_diagram,OK,lake,is_a,point
151,14,noisy_half_text[sentence] + half_diagram,OK,door,is_a,point
151,14,noisy_half_text[sentence] + half_diagram,OK,table,is_a,point
151,14,noisy_half_text[sentence] + half_diagram,OK,keys,is_a,point
151,14,noisy_half_text[sentence] + half_diagram,OK,height,is_a,point
,,,,,,
152,14,noisy_half_text[sentence] + half_diagram,OK,A,is_a,point
152,14,noisy_half_text[sentence] + half_diagram,OK,B,is_a,point
152,14,noisy_half_text[sentence] + half_diagram,OK,C,is_a,point
152,14,noisy_half_text[sentence] + half_diagram,OK,D,is_a,point
152,14,noisy_half_text[sentence] + half_diagram,OK,E,is_a,point
152,14,noisy_half_text[sentence] + half_diagram,OK,AB,is_a,segment
152,14,noisy_half_text[sentence] + half_diagram,OK,BC,is_a,segment
152,14,noisy_half_text[sentence] + half_diagram,OK,DE,is_a,segment
152,14,noisy_half_text[sentence] + half_diagram,OK,A,lies_on,AB
152,14,noisy_half_text[sentence] + half_diagram,OK,B,lies_on,AB
152,14,noisy_half_text[sentence] + half_diagram,OK,B,lies_on,BC
152,14,noisy_half_text[sentence] + half_diagram,OK,C,lies_on,BC
152,14,noisy_half_text[sentence] + half_diagram,OK,D,lies_on,AB
152,14,noisy_half_text[sentence] + half_diagram,OK,E,lies_on,BC
152,14,noisy_half_text[sentence] + half_diagram,OK,AB,connects,A
152,14,noisy_half_text[sentence] + half_diagram,OK,AB,connects,B
152,14,noisy_half_text[sentence] + half_diagram,OK,BC,connects,B
152,14,noisy_half_text[sentence] + half_diagram,OK,BC,connects,C
152,14,noisy_half_text[sentence] + half_diagram,OK,DE,connects,D
152,14,noisy_half_text[sentence] + half_diagram,OK,DE,connects,E
152,14,noisy_half_text[sentence] + half_diagram,OK,BC,has_measure,1.6
152,14,noisy_half_text[sentence] + half_diagram,OK,EC,has_measure,0.5
152,14,noisy_half_text[sentence] + half_diagram,OK,DE,has_measure,1.4
,,,,,,
153,14,noisy_half_text[sentence] + half_diagram,OK,A,is_a,point
153,14,noisy_half_text[sentence] + half_diagram,OK,B,is_a,point
153,14,noisy_half_text[sentence] + half_diagram,OK,C,is_a,point
153,14,noisy_half_text[sentence] + half_diagram,OK,D,is_a,point
153,14,noisy_half_text[sentence] + half_diagram,OK,E,is_a,point
153,14,noisy_half_text[sentence] + half_diagram,OK,AB,is_a,segment
153,14,noisy_half_text[sentence] + half_diagram,OK,BC,is_a,segment
153,14,noisy_half_text[sentence] + half_diagram,OK,DE,is_a,segment
153,14,noisy_half_text[sentence] + half_diagram,OK,EC,is_a,segment
153,14,noisy_half_text[sentence] + half_diagram,OK,AB,connects,A
153,14,noisy_half_text[sentence] + half_diagram,OK,AB,connects,B
153,14,noisy_half_text[sentence] + half_diagram,OK,BC,connects,B
153,14,noisy_half_text[sentence] + half_diagram,OK,BC,connects,C
153,14,noisy_half_text[sentence] + half_diagram,OK,DE,connects,D
153,14,noisy_half_text[sentence] + half_diagram,OK,DE,connects,E
153,14,noisy_half_text[sentence] + half_diagram,OK,EC,connects,E
153,14,noisy_half_text[sentence] + half_diagram,OK,EC,connects,C
153,14,noisy_half_text[sentence] + half_diagram,OK,DE,has_measure,1.8_units
153,14,noisy_half_text[sentence] + half_diagram,OK,EC,has_measure,1.2_units
153,14,noisy_half_text[sentence] + half_diagram,OK,BC,has_measure,1.0_units
153,14,noisy_half_text[sentence] + half_diagram,OK,AB,has_measure,?
153,14,noisy_half_text[sentence] + half_diagram,OK,AB,is_a,query_target
,,,,,,
157,14,noisy_half_text[sentence] + half_diagram,OK,A,is_a,point
157,14,noisy_half_text[sentence] + half_diagram,OK,B,is_a,point
157,14,noisy_half_text[sentence] + half_diagram,OK,C,is_a,point
157,14,noisy_half_text[sentence] + half_diagram,OK,AC,is_a,segment
157,14,noisy_half_text[sentence] + half_diagram,OK,BC,is_a,segment
157,14,noisy_half_text[sentence] + half_diagram,OK,AB,is_a,segment
157,14,noisy_half_text[sentence] + half_diagram,OK,∠ACB,is_a,angle
157,14,noisy_half_text[sentence] + half_diagram,OK,AC,has_measure,4_units
157,14,noisy_half_text[sentence] + half_diagram,OK,BC,has_measure,3_units
157,14,noisy_half_text[sentence] + half_diagram,OK,∠ACB,has_measure,90_deg
157,14,noisy_half_text[sentence] + half_diagram,OK,cos,is_a,function
157,14,noisy_half_text[sentence] + half_diagram,OK,?,is_a,query_target
,,,,,,
165,14,noisy_half_text[sentence] + half_diagram,OK,A,is_a,point
165,14,noisy_half_text[sentence] + half_diagram,OK,B,is_a,point
165,14,noisy_half_text[sentence] + half_diagram,OK,C,is_a,point
165,14,noisy_half_text[sentence] + half_diagram,OK,ABC,is_a,triangle
165,14,noisy_half_text[sentence] + half_diagram,OK,∠ACB,is_a,angle
165,14,noisy_half_text[sentence] + half_diagram,OK,∠ACB,has_measure,90_deg
165,14,noisy_half_text[sentence] + half_diagram,OK,AB,is_a,hypotenuse
165,14,noisy_half_text[sentence] + half_diagram,OK,AB,has_measure,2_units
165,14,noisy_half_text[sentence] + half_diagram,OK,BC,is_a,segment
165,14,noisy_half_text[sentence] + half_diagram,OK,BC,has_measure,1_unit
165,14,noisy_half_text[sentence] + half_diagram,OK,A,connects,B
165,14,noisy_half_text[sentence] + half_diagram,OK,B,connects,C
165,14,noisy_half_text[sentence] + half_diagram,OK,C,connects,A
,,,,,,
198,14,noisy_half_text[sentence] + half_diagram,OK,A,is_a,point
198,14,noisy_half_text[sentence] + half_diagram,OK,B,is_a,point
198,14,noisy_half_text[sentence] + half_diagram,OK,C,is_a,point
198,14,noisy_half_text[sentence] + half_diagram,OK,AB,is_a,segment
198,14,noisy_half_text[sentence] + half_diagram,OK,BC,is_a,segment
198,14,noisy_half_text[sentence] + half_diagram,OK,CA,is_a,segment
198,14,noisy_half_text[sentence] + half_diagram,OK,ABC,is_a,triangle
198,14,noisy_half_text[sentence] + half_diagram,OK,ABC,is_a,isosceles_triangle
198,14,noisy_half_text[sentence] + half_diagram,OK,AB,has_measure,10_units
198,14,noisy_half_text[sentence] + half_diagram,OK,AC,has_measure,13_units
198,14,noisy_half_text[sentence] + half_diagram,OK,BC,has_measure,13_units
198,14,noisy_half_text[sentence] + half_diagram,OK,Area,is_a,query_target
,,,,,,
207,14,noisy_half_text[sentence] + half_diagram,OK,larger_circle,is_a,circle
207,14,noisy_half_text[sentence] + half_diagram,OK,small_circle1,is_a,circle
207,14,noisy_half_text[sentence] + half_diagram,OK,small_circle2,is_a,circle
207,14,noisy_half_text[sentence] + half_diagram,OK,larger_circle,has_measure,20_units
207,14,noisy_half_text[sentence] + half_diagram,OK,small_circle1,diameter_of,larger_circle
207,14,noisy_half_text[sentence] + half_diagram,OK,small_circle2,diameter_of,larger_circle
207,14,noisy_half_text[sentence] + half_diagram,OK,small_circle1,congruent_to,small_circle2
207,14,noisy_half_text[sentence] + half_diagram,OK,shaded_region,is_a,region
207,14,noisy_half_text[sentence] + half_diagram,OK,area,query_target,shaded_region
,,,,,,
210,14,noisy_half_text[sentence] + half_diagram,OK,A,is_a,point
210,14,noisy_half_text[sentence] + half_diagram,OK,B,is_a,point
210,14,noisy_half_text[sentence] + half_diagram,OK,C,is_a,point
210,14,noisy_half_text[sentence] + half_diagram,OK,D,is_a,point
210,14,noisy_half_text[sentence] + half_diagram,OK,E,is_a,point
210,14,noisy_half_text[sentence] + half_diagram,OK,AB,is_a,segment
210,14,noisy_half_text[sentence] + half_diagram,OK,AC,is_a,segment
210,14,noisy_half_text[sentence] + half_diagram,OK,AD,is_a,segment
210,14,noisy_half_text[sentence] + half_diagram,OK,BE,is_a,segment
210,14,noisy_half_text[sentence] + half_diagram,OK,CD,is_a,segment
210,14,noisy_half_text[sentence] + half_diagram,OK,AE,is_a,segment
210,14,noisy_half_text[sentence] + half_diagram,OK,ABE,is_a,triangle
210,14,noisy_half_text[sentence] + half_diagram,OK,ACD,is_a,triangle
210,14,noisy_half_text[sentence] + half_diagram,OK,AB,connects,A
210,14,noisy_half_text[sentence] + half_diagram,OK,AB,connects,B
210,14,noisy_half_text[sentence] + half_diagram,OK,AC,connects,A
210,14,noisy_half_text[sentence] + half_diagram,OK,AC,connects,C
210,14,noisy_half_text[sentence] + half_diagram,OK,AD,connects,A
210,14,noisy_half_text[sentence] + half_diagram,OK,AD,connects,D
210,14,noisy_half_text[sentence] + half_diagram,OK,BE,connects,B
210,14,noisy_half_text[sentence] + half_diagram,OK,BE,connects,E
210,14,noisy_half_text[sentence] + half_diagram,OK,CD,connects,C
210,14,noisy_half_text[sentence] + half_diagram,OK,CD,connects,D
210,14,noisy_half_text[sentence] + half_diagram,OK,AE,connects,A
210,14,noisy_half_text[sentence] + half_diagram,OK,AE,connects,E
210,14,noisy_half_text[sentence] + half_diagram,OK,AB,has_measure,12_units
210,14,noisy_half_text[sentence] + half_diagram,OK,AC,has_measure,16_units
210,14,noisy_half_text[sentence] + half_diagram,OK,AD,has_measure,5_units
210,14,noisy_half_text[sentence] + half_diagram,OK,BE,parallel_to,CD
,,,,,,
211,14,noisy_half_text[sentence] + half_diagram,OK,MNPR,is_a,parallelogram
211,14,noisy_half_text[sentence] + half_diagram,OK,MP,is_a,diagonal
211,14,noisy_half_text[sentence] + half_diagram,OK,RN,is_a,diagonal
211,14,noisy_half_text[sentence] + half_diagram,OK,MP,intersects,RN
211,14,noisy_half_text[sentence] + half_diagram,OK,MP,intersects_at,Q
211,14,noisy_half_text[sentence] + half_diagram,OK,RN,intersects_at,Q
211,14,noisy_half_text[sentence] + half_diagram,OK,MN,is_a,side
211,14,noisy_half_text[sentence] + half_diagram,OK,MN,has_measure,3x - 4
211,14,noisy_half_text[sentence] + half_diagram,OK,NP,is_a,side
211,14,noisy_half_text[sentence] + half_diagram,OK,NP,has_measure,2y + 5
211,14,noisy_half_text[sentence] + half_diagram,OK,MR,is_a,side
211,14,noisy_half_text[sentence] + half_diagram,OK,MR,has_measure,17.9
211,14,noisy_half_text[sentence] + half_diagram,OK,RP,is_a,side
211,14,noisy_half_text[sentence] + half_diagram,OK,RP,has_measure,20
211,14,noisy_half_text[sentence] + half_diagram,OK,∠MQR,is_a,angle
211,14,noisy_half_text[sentence] + half_diagram,OK,∠MQR,has_measure,33_deg
211,14,noisy_half_text[sentence] + half_diagram,OK,∠QRP,is_a,angle
211,14,noisy_half_text[sentence] + half_diagram,OK,∠QRP,has_measure,38_deg
211,14,noisy_half_text[sentence] + half_diagram,OK,∠RQN,is_a,angle
211,14,noisy_half_text[sentence] + half_diagram,OK,∠RQN,has_measure,83_deg
211,14,noisy_half_text[sentence] + half_diagram,OK,QR,is_a,segment
211,14,noisy_half_text[sentence] + half_diagram,OK,QR,has_measure,3z - 3
211,14,noisy_half_text[sentence] + half_diagram,OK,QP,is_a,segment
211,14,noisy_half_text[sentence] + half_diagram,OK,QP,has_measure,11.1
211,14,noisy_half_text[sentence] + half_diagram,OK,QN,is_a,segment
211,14,noisy_half_text[sentence] + half_diagram,OK,QN,has_measure,15.4
211,14,noisy_half_text[sentence] + half_diagram,OK,QM,is_a,segment
211,14,noisy_half_text[sentence] + half_diagram,OK,QM,has_measure,4w - 3
,,,,,,
223,14,noisy_half_text[sentence] + half_diagram,OK,3√2,is_a,number
223,14,noisy_half_text[sentence] + half_diagram,OK,triangle,is_a,right_triangle
223,14,noisy_half_text[sentence] + half_diagram,OK,triangle,has_measure,5
223,14,noisy_half_text[sentence] + half_diagram,OK,triangle,has_measure,x
223,14,noisy_half_text[sentence] + half_diagram,OK,triangle,has_measure,?
223,14,noisy_half_text[sentence] + half_diagram,OK,x,is_a,side
223,14,noisy_half_text[sentence] + half_diagram,OK,?,is_a,side
223,14,noisy_half_text[sentence] + half_diagram,OK,hypotenuse,is_a,side
223,14,noisy_half_text[sentence] + half_diagram,OK,hypotenuse,has_measure,5
223,14,noisy_half_text[sentence] + half_diagram,OK,keys,is_a,object
223,14,noisy_half_text[sentence] + half_diagram,OK,table,is_a,object
223,14,noisy_half_text[sentence] + half_diagram,OK,keys,lies_on,table
223,14,noisy_half_text[sentence] + half_diagram,OK,hallway,is_a,place
223,14,noisy_half_text[sentence] + half_diagram,OK,footsteps,is_a,sound
223,14,noisy_half_text[sentence] + half_diagram,OK,hallway,has_measure,faint_footsteps
223,14,noisy_half_text[sentence] + half_diagram,OK,footsteps,has_measure,faint
223,14,noisy_half_text[sentence] + half_diagram,OK,question,is_a,query
223,14,noisy_half_text[sentence] + half_diagram,OK,question,asks_for,value_of_x
,,,,,,
239,14,noisy_half_text[sentence] + half_diagram,OK,A,is_a,point
239,14,noisy_half_text[sentence] + half_diagram,OK,B,is_a,point
239,14,noisy_half_text[sentence] + half_diagram,OK,C,is_a,point
239,14,noisy_half_text[sentence] + half_diagram,OK,R,is_a,point
239,14,noisy_half_text[sentence] + half_diagram,OK,S,is_a,point
239,14,noisy_half_text[sentence] + half_diagram,OK,T,is_a,point
239,14,noisy_half_text[sentence] + half_diagram,OK,M,is_a,point
239,14,noisy_half_text[sentence] + half_diagram,OK,AT,is_a,segment
239,14,noisy_half_text[sentence] + half_diagram,OK,BR,is_a,segment
239,14,noisy_half_text[sentence] + half_diagram,OK,CS,is_a,segment
239,14,noisy_half_text[sentence] + half_diagram,OK,RM,is_a,segment
239,14,noisy_half_text[sentence] + half_diagram,OK,MB,is_a,segment
239,14,noisy_half_text[sentence] + half_diagram,OK,A,connects,T
239,14,noisy_half_text[sentence] + half_diagram,OK,T,connects,C
239,14,noisy_half_text[sentence] + half_diagram,OK,C,connects,B
239,14,noisy_half_text[sentence] + half_diagram,OK,B,connects,A
239,14,noisy_half_text[sentence] + half_diagram,OK,A,connects,R
239,14,noisy_half_text[sentence] + half_diagram,OK,R,connects,C
239,14,noisy_half_text[sentence] + half_diagram,OK,C,connects,S
239,14,noisy_half_text[sentence] + half_diagram,OK,S,connects,B
239,14,noisy_half_text[sentence] + half_diagram,OK,B,connects,M
239,14,noisy_half_text[sentence] + half_diagram,OK,M,connects,R
239,14,noisy_half_text[sentence] + half_diagram,OK,R,connects,M
239,14,noisy_half_text[sentence] + half_diagram,OK,M,connects,B
239,14,noisy_half_text[sentence] + half_diagram,OK,R,is_a,midpoint
239,14,noisy_half_text[sentence] + half_diagram,OK,S,is_a,midpoint
239,14,noisy_half_text[sentence] + half_diagram,OK,T,is_a,midpoint
239,14,noisy_half_text[sentence] + half_diagram,OK,AT,has_measure,16_units
239,14,noisy_half_text[sentence] + half_diagram,OK,RM,has_measure,4_units
239,14,noisy_half_text[sentence] + half_diagram,OK,AT,intersects,BR
239,14,noisy_half_text[sentence] + half_diagram,OK,BR,intersects,CS
239,14,noisy_half_text[sentence] + half_diagram,OK,CS,intersects,AT
239,14,noisy_half_text[sentence] + half_diagram,OK,AT,intersects,CS
239,14,noisy_half_text[sentence] + half_diagram,OK,R,lies_on,AC
239,14,noisy_half_text[sentence] + half_diagram,OK,S,lies_on,CB
239,14,noisy_half_text[sentence] + half_diagram,OK,T,lies_on,AC
239,14,noisy_half_text[sentence] + half_diagram,OK,M,center_of,triangle_ABC
239,14,noisy_half_text[sentence] + half_diagram,OK,M,is_a,centroid
239,14,noisy_half_text[sentence] + half_diagram,OK,RM,connects,M
239,14,noisy_half_text[sentence] + half_diagram,OK,MB,connects,M
239,14,noisy_half_text[sentence] + half_diagram,OK,AT,connects,T
,,,,,,
243,14,noisy_half_text[sentence] + half_diagram,OK,Des Moines,is_a,point
243,14,noisy_half_text[sentence] + half_diagram,OK,Phoenix,is_a,point
243,14,noisy_half_text[sentence] + half_diagram,OK,Atlanta,is_a,point
243,14,noisy_half_text[sentence] + half_diagram,OK,Des Moines,connects,Phoenix
243,14,noisy_half_text[sentence] + half_diagram,OK,Phoenix,connects,Atlanta
243,14,noisy_half_text[sentence] + half_diagram,OK,Atlanta,connects,Des Moines
243,14,noisy_half_text[sentence] + half_diagram,OK,PhoenixAtlanta,is_a,segment
243,14,noisy_half_text[sentence] + half_diagram,OK,PhoenixAtlanta,has_measure,150x + 91
243,14,noisy_half_text[sentence] + half_diagram,OK,Trip,is_a,path
243,14,noisy_half_text[sentence] + half_diagram,OK,Trip,connects,Phoenix
243,14,noisy_half_text[sentence] + half_diagram,OK,Trip,connects,Atlanta
243,14,noisy_half_text[sentence] + half_diagram,OK,Trip,connects,Des Moines
243,14,noisy_half_text[sentence] + half_diagram,OK,Trip,has_measure,110x + 53
243,14,noisy_half_text[sentence] + half_diagram,OK,Trip,has_measure,150x + 91
243,14,noisy_half_text[sentence] + half_diagram,OK,Trip,has_measure,73.8x
243,14,noisy_half_text[sentence] + half_diagram,OK,Des MoinesPhoenix,is_a,segment
243,14,noisy_half_text[sentence] + half_diagram,OK,Des MoinesPhoenix,has_measure,110x + 53
243,14,noisy_half_text[sentence] + half_diagram,OK,AtlantaDes Moines,is_a,segment
243,14,noisy_half_text[sentence] + half_diagram,OK,AtlantaDes Moines,has_measure,73.8x
243,14,noisy_half_text[sentence] + half_diagram,OK,Des MoinesPhoenixAtlanta,is_a,triangle
243,14,noisy_half_text[sentence] + half_diagram,OK,Des MoinesPhoenixAtlanta,has_measure,150x + 91
243,14,noisy_half_text[sentence] + half_diagram,OK,Des MoinesPhoenixAtlanta,has_measure,110x + 53
243,14,noisy_half_text[sentence] + half_diagram,OK,Des MoinesPhoenixAtlanta,has_measure,73.8x
,,,,,,
257,14,noisy_half_text[sentence] + half_diagram,OK,A,is_a,point
257,14,noisy_half_text[sentence] + half_diagram,OK,B,is_a,point
257,14,noisy_half_text[sentence] + half_diagram,OK,C,is_a,point
257,14,noisy_half_text[sentence] + half_diagram,OK,D,is_a,point
257,14,noisy_half_text[sentence] + half_diagram,OK,E,is_a,point
257,14,noisy_half_text[sentence] + half_diagram,OK,AB,is_a,segment
257,14,noisy_half_text[sentence] + half_diagram,OK,AC,is_a,segment
257,14,noisy_half_text[sentence] + half_diagram,OK,AD,is_a,segment
257,14,noisy_half_text[sentence] + half_diagram,OK,BE,is_a,segment
257,14,noisy_half_text[sentence] + half_diagram,OK,CD,is_a,segment
257,14,noisy_half_text[sentence] + half_diagram,OK,AE,is_a,segment
257,14,noisy_half_text[sentence] + half_diagram,OK,ABE,is_a,triangle
257,14,noisy_half_text[sentence] + half_diagram,OK,ACD,is_a,triangle
257,14,noisy_half_text[sentence] + half_diagram,OK,AB,connects,A
257,14,noisy_half_text[sentence] + half_diagram,OK,AB,connects,B
257,14,noisy_half_text[sentence] + half_diagram,OK,AC,connects,A
257,14,noisy_half_text[sentence] + half_diagram,OK,AC,connects,C
257,14,noisy_half_text[sentence] + half_diagram,OK,AD,connects,A
257,14,noisy_half_text[sentence] + half_diagram,OK,AD,connects,D
257,14,noisy_half_text[sentence] + half_diagram,OK,BE,connects,B
257,14,noisy_half_text[sentence] + half_diagram,OK,BE,connects,E
257,14,noisy_half_text[sentence] + half_diagram,OK,CD,connects,C
257,14,noisy_half_text[sentence] + half_diagram,OK,CD,connects,D
257,14,noisy_half_text[sentence] + half_diagram,OK,AE,connects,A
257,14,noisy_half_text[sentence] + half_diagram,OK,AE,connects,E
257,14,noisy_half_text[sentence] + half_diagram,OK,AB,has_measure,12
257,14,noisy_half_text[sentence] + half_diagram,OK,ED,has_measure,5
257,14,noisy_half_text[sentence] + half_diagram,OK,ABE,shares,A
257,14,noisy_half_text[sentence] + half_diagram,OK,ACD,shares,A
257,14,noisy_half_text[sentence] + half_diagram,OK,BE,parallel_to,CD
257,14,noisy_half_text[sentence] + half_diagram,OK,ABE,similar_to,ACD
,,,,,,
264,14,noisy_half_text[sentence] + half_diagram,OK,MNPQ,is_a,parallelogram
264,14,noisy_half_text[sentence] + half_diagram,OK,M,is_a,point
264,14,noisy_half_text[sentence] + half_diagram,OK,N,is_a,point
264,14,noisy_half_text[sentence] + half_diagram,OK,P,is_a,point
264,14,noisy_half_text[sentence] + half_diagram,OK,Q,is_a,point
264,14,noisy_half_text[sentence] + half_diagram,OK,LM,is_a,segment
264,14,noisy_half_text[sentence] + half_diagram,OK,LM,has_measure,10x
264,14,noisy_half_text[sentence] + half_diagram,OK,LP,is_a,segment
264,14,noisy_half_text[sentence] + half_diagram,OK,LM,has_measure,LP
264,14,noisy_half_text[sentence] + half_diagram,OK,Q,is_a,angle
264,14,noisy_half_text[sentence] + half_diagram,OK,2N,has_measure,Q
264,14,noisy_half_text[sentence] + half_diagram,OK,?,is_a,angle
,,,,,,
281,14,noisy_half_text[sentence] + half_diagram,OK,A,is_a,point
281,14,noisy_half_text[sentence] + half_diagram,OK,B,is_a,point
281,14,noisy_half_text[sentence] + half_diagram,OK,C,is_a,point
281,14,noisy_half_text[sentence] + half_diagram,OK,ABC,is_a,triangle
281,14,noisy_half_text[sentence] + half_diagram,OK,∠C,is_a,angle
281,14,noisy_half_text[sentence] + half_diagram,OK,∠C,has_measure,90_deg
281,14,noisy_half_text[sentence] + half_diagram,OK,AC,is_a,segment
281,14,noisy_half_text[sentence] + half_diagram,OK,BC,is_a,segment
281,14,noisy_half_text[sentence] + half_diagram,OK,AB,is_a,segment
281,14,noisy_half_text[sentence] + half_diagram,OK,AC,has_measure,24_units
281,14,noisy_half_text[sentence] + half_diagram,OK,BC,has_measure,10_units
281,14,noisy_half_text[sentence] + half_diagram,OK,AB,has_measure,26_units
281,14,noisy_half_text[sentence] + half_diagram,OK,A,connects,B
281,14,noisy_half_text[sentence] + half_diagram,OK,B,connects,C
281,14,noisy_half_text[sentence] + half_diagram,OK,C,connects,A
281,14,noisy_half_text[sentence] + half_diagram,OK,ABC,is_a,right_triangle
281,14,noisy_half_text[sentence] + half_diagram,OK,∠C,center_of,right_triangle
281,14,noisy_half_text[sentence] + half_diagram,OK,ratio,is_a,cos_B
281,14,noisy_half_text[sentence] + half_diagram,OK,ratio,mapped_to,decimal
281,14,noisy_half_text[sentence] + half_diagram,OK,ratio,has_measure,?
281,14,noisy_half_text[sentence] + half_diagram,OK,ratio,has_measure,nearest_hundredth
,,,,,,
327,14,noisy_half_text[sentence] + half_diagram,OK,Z,is_a,point
327,14,noisy_half_text[sentence] + half_diagram,OK,Y,is_a,point
327,14,noisy_half_text[sentence] + half_diagram,OK,X,is_a,point
327,14,noisy_half_text[sentence] + half_diagram,OK,N,is_a,point
327,14,noisy_half_text[sentence] + half_diagram,OK,ZY,is_a,segment
327,14,noisy_half_text[sentence] + half_diagram,OK,YX,is_a,segment
327,14,noisy_half_text[sentence] + half_diagram,OK,XZ,is_a,segment
327,14,noisy_half_text[sentence] + half_diagram,OK,ZY,has_measure,10.7_units
327,14,noisy_half_text[sentence] + half_diagram,OK,YX,has_measure,b_units
327,14,noisy_half_text[sentence] + half_diagram,OK,XZ,has_measure,d_units
327,14,noisy_half_text[sentence] + half_diagram,OK,Z,lies_on,ZY
327,14,noisy_half_text[sentence] + half_diagram,OK,Y,lies_on,ZY
327,14,noisy_half_text[sentence] + half_diagram,OK,Y,lies_on,YX
327,14,noisy_half_text[sentence] + half_diagram,OK,X,lies_on,YX
327,14,noisy_half_text[sentence] + half_diagram,OK,X,lies_on,XZ
327,14,noisy_half_text[sentence] + half_diagram,OK,Z,lies_on,XZ
327,14,noisy_half_text[sentence] + half_diagram,OK,N,lies_on,XN
327,14,noisy_half_text[sentence] + half_diagram,OK,X,lies_on,XN
327,14,noisy_half_text[sentence] + half_diagram,OK,XN,is_a,segment
327,14,noisy_half_text[sentence] + half_diagram,OK,XN,perpendicular_to,YX
327,14,noisy_half_text[sentence] + half_diagram,OK,YX,parallel_to,horizon
327,14,noisy_half_text[sentence] + half_diagram,OK,Z,has_measure,335_deg
,,,,,,
348,14,noisy_half_text[sentence] + half_diagram,OK,helicopter_altitude,is_a,198_m
348,14,noisy_half_text[sentence] + half_diagram,OK,angle_of_depression,is_a,44_deg
348,14,noisy_half_text[sentence] + half_diagram,OK,landing_pad,is_a,point
348,14,noisy_half_text[sentence] + half_diagram,OK,d,is_a,distance
348,14,noisy_half_text[sentence] + half_diagram,OK,helicopter_altitude,connects,landing_pad
348,14,noisy_half_text[sentence] + half_diagram,OK,angle_of_depression,lies_on,helicopter_altitude
348,14,noisy_half_text[sentence] + half_diagram,OK,angle_of_depression,lies_on,landing_pad
348,14,noisy_half_text[sentence] + half_diagram,OK,d,connects,helicopter_altitude
348,14,noisy_half_text[sentence] + half_diagram,OK,d,connects,landing_pad
348,14,noisy_half_text[sentence] + half_diagram,OK,helicopter_altitude,has_measure,198_m
348,14,noisy_half_text[sentence] + half_diagram,OK,angle_of_depression,has_measure,44_deg
348,14,noisy_half_text[sentence] + half_diagram,OK,d,has_measure,?
348,14,noisy_half_text[sentence] + half_diagram,OK,bicycle,is_a,object
348,14,noisy_half_text[sentence] + half_diagram,OK,wall,is_a,surface
348,14,noisy_half_text[sentence] + half_diagram,OK,room,is_a,space
348,14,noisy_half_text[sentence] + half_diagram,OK,rain,is_a,smell
348,14,noisy_half_text[sentence] + half_diagram,OK,bicycle,leaning_against,wall
348,14,noisy_half_text[sentence] + half_diagram,OK,room,smelled_of,rain
348,14,noisy_half_text[sentence] + half_diagram,OK,d,is_a,query_target
,,,,,,
364,14,noisy_half_text[sentence] + half_diagram,OK,tower,is_a,point
364,14,noisy_half_text[sentence] + half_diagram,OK,bridge,is_a,segment
364,14,noisy_half_text[sentence] + half_diagram,OK,cable,is_a,segment
364,14,noisy_half_text[sentence] + half_diagram,OK,tower,connects,bridge
364,14,noisy_half_text[sentence] + half_diagram,OK,cable,connects,tower
364,14,noisy_half_text[sentence] + half_diagram,OK,cable,connects,bridge
364,14,noisy_half_text[sentence] + half_diagram,OK,bridge,has_measure,65.9_units
364,14,noisy_half_text[sentence] + half_diagram,OK,tower,has_measure,35.5_units
364,14,noisy_half_text[sentence] + half_diagram,OK,h,is_a,?
,,,,,,
365,14,noisy_half_text[sentence] + half_diagram,OK,plane,is_a,object
365,14,noisy_half_text[sentence] + half_diagram,OK,ground,is_a,surface
365,14,noisy_half_text[sentence] + half_diagram,OK,runway,is_a,surface
365,14,noisy_half_text[sentence] + half_diagram,OK,note,is_a,object
365,14,noisy_half_text[sentence] + half_diagram,OK,door,is_a,object
365,14,noisy_half_text[sentence] + half_diagram,OK,sound,is_a,phenomenon
365,14,noisy_half_text[sentence] + half_diagram,OK,theta,is_a,angle
365,14,noisy_half_text[sentence] + half_diagram,OK,plane,lies_on,ground
365,14,noisy_half_text[sentence] + half_diagram,OK,note,lies_on,door
365,14,noisy_half_text[sentence] + half_diagram,OK,plane,has_measure,10369_metres
365,14,noisy_half_text[sentence] + half_diagram,OK,runway,has_measure,23444_metres
365,14,noisy_half_text[sentence] + half_diagram,OK,theta,is_a,angle_of_approach
365,14,noisy_half_text[sentence] + half_diagram,OK,plane,connects,runway
365,14,noisy_half_text[sentence] + half_diagram,OK,plane,connects,ground
365,14,noisy_half_text[sentence] + half_diagram,OK,theta,connects,plane
365,14,noisy_half_text[sentence] + half_diagram,OK,theta,connects,ground
365,14,noisy_half_text[sentence] + half_diagram,OK,sound,fades_into,silence
365,14,noisy_half_text[sentence] + half_diagram,OK,theta,is_a,query_target
,,,,,,
420,14,noisy_half_text[sentence] + half_diagram,OK,AB,is_a,segment
420,14,noisy_half_text[sentence] + half_diagram,OK,AB,has_measure,10_cm
420,14,noisy_half_text[sentence] + half_diagram,OK,CD,is_a,segment
420,14,noisy_half_text[sentence] + half_diagram,OK,CD,has_measure,6_cm
420,14,noisy_half_text[sentence] + half_diagram,OK,AB,perpendicular_to,CD
420,14,noisy_half_text[sentence] + half_diagram,OK,AB,connects,"A, B"
420,14,noisy_half_text[sentence] + half_diagram,OK,CD,connects,"C, D"
420,14,noisy_half_text[sentence] + half_diagram,OK,ABCD,is_a,trapezium
420,14,noisy_half_text[sentence] + half_diagram,OK,ABCD,has_measure,?
,,,,,,
432,14,noisy_half_text[sentence] + half_diagram,OK,A,is_a,point
432,14,noisy_half_text[sentence] + half_diagram,OK,B,is_a,point
432,14,noisy_half_text[sentence] + half_diagram,OK,AB,is_a,segment
432,14,noisy_half_text[sentence] + half_diagram,OK,AB,connects,A
432,14,noisy_half_text[sentence] + half_diagram,OK,AB,connects,B
432,14,noisy_half_text[sentence] + half_diagram,OK,A,lies_on,x_axis
432,14,noisy_half_text[sentence] + half_diagram,OK,A,lies_on,y_axis
432,14,noisy_half_text[sentence] + half_diagram,OK,B,lies_on,x_axis
432,14,noisy_half_text[sentence] + half_diagram,OK,B,lies_on,y_axis
432,14,noisy_half_text[sentence] + half_diagram,OK,A,has_measure,-3
432,14,noisy_half_text[sentence] + half_diagram,OK,A,has_measure,4
432,14,noisy_half_text[sentence] + half_diagram,OK,B,has_measure,5
432,14,noisy_half_text[sentence] + half_diagram,OK,B,has_measure,2
432,14,noisy_half_text[sentence] + half_diagram,OK,AB,has_measure,?
432,14,noisy_half_text[sentence] + half_diagram,OK,AB,has_measure,?_units
432,14,noisy_half_text[sentence] + half_diagram,OK,AB,has_measure,?_decimal_places
432,14,noisy_half_text[sentence] + half_diagram,OK,AB,has_measure,3
,,,,,,
438,14,noisy_half_text[sentence] + half_diagram,OK,hyperbola,is_a,hyperbola
438,14,noisy_half_text[sentence] + half_diagram,OK,center,is_a,point
438,14,noisy_half_text[sentence] + half_diagram,OK,vertex,is_a,point
438,14,noisy_half_text[sentence] + half_diagram,OK,foci,is_a,point
438,14,noisy_half_text[sentence] + half_diagram,OK,hyperbola,center_of,center
438,14,noisy_half_text[sentence] + half_diagram,OK,hyperbola,has_measure,vertices
438,14,noisy_half_text[sentence] + half_diagram,OK,vertices,is_a,point
438,14,noisy_half_text[sentence] + half_diagram,OK,hyperbola,has_measure,foci
438,14,noisy_half_text[sentence] + half_diagram,OK,hyperbola,has_measure,equation
438,14,noisy_half_text[sentence] + half_diagram,OK,equation,is_a,?
,,,,,,
441,14,noisy_half_text[sentence] + half_diagram,OK,a,is_a,angle
441,14,noisy_half_text[sentence] + half_diagram,OK,P,is_a,point
441,14,noisy_half_text[sentence] + half_diagram,OK,P,lies_on,unit_circle
441,14,noisy_half_text[sentence] + half_diagram,OK,a,has_measure,?
441,14,noisy_half_text[sentence] + half_diagram,OK,unit_circle,radius_of,1_unit
441,14,noisy_half_text[sentence] + half_diagram,OK,x,is_a,axis
441,14,noisy_half_text[sentence] + half_diagram,OK,y,is_a,axis
441,14,noisy_half_text[sentence] + half_diagram,OK,P,lies_on,x
441,14,noisy_half_text[sentence] + half_diagram,OK,a,is_a,standard_position
,,,,,,
447,14,noisy_half_text[sentence] + half_diagram,OK,a,is_a,angle
447,14,noisy_half_text[sentence] + half_diagram,OK,P,is_a,point
447,14,noisy_half_text[sentence] + half_diagram,OK,circle,is_a,circle
447,14,noisy_half_text[sentence] + half_diagram,OK,P,lies_on,circle
447,14,noisy_half_text[sentence] + half_diagram,OK,a,has_measure,?
447,14,noisy_half_text[sentence] + half_diagram,OK,x,is_a,axis
447,14,noisy_half_text[sentence] + half_diagram,OK,y,is_a,axis
447,14,noisy_half_text[sentence] + half_diagram,OK,x,intersects,y
447,14,noisy_half_text[sentence] + half_diagram,OK,circle,radius_of,1_unit
,,,,,,
449,14,noisy_half_text[sentence] + half_diagram,OK,O,is_a,point
449,14,noisy_half_text[sentence] + half_diagram,OK,O,center_of,circle
449,14,noisy_half_text[sentence] + half_diagram,OK,P,is_a,point
449,14,noisy_half_text[sentence] + half_diagram,OK,P,lies_on,circle
449,14,noisy_half_text[sentence] + half_diagram,OK,circle,is_a,circle
449,14,noisy_half_text[sentence] + half_diagram,OK,θ,is_a,angle
449,14,noisy_half_text[sentence] + half_diagram,OK,circle,has_measure,?
449,14,noisy_half_text[sentence] + half_diagram,OK,θ,has_measure,?
449,14,noisy_half_text[sentence] + half_diagram,OK,P,connects,O
449,14,noisy_half_text[sentence] + half_diagram,OK,θ,lies_on,circle
449,14,noisy_half_text[sentence] + half_diagram,OK,θ,connects,P
449,14,noisy_half_text[sentence] + half_diagram,OK,θ,connects,O
449,14,noisy_half_text[sentence] + half_diagram,OK,x,has_measure,?
449,14,noisy_half_text[sentence] + half_diagram,OK,y,has_measure,?
,,,,,,
457,14,noisy_half_text[sentence] + half_diagram,OK,O,is_a,point
457,14,noisy_half_text[sentence] + half_diagram,OK,O,center_of,circle
457,14,noisy_half_text[sentence] + half_diagram,OK,circle,is_a,circle
457,14,noisy_half_text[sentence] + half_diagram,OK,?,query_target,equation
,,,,,,
472,14,noisy_half_text[sentence] + half_diagram,OK,-7,0,"is_a, point"
472,14,noisy_half_text[sentence] + half_diagram,OK,5,-5,"is_a, point"
472,14,noisy_half_text[sentence] + half_diagram,OK,7,0,"is_a, point"
472,14,noisy_half_text[sentence] + half_diagram,OK,semicircle,is_a,semicircle
472,14,noisy_half_text[sentence] + half_diagram,OK,?,is_a,"center_of, semicircle"
472,14,noisy_half_text[sentence] + half_diagram,OK,What,is_a,query_target
472,14,noisy_half_text[sentence] + half_diagram,OK,What,is_a,"center_of, semicircle"
472,14,noisy_half_text[sentence] + half_diagram,OK,hallway,is_a,hallway
472,14,noisy_half_text[sentence] + half_diagram,OK,hallway,echoed_with,faint_footsteps
472,14,noisy_half_text[sentence] + half_diagram,OK,shadow,is_a,shadow
472,14,noisy_half_text[sentence] + half_diagram,OK,shadow,moved_across,floor
472,14,noisy_half_text[sentence] + half_diagram,OK,floor,is_a,floor
,,,,,,
