problem_index,case_id,case_label,status,subject,predicate,object
1,10,full_text + noisy_diagram[pixel_noise],OK,A,is_a,point
1,10,full_text + noisy_diagram[pixel_noise],OK,B,is_a,point
1,10,full_text + noisy_diagram[pixel_noise],OK,C,is_a,point
1,10,full_text + noisy_diagram[pixel_noise],OK,D,is_a,point
1,10,full_text + noisy_diagram[pixel_noise],OK,E,is_a,point
1,10,full_text + noisy_diagram[pixel_noise],OK,ABC,is_a,triangle
1,10,full_text + noisy_diagram[pixel_noise],OK,∠A,is_a,angle
1,10,full_text + noisy_diagram[pixel_noise],OK,∠B,is_a,angle
1,10,full_text + noisy_diagram[pixel_noise],OK,∠C,is_a,angle
1,10,full_text + noisy_diagram[pixel_noise],OK,∠A,has_measure,80_deg
1,10,full_text + noisy_diagram[pixel_noise],OK,∠B,has_measure,60_deg
1,10,full_text + noisy_diagram[pixel_noise],OK,D,lies_on,AB
1,10,full_text + noisy_diagram[pixel_noise],OK,E,lies_on,AC
1,10,full_text + noisy_diagram[pixel_noise],OK,DE,is_a,segment
1,10,full_text + noisy_diagram[pixel_noise],OK,BC,is_a,segment
1,10,full_text + noisy_diagram[pixel_noise],OK,DE,parallel_to,BC
1,10,full_text + noisy_diagram[pixel_noise],OK,∠CED,is_a,angle
1,10,full_text + noisy_diagram[pixel_noise],OK,∠CED,has_measure,?
,,,,,,
2,10,full_text + noisy_diagram[pixel_noise],OK,A,is_a,point
2,10,full_text + noisy_diagram[pixel_noise],OK,B,is_a,point
2,10,full_text + noisy_diagram[pixel_noise],OK,C,is_a,point
2,10,full_text + noisy_diagram[pixel_noise],OK,D,is_a,point
2,10,full_text + noisy_diagram[pixel_noise],OK,E,is_a,point
2,10,full_text + noisy_diagram[pixel_noise],OK,F,is_a,point
2,10,full_text + noisy_diagram[pixel_noise],OK,G,is_a,point
2,10,full_text + noisy_diagram[pixel_noise],OK,AB,is_a,segment
2,10,full_text + noisy_diagram[pixel_noise],OK,CD,is_a,segment
2,10,full_text + noisy_diagram[pixel_noise],OK,EF,is_a,segment
2,10,full_text + noisy_diagram[pixel_noise],OK,EG,is_a,segment
2,10,full_text + noisy_diagram[pixel_noise],OK,∠BEF,is_a,angle
2,10,full_text + noisy_diagram[pixel_noise],OK,∠EFG,is_a,angle
2,10,full_text + noisy_diagram[pixel_noise],OK,∠EGF,is_a,angle
2,10,full_text + noisy_diagram[pixel_noise],OK,AB,parallel_to,CD
2,10,full_text + noisy_diagram[pixel_noise],OK,EF,intersects,AB
2,10,full_text + noisy_diagram[pixel_noise],OK,EF,intersects,CD
2,10,full_text + noisy_diagram[pixel_noise],OK,EG,intersects,CD
2,10,full_text + noisy_diagram[pixel_noise],OK,EG,bisects,∠BEF
2,10,full_text + noisy_diagram[pixel_noise],OK,∠EFG,has_measure,50_deg
2,10,full_text + noisy_diagram[pixel_noise],OK,∠EGF,has_measure,?
,,,,,,
3,10,full_text + noisy_diagram[pixel_noise],OK,B,is_a,point
3,10,full_text + noisy_diagram[pixel_noise],OK,C,is_a,point
3,10,full_text + noisy_diagram[pixel_noise],OK,D,is_a,point
3,10,full_text + noisy_diagram[pixel_noise],OK,A,is_a,point
3,10,full_text + noisy_diagram[pixel_noise],OK,BC,is_a,segment
3,10,full_text + noisy_diagram[pixel_noise],OK,BA,is_a,segment
3,10,full_text + noisy_diagram[pixel_noise],OK,BD,is_a,segment
3,10,full_text + noisy_diagram[pixel_noise],OK,CD,is_a,segment
3,10,full_text + noisy_diagram[pixel_noise],OK,AB,is_a,segment
3,10,full_text + noisy_diagram[pixel_noise],OK,∠BCD,is_a,angle
3,10,full_text + noisy_diagram[pixel_noise],OK,∠CDB,is_a,angle
3,10,full_text + noisy_diagram[pixel_noise],OK,∠ABC,is_a,angle
3,10,full_text + noisy_diagram[pixel_noise],OK,∠ABD,is_a,angle
3,10,full_text + noisy_diagram[pixel_noise],OK,∠DBC,is_a,angle
3,10,full_text + noisy_diagram[pixel_noise],OK,BC,connects,B
3,10,full_text + noisy_diagram[pixel_noise],OK,BC,connects,C
3,10,full_text + noisy_diagram[pixel_noise],OK,BA,connects,B
3,10,full_text + noisy_diagram[pixel_noise],OK,BA,connects,A
3,10,full_text + noisy_diagram[pixel_noise],OK,BD,connects,B
3,10,full_text + noisy_diagram[pixel_noise],OK,BD,connects,D
3,10,full_text + noisy_diagram[pixel_noise],OK,CD,connects,C
3,10,full_text + noisy_diagram[pixel_noise],OK,CD,connects,D
3,10,full_text + noisy_diagram[pixel_noise],OK,AB,connects,A
3,10,full_text + noisy_diagram[pixel_noise],OK,AB,connects,B
3,10,full_text + noisy_diagram[pixel_noise],OK,BC,intersects,B
3,10,full_text + noisy_diagram[pixel_noise],OK,BA,intersects,B
3,10,full_text + noisy_diagram[pixel_noise],OK,∠BCD,has_measure,70_deg
3,10,full_text + noisy_diagram[pixel_noise],OK,∠CDB,has_measure,?
3,10,full_text + noisy_diagram[pixel_noise],OK,BD,bisects,∠ABC
,,,,,,
4,10,full_text + noisy_diagram[pixel_noise],OK,A,is_a,point
4,10,full_text + noisy_diagram[pixel_noise],OK,B,is_a,point
4,10,full_text + noisy_diagram[pixel_noise],OK,C,is_a,point
4,10,full_text + noisy_diagram[pixel_noise],OK,O,is_a,point
4,10,full_text + noisy_diagram[pixel_noise],OK,AB,is_a,segment
4,10,full_text + noisy_diagram[pixel_noise],OK,BC,is_a,segment
4,10,full_text + noisy_diagram[pixel_noise],OK,AO,is_a,segment
4,10,full_text + noisy_diagram[pixel_noise],OK,OC,is_a,segment
4,10,full_text + noisy_diagram[pixel_noise],OK,∠A,is_a,angle
4,10,full_text + noisy_diagram[pixel_noise],OK,∠OCB,is_a,angle
4,10,full_text + noisy_diagram[pixel_noise],OK,AB,tangent_to,circle_O
4,10,full_text + noisy_diagram[pixel_noise],OK,AO,intersects,circle_O
4,10,full_text + noisy_diagram[pixel_noise],OK,AO,intersects,"circle_O_at, C"
4,10,full_text + noisy_diagram[pixel_noise],OK,AB,tangent_to,"circle_O_at, B"
4,10,full_text + noisy_diagram[pixel_noise],OK,∠A,has_measure,36_deg
4,10,full_text + noisy_diagram[pixel_noise],OK,OCB,is_a,angle
4,10,full_text + noisy_diagram[pixel_noise],OK,OCB,has_measure,?
,,,,,,
7,10,full_text + noisy_diagram[pixel_noise],OK,A,is_a,point
7,10,full_text + noisy_diagram[pixel_noise],OK,B,is_a,point
7,10,full_text + noisy_diagram[pixel_noise],OK,C,is_a,point
7,10,full_text + noisy_diagram[pixel_noise],OK,D,is_a,point
7,10,full_text + noisy_diagram[pixel_noise],OK,E,is_a,point
7,10,full_text + noisy_diagram[pixel_noise],OK,ABC,is_a,triangle
7,10,full_text + noisy_diagram[pixel_noise],OK,ADE,is_a,triangle
7,10,full_text + noisy_diagram[pixel_noise],OK,ABC,congruent_to,ADE
7,10,full_text + noisy_diagram[pixel_noise],OK,A,common_vertex_of,ABC
7,10,full_text + noisy_diagram[pixel_noise],OK,A,common_vertex_of,ADE
7,10,full_text + noisy_diagram[pixel_noise],OK,∠B,has_measure,70_deg
7,10,full_text + noisy_diagram[pixel_noise],OK,∠C,has_measure,30_deg
7,10,full_text + noisy_diagram[pixel_noise],OK,∠DAC,has_measure,35_deg
7,10,full_text + noisy_diagram[pixel_noise],OK,∠EAC,is_a,query_target
,,,,,,
8,10,full_text + noisy_diagram[pixel_noise],OK,A,is_a,point
8,10,full_text + noisy_diagram[pixel_noise],OK,B,is_a,point
8,10,full_text + noisy_diagram[pixel_noise],OK,C,is_a,point
8,10,full_text + noisy_diagram[pixel_noise],OK,D,is_a,point
8,10,full_text + noisy_diagram[pixel_noise],OK,E,is_a,point
8,10,full_text + noisy_diagram[pixel_noise],OK,F,is_a,point
8,10,full_text + noisy_diagram[pixel_noise],OK,ABC,is_a,triangle
8,10,full_text + noisy_diagram[pixel_noise],OK,DEF,is_a,triangle
8,10,full_text + noisy_diagram[pixel_noise],OK,ABC,is_a,"congruent_to, DEF"
8,10,full_text + noisy_diagram[pixel_noise],OK,A,is_a,"corresponding, D"
8,10,full_text + noisy_diagram[pixel_noise],OK,B,is_a,"corresponding, E"
8,10,full_text + noisy_diagram[pixel_noise],OK,BC,is_a,segment
8,10,full_text + noisy_diagram[pixel_noise],OK,BC,has_measure,5_units
8,10,full_text + noisy_diagram[pixel_noise],OK,BF,is_a,segment
8,10,full_text + noisy_diagram[pixel_noise],OK,BF,has_measure,7_units
8,10,full_text + noisy_diagram[pixel_noise],OK,EC,is_a,segment
8,10,full_text + noisy_diagram[pixel_noise],OK,EC,has_measure,?
,,,,,,
9,10,full_text + noisy_diagram[pixel_noise],OK,A,is_a,point
9,10,full_text + noisy_diagram[pixel_noise],OK,B,is_a,point
9,10,full_text + noisy_diagram[pixel_noise],OK,C,is_a,point
9,10,full_text + noisy_diagram[pixel_noise],OK,ABC,is_a,triangle
9,10,full_text + noisy_diagram[pixel_noise],OK,angle C,has_measure,90_deg
9,10,full_text + noisy_diagram[pixel_noise],OK,AC,is_a,segment
9,10,full_text + noisy_diagram[pixel_noise],OK,BC,is_a,segment
9,10,full_text + noisy_diagram[pixel_noise],OK,AC,has_measure,?
9,10,full_text + noisy_diagram[pixel_noise],OK,BC,has_measure,?
9,10,full_text + noisy_diagram[pixel_noise],OK,AD,is_a,segment
9,10,full_text + noisy_diagram[pixel_noise],OK,angle CAB,is_a,angle
9,10,full_text + noisy_diagram[pixel_noise],OK,AD,intersects,angle CAB
9,10,full_text + noisy_diagram[pixel_noise],OK,D,is_a,point
9,10,full_text + noisy_diagram[pixel_noise],OK,AD,intersects,BC
9,10,full_text + noisy_diagram[pixel_noise],OK,D,lies_on,BC
9,10,full_text + noisy_diagram[pixel_noise],OK,DE,is_a,segment
9,10,full_text + noisy_diagram[pixel_noise],OK,DE,perpendicular_to,AB
9,10,full_text + noisy_diagram[pixel_noise],OK,E,is_a,point
9,10,full_text + noisy_diagram[pixel_noise],OK,DE,intersects,AB
9,10,full_text + noisy_diagram[pixel_noise],OK,E,lies_on,AB
9,10,full_text + noisy_diagram[pixel_noise],OK,AB,is_a,segment
9,10,full_text + noisy_diagram[pixel_noise],OK,AB,has_measure,6.0
9,10,full_text + noisy_diagram[pixel_noise],OK,DBE,is_a,triangle
9,10,full_text + noisy_diagram[pixel_noise],OK,perimeter of DBE,is_a,query target
,,,,,,
10,10,full_text + noisy_diagram[pixel_noise],OK,A,is_a,point
10,10,full_text + noisy_diagram[pixel_noise],OK,B,is_a,point
10,10,full_text + noisy_diagram[pixel_noise],OK,C,is_a,point
10,10,full_text + noisy_diagram[pixel_noise],OK,ABC,is_a,triangle
10,10,full_text + noisy_diagram[pixel_noise],OK,AB,is_a,segment
10,10,full_text + noisy_diagram[pixel_noise],OK,AC,is_a,segment
10,10,full_text + noisy_diagram[pixel_noise],OK,AB,connects,A
10,10,full_text + noisy_diagram[pixel_noise],OK,AB,connects,B
10,10,full_text + noisy_diagram[pixel_noise],OK,AC,connects,A
10,10,full_text + noisy_diagram[pixel_noise],OK,AC,connects,C
10,10,full_text + noisy_diagram[pixel_noise],OK,AB,has_measure,?
10,10,full_text + noisy_diagram[pixel_noise],OK,AC,has_measure,?
10,10,full_text + noisy_diagram[pixel_noise],OK,∠BAC,is_a,angle
10,10,full_text + noisy_diagram[pixel_noise],OK,∠BAC,has_measure,36_deg
10,10,full_text + noisy_diagram[pixel_noise],OK,D,is_a,point
10,10,full_text + noisy_diagram[pixel_noise],OK,E,is_a,point
10,10,full_text + noisy_diagram[pixel_noise],OK,DE,is_a,segment
10,10,full_text + noisy_diagram[pixel_noise],OK,DE,perpendicular_to,AB
10,10,full_text + noisy_diagram[pixel_noise],OK,DE,intersects,AB
10,10,full_text + noisy_diagram[pixel_noise],OK,DE,intersects,AC
10,10,full_text + noisy_diagram[pixel_noise],OK,DE,connects,D
10,10,full_text + noisy_diagram[pixel_noise],OK,DE,connects,E
10,10,full_text + noisy_diagram[pixel_noise],OK,AB,intersects,DE
10,10,full_text + noisy_diagram[pixel_noise],OK,AC,intersects,DE
10,10,full_text + noisy_diagram[pixel_noise],OK,BDC,is_a,angle
10,10,full_text + noisy_diagram[pixel_noise],OK,BDC,has_measure,?
,,,,,,
11,10,full_text + noisy_diagram[pixel_noise],OK,A,is_a,point
11,10,full_text + noisy_diagram[pixel_noise],OK,B,is_a,point
11,10,full_text + noisy_diagram[pixel_noise],OK,C,is_a,point
11,10,full_text + noisy_diagram[pixel_noise],OK,ABC,is_a,triangle
11,10,full_text + noisy_diagram[pixel_noise],OK,∠C,is_a,angle
11,10,full_text + noisy_diagram[pixel_noise],OK,∠C,has_measure,36_deg
11,10,full_text + noisy_diagram[pixel_noise],OK,E,is_a,point
11,10,full_text + noisy_diagram[pixel_noise],OK,D,is_a,point
11,10,full_text + noisy_diagram[pixel_noise],OK,AED,is_a,triangle
11,10,full_text + noisy_diagram[pixel_noise],OK,AD,is_a,segment
11,10,full_text + noisy_diagram[pixel_noise],OK,BC,is_a,segment
11,10,full_text + noisy_diagram[pixel_noise],OK,F,is_a,point
11,10,full_text + noisy_diagram[pixel_noise],OK,AD,intersects,BC
11,10,full_text + noisy_diagram[pixel_noise],OK,AD,intersects,"BC, at, F"
11,10,full_text + noisy_diagram[pixel_noise],OK,AFC,is_a,angle
11,10,full_text + noisy_diagram[pixel_noise],OK,∠BAC,is_a,angle
11,10,full_text + noisy_diagram[pixel_noise],OK,∠BAC,has_measure,60_deg
,,,,,,
14,10,full_text + noisy_diagram[pixel_noise],OK,O,is_a,circle
14,10,full_text + noisy_diagram[pixel_noise],OK,A,is_a,point
14,10,full_text + noisy_diagram[pixel_noise],OK,B,is_a,point
14,10,full_text + noisy_diagram[pixel_noise],OK,C,is_a,point
14,10,full_text + noisy_diagram[pixel_noise],OK,OAB,is_a,angle
14,10,full_text + noisy_diagram[pixel_noise],OK,ABC,is_a,triangle
14,10,full_text + noisy_diagram[pixel_noise],OK,OAB,has_measure,35_deg
14,10,full_text + noisy_diagram[pixel_noise],OK,A,lies_on,O
14,10,full_text + noisy_diagram[pixel_noise],OK,B,lies_on,O
14,10,full_text + noisy_diagram[pixel_noise],OK,C,lies_on,O
14,10,full_text + noisy_diagram[pixel_noise],OK,A,connects,B
14,10,full_text + noisy_diagram[pixel_noise],OK,B,connects,C
14,10,full_text + noisy_diagram[pixel_noise],OK,C,connects,A
14,10,full_text + noisy_diagram[pixel_noise],OK,O,center_of,O
14,10,full_text + noisy_diagram[pixel_noise],OK,ACB,is_a,angle
14,10,full_text + noisy_diagram[pixel_noise],OK,ACB,is_a,query_target
,,,,,,
16,10,full_text + noisy_diagram[pixel_noise],OK,O,is_a,point
16,10,full_text + noisy_diagram[pixel_noise],OK,A,is_a,point
16,10,full_text + noisy_diagram[pixel_noise],OK,B,is_a,point
16,10,full_text + noisy_diagram[pixel_noise],OK,C,is_a,point
16,10,full_text + noisy_diagram[pixel_noise],OK,OA,is_a,segment
16,10,full_text + noisy_diagram[pixel_noise],OK,OB,is_a,segment
16,10,full_text + noisy_diagram[pixel_noise],OK,OC,is_a,segment
16,10,full_text + noisy_diagram[pixel_noise],OK,AC,is_a,segment
16,10,full_text + noisy_diagram[pixel_noise],OK,∠BOC,is_a,angle
16,10,full_text + noisy_diagram[pixel_noise],OK,O,center_of,circle
16,10,full_text + noisy_diagram[pixel_noise],OK,OA,radius_of,circle
16,10,full_text + noisy_diagram[pixel_noise],OK,OB,radius_of,circle
16,10,full_text + noisy_diagram[pixel_noise],OK,OC,radius_of,circle
16,10,full_text + noisy_diagram[pixel_noise],OK,AC,parallel_to,OB
16,10,full_text + noisy_diagram[pixel_noise],OK,∠BOC,has_measure,50_deg
16,10,full_text + noisy_diagram[pixel_noise],OK,∠OAB,is_a,angle
16,10,full_text + noisy_diagram[pixel_noise],OK,∠OAB,has_measure,?
16,10,full_text + noisy_diagram[pixel_noise],OK,∠OAB,is_a,query_target
,,,,,,
17,10,full_text + noisy_diagram[pixel_noise],OK,A,is_a,point
17,10,full_text + noisy_diagram[pixel_noise],OK,B,is_a,point
17,10,full_text + noisy_diagram[pixel_noise],OK,C,is_a,point
17,10,full_text + noisy_diagram[pixel_noise],OK,D,is_a,point
17,10,full_text + noisy_diagram[pixel_noise],OK,O,is_a,point
17,10,full_text + noisy_diagram[pixel_noise],OK,ABCD,is_a,parallelogram
17,10,full_text + noisy_diagram[pixel_noise],OK,AC,is_a,diagonal
17,10,full_text + noisy_diagram[pixel_noise],OK,BD,is_a,diagonal
17,10,full_text + noisy_diagram[pixel_noise],OK,AC,intersects,BD
17,10,full_text + noisy_diagram[pixel_noise],OK,AC,intersects,"BD, at, O"
17,10,full_text + noisy_diagram[pixel_noise],OK,∠DAC,is_a,angle
17,10,full_text + noisy_diagram[pixel_noise],OK,∠DAC,has_measure,42_deg
17,10,full_text + noisy_diagram[pixel_noise],OK,∠CBD,is_a,angle
17,10,full_text + noisy_diagram[pixel_noise],OK,∠CBD,has_measure,23_deg
17,10,full_text + noisy_diagram[pixel_noise],OK,∠COD,is_a,angle
17,10,full_text + noisy_diagram[pixel_noise],OK,∠COD,has_measure,?
17,10,full_text + noisy_diagram[pixel_noise],OK,A,connects,B
17,10,full_text + noisy_diagram[pixel_noise],OK,B,connects,C
17,10,full_text + noisy_diagram[pixel_noise],OK,C,connects,D
17,10,full_text + noisy_diagram[pixel_noise],OK,D,connects,A
17,10,full_text + noisy_diagram[pixel_noise],OK,A,connects,C
17,10,full_text + noisy_diagram[pixel_noise],OK,B,connects,D
,,,,,,
20,10,full_text + noisy_diagram[pixel_noise],OK,O,is_a,circle
20,10,full_text + noisy_diagram[pixel_noise],OK,AB,is_a,diameter
20,10,full_text + noisy_diagram[pixel_noise],OK,AB,connects,A
20,10,full_text + noisy_diagram[pixel_noise],OK,AB,connects,B
20,10,full_text + noisy_diagram[pixel_noise],OK,A,is_a,point
20,10,full_text + noisy_diagram[pixel_noise],OK,B,is_a,point
20,10,full_text + noisy_diagram[pixel_noise],OK,C,is_a,point
20,10,full_text + noisy_diagram[pixel_noise],OK,D,is_a,point
20,10,full_text + noisy_diagram[pixel_noise],OK,AB,lies_on,O
20,10,full_text + noisy_diagram[pixel_noise],OK,C,lies_on,O
20,10,full_text + noisy_diagram[pixel_noise],OK,D,lies_on,O
20,10,full_text + noisy_diagram[pixel_noise],OK,AC,is_a,segment
20,10,full_text + noisy_diagram[pixel_noise],OK,BC,is_a,segment
20,10,full_text + noisy_diagram[pixel_noise],OK,CD,is_a,segment
20,10,full_text + noisy_diagram[pixel_noise],OK,OD,is_a,segment
20,10,full_text + noisy_diagram[pixel_noise],OK,∠DOB,is_a,angle
20,10,full_text + noisy_diagram[pixel_noise],OK,∠DOB,has_measure,140_deg
20,10,full_text + noisy_diagram[pixel_noise],OK,∠ACD,is_a,angle
20,10,full_text + noisy_diagram[pixel_noise],OK,∠ACD,has_measure,?
20,10,full_text + noisy_diagram[pixel_noise],OK,AB,diameter_of,O
20,10,full_text + noisy_diagram[pixel_noise],OK,O,center_of,O
,,,,,,
22,10,full_text + noisy_diagram[pixel_noise],OK,A,is_a,point
22,10,full_text + noisy_diagram[pixel_noise],OK,B,is_a,point
22,10,full_text + noisy_diagram[pixel_noise],OK,C,is_a,point
22,10,full_text + noisy_diagram[pixel_noise],OK,D,is_a,point
22,10,full_text + noisy_diagram[pixel_noise],OK,M,is_a,point
22,10,full_text + noisy_diagram[pixel_noise],OK,N,is_a,point
22,10,full_text + noisy_diagram[pixel_noise],OK,O,is_a,point
22,10,full_text + noisy_diagram[pixel_noise],OK,ABCD,is_a,diamond
22,10,full_text + noisy_diagram[pixel_noise],OK,M,lies_on,AB
22,10,full_text + noisy_diagram[pixel_noise],OK,N,lies_on,CD
22,10,full_text + noisy_diagram[pixel_noise],OK,AM,has_measure,CN
22,10,full_text + noisy_diagram[pixel_noise],OK,MN,intersects,AC
22,10,full_text + noisy_diagram[pixel_noise],OK,MN,intersects,O
22,10,full_text + noisy_diagram[pixel_noise],OK,AC,intersects,O
22,10,full_text + noisy_diagram[pixel_noise],OK,BO,connects,B
22,10,full_text + noisy_diagram[pixel_noise],OK,BO,connects,O
22,10,full_text + noisy_diagram[pixel_noise],OK,DAC,is_a,angle
22,10,full_text + noisy_diagram[pixel_noise],OK,DAC,has_measure,28_deg
22,10,full_text + noisy_diagram[pixel_noise],OK,OBC,is_a,angle
,,,,,,
25,10,full_text + noisy_diagram[pixel_noise],OK,A,is_a,point
25,10,full_text + noisy_diagram[pixel_noise],OK,B,is_a,point
25,10,full_text + noisy_diagram[pixel_noise],OK,C,is_a,point
25,10,full_text + noisy_diagram[pixel_noise],OK,E,is_a,point
25,10,full_text + noisy_diagram[pixel_noise],OK,F,is_a,point
25,10,full_text + noisy_diagram[pixel_noise],OK,AB,is_a,segment
25,10,full_text + noisy_diagram[pixel_noise],OK,AC,is_a,segment
25,10,full_text + noisy_diagram[pixel_noise],OK,BC,is_a,segment
25,10,full_text + noisy_diagram[pixel_noise],OK,EF,is_a,segment
25,10,full_text + noisy_diagram[pixel_noise],OK,∠B,is_a,angle
25,10,full_text + noisy_diagram[pixel_noise],OK,∠C,is_a,angle
25,10,full_text + noisy_diagram[pixel_noise],OK,∠BAF,is_a,angle
25,10,full_text + noisy_diagram[pixel_noise],OK,EF,parallel_to,BC
25,10,full_text + noisy_diagram[pixel_noise],OK,AC,bisects,∠BAF
25,10,full_text + noisy_diagram[pixel_noise],OK,∠B,has_measure,50_deg
25,10,full_text + noisy_diagram[pixel_noise],OK,?,is_a,query_target
,,,,,,
26,10,full_text + noisy_diagram[pixel_noise],OK,bamboo_pole,is_a,object
26,10,full_text + noisy_diagram[pixel_noise],OK,bamboo_pole,has_measure,3.2_m
26,10,full_text + noisy_diagram[pixel_noise],OK,shadow,is_a,object
26,10,full_text + noisy_diagram[pixel_noise],OK,shadow,has_measure,?
26,10,full_text + noisy_diagram[pixel_noise],OK,shadow,connects,ground
26,10,full_text + noisy_diagram[pixel_noise],OK,flagpole,is_a,object
26,10,full_text + noisy_diagram[pixel_noise],OK,flagpole,has_measure,?
26,10,full_text + noisy_diagram[pixel_noise],OK,bamboo_pole,connects,ground
26,10,full_text + noisy_diagram[pixel_noise],OK,flagpole,connects,ground
26,10,full_text + noisy_diagram[pixel_noise],OK,bamboo_pole,connects,shadow
26,10,full_text + noisy_diagram[pixel_noise],OK,flagpole,connects,shadow
26,10,full_text + noisy_diagram[pixel_noise],OK,bamboo_pole,has_measure,8.0_m
26,10,full_text + noisy_diagram[pixel_noise],OK,flagpole,has_measure,22.0_m
26,10,full_text + noisy_diagram[pixel_noise],OK,ground,is_a,surface
26,10,full_text + noisy_diagram[pixel_noise],OK,shadow,is_a,line
,,,,,,
29,10,full_text + noisy_diagram[pixel_noise],OK,A,is_a,point
29,10,full_text + noisy_diagram[pixel_noise],OK,B,is_a,point
29,10,full_text + noisy_diagram[pixel_noise],OK,C,is_a,point
29,10,full_text + noisy_diagram[pixel_noise],OK,D,is_a,point
29,10,full_text + noisy_diagram[pixel_noise],OK,ABC,is_a,triangle
29,10,full_text + noisy_diagram[pixel_noise],OK,BD,is_a,segment
29,10,full_text + noisy_diagram[pixel_noise],OK,CD,is_a,segment
29,10,full_text + noisy_diagram[pixel_noise],OK,D,is_a,intersection_point
29,10,full_text + noisy_diagram[pixel_noise],OK,BD,is_a,angle_bisector
29,10,full_text + noisy_diagram[pixel_noise],OK,CD,is_a,angle_bisector
29,10,full_text + noisy_diagram[pixel_noise],OK,A,is_a,angle
29,10,full_text + noisy_diagram[pixel_noise],OK,A,has_measure,50_deg
29,10,full_text + noisy_diagram[pixel_noise],OK,∠BDC,is_a,angle
29,10,full_text + noisy_diagram[pixel_noise],OK,∠BDC,has_measure,?
29,10,full_text + noisy_diagram[pixel_noise],OK,∠BDC,is_a,query_target
,,,,,,
30,10,full_text + noisy_diagram[pixel_noise],OK,O,is_a,point
30,10,full_text + noisy_diagram[pixel_noise],OK,A,is_a,point
30,10,full_text + noisy_diagram[pixel_noise],OK,B,is_a,point
30,10,full_text + noisy_diagram[pixel_noise],OK,C,is_a,point
30,10,full_text + noisy_diagram[pixel_noise],OK,OA,is_a,segment
30,10,full_text + noisy_diagram[pixel_noise],OK,OB,is_a,segment
30,10,full_text + noisy_diagram[pixel_noise],OK,OC,is_a,segment
30,10,full_text + noisy_diagram[pixel_noise],OK,AC,is_a,segment
30,10,full_text + noisy_diagram[pixel_noise],OK,AB,is_a,segment
30,10,full_text + noisy_diagram[pixel_noise],OK,BC,is_a,segment
30,10,full_text + noisy_diagram[pixel_noise],OK,OA,has_measure,?
30,10,full_text + noisy_diagram[pixel_noise],OK,OB,has_measure,?
30,10,full_text + noisy_diagram[pixel_noise],OK,OC,has_measure,?
30,10,full_text + noisy_diagram[pixel_noise],OK,OA,collinear_with,A
30,10,full_text + noisy_diagram[pixel_noise],OK,OA,collinear_with,O
30,10,full_text + noisy_diagram[pixel_noise],OK,OB,collinear_with,B
30,10,full_text + noisy_diagram[pixel_noise],OK,OB,collinear_with,O
30,10,full_text + noisy_diagram[pixel_noise],OK,OC,collinear_with,C
30,10,full_text + noisy_diagram[pixel_noise],OK,OC,collinear_with,O
30,10,full_text + noisy_diagram[pixel_noise],OK,AC,collinear_with,A
30,10,full_text + noisy_diagram[pixel_noise],OK,AC,collinear_with,C
30,10,full_text + noisy_diagram[pixel_noise],OK,AB,collinear_with,A
30,10,full_text + noisy_diagram[pixel_noise],OK,AB,collinear_with,B
30,10,full_text + noisy_diagram[pixel_noise],OK,BC,collinear_with,B
30,10,full_text + noisy_diagram[pixel_noise],OK,BC,collinear_with,C
30,10,full_text + noisy_diagram[pixel_noise],OK,OA,parallel_to,OB
30,10,full_text + noisy_diagram[pixel_noise],OK,OA,parallel_to,OC
30,10,full_text + noisy_diagram[pixel_noise],OK,OB,parallel_to,OC
,,,,,,
32,10,full_text + noisy_diagram[pixel_noise],OK,A,is_a,point
32,10,full_text + noisy_diagram[pixel_noise],OK,B,is_a,point
32,10,full_text + noisy_diagram[pixel_noise],OK,C,is_a,point
32,10,full_text + noisy_diagram[pixel_noise],OK,I,is_a,point
32,10,full_text + noisy_diagram[pixel_noise],OK,D,is_a,point
32,10,full_text + noisy_diagram[pixel_noise],OK,E,is_a,point
32,10,full_text + noisy_diagram[pixel_noise],OK,F,is_a,point
32,10,full_text + noisy_diagram[pixel_noise],OK,∠DEF,is_a,angle
32,10,full_text + noisy_diagram[pixel_noise],OK,∠DEF,has_measure,52_deg
32,10,full_text + noisy_diagram[pixel_noise],OK,ABC,is_a,triangle
32,10,full_text + noisy_diagram[pixel_noise],OK,I,is_a,circle
32,10,full_text + noisy_diagram[pixel_noise],OK,I,center_of,circle
32,10,full_text + noisy_diagram[pixel_noise],OK,D,lies_on,triangle
32,10,full_text + noisy_diagram[pixel_noise],OK,E,lies_on,triangle
32,10,full_text + noisy_diagram[pixel_noise],OK,F,lies_on,triangle
32,10,full_text + noisy_diagram[pixel_noise],OK,D,lies_on,circle
32,10,full_text + noisy_diagram[pixel_noise],OK,E,lies_on,circle
32,10,full_text + noisy_diagram[pixel_noise],OK,F,lies_on,circle
32,10,full_text + noisy_diagram[pixel_noise],OK,∠A,is_a,angle
32,10,full_text + noisy_diagram[pixel_noise],OK,∠A,has_measure,?
,,,,,,
34,10,full_text + noisy_diagram[pixel_noise],OK,A,is_a,point
34,10,full_text + noisy_diagram[pixel_noise],OK,B,is_a,point
34,10,full_text + noisy_diagram[pixel_noise],OK,C,is_a,point
34,10,full_text + noisy_diagram[pixel_noise],OK,D,is_a,point
34,10,full_text + noisy_diagram[pixel_noise],OK,E,is_a,point
34,10,full_text + noisy_diagram[pixel_noise],OK,F,is_a,point
34,10,full_text + noisy_diagram[pixel_noise],OK,P,is_a,point
34,10,full_text + noisy_diagram[pixel_noise],OK,Q,is_a,point
34,10,full_text + noisy_diagram[pixel_noise],OK,AB,is_a,line
34,10,full_text + noisy_diagram[pixel_noise],OK,CD,is_a,line
34,10,full_text + noisy_diagram[pixel_noise],OK,EF,is_a,line
34,10,full_text + noisy_diagram[pixel_noise],OK,AB,parallel_to,CD
34,10,full_text + noisy_diagram[pixel_noise],OK,P,is_a,intersection
34,10,full_text + noisy_diagram[pixel_noise],OK,Q,is_a,intersection
34,10,full_text + noisy_diagram[pixel_noise],OK,EF,intersects,AB
34,10,full_text + noisy_diagram[pixel_noise],OK,EF,intersects,CD
34,10,full_text + noisy_diagram[pixel_noise],OK,∠BPF,is_a,angle
34,10,full_text + noisy_diagram[pixel_noise],OK,∠BPF,has_measure,100_deg
34,10,full_text + noisy_diagram[pixel_noise],OK,∠CQF,is_a,angle
34,10,full_text + noisy_diagram[pixel_noise],OK,∠CQF,has_measure,?
,,,,,,
36,10,full_text + noisy_diagram[pixel_noise],OK,O,is_a,circle
36,10,full_text + noisy_diagram[pixel_noise],OK,AB,is_a,diameter
36,10,full_text + noisy_diagram[pixel_noise],OK,AB,diameter_of,O
36,10,full_text + noisy_diagram[pixel_noise],OK,C,is_a,point
36,10,full_text + noisy_diagram[pixel_noise],OK,C,lies_on,O
36,10,full_text + noisy_diagram[pixel_noise],OK,AB,connects,D
36,10,full_text + noisy_diagram[pixel_noise],OK,D,is_a,point
36,10,full_text + noisy_diagram[pixel_noise],OK,DC,is_a,line
36,10,full_text + noisy_diagram[pixel_noise],OK,DB,is_a,line
36,10,full_text + noisy_diagram[pixel_noise],OK,∠CDB,is_a,angle
36,10,full_text + noisy_diagram[pixel_noise],OK,∠CDB,has_measure,50_deg
36,10,full_text + noisy_diagram[pixel_noise],OK,AC,is_a,segment
36,10,full_text + noisy_diagram[pixel_noise],OK,AC,connects,A
36,10,full_text + noisy_diagram[pixel_noise],OK,AC,connects,C
36,10,full_text + noisy_diagram[pixel_noise],OK,BAC,is_a,angle
36,10,full_text + noisy_diagram[pixel_noise],OK,BAC,has_measure,?
,,,,,,
37,10,full_text + noisy_diagram[pixel_noise],OK,A,is_a,point
37,10,full_text + noisy_diagram[pixel_noise],OK,B,is_a,point
37,10,full_text + noisy_diagram[pixel_noise],OK,C,is_a,point
37,10,full_text + noisy_diagram[pixel_noise],OK,D,is_a,point
37,10,full_text + noisy_diagram[pixel_noise],OK,O,is_a,point
37,10,full_text + noisy_diagram[pixel_noise],OK,P,is_a,point
37,10,full_text + noisy_diagram[pixel_noise],OK,AB,is_a,line
37,10,full_text + noisy_diagram[pixel_noise],OK,CD,is_a,line
37,10,full_text + noisy_diagram[pixel_noise],OK,AP,is_a,segment
37,10,full_text + noisy_diagram[pixel_noise],OK,AO,is_a,segment
37,10,full_text + noisy_diagram[pixel_noise],OK,OP,is_a,segment
37,10,full_text + noisy_diagram[pixel_noise],OK,OC,is_a,segment
37,10,full_text + noisy_diagram[pixel_noise],OK,CD,has_measure,50_deg
37,10,full_text + noisy_diagram[pixel_noise],OK,AB,parallel_to,CD
37,10,full_text + noisy_diagram[pixel_noise],OK,AB,intersects,transversal
37,10,full_text + noisy_diagram[pixel_noise],OK,CD,intersects,transversal
37,10,full_text + noisy_diagram[pixel_noise],OK,transversal,intersects,"AB, at, O"
37,10,full_text + noisy_diagram[pixel_noise],OK,transversal,intersects,"CD, at, C"
37,10,full_text + noisy_diagram[pixel_noise],OK,O,lies_on,AB
37,10,full_text + noisy_diagram[pixel_noise],OK,C,lies_on,CD
37,10,full_text + noisy_diagram[pixel_noise],OK,P,lies_on,transversal
37,10,full_text + noisy_diagram[pixel_noise],OK,C,collinear_with,O
37,10,full_text + noisy_diagram[pixel_noise],OK,C,collinear_with,P
37,10,full_text + noisy_diagram[pixel_noise],OK,O,collinear_with,P
37,10,full_text + noisy_diagram[pixel_noise],OK,A,lies_on,AB
37,10,full_text + noisy_diagram[pixel_noise],OK,AO,equals,OP
37,10,full_text + noisy_diagram[pixel_noise],OK,∠OAP,is_a,angle
37,10,full_text + noisy_diagram[pixel_noise],OK,∠OAP,is_a,query_target
,,,,,,
38,10,full_text + noisy_diagram[pixel_noise],OK,A,is_a,point
38,10,full_text + noisy_diagram[pixel_noise],OK,B,is_a,point
38,10,full_text + noisy_diagram[pixel_noise],OK,C,is_a,point
38,10,full_text + noisy_diagram[pixel_noise],OK,D,is_a,point
38,10,full_text + noisy_diagram[pixel_noise],OK,AB,is_a,segment
38,10,full_text + noisy_diagram[pixel_noise],OK,AC,is_a,segment
38,10,full_text + noisy_diagram[pixel_noise],OK,AD,is_a,segment
38,10,full_text + noisy_diagram[pixel_noise],OK,BC,is_a,segment
38,10,full_text + noisy_diagram[pixel_noise],OK,ABC,is_a,triangle
38,10,full_text + noisy_diagram[pixel_noise],OK,AD,parallel_to,BC
38,10,full_text + noisy_diagram[pixel_noise],OK,D,lies_on,AD
38,10,full_text + noisy_diagram[pixel_noise],OK,∠CAD,is_a,angle
38,10,full_text + noisy_diagram[pixel_noise],OK,∠CAD,has_measure,70_deg
38,10,full_text + noisy_diagram[pixel_noise],OK,AB,has_measure,?
38,10,full_text + noisy_diagram[pixel_noise],OK,AC,has_measure,?
38,10,full_text + noisy_diagram[pixel_noise],OK,AD,has_measure,?
38,10,full_text + noisy_diagram[pixel_noise],OK,BC,has_measure,?
38,10,full_text + noisy_diagram[pixel_noise],OK,∠BAC,is_a,angle
38,10,full_text + noisy_diagram[pixel_noise],OK,∠BAC,has_measure,?
,,,,,,
40,10,full_text + noisy_diagram[pixel_noise],OK,a,is_a,line
40,10,full_text + noisy_diagram[pixel_noise],OK,b,is_a,line
40,10,full_text + noisy_diagram[pixel_noise],OK,c,is_a,line
40,10,full_text + noisy_diagram[pixel_noise],OK,a,parallel_to,b
40,10,full_text + noisy_diagram[pixel_noise],OK,a,intersects,c
40,10,full_text + noisy_diagram[pixel_noise],OK,b,intersects,c
40,10,full_text + noisy_diagram[pixel_noise],OK,c,intersects,"a, at, E"
40,10,full_text + noisy_diagram[pixel_noise],OK,c,intersects,"b, at, F"
40,10,full_text + noisy_diagram[pixel_noise],OK,E,is_a,point
40,10,full_text + noisy_diagram[pixel_noise],OK,F,is_a,point
40,10,full_text + noisy_diagram[pixel_noise],OK,A,is_a,point
40,10,full_text + noisy_diagram[pixel_noise],OK,B,is_a,point
40,10,full_text + noisy_diagram[pixel_noise],OK,C,is_a,point
40,10,full_text + noisy_diagram[pixel_noise],OK,D,is_a,point
40,10,full_text + noisy_diagram[pixel_noise],OK,A,lies_on,a
40,10,full_text + noisy_diagram[pixel_noise],OK,B,lies_on,b
40,10,full_text + noisy_diagram[pixel_noise],OK,C,lies_on,c
40,10,full_text + noisy_diagram[pixel_noise],OK,D,lies_on,c
40,10,full_text + noisy_diagram[pixel_noise],OK,E,lies_on,a
40,10,full_text + noisy_diagram[pixel_noise],OK,F,lies_on,b
40,10,full_text + noisy_diagram[pixel_noise],OK,A,to_the_right_of,E
40,10,full_text + noisy_diagram[pixel_noise],OK,B,to_the_right_of,F
40,10,full_text + noisy_diagram[pixel_noise],OK,C,above,E
40,10,full_text + noisy_diagram[pixel_noise],OK,D,below,F
40,10,full_text + noisy_diagram[pixel_noise],OK,AEC,is_a,angle
40,10,full_text + noisy_diagram[pixel_noise],OK,AEC,has_measure,50_deg
40,10,full_text + noisy_diagram[pixel_noise],OK,BFD,is_a,angle
,,,,,,
43,10,full_text + noisy_diagram[pixel_noise],OK,A,is_a,point
43,10,full_text + noisy_diagram[pixel_noise],OK,B,is_a,point
43,10,full_text + noisy_diagram[pixel_noise],OK,O,is_a,point
43,10,full_text + noisy_diagram[pixel_noise],OK,D,is_a,point
43,10,full_text + noisy_diagram[pixel_noise],OK,C,is_a,point
43,10,full_text + noisy_diagram[pixel_noise],OK,OA,is_a,segment
43,10,full_text + noisy_diagram[pixel_noise],OK,OB,is_a,segment
43,10,full_text + noisy_diagram[pixel_noise],OK,OD,is_a,segment
43,10,full_text + noisy_diagram[pixel_noise],OK,OC,is_a,segment
43,10,full_text + noisy_diagram[pixel_noise],OK,OAB,is_a,triangle
43,10,full_text + noisy_diagram[pixel_noise],OK,AOC,is_a,angle
43,10,full_text + noisy_diagram[pixel_noise],OK,DOB,is_a,angle
43,10,full_text + noisy_diagram[pixel_noise],OK,O,rotated_about,30_deg
43,10,full_text + noisy_diagram[pixel_noise],OK,A,mapped_to,D
43,10,full_text + noisy_diagram[pixel_noise],OK,B,mapped_to,C
43,10,full_text + noisy_diagram[pixel_noise],OK,OD,is_a,"image_of, OA"
43,10,full_text + noisy_diagram[pixel_noise],OK,OC,is_a,"image_of, OB"
43,10,full_text + noisy_diagram[pixel_noise],OK,AOC,has_measure,100_deg
,,,,,,
44,10,full_text + noisy_diagram[pixel_noise],OK,A,is_a,point
44,10,full_text + noisy_diagram[pixel_noise],OK,B,is_a,point
44,10,full_text + noisy_diagram[pixel_noise],OK,AB,is_a,segment
44,10,full_text + noisy_diagram[pixel_noise],OK,AB,has_measure,30_units
44,10,full_text + noisy_diagram[pixel_noise],OK,Xiaogang,is_a,person
44,10,full_text + noisy_diagram[pixel_noise],OK,Xiaogang,has_measure,1.5_units
44,10,full_text + noisy_diagram[pixel_noise],OK,Xiaogang,connects,A
44,10,full_text + noisy_diagram[pixel_noise],OK,Xiaogang,connects,B
44,10,full_text + noisy_diagram[pixel_noise],OK,A,is_a,street_lamp
44,10,full_text + noisy_diagram[pixel_noise],OK,B,is_a,street_lamp
44,10,full_text + noisy_diagram[pixel_noise],OK,Xiaogang,has_measure,25_units
44,10,full_text + noisy_diagram[pixel_noise],OK,Height,is_a,?
,,,,,,
45,10,full_text + noisy_diagram[pixel_noise],OK,O,is_a,circle
45,10,full_text + noisy_diagram[pixel_noise],OK,A,is_a,point
45,10,full_text + noisy_diagram[pixel_noise],OK,B,is_a,point
45,10,full_text + noisy_diagram[pixel_noise],OK,C,is_a,point
45,10,full_text + noisy_diagram[pixel_noise],OK,O,is_a,center
45,10,full_text + noisy_diagram[pixel_noise],OK,A,lies_on,O
45,10,full_text + noisy_diagram[pixel_noise],OK,B,lies_on,O
45,10,full_text + noisy_diagram[pixel_noise],OK,C,lies_on,O
45,10,full_text + noisy_diagram[pixel_noise],OK,AO,is_a,segment
45,10,full_text + noisy_diagram[pixel_noise],OK,BO,is_a,segment
45,10,full_text + noisy_diagram[pixel_noise],OK,AC,is_a,segment
45,10,full_text + noisy_diagram[pixel_noise],OK,BC,is_a,segment
45,10,full_text + noisy_diagram[pixel_noise],OK,ACB,is_a,angle
45,10,full_text + noisy_diagram[pixel_noise],OK,ACB,has_measure,35_deg
45,10,full_text + noisy_diagram[pixel_noise],OK,AOB,is_a,angle
45,10,full_text + noisy_diagram[pixel_noise],OK,AOB,has_measure,?
,,,,,,
46,10,full_text + noisy_diagram[pixel_noise],OK,A,is_a,point
46,10,full_text + noisy_diagram[pixel_noise],OK,B,is_a,point
46,10,full_text + noisy_diagram[pixel_noise],OK,C,is_a,point
46,10,full_text + noisy_diagram[pixel_noise],OK,D,is_a,point
46,10,full_text + noisy_diagram[pixel_noise],OK,AB,is_a,line
46,10,full_text + noisy_diagram[pixel_noise],OK,CD,is_a,line
46,10,full_text + noisy_diagram[pixel_noise],OK,AB,parallel_to,CD
46,10,full_text + noisy_diagram[pixel_noise],OK,transversal,is_a,line
46,10,full_text + noisy_diagram[pixel_noise],OK,transversal,intersects,AB
46,10,full_text + noisy_diagram[pixel_noise],OK,transversal,intersects,CD
46,10,full_text + noisy_diagram[pixel_noise],OK,A,lies_on,AB
46,10,full_text + noisy_diagram[pixel_noise],OK,B,lies_on,AB
46,10,full_text + noisy_diagram[pixel_noise],OK,C,lies_on,CD
46,10,full_text + noisy_diagram[pixel_noise],OK,D,lies_on,CD
46,10,full_text + noisy_diagram[pixel_noise],OK,∠A,is_a,angle
46,10,full_text + noisy_diagram[pixel_noise],OK,∠A,has_measure,70_deg
46,10,full_text + noisy_diagram[pixel_noise],OK,∠1,is_a,angle
46,10,full_text + noisy_diagram[pixel_noise],OK,∠1,has_measure,?
46,10,full_text + noisy_diagram[pixel_noise],OK,transversal,intersects,"AB, at, A"
46,10,full_text + noisy_diagram[pixel_noise],OK,transversal,intersects,"CD, at, ?"
,,,,,,
48,10,full_text + noisy_diagram[pixel_noise],OK,A,is_a,point
48,10,full_text + noisy_diagram[pixel_noise],OK,B,is_a,point
48,10,full_text + noisy_diagram[pixel_noise],OK,C,is_a,point
48,10,full_text + noisy_diagram[pixel_noise],OK,O,is_a,point
48,10,full_text + noisy_diagram[pixel_noise],OK,A,lies_on,circle
48,10,full_text + noisy_diagram[pixel_noise],OK,B,lies_on,circle
48,10,full_text + noisy_diagram[pixel_noise],OK,C,lies_on,circle
48,10,full_text + noisy_diagram[pixel_noise],OK,O,center_of,circle
48,10,full_text + noisy_diagram[pixel_noise],OK,BOC,is_a,angle
48,10,full_text + noisy_diagram[pixel_noise],OK,BOC,has_measure,100_deg
48,10,full_text + noisy_diagram[pixel_noise],OK,BAC,is_a,angle
48,10,full_text + noisy_diagram[pixel_noise],OK,BAC,has_measure,?
,,,,,,
49,10,full_text + noisy_diagram[pixel_noise],OK,A,is_a,point
49,10,full_text + noisy_diagram[pixel_noise],OK,B,is_a,point
49,10,full_text + noisy_diagram[pixel_noise],OK,C,is_a,point
49,10,full_text + noisy_diagram[pixel_noise],OK,D,is_a,point
49,10,full_text + noisy_diagram[pixel_noise],OK,E,is_a,point
49,10,full_text + noisy_diagram[pixel_noise],OK,O,is_a,point
49,10,full_text + noisy_diagram[pixel_noise],OK,ABCDE,is_a,cyclic_pentagon
49,10,full_text + noisy_diagram[pixel_noise],OK,A,lies_on,ABCDE
49,10,full_text + noisy_diagram[pixel_noise],OK,B,lies_on,ABCDE
49,10,full_text + noisy_diagram[pixel_noise],OK,C,lies_on,ABCDE
49,10,full_text + noisy_diagram[pixel_noise],OK,D,lies_on,ABCDE
49,10,full_text + noisy_diagram[pixel_noise],OK,E,lies_on,ABCDE
49,10,full_text + noisy_diagram[pixel_noise],OK,O,center_of,ABCDE
49,10,full_text + noisy_diagram[pixel_noise],OK,∠BAC,has_measure,35_deg
49,10,full_text + noisy_diagram[pixel_noise],OK,∠AED,has_measure,115_deg
49,10,full_text + noisy_diagram[pixel_noise],OK,∠BAE,has_measure,30_deg
49,10,full_text + noisy_diagram[pixel_noise],OK,∠ABC,has_measure,?
,,,,,,
50,10,full_text + noisy_diagram[pixel_noise],OK,A,is_a,point
50,10,full_text + noisy_diagram[pixel_noise],OK,B,is_a,point
50,10,full_text + noisy_diagram[pixel_noise],OK,C,is_a,point
50,10,full_text + noisy_diagram[pixel_noise],OK,D,is_a,point
50,10,full_text + noisy_diagram[pixel_noise],OK,E,is_a,point
50,10,full_text + noisy_diagram[pixel_noise],OK,O,is_a,point
50,10,full_text + noisy_diagram[pixel_noise],OK,AB,is_a,segment
50,10,full_text + noisy_diagram[pixel_noise],OK,CD,is_a,segment
50,10,full_text + noisy_diagram[pixel_noise],OK,EO,is_a,segment
50,10,full_text + noisy_diagram[pixel_noise],OK,∠BOD,is_a,angle
50,10,full_text + noisy_diagram[pixel_noise],OK,∠COE,is_a,angle
50,10,full_text + noisy_diagram[pixel_noise],OK,AB,intersects,CD
50,10,full_text + noisy_diagram[pixel_noise],OK,AB,intersects,EO
50,10,full_text + noisy_diagram[pixel_noise],OK,CD,intersects,AB
50,10,full_text + noisy_diagram[pixel_noise],OK,CD,intersects,EO
50,10,full_text + noisy_diagram[pixel_noise],OK,EO,intersects,AB
50,10,full_text + noisy_diagram[pixel_noise],OK,EO,intersects,CD
50,10,full_text + noisy_diagram[pixel_noise],OK,EO,perpendicular_to,AB
50,10,full_text + noisy_diagram[pixel_noise],OK,∠BOD,has_measure,50_deg
,,,,,,
53,10,full_text + noisy_diagram[pixel_noise],OK,AB,is_a,line
53,10,full_text + noisy_diagram[pixel_noise],OK,CD,is_a,line
53,10,full_text + noisy_diagram[pixel_noise],OK,AB,parallel_to,CD
53,10,full_text + noisy_diagram[pixel_noise],OK,transversal,is_a,line
53,10,full_text + noisy_diagram[pixel_noise],OK,transversal,intersects,AB
53,10,full_text + noisy_diagram[pixel_noise],OK,transversal,intersects,CD
53,10,full_text + noisy_diagram[pixel_noise],OK,E,is_a,point
53,10,full_text + noisy_diagram[pixel_noise],OK,E,lies_on,AB
53,10,full_text + noisy_diagram[pixel_noise],OK,F,is_a,point
53,10,full_text + noisy_diagram[pixel_noise],OK,F,lies_on,CD
53,10,full_text + noisy_diagram[pixel_noise],OK,C,is_a,point
53,10,full_text + noisy_diagram[pixel_noise],OK,C,lies_on,transversal
53,10,full_text + noisy_diagram[pixel_noise],OK,D,is_a,point
53,10,full_text + noisy_diagram[pixel_noise],OK,D,lies_on,transversal
53,10,full_text + noisy_diagram[pixel_noise],OK,C,lies_on,"transversal_above, E"
53,10,full_text + noisy_diagram[pixel_noise],OK,D,lies_on,"transversal_below, F"
53,10,full_text + noisy_diagram[pixel_noise],OK,AEC,is_a,angle
53,10,full_text + noisy_diagram[pixel_noise],OK,AEC,has_measure,55_deg
53,10,full_text + noisy_diagram[pixel_noise],OK,BFD,is_a,angle
53,10,full_text + noisy_diagram[pixel_noise],OK,B,is_a,point
53,10,full_text + noisy_diagram[pixel_noise],OK,B,lies_on,CD
,,,,,,
55,10,full_text + noisy_diagram[pixel_noise],OK,A,is_a,point
55,10,full_text + noisy_diagram[pixel_noise],OK,B,is_a,point
55,10,full_text + noisy_diagram[pixel_noise],OK,C,is_a,point
55,10,full_text + noisy_diagram[pixel_noise],OK,D,is_a,point
55,10,full_text + noisy_diagram[pixel_noise],OK,O,is_a,point
55,10,full_text + noisy_diagram[pixel_noise],OK,M,is_a,point
55,10,full_text + noisy_diagram[pixel_noise],OK,N,is_a,point
55,10,full_text + noisy_diagram[pixel_noise],OK,AB,is_a,line
55,10,full_text + noisy_diagram[pixel_noise],OK,CD,is_a,line
55,10,full_text + noisy_diagram[pixel_noise],OK,OM,is_a,line
55,10,full_text + noisy_diagram[pixel_noise],OK,ON,is_a,line
55,10,full_text + noisy_diagram[pixel_noise],OK,AB,intersects,O
55,10,full_text + noisy_diagram[pixel_noise],OK,CD,intersects,O
55,10,full_text + noisy_diagram[pixel_noise],OK,OM,bisects,∠AOC
55,10,full_text + noisy_diagram[pixel_noise],OK,ON,perpendicular_to,OM
55,10,full_text + noisy_diagram[pixel_noise],OK,∠AOC,has_measure,70_deg
55,10,full_text + noisy_diagram[pixel_noise],OK,CON,is_a,angle
,,,,,,
56,10,full_text + noisy_diagram[pixel_noise],OK,O,is_a,point
56,10,full_text + noisy_diagram[pixel_noise],OK,C,is_a,point
56,10,full_text + noisy_diagram[pixel_noise],OK,D,is_a,point
56,10,full_text + noisy_diagram[pixel_noise],OK,E,is_a,point
56,10,full_text + noisy_diagram[pixel_noise],OK,F,is_a,point
56,10,full_text + noisy_diagram[pixel_noise],OK,G,is_a,point
56,10,full_text + noisy_diagram[pixel_noise],OK,CD,is_a,diameter
56,10,full_text + noisy_diagram[pixel_noise],OK,CD,connects,C
56,10,full_text + noisy_diagram[pixel_noise],OK,CD,connects,D
56,10,full_text + noisy_diagram[pixel_noise],OK,EF,is_a,chord
56,10,full_text + noisy_diagram[pixel_noise],OK,EF,connects,E
56,10,full_text + noisy_diagram[pixel_noise],OK,EF,connects,F
56,10,full_text + noisy_diagram[pixel_noise],OK,CD,intersects,EF
56,10,full_text + noisy_diagram[pixel_noise],OK,CD,intersects,G
56,10,full_text + noisy_diagram[pixel_noise],OK,G,is_a,midpoint
56,10,full_text + noisy_diagram[pixel_noise],OK,E,lies_on,circle
56,10,full_text + noisy_diagram[pixel_noise],OK,F,lies_on,circle
56,10,full_text + noisy_diagram[pixel_noise],OK,C,lies_on,circle
56,10,full_text + noisy_diagram[pixel_noise],OK,D,lies_on,circle
56,10,full_text + noisy_diagram[pixel_noise],OK,∠DCF,is_a,angle
56,10,full_text + noisy_diagram[pixel_noise],OK,∠DCF,has_measure,20_deg
56,10,full_text + noisy_diagram[pixel_noise],OK,∠EOD,is_a,angle
56,10,full_text + noisy_diagram[pixel_noise],OK,O,center_of,circle
,,,,,,
57,10,full_text + noisy_diagram[pixel_noise],OK,A,is_a,point
57,10,full_text + noisy_diagram[pixel_noise],OK,B,is_a,point
57,10,full_text + noisy_diagram[pixel_noise],OK,C,is_a,point
57,10,full_text + noisy_diagram[pixel_noise],OK,D,is_a,point
57,10,full_text + noisy_diagram[pixel_noise],OK,E,is_a,point
57,10,full_text + noisy_diagram[pixel_noise],OK,AB,is_a,segment
57,10,full_text + noisy_diagram[pixel_noise],OK,CD,is_a,segment
57,10,full_text + noisy_diagram[pixel_noise],OK,AD,is_a,segment
57,10,full_text + noisy_diagram[pixel_noise],OK,BC,is_a,segment
57,10,full_text + noisy_diagram[pixel_noise],OK,AB,parallel_to,CD
57,10,full_text + noisy_diagram[pixel_noise],OK,AB,is_a,horizontal
57,10,full_text + noisy_diagram[pixel_noise],OK,CD,is_a,horizontal
57,10,full_text + noisy_diagram[pixel_noise],OK,A,lies_on,AB
57,10,full_text + noisy_diagram[pixel_noise],OK,B,lies_on,AB
57,10,full_text + noisy_diagram[pixel_noise],OK,C,lies_on,CD
57,10,full_text + noisy_diagram[pixel_noise],OK,D,lies_on,CD
57,10,full_text + noisy_diagram[pixel_noise],OK,AD,intersects,BC
57,10,full_text + noisy_diagram[pixel_noise],OK,AD,intersects,AB
57,10,full_text + noisy_diagram[pixel_noise],OK,AD,intersects,CD
57,10,full_text + noisy_diagram[pixel_noise],OK,BC,intersects,AD
57,10,full_text + noisy_diagram[pixel_noise],OK,BC,intersects,AB
57,10,full_text + noisy_diagram[pixel_noise],OK,BC,intersects,CD
57,10,full_text + noisy_diagram[pixel_noise],OK,E,is_a,intersection
57,10,full_text + noisy_diagram[pixel_noise],OK,AB,is_a,upper_line
57,10,full_text + noisy_diagram[pixel_noise],OK,CD,is_a,lower_line
57,10,full_text + noisy_diagram[pixel_noise],OK,∠ABC,is_a,angle
57,10,full_text + noisy_diagram[pixel_noise],OK,∠ABC,has_measure,20_deg
57,10,full_text + noisy_diagram[pixel_noise],OK,∠DCB,is_a,angle
,,,,,,
58,10,full_text + noisy_diagram[pixel_noise],OK,A,is_a,point
58,10,full_text + noisy_diagram[pixel_noise],OK,B,is_a,point
58,10,full_text + noisy_diagram[pixel_noise],OK,C,is_a,point
58,10,full_text + noisy_diagram[pixel_noise],OK,D,is_a,point
58,10,full_text + noisy_diagram[pixel_noise],OK,E,is_a,point
58,10,full_text + noisy_diagram[pixel_noise],OK,AB,is_a,line
58,10,full_text + noisy_diagram[pixel_noise],OK,CD,is_a,line
58,10,full_text + noisy_diagram[pixel_noise],OK,EC,is_a,segment
58,10,full_text + noisy_diagram[pixel_noise],OK,ED,is_a,segment
58,10,full_text + noisy_diagram[pixel_noise],OK,AB,parallel_to,CD
58,10,full_text + noisy_diagram[pixel_noise],OK,E,lies_on,AB
58,10,full_text + noisy_diagram[pixel_noise],OK,C,lies_on,CD
58,10,full_text + noisy_diagram[pixel_noise],OK,D,lies_on,CD
58,10,full_text + noisy_diagram[pixel_noise],OK,A,collinear_with,E
58,10,full_text + noisy_diagram[pixel_noise],OK,E,collinear_with,B
58,10,full_text + noisy_diagram[pixel_noise],OK,B,collinear_with,A
58,10,full_text + noisy_diagram[pixel_noise],OK,∠CED,is_a,angle
58,10,full_text + noisy_diagram[pixel_noise],OK,∠CED,has_measure,90_deg
58,10,full_text + noisy_diagram[pixel_noise],OK,∠AEC,is_a,angle
58,10,full_text + noisy_diagram[pixel_noise],OK,∠AEC,has_measure,35_deg
58,10,full_text + noisy_diagram[pixel_noise],OK,∠CDE,is_a,angle
58,10,full_text + noisy_diagram[pixel_noise],OK,∠CDE,has_measure,?
,,,,,,
59,10,full_text + noisy_diagram[pixel_noise],OK,A,is_a,point
59,10,full_text + noisy_diagram[pixel_noise],OK,B,is_a,point
59,10,full_text + noisy_diagram[pixel_noise],OK,C,is_a,point
59,10,full_text + noisy_diagram[pixel_noise],OK,D,is_a,point
59,10,full_text + noisy_diagram[pixel_noise],OK,AB,is_a,segment
59,10,full_text + noisy_diagram[pixel_noise],OK,CD,is_a,segment
59,10,full_text + noisy_diagram[pixel_noise],OK,AC,is_a,segment
59,10,full_text + noisy_diagram[pixel_noise],OK,AD,is_a,segment
59,10,full_text + noisy_diagram[pixel_noise],OK,AB,parallel_to,CD
59,10,full_text + noisy_diagram[pixel_noise],OK,A,lies_on,AB
59,10,full_text + noisy_diagram[pixel_noise],OK,B,lies_on,AB
59,10,full_text + noisy_diagram[pixel_noise],OK,C,lies_on,CD
59,10,full_text + noisy_diagram[pixel_noise],OK,D,lies_on,CD
59,10,full_text + noisy_diagram[pixel_noise],OK,AD,bisects,∠BAC
59,10,full_text + noisy_diagram[pixel_noise],OK,∠ACD,has_measure,80_deg
59,10,full_text + noisy_diagram[pixel_noise],OK,∠CDA,is_a,angle
59,10,full_text + noisy_diagram[pixel_noise],OK,∠CDA,has_measure,?
59,10,full_text + noisy_diagram[pixel_noise],OK,∠BAC,is_a,angle
,,,,,,
60,10,full_text + noisy_diagram[pixel_noise],OK,A,is_a,point
60,10,full_text + noisy_diagram[pixel_noise],OK,B,is_a,point
60,10,full_text + noisy_diagram[pixel_noise],OK,C,is_a,point
60,10,full_text + noisy_diagram[pixel_noise],OK,D,is_a,point
60,10,full_text + noisy_diagram[pixel_noise],OK,AB,is_a,line
60,10,full_text + noisy_diagram[pixel_noise],OK,CD,is_a,line
60,10,full_text + noisy_diagram[pixel_noise],OK,AB,parallel_to,CD
60,10,full_text + noisy_diagram[pixel_noise],OK,∠2,is_a,angle
60,10,full_text + noisy_diagram[pixel_noise],OK,∠2,has_measure,135_deg
60,10,full_text + noisy_diagram[pixel_noise],OK,∠1,is_a,angle
60,10,full_text + noisy_diagram[pixel_noise],OK,∠1,has_measure,?
60,10,full_text + noisy_diagram[pixel_noise],OK,AB,intersects,CD
60,10,full_text + noisy_diagram[pixel_noise],OK,AB,connects,"A, B"
60,10,full_text + noisy_diagram[pixel_noise],OK,CD,connects,"C, D"
60,10,full_text + noisy_diagram[pixel_noise],OK,∠2,lies_on,CD
60,10,full_text + noisy_diagram[pixel_noise],OK,∠1,lies_on,AB
60,10,full_text + noisy_diagram[pixel_noise],OK,AB,is_a,transversal
60,10,full_text + noisy_diagram[pixel_noise],OK,CD,is_a,transversal
,,,,,,
64,10,full_text + noisy_diagram[pixel_noise],OK,A,is_a,point
64,10,full_text + noisy_diagram[pixel_noise],OK,B,is_a,point
64,10,full_text + noisy_diagram[pixel_noise],OK,O,is_a,point
64,10,full_text + noisy_diagram[pixel_noise],OK,AB,is_a,segment
64,10,full_text + noisy_diagram[pixel_noise],OK,O,center_of,circle
64,10,full_text + noisy_diagram[pixel_noise],OK,AB,intersects,circle
64,10,full_text + noisy_diagram[pixel_noise],OK,A,lies_on,circle
64,10,full_text + noisy_diagram[pixel_noise],OK,B,lies_on,circle
64,10,full_text + noisy_diagram[pixel_noise],OK,O,lies_on,AB
64,10,full_text + noisy_diagram[pixel_noise],OK,AB,has_measure,160_units
64,10,full_text + noisy_diagram[pixel_noise],OK,O,has_measure,200_units
64,10,full_text + noisy_diagram[pixel_noise],OK,circle,diameter_of,oil_tank
64,10,full_text + noisy_diagram[pixel_noise],OK,AB,is_a,chord
64,10,full_text + noisy_diagram[pixel_noise],OK,depth,is_a,query_target
,,,,,,
72,10,full_text + noisy_diagram[pixel_noise],OK,A,is_a,point
72,10,full_text + noisy_diagram[pixel_noise],OK,B,is_a,point
72,10,full_text + noisy_diagram[pixel_noise],OK,C,is_a,point
72,10,full_text + noisy_diagram[pixel_noise],OK,D,is_a,point
72,10,full_text + noisy_diagram[pixel_noise],OK,O,is_a,point
72,10,full_text + noisy_diagram[pixel_noise],OK,E,is_a,point
72,10,full_text + noisy_diagram[pixel_noise],OK,AB,is_a,segment
72,10,full_text + noisy_diagram[pixel_noise],OK,BC,is_a,segment
72,10,full_text + noisy_diagram[pixel_noise],OK,CD,is_a,segment
72,10,full_text + noisy_diagram[pixel_noise],OK,DA,is_a,segment
72,10,full_text + noisy_diagram[pixel_noise],OK,AC,is_a,segment
72,10,full_text + noisy_diagram[pixel_noise],OK,BD,is_a,segment
72,10,full_text + noisy_diagram[pixel_noise],OK,AB + BC + CD + DA,has_measure,16
72,10,full_text + noisy_diagram[pixel_noise],OK,ABCD,is_a,parallelogram
72,10,full_text + noisy_diagram[pixel_noise],OK,AC,intersects,BD
72,10,full_text + noisy_diagram[pixel_noise],OK,AC,intersects,O
72,10,full_text + noisy_diagram[pixel_noise],OK,BD,intersects,O
72,10,full_text + noisy_diagram[pixel_noise],OK,AD,intersects,E
72,10,full_text + noisy_diagram[pixel_noise],OK,AC,perpendicular_to,E
72,10,full_text + noisy_diagram[pixel_noise],OK,Perimeter of DCE,is_a,query target
,,,,,,
73,10,full_text + noisy_diagram[pixel_noise],OK,A,is_a,point
73,10,full_text + noisy_diagram[pixel_noise],OK,B,is_a,point
73,10,full_text + noisy_diagram[pixel_noise],OK,C,is_a,point
73,10,full_text + noisy_diagram[pixel_noise],OK,O,is_a,point
73,10,full_text + noisy_diagram[pixel_noise],OK,AB,is_a,segment
73,10,full_text + noisy_diagram[pixel_noise],OK,BC,is_a,segment
73,10,full_text + noisy_diagram[pixel_noise],OK,CA,is_a,segment
73,10,full_text + noisy_diagram[pixel_noise],OK,AO,is_a,segment
73,10,full_text + noisy_diagram[pixel_noise],OK,BO,is_a,segment
73,10,full_text + noisy_diagram[pixel_noise],OK,CO,is_a,segment
73,10,full_text + noisy_diagram[pixel_noise],OK,ABC,is_a,triangle
73,10,full_text + noisy_diagram[pixel_noise],OK,O,is_a,circle
73,10,full_text + noisy_diagram[pixel_noise],OK,A,lies_on,O
73,10,full_text + noisy_diagram[pixel_noise],OK,B,lies_on,O
73,10,full_text + noisy_diagram[pixel_noise],OK,C,lies_on,O
73,10,full_text + noisy_diagram[pixel_noise],OK,AB,connects,A
73,10,full_text + noisy_diagram[pixel_noise],OK,AB,connects,B
73,10,full_text + noisy_diagram[pixel_noise],OK,BC,connects,B
73,10,full_text + noisy_diagram[pixel_noise],OK,BC,connects,C
73,10,full_text + noisy_diagram[pixel_noise],OK,CA,connects,C
73,10,full_text + noisy_diagram[pixel_noise],OK,CA,connects,A
73,10,full_text + noisy_diagram[pixel_noise],OK,AO,connects,A
73,10,full_text + noisy_diagram[pixel_noise],OK,AO,connects,O
73,10,full_text + noisy_diagram[pixel_noise],OK,BO,connects,B
73,10,full_text + noisy_diagram[pixel_noise],OK,BO,connects,O
73,10,full_text + noisy_diagram[pixel_noise],OK,CO,connects,C
73,10,full_text + noisy_diagram[pixel_noise],OK,CO,connects,O
73,10,full_text + noisy_diagram[pixel_noise],OK,∠ABC,has_measure,70_deg
73,10,full_text + noisy_diagram[pixel_noise],OK,?,is_a,query_target
,,,,,,
78,10,full_text + noisy_diagram[pixel_noise],OK,AB,is_a,line
78,10,full_text + noisy_diagram[pixel_noise],OK,CD,is_a,line
78,10,full_text + noisy_diagram[pixel_noise],OK,AB,parallel_to,CD
78,10,full_text + noisy_diagram[pixel_noise],OK,A,is_a,point
78,10,full_text + noisy_diagram[pixel_noise],OK,B,is_a,point
78,10,full_text + noisy_diagram[pixel_noise],OK,C,is_a,point
78,10,full_text + noisy_diagram[pixel_noise],OK,D,is_a,point
78,10,full_text + noisy_diagram[pixel_noise],OK,E,is_a,point
78,10,full_text + noisy_diagram[pixel_noise],OK,A,lies_on,AB
78,10,full_text + noisy_diagram[pixel_noise],OK,B,lies_on,AB
78,10,full_text + noisy_diagram[pixel_noise],OK,C,lies_on,CD
78,10,full_text + noisy_diagram[pixel_noise],OK,E,lies_on,CD
78,10,full_text + noisy_diagram[pixel_noise],OK,D,lies_on,CD
78,10,full_text + noisy_diagram[pixel_noise],OK,AC,is_a,segment
78,10,full_text + noisy_diagram[pixel_noise],OK,AE,is_a,segment
78,10,full_text + noisy_diagram[pixel_noise],OK,ACE,is_a,triangle
78,10,full_text + noisy_diagram[pixel_noise],OK,AE,intersects,CD
78,10,full_text + noisy_diagram[pixel_noise],OK,AE,bisects,∠CAB
78,10,full_text + noisy_diagram[pixel_noise],OK,∠ACE,has_measure,70_deg
78,10,full_text + noisy_diagram[pixel_noise],OK,?,is_a,query_target
,,,,,,
79,10,full_text + noisy_diagram[pixel_noise],OK,A,is_a,point
79,10,full_text + noisy_diagram[pixel_noise],OK,B,is_a,point
79,10,full_text + noisy_diagram[pixel_noise],OK,C,is_a,point
79,10,full_text + noisy_diagram[pixel_noise],OK,D,is_a,point
79,10,full_text + noisy_diagram[pixel_noise],OK,E,is_a,point
79,10,full_text + noisy_diagram[pixel_noise],OK,O,is_a,point
79,10,full_text + noisy_diagram[pixel_noise],OK,AB,is_a,segment
79,10,full_text + noisy_diagram[pixel_noise],OK,BC,is_a,segment
79,10,full_text + noisy_diagram[pixel_noise],OK,CD,is_a,segment
79,10,full_text + noisy_diagram[pixel_noise],OK,DA,is_a,segment
79,10,full_text + noisy_diagram[pixel_noise],OK,AC,is_a,segment
79,10,full_text + noisy_diagram[pixel_noise],OK,BD,is_a,segment
79,10,full_text + noisy_diagram[pixel_noise],OK,CE,is_a,segment
79,10,full_text + noisy_diagram[pixel_noise],OK,ED,is_a,segment
79,10,full_text + noisy_diagram[pixel_noise],OK,ABCD,is_a,parallelogram
79,10,full_text + noisy_diagram[pixel_noise],OK,AB + BC + CD + DA,has_measure,32
79,10,full_text + noisy_diagram[pixel_noise],OK,AC,intersects,BD
79,10,full_text + noisy_diagram[pixel_noise],OK,AC,intersects,O
79,10,full_text + noisy_diagram[pixel_noise],OK,BD,intersects,O
79,10,full_text + noisy_diagram[pixel_noise],OK,O,lies_on,AC
79,10,full_text + noisy_diagram[pixel_noise],OK,O,lies_on,BD
79,10,full_text + noisy_diagram[pixel_noise],OK,E,lies_on,AD
79,10,full_text + noisy_diagram[pixel_noise],OK,CE + ED,has_measure,AD
79,10,full_text + noisy_diagram[pixel_noise],OK,Perimeter of triangle DCE,is_a,query_target
,,,,,,
81,10,full_text + noisy_diagram[pixel_noise],OK,A,is_a,point
81,10,full_text + noisy_diagram[pixel_noise],OK,B,is_a,point
81,10,full_text + noisy_diagram[pixel_noise],OK,C,is_a,point
81,10,full_text + noisy_diagram[pixel_noise],OK,D,is_a,point
81,10,full_text + noisy_diagram[pixel_noise],OK,E,is_a,point
81,10,full_text + noisy_diagram[pixel_noise],OK,ABC,is_a,triangle
81,10,full_text + noisy_diagram[pixel_noise],OK,BAC,is_a,angle
81,10,full_text + noisy_diagram[pixel_noise],OK,ABC,is_a,angle
81,10,full_text + noisy_diagram[pixel_noise],OK,AD,is_a,segment
81,10,full_text + noisy_diagram[pixel_noise],OK,BC,is_a,segment
81,10,full_text + noisy_diagram[pixel_noise],OK,AE,is_a,segment
81,10,full_text + noisy_diagram[pixel_noise],OK,DAC,is_a,angle
81,10,full_text + noisy_diagram[pixel_noise],OK,DAE,is_a,angle
81,10,full_text + noisy_diagram[pixel_noise],OK,BAC,has_measure,90_deg
81,10,full_text + noisy_diagram[pixel_noise],OK,ABC,has_measure,50_deg
81,10,full_text + noisy_diagram[pixel_noise],OK,D,lies_on,BC
81,10,full_text + noisy_diagram[pixel_noise],OK,AD,perpendicular_to,BC
81,10,full_text + noisy_diagram[pixel_noise],OK,E,lies_on,BC
81,10,full_text + noisy_diagram[pixel_noise],OK,AE,bisects,DAC
,,,,,,
84,10,full_text + noisy_diagram[pixel_noise],OK,A,is_a,point
84,10,full_text + noisy_diagram[pixel_noise],OK,B,is_a,point
84,10,full_text + noisy_diagram[pixel_noise],OK,C,is_a,point
84,10,full_text + noisy_diagram[pixel_noise],OK,O,is_a,point
84,10,full_text + noisy_diagram[pixel_noise],OK,ABC,is_a,triangle
84,10,full_text + noisy_diagram[pixel_noise],OK,O,is_a,circle
84,10,full_text + noisy_diagram[pixel_noise],OK,AO,is_a,segment
84,10,full_text + noisy_diagram[pixel_noise],OK,BO,is_a,segment
84,10,full_text + noisy_diagram[pixel_noise],OK,CO,is_a,segment
84,10,full_text + noisy_diagram[pixel_noise],OK,BC,is_a,segment
84,10,full_text + noisy_diagram[pixel_noise],OK,∠BAC,is_a,angle
84,10,full_text + noisy_diagram[pixel_noise],OK,O,center_of,O
84,10,full_text + noisy_diagram[pixel_noise],OK,A,lies_on,O
84,10,full_text + noisy_diagram[pixel_noise],OK,B,lies_on,O
84,10,full_text + noisy_diagram[pixel_noise],OK,C,lies_on,O
84,10,full_text + noisy_diagram[pixel_noise],OK,AO,radius_of,O
84,10,full_text + noisy_diagram[pixel_noise],OK,BO,radius_of,O
84,10,full_text + noisy_diagram[pixel_noise],OK,CO,radius_of,O
84,10,full_text + noisy_diagram[pixel_noise],OK,∠BAC,has_measure,60_deg
84,10,full_text + noisy_diagram[pixel_noise],OK,AO,has_measure,1_unit
84,10,full_text + noisy_diagram[pixel_noise],OK,BO,has_measure,1_unit
84,10,full_text + noisy_diagram[pixel_noise],OK,CO,has_measure,1_unit
84,10,full_text + noisy_diagram[pixel_noise],OK,BC,has_measure,?
,,,,,,
86,10,full_text + noisy_diagram[pixel_noise],OK,A,is_a,point
86,10,full_text + noisy_diagram[pixel_noise],OK,B,is_a,point
86,10,full_text + noisy_diagram[pixel_noise],OK,C,is_a,point
86,10,full_text + noisy_diagram[pixel_noise],OK,O,is_a,point
86,10,full_text + noisy_diagram[pixel_noise],OK,AB,is_a,segment
86,10,full_text + noisy_diagram[pixel_noise],OK,BC,is_a,segment
86,10,full_text + noisy_diagram[pixel_noise],OK,CA,is_a,segment
86,10,full_text + noisy_diagram[pixel_noise],OK,OB,is_a,segment
86,10,full_text + noisy_diagram[pixel_noise],OK,OC,is_a,segment
86,10,full_text + noisy_diagram[pixel_noise],OK,A,lies_on,circle_O
86,10,full_text + noisy_diagram[pixel_noise],OK,B,lies_on,circle_O
86,10,full_text + noisy_diagram[pixel_noise],OK,C,lies_on,circle_O
86,10,full_text + noisy_diagram[pixel_noise],OK,AB,connects,A
86,10,full_text + noisy_diagram[pixel_noise],OK,AB,connects,B
86,10,full_text + noisy_diagram[pixel_noise],OK,BC,connects,B
86,10,full_text + noisy_diagram[pixel_noise],OK,BC,connects,C
86,10,full_text + noisy_diagram[pixel_noise],OK,CA,connects,C
86,10,full_text + noisy_diagram[pixel_noise],OK,CA,connects,A
86,10,full_text + noisy_diagram[pixel_noise],OK,OB,connects,O
86,10,full_text + noisy_diagram[pixel_noise],OK,OB,connects,B
86,10,full_text + noisy_diagram[pixel_noise],OK,OC,connects,O
86,10,full_text + noisy_diagram[pixel_noise],OK,OC,connects,C
86,10,full_text + noisy_diagram[pixel_noise],OK,O,center_of,circle_O
86,10,full_text + noisy_diagram[pixel_noise],OK,O,is_a,center
86,10,full_text + noisy_diagram[pixel_noise],OK,circle_O,is_a,circle
86,10,full_text + noisy_diagram[pixel_noise],OK,∠BAC,is_a,angle
86,10,full_text + noisy_diagram[pixel_noise],OK,∠BAC,has_measure,60_deg
86,10,full_text + noisy_diagram[pixel_noise],OK,OB,radius_of,circle_O
86,10,full_text + noisy_diagram[pixel_noise],OK,OC,radius_of,circle_O
86,10,full_text + noisy_diagram[pixel_noise],OK,O,has_measure,2_units
,,,,,,
88,10,full_text + noisy_diagram[pixel_noise],OK,A,is_a,point
88,10,full_text + noisy_diagram[pixel_noise],OK,B,is_a,point
88,10,full_text + noisy_diagram[pixel_noise],OK,C,is_a,point
88,10,full_text + noisy_diagram[pixel_noise],OK,O,is_a,point
88,10,full_text + noisy_diagram[pixel_noise],OK,AB,is_a,segment
88,10,full_text + noisy_diagram[pixel_noise],OK,AC,is_a,segment
88,10,full_text + noisy_diagram[pixel_noise],OK,BC,is_a,segment
88,10,full_text + noisy_diagram[pixel_noise],OK,AO,is_a,segment
88,10,full_text + noisy_diagram[pixel_noise],OK,BO,is_a,segment
88,10,full_text + noisy_diagram[pixel_noise],OK,CO,is_a,segment
88,10,full_text + noisy_diagram[pixel_noise],OK,A,lies_on,O
88,10,full_text + noisy_diagram[pixel_noise],OK,B,lies_on,O
88,10,full_text + noisy_diagram[pixel_noise],OK,C,lies_on,O
88,10,full_text + noisy_diagram[pixel_noise],OK,O,is_a,circle
88,10,full_text + noisy_diagram[pixel_noise],OK,∠ABO,is_a,angle
88,10,full_text + noisy_diagram[pixel_noise],OK,∠ACO,is_a,angle
88,10,full_text + noisy_diagram[pixel_noise],OK,∠BOC,is_a,angle
88,10,full_text + noisy_diagram[pixel_noise],OK,∠ABO,has_measure,22_deg
88,10,full_text + noisy_diagram[pixel_noise],OK,∠ACO,has_measure,42_deg
88,10,full_text + noisy_diagram[pixel_noise],OK,∠BOC,has_measure,?
88,10,full_text + noisy_diagram[pixel_noise],OK,AB,connects,"A, B"
88,10,full_text + noisy_diagram[pixel_noise],OK,AC,connects,"A, C"
88,10,full_text + noisy_diagram[pixel_noise],OK,BC,connects,"B, C"
88,10,full_text + noisy_diagram[pixel_noise],OK,AO,connects,"A, O"
88,10,full_text + noisy_diagram[pixel_noise],OK,BO,connects,"B, O"
88,10,full_text + noisy_diagram[pixel_noise],OK,CO,connects,"C, O"
88,10,full_text + noisy_diagram[pixel_noise],OK,O,center_of,circle
,,,,,,
95,10,full_text + noisy_diagram[pixel_noise],OK,O,is_a,point
95,10,full_text + noisy_diagram[pixel_noise],OK,O,center_of,circle
95,10,full_text + noisy_diagram[pixel_noise],OK,A,is_a,point
95,10,full_text + noisy_diagram[pixel_noise],OK,B,is_a,point
95,10,full_text + noisy_diagram[pixel_noise],OK,C,is_a,point
95,10,full_text + noisy_diagram[pixel_noise],OK,D,is_a,point
95,10,full_text + noisy_diagram[pixel_noise],OK,AB,is_a,segment
95,10,full_text + noisy_diagram[pixel_noise],OK,BC,is_a,segment
95,10,full_text + noisy_diagram[pixel_noise],OK,OA,is_a,segment
95,10,full_text + noisy_diagram[pixel_noise],OK,OC,is_a,segment
95,10,full_text + noisy_diagram[pixel_noise],OK,ADC,is_a,angle
95,10,full_text + noisy_diagram[pixel_noise],OK,∠A,is_a,angle
95,10,full_text + noisy_diagram[pixel_noise],OK,∠C,is_a,angle
95,10,full_text + noisy_diagram[pixel_noise],OK,∠ADC,has_measure,90_deg
95,10,full_text + noisy_diagram[pixel_noise],OK,∠A,has_measure,60_deg
95,10,full_text + noisy_diagram[pixel_noise],OK,AB,connects,A
95,10,full_text + noisy_diagram[pixel_noise],OK,AB,connects,B
95,10,full_text + noisy_diagram[pixel_noise],OK,BC,connects,B
95,10,full_text + noisy_diagram[pixel_noise],OK,BC,connects,C
95,10,full_text + noisy_diagram[pixel_noise],OK,OA,connects,O
95,10,full_text + noisy_diagram[pixel_noise],OK,OA,connects,A
95,10,full_text + noisy_diagram[pixel_noise],OK,OC,connects,O
95,10,full_text + noisy_diagram[pixel_noise],OK,OC,connects,C
95,10,full_text + noisy_diagram[pixel_noise],OK,BC,intersects,OA
95,10,full_text + noisy_diagram[pixel_noise],OK,BC,intersects,D
95,10,full_text + noisy_diagram[pixel_noise],OK,OA,intersects,D
95,10,full_text + noisy_diagram[pixel_noise],OK,AB,intersects,D
95,10,full_text + noisy_diagram[pixel_noise],OK,OC,intersects,D
95,10,full_text + noisy_diagram[pixel_noise],OK,∠C,is_a,query_target
,,,,,,
99,10,full_text + noisy_diagram[pixel_noise],OK,O,is_a,circle
99,10,full_text + noisy_diagram[pixel_noise],OK,AB,is_a,diameter
99,10,full_text + noisy_diagram[pixel_noise],OK,AB,lies_on,O
99,10,full_text + noisy_diagram[pixel_noise],OK,CD,is_a,chord
99,10,full_text + noisy_diagram[pixel_noise],OK,CD,lies_on,O
99,10,full_text + noisy_diagram[pixel_noise],OK,∠ADC,is_a,angle
99,10,full_text + noisy_diagram[pixel_noise],OK,∠ADC,has_measure,26_deg
99,10,full_text + noisy_diagram[pixel_noise],OK,∠CAB,is_a,angle
99,10,full_text + noisy_diagram[pixel_noise],OK,∠CAB,has_measure,?
99,10,full_text + noisy_diagram[pixel_noise],OK,A,is_a,point
99,10,full_text + noisy_diagram[pixel_noise],OK,B,is_a,point
99,10,full_text + noisy_diagram[pixel_noise],OK,C,is_a,point
99,10,full_text + noisy_diagram[pixel_noise],OK,D,is_a,point
99,10,full_text + noisy_diagram[pixel_noise],OK,O,is_a,point
99,10,full_text + noisy_diagram[pixel_noise],OK,AB,connects,"A, B"
99,10,full_text + noisy_diagram[pixel_noise],OK,CD,connects,"C, D"
99,10,full_text + noisy_diagram[pixel_noise],OK,A,lies_on,O
99,10,full_text + noisy_diagram[pixel_noise],OK,B,lies_on,O
99,10,full_text + noisy_diagram[pixel_noise],OK,C,lies_on,O
99,10,full_text + noisy_diagram[pixel_noise],OK,D,lies_on,O
99,10,full_text + noisy_diagram[pixel_noise],OK,O,center_of,O
99,10,full_text + noisy_diagram[pixel_noise],OK,AB,diameter_of,O
99,10,full_text + noisy_diagram[pixel_noise],OK,∠ADC,connects,"A, D, C"
99,10,full_text + noisy_diagram[pixel_noise],OK,∠CAB,connects,"C, A, B"
,,,,,,
108,10,full_text + noisy_diagram[pixel_noise],OK,A,is_a,point
108,10,full_text + noisy_diagram[pixel_noise],OK,B,is_a,point
108,10,full_text + noisy_diagram[pixel_noise],OK,C,is_a,point
108,10,full_text + noisy_diagram[pixel_noise],OK,D,is_a,point
108,10,full_text + noisy_diagram[pixel_noise],OK,O,is_a,point
108,10,full_text + noisy_diagram[pixel_noise],OK,AB,is_a,segment
108,10,full_text + noisy_diagram[pixel_noise],OK,CD,is_a,segment
108,10,full_text + noisy_diagram[pixel_noise],OK,OC,is_a,segment
108,10,full_text + noisy_diagram[pixel_noise],OK,∠AOB,is_a,angle
108,10,full_text + noisy_diagram[pixel_noise],OK,A,lies_on,AB
108,10,full_text + noisy_diagram[pixel_noise],OK,B,lies_on,AB
108,10,full_text + noisy_diagram[pixel_noise],OK,C,lies_on,OC
108,10,full_text + noisy_diagram[pixel_noise],OK,D,lies_on,CD
108,10,full_text + noisy_diagram[pixel_noise],OK,O,center_of,circle
108,10,full_text + noisy_diagram[pixel_noise],OK,AB,intersects,circle
108,10,full_text + noisy_diagram[pixel_noise],OK,CD,intersects,circle
108,10,full_text + noisy_diagram[pixel_noise],OK,OC,radius_of,circle
108,10,full_text + noisy_diagram[pixel_noise],OK,CD,has_measure,8_units
108,10,full_text + noisy_diagram[pixel_noise],OK,OC,has_measure,5_units
108,10,full_text + noisy_diagram[pixel_noise],OK,AB,has_measure,?
108,10,full_text + noisy_diagram[pixel_noise],OK,AB,is_a,query_target
,,,,,,
109,10,full_text + noisy_diagram[pixel_noise],OK,A,is_a,point
109,10,full_text + noisy_diagram[pixel_noise],OK,B,is_a,point
109,10,full_text + noisy_diagram[pixel_noise],OK,C,is_a,point
109,10,full_text + noisy_diagram[pixel_noise],OK,D,is_a,point
109,10,full_text + noisy_diagram[pixel_noise],OK,E,is_a,point
109,10,full_text + noisy_diagram[pixel_noise],OK,AB,is_a,segment
109,10,full_text + noisy_diagram[pixel_noise],OK,AC,is_a,segment
109,10,full_text + noisy_diagram[pixel_noise],OK,BC,is_a,segment
109,10,full_text + noisy_diagram[pixel_noise],OK,DE,is_a,segment
109,10,full_text + noisy_diagram[pixel_noise],OK,EC,is_a,segment
109,10,full_text + noisy_diagram[pixel_noise],OK,Triangle_ABC,is_a,triangle
109,10,full_text + noisy_diagram[pixel_noise],OK,∠BAC,is_a,angle
109,10,full_text + noisy_diagram[pixel_noise],OK,∠DAB,is_a,angle
109,10,full_text + noisy_diagram[pixel_noise],OK,∠DEC,is_a,angle
109,10,full_text + noisy_diagram[pixel_noise],OK,α,is_a,angle
109,10,full_text + noisy_diagram[pixel_noise],OK,β,is_a,angle
109,10,full_text + noisy_diagram[pixel_noise],OK,D,lies_on,AB
109,10,full_text + noisy_diagram[pixel_noise],OK,E,lies_on,AC
109,10,full_text + noisy_diagram[pixel_noise],OK,DE,has_measure,130_deg
109,10,full_text + noisy_diagram[pixel_noise],OK,Triangle_ABC,has_measure,90_deg
109,10,full_text + noisy_diagram[pixel_noise],OK,DE,is_a,horizontal
,,,,,,
112,10,full_text + noisy_diagram[pixel_noise],OK,A,is_a,point
112,10,full_text + noisy_diagram[pixel_noise],OK,B,is_a,point
112,10,full_text + noisy_diagram[pixel_noise],OK,O,is_a,point
112,10,full_text + noisy_diagram[pixel_noise],OK,AB,is_a,segment
112,10,full_text + noisy_diagram[pixel_noise],OK,AO,is_a,segment
112,10,full_text + noisy_diagram[pixel_noise],OK,OB,is_a,segment
112,10,full_text + noisy_diagram[pixel_noise],OK,O,center_of,circle
112,10,full_text + noisy_diagram[pixel_noise],OK,OB,radius_of,circle
112,10,full_text + noisy_diagram[pixel_noise],OK,AO,is_a,height
112,10,full_text + noisy_diagram[pixel_noise],OK,AB,is_a,slant_height
112,10,full_text + noisy_diagram[pixel_noise],OK,AO,has_measure,?
112,10,full_text + noisy_diagram[pixel_noise],OK,OB,has_measure,0.7
112,10,full_text + noisy_diagram[pixel_noise],OK,AB,has_measure,2.5
112,10,full_text + noisy_diagram[pixel_noise],OK,A,connects,B
112,10,full_text + noisy_diagram[pixel_noise],OK,A,connects,O
112,10,full_text + noisy_diagram[pixel_noise],OK,B,connects,O
112,10,full_text + noisy_diagram[pixel_noise],OK,AO,connects,A
112,10,full_text + noisy_diagram[pixel_noise],OK,AO,connects,O
112,10,full_text + noisy_diagram[pixel_noise],OK,OB,connects,O
112,10,full_text + noisy_diagram[pixel_noise],OK,OB,connects,B
112,10,full_text + noisy_diagram[pixel_noise],OK,AB,connects,A
112,10,full_text + noisy_diagram[pixel_noise],OK,AB,connects,B
,,,,,,
114,10,full_text + noisy_diagram[pixel_noise],OK,O,is_a,point
114,10,full_text + noisy_diagram[pixel_noise],OK,A,is_a,point
114,10,full_text + noisy_diagram[pixel_noise],OK,B,is_a,point
114,10,full_text + noisy_diagram[pixel_noise],OK,OA,is_a,segment
114,10,full_text + noisy_diagram[pixel_noise],OK,OB,is_a,segment
114,10,full_text + noisy_diagram[pixel_noise],OK,OAB,is_a,sector
114,10,full_text + noisy_diagram[pixel_noise],OK,OA,has_measure,1.0
114,10,full_text + noisy_diagram[pixel_noise],OK,OB,has_measure,1.0
114,10,full_text + noisy_diagram[pixel_noise],OK,∠AOB,is_a,angle
114,10,full_text + noisy_diagram[pixel_noise],OK,∠AOB,has_measure,90_deg
114,10,full_text + noisy_diagram[pixel_noise],OK,OA,is_a,diameter
114,10,full_text + noisy_diagram[pixel_noise],OK,OB,is_a,diameter
114,10,full_text + noisy_diagram[pixel_noise],OK,O,center_of,OAB
114,10,full_text + noisy_diagram[pixel_noise],OK,OA,connects,O
114,10,full_text + noisy_diagram[pixel_noise],OK,OA,connects,A
114,10,full_text + noisy_diagram[pixel_noise],OK,OB,connects,O
114,10,full_text + noisy_diagram[pixel_noise],OK,OB,connects,B
114,10,full_text + noisy_diagram[pixel_noise],OK,A,lies_on,OAB
114,10,full_text + noisy_diagram[pixel_noise],OK,B,lies_on,OAB
114,10,full_text + noisy_diagram[pixel_noise],OK,O,lies_on,OAB
114,10,full_text + noisy_diagram[pixel_noise],OK,shaded_part,is_a,area
114,10,full_text + noisy_diagram[pixel_noise],OK,shaded_part,has_measure,?
,,,,,,
115,10,full_text + noisy_diagram[pixel_noise],OK,sector,is_a,paper_sheet
115,10,full_text + noisy_diagram[pixel_noise],OK,sector,has_measure,120_deg
115,10,full_text + noisy_diagram[pixel_noise],OK,sector,has_measure,6_units
115,10,full_text + noisy_diagram[pixel_noise],OK,conical_cap,is_a,paper_cap
115,10,full_text + noisy_diagram[pixel_noise],OK,conical_cap,is_a,bottomless
115,10,full_text + noisy_diagram[pixel_noise],OK,bottom_perimeter,is_a,?
,,,,,,
117,10,full_text + noisy_diagram[pixel_noise],OK,sector,is_a,sector
117,10,full_text + noisy_diagram[pixel_noise],OK,sector,has_measure,120_deg
117,10,full_text + noisy_diagram[pixel_noise],OK,sector,has_measure,3.0_cm
117,10,full_text + noisy_diagram[pixel_noise],OK,cone,is_a,cone
117,10,full_text + noisy_diagram[pixel_noise],OK,cone,has_measure,?_cm
117,10,full_text + noisy_diagram[pixel_noise],OK,question,is_a,question
117,10,full_text + noisy_diagram[pixel_noise],OK,question,has_measure,?_cm
117,10,full_text + noisy_diagram[pixel_noise],OK,sector,mapped_to,cone
117,10,full_text + noisy_diagram[pixel_noise],OK,cone,has_measure,3_cm
,,,,,,
119,10,full_text + noisy_diagram[pixel_noise],OK,sector,is_a,cardboard
119,10,full_text + noisy_diagram[pixel_noise],OK,sector,has_measure,24_units
119,10,full_text + noisy_diagram[pixel_noise],OK,conical_hat,is_a,hat
119,10,full_text + noisy_diagram[pixel_noise],OK,conical_hat,has_measure,10_units
119,10,full_text + noisy_diagram[pixel_noise],OK,conical_hat,has_measure,?
119,10,full_text + noisy_diagram[pixel_noise],OK,conical_hat,is_a,surface
119,10,full_text + noisy_diagram[pixel_noise],OK,sector,is_a,sector_cardboard
119,10,full_text + noisy_diagram[pixel_noise],OK,conical_hat,is_a,conical_hat
,,,,,,
120,10,full_text + noisy_diagram[pixel_noise],OK,cone,is_a,cone
120,10,full_text + noisy_diagram[pixel_noise],OK,generatrix,is_a,segment
120,10,full_text + noisy_diagram[pixel_noise],OK,generatrix,has_measure,5_units
120,10,full_text + noisy_diagram[pixel_noise],OK,height_line,is_a,segment
120,10,full_text + noisy_diagram[pixel_noise],OK,height_line,has_measure,4_units
120,10,full_text + noisy_diagram[pixel_noise],OK,base,is_a,circle
120,10,full_text + noisy_diagram[pixel_noise],OK,base,has_measure,?
120,10,full_text + noisy_diagram[pixel_noise],OK,cone,has_measure,?
,,,,,,
123,10,full_text + noisy_diagram[pixel_noise],OK,A,is_a,point
123,10,full_text + noisy_diagram[pixel_noise],OK,B,is_a,point
123,10,full_text + noisy_diagram[pixel_noise],OK,C,is_a,point
123,10,full_text + noisy_diagram[pixel_noise],OK,ABC,is_a,triangle
123,10,full_text + noisy_diagram[pixel_noise],OK,ACB,is_a,angle
123,10,full_text + noisy_diagram[pixel_noise],OK,ACB,has_measure,90_deg
123,10,full_text + noisy_diagram[pixel_noise],OK,AC,is_a,segment
123,10,full_text + noisy_diagram[pixel_noise],OK,BC,is_a,segment
123,10,full_text + noisy_diagram[pixel_noise],OK,AC,has_measure,4_units
123,10,full_text + noisy_diagram[pixel_noise],OK,BC,has_measure,3_units
123,10,full_text + noisy_diagram[pixel_noise],OK,ABC,rotated_about,AC
123,10,full_text + noisy_diagram[pixel_noise],OK,Lateral Surface Area of Cone,is_a,query target
,,,,,,
128,10,full_text + noisy_diagram[pixel_noise],OK,O,is_a,point
128,10,full_text + noisy_diagram[pixel_noise],OK,A,is_a,point
128,10,full_text + noisy_diagram[pixel_noise],OK,B,is_a,point
128,10,full_text + noisy_diagram[pixel_noise],OK,OA,is_a,segment
128,10,full_text + noisy_diagram[pixel_noise],OK,OB,is_a,segment
128,10,full_text + noisy_diagram[pixel_noise],OK,OA,has_measure,6_units
128,10,full_text + noisy_diagram[pixel_noise],OK,OB,has_measure,6_units
128,10,full_text + noisy_diagram[pixel_noise],OK,∠AOB,is_a,angle
128,10,full_text + noisy_diagram[pixel_noise],OK,∠AOB,has_measure,120_deg
128,10,full_text + noisy_diagram[pixel_noise],OK,O,center_of,sector
128,10,full_text + noisy_diagram[pixel_noise],OK,OA,radius_of,sector
128,10,full_text + noisy_diagram[pixel_noise],OK,OB,radius_of,sector
128,10,full_text + noisy_diagram[pixel_noise],OK,OA,connects,A
128,10,full_text + noisy_diagram[pixel_noise],OK,OB,connects,B
128,10,full_text + noisy_diagram[pixel_noise],OK,A,lies_on,cone
128,10,full_text + noisy_diagram[pixel_noise],OK,B,lies_on,cone
128,10,full_text + noisy_diagram[pixel_noise],OK,OA,mapped_to,cone
128,10,full_text + noisy_diagram[pixel_noise],OK,OB,mapped_to,cone
128,10,full_text + noisy_diagram[pixel_noise],OK,cone,is_a,cone
128,10,full_text + noisy_diagram[pixel_noise],OK,cone,has_measure,?
128,10,full_text + noisy_diagram[pixel_noise],OK,A,diameter_of,cone
128,10,full_text + noisy_diagram[pixel_noise],OK,B,diameter_of,cone
,,,,,,
132,10,full_text + noisy_diagram[pixel_noise],OK,A,is_a,point
132,10,full_text + noisy_diagram[pixel_noise],OK,B,is_a,point
132,10,full_text + noisy_diagram[pixel_noise],OK,D,is_a,point
132,10,full_text + noisy_diagram[pixel_noise],OK,E,is_a,point
132,10,full_text + noisy_diagram[pixel_noise],OK,F,is_a,point
132,10,full_text + noisy_diagram[pixel_noise],OK,G,is_a,point
132,10,full_text + noisy_diagram[pixel_noise],OK,C,is_a,point
132,10,full_text + noisy_diagram[pixel_noise],OK,AB,is_a,segment
132,10,full_text + noisy_diagram[pixel_noise],OK,DE,is_a,segment
132,10,full_text + noisy_diagram[pixel_noise],OK,BC,is_a,segment
132,10,full_text + noisy_diagram[pixel_noise],OK,CG,is_a,segment
132,10,full_text + noisy_diagram[pixel_noise],OK,GE,is_a,segment
132,10,full_text + noisy_diagram[pixel_noise],OK,EF,is_a,segment
132,10,full_text + noisy_diagram[pixel_noise],OK,A,connects,B
132,10,full_text + noisy_diagram[pixel_noise],OK,B,connects,C
132,10,full_text + noisy_diagram[pixel_noise],OK,C,connects,G
132,10,full_text + noisy_diagram[pixel_noise],OK,G,connects,E
132,10,full_text + noisy_diagram[pixel_noise],OK,E,connects,F
132,10,full_text + noisy_diagram[pixel_noise],OK,DE,has_measure,0.6
132,10,full_text + noisy_diagram[pixel_noise],OK,BC,has_measure,0.6
132,10,full_text + noisy_diagram[pixel_noise],OK,CG,has_measure,12.0
132,10,full_text + noisy_diagram[pixel_noise],OK,GE,has_measure,2.0
132,10,full_text + noisy_diagram[pixel_noise],OK,EF,has_measure,1.6
132,10,full_text + noisy_diagram[pixel_noise],OK,A,B,"C, collinear_with"
,,,,,,
133,10,full_text + noisy_diagram[pixel_noise],OK,P,is_a,point
133,10,full_text + noisy_diagram[pixel_noise],OK,Q,is_a,point
133,10,full_text + noisy_diagram[pixel_noise],OK,S,is_a,point
133,10,full_text + noisy_diagram[pixel_noise],OK,T,is_a,point
133,10,full_text + noisy_diagram[pixel_noise],OK,R,is_a,point
133,10,full_text + noisy_diagram[pixel_noise],OK,PQ,is_a,segment
133,10,full_text + noisy_diagram[pixel_noise],OK,QS,is_a,segment
133,10,full_text + noisy_diagram[pixel_noise],OK,ST,is_a,segment
133,10,full_text + noisy_diagram[pixel_noise],OK,QR,is_a,segment
133,10,full_text + noisy_diagram[pixel_noise],OK,QS,has_measure,60.0_m
133,10,full_text + noisy_diagram[pixel_noise],OK,ST,has_measure,120.0_m
133,10,full_text + noisy_diagram[pixel_noise],OK,QR,has_measure,80.0_m
133,10,full_text + noisy_diagram[pixel_noise],OK,P,lies_on,line
133,10,full_text + noisy_diagram[pixel_noise],OK,Q,lies_on,line
133,10,full_text + noisy_diagram[pixel_noise],OK,S,lies_on,line
133,10,full_text + noisy_diagram[pixel_noise],OK,T,lies_on,line
133,10,full_text + noisy_diagram[pixel_noise],OK,R,lies_on,line
133,10,full_text + noisy_diagram[pixel_noise],OK,PQ,perpendicular_to,PS
133,10,full_text + noisy_diagram[pixel_noise],OK,PT,perpendicular_to,PS
133,10,full_text + noisy_diagram[pixel_noise],OK,b,perpendicular_to,PS
133,10,full_text + noisy_diagram[pixel_noise],OK,P,Q,"S, collinear_with"
133,10,full_text + noisy_diagram[pixel_noise],OK,PS,perpendicular_to,river
133,10,full_text + noisy_diagram[pixel_noise],OK,PT,intersects,b
133,10,full_text + noisy_diagram[pixel_noise],OK,b,passes_through,Q
,,,,,,
149,10,full_text + noisy_diagram[pixel_noise],OK,A,is_a,point
149,10,full_text + noisy_diagram[pixel_noise],OK,B,is_a,point
149,10,full_text + noisy_diagram[pixel_noise],OK,C,is_a,point
149,10,full_text + noisy_diagram[pixel_noise],OK,D,is_a,point
149,10,full_text + noisy_diagram[pixel_noise],OK,E,is_a,point
149,10,full_text + noisy_diagram[pixel_noise],OK,CD,is_a,segment
149,10,full_text + noisy_diagram[pixel_noise],OK,AC,is_a,segment
149,10,full_text + noisy_diagram[pixel_noise],OK,BD,is_a,segment
149,10,full_text + noisy_diagram[pixel_noise],OK,ED,is_a,segment
149,10,full_text + noisy_diagram[pixel_noise],OK,AB,is_a,segment
149,10,full_text + noisy_diagram[pixel_noise],OK,α,is_a,angle
149,10,full_text + noisy_diagram[pixel_noise],OK,CD,is_a,mirror
149,10,full_text + noisy_diagram[pixel_noise],OK,light,is_emitted_from,A
149,10,full_text + noisy_diagram[pixel_noise],OK,light,is_reflected_at,E
149,10,full_text + noisy_diagram[pixel_noise],OK,light,is_directed_to,B
149,10,full_text + noisy_diagram[pixel_noise],OK,AC,is_perpendicular_to,CD
149,10,full_text + noisy_diagram[pixel_noise],OK,BD,is_perpendicular_to,CD
149,10,full_text + noisy_diagram[pixel_noise],OK,C,is_a,foot_of_perpendicular
149,10,full_text + noisy_diagram[pixel_noise],OK,D,is_a,foot_of_perpendicular
149,10,full_text + noisy_diagram[pixel_noise],OK,AC,has_measure,3_units
149,10,full_text + noisy_diagram[pixel_noise],OK,BD,has_measure,6_units
149,10,full_text + noisy_diagram[pixel_noise],OK,CD,has_measure,10_units
149,10,full_text + noisy_diagram[pixel_noise],OK,ED,has_measure,?
,,,,,,
150,10,full_text + noisy_diagram[pixel_noise],OK,A,is_a,point
150,10,full_text + noisy_diagram[pixel_noise],OK,B,is_a,point
150,10,full_text + noisy_diagram[pixel_noise],OK,C,is_a,point
150,10,full_text + noisy_diagram[pixel_noise],OK,AB,is_a,segment
150,10,full_text + noisy_diagram[pixel_noise],OK,AB,has_measure,2_units
150,10,full_text + noisy_diagram[pixel_noise],OK,A,collinear_with,B
150,10,full_text + noisy_diagram[pixel_noise],OK,B,collinear_with,C
150,10,full_text + noisy_diagram[pixel_noise],OK,C,collinear_with,A
150,10,full_text + noisy_diagram[pixel_noise],OK,BD,is_a,segment
150,10,full_text + noisy_diagram[pixel_noise],OK,BD,has_measure,7/3_units
150,10,full_text + noisy_diagram[pixel_noise],OK,CE,is_a,segment
150,10,full_text + noisy_diagram[pixel_noise],OK,CE,has_measure,9_units
150,10,full_text + noisy_diagram[pixel_noise],OK,BD,perpendicular_to,AB
150,10,full_text + noisy_diagram[pixel_noise],OK,CE,perpendicular_to,AB
150,10,full_text + noisy_diagram[pixel_noise],OK,D,is_a,point
150,10,full_text + noisy_diagram[pixel_noise],OK,E,is_a,point
150,10,full_text + noisy_diagram[pixel_noise],OK,A,connects,D
150,10,full_text + noisy_diagram[pixel_noise],OK,A,connects,E
150,10,full_text + noisy_diagram[pixel_noise],OK,BC,is_a,segment
150,10,full_text + noisy_diagram[pixel_noise],OK,BC,has_measure,?
,,,,,,
151,10,full_text + noisy_diagram[pixel_noise],OK,student,is_a,point
151,10,full_text + noisy_diagram[pixel_noise],OK,student,has_measure,1.7_units
151,10,full_text + noisy_diagram[pixel_noise],OK,tree,is_a,point
151,10,full_text + noisy_diagram[pixel_noise],OK,student,connects,tree
151,10,full_text + noisy_diagram[pixel_noise],OK,student,connects,reflection
151,10,full_text + noisy_diagram[pixel_noise],OK,reflection,is_a,point
151,10,full_text + noisy_diagram[pixel_noise],OK,student,has_measure,5_units
151,10,full_text + noisy_diagram[pixel_noise],OK,student,has_measure,20_units
151,10,full_text + noisy_diagram[pixel_noise],OK,tree,has_measure,?
,,,,,,
152,10,full_text + noisy_diagram[pixel_noise],OK,A,is_a,point
152,10,full_text + noisy_diagram[pixel_noise],OK,B,is_a,point
152,10,full_text + noisy_diagram[pixel_noise],OK,C,is_a,point
152,10,full_text + noisy_diagram[pixel_noise],OK,D,is_a,point
152,10,full_text + noisy_diagram[pixel_noise],OK,AB,is_a,segment
152,10,full_text + noisy_diagram[pixel_noise],OK,BC,is_a,segment
152,10,full_text + noisy_diagram[pixel_noise],OK,BD,is_a,segment
152,10,full_text + noisy_diagram[pixel_noise],OK,CD,is_a,segment
152,10,full_text + noisy_diagram[pixel_noise],OK,B,connects,C
152,10,full_text + noisy_diagram[pixel_noise],OK,A,connects,B
152,10,full_text + noisy_diagram[pixel_noise],OK,B,connects,D
152,10,full_text + noisy_diagram[pixel_noise],OK,D,connects,C
152,10,full_text + noisy_diagram[pixel_noise],OK,BC,has_measure,1.6
152,10,full_text + noisy_diagram[pixel_noise],OK,BD,has_measure,0.5
152,10,full_text + noisy_diagram[pixel_noise],OK,CD,has_measure,1.4
152,10,full_text + noisy_diagram[pixel_noise],OK,AB,is_a,ladder
152,10,full_text + noisy_diagram[pixel_noise],OK,AB,has_measure,?
,,,,,,
153,10,full_text + noisy_diagram[pixel_noise],OK,A,is_a,point
153,10,full_text + noisy_diagram[pixel_noise],OK,B,is_a,point
153,10,full_text + noisy_diagram[pixel_noise],OK,C,is_a,point
153,10,full_text + noisy_diagram[pixel_noise],OK,D,is_a,point
153,10,full_text + noisy_diagram[pixel_noise],OK,E,is_a,point
153,10,full_text + noisy_diagram[pixel_noise],OK,AB,is_a,segment
153,10,full_text + noisy_diagram[pixel_noise],OK,BC,is_a,segment
153,10,full_text + noisy_diagram[pixel_noise],OK,DE,is_a,segment
153,10,full_text + noisy_diagram[pixel_noise],OK,EC,is_a,segment
153,10,full_text + noisy_diagram[pixel_noise],OK,A,connects,B
153,10,full_text + noisy_diagram[pixel_noise],OK,B,connects,C
153,10,full_text + noisy_diagram[pixel_noise],OK,C,connects,E
153,10,full_text + noisy_diagram[pixel_noise],OK,D,connects,E
153,10,full_text + noisy_diagram[pixel_noise],OK,E,connects,C
153,10,full_text + noisy_diagram[pixel_noise],OK,DE,has_measure,1.8_units
153,10,full_text + noisy_diagram[pixel_noise],OK,BC,has_measure,1.0_units
153,10,full_text + noisy_diagram[pixel_noise],OK,EC,has_measure,1.2_units
153,10,full_text + noisy_diagram[pixel_noise],OK,AB,has_measure,?
153,10,full_text + noisy_diagram[pixel_noise],OK,AB,is_a,query_target
,,,,,,
157,10,full_text + noisy_diagram[pixel_noise],OK,A,is_a,point
157,10,full_text + noisy_diagram[pixel_noise],OK,B,is_a,point
157,10,full_text + noisy_diagram[pixel_noise],OK,C,is_a,point
157,10,full_text + noisy_diagram[pixel_noise],OK,AC,is_a,segment
157,10,full_text + noisy_diagram[pixel_noise],OK,BC,is_a,segment
157,10,full_text + noisy_diagram[pixel_noise],OK,AB,is_a,segment
157,10,full_text + noisy_diagram[pixel_noise],OK,∠C,is_a,angle
157,10,full_text + noisy_diagram[pixel_noise],OK,∠B,is_a,angle
157,10,full_text + noisy_diagram[pixel_noise],OK,AC,has_measure,4.0
157,10,full_text + noisy_diagram[pixel_noise],OK,BC,has_measure,3.0
157,10,full_text + noisy_diagram[pixel_noise],OK,∠C,has_measure,90_deg
157,10,full_text + noisy_diagram[pixel_noise],OK,A,connects,C
157,10,full_text + noisy_diagram[pixel_noise],OK,B,connects,C
157,10,full_text + noisy_diagram[pixel_noise],OK,A,connects,B
157,10,full_text + noisy_diagram[pixel_noise],OK,C,is_a,right_angle
157,10,full_text + noisy_diagram[pixel_noise],OK,triangle_ABC,is_a,right_triangle
157,10,full_text + noisy_diagram[pixel_noise],OK,cos_B,is_a,query_target
,,,,,,
165,10,full_text + noisy_diagram[pixel_noise],OK,A,is_a,point
165,10,full_text + noisy_diagram[pixel_noise],OK,B,is_a,point
165,10,full_text + noisy_diagram[pixel_noise],OK,C,is_a,point
165,10,full_text + noisy_diagram[pixel_noise],OK,AB,is_a,segment
165,10,full_text + noisy_diagram[pixel_noise],OK,BC,is_a,segment
165,10,full_text + noisy_diagram[pixel_noise],OK,AC,is_a,segment
165,10,full_text + noisy_diagram[pixel_noise],OK,ABC,is_a,triangle
165,10,full_text + noisy_diagram[pixel_noise],OK,C,is_a,right_angle
165,10,full_text + noisy_diagram[pixel_noise],OK,AB,has_measure,2_units
165,10,full_text + noisy_diagram[pixel_noise],OK,BC,has_measure,1_unit
,,,,,,
198,10,full_text + noisy_diagram[pixel_noise],OK,A,is_a,point
198,10,full_text + noisy_diagram[pixel_noise],OK,B,is_a,point
198,10,full_text + noisy_diagram[pixel_noise],OK,C,is_a,point
198,10,full_text + noisy_diagram[pixel_noise],OK,AB,is_a,segment
198,10,full_text + noisy_diagram[pixel_noise],OK,BC,is_a,segment
198,10,full_text + noisy_diagram[pixel_noise],OK,CA,is_a,segment
198,10,full_text + noisy_diagram[pixel_noise],OK,AB,has_measure,10_units
198,10,full_text + noisy_diagram[pixel_noise],OK,AC,has_measure,13_units
198,10,full_text + noisy_diagram[pixel_noise],OK,BC,has_measure,13_units
198,10,full_text + noisy_diagram[pixel_noise],OK,ABC,is_a,triangle
198,10,full_text + noisy_diagram[pixel_noise],OK,ABC,is_a,isosceles_triangle
198,10,full_text + noisy_diagram[pixel_noise],OK,D,is_a,point
198,10,full_text + noisy_diagram[pixel_noise],OK,AD,is_a,segment
198,10,full_text + noisy_diagram[pixel_noise],OK,BD,is_a,segment
198,10,full_text + noisy_diagram[pixel_noise],OK,CD,is_a,segment
198,10,full_text + noisy_diagram[pixel_noise],OK,AD,perpendicular_to,BC
198,10,full_text + noisy_diagram[pixel_noise],OK,Area,is_a,query_target
,,,,,,
207,10,full_text + noisy_diagram[pixel_noise],OK,largest_circle,is_a,circle
207,10,full_text + noisy_diagram[pixel_noise],OK,small_circle1,is_a,circle
207,10,full_text + noisy_diagram[pixel_noise],OK,small_circle2,is_a,circle
207,10,full_text + noisy_diagram[pixel_noise],OK,largest_circle,diameter_of,20_units
207,10,full_text + noisy_diagram[pixel_noise],OK,largest_circle,center_of,O
207,10,full_text + noisy_diagram[pixel_noise],OK,small_circle1,center_of,O
207,10,full_text + noisy_diagram[pixel_noise],OK,small_circle2,center_of,O
207,10,full_text + noisy_diagram[pixel_noise],OK,largest_circle,contains,small_circle1
207,10,full_text + noisy_diagram[pixel_noise],OK,largest_circle,contains,small_circle2
207,10,full_text + noisy_diagram[pixel_noise],OK,shaded_region,is_a,region
207,10,full_text + noisy_diagram[pixel_noise],OK,shaded_region,area,?
207,10,full_text + noisy_diagram[pixel_noise],OK,shaded_region,lies_on,largest_circle
207,10,full_text + noisy_diagram[pixel_noise],OK,shaded_region,lies_on,small_circle1
207,10,full_text + noisy_diagram[pixel_noise],OK,shaded_region,lies_on,small_circle2
,,,,,,
210,10,full_text + noisy_diagram[pixel_noise],OK,A,is_a,point
210,10,full_text + noisy_diagram[pixel_noise],OK,B,is_a,point
210,10,full_text + noisy_diagram[pixel_noise],OK,C,is_a,point
210,10,full_text + noisy_diagram[pixel_noise],OK,D,is_a,point
210,10,full_text + noisy_diagram[pixel_noise],OK,E,is_a,point
210,10,full_text + noisy_diagram[pixel_noise],OK,AB,is_a,segment
210,10,full_text + noisy_diagram[pixel_noise],OK,AC,is_a,segment
210,10,full_text + noisy_diagram[pixel_noise],OK,AD,is_a,segment
210,10,full_text + noisy_diagram[pixel_noise],OK,AE,is_a,segment
210,10,full_text + noisy_diagram[pixel_noise],OK,CD,is_a,segment
210,10,full_text + noisy_diagram[pixel_noise],OK,ED,is_a,segment
210,10,full_text + noisy_diagram[pixel_noise],OK,BE,is_a,segment
210,10,full_text + noisy_diagram[pixel_noise],OK,Triangles,is_a,shape
210,10,full_text + noisy_diagram[pixel_noise],OK,ABE,is_a,triangle
210,10,full_text + noisy_diagram[pixel_noise],OK,ACD,is_a,triangle
210,10,full_text + noisy_diagram[pixel_noise],OK,AB,has_measure,12_units
210,10,full_text + noisy_diagram[pixel_noise],OK,AC,has_measure,16_units
210,10,full_text + noisy_diagram[pixel_noise],OK,ED,has_measure,5_units
210,10,full_text + noisy_diagram[pixel_noise],OK,BE,parallel_to,CD
210,10,full_text + noisy_diagram[pixel_noise],OK,Triangles,share,vertex
210,10,full_text + noisy_diagram[pixel_noise],OK,vertex,is_a,point
210,10,full_text + noisy_diagram[pixel_noise],OK,vertex,is,A
210,10,full_text + noisy_diagram[pixel_noise],OK,ABE,similar_to,ACD
210,10,full_text + noisy_diagram[pixel_noise],OK,AE,is_a,query_target
,,,,,,
211,10,full_text + noisy_diagram[pixel_noise],OK,MNPR,is_a,parallelogram
211,10,full_text + noisy_diagram[pixel_noise],OK,MP,is_a,diagonal
211,10,full_text + noisy_diagram[pixel_noise],OK,RN,is_a,diagonal
211,10,full_text + noisy_diagram[pixel_noise],OK,MP,intersects,RN
211,10,full_text + noisy_diagram[pixel_noise],OK,Q,is_a,point
211,10,full_text + noisy_diagram[pixel_noise],OK,MN,is_a,segment
211,10,full_text + noisy_diagram[pixel_noise],OK,MN,has_measure,3x - 4
211,10,full_text + noisy_diagram[pixel_noise],OK,NP,is_a,segment
211,10,full_text + noisy_diagram[pixel_noise],OK,NP,has_measure,2y + 5
211,10,full_text + noisy_diagram[pixel_noise],OK,RP,is_a,segment
211,10,full_text + noisy_diagram[pixel_noise],OK,RP,has_measure,20
211,10,full_text + noisy_diagram[pixel_noise],OK,MR,is_a,segment
211,10,full_text + noisy_diagram[pixel_noise],OK,MR,has_measure,17.9
211,10,full_text + noisy_diagram[pixel_noise],OK,∠RNP,is_a,angle
211,10,full_text + noisy_diagram[pixel_noise],OK,?,is_a,angle
211,10,full_text + noisy_diagram[pixel_noise],OK,∠MQR,is_a,angle
211,10,full_text + noisy_diagram[pixel_noise],OK,∠MQR,has_measure,33_deg
211,10,full_text + noisy_diagram[pixel_noise],OK,∠QNP,is_a,angle
211,10,full_text + noisy_diagram[pixel_noise],OK,∠QNP,has_measure,83_deg
211,10,full_text + noisy_diagram[pixel_noise],OK,∠PRN,is_a,angle
211,10,full_text + noisy_diagram[pixel_noise],OK,∠PRN,has_measure,38_deg
211,10,full_text + noisy_diagram[pixel_noise],OK,NQ,is_a,segment
211,10,full_text + noisy_diagram[pixel_noise],OK,NQ,has_measure,15.4
211,10,full_text + noisy_diagram[pixel_noise],OK,QP,is_a,segment
211,10,full_text + noisy_diagram[pixel_noise],OK,QP,has_measure,11.1
211,10,full_text + noisy_diagram[pixel_noise],OK,MQ,is_a,segment
211,10,full_text + noisy_diagram[pixel_noise],OK,MQ,has_measure,4w - 3
211,10,full_text + noisy_diagram[pixel_noise],OK,QR,is_a,segment
211,10,full_text + noisy_diagram[pixel_noise],OK,QR,has_measure,3z - 3
,,,,,,
223,10,full_text + noisy_diagram[pixel_noise],OK,A,is_a,point
223,10,full_text + noisy_diagram[pixel_noise],OK,B,is_a,point
223,10,full_text + noisy_diagram[pixel_noise],OK,C,is_a,point
223,10,full_text + noisy_diagram[pixel_noise],OK,AB,is_a,segment
223,10,full_text + noisy_diagram[pixel_noise],OK,BC,is_a,segment
223,10,full_text + noisy_diagram[pixel_noise],OK,AC,is_a,segment
223,10,full_text + noisy_diagram[pixel_noise],OK,∠ABC,is_a,angle
223,10,full_text + noisy_diagram[pixel_noise],OK,ABC,is_a,triangle
223,10,full_text + noisy_diagram[pixel_noise],OK,ABC,is_a,right_triangle
223,10,full_text + noisy_diagram[pixel_noise],OK,AC,has_measure,5_units
223,10,full_text + noisy_diagram[pixel_noise],OK,AB,has_measure,3√2_units
223,10,full_text + noisy_diagram[pixel_noise],OK,BC,has_measure,?
223,10,full_text + noisy_diagram[pixel_noise],OK,BC,has_measure,x
223,10,full_text + noisy_diagram[pixel_noise],OK,?,is_a,query
223,10,full_text + noisy_diagram[pixel_noise],OK,?,is_a,value_of_x
,,,,,,
239,10,full_text + noisy_diagram[pixel_noise],OK,A,is_a,point
239,10,full_text + noisy_diagram[pixel_noise],OK,B,is_a,point
239,10,full_text + noisy_diagram[pixel_noise],OK,C,is_a,point
239,10,full_text + noisy_diagram[pixel_noise],OK,R,is_a,point
239,10,full_text + noisy_diagram[pixel_noise],OK,S,is_a,point
239,10,full_text + noisy_diagram[pixel_noise],OK,T,is_a,point
239,10,full_text + noisy_diagram[pixel_noise],OK,M,is_a,point
239,10,full_text + noisy_diagram[pixel_noise],OK,ABC,is_a,triangle
239,10,full_text + noisy_diagram[pixel_noise],OK,R,is_a,midpoint
239,10,full_text + noisy_diagram[pixel_noise],OK,S,is_a,midpoint
239,10,full_text + noisy_diagram[pixel_noise],OK,T,is_a,midpoint
239,10,full_text + noisy_diagram[pixel_noise],OK,AC,is_a,segment
239,10,full_text + noisy_diagram[pixel_noise],OK,AB,is_a,segment
239,10,full_text + noisy_diagram[pixel_noise],OK,CB,is_a,segment
239,10,full_text + noisy_diagram[pixel_noise],OK,AT,is_a,median
239,10,full_text + noisy_diagram[pixel_noise],OK,BR,is_a,median
239,10,full_text + noisy_diagram[pixel_noise],OK,CS,is_a,median
239,10,full_text + noisy_diagram[pixel_noise],OK,R,lies_on,AC
239,10,full_text + noisy_diagram[pixel_noise],OK,S,lies_on,AB
239,10,full_text + noisy_diagram[pixel_noise],OK,T,lies_on,CB
239,10,full_text + noisy_diagram[pixel_noise],OK,AT,intersects,M
239,10,full_text + noisy_diagram[pixel_noise],OK,BR,intersects,M
239,10,full_text + noisy_diagram[pixel_noise],OK,CS,intersects,M
239,10,full_text + noisy_diagram[pixel_noise],OK,MC,has_measure,7_units
239,10,full_text + noisy_diagram[pixel_noise],OK,RM,has_measure,4_units
239,10,full_text + noisy_diagram[pixel_noise],OK,AT,has_measure,16_units
239,10,full_text + noisy_diagram[pixel_noise],OK,MB,has_measure,?
,,,,,,
243,10,full_text + noisy_diagram[pixel_noise],OK,Des_Moines,is_a,point
243,10,full_text + noisy_diagram[pixel_noise],OK,Phoenix,is_a,point
243,10,full_text + noisy_diagram[pixel_noise],OK,Atlanta,is_a,point
243,10,full_text + noisy_diagram[pixel_noise],OK,Des_Moines_to_Phoenix,is_a,segment
243,10,full_text + noisy_diagram[pixel_noise],OK,Phoenix_to_Atlanta,is_a,segment
243,10,full_text + noisy_diagram[pixel_noise],OK,Atlanta_to_Des_Moines,is_a,segment
243,10,full_text + noisy_diagram[pixel_noise],OK,Des_Moines_to_Phoenix,connects,Des_Moines
243,10,full_text + noisy_diagram[pixel_noise],OK,Des_Moines_to_Phoenix,connects,Phoenix
243,10,full_text + noisy_diagram[pixel_noise],OK,Phoenix_to_Atlanta,connects,Phoenix
243,10,full_text + noisy_diagram[pixel_noise],OK,Phoenix_to_Atlanta,connects,Atlanta
243,10,full_text + noisy_diagram[pixel_noise],OK,Atlanta_to_Des_Moines,connects,Atlanta
243,10,full_text + noisy_diagram[pixel_noise],OK,Atlanta_to_Des_Moines,connects,Des_Moines
243,10,full_text + noisy_diagram[pixel_noise],OK,Des_Moines_to_Phoenix,has_measure,110x + 53
243,10,full_text + noisy_diagram[pixel_noise],OK,Phoenix_to_Atlanta,has_measure,150x + 91
243,10,full_text + noisy_diagram[pixel_noise],OK,Atlanta_to_Des_Moines,has_measure,73.8x
243,10,full_text + noisy_diagram[pixel_noise],OK,Des_Moines_to_Phoenix_to_Atlanta_to_Des_Moines,has_measure,3482
243,10,full_text + noisy_diagram[pixel_noise],OK,Phoenix_to_Atlanta,has_measure,?
,,,,,,
257,10,full_text + noisy_diagram[pixel_noise],OK,A,is_a,point
257,10,full_text + noisy_diagram[pixel_noise],OK,B,is_a,point
257,10,full_text + noisy_diagram[pixel_noise],OK,C,is_a,point
257,10,full_text + noisy_diagram[pixel_noise],OK,D,is_a,point
257,10,full_text + noisy_diagram[pixel_noise],OK,E,is_a,point
257,10,full_text + noisy_diagram[pixel_noise],OK,AB,is_a,segment
257,10,full_text + noisy_diagram[pixel_noise],OK,AC,is_a,segment
257,10,full_text + noisy_diagram[pixel_noise],OK,CD,is_a,segment
257,10,full_text + noisy_diagram[pixel_noise],OK,ED,is_a,segment
257,10,full_text + noisy_diagram[pixel_noise],OK,AE,is_a,segment
257,10,full_text + noisy_diagram[pixel_noise],OK,BE,is_a,segment
257,10,full_text + noisy_diagram[pixel_noise],OK,ABE,is_a,triangle
257,10,full_text + noisy_diagram[pixel_noise],OK,ACD,is_a,triangle
257,10,full_text + noisy_diagram[pixel_noise],OK,AB,connects,A
257,10,full_text + noisy_diagram[pixel_noise],OK,AB,connects,B
257,10,full_text + noisy_diagram[pixel_noise],OK,AC,connects,A
257,10,full_text + noisy_diagram[pixel_noise],OK,AC,connects,C
257,10,full_text + noisy_diagram[pixel_noise],OK,CD,connects,C
257,10,full_text + noisy_diagram[pixel_noise],OK,CD,connects,D
257,10,full_text + noisy_diagram[pixel_noise],OK,ED,connects,E
257,10,full_text + noisy_diagram[pixel_noise],OK,ED,connects,D
257,10,full_text + noisy_diagram[pixel_noise],OK,AE,connects,A
257,10,full_text + noisy_diagram[pixel_noise],OK,AE,connects,E
257,10,full_text + noisy_diagram[pixel_noise],OK,BE,connects,B
257,10,full_text + noisy_diagram[pixel_noise],OK,BE,connects,E
257,10,full_text + noisy_diagram[pixel_noise],OK,ABE,has_measure,12
257,10,full_text + noisy_diagram[pixel_noise],OK,AC,has_measure,16
257,10,full_text + noisy_diagram[pixel_noise],OK,ED,has_measure,5
257,10,full_text + noisy_diagram[pixel_noise],OK,BE,parallel_to,CD
257,10,full_text + noisy_diagram[pixel_noise],OK,ABE,shares_vertex_with,ACD
257,10,full_text + noisy_diagram[pixel_noise],OK,A,is_a,vertex
257,10,full_text + noisy_diagram[pixel_noise],OK,B,is_a,vertex
257,10,full_text + noisy_diagram[pixel_noise],OK,C,is_a,vertex
257,10,full_text + noisy_diagram[pixel_noise],OK,D,is_a,vertex
257,10,full_text + noisy_diagram[pixel_noise],OK,E,is_a,vertex
257,10,full_text + noisy_diagram[pixel_noise],OK,AE,is_a,query_target
,,,,,,
264,10,full_text + noisy_diagram[pixel_noise],OK,M,is_a,point
264,10,full_text + noisy_diagram[pixel_noise],OK,N,is_a,point
264,10,full_text + noisy_diagram[pixel_noise],OK,P,is_a,point
264,10,full_text + noisy_diagram[pixel_noise],OK,Q,is_a,point
264,10,full_text + noisy_diagram[pixel_noise],OK,MNPQ,is_a,parallelogram
264,10,full_text + noisy_diagram[pixel_noise],OK,M,lies_on,MNPQ
264,10,full_text + noisy_diagram[pixel_noise],OK,N,lies_on,MNPQ
264,10,full_text + noisy_diagram[pixel_noise],OK,P,lies_on,MNPQ
264,10,full_text + noisy_diagram[pixel_noise],OK,Q,lies_on,MNPQ
264,10,full_text + noisy_diagram[pixel_noise],OK,∠M,is_a,angle
264,10,full_text + noisy_diagram[pixel_noise],OK,∠N,is_a,angle
264,10,full_text + noisy_diagram[pixel_noise],OK,∠M,has_measure,10x
264,10,full_text + noisy_diagram[pixel_noise],OK,∠N,has_measure,20x
264,10,full_text + noisy_diagram[pixel_noise],OK,∠M,equals,∠P
264,10,full_text + noisy_diagram[pixel_noise],OK,∠N,equals,∠Q
264,10,full_text + noisy_diagram[pixel_noise],OK,∠M,question,?
,,,,,,
281,10,full_text + noisy_diagram[pixel_noise],OK,A,is_a,point
281,10,full_text + noisy_diagram[pixel_noise],OK,B,is_a,point
281,10,full_text + noisy_diagram[pixel_noise],OK,C,is_a,point
281,10,full_text + noisy_diagram[pixel_noise],OK,ABC,is_a,triangle
281,10,full_text + noisy_diagram[pixel_noise],OK,∠C,is_a,angle
281,10,full_text + noisy_diagram[pixel_noise],OK,∠C,has_measure,90_deg
281,10,full_text + noisy_diagram[pixel_noise],OK,AC,is_a,segment
281,10,full_text + noisy_diagram[pixel_noise],OK,AB,is_a,segment
281,10,full_text + noisy_diagram[pixel_noise],OK,BC,is_a,segment
281,10,full_text + noisy_diagram[pixel_noise],OK,AC,has_measure,24_units
281,10,full_text + noisy_diagram[pixel_noise],OK,AB,has_measure,26_units
281,10,full_text + noisy_diagram[pixel_noise],OK,BC,has_measure,10_units
281,10,full_text + noisy_diagram[pixel_noise],OK,cos B,is_a,ratio
281,10,full_text + noisy_diagram[pixel_noise],OK,cos B,has_measure,?
281,10,full_text + noisy_diagram[pixel_noise],OK,cos B,is_a,query_target
,,,,,,
327,10,full_text + noisy_diagram[pixel_noise],OK,X,is_a,point
327,10,full_text + noisy_diagram[pixel_noise],OK,Y,is_a,point
327,10,full_text + noisy_diagram[pixel_noise],OK,Z,is_a,point
327,10,full_text + noisy_diagram[pixel_noise],OK,N,is_a,point
327,10,full_text + noisy_diagram[pixel_noise],OK,XY,is_a,segment
327,10,full_text + noisy_diagram[pixel_noise],OK,YZ,is_a,segment
327,10,full_text + noisy_diagram[pixel_noise],OK,XZ,is_a,segment
327,10,full_text + noisy_diagram[pixel_noise],OK,YZ,has_measure,10.7_units
327,10,full_text + noisy_diagram[pixel_noise],OK,XY,has_measure,b_units
327,10,full_text + noisy_diagram[pixel_noise],OK,XZ,has_measure,d_units
327,10,full_text + noisy_diagram[pixel_noise],OK,Z,lies_on,bearing
327,10,full_text + noisy_diagram[pixel_noise],OK,bearing,has_measure,335_deg
327,10,full_text + noisy_diagram[pixel_noise],OK,X,is_a,center_of
,,,,,,
348,10,full_text + noisy_diagram[pixel_noise],OK,helicopter,is_a,point
348,10,full_text + noisy_diagram[pixel_noise],OK,landing_pad,is_a,point
348,10,full_text + noisy_diagram[pixel_noise],OK,helicopter,connects,landing_pad
348,10,full_text + noisy_diagram[pixel_noise],OK,helicopter,is_a,helicopter
348,10,full_text + noisy_diagram[pixel_noise],OK,landing_pad,is_a,landing_pad
348,10,full_text + noisy_diagram[pixel_noise],OK,helicopter_landing_pad,is_a,segment
348,10,full_text + noisy_diagram[pixel_noise],OK,helicopter_landing_pad,has_measure,?
348,10,full_text + noisy_diagram[pixel_noise],OK,helicopter_landing_pad,is_a,hypotenuse
348,10,full_text + noisy_diagram[pixel_noise],OK,altitude,is_a,segment
348,10,full_text + noisy_diagram[pixel_noise],OK,altitude,has_measure,198_metres
348,10,full_text + noisy_diagram[pixel_noise],OK,altitude,connects,helicopter
348,10,full_text + noisy_diagram[pixel_noise],OK,altitude,connects,landing_pad
348,10,full_text + noisy_diagram[pixel_noise],OK,angle,is_a,angle
348,10,full_text + noisy_diagram[pixel_noise],OK,angle,has_measure,44_deg
348,10,full_text + noisy_diagram[pixel_noise],OK,angle,connects,helicopter
348,10,full_text + noisy_diagram[pixel_noise],OK,angle,connects,landing_pad
348,10,full_text + noisy_diagram[pixel_noise],OK,angle,connects,altitude
348,10,full_text + noisy_diagram[pixel_noise],OK,helicopter,has_measure,198_metres
348,10,full_text + noisy_diagram[pixel_noise],OK,d,is_a,distance
348,10,full_text + noisy_diagram[pixel_noise],OK,d,has_measure,?
,,,,,,
364,10,full_text + noisy_diagram[pixel_noise],OK,tower,is_a,point
364,10,full_text + noisy_diagram[pixel_noise],OK,bridge,is_a,point
364,10,full_text + noisy_diagram[pixel_noise],OK,cable,is_a,segment
364,10,full_text + noisy_diagram[pixel_noise],OK,tower,connects,bridge
364,10,full_text + noisy_diagram[pixel_noise],OK,cable,connects,tower
364,10,full_text + noisy_diagram[pixel_noise],OK,cable,connects,bridge
364,10,full_text + noisy_diagram[pixel_noise],OK,tower_bridge,is_a,segment
364,10,full_text + noisy_diagram[pixel_noise],OK,tower_bridge,has_measure,65.9_units
364,10,full_text + noisy_diagram[pixel_noise],OK,tower_bridge,perpendicular_to,tower
364,10,full_text + noisy_diagram[pixel_noise],OK,tower_bridge,perpendicular_to,cable
364,10,full_text + noisy_diagram[pixel_noise],OK,tower,has_measure,35.5_units
364,10,full_text + noisy_diagram[pixel_noise],OK,h,is_a,segment
364,10,full_text + noisy_diagram[pixel_noise],OK,h,has_measure,?
,,,,,,
365,10,full_text + noisy_diagram[pixel_noise],OK,plane,is_a,object
365,10,full_text + noisy_diagram[pixel_noise],OK,ground,is_a,surface
365,10,full_text + noisy_diagram[pixel_noise],OK,runway,is_a,surface
365,10,full_text + noisy_diagram[pixel_noise],OK,theta,is_a,angle
365,10,full_text + noisy_diagram[pixel_noise],OK,plane,has_measure,10369_m
365,10,full_text + noisy_diagram[pixel_noise],OK,plane,has_measure,23444_m
365,10,full_text + noisy_diagram[pixel_noise],OK,runway,is_a,segment
365,10,full_text + noisy_diagram[pixel_noise],OK,plane,connects,runway
365,10,full_text + noisy_diagram[pixel_noise],OK,plane,connects,ground
365,10,full_text + noisy_diagram[pixel_noise],OK,theta,has_measure,?
365,10,full_text + noisy_diagram[pixel_noise],OK,runway,has_measure,23444_m
,,,,,,
420,10,full_text + noisy_diagram[pixel_noise],OK,A,is_a,point
420,10,full_text + noisy_diagram[pixel_noise],OK,B,is_a,point
420,10,full_text + noisy_diagram[pixel_noise],OK,C,is_a,point
420,10,full_text + noisy_diagram[pixel_noise],OK,D,is_a,point
420,10,full_text + noisy_diagram[pixel_noise],OK,AB,is_a,segment
420,10,full_text + noisy_diagram[pixel_noise],OK,BC,is_a,segment
420,10,full_text + noisy_diagram[pixel_noise],OK,CD,is_a,segment
420,10,full_text + noisy_diagram[pixel_noise],OK,DA,is_a,segment
420,10,full_text + noisy_diagram[pixel_noise],OK,ABCD,is_a,trapezium
420,10,full_text + noisy_diagram[pixel_noise],OK,AB,perpendicular_to,CD
420,10,full_text + noisy_diagram[pixel_noise],OK,BC,has_measure,10_cm
420,10,full_text + noisy_diagram[pixel_noise],OK,B,is_a,vertex
420,10,full_text + noisy_diagram[pixel_noise],OK,AD,is_a,segment
420,10,full_text + noisy_diagram[pixel_noise],OK,AB,has_measure,?
420,10,full_text + noisy_diagram[pixel_noise],OK,x,is_a,length
420,10,full_text + noisy_diagram[pixel_noise],OK,x,is_a,?
420,10,full_text + noisy_diagram[pixel_noise],OK,6_cm,is_a,length
,,,,,,
432,10,full_text + noisy_diagram[pixel_noise],OK,-3,4,"is_a, point"
432,10,full_text + noisy_diagram[pixel_noise],OK,5,2,"is_a, point"
432,10,full_text + noisy_diagram[pixel_noise],OK,-3,4,"connects, 5, 2"
432,10,full_text + noisy_diagram[pixel_noise],OK,d,is_a,distance
432,10,full_text + noisy_diagram[pixel_noise],OK,d,has_measure,?
432,10,full_text + noisy_diagram[pixel_noise],OK,-3,4,"lies_on, x_axis"
432,10,full_text + noisy_diagram[pixel_noise],OK,-3,4,"lies_on, y_axis"
432,10,full_text + noisy_diagram[pixel_noise],OK,5,2,"lies_on, x_axis"
432,10,full_text + noisy_diagram[pixel_noise],OK,5,2,"lies_on, y_axis"
432,10,full_text + noisy_diagram[pixel_noise],OK,x_axis,is_a,axis
432,10,full_text + noisy_diagram[pixel_noise],OK,y_axis,is_a,axis
432,10,full_text + noisy_diagram[pixel_noise],OK,axis,is_a,line
432,10,full_text + noisy_diagram[pixel_noise],OK,line,is_a,geometric_shape
432,10,full_text + noisy_diagram[pixel_noise],OK,geometric_shape,is_a,shape
432,10,full_text + noisy_diagram[pixel_noise],OK,shape,is_a,concept
432,10,full_text + noisy_diagram[pixel_noise],OK,concept,is_a,idea
432,10,full_text + noisy_diagram[pixel_noise],OK,idea,is_a,abstract_entity
432,10,full_text + noisy_diagram[pixel_noise],OK,abstract_entity,is_a,entity
432,10,full_text + noisy_diagram[pixel_noise],OK,entity,is_a,thing
,,,,,,
438,10,full_text + noisy_diagram[pixel_noise],OK,hyperbola,is_a,hyperbola
438,10,full_text + noisy_diagram[pixel_noise],OK,vertices1,is_a,point
438,10,full_text + noisy_diagram[pixel_noise],OK,vertices2,is_a,point
438,10,full_text + noisy_diagram[pixel_noise],OK,center,is_a,point
438,10,full_text + noisy_diagram[pixel_noise],OK,foci1,is_a,point
438,10,full_text + noisy_diagram[pixel_noise],OK,foci2,is_a,point
438,10,full_text + noisy_diagram[pixel_noise],OK,hyperbola,connects,vertices1
438,10,full_text + noisy_diagram[pixel_noise],OK,hyperbola,connects,vertices2
438,10,full_text + noisy_diagram[pixel_noise],OK,hyperbola,center_of,center
438,10,full_text + noisy_diagram[pixel_noise],OK,hyperbola,connects,foci1
438,10,full_text + noisy_diagram[pixel_noise],OK,hyperbola,connects,foci2
438,10,full_text + noisy_diagram[pixel_noise],OK,vertices1,lies_on,hyperbola
438,10,full_text + noisy_diagram[pixel_noise],OK,vertices2,lies_on,hyperbola
438,10,full_text + noisy_diagram[pixel_noise],OK,center,lies_on,hyperbola
438,10,full_text + noisy_diagram[pixel_noise],OK,foci1,lies_on,hyperbola
438,10,full_text + noisy_diagram[pixel_noise],OK,foci2,lies_on,hyperbola
438,10,full_text + noisy_diagram[pixel_noise],OK,hyperbola,has_measure,?
,,,,,,
441,10,full_text + noisy_diagram[pixel_noise],OK,a,is_a,angle
441,10,full_text + noisy_diagram[pixel_noise],OK,P,is_a,point
441,10,full_text + noisy_diagram[pixel_noise],OK,unit_circle,is_a,circle
441,10,full_text + noisy_diagram[pixel_noise],OK,P,lies_on,unit_circle
441,10,full_text + noisy_diagram[pixel_noise],OK,a,has_measure,?
441,10,full_text + noisy_diagram[pixel_noise],OK,unit_circle,radius_of,1_unit
441,10,full_text + noisy_diagram[pixel_noise],OK,y,is_a,point
441,10,full_text + noisy_diagram[pixel_noise],OK,y,lies_on,unit_circle
,,,,,,
447,10,full_text + noisy_diagram[pixel_noise],OK,a,is_a,angle
447,10,full_text + noisy_diagram[pixel_noise],OK,P,is_a,point
447,10,full_text + noisy_diagram[pixel_noise],OK,P,lies_on,unit_circle
447,10,full_text + noisy_diagram[pixel_noise],OK,unit_circle,center_of,origin
447,10,full_text + noisy_diagram[pixel_noise],OK,unit_circle,radius_of,1_unit
447,10,full_text + noisy_diagram[pixel_noise],OK,origin,is_a,point
447,10,full_text + noisy_diagram[pixel_noise],OK,origin,connects,x_axis
447,10,full_text + noisy_diagram[pixel_noise],OK,origin,connects,y_axis
447,10,full_text + noisy_diagram[pixel_noise],OK,x_axis,is_a,line
447,10,full_text + noisy_diagram[pixel_noise],OK,y_axis,is_a,line
,,,,,,
449,10,full_text + noisy_diagram[pixel_noise],OK,O,is_a,point
449,10,full_text + noisy_diagram[pixel_noise],OK,O,center_of,circle
449,10,full_text + noisy_diagram[pixel_noise],OK,P,is_a,point
449,10,full_text + noisy_diagram[pixel_noise],OK,P,lies_on,circle
449,10,full_text + noisy_diagram[pixel_noise],OK,circle,is_a,unit_circle
449,10,full_text + noisy_diagram[pixel_noise],OK,circle,center_of,O
449,10,full_text + noisy_diagram[pixel_noise],OK,θ,is_a,angle
,,,,,,
457,10,full_text + noisy_diagram[pixel_noise],OK,O,is_a,point
457,10,full_text + noisy_diagram[pixel_noise],OK,O,center_of,circle
457,10,full_text + noisy_diagram[pixel_noise],OK,circle,is_a,circle
457,10,full_text + noisy_diagram[pixel_noise],OK,circle,radius_of,6
457,10,full_text + noisy_diagram[pixel_noise],OK,?,is_a,equation
457,10,full_text + noisy_diagram[pixel_noise],OK,?,query_target,?
,,,,,,
472,10,full_text + noisy_diagram[pixel_noise],OK,-7_0,is_a,point
472,10,full_text + noisy_diagram[pixel_noise],OK,-5_-5,is_a,point
472,10,full_text + noisy_diagram[pixel_noise],OK,0_7,is_a,point
472,10,full_text + noisy_diagram[pixel_noise],OK,5_-5,is_a,point
472,10,full_text + noisy_diagram[pixel_noise],OK,7_0,is_a,point
472,10,full_text + noisy_diagram[pixel_noise],OK,semicircle,is_a,semicircle
472,10,full_text + noisy_diagram[pixel_noise],OK,semicircle,passes_through,-7_0
472,10,full_text + noisy_diagram[pixel_noise],OK,semicircle,passes_through,-5_-5
472,10,full_text + noisy_diagram[pixel_noise],OK,semicircle,passes_through,0_7
472,10,full_text + noisy_diagram[pixel_noise],OK,semicircle,passes_through,5_-5
472,10,full_text + noisy_diagram[pixel_noise],OK,semicircle,passes_through,7_0
472,10,full_text + noisy_diagram[pixel_noise],OK,?,is_a,center_of
472,10,full_text + noisy_diagram[pixel_noise],OK,?,is_a,semicircle
,,,,,,
