problem_index,case_id,case_label,status,subject,predicate,object
1,8,full_text + noisy_diagram[illumination],OK,A,is_a,point
1,8,full_text + noisy_diagram[illumination],OK,B,is_a,point
1,8,full_text + noisy_diagram[illumination],OK,C,is_a,point
1,8,full_text + noisy_diagram[illumination],OK,D,is_a,point
1,8,full_text + noisy_diagram[illumination],OK,E,is_a,point
1,8,full_text + noisy_diagram[illumination],OK,ABC,is_a,triangle
1,8,full_text + noisy_diagram[illumination],OK,∠A,is_a,angle
1,8,full_text + noisy_diagram[illumination],OK,∠B,is_a,angle
1,8,full_text + noisy_diagram[illumination],OK,∠A,has_measure,80_deg
1,8,full_text + noisy_diagram[illumination],OK,∠B,has_measure,60_deg
1,8,full_text + noisy_diagram[illumination],OK,D,lies_on,AB
1,8,full_text + noisy_diagram[illumination],OK,E,lies_on,AC
1,8,full_text + noisy_diagram[illumination],OK,DE,is_a,segment
1,8,full_text + noisy_diagram[illumination],OK,BC,is_a,segment
1,8,full_text + noisy_diagram[illumination],OK,DE,parallel_to,BC
1,8,full_text + noisy_diagram[illumination],OK,∠CED,is_a,angle
1,8,full_text + noisy_diagram[illumination],OK,∠CED,has_measure,?
,,,,,,
2,8,full_text + noisy_diagram[illumination],OK,A,is_a,point
2,8,full_text + noisy_diagram[illumination],OK,B,is_a,point
2,8,full_text + noisy_diagram[illumination],OK,C,is_a,point
2,8,full_text + noisy_diagram[illumination],OK,D,is_a,point
2,8,full_text + noisy_diagram[illumination],OK,E,is_a,point
2,8,full_text + noisy_diagram[illumination],OK,F,is_a,point
2,8,full_text + noisy_diagram[illumination],OK,G,is_a,point
2,8,full_text + noisy_diagram[illumination],OK,AB,is_a,segment
2,8,full_text + noisy_diagram[illumination],OK,CD,is_a,segment
2,8,full_text + noisy_diagram[illumination],OK,EF,is_a,segment
2,8,full_text + noisy_diagram[illumination],OK,EG,is_a,segment
2,8,full_text + noisy_diagram[illumination],OK,∠BEF,is_a,angle
2,8,full_text + noisy_diagram[illumination],OK,∠EFG,is_a,angle
2,8,full_text + noisy_diagram[illumination],OK,∠EGF,is_a,angle
2,8,full_text + noisy_diagram[illumination],OK,AB,parallel_to,CD
2,8,full_text + noisy_diagram[illumination],OK,EF,intersects,AB
2,8,full_text + noisy_diagram[illumination],OK,EF,intersects,CD
2,8,full_text + noisy_diagram[illumination],OK,EG,intersects,CD
2,8,full_text + noisy_diagram[illumination],OK,EG,bisects,∠BEF
2,8,full_text + noisy_diagram[illumination],OK,∠EFG,has_measure,50_deg
2,8,full_text + noisy_diagram[illumination],OK,∠EGF,has_measure,?
,,,,,,
3,8,full_text + noisy_diagram[illumination],OK,A,is_a,point
3,8,full_text + noisy_diagram[illumination],OK,B,is_a,point
3,8,full_text + noisy_diagram[illumination],OK,C,is_a,point
3,8,full_text + noisy_diagram[illumination],OK,D,is_a,point
3,8,full_text + noisy_diagram[illumination],OK,BC,is_a,segment
3,8,full_text + noisy_diagram[illumination],OK,BA,is_a,segment
3,8,full_text + noisy_diagram[illumination],OK,BD,is_a,segment
3,8,full_text + noisy_diagram[illumination],OK,CD,is_a,segment
3,8,full_text + noisy_diagram[illumination],OK,AB,is_a,segment
3,8,full_text + noisy_diagram[illumination],OK,∠BCD,is_a,angle
3,8,full_text + noisy_diagram[illumination],OK,∠CDB,is_a,angle
3,8,full_text + noisy_diagram[illumination],OK,∠ABC,is_a,angle
3,8,full_text + noisy_diagram[illumination],OK,BC,intersects,BA
3,8,full_text + noisy_diagram[illumination],OK,BC,intersects,B
3,8,full_text + noisy_diagram[illumination],OK,BA,intersects,B
3,8,full_text + noisy_diagram[illumination],OK,BD,intersects,B
3,8,full_text + noisy_diagram[illumination],OK,BD,intersects,D
3,8,full_text + noisy_diagram[illumination],OK,CD,intersects,C
3,8,full_text + noisy_diagram[illumination],OK,CD,intersects,D
3,8,full_text + noisy_diagram[illumination],OK,AB,intersects,A
3,8,full_text + noisy_diagram[illumination],OK,AB,intersects,B
3,8,full_text + noisy_diagram[illumination],OK,BD,bisects,∠ABC
3,8,full_text + noisy_diagram[illumination],OK,CD,parallel_to,AB
3,8,full_text + noisy_diagram[illumination],OK,∠BCD,has_measure,70_deg
3,8,full_text + noisy_diagram[illumination],OK,∠CDB,is_a,query_target
,,,,,,
4,8,full_text + noisy_diagram[illumination],OK,A,is_a,point
4,8,full_text + noisy_diagram[illumination],OK,B,is_a,point
4,8,full_text + noisy_diagram[illumination],OK,C,is_a,point
4,8,full_text + noisy_diagram[illumination],OK,O,is_a,point
4,8,full_text + noisy_diagram[illumination],OK,AB,is_a,segment
4,8,full_text + noisy_diagram[illumination],OK,BC,is_a,segment
4,8,full_text + noisy_diagram[illumination],OK,AO,is_a,segment
4,8,full_text + noisy_diagram[illumination],OK,OC,is_a,segment
4,8,full_text + noisy_diagram[illumination],OK,∠A,is_a,angle
4,8,full_text + noisy_diagram[illumination],OK,∠OCB,is_a,angle
4,8,full_text + noisy_diagram[illumination],OK,AB,tangent_to,circle_O
4,8,full_text + noisy_diagram[illumination],OK,AO,intersects,circle_O
4,8,full_text + noisy_diagram[illumination],OK,∠A,has_measure,36_deg
4,8,full_text + noisy_diagram[illumination],OK,AB,connects,"A, B"
4,8,full_text + noisy_diagram[illumination],OK,AB,connects,"B, A"
4,8,full_text + noisy_diagram[illumination],OK,AO,connects,"A, O"
4,8,full_text + noisy_diagram[illumination],OK,AO,connects,"O, A"
4,8,full_text + noisy_diagram[illumination],OK,BC,connects,"B, C"
4,8,full_text + noisy_diagram[illumination],OK,BC,connects,"C, B"
4,8,full_text + noisy_diagram[illumination],OK,OC,connects,"O, C"
4,8,full_text + noisy_diagram[illumination],OK,OC,connects,"C, O"
4,8,full_text + noisy_diagram[illumination],OK,O,center_of,circle_O
,,,,,,
7,8,full_text + noisy_diagram[illumination],OK,A,is_a,point
7,8,full_text + noisy_diagram[illumination],OK,B,is_a,point
7,8,full_text + noisy_diagram[illumination],OK,C,is_a,point
7,8,full_text + noisy_diagram[illumination],OK,D,is_a,point
7,8,full_text + noisy_diagram[illumination],OK,E,is_a,point
7,8,full_text + noisy_diagram[illumination],OK,ABC,is_a,triangle
7,8,full_text + noisy_diagram[illumination],OK,ADE,is_a,triangle
7,8,full_text + noisy_diagram[illumination],OK,∠B,is_a,angle
7,8,full_text + noisy_diagram[illumination],OK,∠C,is_a,angle
7,8,full_text + noisy_diagram[illumination],OK,∠DAC,is_a,angle
7,8,full_text + noisy_diagram[illumination],OK,∠EAC,is_a,angle
7,8,full_text + noisy_diagram[illumination],OK,ABC,congruent_to,ADE
7,8,full_text + noisy_diagram[illumination],OK,A,common_vertex_of,ABC
7,8,full_text + noisy_diagram[illumination],OK,A,common_vertex_of,ADE
7,8,full_text + noisy_diagram[illumination],OK,∠B,has_measure,70_deg
7,8,full_text + noisy_diagram[illumination],OK,∠C,has_measure,30_deg
7,8,full_text + noisy_diagram[illumination],OK,∠DAC,has_measure,35_deg
7,8,full_text + noisy_diagram[illumination],OK,∠EAC,has_measure,?
,,,,,,
8,8,full_text + noisy_diagram[illumination],OK,A,is_a,point
8,8,full_text + noisy_diagram[illumination],OK,B,is_a,point
8,8,full_text + noisy_diagram[illumination],OK,C,is_a,point
8,8,full_text + noisy_diagram[illumination],OK,D,is_a,point
8,8,full_text + noisy_diagram[illumination],OK,E,is_a,point
8,8,full_text + noisy_diagram[illumination],OK,F,is_a,point
8,8,full_text + noisy_diagram[illumination],OK,ABC,is_a,triangle
8,8,full_text + noisy_diagram[illumination],OK,DEF,is_a,triangle
8,8,full_text + noisy_diagram[illumination],OK,ABC,is_a,"congruent_to, DEF"
8,8,full_text + noisy_diagram[illumination],OK,A,mapped_to,D
8,8,full_text + noisy_diagram[illumination],OK,B,mapped_to,E
8,8,full_text + noisy_diagram[illumination],OK,C,mapped_to,F
8,8,full_text + noisy_diagram[illumination],OK,BC,is_a,segment
8,8,full_text + noisy_diagram[illumination],OK,BE,is_a,segment
8,8,full_text + noisy_diagram[illumination],OK,EC,is_a,segment
8,8,full_text + noisy_diagram[illumination],OK,CF,is_a,segment
8,8,full_text + noisy_diagram[illumination],OK,BC,has_measure,5_units
8,8,full_text + noisy_diagram[illumination],OK,BF,has_measure,7_units
8,8,full_text + noisy_diagram[illumination],OK,EC,has_measure,?
8,8,full_text + noisy_diagram[illumination],OK,EC,is_a,query_target
,,,,,,
9,8,full_text + noisy_diagram[illumination],OK,A,is_a,point
9,8,full_text + noisy_diagram[illumination],OK,B,is_a,point
9,8,full_text + noisy_diagram[illumination],OK,C,is_a,point
9,8,full_text + noisy_diagram[illumination],OK,D,is_a,point
9,8,full_text + noisy_diagram[illumination],OK,E,is_a,point
9,8,full_text + noisy_diagram[illumination],OK,ABC,is_a,triangle
9,8,full_text + noisy_diagram[illumination],OK,AC,is_a,segment
9,8,full_text + noisy_diagram[illumination],OK,BC,is_a,segment
9,8,full_text + noisy_diagram[illumination],OK,AB,is_a,segment
9,8,full_text + noisy_diagram[illumination],OK,AD,is_a,segment
9,8,full_text + noisy_diagram[illumination],OK,DE,is_a,segment
9,8,full_text + noisy_diagram[illumination],OK,∠C,is_a,angle
9,8,full_text + noisy_diagram[illumination],OK,∠C,has_measure,90_deg
9,8,full_text + noisy_diagram[illumination],OK,AC,has_measure,?
9,8,full_text + noisy_diagram[illumination],OK,BC,has_measure,?
9,8,full_text + noisy_diagram[illumination],OK,AB,has_measure,6_units
9,8,full_text + noisy_diagram[illumination],OK,DE,perpendicular_to,AB
9,8,full_text + noisy_diagram[illumination],OK,DE,intersects,AB
9,8,full_text + noisy_diagram[illumination],OK,DE,intersects,"AB, at, E"
9,8,full_text + noisy_diagram[illumination],OK,AD,intersects,"BC, at, D"
9,8,full_text + noisy_diagram[illumination],OK,AD,bisects,∠CAB
,,,,,,
10,8,full_text + noisy_diagram[illumination],OK,A,is_a,point
10,8,full_text + noisy_diagram[illumination],OK,B,is_a,point
10,8,full_text + noisy_diagram[illumination],OK,C,is_a,point
10,8,full_text + noisy_diagram[illumination],OK,A,connects,B
10,8,full_text + noisy_diagram[illumination],OK,A,connects,C
10,8,full_text + noisy_diagram[illumination],OK,B,connects,C
10,8,full_text + noisy_diagram[illumination],OK,AB,is_a,segment
10,8,full_text + noisy_diagram[illumination],OK,AC,is_a,segment
10,8,full_text + noisy_diagram[illumination],OK,BC,is_a,segment
10,8,full_text + noisy_diagram[illumination],OK,ABC,is_a,triangle
10,8,full_text + noisy_diagram[illumination],OK,AB,has_measure,?
10,8,full_text + noisy_diagram[illumination],OK,AC,has_measure,?
10,8,full_text + noisy_diagram[illumination],OK,BC,has_measure,?
10,8,full_text + noisy_diagram[illumination],OK,∠A,is_a,angle
10,8,full_text + noisy_diagram[illumination],OK,∠A,has_measure,36_deg
10,8,full_text + noisy_diagram[illumination],OK,D,is_a,point
10,8,full_text + noisy_diagram[illumination],OK,E,is_a,point
10,8,full_text + noisy_diagram[illumination],OK,AB,intersects,E
10,8,full_text + noisy_diagram[illumination],OK,AC,intersects,D
10,8,full_text + noisy_diagram[illumination],OK,BD,is_a,segment
10,8,full_text + noisy_diagram[illumination],OK,BD,intersects,C
10,8,full_text + noisy_diagram[illumination],OK,∠BDC,is_a,angle
10,8,full_text + noisy_diagram[illumination],OK,∠BDC,has_measure,?
10,8,full_text + noisy_diagram[illumination],OK,AB,perpendicular_to,DE
,,,,,,
11,8,full_text + noisy_diagram[illumination],OK,A,is_a,point
11,8,full_text + noisy_diagram[illumination],OK,B,is_a,point
11,8,full_text + noisy_diagram[illumination],OK,C,is_a,point
11,8,full_text + noisy_diagram[illumination],OK,D,is_a,point
11,8,full_text + noisy_diagram[illumination],OK,E,is_a,point
11,8,full_text + noisy_diagram[illumination],OK,F,is_a,point
11,8,full_text + noisy_diagram[illumination],OK,ABC,is_a,triangle
11,8,full_text + noisy_diagram[illumination],OK,AED,is_a,triangle
11,8,full_text + noisy_diagram[illumination],OK,∠C,is_a,angle
11,8,full_text + noisy_diagram[illumination],OK,∠C,has_measure,36_deg
11,8,full_text + noisy_diagram[illumination],OK,A,rotated_about,A
11,8,full_text + noisy_diagram[illumination],OK,ABC,mapped_to,AED
11,8,full_text + noisy_diagram[illumination],OK,ABC,rotated_about,A
11,8,full_text + noisy_diagram[illumination],OK,AD,intersects,BC
11,8,full_text + noisy_diagram[illumination],OK,AD,intersects,"BC, at, F"
11,8,full_text + noisy_diagram[illumination],OK,∠AFC,is_a,angle
11,8,full_text + noisy_diagram[illumination],OK,∠AFC,has_measure,?
,,,,,,
14,8,full_text + noisy_diagram[illumination],OK,O,is_a,circle
14,8,full_text + noisy_diagram[illumination],OK,A,is_a,point
14,8,full_text + noisy_diagram[illumination],OK,B,is_a,point
14,8,full_text + noisy_diagram[illumination],OK,C,is_a,point
14,8,full_text + noisy_diagram[illumination],OK,ABC,is_a,triangle
14,8,full_text + noisy_diagram[illumination],OK,OAB,is_a,angle
14,8,full_text + noisy_diagram[illumination],OK,OAB,has_measure,35_deg
14,8,full_text + noisy_diagram[illumination],OK,A,lies_on,O
14,8,full_text + noisy_diagram[illumination],OK,B,lies_on,O
14,8,full_text + noisy_diagram[illumination],OK,C,lies_on,O
14,8,full_text + noisy_diagram[illumination],OK,A,connects,B
14,8,full_text + noisy_diagram[illumination],OK,B,connects,C
14,8,full_text + noisy_diagram[illumination],OK,C,connects,A
14,8,full_text + noisy_diagram[illumination],OK,OAB,connects,A
14,8,full_text + noisy_diagram[illumination],OK,OAB,connects,B
14,8,full_text + noisy_diagram[illumination],OK,ACB,is_a,angle
14,8,full_text + noisy_diagram[illumination],OK,ACB,has_measure,?
14,8,full_text + noisy_diagram[illumination],OK,O,center_of,O
14,8,full_text + noisy_diagram[illumination],OK,ABC,inscribed_in,O
,,,,,,
16,8,full_text + noisy_diagram[illumination],OK,O,is_a,point
16,8,full_text + noisy_diagram[illumination],OK,A,is_a,point
16,8,full_text + noisy_diagram[illumination],OK,B,is_a,point
16,8,full_text + noisy_diagram[illumination],OK,C,is_a,point
16,8,full_text + noisy_diagram[illumination],OK,OA,is_a,radius
16,8,full_text + noisy_diagram[illumination],OK,OB,is_a,radius
16,8,full_text + noisy_diagram[illumination],OK,OC,is_a,radius
16,8,full_text + noisy_diagram[illumination],OK,AC,is_a,chord
16,8,full_text + noisy_diagram[illumination],OK,AC,parallel_to,OB
16,8,full_text + noisy_diagram[illumination],OK,∠BOC,is_a,angle
16,8,full_text + noisy_diagram[illumination],OK,∠BOC,has_measure,50_deg
16,8,full_text + noisy_diagram[illumination],OK,∠OAB,is_a,angle
16,8,full_text + noisy_diagram[illumination],OK,∠OAB,has_measure,?
16,8,full_text + noisy_diagram[illumination],OK,O,center_of,circle
16,8,full_text + noisy_diagram[illumination],OK,A,lies_on,circle
16,8,full_text + noisy_diagram[illumination],OK,B,lies_on,circle
16,8,full_text + noisy_diagram[illumination],OK,C,lies_on,circle
16,8,full_text + noisy_diagram[illumination],OK,OA,connects,"O, A"
16,8,full_text + noisy_diagram[illumination],OK,OB,connects,"O, B"
16,8,full_text + noisy_diagram[illumination],OK,OC,connects,"O, C"
16,8,full_text + noisy_diagram[illumination],OK,AC,connects,"A, C"
16,8,full_text + noisy_diagram[illumination],OK,∠OAB,is_a,query_target
,,,,,,
17,8,full_text + noisy_diagram[illumination],OK,A,is_a,point
17,8,full_text + noisy_diagram[illumination],OK,B,is_a,point
17,8,full_text + noisy_diagram[illumination],OK,C,is_a,point
17,8,full_text + noisy_diagram[illumination],OK,D,is_a,point
17,8,full_text + noisy_diagram[illumination],OK,O,is_a,point
17,8,full_text + noisy_diagram[illumination],OK,ABCD,is_a,parallelogram
17,8,full_text + noisy_diagram[illumination],OK,AC,is_a,diagonal
17,8,full_text + noisy_diagram[illumination],OK,BD,is_a,diagonal
17,8,full_text + noisy_diagram[illumination],OK,AC,intersects,BD
17,8,full_text + noisy_diagram[illumination],OK,AC,intersects,"BD, at, O"
17,8,full_text + noisy_diagram[illumination],OK,∠DAC,is_a,angle
17,8,full_text + noisy_diagram[illumination],OK,∠DAC,has_measure,42_deg
17,8,full_text + noisy_diagram[illumination],OK,∠CBD,is_a,angle
17,8,full_text + noisy_diagram[illumination],OK,∠CBD,has_measure,23_deg
17,8,full_text + noisy_diagram[illumination],OK,∠COD,is_a,angle
17,8,full_text + noisy_diagram[illumination],OK,∠COD,has_measure,?
17,8,full_text + noisy_diagram[illumination],OK,AB,is_a,segment
17,8,full_text + noisy_diagram[illumination],OK,AB,connects,"A, B"
17,8,full_text + noisy_diagram[illumination],OK,BC,is_a,segment
17,8,full_text + noisy_diagram[illumination],OK,BC,connects,"B, C"
17,8,full_text + noisy_diagram[illumination],OK,CD,is_a,segment
17,8,full_text + noisy_diagram[illumination],OK,CD,connects,"C, D"
17,8,full_text + noisy_diagram[illumination],OK,DA,is_a,segment
17,8,full_text + noisy_diagram[illumination],OK,DA,connects,"D, A"
17,8,full_text + noisy_diagram[illumination],OK,AC,connects,"A, C"
17,8,full_text + noisy_diagram[illumination],OK,BD,connects,"B, D"
,,,,,,
20,8,full_text + noisy_diagram[illumination],OK,A,is_a,point
20,8,full_text + noisy_diagram[illumination],OK,B,is_a,point
20,8,full_text + noisy_diagram[illumination],OK,C,is_a,point
20,8,full_text + noisy_diagram[illumination],OK,D,is_a,point
20,8,full_text + noisy_diagram[illumination],OK,O,is_a,point
20,8,full_text + noisy_diagram[illumination],OK,AB,is_a,diameter
20,8,full_text + noisy_diagram[illumination],OK,AB,connects,A
20,8,full_text + noisy_diagram[illumination],OK,AB,connects,B
20,8,full_text + noisy_diagram[illumination],OK,AC,connects,A
20,8,full_text + noisy_diagram[illumination],OK,AC,connects,C
20,8,full_text + noisy_diagram[illumination],OK,BC,connects,B
20,8,full_text + noisy_diagram[illumination],OK,BC,connects,C
20,8,full_text + noisy_diagram[illumination],OK,CD,connects,C
20,8,full_text + noisy_diagram[illumination],OK,CD,connects,D
20,8,full_text + noisy_diagram[illumination],OK,OD,connects,O
20,8,full_text + noisy_diagram[illumination],OK,OD,connects,D
20,8,full_text + noisy_diagram[illumination],OK,∠DOB,is_a,angle
20,8,full_text + noisy_diagram[illumination],OK,∠DOB,has_measure,140_deg
20,8,full_text + noisy_diagram[illumination],OK,∠ACD,is_a,angle
20,8,full_text + noisy_diagram[illumination],OK,AB,diameter_of,O
20,8,full_text + noisy_diagram[illumination],OK,C,lies_on,O
20,8,full_text + noisy_diagram[illumination],OK,D,lies_on,O
20,8,full_text + noisy_diagram[illumination],OK,O,center_of,O
20,8,full_text + noisy_diagram[illumination],OK,∠ACD,is_a,query_target
,,,,,,
22,8,full_text + noisy_diagram[illumination],OK,A,is_a,point
22,8,full_text + noisy_diagram[illumination],OK,B,is_a,point
22,8,full_text + noisy_diagram[illumination],OK,C,is_a,point
22,8,full_text + noisy_diagram[illumination],OK,D,is_a,point
22,8,full_text + noisy_diagram[illumination],OK,M,is_a,point
22,8,full_text + noisy_diagram[illumination],OK,N,is_a,point
22,8,full_text + noisy_diagram[illumination],OK,O,is_a,point
22,8,full_text + noisy_diagram[illumination],OK,AM,is_a,segment
22,8,full_text + noisy_diagram[illumination],OK,CN,is_a,segment
22,8,full_text + noisy_diagram[illumination],OK,MN,is_a,segment
22,8,full_text + noisy_diagram[illumination],OK,AC,is_a,segment
22,8,full_text + noisy_diagram[illumination],OK,BO,is_a,segment
22,8,full_text + noisy_diagram[illumination],OK,ABCD,is_a,diamond
22,8,full_text + noisy_diagram[illumination],OK,M,lies_on,AB
22,8,full_text + noisy_diagram[illumination],OK,N,lies_on,CD
22,8,full_text + noisy_diagram[illumination],OK,AM,has_measure,CN
22,8,full_text + noisy_diagram[illumination],OK,MN,intersects,AC
22,8,full_text + noisy_diagram[illumination],OK,MN,intersects,"AC, at, O"
22,8,full_text + noisy_diagram[illumination],OK,BO,connects,"B, O"
22,8,full_text + noisy_diagram[illumination],OK,∠DAC,has_measure,28_deg
22,8,full_text + noisy_diagram[illumination],OK,∠OBC,is_a,query_target
,,,,,,
25,8,full_text + noisy_diagram[illumination],OK,A,is_a,point
25,8,full_text + noisy_diagram[illumination],OK,B,is_a,point
25,8,full_text + noisy_diagram[illumination],OK,C,is_a,point
25,8,full_text + noisy_diagram[illumination],OK,E,is_a,point
25,8,full_text + noisy_diagram[illumination],OK,F,is_a,point
25,8,full_text + noisy_diagram[illumination],OK,AB,is_a,segment
25,8,full_text + noisy_diagram[illumination],OK,AC,is_a,segment
25,8,full_text + noisy_diagram[illumination],OK,BC,is_a,segment
25,8,full_text + noisy_diagram[illumination],OK,EF,is_a,segment
25,8,full_text + noisy_diagram[illumination],OK,∠B,is_a,angle
25,8,full_text + noisy_diagram[illumination],OK,∠C,is_a,angle
25,8,full_text + noisy_diagram[illumination],OK,∠BAF,is_a,angle
25,8,full_text + noisy_diagram[illumination],OK,EF,parallel_to,BC
25,8,full_text + noisy_diagram[illumination],OK,AC,bisects,∠BAF
25,8,full_text + noisy_diagram[illumination],OK,∠B,has_measure,50_deg
25,8,full_text + noisy_diagram[illumination],OK,∠C,has_measure,?
,,,,,,
26,8,full_text + noisy_diagram[illumination],OK,school_flagpole,is_a,object
26,8,full_text + noisy_diagram[illumination],OK,bamboo_pole,is_a,object
26,8,full_text + noisy_diagram[illumination],OK,bamboo_pole,has_measure,3.2_m
26,8,full_text + noisy_diagram[illumination],OK,distance_between_bamboo_pole_and_point,has_measure,8.0_m
26,8,full_text + noisy_diagram[illumination],OK,distance_between_flagpole_and_point,has_measure,22.0_m
26,8,full_text + noisy_diagram[illumination],OK,top_of_bamboo_pole,lies_on,point
26,8,full_text + noisy_diagram[illumination],OK,shadow_of_top_of_flagpole,lies_on,point
26,8,full_text + noisy_diagram[illumination],OK,school_flagpole,has_measure,?
26,8,full_text + noisy_diagram[illumination],OK,height_of_flagpole,is_a,query_target
,,,,,,
29,8,full_text + noisy_diagram[illumination],OK,A,is_a,point
29,8,full_text + noisy_diagram[illumination],OK,B,is_a,point
29,8,full_text + noisy_diagram[illumination],OK,C,is_a,point
29,8,full_text + noisy_diagram[illumination],OK,D,is_a,point
29,8,full_text + noisy_diagram[illumination],OK,ABC,is_a,triangle
29,8,full_text + noisy_diagram[illumination],OK,BD,is_a,segment
29,8,full_text + noisy_diagram[illumination],OK,CD,is_a,segment
29,8,full_text + noisy_diagram[illumination],OK,D,is_a,intersection_point
29,8,full_text + noisy_diagram[illumination],OK,BD,is_a,angle_bisector
29,8,full_text + noisy_diagram[illumination],OK,CD,is_a,angle_bisector
29,8,full_text + noisy_diagram[illumination],OK,A,has_measure,50_deg
29,8,full_text + noisy_diagram[illumination],OK,∠BDC,is_a,angle
29,8,full_text + noisy_diagram[illumination],OK,∠BDC,has_measure,?
29,8,full_text + noisy_diagram[illumination],OK,∠A,has_measure,50_deg
,,,,,,
30,8,full_text + noisy_diagram[illumination],OK,O,is_a,point
30,8,full_text + noisy_diagram[illumination],OK,A,is_a,point
30,8,full_text + noisy_diagram[illumination],OK,B,is_a,point
30,8,full_text + noisy_diagram[illumination],OK,C,is_a,point
30,8,full_text + noisy_diagram[illumination],OK,OA,is_a,segment
30,8,full_text + noisy_diagram[illumination],OK,OB,is_a,segment
30,8,full_text + noisy_diagram[illumination],OK,OC,is_a,segment
30,8,full_text + noisy_diagram[illumination],OK,AC,is_a,segment
30,8,full_text + noisy_diagram[illumination],OK,AB,is_a,segment
30,8,full_text + noisy_diagram[illumination],OK,BC,is_a,segment
30,8,full_text + noisy_diagram[illumination],OK,OA,has_measure,?
30,8,full_text + noisy_diagram[illumination],OK,OB,has_measure,?
30,8,full_text + noisy_diagram[illumination],OK,OC,has_measure,?
30,8,full_text + noisy_diagram[illumination],OK,OA,has_measure,OB
30,8,full_text + noisy_diagram[illumination],OK,OA,has_measure,OC
30,8,full_text + noisy_diagram[illumination],OK,∠ACB,is_a,angle
30,8,full_text + noisy_diagram[illumination],OK,∠ACB,has_measure,30_deg
30,8,full_text + noisy_diagram[illumination],OK,∠AOB,is_a,angle
30,8,full_text + noisy_diagram[illumination],OK,∠AOB,has_measure,?
,,,,,,
32,8,full_text + noisy_diagram[illumination],OK,A,is_a,point
32,8,full_text + noisy_diagram[illumination],OK,B,is_a,point
32,8,full_text + noisy_diagram[illumination],OK,C,is_a,point
32,8,full_text + noisy_diagram[illumination],OK,D,is_a,point
32,8,full_text + noisy_diagram[illumination],OK,E,is_a,point
32,8,full_text + noisy_diagram[illumination],OK,F,is_a,point
32,8,full_text + noisy_diagram[illumination],OK,I,is_a,point
32,8,full_text + noisy_diagram[illumination],OK,∠DEF,is_a,angle
32,8,full_text + noisy_diagram[illumination],OK,∠A,is_a,angle
32,8,full_text + noisy_diagram[illumination],OK,ABC,is_a,triangle
32,8,full_text + noisy_diagram[illumination],OK,I,is_a,circle
32,8,full_text + noisy_diagram[illumination],OK,D,lies_on,ABC
32,8,full_text + noisy_diagram[illumination],OK,E,lies_on,ABC
32,8,full_text + noisy_diagram[illumination],OK,F,lies_on,ABC
32,8,full_text + noisy_diagram[illumination],OK,∠DEF,has_measure,52_deg
32,8,full_text + noisy_diagram[illumination],OK,∠A,has_measure,?
,,,,,,
34,8,full_text + noisy_diagram[illumination],OK,A,is_a,point
34,8,full_text + noisy_diagram[illumination],OK,B,is_a,point
34,8,full_text + noisy_diagram[illumination],OK,C,is_a,point
34,8,full_text + noisy_diagram[illumination],OK,D,is_a,point
34,8,full_text + noisy_diagram[illumination],OK,E,is_a,point
34,8,full_text + noisy_diagram[illumination],OK,F,is_a,point
34,8,full_text + noisy_diagram[illumination],OK,P,is_a,point
34,8,full_text + noisy_diagram[illumination],OK,Q,is_a,point
34,8,full_text + noisy_diagram[illumination],OK,AB,is_a,line
34,8,full_text + noisy_diagram[illumination],OK,CD,is_a,line
34,8,full_text + noisy_diagram[illumination],OK,EF,is_a,line
34,8,full_text + noisy_diagram[illumination],OK,AB,parallel_to,CD
34,8,full_text + noisy_diagram[illumination],OK,AB,lies_on,P
34,8,full_text + noisy_diagram[illumination],OK,CD,lies_on,Q
34,8,full_text + noisy_diagram[illumination],OK,EF,intersects,AB
34,8,full_text + noisy_diagram[illumination],OK,EF,intersects,CD
34,8,full_text + noisy_diagram[illumination],OK,EF,lies_on,P
34,8,full_text + noisy_diagram[illumination],OK,EF,lies_on,Q
34,8,full_text + noisy_diagram[illumination],OK,∠BPF,is_a,angle
34,8,full_text + noisy_diagram[illumination],OK,∠BPF,has_measure,100_deg
34,8,full_text + noisy_diagram[illumination],OK,∠CQF,is_a,angle
34,8,full_text + noisy_diagram[illumination],OK,∠CQF,has_measure,?
,,,,,,
36,8,full_text + noisy_diagram[illumination],OK,O,is_a,circle
36,8,full_text + noisy_diagram[illumination],OK,AB,is_a,diameter
36,8,full_text + noisy_diagram[illumination],OK,AB,connects,O
36,8,full_text + noisy_diagram[illumination],OK,C,is_a,point
36,8,full_text + noisy_diagram[illumination],OK,C,lies_on,O
36,8,full_text + noisy_diagram[illumination],OK,D,is_a,point
36,8,full_text + noisy_diagram[illumination],OK,DC,is_a,tangent
36,8,full_text + noisy_diagram[illumination],OK,DC,intersects,AB
36,8,full_text + noisy_diagram[illumination],OK,DC,intersects,D
36,8,full_text + noisy_diagram[illumination],OK,DB,is_a,line
36,8,full_text + noisy_diagram[illumination],OK,AC,is_a,segment
36,8,full_text + noisy_diagram[illumination],OK,∠BDC,is_a,angle
36,8,full_text + noisy_diagram[illumination],OK,∠BDC,has_measure,50_deg
36,8,full_text + noisy_diagram[illumination],OK,∠BAC,is_a,angle
36,8,full_text + noisy_diagram[illumination],OK,∠BAC,has_measure,?
,,,,,,
37,8,full_text + noisy_diagram[illumination],OK,A,is_a,point
37,8,full_text + noisy_diagram[illumination],OK,B,is_a,point
37,8,full_text + noisy_diagram[illumination],OK,C,is_a,point
37,8,full_text + noisy_diagram[illumination],OK,D,is_a,point
37,8,full_text + noisy_diagram[illumination],OK,O,is_a,point
37,8,full_text + noisy_diagram[illumination],OK,P,is_a,point
37,8,full_text + noisy_diagram[illumination],OK,AB,is_a,line
37,8,full_text + noisy_diagram[illumination],OK,CD,is_a,line
37,8,full_text + noisy_diagram[illumination],OK,AP,is_a,segment
37,8,full_text + noisy_diagram[illumination],OK,AO,is_a,segment
37,8,full_text + noisy_diagram[illumination],OK,OP,is_a,segment
37,8,full_text + noisy_diagram[illumination],OK,AB,parallel_to,CD
37,8,full_text + noisy_diagram[illumination],OK,AB,intersects,AP
37,8,full_text + noisy_diagram[illumination],OK,CD,intersects,AP
37,8,full_text + noisy_diagram[illumination],OK,O,lies_on,AB
37,8,full_text + noisy_diagram[illumination],OK,C,lies_on,CD
37,8,full_text + noisy_diagram[illumination],OK,P,lies_on,AP
37,8,full_text + noisy_diagram[illumination],OK,A,lies_on,AB
37,8,full_text + noisy_diagram[illumination],OK,O,lies_on,AP
37,8,full_text + noisy_diagram[illumination],OK,C,lies_on,AP
37,8,full_text + noisy_diagram[illumination],OK,AO,has_measure,?
37,8,full_text + noisy_diagram[illumination],OK,OP,has_measure,?
37,8,full_text + noisy_diagram[illumination],OK,OCD,has_measure,50_deg
,,,,,,
38,8,full_text + noisy_diagram[illumination],OK,A,is_a,point
38,8,full_text + noisy_diagram[illumination],OK,B,is_a,point
38,8,full_text + noisy_diagram[illumination],OK,C,is_a,point
38,8,full_text + noisy_diagram[illumination],OK,D,is_a,point
38,8,full_text + noisy_diagram[illumination],OK,AB,is_a,segment
38,8,full_text + noisy_diagram[illumination],OK,AC,is_a,segment
38,8,full_text + noisy_diagram[illumination],OK,AD,is_a,segment
38,8,full_text + noisy_diagram[illumination],OK,BC,is_a,segment
38,8,full_text + noisy_diagram[illumination],OK,ABC,is_a,triangle
38,8,full_text + noisy_diagram[illumination],OK,∠CAD,is_a,angle
38,8,full_text + noisy_diagram[illumination],OK,∠BAC,is_a,angle
38,8,full_text + noisy_diagram[illumination],OK,AB,parallel_to,BC
38,8,full_text + noisy_diagram[illumination],OK,AD,parallel_to,BC
38,8,full_text + noisy_diagram[illumination],OK,D,lies_on,AD
38,8,full_text + noisy_diagram[illumination],OK,AC,connects,"A, C"
38,8,full_text + noisy_diagram[illumination],OK,AD,connects,"A, D"
38,8,full_text + noisy_diagram[illumination],OK,AB,connects,"A, B"
38,8,full_text + noisy_diagram[illumination],OK,BC,connects,"B, C"
38,8,full_text + noisy_diagram[illumination],OK,∠CAD,has_measure,70_deg
38,8,full_text + noisy_diagram[illumination],OK,AB,equals,AC
38,8,full_text + noisy_diagram[illumination],OK,∠BAC,is_a,query_target
,,,,,,
40,8,full_text + noisy_diagram[illumination],OK,a,is_a,line
40,8,full_text + noisy_diagram[illumination],OK,b,is_a,line
40,8,full_text + noisy_diagram[illumination],OK,c,is_a,line
40,8,full_text + noisy_diagram[illumination],OK,a,parallel_to,b
40,8,full_text + noisy_diagram[illumination],OK,a,intersects,c
40,8,full_text + noisy_diagram[illumination],OK,b,intersects,c
40,8,full_text + noisy_diagram[illumination],OK,E,is_a,point
40,8,full_text + noisy_diagram[illumination],OK,F,is_a,point
40,8,full_text + noisy_diagram[illumination],OK,A,is_a,point
40,8,full_text + noisy_diagram[illumination],OK,B,is_a,point
40,8,full_text + noisy_diagram[illumination],OK,C,is_a,point
40,8,full_text + noisy_diagram[illumination],OK,D,is_a,point
40,8,full_text + noisy_diagram[illumination],OK,E,lies_on,a
40,8,full_text + noisy_diagram[illumination],OK,E,lies_on,c
40,8,full_text + noisy_diagram[illumination],OK,F,lies_on,b
40,8,full_text + noisy_diagram[illumination],OK,F,lies_on,c
40,8,full_text + noisy_diagram[illumination],OK,A,lies_on,a
40,8,full_text + noisy_diagram[illumination],OK,B,lies_on,b
40,8,full_text + noisy_diagram[illumination],OK,C,lies_on,c
40,8,full_text + noisy_diagram[illumination],OK,D,lies_on,c
40,8,full_text + noisy_diagram[illumination],OK,AEC,is_a,angle
40,8,full_text + noisy_diagram[illumination],OK,AEC,has_measure,50_deg
40,8,full_text + noisy_diagram[illumination],OK,BFD,is_a,angle
,,,,,,
43,8,full_text + noisy_diagram[illumination],OK,A,is_a,point
43,8,full_text + noisy_diagram[illumination],OK,B,is_a,point
43,8,full_text + noisy_diagram[illumination],OK,C,is_a,point
43,8,full_text + noisy_diagram[illumination],OK,D,is_a,point
43,8,full_text + noisy_diagram[illumination],OK,O,is_a,point
43,8,full_text + noisy_diagram[illumination],OK,OA,is_a,segment
43,8,full_text + noisy_diagram[illumination],OK,OB,is_a,segment
43,8,full_text + noisy_diagram[illumination],OK,OD,is_a,segment
43,8,full_text + noisy_diagram[illumination],OK,OC,is_a,segment
43,8,full_text + noisy_diagram[illumination],OK,OAB,is_a,triangle
43,8,full_text + noisy_diagram[illumination],OK,AOC,is_a,angle
43,8,full_text + noisy_diagram[illumination],OK,DOB,is_a,angle
43,8,full_text + noisy_diagram[illumination],OK,OAB,rotated_about,O
43,8,full_text + noisy_diagram[illumination],OK,OAB,mapped_to,ODC
43,8,full_text + noisy_diagram[illumination],OK,A,mapped_to,D
43,8,full_text + noisy_diagram[illumination],OK,B,mapped_to,C
43,8,full_text + noisy_diagram[illumination],OK,OA,mapped_to,OD
43,8,full_text + noisy_diagram[illumination],OK,OB,mapped_to,OC
43,8,full_text + noisy_diagram[illumination],OK,AOC,has_measure,100_deg
43,8,full_text + noisy_diagram[illumination],OK,OAB,rotated_about,30_deg
,,,,,,
44,8,full_text + noisy_diagram[illumination],OK,A,is_a,point
44,8,full_text + noisy_diagram[illumination],OK,B,is_a,point
44,8,full_text + noisy_diagram[illumination],OK,A,is_a,street_lamp
44,8,full_text + noisy_diagram[illumination],OK,B,is_a,street_lamp
,,,,,,
45,8,full_text + noisy_diagram[illumination],OK,O,is_a,circle
45,8,full_text + noisy_diagram[illumination],OK,A,is_a,point
45,8,full_text + noisy_diagram[illumination],OK,B,is_a,point
45,8,full_text + noisy_diagram[illumination],OK,C,is_a,point
45,8,full_text + noisy_diagram[illumination],OK,A,lies_on,O
45,8,full_text + noisy_diagram[illumination],OK,B,lies_on,O
45,8,full_text + noisy_diagram[illumination],OK,C,lies_on,O
45,8,full_text + noisy_diagram[illumination],OK,O,center_of,O
45,8,full_text + noisy_diagram[illumination],OK,AO,is_a,segment
45,8,full_text + noisy_diagram[illumination],OK,BO,is_a,segment
45,8,full_text + noisy_diagram[illumination],OK,AC,is_a,segment
45,8,full_text + noisy_diagram[illumination],OK,BC,is_a,segment
45,8,full_text + noisy_diagram[illumination],OK,∠ACB,is_a,angle
45,8,full_text + noisy_diagram[illumination],OK,∠ACB,has_measure,35_deg
45,8,full_text + noisy_diagram[illumination],OK,∠AOB,is_a,angle
45,8,full_text + noisy_diagram[illumination],OK,∠AOB,has_measure,?
,,,,,,
46,8,full_text + noisy_diagram[illumination],OK,AB,is_a,line
46,8,full_text + noisy_diagram[illumination],OK,CD,is_a,line
46,8,full_text + noisy_diagram[illumination],OK,AB,parallel_to,CD
46,8,full_text + noisy_diagram[illumination],OK,transversal,is_a,line
46,8,full_text + noisy_diagram[illumination],OK,A,is_a,point
46,8,full_text + noisy_diagram[illumination],OK,AB,connects,A
46,8,full_text + noisy_diagram[illumination],OK,AB,connects,B
46,8,full_text + noisy_diagram[illumination],OK,CD,connects,C
46,8,full_text + noisy_diagram[illumination],OK,CD,connects,D
46,8,full_text + noisy_diagram[illumination],OK,transversal,intersects,AB
46,8,full_text + noisy_diagram[illumination],OK,transversal,intersects,CD
46,8,full_text + noisy_diagram[illumination],OK,transversal,intersects,A
46,8,full_text + noisy_diagram[illumination],OK,angle,is_a,angle
46,8,full_text + noisy_diagram[illumination],OK,angle,has_measure,70_deg
46,8,full_text + noisy_diagram[illumination],OK,angle,connects,A
46,8,full_text + noisy_diagram[illumination],OK,angle,connects,AB
46,8,full_text + noisy_diagram[illumination],OK,angle,connects,transversal
46,8,full_text + noisy_diagram[illumination],OK,angle_1,is_a,angle
46,8,full_text + noisy_diagram[illumination],OK,angle_1,connects,C
46,8,full_text + noisy_diagram[illumination],OK,angle_1,connects,CD
46,8,full_text + noisy_diagram[illumination],OK,angle_1,connects,transversal
46,8,full_text + noisy_diagram[illumination],OK,angle_1,has_measure,?
46,8,full_text + noisy_diagram[illumination],OK,transversal,intersects,C
,,,,,,
48,8,full_text + noisy_diagram[illumination],OK,A,is_a,point
48,8,full_text + noisy_diagram[illumination],OK,B,is_a,point
48,8,full_text + noisy_diagram[illumination],OK,C,is_a,point
48,8,full_text + noisy_diagram[illumination],OK,O,is_a,point
48,8,full_text + noisy_diagram[illumination],OK,A,lies_on,circle
48,8,full_text + noisy_diagram[illumination],OK,B,lies_on,circle
48,8,full_text + noisy_diagram[illumination],OK,C,lies_on,circle
48,8,full_text + noisy_diagram[illumination],OK,O,center_of,circle
48,8,full_text + noisy_diagram[illumination],OK,∠BOC,is_a,angle
48,8,full_text + noisy_diagram[illumination],OK,∠BOC,has_measure,100_deg
48,8,full_text + noisy_diagram[illumination],OK,∠BAC,is_a,angle
48,8,full_text + noisy_diagram[illumination],OK,∠BAC,has_measure,?
,,,,,,
49,8,full_text + noisy_diagram[illumination],OK,A,is_a,point
49,8,full_text + noisy_diagram[illumination],OK,B,is_a,point
49,8,full_text + noisy_diagram[illumination],OK,C,is_a,point
49,8,full_text + noisy_diagram[illumination],OK,D,is_a,point
49,8,full_text + noisy_diagram[illumination],OK,E,is_a,point
49,8,full_text + noisy_diagram[illumination],OK,O,is_a,point
49,8,full_text + noisy_diagram[illumination],OK,ABCDE,is_a,cyclic_pentagon
49,8,full_text + noisy_diagram[illumination],OK,A,lies_on,ABCDE
49,8,full_text + noisy_diagram[illumination],OK,B,lies_on,ABCDE
49,8,full_text + noisy_diagram[illumination],OK,C,lies_on,ABCDE
49,8,full_text + noisy_diagram[illumination],OK,D,lies_on,ABCDE
49,8,full_text + noisy_diagram[illumination],OK,E,lies_on,ABCDE
49,8,full_text + noisy_diagram[illumination],OK,O,center_of,ABCDE
49,8,full_text + noisy_diagram[illumination],OK,∠BAC,has_measure,35_deg
49,8,full_text + noisy_diagram[illumination],OK,∠AED,has_measure,115_deg
49,8,full_text + noisy_diagram[illumination],OK,∠BAE,has_measure,30_deg
49,8,full_text + noisy_diagram[illumination],OK,∠ABC,is_a,angle
49,8,full_text + noisy_diagram[illumination],OK,∠ABC,has_measure,?
,,,,,,
50,8,full_text + noisy_diagram[illumination],OK,A,is_a,point
50,8,full_text + noisy_diagram[illumination],OK,B,is_a,point
50,8,full_text + noisy_diagram[illumination],OK,C,is_a,point
50,8,full_text + noisy_diagram[illumination],OK,D,is_a,point
50,8,full_text + noisy_diagram[illumination],OK,E,is_a,point
50,8,full_text + noisy_diagram[illumination],OK,O,is_a,point
50,8,full_text + noisy_diagram[illumination],OK,AB,is_a,line
50,8,full_text + noisy_diagram[illumination],OK,CD,is_a,line
50,8,full_text + noisy_diagram[illumination],OK,EO,is_a,line
50,8,full_text + noisy_diagram[illumination],OK,AB,intersects,CD
50,8,full_text + noisy_diagram[illumination],OK,AB,intersects,EO
50,8,full_text + noisy_diagram[illumination],OK,CD,intersects,EO
50,8,full_text + noisy_diagram[illumination],OK,AB,intersects,O
50,8,full_text + noisy_diagram[illumination],OK,CD,intersects,O
50,8,full_text + noisy_diagram[illumination],OK,EO,intersects,O
50,8,full_text + noisy_diagram[illumination],OK,O,is_a,intersection_point
50,8,full_text + noisy_diagram[illumination],OK,∠BOD,is_a,angle
50,8,full_text + noisy_diagram[illumination],OK,∠BOD,has_measure,50_deg
50,8,full_text + noisy_diagram[illumination],OK,EO,perpendicular_to,AB
50,8,full_text + noisy_diagram[illumination],OK,COE,is_a,angle
50,8,full_text + noisy_diagram[illumination],OK,COE,has_measure,?
,,,,,,
53,8,full_text + noisy_diagram[illumination],OK,AB,is_a,line
53,8,full_text + noisy_diagram[illumination],OK,CD,is_a,line
53,8,full_text + noisy_diagram[illumination],OK,AB,parallel_to,CD
53,8,full_text + noisy_diagram[illumination],OK,transversal,is_a,line
53,8,full_text + noisy_diagram[illumination],OK,transversal,intersects,AB
53,8,full_text + noisy_diagram[illumination],OK,transversal,intersects,CD
53,8,full_text + noisy_diagram[illumination],OK,E,is_a,point
53,8,full_text + noisy_diagram[illumination],OK,F,is_a,point
53,8,full_text + noisy_diagram[illumination],OK,E,lies_on,AB
53,8,full_text + noisy_diagram[illumination],OK,F,lies_on,CD
53,8,full_text + noisy_diagram[illumination],OK,C,is_a,point
53,8,full_text + noisy_diagram[illumination],OK,D,is_a,point
53,8,full_text + noisy_diagram[illumination],OK,C,lies_on,transversal
53,8,full_text + noisy_diagram[illumination],OK,D,lies_on,transversal
53,8,full_text + noisy_diagram[illumination],OK,C,lies_above,E
53,8,full_text + noisy_diagram[illumination],OK,D,lies_below,F
53,8,full_text + noisy_diagram[illumination],OK,AEC,is_a,angle
53,8,full_text + noisy_diagram[illumination],OK,AEC,has_measure,55_deg
53,8,full_text + noisy_diagram[illumination],OK,B,is_a,point
53,8,full_text + noisy_diagram[illumination],OK,B,lies_on,CD
53,8,full_text + noisy_diagram[illumination],OK,BFD,is_a,angle
53,8,full_text + noisy_diagram[illumination],OK,BFD,has_measure,?
,,,,,,
55,8,full_text + noisy_diagram[illumination],OK,A,is_a,point
55,8,full_text + noisy_diagram[illumination],OK,B,is_a,point
55,8,full_text + noisy_diagram[illumination],OK,C,is_a,point
55,8,full_text + noisy_diagram[illumination],OK,D,is_a,point
55,8,full_text + noisy_diagram[illumination],OK,M,is_a,point
55,8,full_text + noisy_diagram[illumination],OK,N,is_a,point
55,8,full_text + noisy_diagram[illumination],OK,O,is_a,point
55,8,full_text + noisy_diagram[illumination],OK,AB,is_a,line
55,8,full_text + noisy_diagram[illumination],OK,CD,is_a,line
55,8,full_text + noisy_diagram[illumination],OK,OM,is_a,line
55,8,full_text + noisy_diagram[illumination],OK,ON,is_a,line
55,8,full_text + noisy_diagram[illumination],OK,AB,intersects,O
55,8,full_text + noisy_diagram[illumination],OK,CD,intersects,O
55,8,full_text + noisy_diagram[illumination],OK,OM,bisects,∠AOC
55,8,full_text + noisy_diagram[illumination],OK,ON,perpendicular_to,OM
55,8,full_text + noisy_diagram[illumination],OK,∠AOC,has_measure,70_deg
55,8,full_text + noisy_diagram[illumination],OK,CON,is_a,angle
,,,,,,
56,8,full_text + noisy_diagram[illumination],OK,O,is_a,point
56,8,full_text + noisy_diagram[illumination],OK,CD,is_a,diameter
56,8,full_text + noisy_diagram[illumination],OK,CD,connects,C
56,8,full_text + noisy_diagram[illumination],OK,CD,connects,D
56,8,full_text + noisy_diagram[illumination],OK,EF,is_a,chord
56,8,full_text + noisy_diagram[illumination],OK,EF,intersects,CD
56,8,full_text + noisy_diagram[illumination],OK,G,is_a,point
56,8,full_text + noisy_diagram[illumination],OK,G,is_a,midpoint
56,8,full_text + noisy_diagram[illumination],OK,E,is_a,point
56,8,full_text + noisy_diagram[illumination],OK,F,is_a,point
56,8,full_text + noisy_diagram[illumination],OK,C,is_a,point
56,8,full_text + noisy_diagram[illumination],OK,D,is_a,point
56,8,full_text + noisy_diagram[illumination],OK,C,lies_on,circle
56,8,full_text + noisy_diagram[illumination],OK,E,lies_on,circle
56,8,full_text + noisy_diagram[illumination],OK,F,lies_on,circle
56,8,full_text + noisy_diagram[illumination],OK,D,lies_on,circle
56,8,full_text + noisy_diagram[illumination],OK,∠DCF,is_a,angle
56,8,full_text + noisy_diagram[illumination],OK,∠DCF,has_measure,20_deg
56,8,full_text + noisy_diagram[illumination],OK,∠EOD,is_a,angle
56,8,full_text + noisy_diagram[illumination],OK,O,center_of,circle
56,8,full_text + noisy_diagram[illumination],OK,CD,diameter_of,circle
,,,,,,
57,8,full_text + noisy_diagram[illumination],OK,A,is_a,point
57,8,full_text + noisy_diagram[illumination],OK,B,is_a,point
57,8,full_text + noisy_diagram[illumination],OK,C,is_a,point
57,8,full_text + noisy_diagram[illumination],OK,D,is_a,point
57,8,full_text + noisy_diagram[illumination],OK,E,is_a,point
57,8,full_text + noisy_diagram[illumination],OK,AB,is_a,segment
57,8,full_text + noisy_diagram[illumination],OK,CD,is_a,segment
57,8,full_text + noisy_diagram[illumination],OK,AD,is_a,segment
57,8,full_text + noisy_diagram[illumination],OK,BC,is_a,segment
57,8,full_text + noisy_diagram[illumination],OK,AB,parallel_to,CD
57,8,full_text + noisy_diagram[illumination],OK,AB,is_a,horizontal
57,8,full_text + noisy_diagram[illumination],OK,CD,is_a,horizontal
57,8,full_text + noisy_diagram[illumination],OK,A,lies_on,AB
57,8,full_text + noisy_diagram[illumination],OK,B,lies_on,AB
57,8,full_text + noisy_diagram[illumination],OK,C,lies_on,CD
57,8,full_text + noisy_diagram[illumination],OK,D,lies_on,CD
57,8,full_text + noisy_diagram[illumination],OK,AD,intersects,BC
57,8,full_text + noisy_diagram[illumination],OK,AD,connects,A
57,8,full_text + noisy_diagram[illumination],OK,AD,connects,D
57,8,full_text + noisy_diagram[illumination],OK,BC,connects,B
57,8,full_text + noisy_diagram[illumination],OK,BC,connects,C
57,8,full_text + noisy_diagram[illumination],OK,AB,connects,A
57,8,full_text + noisy_diagram[illumination],OK,AB,connects,B
57,8,full_text + noisy_diagram[illumination],OK,CD,connects,C
57,8,full_text + noisy_diagram[illumination],OK,CD,connects,D
57,8,full_text + noisy_diagram[illumination],OK,∠ABC,has_measure,20_deg
,,,,,,
58,8,full_text + noisy_diagram[illumination],OK,A,is_a,point
58,8,full_text + noisy_diagram[illumination],OK,B,is_a,point
58,8,full_text + noisy_diagram[illumination],OK,C,is_a,point
58,8,full_text + noisy_diagram[illumination],OK,D,is_a,point
58,8,full_text + noisy_diagram[illumination],OK,E,is_a,point
58,8,full_text + noisy_diagram[illumination],OK,AB,is_a,line
58,8,full_text + noisy_diagram[illumination],OK,CD,is_a,line
58,8,full_text + noisy_diagram[illumination],OK,EC,is_a,segment
58,8,full_text + noisy_diagram[illumination],OK,ED,is_a,segment
58,8,full_text + noisy_diagram[illumination],OK,AB,parallel_to,CD
58,8,full_text + noisy_diagram[illumination],OK,E,lies_on,AB
58,8,full_text + noisy_diagram[illumination],OK,C,lies_on,CD
58,8,full_text + noisy_diagram[illumination],OK,D,lies_on,CD
58,8,full_text + noisy_diagram[illumination],OK,∠CED,is_a,angle
58,8,full_text + noisy_diagram[illumination],OK,∠CED,has_measure,90_deg
58,8,full_text + noisy_diagram[illumination],OK,∠AEC,is_a,angle
58,8,full_text + noisy_diagram[illumination],OK,∠AEC,has_measure,35_deg
58,8,full_text + noisy_diagram[illumination],OK,A,collinear_with,E
58,8,full_text + noisy_diagram[illumination],OK,E,collinear_with,B
58,8,full_text + noisy_diagram[illumination],OK,A,collinear_with,B
58,8,full_text + noisy_diagram[illumination],OK,∠CDE,is_a,angle
58,8,full_text + noisy_diagram[illumination],OK,∠CDE,has_measure,?
,,,,,,
59,8,full_text + noisy_diagram[illumination],OK,A,is_a,point
59,8,full_text + noisy_diagram[illumination],OK,B,is_a,point
59,8,full_text + noisy_diagram[illumination],OK,C,is_a,point
59,8,full_text + noisy_diagram[illumination],OK,D,is_a,point
59,8,full_text + noisy_diagram[illumination],OK,AB,is_a,segment
59,8,full_text + noisy_diagram[illumination],OK,CD,is_a,segment
59,8,full_text + noisy_diagram[illumination],OK,AC,is_a,segment
59,8,full_text + noisy_diagram[illumination],OK,AD,is_a,segment
59,8,full_text + noisy_diagram[illumination],OK,AB,parallel_to,CD
59,8,full_text + noisy_diagram[illumination],OK,A,lies_on,AB
59,8,full_text + noisy_diagram[illumination],OK,B,lies_on,AB
59,8,full_text + noisy_diagram[illumination],OK,C,lies_on,CD
59,8,full_text + noisy_diagram[illumination],OK,D,lies_on,CD
59,8,full_text + noisy_diagram[illumination],OK,AC,connects,"A, C"
59,8,full_text + noisy_diagram[illumination],OK,AD,connects,"A, D"
59,8,full_text + noisy_diagram[illumination],OK,AD,bisects,∠BAC
59,8,full_text + noisy_diagram[illumination],OK,∠ACD,has_measure,80_deg
59,8,full_text + noisy_diagram[illumination],OK,?,is_a,query_target
,,,,,,
60,8,full_text + noisy_diagram[illumination],OK,A,is_a,point
60,8,full_text + noisy_diagram[illumination],OK,B,is_a,point
60,8,full_text + noisy_diagram[illumination],OK,C,is_a,point
60,8,full_text + noisy_diagram[illumination],OK,D,is_a,point
60,8,full_text + noisy_diagram[illumination],OK,AB,is_a,line
60,8,full_text + noisy_diagram[illumination],OK,CD,is_a,line
60,8,full_text + noisy_diagram[illumination],OK,AB,parallel_to,CD
60,8,full_text + noisy_diagram[illumination],OK,∠2,is_a,angle
60,8,full_text + noisy_diagram[illumination],OK,∠2,has_measure,135_deg
60,8,full_text + noisy_diagram[illumination],OK,∠1,is_a,angle
60,8,full_text + noisy_diagram[illumination],OK,∠1,has_measure,?
60,8,full_text + noisy_diagram[illumination],OK,AB,intersects,CD
60,8,full_text + noisy_diagram[illumination],OK,AB,connects,A
60,8,full_text + noisy_diagram[illumination],OK,AB,connects,B
60,8,full_text + noisy_diagram[illumination],OK,CD,connects,C
60,8,full_text + noisy_diagram[illumination],OK,CD,connects,D
60,8,full_text + noisy_diagram[illumination],OK,∠2,lies_on,CD
60,8,full_text + noisy_diagram[illumination],OK,∠1,lies_on,AB
,,,,,,
64,8,full_text + noisy_diagram[illumination],OK,A,is_a,point
64,8,full_text + noisy_diagram[illumination],OK,B,is_a,point
64,8,full_text + noisy_diagram[illumination],OK,O,is_a,point
64,8,full_text + noisy_diagram[illumination],OK,AB,is_a,segment
64,8,full_text + noisy_diagram[illumination],OK,OA,is_a,segment
64,8,full_text + noisy_diagram[illumination],OK,OB,is_a,segment
64,8,full_text + noisy_diagram[illumination],OK,O,center_of,circle
64,8,full_text + noisy_diagram[illumination],OK,AB,has_measure,160_units
64,8,full_text + noisy_diagram[illumination],OK,OA,has_measure,100_units
64,8,full_text + noisy_diagram[illumination],OK,OB,has_measure,100_units
64,8,full_text + noisy_diagram[illumination],OK,circle,has_measure,200_units
64,8,full_text + noisy_diagram[illumination],OK,depth,is_a,?
64,8,full_text + noisy_diagram[illumination],OK,A,lies_on,circle
64,8,full_text + noisy_diagram[illumination],OK,B,lies_on,circle
64,8,full_text + noisy_diagram[illumination],OK,O,lies_on,circle
64,8,full_text + noisy_diagram[illumination],OK,OA,connects,A
64,8,full_text + noisy_diagram[illumination],OK,OB,connects,B
64,8,full_text + noisy_diagram[illumination],OK,AB,connects,A
64,8,full_text + noisy_diagram[illumination],OK,AB,connects,B
,,,,,,
72,8,full_text + noisy_diagram[illumination],OK,A,is_a,point
72,8,full_text + noisy_diagram[illumination],OK,B,is_a,point
72,8,full_text + noisy_diagram[illumination],OK,C,is_a,point
72,8,full_text + noisy_diagram[illumination],OK,D,is_a,point
72,8,full_text + noisy_diagram[illumination],OK,E,is_a,point
72,8,full_text + noisy_diagram[illumination],OK,O,is_a,point
72,8,full_text + noisy_diagram[illumination],OK,AB,is_a,segment
72,8,full_text + noisy_diagram[illumination],OK,BC,is_a,segment
72,8,full_text + noisy_diagram[illumination],OK,CD,is_a,segment
72,8,full_text + noisy_diagram[illumination],OK,DA,is_a,segment
72,8,full_text + noisy_diagram[illumination],OK,AC,is_a,segment
72,8,full_text + noisy_diagram[illumination],OK,BD,is_a,segment
72,8,full_text + noisy_diagram[illumination],OK,EO,is_a,segment
72,8,full_text + noisy_diagram[illumination],OK,AB + BC + CD + DA,has_measure,16
72,8,full_text + noisy_diagram[illumination],OK,AC,intersects,BD
72,8,full_text + noisy_diagram[illumination],OK,EO,perpendicular_to,AC
72,8,full_text + noisy_diagram[illumination],OK,Perimeter of DCE,is_a,query_target
,,,,,,
73,8,full_text + noisy_diagram[illumination],OK,A,is_a,point
73,8,full_text + noisy_diagram[illumination],OK,B,is_a,point
73,8,full_text + noisy_diagram[illumination],OK,C,is_a,point
73,8,full_text + noisy_diagram[illumination],OK,O,is_a,point
73,8,full_text + noisy_diagram[illumination],OK,AB,is_a,segment
73,8,full_text + noisy_diagram[illumination],OK,BC,is_a,segment
73,8,full_text + noisy_diagram[illumination],OK,CA,is_a,segment
73,8,full_text + noisy_diagram[illumination],OK,AO,is_a,segment
73,8,full_text + noisy_diagram[illumination],OK,BO,is_a,segment
73,8,full_text + noisy_diagram[illumination],OK,CO,is_a,segment
73,8,full_text + noisy_diagram[illumination],OK,ABC,is_a,triangle
73,8,full_text + noisy_diagram[illumination],OK,O,is_a,circle
73,8,full_text + noisy_diagram[illumination],OK,A,lies_on,O
73,8,full_text + noisy_diagram[illumination],OK,B,lies_on,O
73,8,full_text + noisy_diagram[illumination],OK,C,lies_on,O
73,8,full_text + noisy_diagram[illumination],OK,O,center_of,O
73,8,full_text + noisy_diagram[illumination],OK,A,connects,O
73,8,full_text + noisy_diagram[illumination],OK,B,connects,O
73,8,full_text + noisy_diagram[illumination],OK,C,connects,O
73,8,full_text + noisy_diagram[illumination],OK,∠ABC,has_measure,70_deg
73,8,full_text + noisy_diagram[illumination],OK,?,is_a,angle
,,,,,,
78,8,full_text + noisy_diagram[illumination],OK,A,is_a,point
78,8,full_text + noisy_diagram[illumination],OK,B,is_a,point
78,8,full_text + noisy_diagram[illumination],OK,C,is_a,point
78,8,full_text + noisy_diagram[illumination],OK,D,is_a,point
78,8,full_text + noisy_diagram[illumination],OK,E,is_a,point
78,8,full_text + noisy_diagram[illumination],OK,AB,is_a,segment
78,8,full_text + noisy_diagram[illumination],OK,CD,is_a,segment
78,8,full_text + noisy_diagram[illumination],OK,AC,is_a,segment
78,8,full_text + noisy_diagram[illumination],OK,AE,is_a,segment
78,8,full_text + noisy_diagram[illumination],OK,ACE,is_a,triangle
78,8,full_text + noisy_diagram[illumination],OK,∠ACE,is_a,angle
78,8,full_text + noisy_diagram[illumination],OK,AB,parallel_to,CD
78,8,full_text + noisy_diagram[illumination],OK,A,lies_on,AB
78,8,full_text + noisy_diagram[illumination],OK,B,lies_on,AB
78,8,full_text + noisy_diagram[illumination],OK,C,lies_on,CD
78,8,full_text + noisy_diagram[illumination],OK,E,lies_on,CD
78,8,full_text + noisy_diagram[illumination],OK,D,lies_on,CD
78,8,full_text + noisy_diagram[illumination],OK,AE,intersects,CD
78,8,full_text + noisy_diagram[illumination],OK,AE,bisects,∠CAB
78,8,full_text + noisy_diagram[illumination],OK,∠ACE,has_measure,70_deg
78,8,full_text + noisy_diagram[illumination],OK,AB,is_a,line
78,8,full_text + noisy_diagram[illumination],OK,CD,is_a,line
,,,,,,
79,8,full_text + noisy_diagram[illumination],OK,A,is_a,point
79,8,full_text + noisy_diagram[illumination],OK,B,is_a,point
79,8,full_text + noisy_diagram[illumination],OK,C,is_a,point
79,8,full_text + noisy_diagram[illumination],OK,D,is_a,point
79,8,full_text + noisy_diagram[illumination],OK,E,is_a,point
79,8,full_text + noisy_diagram[illumination],OK,O,is_a,point
79,8,full_text + noisy_diagram[illumination],OK,AB,is_a,segment
79,8,full_text + noisy_diagram[illumination],OK,BC,is_a,segment
79,8,full_text + noisy_diagram[illumination],OK,CD,is_a,segment
79,8,full_text + noisy_diagram[illumination],OK,DA,is_a,segment
79,8,full_text + noisy_diagram[illumination],OK,AC,is_a,segment
79,8,full_text + noisy_diagram[illumination],OK,BD,is_a,segment
79,8,full_text + noisy_diagram[illumination],OK,CE,is_a,segment
79,8,full_text + noisy_diagram[illumination],OK,ED,is_a,segment
79,8,full_text + noisy_diagram[illumination],OK,ABCD,is_a,parallelogram
79,8,full_text + noisy_diagram[illumination],OK,AB + BC + CD + DA,has_measure,32
79,8,full_text + noisy_diagram[illumination],OK,AC,intersects,BD
79,8,full_text + noisy_diagram[illumination],OK,AC,intersects,O
79,8,full_text + noisy_diagram[illumination],OK,BD,intersects,O
79,8,full_text + noisy_diagram[illumination],OK,E,lies_on,AD
79,8,full_text + noisy_diagram[illumination],OK,AC,perpendicular_to,OE
79,8,full_text + noisy_diagram[illumination],OK,CE + ED,has_measure,AD
79,8,full_text + noisy_diagram[illumination],OK,Perimeter of triangle DCE,is_a,query_target
,,,,,,
81,8,full_text + noisy_diagram[illumination],OK,A,is_a,point
81,8,full_text + noisy_diagram[illumination],OK,B,is_a,point
81,8,full_text + noisy_diagram[illumination],OK,C,is_a,point
81,8,full_text + noisy_diagram[illumination],OK,D,is_a,point
81,8,full_text + noisy_diagram[illumination],OK,E,is_a,point
81,8,full_text + noisy_diagram[illumination],OK,ABC,is_a,triangle
81,8,full_text + noisy_diagram[illumination],OK,∠BAC,is_a,angle
81,8,full_text + noisy_diagram[illumination],OK,∠ABC,is_a,angle
81,8,full_text + noisy_diagram[illumination],OK,∠BAC,has_measure,90_deg
81,8,full_text + noisy_diagram[illumination],OK,∠ABC,has_measure,50_deg
81,8,full_text + noisy_diagram[illumination],OK,D,lies_on,BC
81,8,full_text + noisy_diagram[illumination],OK,AD,perpendicular_to,BC
81,8,full_text + noisy_diagram[illumination],OK,E,lies_on,BC
81,8,full_text + noisy_diagram[illumination],OK,AE,bisects,∠DAC
81,8,full_text + noisy_diagram[illumination],OK,DAE,is_a,angle
81,8,full_text + noisy_diagram[illumination],OK,DAE,has_measure,?
,,,,,,
84,8,full_text + noisy_diagram[illumination],OK,O,is_a,point
84,8,full_text + noisy_diagram[illumination],OK,O,is_a,center
84,8,full_text + noisy_diagram[illumination],OK,A,is_a,point
84,8,full_text + noisy_diagram[illumination],OK,B,is_a,point
84,8,full_text + noisy_diagram[illumination],OK,C,is_a,point
84,8,full_text + noisy_diagram[illumination],OK,ABC,is_a,triangle
84,8,full_text + noisy_diagram[illumination],OK,O,center_of,circle
84,8,full_text + noisy_diagram[illumination],OK,AO,is_a,radius
84,8,full_text + noisy_diagram[illumination],OK,BO,is_a,radius
84,8,full_text + noisy_diagram[illumination],OK,CO,is_a,radius
84,8,full_text + noisy_diagram[illumination],OK,AO,has_measure,1_unit
84,8,full_text + noisy_diagram[illumination],OK,BO,has_measure,1_unit
84,8,full_text + noisy_diagram[illumination],OK,CO,has_measure,1_unit
84,8,full_text + noisy_diagram[illumination],OK,ABC,lies_on,circle
84,8,full_text + noisy_diagram[illumination],OK,∠BAC,is_a,angle
84,8,full_text + noisy_diagram[illumination],OK,∠BAC,has_measure,60_deg
84,8,full_text + noisy_diagram[illumination],OK,OA,is_a,radius
84,8,full_text + noisy_diagram[illumination],OK,OA,has_measure,1_unit
84,8,full_text + noisy_diagram[illumination],OK,BC,is_a,side
84,8,full_text + noisy_diagram[illumination],OK,BC,has_measure,?
,,,,,,
86,8,full_text + noisy_diagram[illumination],OK,A,is_a,point
86,8,full_text + noisy_diagram[illumination],OK,B,is_a,point
86,8,full_text + noisy_diagram[illumination],OK,C,is_a,point
86,8,full_text + noisy_diagram[illumination],OK,O,is_a,point
86,8,full_text + noisy_diagram[illumination],OK,AB,is_a,segment
86,8,full_text + noisy_diagram[illumination],OK,BC,is_a,segment
86,8,full_text + noisy_diagram[illumination],OK,CA,is_a,segment
86,8,full_text + noisy_diagram[illumination],OK,OB,is_a,segment
86,8,full_text + noisy_diagram[illumination],OK,OC,is_a,segment
86,8,full_text + noisy_diagram[illumination],OK,A,lies_on,circle_O
86,8,full_text + noisy_diagram[illumination],OK,B,lies_on,circle_O
86,8,full_text + noisy_diagram[illumination],OK,C,lies_on,circle_O
86,8,full_text + noisy_diagram[illumination],OK,O,center_of,circle_O
86,8,full_text + noisy_diagram[illumination],OK,AB,connects,"A, B"
86,8,full_text + noisy_diagram[illumination],OK,BC,connects,"B, C"
86,8,full_text + noisy_diagram[illumination],OK,CA,connects,"C, A"
86,8,full_text + noisy_diagram[illumination],OK,OB,connects,"O, B"
86,8,full_text + noisy_diagram[illumination],OK,OC,connects,"O, C"
86,8,full_text + noisy_diagram[illumination],OK,circle_O,radius_of,2_units
86,8,full_text + noisy_diagram[illumination],OK,∠BAC,is_a,angle
86,8,full_text + noisy_diagram[illumination],OK,∠BAC,has_measure,60_deg
86,8,full_text + noisy_diagram[illumination],OK,BC,is_a,query_target
,,,,,,
88,8,full_text + noisy_diagram[illumination],OK,A,is_a,point
88,8,full_text + noisy_diagram[illumination],OK,B,is_a,point
88,8,full_text + noisy_diagram[illumination],OK,C,is_a,point
88,8,full_text + noisy_diagram[illumination],OK,O,is_a,point
88,8,full_text + noisy_diagram[illumination],OK,AB,is_a,segment
88,8,full_text + noisy_diagram[illumination],OK,AC,is_a,segment
88,8,full_text + noisy_diagram[illumination],OK,BC,is_a,segment
88,8,full_text + noisy_diagram[illumination],OK,AO,is_a,segment
88,8,full_text + noisy_diagram[illumination],OK,BO,is_a,segment
88,8,full_text + noisy_diagram[illumination],OK,CO,is_a,segment
88,8,full_text + noisy_diagram[illumination],OK,A,lies_on,O
88,8,full_text + noisy_diagram[illumination],OK,B,lies_on,O
88,8,full_text + noisy_diagram[illumination],OK,C,lies_on,O
88,8,full_text + noisy_diagram[illumination],OK,∠ABO,is_a,angle
88,8,full_text + noisy_diagram[illumination],OK,∠ACO,is_a,angle
88,8,full_text + noisy_diagram[illumination],OK,∠BOC,is_a,angle
88,8,full_text + noisy_diagram[illumination],OK,∠ABO,has_measure,22_deg
88,8,full_text + noisy_diagram[illumination],OK,∠ACO,has_measure,42_deg
88,8,full_text + noisy_diagram[illumination],OK,O,is_a,circle
88,8,full_text + noisy_diagram[illumination],OK,O,center_of,circle
88,8,full_text + noisy_diagram[illumination],OK,AB,connects,A
88,8,full_text + noisy_diagram[illumination],OK,AB,connects,B
88,8,full_text + noisy_diagram[illumination],OK,AC,connects,A
88,8,full_text + noisy_diagram[illumination],OK,AC,connects,C
88,8,full_text + noisy_diagram[illumination],OK,BC,connects,B
88,8,full_text + noisy_diagram[illumination],OK,BC,connects,C
88,8,full_text + noisy_diagram[illumination],OK,AO,connects,A
88,8,full_text + noisy_diagram[illumination],OK,AO,connects,O
88,8,full_text + noisy_diagram[illumination],OK,BO,connects,B
88,8,full_text + noisy_diagram[illumination],OK,BO,connects,O
88,8,full_text + noisy_diagram[illumination],OK,CO,connects,C
88,8,full_text + noisy_diagram[illumination],OK,CO,connects,O
88,8,full_text + noisy_diagram[illumination],OK,∠BOC,has_measure,?
,,,,,,
95,8,full_text + noisy_diagram[illumination],OK,O,is_a,point
95,8,full_text + noisy_diagram[illumination],OK,O,center_of,circle
95,8,full_text + noisy_diagram[illumination],OK,A,is_a,point
95,8,full_text + noisy_diagram[illumination],OK,B,is_a,point
95,8,full_text + noisy_diagram[illumination],OK,C,is_a,point
95,8,full_text + noisy_diagram[illumination],OK,D,is_a,point
95,8,full_text + noisy_diagram[illumination],OK,BC,is_a,chord
95,8,full_text + noisy_diagram[illumination],OK,OA,is_a,radius
95,8,full_text + noisy_diagram[illumination],OK,AB,is_a,segment
95,8,full_text + noisy_diagram[illumination],OK,OC,is_a,segment
95,8,full_text + noisy_diagram[illumination],OK,ADC,is_a,angle
95,8,full_text + noisy_diagram[illumination],OK,∠A,is_a,angle
95,8,full_text + noisy_diagram[illumination],OK,∠C,is_a,angle
95,8,full_text + noisy_diagram[illumination],OK,BC,intersects,OA
95,8,full_text + noisy_diagram[illumination],OK,BC,intersects,D
95,8,full_text + noisy_diagram[illumination],OK,AB,connects,D
95,8,full_text + noisy_diagram[illumination],OK,OC,connects,D
95,8,full_text + noisy_diagram[illumination],OK,∠A,has_measure,60_deg
95,8,full_text + noisy_diagram[illumination],OK,∠ADC,has_measure,90_deg
,,,,,,
99,8,full_text + noisy_diagram[illumination],OK,O,is_a,circle
99,8,full_text + noisy_diagram[illumination],OK,AB,is_a,diameter
99,8,full_text + noisy_diagram[illumination],OK,AB,lies_on,O
99,8,full_text + noisy_diagram[illumination],OK,CD,is_a,chord
99,8,full_text + noisy_diagram[illumination],OK,ADC,is_a,angle
99,8,full_text + noisy_diagram[illumination],OK,ADC,has_measure,26_deg
99,8,full_text + noisy_diagram[illumination],OK,CAB,is_a,angle
99,8,full_text + noisy_diagram[illumination],OK,A,is_a,point
99,8,full_text + noisy_diagram[illumination],OK,B,is_a,point
99,8,full_text + noisy_diagram[illumination],OK,C,is_a,point
99,8,full_text + noisy_diagram[illumination],OK,D,is_a,point
99,8,full_text + noisy_diagram[illumination],OK,O,is_a,point
99,8,full_text + noisy_diagram[illumination],OK,AB,connects,"A, B"
99,8,full_text + noisy_diagram[illumination],OK,CD,connects,"C, D"
99,8,full_text + noisy_diagram[illumination],OK,ADC,connects,"A, D, C"
99,8,full_text + noisy_diagram[illumination],OK,CAB,connects,"C, A, B"
99,8,full_text + noisy_diagram[illumination],OK,O,center_of,O
99,8,full_text + noisy_diagram[illumination],OK,AB,diameter_of,O
99,8,full_text + noisy_diagram[illumination],OK,A,lies_on,O
99,8,full_text + noisy_diagram[illumination],OK,B,lies_on,O
99,8,full_text + noisy_diagram[illumination],OK,C,lies_on,O
99,8,full_text + noisy_diagram[illumination],OK,D,lies_on,O
,,,,,,
108,8,full_text + noisy_diagram[illumination],OK,CD,is_a,segment
108,8,full_text + noisy_diagram[illumination],OK,CD,has_measure,8.0
108,8,full_text + noisy_diagram[illumination],OK,OC,is_a,segment
108,8,full_text + noisy_diagram[illumination],OK,OC,has_measure,5.0
108,8,full_text + noisy_diagram[illumination],OK,AB,is_a,segment
108,8,full_text + noisy_diagram[illumination],OK,AB,has_measure,?
108,8,full_text + noisy_diagram[illumination],OK,O,is_a,point
108,8,full_text + noisy_diagram[illumination],OK,C,is_a,point
108,8,full_text + noisy_diagram[illumination],OK,D,is_a,point
108,8,full_text + noisy_diagram[illumination],OK,A,is_a,point
108,8,full_text + noisy_diagram[illumination],OK,B,is_a,point
108,8,full_text + noisy_diagram[illumination],OK,OC,connects,"O, C"
108,8,full_text + noisy_diagram[illumination],OK,CD,connects,"C, D"
108,8,full_text + noisy_diagram[illumination],OK,AB,connects,"A, B"
108,8,full_text + noisy_diagram[illumination],OK,O,center_of,circle
108,8,full_text + noisy_diagram[illumination],OK,OC,radius_of,circle
108,8,full_text + noisy_diagram[illumination],OK,AB,lies_on,circle
108,8,full_text + noisy_diagram[illumination],OK,CD,lies_on,circle
108,8,full_text + noisy_diagram[illumination],OK,AB,is_a,query_target
,,,,,,
109,8,full_text + noisy_diagram[illumination],OK,A,is_a,point
109,8,full_text + noisy_diagram[illumination],OK,B,is_a,point
109,8,full_text + noisy_diagram[illumination],OK,C,is_a,point
109,8,full_text + noisy_diagram[illumination],OK,D,is_a,point
109,8,full_text + noisy_diagram[illumination],OK,E,is_a,point
109,8,full_text + noisy_diagram[illumination],OK,AB,is_a,segment
109,8,full_text + noisy_diagram[illumination],OK,AC,is_a,segment
109,8,full_text + noisy_diagram[illumination],OK,DE,is_a,segment
109,8,full_text + noisy_diagram[illumination],OK,EC,is_a,segment
109,8,full_text + noisy_diagram[illumination],OK,α,is_a,angle
109,8,full_text + noisy_diagram[illumination],OK,β,is_a,angle
109,8,full_text + noisy_diagram[illumination],OK,∠BAC,is_a,angle
109,8,full_text + noisy_diagram[illumination],OK,Triangle_ABC,is_a,triangle
109,8,full_text + noisy_diagram[illumination],OK,D,lies_on,AB
109,8,full_text + noisy_diagram[illumination],OK,E,lies_on,AC
109,8,full_text + noisy_diagram[illumination],OK,DE,is_a,horizontal
109,8,full_text + noisy_diagram[illumination],OK,α,has_measure,130_deg
109,8,full_text + noisy_diagram[illumination],OK,∠BAC,has_measure,90_deg
109,8,full_text + noisy_diagram[illumination],OK,β,has_measure,?
109,8,full_text + noisy_diagram[illumination],OK,AB,connects,"A, B"
109,8,full_text + noisy_diagram[illumination],OK,AC,connects,"A, C"
109,8,full_text + noisy_diagram[illumination],OK,DE,connects,"D, E"
109,8,full_text + noisy_diagram[illumination],OK,EC,connects,"E, C"
109,8,full_text + noisy_diagram[illumination],OK,α,connects,"AB, DE"
109,8,full_text + noisy_diagram[illumination],OK,β,connects,"DE, EC"
,,,,,,
112,8,full_text + noisy_diagram[illumination],OK,A,is_a,point
112,8,full_text + noisy_diagram[illumination],OK,O,is_a,point
112,8,full_text + noisy_diagram[illumination],OK,B,is_a,point
112,8,full_text + noisy_diagram[illumination],OK,AO,is_a,segment
112,8,full_text + noisy_diagram[illumination],OK,OB,is_a,segment
112,8,full_text + noisy_diagram[illumination],OK,AB,is_a,segment
112,8,full_text + noisy_diagram[illumination],OK,AO,has_measure,?
112,8,full_text + noisy_diagram[illumination],OK,OB,has_measure,0.7
112,8,full_text + noisy_diagram[illumination],OK,AB,has_measure,2.5
112,8,full_text + noisy_diagram[illumination],OK,AO,is_a,height
112,8,full_text + noisy_diagram[illumination],OK,OB,is_a,radius
112,8,full_text + noisy_diagram[illumination],OK,AB,is_a,slant_height
112,8,full_text + noisy_diagram[illumination],OK,AO,connects,A
112,8,full_text + noisy_diagram[illumination],OK,AO,connects,O
112,8,full_text + noisy_diagram[illumination],OK,OB,connects,O
112,8,full_text + noisy_diagram[illumination],OK,OB,connects,B
112,8,full_text + noisy_diagram[illumination],OK,AB,connects,A
112,8,full_text + noisy_diagram[illumination],OK,AB,connects,B
,,,,,,
114,8,full_text + noisy_diagram[illumination],OK,OAB,is_a,sector
114,8,full_text + noisy_diagram[illumination],OK,OAB,has_measure,1.0
114,8,full_text + noisy_diagram[illumination],OK,OAB,has_measure,90_deg
114,8,full_text + noisy_diagram[illumination],OK,OA,is_a,diameter
114,8,full_text + noisy_diagram[illumination],OK,OB,is_a,diameter
114,8,full_text + noisy_diagram[illumination],OK,O,is_a,point
114,8,full_text + noisy_diagram[illumination],OK,A,is_a,point
114,8,full_text + noisy_diagram[illumination],OK,B,is_a,point
114,8,full_text + noisy_diagram[illumination],OK,OA,connects,O
114,8,full_text + noisy_diagram[illumination],OK,OA,connects,A
114,8,full_text + noisy_diagram[illumination],OK,OB,connects,O
114,8,full_text + noisy_diagram[illumination],OK,OB,connects,B
114,8,full_text + noisy_diagram[illumination],OK,shaded_part,is_a,area
114,8,full_text + noisy_diagram[illumination],OK,shaded_part,has_measure,?
,,,,,,
115,8,full_text + noisy_diagram[illumination],OK,sector,is_a,paper_sheet
115,8,full_text + noisy_diagram[illumination],OK,sector,has_measure,120_deg
115,8,full_text + noisy_diagram[illumination],OK,sector,has_measure,6_units
115,8,full_text + noisy_diagram[illumination],OK,conical_cap,is_a,paper_cap
115,8,full_text + noisy_diagram[illumination],OK,conical_cap,is_a,bottomless
115,8,full_text + noisy_diagram[illumination],OK,bottom_perimeter,is_a,?
115,8,full_text + noisy_diagram[illumination],OK,sector,mapped_to,conical_cap
115,8,full_text + noisy_diagram[illumination],OK,bottom_perimeter,is_a,target
,,,,,,
117,8,full_text + noisy_diagram[illumination],OK,sector,is_a,piece_of_paper
117,8,full_text + noisy_diagram[illumination],OK,sector,has_measure,120_deg
117,8,full_text + noisy_diagram[illumination],OK,sector,has_measure,3.0_cm
117,8,full_text + noisy_diagram[illumination],OK,cone,is_a,bottomless_paper_cap
117,8,full_text + noisy_diagram[illumination],OK,cone,has_measure,?_cm
117,8,full_text + noisy_diagram[illumination],OK,query_target,is_a,height
117,8,full_text + noisy_diagram[illumination],OK,query_target,of,cone
,,,,,,
119,8,full_text + noisy_diagram[illumination],OK,sector,is_a,cardboard
119,8,full_text + noisy_diagram[illumination],OK,cardboard,has_measure,24_units
119,8,full_text + noisy_diagram[illumination],OK,conical_hat,is_a,hat
119,8,full_text + noisy_diagram[illumination],OK,conical_hat,has_measure,10_units
119,8,full_text + noisy_diagram[illumination],OK,area,is_a,sector
119,8,full_text + noisy_diagram[illumination],OK,area,has_measure,?
119,8,full_text + noisy_diagram[illumination],OK,sector,mapped_to,conical_hat
119,8,full_text + noisy_diagram[illumination],OK,conical_hat,center_of,O
119,8,full_text + noisy_diagram[illumination],OK,conical_hat,radius_of,10_units
119,8,full_text + noisy_diagram[illumination],OK,sector,radius_of,24_units
,,,,,,
120,8,full_text + noisy_diagram[illumination],OK,cone,is_a,cone
120,8,full_text + noisy_diagram[illumination],OK,generatrix,is_a,segment
120,8,full_text + noisy_diagram[illumination],OK,height_line,is_a,segment
120,8,full_text + noisy_diagram[illumination],OK,generatrix,has_measure,5_units
120,8,full_text + noisy_diagram[illumination],OK,height_line,has_measure,4_units
120,8,full_text + noisy_diagram[illumination],OK,base,is_a,circle
120,8,full_text + noisy_diagram[illumination],OK,base,has_measure,?
120,8,full_text + noisy_diagram[illumination],OK,cone,connects,base
120,8,full_text + noisy_diagram[illumination],OK,cone,connects,generatrix
120,8,full_text + noisy_diagram[illumination],OK,cone,connects,height_line
120,8,full_text + noisy_diagram[illumination],OK,generatrix,connects,base
120,8,full_text + noisy_diagram[illumination],OK,height_line,connects,base
120,8,full_text + noisy_diagram[illumination],OK,base,is_a,target
,,,,,,
123,8,full_text + noisy_diagram[illumination],OK,A,is_a,point
123,8,full_text + noisy_diagram[illumination],OK,B,is_a,point
123,8,full_text + noisy_diagram[illumination],OK,C,is_a,point
123,8,full_text + noisy_diagram[illumination],OK,AC,is_a,segment
123,8,full_text + noisy_diagram[illumination],OK,BC,is_a,segment
123,8,full_text + noisy_diagram[illumination],OK,AB,is_a,segment
123,8,full_text + noisy_diagram[illumination],OK,ACB,is_a,angle
123,8,full_text + noisy_diagram[illumination],OK,ABC,is_a,triangle
123,8,full_text + noisy_diagram[illumination],OK,ABC,has_measure,90_deg
123,8,full_text + noisy_diagram[illumination],OK,AC,has_measure,4_units
123,8,full_text + noisy_diagram[illumination],OK,BC,has_measure,3_units
123,8,full_text + noisy_diagram[illumination],OK,ABC,rotated_about,AC
123,8,full_text + noisy_diagram[illumination],OK,ABC,mapped_to,cone
123,8,full_text + noisy_diagram[illumination],OK,lateral_surface_area,of,cone
123,8,full_text + noisy_diagram[illumination],OK,lateral_surface_area,of,?
,,,,,,
128,8,full_text + noisy_diagram[illumination],OK,O,is_a,point
128,8,full_text + noisy_diagram[illumination],OK,B,is_a,point
128,8,full_text + noisy_diagram[illumination],OK,A,is_a,point
128,8,full_text + noisy_diagram[illumination],OK,OA,is_a,segment
128,8,full_text + noisy_diagram[illumination],OK,OB,is_a,segment
128,8,full_text + noisy_diagram[illumination],OK,OA,has_measure,6_units
128,8,full_text + noisy_diagram[illumination],OK,OB,has_measure,6_units
128,8,full_text + noisy_diagram[illumination],OK,∠AOB,is_a,angle
128,8,full_text + noisy_diagram[illumination],OK,∠AOB,has_measure,120_deg
128,8,full_text + noisy_diagram[illumination],OK,O,center_of,circle
128,8,full_text + noisy_diagram[illumination],OK,OA,radius_of,circle
128,8,full_text + noisy_diagram[illumination],OK,OB,radius_of,circle
128,8,full_text + noisy_diagram[illumination],OK,A,lies_on,circle
128,8,full_text + noisy_diagram[illumination],OK,B,lies_on,circle
128,8,full_text + noisy_diagram[illumination],OK,OA,connects,A
128,8,full_text + noisy_diagram[illumination],OK,OB,connects,B
128,8,full_text + noisy_diagram[illumination],OK,OA,intersects,OB
128,8,full_text + noisy_diagram[illumination],OK,OA,mapped_to,cone_side
128,8,full_text + noisy_diagram[illumination],OK,OB,mapped_to,cone_side
128,8,full_text + noisy_diagram[illumination],OK,cone,is_a,cone
128,8,full_text + noisy_diagram[illumination],OK,circle,diameter_of,cone
128,8,full_text + noisy_diagram[illumination],OK,A,lies_on,cone
128,8,full_text + noisy_diagram[illumination],OK,B,lies_on,cone
128,8,full_text + noisy_diagram[illumination],OK,Diameter,is_a,query_target
,,,,,,
132,8,full_text + noisy_diagram[illumination],OK,A,is_a,point
132,8,full_text + noisy_diagram[illumination],OK,B,is_a,point
132,8,full_text + noisy_diagram[illumination],OK,C,is_a,point
132,8,full_text + noisy_diagram[illumination],OK,D,is_a,point
132,8,full_text + noisy_diagram[illumination],OK,E,is_a,point
132,8,full_text + noisy_diagram[illumination],OK,F,is_a,point
132,8,full_text + noisy_diagram[illumination],OK,G,is_a,point
132,8,full_text + noisy_diagram[illumination],OK,AB,is_a,segment
132,8,full_text + noisy_diagram[illumination],OK,BC,is_a,segment
132,8,full_text + noisy_diagram[illumination],OK,CG,is_a,segment
132,8,full_text + noisy_diagram[illumination],OK,DE,is_a,segment
132,8,full_text + noisy_diagram[illumination],OK,EF,is_a,segment
132,8,full_text + noisy_diagram[illumination],OK,GE,is_a,segment
132,8,full_text + noisy_diagram[illumination],OK,A,lies_on,AB
132,8,full_text + noisy_diagram[illumination],OK,B,lies_on,AB
132,8,full_text + noisy_diagram[illumination],OK,C,lies_on,AB
132,8,full_text + noisy_diagram[illumination],OK,D,lies_on,DE
132,8,full_text + noisy_diagram[illumination],OK,E,lies_on,DE
132,8,full_text + noisy_diagram[illumination],OK,F,lies_on,EF
132,8,full_text + noisy_diagram[illumination],OK,G,lies_on,CG
132,8,full_text + noisy_diagram[illumination],OK,G,lies_on,GE
132,8,full_text + noisy_diagram[illumination],OK,A,collinear_with,B
132,8,full_text + noisy_diagram[illumination],OK,A,collinear_with,C
132,8,full_text + noisy_diagram[illumination],OK,B,collinear_with,C
132,8,full_text + noisy_diagram[illumination],OK,BC,has_measure,0.6
132,8,full_text + noisy_diagram[illumination],OK,CG,has_measure,12.0
132,8,full_text + noisy_diagram[illumination],OK,DE,has_measure,0.6
132,8,full_text + noisy_diagram[illumination],OK,GE,has_measure,2.0
132,8,full_text + noisy_diagram[illumination],OK,EF,has_measure,1.6
,,,,,,
133,8,full_text + noisy_diagram[illumination],OK,P,is_a,point
133,8,full_text + noisy_diagram[illumination],OK,Q,is_a,point
133,8,full_text + noisy_diagram[illumination],OK,S,is_a,point
133,8,full_text + noisy_diagram[illumination],OK,T,is_a,point
133,8,full_text + noisy_diagram[illumination],OK,R,is_a,point
133,8,full_text + noisy_diagram[illumination],OK,PQ,is_a,segment
133,8,full_text + noisy_diagram[illumination],OK,QS,is_a,segment
133,8,full_text + noisy_diagram[illumination],OK,ST,is_a,segment
133,8,full_text + noisy_diagram[illumination],OK,QR,is_a,segment
133,8,full_text + noisy_diagram[illumination],OK,QS,has_measure,60.0_m
133,8,full_text + noisy_diagram[illumination],OK,ST,has_measure,120.0_m
133,8,full_text + noisy_diagram[illumination],OK,QR,has_measure,80.0_m
133,8,full_text + noisy_diagram[illumination],OK,P,lies_on,line
133,8,full_text + noisy_diagram[illumination],OK,Q,lies_on,line
133,8,full_text + noisy_diagram[illumination],OK,S,lies_on,line
133,8,full_text + noisy_diagram[illumination],OK,P,lies_on,line_b
133,8,full_text + noisy_diagram[illumination],OK,Q,lies_on,line_b
133,8,full_text + noisy_diagram[illumination],OK,R,lies_on,line_b
133,8,full_text + noisy_diagram[illumination],OK,S,lies_on,line_a
133,8,full_text + noisy_diagram[illumination],OK,T,lies_on,line_a
133,8,full_text + noisy_diagram[illumination],OK,P,lies_on,line_a
133,8,full_text + noisy_diagram[illumination],OK,Q,lies_on,line_a
133,8,full_text + noisy_diagram[illumination],OK,PQ,perpendicular_to,PS
133,8,full_text + noisy_diagram[illumination],OK,PT,perpendicular_to,PS
133,8,full_text + noisy_diagram[illumination],OK,line_b,perpendicular_to,PS
133,8,full_text + noisy_diagram[illumination],OK,line_a,perpendicular_to,PS
,,,,,,
149,8,full_text + noisy_diagram[illumination],OK,A,is_a,point
149,8,full_text + noisy_diagram[illumination],OK,B,is_a,point
149,8,full_text + noisy_diagram[illumination],OK,C,is_a,point
149,8,full_text + noisy_diagram[illumination],OK,D,is_a,point
149,8,full_text + noisy_diagram[illumination],OK,E,is_a,point
149,8,full_text + noisy_diagram[illumination],OK,CD,is_a,segment
149,8,full_text + noisy_diagram[illumination],OK,AC,is_a,segment
149,8,full_text + noisy_diagram[illumination],OK,BD,is_a,segment
149,8,full_text + noisy_diagram[illumination],OK,ED,is_a,segment
149,8,full_text + noisy_diagram[illumination],OK,α,is_a,angle
149,8,full_text + noisy_diagram[illumination],OK,CD,is_a,plane_mirror
149,8,full_text + noisy_diagram[illumination],OK,A,is_a,light_source
149,8,full_text + noisy_diagram[illumination],OK,E,is_a,reflection_point
149,8,full_text + noisy_diagram[illumination],OK,AC,perpendicular_to,CD
149,8,full_text + noisy_diagram[illumination],OK,BD,perpendicular_to,CD
149,8,full_text + noisy_diagram[illumination],OK,AC,has_measure,3.0
149,8,full_text + noisy_diagram[illumination],OK,BD,has_measure,6.0
149,8,full_text + noisy_diagram[illumination],OK,CD,has_measure,10.0
149,8,full_text + noisy_diagram[illumination],OK,ED,has_measure,?
,,,,,,
150,8,full_text + noisy_diagram[illumination],OK,A,is_a,point
150,8,full_text + noisy_diagram[illumination],OK,B,is_a,point
150,8,full_text + noisy_diagram[illumination],OK,C,is_a,point
150,8,full_text + noisy_diagram[illumination],OK,AB,is_a,segment
150,8,full_text + noisy_diagram[illumination],OK,AB,has_measure,2_units
150,8,full_text + noisy_diagram[illumination],OK,BD,is_a,segment
150,8,full_text + noisy_diagram[illumination],OK,CE,is_a,segment
150,8,full_text + noisy_diagram[illumination],OK,BD,has_measure,7/3_units
150,8,full_text + noisy_diagram[illumination],OK,CE,has_measure,9_units
150,8,full_text + noisy_diagram[illumination],OK,D,is_a,point
150,8,full_text + noisy_diagram[illumination],OK,E,is_a,point
150,8,full_text + noisy_diagram[illumination],OK,BC,is_a,segment
150,8,full_text + noisy_diagram[illumination],OK,BC,has_measure,?
150,8,full_text + noisy_diagram[illumination],OK,A,B,"C, collinear_with"
150,8,full_text + noisy_diagram[illumination],OK,BD,perpendicular_to,AB
150,8,full_text + noisy_diagram[illumination],OK,CE,perpendicular_to,AB
150,8,full_text + noisy_diagram[illumination],OK,D,E,"A, connects"
150,8,full_text + noisy_diagram[illumination],OK,BC,is_a,query_target
,,,,,,
151,8,full_text + noisy_diagram[illumination],OK,student,is_a,point
151,8,full_text + noisy_diagram[illumination],OK,tree,is_a,object
151,8,full_text + noisy_diagram[illumination],OK,lake,is_a,body_of_water
151,8,full_text + noisy_diagram[illumination],OK,reflection,is_a,point
151,8,full_text + noisy_diagram[illumination],OK,student,has_measure,1.7_units
151,8,full_text + noisy_diagram[illumination],OK,student,lies_on,ground
151,8,full_text + noisy_diagram[illumination],OK,tree,lies_on,ground
151,8,full_text + noisy_diagram[illumination],OK,lake,lies_on,ground
151,8,full_text + noisy_diagram[illumination],OK,student,connects,ground
151,8,full_text + noisy_diagram[illumination],OK,tree,connects,ground
151,8,full_text + noisy_diagram[illumination],OK,lake,connects,ground
151,8,full_text + noisy_diagram[illumination],OK,student,connects,reflection
151,8,full_text + noisy_diagram[illumination],OK,reflection,connects,ground
151,8,full_text + noisy_diagram[illumination],OK,student,connects,tree
151,8,full_text + noisy_diagram[illumination],OK,student,has_measure,20.0_units
151,8,full_text + noisy_diagram[illumination],OK,reflection,has_measure,5.0_units
151,8,full_text + noisy_diagram[illumination],OK,tree,has_measure,?
,,,,,,
152,8,full_text + noisy_diagram[illumination],OK,A,is_a,point
152,8,full_text + noisy_diagram[illumination],OK,B,is_a,point
152,8,full_text + noisy_diagram[illumination],OK,C,is_a,point
152,8,full_text + noisy_diagram[illumination],OK,D,is_a,point
152,8,full_text + noisy_diagram[illumination],OK,AB,is_a,segment
152,8,full_text + noisy_diagram[illumination],OK,BC,is_a,segment
152,8,full_text + noisy_diagram[illumination],OK,BD,is_a,segment
152,8,full_text + noisy_diagram[illumination],OK,CD,is_a,segment
152,8,full_text + noisy_diagram[illumination],OK,B,connects,C
152,8,full_text + noisy_diagram[illumination],OK,A,connects,B
152,8,full_text + noisy_diagram[illumination],OK,B,connects,D
152,8,full_text + noisy_diagram[illumination],OK,D,connects,C
152,8,full_text + noisy_diagram[illumination],OK,BC,has_measure,1.6
152,8,full_text + noisy_diagram[illumination],OK,BD,has_measure,0.5
152,8,full_text + noisy_diagram[illumination],OK,CD,has_measure,1.4
152,8,full_text + noisy_diagram[illumination],OK,AB,is_a,ladder
152,8,full_text + noisy_diagram[illumination],OK,AB,has_measure,?
,,,,,,
153,8,full_text + noisy_diagram[illumination],OK,A,is_a,point
153,8,full_text + noisy_diagram[illumination],OK,B,is_a,point
153,8,full_text + noisy_diagram[illumination],OK,C,is_a,point
153,8,full_text + noisy_diagram[illumination],OK,D,is_a,point
153,8,full_text + noisy_diagram[illumination],OK,E,is_a,point
153,8,full_text + noisy_diagram[illumination],OK,AB,is_a,segment
153,8,full_text + noisy_diagram[illumination],OK,BC,is_a,segment
153,8,full_text + noisy_diagram[illumination],OK,DE,is_a,segment
153,8,full_text + noisy_diagram[illumination],OK,EC,is_a,segment
153,8,full_text + noisy_diagram[illumination],OK,AB,has_measure,?
153,8,full_text + noisy_diagram[illumination],OK,BC,has_measure,1.0
153,8,full_text + noisy_diagram[illumination],OK,DE,has_measure,1.8
153,8,full_text + noisy_diagram[illumination],OK,EC,has_measure,1.2
153,8,full_text + noisy_diagram[illumination],OK,AB,connects,A
153,8,full_text + noisy_diagram[illumination],OK,AB,connects,B
153,8,full_text + noisy_diagram[illumination],OK,BC,connects,B
153,8,full_text + noisy_diagram[illumination],OK,BC,connects,C
153,8,full_text + noisy_diagram[illumination],OK,DE,connects,D
153,8,full_text + noisy_diagram[illumination],OK,DE,connects,E
153,8,full_text + noisy_diagram[illumination],OK,EC,connects,E
153,8,full_text + noisy_diagram[illumination],OK,EC,connects,C
,,,,,,
157,8,full_text + noisy_diagram[illumination],OK,A,is_a,point
157,8,full_text + noisy_diagram[illumination],OK,B,is_a,point
157,8,full_text + noisy_diagram[illumination],OK,C,is_a,point
157,8,full_text + noisy_diagram[illumination],OK,AC,is_a,segment
157,8,full_text + noisy_diagram[illumination],OK,BC,is_a,segment
157,8,full_text + noisy_diagram[illumination],OK,AB,is_a,segment
157,8,full_text + noisy_diagram[illumination],OK,∠C,is_a,angle
157,8,full_text + noisy_diagram[illumination],OK,∠B,is_a,angle
157,8,full_text + noisy_diagram[illumination],OK,triangle_ABC,is_a,triangle
157,8,full_text + noisy_diagram[illumination],OK,AC,has_measure,4.0_units
157,8,full_text + noisy_diagram[illumination],OK,BC,has_measure,3.0_units
157,8,full_text + noisy_diagram[illumination],OK,∠C,has_measure,90_deg
157,8,full_text + noisy_diagram[illumination],OK,cos_B,is_a,query_target
,,,,,,
165,8,full_text + noisy_diagram[illumination],OK,A,is_a,point
165,8,full_text + noisy_diagram[illumination],OK,B,is_a,point
165,8,full_text + noisy_diagram[illumination],OK,C,is_a,point
165,8,full_text + noisy_diagram[illumination],OK,ABC,is_a,triangle
165,8,full_text + noisy_diagram[illumination],OK,C,is_a,right_angle
165,8,full_text + noisy_diagram[illumination],OK,AB,is_a,side
165,8,full_text + noisy_diagram[illumination],OK,BC,is_a,side
165,8,full_text + noisy_diagram[illumination],OK,AC,is_a,side
165,8,full_text + noisy_diagram[illumination],OK,AB,has_measure,2_units
165,8,full_text + noisy_diagram[illumination],OK,BC,has_measure,1_unit
,,,,,,
198,8,full_text + noisy_diagram[illumination],OK,An_isosceles_triangle,is_a,triangle
198,8,full_text + noisy_diagram[illumination],OK,An_isosceles_triangle,has_measure,13_units
198,8,full_text + noisy_diagram[illumination],OK,An_isosceles_triangle,has_measure,10_units
198,8,full_text + noisy_diagram[illumination],OK,The_triangle,has_measure,13_units
198,8,full_text + noisy_diagram[illumination],OK,The_triangle,has_measure,10_units
198,8,full_text + noisy_diagram[illumination],OK,The_triangle,is_a,triangle
,,,,,,
207,8,full_text + noisy_diagram[illumination],OK,largest_circle,is_a,circle
207,8,full_text + noisy_diagram[illumination],OK,small_circle1,is_a,circle
207,8,full_text + noisy_diagram[illumination],OK,small_circle2,is_a,circle
207,8,full_text + noisy_diagram[illumination],OK,largest_circle,diameter_of,20_units
207,8,full_text + noisy_diagram[illumination],OK,largest_circle,has_measure,20_units
207,8,full_text + noisy_diagram[illumination],OK,small_circle1,inscribed_in,largest_circle
207,8,full_text + noisy_diagram[illumination],OK,small_circle2,inscribed_in,largest_circle
207,8,full_text + noisy_diagram[illumination],OK,shaded_region,is_a,region
207,8,full_text + noisy_diagram[illumination],OK,shaded_region,area_of,?
207,8,full_text + noisy_diagram[illumination],OK,largest_circle,contains,small_circle1
207,8,full_text + noisy_diagram[illumination],OK,largest_circle,contains,small_circle2
207,8,full_text + noisy_diagram[illumination],OK,shaded_region,part_of,largest_circle
207,8,full_text + noisy_diagram[illumination],OK,shaded_region,excludes,small_circle1
207,8,full_text + noisy_diagram[illumination],OK,shaded_region,excludes,small_circle2
,,,,,,
210,8,full_text + noisy_diagram[illumination],OK,A,is_a,point
210,8,full_text + noisy_diagram[illumination],OK,B,is_a,point
210,8,full_text + noisy_diagram[illumination],OK,C,is_a,point
210,8,full_text + noisy_diagram[illumination],OK,D,is_a,point
210,8,full_text + noisy_diagram[illumination],OK,E,is_a,point
210,8,full_text + noisy_diagram[illumination],OK,AB,is_a,segment
210,8,full_text + noisy_diagram[illumination],OK,AC,is_a,segment
210,8,full_text + noisy_diagram[illumination],OK,AD,is_a,segment
210,8,full_text + noisy_diagram[illumination],OK,AE,is_a,segment
210,8,full_text + noisy_diagram[illumination],OK,CD,is_a,segment
210,8,full_text + noisy_diagram[illumination],OK,ED,is_a,segment
210,8,full_text + noisy_diagram[illumination],OK,BE,is_a,segment
210,8,full_text + noisy_diagram[illumination],OK,ABE,is_a,triangle
210,8,full_text + noisy_diagram[illumination],OK,ACD,is_a,triangle
210,8,full_text + noisy_diagram[illumination],OK,AB,has_measure,12_units
210,8,full_text + noisy_diagram[illumination],OK,AC,has_measure,16_units
210,8,full_text + noisy_diagram[illumination],OK,ED,has_measure,5_units
210,8,full_text + noisy_diagram[illumination],OK,BE,parallel_to,CD
210,8,full_text + noisy_diagram[illumination],OK,AE,has_measure,?
,,,,,,
211,8,full_text + noisy_diagram[illumination],OK,MNPR,is_a,parallelogram
211,8,full_text + noisy_diagram[illumination],OK,MP,is_a,diagonal
211,8,full_text + noisy_diagram[illumination],OK,RN,is_a,diagonal
211,8,full_text + noisy_diagram[illumination],OK,Q,is_a,point
211,8,full_text + noisy_diagram[illumination],OK,MP,intersects,RN
211,8,full_text + noisy_diagram[illumination],OK,MP,intersects,"RN, at, Q"
211,8,full_text + noisy_diagram[illumination],OK,MN,is_a,segment
211,8,full_text + noisy_diagram[illumination],OK,MN,has_measure,3x - 4
211,8,full_text + noisy_diagram[illumination],OK,NP,is_a,segment
211,8,full_text + noisy_diagram[illumination],OK,NP,has_measure,2y + 5
211,8,full_text + noisy_diagram[illumination],OK,RP,is_a,segment
211,8,full_text + noisy_diagram[illumination],OK,RP,has_measure,20
211,8,full_text + noisy_diagram[illumination],OK,MR,is_a,segment
211,8,full_text + noisy_diagram[illumination],OK,MR,has_measure,17.9
211,8,full_text + noisy_diagram[illumination],OK,∠RNP,is_a,angle
211,8,full_text + noisy_diagram[illumination],OK,∠RNP,has_measure,?
211,8,full_text + noisy_diagram[illumination],OK,∠M,is_a,angle
211,8,full_text + noisy_diagram[illumination],OK,∠M,has_measure,33_deg
211,8,full_text + noisy_diagram[illumination],OK,∠N,is_a,angle
211,8,full_text + noisy_diagram[illumination],OK,∠N,has_measure,?
211,8,full_text + noisy_diagram[illumination],OK,∠Q,is_a,angle
211,8,full_text + noisy_diagram[illumination],OK,∠Q,has_measure,83_deg
211,8,full_text + noisy_diagram[illumination],OK,∠R,is_a,angle
211,8,full_text + noisy_diagram[illumination],OK,∠R,has_measure,38_deg
211,8,full_text + noisy_diagram[illumination],OK,MQ,is_a,segment
211,8,full_text + noisy_diagram[illumination],OK,MQ,has_measure,4w - 3
211,8,full_text + noisy_diagram[illumination],OK,QP,is_a,segment
211,8,full_text + noisy_diagram[illumination],OK,QP,has_measure,11.1
211,8,full_text + noisy_diagram[illumination],OK,QR,is_a,segment
211,8,full_text + noisy_diagram[illumination],OK,QR,has_measure,3z - 3
211,8,full_text + noisy_diagram[illumination],OK,QN,is_a,segment
211,8,full_text + noisy_diagram[illumination],OK,QN,has_measure,15.4
,,,,,,
223,8,full_text + noisy_diagram[illumination],OK,5,is_a,length
223,8,full_text + noisy_diagram[illumination],OK,5,has_measure,5_units
223,8,full_text + noisy_diagram[illumination],OK,x,is_a,length
223,8,full_text + noisy_diagram[illumination],OK,3√2,is_a,length
223,8,full_text + noisy_diagram[illumination],OK,3√2,has_measure,3√2_units
223,8,full_text + noisy_diagram[illumination],OK,triangle,is_a,right_triangle
223,8,full_text + noisy_diagram[illumination],OK,triangle,has_measure,5_units
223,8,full_text + noisy_diagram[illumination],OK,triangle,has_measure,x
223,8,full_text + noisy_diagram[illumination],OK,triangle,has_measure,3√2_units
223,8,full_text + noisy_diagram[illumination],OK,x,is_a,query_target
,,,,,,
239,8,full_text + noisy_diagram[illumination],OK,A,is_a,point
239,8,full_text + noisy_diagram[illumination],OK,B,is_a,point
239,8,full_text + noisy_diagram[illumination],OK,C,is_a,point
239,8,full_text + noisy_diagram[illumination],OK,R,is_a,point
239,8,full_text + noisy_diagram[illumination],OK,S,is_a,point
239,8,full_text + noisy_diagram[illumination],OK,T,is_a,point
239,8,full_text + noisy_diagram[illumination],OK,M,is_a,point
239,8,full_text + noisy_diagram[illumination],OK,ABC,is_a,triangle
239,8,full_text + noisy_diagram[illumination],OK,AC,is_a,segment
239,8,full_text + noisy_diagram[illumination],OK,AB,is_a,segment
239,8,full_text + noisy_diagram[illumination],OK,CB,is_a,segment
239,8,full_text + noisy_diagram[illumination],OK,R,is_a,midpoint
239,8,full_text + noisy_diagram[illumination],OK,S,is_a,midpoint
239,8,full_text + noisy_diagram[illumination],OK,T,is_a,midpoint
239,8,full_text + noisy_diagram[illumination],OK,AT,is_a,median
239,8,full_text + noisy_diagram[illumination],OK,BR,is_a,median
239,8,full_text + noisy_diagram[illumination],OK,CS,is_a,median
239,8,full_text + noisy_diagram[illumination],OK,AT,connects,A
239,8,full_text + noisy_diagram[illumination],OK,AT,connects,T
239,8,full_text + noisy_diagram[illumination],OK,BR,connects,B
239,8,full_text + noisy_diagram[illumination],OK,BR,connects,R
239,8,full_text + noisy_diagram[illumination],OK,CS,connects,C
239,8,full_text + noisy_diagram[illumination],OK,CS,connects,S
239,8,full_text + noisy_diagram[illumination],OK,AT,intersects,BR
239,8,full_text + noisy_diagram[illumination],OK,AT,intersects,CS
239,8,full_text + noisy_diagram[illumination],OK,BR,intersects,CS
239,8,full_text + noisy_diagram[illumination],OK,AT,intersects,M
239,8,full_text + noisy_diagram[illumination],OK,BR,intersects,M
239,8,full_text + noisy_diagram[illumination],OK,CS,intersects,M
239,8,full_text + noisy_diagram[illumination],OK,MC,has_measure,7_units
239,8,full_text + noisy_diagram[illumination],OK,RM,has_measure,4_units
239,8,full_text + noisy_diagram[illumination],OK,AT,has_measure,16_units
239,8,full_text + noisy_diagram[illumination],OK,MB,has_measure,?
,,,,,,
243,8,full_text + noisy_diagram[illumination],OK,Des_Moines,is_a,point
243,8,full_text + noisy_diagram[illumination],OK,Phoenix,is_a,point
243,8,full_text + noisy_diagram[illumination],OK,Atlanta,is_a,point
243,8,full_text + noisy_diagram[illumination],OK,Des_Moines_Phoenix,is_a,segment
243,8,full_text + noisy_diagram[illumination],OK,Phoenix_Atlanta,is_a,segment
243,8,full_text + noisy_diagram[illumination],OK,Atlanta_Des_Moines,is_a,segment
243,8,full_text + noisy_diagram[illumination],OK,Des_Moines_Phoenix,has_measure,110x + 53
243,8,full_text + noisy_diagram[illumination],OK,Phoenix_Atlanta,has_measure,?
243,8,full_text + noisy_diagram[illumination],OK,Atlanta_Des_Moines,has_measure,73.8x
243,8,full_text + noisy_diagram[illumination],OK,Des_Moines_Phoenix,connects,Des_Moines
243,8,full_text + noisy_diagram[illumination],OK,Des_Moines_Phoenix,connects,Phoenix
243,8,full_text + noisy_diagram[illumination],OK,Phoenix_Atlanta,connects,Phoenix
243,8,full_text + noisy_diagram[illumination],OK,Phoenix_Atlanta,connects,Atlanta
243,8,full_text + noisy_diagram[illumination],OK,Atlanta_Des_Moines,connects,Atlanta
243,8,full_text + noisy_diagram[illumination],OK,Atlanta_Des_Moines,connects,Des_Moines
243,8,full_text + noisy_diagram[illumination],OK,total_trip_distance,has_measure,3482
,,,,,,
257,8,full_text + noisy_diagram[illumination],OK,A,is_a,point
257,8,full_text + noisy_diagram[illumination],OK,B,is_a,point
257,8,full_text + noisy_diagram[illumination],OK,C,is_a,point
257,8,full_text + noisy_diagram[illumination],OK,D,is_a,point
257,8,full_text + noisy_diagram[illumination],OK,E,is_a,point
257,8,full_text + noisy_diagram[illumination],OK,AB,is_a,segment
257,8,full_text + noisy_diagram[illumination],OK,AC,is_a,segment
257,8,full_text + noisy_diagram[illumination],OK,AD,is_a,segment
257,8,full_text + noisy_diagram[illumination],OK,BE,is_a,segment
257,8,full_text + noisy_diagram[illumination],OK,CD,is_a,segment
257,8,full_text + noisy_diagram[illumination],OK,ED,is_a,segment
257,8,full_text + noisy_diagram[illumination],OK,ABE,is_a,triangle
257,8,full_text + noisy_diagram[illumination],OK,ACD,is_a,triangle
257,8,full_text + noisy_diagram[illumination],OK,A,connects,B
257,8,full_text + noisy_diagram[illumination],OK,A,connects,C
257,8,full_text + noisy_diagram[illumination],OK,A,connects,D
257,8,full_text + noisy_diagram[illumination],OK,A,connects,E
257,8,full_text + noisy_diagram[illumination],OK,B,connects,E
257,8,full_text + noisy_diagram[illumination],OK,C,connects,D
257,8,full_text + noisy_diagram[illumination],OK,D,connects,E
257,8,full_text + noisy_diagram[illumination],OK,AB,has_measure,12_units
257,8,full_text + noisy_diagram[illumination],OK,AC,has_measure,16_units
257,8,full_text + noisy_diagram[illumination],OK,ED,has_measure,5_units
257,8,full_text + noisy_diagram[illumination],OK,ABE,shares_vertex,A
257,8,full_text + noisy_diagram[illumination],OK,ACD,shares_vertex,A
257,8,full_text + noisy_diagram[illumination],OK,BE,parallel_to,CD
257,8,full_text + noisy_diagram[illumination],OK,ABE,similar_to,ACD
257,8,full_text + noisy_diagram[illumination],OK,?,is_a,query_target
,,,,,,
264,8,full_text + noisy_diagram[illumination],OK,MNPQ,is_a,parallelogram
264,8,full_text + noisy_diagram[illumination],OK,M,is_a,angle
264,8,full_text + noisy_diagram[illumination],OK,N,is_a,angle
264,8,full_text + noisy_diagram[illumination],OK,P,is_a,angle
264,8,full_text + noisy_diagram[illumination],OK,Q,is_a,angle
264,8,full_text + noisy_diagram[illumination],OK,M,has_measure,10x
264,8,full_text + noisy_diagram[illumination],OK,N,has_measure,20x
264,8,full_text + noisy_diagram[illumination],OK,M,equals,P
264,8,full_text + noisy_diagram[illumination],OK,N,equals,Q
264,8,full_text + noisy_diagram[illumination],OK,?,is_a,query_target
,,,,,,
281,8,full_text + noisy_diagram[illumination],OK,A,is_a,point
281,8,full_text + noisy_diagram[illumination],OK,B,is_a,point
281,8,full_text + noisy_diagram[illumination],OK,C,is_a,point
281,8,full_text + noisy_diagram[illumination],OK,AB,is_a,segment
281,8,full_text + noisy_diagram[illumination],OK,AC,is_a,segment
281,8,full_text + noisy_diagram[illumination],OK,BC,is_a,segment
281,8,full_text + noisy_diagram[illumination],OK,ABC,is_a,triangle
281,8,full_text + noisy_diagram[illumination],OK,∠C,is_a,angle
281,8,full_text + noisy_diagram[illumination],OK,∠C,has_measure,90_deg
281,8,full_text + noisy_diagram[illumination],OK,AC,has_measure,24_units
281,8,full_text + noisy_diagram[illumination],OK,AB,has_measure,26_units
281,8,full_text + noisy_diagram[illumination],OK,BC,has_measure,10_units
281,8,full_text + noisy_diagram[illumination],OK,cos B,is_a,query_target
,,,,,,
327,8,full_text + noisy_diagram[illumination],OK,X,is_a,point
327,8,full_text + noisy_diagram[illumination],OK,Y,is_a,point
327,8,full_text + noisy_diagram[illumination],OK,Z,is_a,point
327,8,full_text + noisy_diagram[illumination],OK,N,is_a,point
327,8,full_text + noisy_diagram[illumination],OK,XY,is_a,segment
327,8,full_text + noisy_diagram[illumination],OK,YZ,is_a,segment
327,8,full_text + noisy_diagram[illumination],OK,XZ,is_a,segment
327,8,full_text + noisy_diagram[illumination],OK,YZ,has_measure,10.7_units
327,8,full_text + noisy_diagram[illumination],OK,XY,has_measure,b_units
327,8,full_text + noisy_diagram[illumination],OK,XZ,has_measure,d_units
327,8,full_text + noisy_diagram[illumination],OK,Z,lies_on,XZ
327,8,full_text + noisy_diagram[illumination],OK,Y,lies_on,XY
327,8,full_text + noisy_diagram[illumination],OK,Z,lies_on,YZ
327,8,full_text + noisy_diagram[illumination],OK,X,lies_on,XY
327,8,full_text + noisy_diagram[illumination],OK,X,lies_on,XZ
327,8,full_text + noisy_diagram[illumination],OK,∠YXZ,is_a,angle
327,8,full_text + noisy_diagram[illumination],OK,∠YXZ,has_measure,335_deg
327,8,full_text + noisy_diagram[illumination],OK,d,is_a,query_target
,,,,,,
348,8,full_text + noisy_diagram[illumination],OK,helicopter,is_a,helicopter
348,8,full_text + noisy_diagram[illumination],OK,helicopter,has_measure,198_metres
348,8,full_text + noisy_diagram[illumination],OK,helicopter,has_measure,44_deg
348,8,full_text + noisy_diagram[illumination],OK,landing_pad,is_a,landing_pad
348,8,full_text + noisy_diagram[illumination],OK,d,is_a,distance
348,8,full_text + noisy_diagram[illumination],OK,helicopter,has_measure,?
348,8,full_text + noisy_diagram[illumination],OK,helicopter,is_a,point
348,8,full_text + noisy_diagram[illumination],OK,landing_pad,is_a,point
348,8,full_text + noisy_diagram[illumination],OK,helicopter,connects,landing_pad
,,,,,,
364,8,full_text + noisy_diagram[illumination],OK,suspension_bridge,is_a,bridge
364,8,full_text + noisy_diagram[illumination],OK,concrete_tower,is_a,tower
364,8,full_text + noisy_diagram[illumination],OK,concrete_tower,lies_on,suspension_bridge
364,8,full_text + noisy_diagram[illumination],OK,main_cable,is_a,cable
364,8,full_text + noisy_diagram[illumination],OK,main_cable,connects,concrete_tower
364,8,full_text + noisy_diagram[illumination],OK,main_cable,connects,connection_point
364,8,full_text + noisy_diagram[illumination],OK,connection_point,is_a,point
364,8,full_text + noisy_diagram[illumination],OK,top_of_concrete_tower,is_a,point
364,8,full_text + noisy_diagram[illumination],OK,top_of_concrete_tower,lies_on,concrete_tower
364,8,full_text + noisy_diagram[illumination],OK,connection_point,lies_on,suspension_bridge
364,8,full_text + noisy_diagram[illumination],OK,top_of_concrete_tower,has_measure,35.5_units
364,8,full_text + noisy_diagram[illumination],OK,connection_point,has_measure,65.9_units
364,8,full_text + noisy_diagram[illumination],OK,concrete_tower,perpendicular_to,suspension_bridge
364,8,full_text + noisy_diagram[illumination],OK,h,is_a,length
364,8,full_text + noisy_diagram[illumination],OK,h,has_measure,?
364,8,full_text + noisy_diagram[illumination],OK,h,connects,top_of_concrete_tower
364,8,full_text + noisy_diagram[illumination],OK,h,connects,connection_point
,,,,,,
365,8,full_text + noisy_diagram[illumination],OK,plane,is_a,object
365,8,full_text + noisy_diagram[illumination],OK,ground,is_a,surface
365,8,full_text + noisy_diagram[illumination],OK,runway,is_a,surface
365,8,full_text + noisy_diagram[illumination],OK,theta,is_a,angle
365,8,full_text + noisy_diagram[illumination],OK,plane,distance_from,"ground, 10369_m"
365,8,full_text + noisy_diagram[illumination],OK,plane,distance_from,"runway, 23444_m"
365,8,full_text + noisy_diagram[illumination],OK,theta,is_a,angle_of_approach
365,8,full_text + noisy_diagram[illumination],OK,theta,has_measure,?
365,8,full_text + noisy_diagram[illumination],OK,runway,lies_on,ground
365,8,full_text + noisy_diagram[illumination],OK,plane,is_a,"object_above, ground"
365,8,full_text + noisy_diagram[illumination],OK,plane,is_a,"object_away_from, runway"
365,8,full_text + noisy_diagram[illumination],OK,theta,is_a,"angle_between, plane, runway"
365,8,full_text + noisy_diagram[illumination],OK,theta,is_a,"angle_between, plane, ground"
365,8,full_text + noisy_diagram[illumination],OK,plane,is_a,object_in_air
365,8,full_text + noisy_diagram[illumination],OK,runway,is_a,"surface_on, ground"
365,8,full_text + noisy_diagram[illumination],OK,plane,is_a,"object_with, angle_of_approach, theta"
365,8,full_text + noisy_diagram[illumination],OK,theta,is_a,angle_to_be_calculated
365,8,full_text + noisy_diagram[illumination],OK,plane,is_a,"object_with, distance_from, ground, 10369_m"
365,8,full_text + noisy_diagram[illumination],OK,plane,is_a,"object_with, distance_from, runway, 23444_m"
,,,,,,
420,8,full_text + noisy_diagram[illumination],OK,ABCD,is_a,trapezium
420,8,full_text + noisy_diagram[illumination],OK,AB,is_a,side
420,8,full_text + noisy_diagram[illumination],OK,CD,is_a,side
420,8,full_text + noisy_diagram[illumination],OK,AB,perpendicular_to,CD
420,8,full_text + noisy_diagram[illumination],OK,BC,is_a,side
420,8,full_text + noisy_diagram[illumination],OK,BC,has_measure,10_cm
420,8,full_text + noisy_diagram[illumination],OK,B,is_a,vertex
420,8,full_text + noisy_diagram[illumination],OK,AD,is_a,side
420,8,full_text + noisy_diagram[illumination],OK,AB,has_measure,x
,,,,,,
432,8,full_text + noisy_diagram[illumination],OK,-3,4,"is_a, point"
432,8,full_text + noisy_diagram[illumination],OK,5,2,"is_a, point"
432,8,full_text + noisy_diagram[illumination],OK,-3,4,"connects, 5, 2"
432,8,full_text + noisy_diagram[illumination],OK,d,is_a,distance
432,8,full_text + noisy_diagram[illumination],OK,d,has_measure,?
432,8,full_text + noisy_diagram[illumination],OK,-3,4,"lies_on, x_axis"
432,8,full_text + noisy_diagram[illumination],OK,-3,4,"lies_on, y_axis"
432,8,full_text + noisy_diagram[illumination],OK,5,2,"lies_on, x_axis"
432,8,full_text + noisy_diagram[illumination],OK,5,2,"lies_on, y_axis"
432,8,full_text + noisy_diagram[illumination],OK,x_axis,is_a,line
432,8,full_text + noisy_diagram[illumination],OK,y_axis,is_a,line
432,8,full_text + noisy_diagram[illumination],OK,x_axis,intersects,y_axis
432,8,full_text + noisy_diagram[illumination],OK,x_axis,is_a,segment
432,8,full_text + noisy_diagram[illumination],OK,y_axis,is_a,segment
432,8,full_text + noisy_diagram[illumination],OK,0,lies_on,x_axis
432,8,full_text + noisy_diagram[illumination],OK,0,lies_on,y_axis
432,8,full_text + noisy_diagram[illumination],OK,-3,4,"has_measure, -3"
432,8,full_text + noisy_diagram[illumination],OK,-3,4,"has_measure, 4"
432,8,full_text + noisy_diagram[illumination],OK,5,2,"has_measure, 5"
432,8,full_text + noisy_diagram[illumination],OK,5,2,"has_measure, 2"
432,8,full_text + noisy_diagram[illumination],OK,x_axis,has_measure,-5
432,8,full_text + noisy_diagram[illumination],OK,x_axis,has_measure,5
432,8,full_text + noisy_diagram[illumination],OK,y_axis,has_measure,-5
432,8,full_text + noisy_diagram[illumination],OK,y_axis,has_measure,5
,,,,,,
438,8,full_text + noisy_diagram[illumination],OK,hyperbola,is_a,hyperbola
438,8,full_text + noisy_diagram[illumination],OK,vertex1,is_a,point
438,8,full_text + noisy_diagram[illumination],OK,vertex2,is_a,point
438,8,full_text + noisy_diagram[illumination],OK,center,is_a,point
438,8,full_text + noisy_diagram[illumination],OK,focus1,is_a,point
438,8,full_text + noisy_diagram[illumination],OK,focus2,is_a,point
438,8,full_text + noisy_diagram[illumination],OK,hyperbola,connects,vertex1
438,8,full_text + noisy_diagram[illumination],OK,hyperbola,connects,vertex2
438,8,full_text + noisy_diagram[illumination],OK,hyperbola,center_of,center
438,8,full_text + noisy_diagram[illumination],OK,hyperbola,connects,focus1
438,8,full_text + noisy_diagram[illumination],OK,hyperbola,connects,focus2
438,8,full_text + noisy_diagram[illumination],OK,hyperbola,has_measure,?
438,8,full_text + noisy_diagram[illumination],OK,vertex1,is_a,vertex
438,8,full_text + noisy_diagram[illumination],OK,vertex2,is_a,vertex
438,8,full_text + noisy_diagram[illumination],OK,focus1,is_a,focus
438,8,full_text + noisy_diagram[illumination],OK,focus2,is_a,focus
438,8,full_text + noisy_diagram[illumination],OK,hyperbola,is_a,?
,,,,,,
441,8,full_text + noisy_diagram[illumination],OK,P,is_a,point
441,8,full_text + noisy_diagram[illumination],OK,a,is_a,angle
441,8,full_text + noisy_diagram[illumination],OK,a,has_measure,?
441,8,full_text + noisy_diagram[illumination],OK,unit_circle,is_a,circle
441,8,full_text + noisy_diagram[illumination],OK,unit_circle,radius_of,1_unit
441,8,full_text + noisy_diagram[illumination],OK,P,lies_on,unit_circle
441,8,full_text + noisy_diagram[illumination],OK,x,is_a,axis
441,8,full_text + noisy_diagram[illumination],OK,y,is_a,axis
441,8,full_text + noisy_diagram[illumination],OK,y,has_measure,?
,,,,,,
447,8,full_text + noisy_diagram[illumination],OK,a,is_a,angle
447,8,full_text + noisy_diagram[illumination],OK,P,is_a,point
447,8,full_text + noisy_diagram[illumination],OK,circle,is_a,unit_circle
447,8,full_text + noisy_diagram[illumination],OK,P,lies_on,circle
447,8,full_text + noisy_diagram[illumination],OK,a,is_a,standard_position
,,,,,,
449,8,full_text + noisy_diagram[illumination],OK,origin,is_a,point
449,8,full_text + noisy_diagram[illumination],OK,circle,is_a,unit_circle
449,8,full_text + noisy_diagram[illumination],OK,circle,center_of,origin
449,8,full_text + noisy_diagram[illumination],OK,P,is_a,point
449,8,full_text + noisy_diagram[illumination],OK,P,lies_on,circle
449,8,full_text + noisy_diagram[illumination],OK,θ,is_a,angle
449,8,full_text + noisy_diagram[illumination],OK,sec_θ,is_a,query_target
,,,,,,
457,8,full_text + noisy_diagram[illumination],OK,O,is_a,point
457,8,full_text + noisy_diagram[illumination],OK,O,center_of,circle
457,8,full_text + noisy_diagram[illumination],OK,circle,has_measure,6_units
457,8,full_text + noisy_diagram[illumination],OK,circle,is_a,circle
457,8,full_text + noisy_diagram[illumination],OK,?,is_a,equation
457,8,full_text + noisy_diagram[illumination],OK,?,is_a,question
457,8,full_text + noisy_diagram[illumination],OK,?,is_a,standard_form
457,8,full_text + noisy_diagram[illumination],OK,?,is_a,circle
457,8,full_text + noisy_diagram[illumination],OK,?,has_measure,6_units
457,8,full_text + noisy_diagram[illumination],OK,?,center_of,point
457,8,full_text + noisy_diagram[illumination],OK,point,has_measure,1_unit
457,8,full_text + noisy_diagram[illumination],OK,point,has_measure,3_units
,,,,,,
472,8,full_text + noisy_diagram[illumination],OK,A,is_a,point
472,8,full_text + noisy_diagram[illumination],OK,B,is_a,point
472,8,full_text + noisy_diagram[illumination],OK,C,is_a,point
472,8,full_text + noisy_diagram[illumination],OK,D,is_a,point
472,8,full_text + noisy_diagram[illumination],OK,E,is_a,point
472,8,full_text + noisy_diagram[illumination],OK,F,is_a,semicircle
472,8,full_text + noisy_diagram[illumination],OK,F,lies_on,A
472,8,full_text + noisy_diagram[illumination],OK,F,lies_on,B
472,8,full_text + noisy_diagram[illumination],OK,F,lies_on,C
472,8,full_text + noisy_diagram[illumination],OK,F,lies_on,D
472,8,full_text + noisy_diagram[illumination],OK,F,lies_on,E
472,8,full_text + noisy_diagram[illumination],OK,O,is_a,point
472,8,full_text + noisy_diagram[illumination],OK,F,center_of,O
472,8,full_text + noisy_diagram[illumination],OK,?,is_a,center_of
472,8,full_text + noisy_diagram[illumination],OK,?,is_a,semicircle
,,,,,,
