problem_index,case_id,case_label,status,subject,predicate,object
1,6,full_text + noisy_diagram[bg_change],OK,A,is_a,point
1,6,full_text + noisy_diagram[bg_change],OK,B,is_a,point
1,6,full_text + noisy_diagram[bg_change],OK,C,is_a,point
1,6,full_text + noisy_diagram[bg_change],OK,D,is_a,point
1,6,full_text + noisy_diagram[bg_change],OK,E,is_a,point
1,6,full_text + noisy_diagram[bg_change],OK,ABC,is_a,triangle
1,6,full_text + noisy_diagram[bg_change],OK,∠A,is_a,angle
1,6,full_text + noisy_diagram[bg_change],OK,∠B,is_a,angle
1,6,full_text + noisy_diagram[bg_change],OK,∠A,has_measure,80_deg
1,6,full_text + noisy_diagram[bg_change],OK,∠B,has_measure,60_deg
1,6,full_text + noisy_diagram[bg_change],OK,D,lies_on,AB
1,6,full_text + noisy_diagram[bg_change],OK,E,lies_on,AC
1,6,full_text + noisy_diagram[bg_change],OK,DE,is_a,segment
1,6,full_text + noisy_diagram[bg_change],OK,BC,is_a,segment
1,6,full_text + noisy_diagram[bg_change],OK,DE,parallel_to,BC
1,6,full_text + noisy_diagram[bg_change],OK,∠CED,is_a,angle
1,6,full_text + noisy_diagram[bg_change],OK,∠CED,has_measure,?
,,,,,,
2,6,full_text + noisy_diagram[bg_change],OK,A,is_a,point
2,6,full_text + noisy_diagram[bg_change],OK,B,is_a,point
2,6,full_text + noisy_diagram[bg_change],OK,C,is_a,point
2,6,full_text + noisy_diagram[bg_change],OK,D,is_a,point
2,6,full_text + noisy_diagram[bg_change],OK,E,is_a,point
2,6,full_text + noisy_diagram[bg_change],OK,F,is_a,point
2,6,full_text + noisy_diagram[bg_change],OK,G,is_a,point
2,6,full_text + noisy_diagram[bg_change],OK,AB,is_a,segment
2,6,full_text + noisy_diagram[bg_change],OK,CD,is_a,segment
2,6,full_text + noisy_diagram[bg_change],OK,EF,is_a,segment
2,6,full_text + noisy_diagram[bg_change],OK,EG,is_a,segment
2,6,full_text + noisy_diagram[bg_change],OK,∠EFG,is_a,angle
2,6,full_text + noisy_diagram[bg_change],OK,∠EGF,is_a,angle
2,6,full_text + noisy_diagram[bg_change],OK,AB,parallel_to,CD
2,6,full_text + noisy_diagram[bg_change],OK,EF,intersects,AB
2,6,full_text + noisy_diagram[bg_change],OK,EF,intersects,CD
2,6,full_text + noisy_diagram[bg_change],OK,EG,bisects,∠BEF
2,6,full_text + noisy_diagram[bg_change],OK,∠EFG,has_measure,50_deg
2,6,full_text + noisy_diagram[bg_change],OK,∠EGF,has_measure,?
,,,,,,
3,6,full_text + noisy_diagram[bg_change],OK,A,is_a,point
3,6,full_text + noisy_diagram[bg_change],OK,B,is_a,point
3,6,full_text + noisy_diagram[bg_change],OK,C,is_a,point
3,6,full_text + noisy_diagram[bg_change],OK,D,is_a,point
3,6,full_text + noisy_diagram[bg_change],OK,BC,is_a,segment
3,6,full_text + noisy_diagram[bg_change],OK,BA,is_a,segment
3,6,full_text + noisy_diagram[bg_change],OK,BD,is_a,segment
3,6,full_text + noisy_diagram[bg_change],OK,CD,is_a,segment
3,6,full_text + noisy_diagram[bg_change],OK,AB,is_a,segment
3,6,full_text + noisy_diagram[bg_change],OK,∠BCD,is_a,angle
3,6,full_text + noisy_diagram[bg_change],OK,∠CDB,is_a,angle
3,6,full_text + noisy_diagram[bg_change],OK,∠ABC,is_a,angle
3,6,full_text + noisy_diagram[bg_change],OK,BC,intersects,B
3,6,full_text + noisy_diagram[bg_change],OK,BA,intersects,B
3,6,full_text + noisy_diagram[bg_change],OK,BD,bisects,∠ABC
3,6,full_text + noisy_diagram[bg_change],OK,CD,parallel_to,AB
3,6,full_text + noisy_diagram[bg_change],OK,∠BCD,has_measure,70_deg
3,6,full_text + noisy_diagram[bg_change],OK,∠CDB,is_a,query_target
,,,,,,
4,6,full_text + noisy_diagram[bg_change],OK,A,is_a,point
4,6,full_text + noisy_diagram[bg_change],OK,B,is_a,point
4,6,full_text + noisy_diagram[bg_change],OK,C,is_a,point
4,6,full_text + noisy_diagram[bg_change],OK,O,is_a,point
4,6,full_text + noisy_diagram[bg_change],OK,AB,is_a,segment
4,6,full_text + noisy_diagram[bg_change],OK,BC,is_a,segment
4,6,full_text + noisy_diagram[bg_change],OK,AO,is_a,segment
4,6,full_text + noisy_diagram[bg_change],OK,OC,is_a,segment
4,6,full_text + noisy_diagram[bg_change],OK,∠A,is_a,angle
4,6,full_text + noisy_diagram[bg_change],OK,∠OCB,is_a,angle
4,6,full_text + noisy_diagram[bg_change],OK,AB,tangent_to,circle_O
4,6,full_text + noisy_diagram[bg_change],OK,AB,intersects,B
4,6,full_text + noisy_diagram[bg_change],OK,AO,intersects,C
4,6,full_text + noisy_diagram[bg_change],OK,O,center_of,circle_O
4,6,full_text + noisy_diagram[bg_change],OK,∠A,has_measure,36_deg
,,,,,,
7,6,full_text + noisy_diagram[bg_change],OK,A,is_a,point
7,6,full_text + noisy_diagram[bg_change],OK,B,is_a,point
7,6,full_text + noisy_diagram[bg_change],OK,C,is_a,point
7,6,full_text + noisy_diagram[bg_change],OK,D,is_a,point
7,6,full_text + noisy_diagram[bg_change],OK,E,is_a,point
7,6,full_text + noisy_diagram[bg_change],OK,ABC,is_a,triangle
7,6,full_text + noisy_diagram[bg_change],OK,ADE,is_a,triangle
7,6,full_text + noisy_diagram[bg_change],OK,ABC,congruent_to,ADE
7,6,full_text + noisy_diagram[bg_change],OK,A,common_vertex_of,ABC
7,6,full_text + noisy_diagram[bg_change],OK,A,common_vertex_of,ADE
7,6,full_text + noisy_diagram[bg_change],OK,∠B,has_measure,70_deg
7,6,full_text + noisy_diagram[bg_change],OK,∠C,has_measure,30_deg
7,6,full_text + noisy_diagram[bg_change],OK,∠DAC,has_measure,35_deg
7,6,full_text + noisy_diagram[bg_change],OK,∠EAC,is_a,query_target
,,,,,,
8,6,full_text + noisy_diagram[bg_change],OK,A,is_a,point
8,6,full_text + noisy_diagram[bg_change],OK,B,is_a,point
8,6,full_text + noisy_diagram[bg_change],OK,C,is_a,point
8,6,full_text + noisy_diagram[bg_change],OK,D,is_a,point
8,6,full_text + noisy_diagram[bg_change],OK,E,is_a,point
8,6,full_text + noisy_diagram[bg_change],OK,F,is_a,point
8,6,full_text + noisy_diagram[bg_change],OK,ABC,is_a,triangle
8,6,full_text + noisy_diagram[bg_change],OK,DEF,is_a,triangle
8,6,full_text + noisy_diagram[bg_change],OK,ABC,is_a,"congruent_to, DEF"
8,6,full_text + noisy_diagram[bg_change],OK,A,mapped_to,D
8,6,full_text + noisy_diagram[bg_change],OK,B,mapped_to,E
8,6,full_text + noisy_diagram[bg_change],OK,C,mapped_to,F
8,6,full_text + noisy_diagram[bg_change],OK,BC,is_a,segment
8,6,full_text + noisy_diagram[bg_change],OK,BE,is_a,segment
8,6,full_text + noisy_diagram[bg_change],OK,EC,is_a,segment
8,6,full_text + noisy_diagram[bg_change],OK,CF,is_a,segment
8,6,full_text + noisy_diagram[bg_change],OK,BC,has_measure,5.0
8,6,full_text + noisy_diagram[bg_change],OK,BF,has_measure,7.0
8,6,full_text + noisy_diagram[bg_change],OK,EC,has_measure,?
,,,,,,
9,6,full_text + noisy_diagram[bg_change],OK,A,is_a,point
9,6,full_text + noisy_diagram[bg_change],OK,B,is_a,point
9,6,full_text + noisy_diagram[bg_change],OK,C,is_a,point
9,6,full_text + noisy_diagram[bg_change],OK,D,is_a,point
9,6,full_text + noisy_diagram[bg_change],OK,E,is_a,point
9,6,full_text + noisy_diagram[bg_change],OK,AB,is_a,segment
9,6,full_text + noisy_diagram[bg_change],OK,AC,is_a,segment
9,6,full_text + noisy_diagram[bg_change],OK,BC,is_a,segment
9,6,full_text + noisy_diagram[bg_change],OK,AD,is_a,segment
9,6,full_text + noisy_diagram[bg_change],OK,DE,is_a,segment
9,6,full_text + noisy_diagram[bg_change],OK,ABC,is_a,triangle
9,6,full_text + noisy_diagram[bg_change],OK,∠C,is_a,angle
9,6,full_text + noisy_diagram[bg_change],OK,∠CAB,is_a,angle
9,6,full_text + noisy_diagram[bg_change],OK,∠DBE,is_a,angle
9,6,full_text + noisy_diagram[bg_change],OK,AC,has_measure,?
9,6,full_text + noisy_diagram[bg_change],OK,BC,has_measure,?
9,6,full_text + noisy_diagram[bg_change],OK,AB,has_measure,6.0
9,6,full_text + noisy_diagram[bg_change],OK,∠C,has_measure,90_deg
9,6,full_text + noisy_diagram[bg_change],OK,DE,perpendicular_to,AB
9,6,full_text + noisy_diagram[bg_change],OK,AD,bisects,∠CAB
9,6,full_text + noisy_diagram[bg_change],OK,AD,intersects,BC
9,6,full_text + noisy_diagram[bg_change],OK,AD,intersects,D
9,6,full_text + noisy_diagram[bg_change],OK,DE,intersects,AB
9,6,full_text + noisy_diagram[bg_change],OK,DE,intersects,E
9,6,full_text + noisy_diagram[bg_change],OK,perimeter_of,triangle,DBE
,,,,,,
10,6,full_text + noisy_diagram[bg_change],OK,A,is_a,point
10,6,full_text + noisy_diagram[bg_change],OK,B,is_a,point
10,6,full_text + noisy_diagram[bg_change],OK,C,is_a,point
10,6,full_text + noisy_diagram[bg_change],OK,A,connects,B
10,6,full_text + noisy_diagram[bg_change],OK,A,connects,C
10,6,full_text + noisy_diagram[bg_change],OK,B,connects,C
10,6,full_text + noisy_diagram[bg_change],OK,AB,is_a,segment
10,6,full_text + noisy_diagram[bg_change],OK,AC,is_a,segment
10,6,full_text + noisy_diagram[bg_change],OK,BC,is_a,segment
10,6,full_text + noisy_diagram[bg_change],OK,A,has_measure,36_deg
10,6,full_text + noisy_diagram[bg_change],OK,AB,has_measure,?
10,6,full_text + noisy_diagram[bg_change],OK,AC,has_measure,?
10,6,full_text + noisy_diagram[bg_change],OK,BC,has_measure,?
10,6,full_text + noisy_diagram[bg_change],OK,D,is_a,point
10,6,full_text + noisy_diagram[bg_change],OK,E,is_a,point
10,6,full_text + noisy_diagram[bg_change],OK,A,connects,D
10,6,full_text + noisy_diagram[bg_change],OK,A,connects,E
10,6,full_text + noisy_diagram[bg_change],OK,B,connects,D
10,6,full_text + noisy_diagram[bg_change],OK,B,connects,E
10,6,full_text + noisy_diagram[bg_change],OK,AB,perpendicular_to,DE
10,6,full_text + noisy_diagram[bg_change],OK,∠BDC,is_a,angle
10,6,full_text + noisy_diagram[bg_change],OK,∠BDC,has_measure,?
,,,,,,
11,6,full_text + noisy_diagram[bg_change],OK,A,is_a,point
11,6,full_text + noisy_diagram[bg_change],OK,B,is_a,point
11,6,full_text + noisy_diagram[bg_change],OK,C,is_a,point
11,6,full_text + noisy_diagram[bg_change],OK,D,is_a,point
11,6,full_text + noisy_diagram[bg_change],OK,E,is_a,point
11,6,full_text + noisy_diagram[bg_change],OK,F,is_a,point
11,6,full_text + noisy_diagram[bg_change],OK,ABC,is_a,triangle
11,6,full_text + noisy_diagram[bg_change],OK,AED,is_a,triangle
11,6,full_text + noisy_diagram[bg_change],OK,∠C,is_a,angle
11,6,full_text + noisy_diagram[bg_change],OK,∠C,has_measure,36_deg
11,6,full_text + noisy_diagram[bg_change],OK,AFC,is_a,angle
11,6,full_text + noisy_diagram[bg_change],OK,AD,is_a,segment
11,6,full_text + noisy_diagram[bg_change],OK,BC,is_a,segment
11,6,full_text + noisy_diagram[bg_change],OK,AD,intersects,F
11,6,full_text + noisy_diagram[bg_change],OK,BC,intersects,F
11,6,full_text + noisy_diagram[bg_change],OK,ABC,rotated_about,A
11,6,full_text + noisy_diagram[bg_change],OK,ABC,mapped_to,AED
11,6,full_text + noisy_diagram[bg_change],OK,ABC,rotated_about,60_deg
,,,,,,
14,6,full_text + noisy_diagram[bg_change],OK,O,is_a,circle
14,6,full_text + noisy_diagram[bg_change],OK,A,is_a,point
14,6,full_text + noisy_diagram[bg_change],OK,B,is_a,point
14,6,full_text + noisy_diagram[bg_change],OK,C,is_a,point
14,6,full_text + noisy_diagram[bg_change],OK,ABC,is_a,triangle
14,6,full_text + noisy_diagram[bg_change],OK,OAB,is_a,angle
14,6,full_text + noisy_diagram[bg_change],OK,OAB,has_measure,35_deg
14,6,full_text + noisy_diagram[bg_change],OK,A,lies_on,O
14,6,full_text + noisy_diagram[bg_change],OK,B,lies_on,O
14,6,full_text + noisy_diagram[bg_change],OK,C,lies_on,O
14,6,full_text + noisy_diagram[bg_change],OK,A,connects,B
14,6,full_text + noisy_diagram[bg_change],OK,B,connects,C
14,6,full_text + noisy_diagram[bg_change],OK,C,connects,A
14,6,full_text + noisy_diagram[bg_change],OK,O,center_of,O
14,6,full_text + noisy_diagram[bg_change],OK,ACB,is_a,angle
14,6,full_text + noisy_diagram[bg_change],OK,ACB,has_measure,?
14,6,full_text + noisy_diagram[bg_change],OK,ABC,is_a,inscribed_triangle
,,,,,,
16,6,full_text + noisy_diagram[bg_change],OK,O,is_a,point
16,6,full_text + noisy_diagram[bg_change],OK,A,is_a,point
16,6,full_text + noisy_diagram[bg_change],OK,B,is_a,point
16,6,full_text + noisy_diagram[bg_change],OK,C,is_a,point
16,6,full_text + noisy_diagram[bg_change],OK,OA,is_a,radius
16,6,full_text + noisy_diagram[bg_change],OK,OB,is_a,radius
16,6,full_text + noisy_diagram[bg_change],OK,OC,is_a,radius
16,6,full_text + noisy_diagram[bg_change],OK,AC,is_a,chord
16,6,full_text + noisy_diagram[bg_change],OK,∠BOC,is_a,angle
16,6,full_text + noisy_diagram[bg_change],OK,AC,parallel_to,OB
16,6,full_text + noisy_diagram[bg_change],OK,∠BOC,has_measure,50_deg
16,6,full_text + noisy_diagram[bg_change],OK,?,is_a,query
16,6,full_text + noisy_diagram[bg_change],OK,?,has_measure,?
16,6,full_text + noisy_diagram[bg_change],OK,∠OAB,is_a,angle
16,6,full_text + noisy_diagram[bg_change],OK,∠OAB,has_measure,?
,,,,,,
17,6,full_text + noisy_diagram[bg_change],OK,A,is_a,point
17,6,full_text + noisy_diagram[bg_change],OK,B,is_a,point
17,6,full_text + noisy_diagram[bg_change],OK,C,is_a,point
17,6,full_text + noisy_diagram[bg_change],OK,D,is_a,point
17,6,full_text + noisy_diagram[bg_change],OK,O,is_a,point
17,6,full_text + noisy_diagram[bg_change],OK,ABCD,is_a,parallelogram
17,6,full_text + noisy_diagram[bg_change],OK,AC,is_a,diagonal
17,6,full_text + noisy_diagram[bg_change],OK,BD,is_a,diagonal
17,6,full_text + noisy_diagram[bg_change],OK,AC,intersects,BD
17,6,full_text + noisy_diagram[bg_change],OK,AC,intersects,"at, O"
17,6,full_text + noisy_diagram[bg_change],OK,BD,intersects,"at, O"
17,6,full_text + noisy_diagram[bg_change],OK,∠DAC,is_a,angle
17,6,full_text + noisy_diagram[bg_change],OK,∠DAC,has_measure,42_deg
17,6,full_text + noisy_diagram[bg_change],OK,∠CBD,is_a,angle
17,6,full_text + noisy_diagram[bg_change],OK,∠CBD,has_measure,23_deg
17,6,full_text + noisy_diagram[bg_change],OK,∠COD,is_a,angle
17,6,full_text + noisy_diagram[bg_change],OK,∠COD,has_measure,?
17,6,full_text + noisy_diagram[bg_change],OK,A,connects,B
17,6,full_text + noisy_diagram[bg_change],OK,B,connects,C
17,6,full_text + noisy_diagram[bg_change],OK,C,connects,D
17,6,full_text + noisy_diagram[bg_change],OK,D,connects,A
17,6,full_text + noisy_diagram[bg_change],OK,AB,is_a,segment
17,6,full_text + noisy_diagram[bg_change],OK,BC,is_a,segment
17,6,full_text + noisy_diagram[bg_change],OK,CD,is_a,segment
17,6,full_text + noisy_diagram[bg_change],OK,DA,is_a,segment
17,6,full_text + noisy_diagram[bg_change],OK,AC,connects,A
17,6,full_text + noisy_diagram[bg_change],OK,AC,connects,C
17,6,full_text + noisy_diagram[bg_change],OK,BD,connects,B
17,6,full_text + noisy_diagram[bg_change],OK,BD,connects,D
,,,,,,
20,6,full_text + noisy_diagram[bg_change],OK,O,is_a,circle
20,6,full_text + noisy_diagram[bg_change],OK,AB,is_a,"diameter_of, O"
20,6,full_text + noisy_diagram[bg_change],OK,A,is_a,point
20,6,full_text + noisy_diagram[bg_change],OK,B,is_a,point
20,6,full_text + noisy_diagram[bg_change],OK,C,is_a,point
20,6,full_text + noisy_diagram[bg_change],OK,D,is_a,point
20,6,full_text + noisy_diagram[bg_change],OK,AB,connects,"A, B"
20,6,full_text + noisy_diagram[bg_change],OK,AC,connects,"A, C"
20,6,full_text + noisy_diagram[bg_change],OK,BC,connects,"B, C"
20,6,full_text + noisy_diagram[bg_change],OK,CD,connects,"C, D"
20,6,full_text + noisy_diagram[bg_change],OK,OD,connects,"O, D"
20,6,full_text + noisy_diagram[bg_change],OK,∠DOB,is_a,angle
20,6,full_text + noisy_diagram[bg_change],OK,∠DOB,has_measure,140_deg
20,6,full_text + noisy_diagram[bg_change],OK,∠ACD,is_a,angle
20,6,full_text + noisy_diagram[bg_change],OK,∠ACD,has_measure,?
20,6,full_text + noisy_diagram[bg_change],OK,O,center_of,O
20,6,full_text + noisy_diagram[bg_change],OK,A,lies_on,O
20,6,full_text + noisy_diagram[bg_change],OK,B,lies_on,O
20,6,full_text + noisy_diagram[bg_change],OK,C,lies_on,O
20,6,full_text + noisy_diagram[bg_change],OK,D,lies_on,O
,,,,,,
22,6,full_text + noisy_diagram[bg_change],OK,A,is_a,point
22,6,full_text + noisy_diagram[bg_change],OK,B,is_a,point
22,6,full_text + noisy_diagram[bg_change],OK,C,is_a,point
22,6,full_text + noisy_diagram[bg_change],OK,D,is_a,point
22,6,full_text + noisy_diagram[bg_change],OK,M,is_a,point
22,6,full_text + noisy_diagram[bg_change],OK,N,is_a,point
22,6,full_text + noisy_diagram[bg_change],OK,O,is_a,point
22,6,full_text + noisy_diagram[bg_change],OK,AM,is_a,segment
22,6,full_text + noisy_diagram[bg_change],OK,CN,is_a,segment
22,6,full_text + noisy_diagram[bg_change],OK,MN,is_a,segment
22,6,full_text + noisy_diagram[bg_change],OK,AC,is_a,segment
22,6,full_text + noisy_diagram[bg_change],OK,BO,is_a,segment
22,6,full_text + noisy_diagram[bg_change],OK,∠DAC,is_a,angle
22,6,full_text + noisy_diagram[bg_change],OK,∠OBC,is_a,angle
22,6,full_text + noisy_diagram[bg_change],OK,ABCD,is_a,diamond
22,6,full_text + noisy_diagram[bg_change],OK,M,lies_on,AB
22,6,full_text + noisy_diagram[bg_change],OK,N,lies_on,CD
22,6,full_text + noisy_diagram[bg_change],OK,AM,has_measure,CN
22,6,full_text + noisy_diagram[bg_change],OK,MN,intersects,AC
22,6,full_text + noisy_diagram[bg_change],OK,MN,intersects,O
22,6,full_text + noisy_diagram[bg_change],OK,AC,intersects,O
22,6,full_text + noisy_diagram[bg_change],OK,BO,connects,B
22,6,full_text + noisy_diagram[bg_change],OK,BO,connects,O
22,6,full_text + noisy_diagram[bg_change],OK,∠DAC,has_measure,28_deg
22,6,full_text + noisy_diagram[bg_change],OK,∠OBC,has_measure,?
,,,,,,
25,6,full_text + noisy_diagram[bg_change],OK,A,is_a,point
25,6,full_text + noisy_diagram[bg_change],OK,B,is_a,point
25,6,full_text + noisy_diagram[bg_change],OK,C,is_a,point
25,6,full_text + noisy_diagram[bg_change],OK,E,is_a,point
25,6,full_text + noisy_diagram[bg_change],OK,F,is_a,point
25,6,full_text + noisy_diagram[bg_change],OK,AB,is_a,segment
25,6,full_text + noisy_diagram[bg_change],OK,AC,is_a,segment
25,6,full_text + noisy_diagram[bg_change],OK,AF,is_a,segment
25,6,full_text + noisy_diagram[bg_change],OK,BC,is_a,segment
25,6,full_text + noisy_diagram[bg_change],OK,BE,is_a,segment
25,6,full_text + noisy_diagram[bg_change],OK,B,is_a,angle
25,6,full_text + noisy_diagram[bg_change],OK,BAF,is_a,angle
25,6,full_text + noisy_diagram[bg_change],OK,∠B,has_measure,50_deg
25,6,full_text + noisy_diagram[bg_change],OK,EF,is_a,segment
25,6,full_text + noisy_diagram[bg_change],OK,EF,parallel_to,BC
25,6,full_text + noisy_diagram[bg_change],OK,AC,bisects,∠BAF
25,6,full_text + noisy_diagram[bg_change],OK,?,is_a,angle
,,,,,,
26,6,full_text + noisy_diagram[bg_change],OK,bamboo_pole,is_a,object
26,6,full_text + noisy_diagram[bg_change],OK,bamboo_pole,has_measure,3.2_m
26,6,full_text + noisy_diagram[bg_change],OK,bamboo_pole,connects,ground
26,6,full_text + noisy_diagram[bg_change],OK,flagpole,is_a,object
26,6,full_text + noisy_diagram[bg_change],OK,flagpole,has_measure,?
26,6,full_text + noisy_diagram[bg_change],OK,flagpole,connects,ground
26,6,full_text + noisy_diagram[bg_change],OK,distance_between_bamboo_and_point,is_a,distance
26,6,full_text + noisy_diagram[bg_change],OK,distance_between_bamboo_and_point,has_measure,8.0_m
26,6,full_text + noisy_diagram[bg_change],OK,distance_between_flagpole_and_point,is_a,distance
26,6,full_text + noisy_diagram[bg_change],OK,distance_between_flagpole_and_point,has_measure,22.0_m
26,6,full_text + noisy_diagram[bg_change],OK,point,is_a,point
26,6,full_text + noisy_diagram[bg_change],OK,bamboo_pole,intersects,point
26,6,full_text + noisy_diagram[bg_change],OK,flagpole,intersects,point
26,6,full_text + noisy_diagram[bg_change],OK,bamboo_pole,intersects,ground
26,6,full_text + noisy_diagram[bg_change],OK,flagpole,intersects,ground
,,,,,,
29,6,full_text + noisy_diagram[bg_change],OK,A,is_a,point
29,6,full_text + noisy_diagram[bg_change],OK,B,is_a,point
29,6,full_text + noisy_diagram[bg_change],OK,C,is_a,point
29,6,full_text + noisy_diagram[bg_change],OK,D,is_a,point
29,6,full_text + noisy_diagram[bg_change],OK,AB,is_a,segment
29,6,full_text + noisy_diagram[bg_change],OK,AC,is_a,segment
29,6,full_text + noisy_diagram[bg_change],OK,BC,is_a,segment
29,6,full_text + noisy_diagram[bg_change],OK,BD,is_a,segment
29,6,full_text + noisy_diagram[bg_change],OK,CD,is_a,segment
29,6,full_text + noisy_diagram[bg_change],OK,∠ABC,is_a,angle
29,6,full_text + noisy_diagram[bg_change],OK,∠ACB,is_a,angle
29,6,full_text + noisy_diagram[bg_change],OK,∠BAC,is_a,angle
29,6,full_text + noisy_diagram[bg_change],OK,∠BDC,is_a,angle
29,6,full_text + noisy_diagram[bg_change],OK,∠BAC,has_measure,50_deg
29,6,full_text + noisy_diagram[bg_change],OK,∠BDC,has_measure,?
29,6,full_text + noisy_diagram[bg_change],OK,A,connects,B
29,6,full_text + noisy_diagram[bg_change],OK,B,connects,C
29,6,full_text + noisy_diagram[bg_change],OK,C,connects,A
29,6,full_text + noisy_diagram[bg_change],OK,B,connects,D
29,6,full_text + noisy_diagram[bg_change],OK,D,connects,C
,,,,,,
30,6,full_text + noisy_diagram[bg_change],OK,A,is_a,point
30,6,full_text + noisy_diagram[bg_change],OK,B,is_a,point
30,6,full_text + noisy_diagram[bg_change],OK,C,is_a,point
30,6,full_text + noisy_diagram[bg_change],OK,O,is_a,point
30,6,full_text + noisy_diagram[bg_change],OK,AB,is_a,segment
30,6,full_text + noisy_diagram[bg_change],OK,AC,is_a,segment
30,6,full_text + noisy_diagram[bg_change],OK,AO,is_a,segment
30,6,full_text + noisy_diagram[bg_change],OK,BO,is_a,segment
30,6,full_text + noisy_diagram[bg_change],OK,BC,is_a,segment
30,6,full_text + noisy_diagram[bg_change],OK,∠AOB,is_a,angle
30,6,full_text + noisy_diagram[bg_change],OK,∠BCA,is_a,angle
30,6,full_text + noisy_diagram[bg_change],OK,A,connects,B
30,6,full_text + noisy_diagram[bg_change],OK,A,connects,C
30,6,full_text + noisy_diagram[bg_change],OK,A,connects,O
30,6,full_text + noisy_diagram[bg_change],OK,B,connects,C
30,6,full_text + noisy_diagram[bg_change],OK,B,connects,O
30,6,full_text + noisy_diagram[bg_change],OK,C,connects,O
30,6,full_text + noisy_diagram[bg_change],OK,AC,has_measure,?
30,6,full_text + noisy_diagram[bg_change],OK,AO,has_measure,?
30,6,full_text + noisy_diagram[bg_change],OK,BO,has_measure,?
30,6,full_text + noisy_diagram[bg_change],OK,BC,has_measure,?
30,6,full_text + noisy_diagram[bg_change],OK,∠BCA,has_measure,30_deg
30,6,full_text + noisy_diagram[bg_change],OK,OA,parallel_to,BC
30,6,full_text + noisy_diagram[bg_change],OK,OB,parallel_to,AC
30,6,full_text + noisy_diagram[bg_change],OK,∠AOB,has_measure,?
,,,,,,
32,6,full_text + noisy_diagram[bg_change],OK,A,is_a,point
32,6,full_text + noisy_diagram[bg_change],OK,B,is_a,point
32,6,full_text + noisy_diagram[bg_change],OK,C,is_a,point
32,6,full_text + noisy_diagram[bg_change],OK,D,is_a,point
32,6,full_text + noisy_diagram[bg_change],OK,E,is_a,point
32,6,full_text + noisy_diagram[bg_change],OK,F,is_a,point
32,6,full_text + noisy_diagram[bg_change],OK,I,is_a,point
32,6,full_text + noisy_diagram[bg_change],OK,∠DEF,is_a,angle
32,6,full_text + noisy_diagram[bg_change],OK,∠A,is_a,angle
32,6,full_text + noisy_diagram[bg_change],OK,ABC,is_a,triangle
32,6,full_text + noisy_diagram[bg_change],OK,I,is_a,circle
32,6,full_text + noisy_diagram[bg_change],OK,ABC,has_measure,?
32,6,full_text + noisy_diagram[bg_change],OK,∠DEF,has_measure,52_deg
32,6,full_text + noisy_diagram[bg_change],OK,D,lies_on,ABC
32,6,full_text + noisy_diagram[bg_change],OK,E,lies_on,ABC
32,6,full_text + noisy_diagram[bg_change],OK,F,lies_on,ABC
32,6,full_text + noisy_diagram[bg_change],OK,I,center_of,circle
32,6,full_text + noisy_diagram[bg_change],OK,D,lies_on,circle
32,6,full_text + noisy_diagram[bg_change],OK,E,lies_on,circle
32,6,full_text + noisy_diagram[bg_change],OK,F,lies_on,circle
32,6,full_text + noisy_diagram[bg_change],OK,∠A,is_a,query_target
,,,,,,
34,6,full_text + noisy_diagram[bg_change],OK,A,is_a,point
34,6,full_text + noisy_diagram[bg_change],OK,B,is_a,point
34,6,full_text + noisy_diagram[bg_change],OK,AB,is_a,line
34,6,full_text + noisy_diagram[bg_change],OK,C,is_a,point
34,6,full_text + noisy_diagram[bg_change],OK,D,is_a,point
34,6,full_text + noisy_diagram[bg_change],OK,CD,is_a,line
34,6,full_text + noisy_diagram[bg_change],OK,E,is_a,point
34,6,full_text + noisy_diagram[bg_change],OK,F,is_a,point
34,6,full_text + noisy_diagram[bg_change],OK,EF,is_a,line
34,6,full_text + noisy_diagram[bg_change],OK,AB,parallel_to,CD
34,6,full_text + noisy_diagram[bg_change],OK,P,is_a,point
34,6,full_text + noisy_diagram[bg_change],OK,Q,is_a,point
34,6,full_text + noisy_diagram[bg_change],OK,EF,intersects,AB
34,6,full_text + noisy_diagram[bg_change],OK,EF,intersects,CD
34,6,full_text + noisy_diagram[bg_change],OK,P,is_a,intersection
34,6,full_text + noisy_diagram[bg_change],OK,Q,is_a,intersection
34,6,full_text + noisy_diagram[bg_change],OK,EF,connects,P
34,6,full_text + noisy_diagram[bg_change],OK,EF,connects,Q
34,6,full_text + noisy_diagram[bg_change],OK,AB,connects,P
34,6,full_text + noisy_diagram[bg_change],OK,CD,connects,Q
34,6,full_text + noisy_diagram[bg_change],OK,angle1,is_a,angle
34,6,full_text + noisy_diagram[bg_change],OK,angle2,is_a,angle
34,6,full_text + noisy_diagram[bg_change],OK,angle1,has_measure,100_deg
34,6,full_text + noisy_diagram[bg_change],OK,angle1,is_a,BPF
34,6,full_text + noisy_diagram[bg_change],OK,angle2,is_a,CQF
,,,,,,
36,6,full_text + noisy_diagram[bg_change],OK,O,is_a,circle
36,6,full_text + noisy_diagram[bg_change],OK,A,is_a,point
36,6,full_text + noisy_diagram[bg_change],OK,B,is_a,point
36,6,full_text + noisy_diagram[bg_change],OK,C,is_a,point
36,6,full_text + noisy_diagram[bg_change],OK,D,is_a,point
36,6,full_text + noisy_diagram[bg_change],OK,AB,is_a,diameter
36,6,full_text + noisy_diagram[bg_change],OK,AB,center_of,O
36,6,full_text + noisy_diagram[bg_change],OK,C,lies_on,O
36,6,full_text + noisy_diagram[bg_change],OK,AB,connects,"A, B"
36,6,full_text + noisy_diagram[bg_change],OK,AC,is_a,segment
36,6,full_text + noisy_diagram[bg_change],OK,AC,connects,"A, C"
36,6,full_text + noisy_diagram[bg_change],OK,DC,is_a,tangent
36,6,full_text + noisy_diagram[bg_change],OK,DC,tangent_to,O
36,6,full_text + noisy_diagram[bg_change],OK,DC,intersects,D
36,6,full_text + noisy_diagram[bg_change],OK,AB,intersects,D
36,6,full_text + noisy_diagram[bg_change],OK,∠BDC,is_a,angle
36,6,full_text + noisy_diagram[bg_change],OK,∠BDC,has_measure,50_deg
36,6,full_text + noisy_diagram[bg_change],OK,∠BAC,is_a,angle
36,6,full_text + noisy_diagram[bg_change],OK,∠BAC,has_measure,?
,,,,,,
37,6,full_text + noisy_diagram[bg_change],OK,A,is_a,point
37,6,full_text + noisy_diagram[bg_change],OK,B,is_a,point
37,6,full_text + noisy_diagram[bg_change],OK,C,is_a,point
37,6,full_text + noisy_diagram[bg_change],OK,D,is_a,point
37,6,full_text + noisy_diagram[bg_change],OK,O,is_a,point
37,6,full_text + noisy_diagram[bg_change],OK,P,is_a,point
37,6,full_text + noisy_diagram[bg_change],OK,AB,is_a,line
37,6,full_text + noisy_diagram[bg_change],OK,CD,is_a,line
37,6,full_text + noisy_diagram[bg_change],OK,AP,is_a,segment
37,6,full_text + noisy_diagram[bg_change],OK,AO,is_a,segment
37,6,full_text + noisy_diagram[bg_change],OK,OP,is_a,segment
37,6,full_text + noisy_diagram[bg_change],OK,∠OCD,is_a,angle
37,6,full_text + noisy_diagram[bg_change],OK,AB,parallel_to,CD
37,6,full_text + noisy_diagram[bg_change],OK,AB,intersects,AP
37,6,full_text + noisy_diagram[bg_change],OK,CD,intersects,AP
37,6,full_text + noisy_diagram[bg_change],OK,O,lies_on,AB
37,6,full_text + noisy_diagram[bg_change],OK,C,lies_on,CD
37,6,full_text + noisy_diagram[bg_change],OK,P,lies_on,AP
37,6,full_text + noisy_diagram[bg_change],OK,A,lies_on,AB
37,6,full_text + noisy_diagram[bg_change],OK,C,O,"P, collinear_with"
37,6,full_text + noisy_diagram[bg_change],OK,AO,has_measure,OP
37,6,full_text + noisy_diagram[bg_change],OK,∠OCD,has_measure,50_deg
37,6,full_text + noisy_diagram[bg_change],OK,∠OAP,is_a,query_target
,,,,,,
38,6,full_text + noisy_diagram[bg_change],OK,A,is_a,point
38,6,full_text + noisy_diagram[bg_change],OK,B,is_a,point
38,6,full_text + noisy_diagram[bg_change],OK,C,is_a,point
38,6,full_text + noisy_diagram[bg_change],OK,D,is_a,point
38,6,full_text + noisy_diagram[bg_change],OK,AB,is_a,segment
38,6,full_text + noisy_diagram[bg_change],OK,AC,is_a,segment
38,6,full_text + noisy_diagram[bg_change],OK,AD,is_a,segment
38,6,full_text + noisy_diagram[bg_change],OK,BC,is_a,segment
38,6,full_text + noisy_diagram[bg_change],OK,∠CAD,is_a,angle
38,6,full_text + noisy_diagram[bg_change],OK,∠BAC,is_a,angle
38,6,full_text + noisy_diagram[bg_change],OK,ABC,is_a,triangle
38,6,full_text + noisy_diagram[bg_change],OK,AB,has_measure,?
38,6,full_text + noisy_diagram[bg_change],OK,AC,has_measure,?
38,6,full_text + noisy_diagram[bg_change],OK,AD,has_measure,?
38,6,full_text + noisy_diagram[bg_change],OK,BC,has_measure,?
38,6,full_text + noisy_diagram[bg_change],OK,∠CAD,has_measure,70_deg
38,6,full_text + noisy_diagram[bg_change],OK,∠BAC,has_measure,?
38,6,full_text + noisy_diagram[bg_change],OK,AB,equals,AC
38,6,full_text + noisy_diagram[bg_change],OK,AD,parallel_to,BC
38,6,full_text + noisy_diagram[bg_change],OK,D,lies_on,AD
38,6,full_text + noisy_diagram[bg_change],OK,AD,connects,A
38,6,full_text + noisy_diagram[bg_change],OK,AD,connects,D
38,6,full_text + noisy_diagram[bg_change],OK,A,connects,B
38,6,full_text + noisy_diagram[bg_change],OK,A,connects,C
38,6,full_text + noisy_diagram[bg_change],OK,B,connects,C
38,6,full_text + noisy_diagram[bg_change],OK,C,connects,D
,,,,,,
40,6,full_text + noisy_diagram[bg_change],OK,a,is_a,line
40,6,full_text + noisy_diagram[bg_change],OK,b,is_a,line
40,6,full_text + noisy_diagram[bg_change],OK,c,is_a,line
40,6,full_text + noisy_diagram[bg_change],OK,a,parallel_to,b
40,6,full_text + noisy_diagram[bg_change],OK,E,is_a,point
40,6,full_text + noisy_diagram[bg_change],OK,F,is_a,point
40,6,full_text + noisy_diagram[bg_change],OK,A,is_a,point
40,6,full_text + noisy_diagram[bg_change],OK,B,is_a,point
40,6,full_text + noisy_diagram[bg_change],OK,C,is_a,point
40,6,full_text + noisy_diagram[bg_change],OK,D,is_a,point
40,6,full_text + noisy_diagram[bg_change],OK,E,lies_on,a
40,6,full_text + noisy_diagram[bg_change],OK,F,lies_on,b
40,6,full_text + noisy_diagram[bg_change],OK,c,intersects,a
40,6,full_text + noisy_diagram[bg_change],OK,c,intersects,b
40,6,full_text + noisy_diagram[bg_change],OK,E,lies_on,c
40,6,full_text + noisy_diagram[bg_change],OK,F,lies_on,c
40,6,full_text + noisy_diagram[bg_change],OK,A,lies_on,a
40,6,full_text + noisy_diagram[bg_change],OK,B,lies_on,b
40,6,full_text + noisy_diagram[bg_change],OK,C,lies_on,c
40,6,full_text + noisy_diagram[bg_change],OK,D,lies_on,c
40,6,full_text + noisy_diagram[bg_change],OK,AEC,is_a,angle
40,6,full_text + noisy_diagram[bg_change],OK,AEC,has_measure,50_deg
40,6,full_text + noisy_diagram[bg_change],OK,BFD,is_a,angle
40,6,full_text + noisy_diagram[bg_change],OK,BFD,has_measure,?
,,,,,,
43,6,full_text + noisy_diagram[bg_change],OK,A,is_a,point
43,6,full_text + noisy_diagram[bg_change],OK,B,is_a,point
43,6,full_text + noisy_diagram[bg_change],OK,C,is_a,point
43,6,full_text + noisy_diagram[bg_change],OK,D,is_a,point
43,6,full_text + noisy_diagram[bg_change],OK,O,is_a,point
43,6,full_text + noisy_diagram[bg_change],OK,∠AOB,is_a,angle
43,6,full_text + noisy_diagram[bg_change],OK,∠AOC,is_a,angle
43,6,full_text + noisy_diagram[bg_change],OK,∠DOC,is_a,angle
43,6,full_text + noisy_diagram[bg_change],OK,∠AOC,has_measure,100_deg
43,6,full_text + noisy_diagram[bg_change],OK,OA,is_a,segment
43,6,full_text + noisy_diagram[bg_change],OK,OB,is_a,segment
43,6,full_text + noisy_diagram[bg_change],OK,OC,is_a,segment
43,6,full_text + noisy_diagram[bg_change],OK,OD,is_a,segment
43,6,full_text + noisy_diagram[bg_change],OK,OA,mapped_to,OD
43,6,full_text + noisy_diagram[bg_change],OK,OB,mapped_to,OC
43,6,full_text + noisy_diagram[bg_change],OK,Triangle,is_a,OAB
43,6,full_text + noisy_diagram[bg_change],OK,Triangle,is_a,ODC
43,6,full_text + noisy_diagram[bg_change],OK,Triangle,rotated_about,O
43,6,full_text + noisy_diagram[bg_change],OK,Triangle,mapped_to,Triangle
43,6,full_text + noisy_diagram[bg_change],OK,A,mapped_to,D
43,6,full_text + noisy_diagram[bg_change],OK,B,mapped_to,C
43,6,full_text + noisy_diagram[bg_change],OK,∠AOB,has_measure,30_deg
,,,,,,
44,6,full_text + noisy_diagram[bg_change],OK,A,is_a,street_lamp
44,6,full_text + noisy_diagram[bg_change],OK,B,is_a,street_lamp
44,6,full_text + noisy_diagram[bg_change],OK,A,is_a,point
44,6,full_text + noisy_diagram[bg_change],OK,B,is_a,point
,,,,,,
45,6,full_text + noisy_diagram[bg_change],OK,O,is_a,circle
45,6,full_text + noisy_diagram[bg_change],OK,A,is_a,point
45,6,full_text + noisy_diagram[bg_change],OK,B,is_a,point
45,6,full_text + noisy_diagram[bg_change],OK,C,is_a,point
45,6,full_text + noisy_diagram[bg_change],OK,O,is_a,center
45,6,full_text + noisy_diagram[bg_change],OK,A,lies_on,O
45,6,full_text + noisy_diagram[bg_change],OK,B,lies_on,O
45,6,full_text + noisy_diagram[bg_change],OK,C,lies_on,O
45,6,full_text + noisy_diagram[bg_change],OK,AO,is_a,segment
45,6,full_text + noisy_diagram[bg_change],OK,BO,is_a,segment
45,6,full_text + noisy_diagram[bg_change],OK,AC,is_a,segment
45,6,full_text + noisy_diagram[bg_change],OK,BC,is_a,segment
45,6,full_text + noisy_diagram[bg_change],OK,∠ACB,is_a,angle
45,6,full_text + noisy_diagram[bg_change],OK,∠ACB,has_measure,35_deg
45,6,full_text + noisy_diagram[bg_change],OK,∠AOB,is_a,angle
45,6,full_text + noisy_diagram[bg_change],OK,∠AOB,has_measure,?
,,,,,,
46,6,full_text + noisy_diagram[bg_change],OK,A,is_a,point
46,6,full_text + noisy_diagram[bg_change],OK,B,is_a,point
46,6,full_text + noisy_diagram[bg_change],OK,C,is_a,point
46,6,full_text + noisy_diagram[bg_change],OK,D,is_a,point
46,6,full_text + noisy_diagram[bg_change],OK,AB,is_a,line
46,6,full_text + noisy_diagram[bg_change],OK,CD,is_a,line
46,6,full_text + noisy_diagram[bg_change],OK,AB,parallel_to,CD
46,6,full_text + noisy_diagram[bg_change],OK,∠CAB,is_a,angle
46,6,full_text + noisy_diagram[bg_change],OK,∠CAB,has_measure,70_deg
46,6,full_text + noisy_diagram[bg_change],OK,∠1,is_a,angle
46,6,full_text + noisy_diagram[bg_change],OK,∠1,has_measure,?
46,6,full_text + noisy_diagram[bg_change],OK,AB,intersects,CD
46,6,full_text + noisy_diagram[bg_change],OK,AB,connects,A
46,6,full_text + noisy_diagram[bg_change],OK,AB,connects,B
46,6,full_text + noisy_diagram[bg_change],OK,CD,connects,C
46,6,full_text + noisy_diagram[bg_change],OK,CD,connects,D
46,6,full_text + noisy_diagram[bg_change],OK,transversal,intersects,AB
46,6,full_text + noisy_diagram[bg_change],OK,transversal,intersects,CD
46,6,full_text + noisy_diagram[bg_change],OK,transversal,connects,A
46,6,full_text + noisy_diagram[bg_change],OK,transversal,connects,C
46,6,full_text + noisy_diagram[bg_change],OK,transversal,connects,D
46,6,full_text + noisy_diagram[bg_change],OK,transversal,connects,B
,,,,,,
48,6,full_text + noisy_diagram[bg_change],OK,A,is_a,point
48,6,full_text + noisy_diagram[bg_change],OK,B,is_a,point
48,6,full_text + noisy_diagram[bg_change],OK,C,is_a,point
48,6,full_text + noisy_diagram[bg_change],OK,O,is_a,point
48,6,full_text + noisy_diagram[bg_change],OK,A,lies_on,circle
48,6,full_text + noisy_diagram[bg_change],OK,B,lies_on,circle
48,6,full_text + noisy_diagram[bg_change],OK,C,lies_on,circle
48,6,full_text + noisy_diagram[bg_change],OK,O,center_of,circle
48,6,full_text + noisy_diagram[bg_change],OK,∠BOC,is_a,angle
48,6,full_text + noisy_diagram[bg_change],OK,∠BOC,has_measure,100_deg
48,6,full_text + noisy_diagram[bg_change],OK,∠BAC,is_a,angle
48,6,full_text + noisy_diagram[bg_change],OK,∠BAC,has_measure,?
48,6,full_text + noisy_diagram[bg_change],OK,A,connects,B
48,6,full_text + noisy_diagram[bg_change],OK,B,connects,C
48,6,full_text + noisy_diagram[bg_change],OK,C,connects,A
48,6,full_text + noisy_diagram[bg_change],OK,O,connects,B
48,6,full_text + noisy_diagram[bg_change],OK,O,connects,C
,,,,,,
49,6,full_text + noisy_diagram[bg_change],OK,A,is_a,point
49,6,full_text + noisy_diagram[bg_change],OK,B,is_a,point
49,6,full_text + noisy_diagram[bg_change],OK,C,is_a,point
49,6,full_text + noisy_diagram[bg_change],OK,D,is_a,point
49,6,full_text + noisy_diagram[bg_change],OK,E,is_a,point
49,6,full_text + noisy_diagram[bg_change],OK,O,is_a,point
49,6,full_text + noisy_diagram[bg_change],OK,ABCDE,is_a,cyclic_pentagon
49,6,full_text + noisy_diagram[bg_change],OK,A,lies_on,ABCDE
49,6,full_text + noisy_diagram[bg_change],OK,B,lies_on,ABCDE
49,6,full_text + noisy_diagram[bg_change],OK,C,lies_on,ABCDE
49,6,full_text + noisy_diagram[bg_change],OK,D,lies_on,ABCDE
49,6,full_text + noisy_diagram[bg_change],OK,E,lies_on,ABCDE
49,6,full_text + noisy_diagram[bg_change],OK,O,center_of,ABCDE
49,6,full_text + noisy_diagram[bg_change],OK,∠BAC,has_measure,35_deg
49,6,full_text + noisy_diagram[bg_change],OK,∠AED,has_measure,115_deg
49,6,full_text + noisy_diagram[bg_change],OK,∠BAE,has_measure,30_deg
49,6,full_text + noisy_diagram[bg_change],OK,∠ABC,is_a,angle
49,6,full_text + noisy_diagram[bg_change],OK,∠ABC,has_measure,?
,,,,,,
50,6,full_text + noisy_diagram[bg_change],OK,A,is_a,point
50,6,full_text + noisy_diagram[bg_change],OK,B,is_a,point
50,6,full_text + noisy_diagram[bg_change],OK,C,is_a,point
50,6,full_text + noisy_diagram[bg_change],OK,D,is_a,point
50,6,full_text + noisy_diagram[bg_change],OK,E,is_a,point
50,6,full_text + noisy_diagram[bg_change],OK,O,is_a,point
50,6,full_text + noisy_diagram[bg_change],OK,AB,is_a,segment
50,6,full_text + noisy_diagram[bg_change],OK,AC,is_a,segment
50,6,full_text + noisy_diagram[bg_change],OK,AO,is_a,segment
50,6,full_text + noisy_diagram[bg_change],OK,BO,is_a,segment
50,6,full_text + noisy_diagram[bg_change],OK,CO,is_a,segment
50,6,full_text + noisy_diagram[bg_change],OK,DO,is_a,segment
50,6,full_text + noisy_diagram[bg_change],OK,EO,is_a,segment
50,6,full_text + noisy_diagram[bg_change],OK,∠AOB,is_a,angle
50,6,full_text + noisy_diagram[bg_change],OK,∠COD,is_a,angle
50,6,full_text + noisy_diagram[bg_change],OK,∠EOD,is_a,angle
50,6,full_text + noisy_diagram[bg_change],OK,∠EOC,is_a,angle
50,6,full_text + noisy_diagram[bg_change],OK,A,lies_on,AB
50,6,full_text + noisy_diagram[bg_change],OK,B,lies_on,AB
50,6,full_text + noisy_diagram[bg_change],OK,C,lies_on,AC
50,6,full_text + noisy_diagram[bg_change],OK,A,lies_on,AC
50,6,full_text + noisy_diagram[bg_change],OK,O,lies_on,AB
50,6,full_text + noisy_diagram[bg_change],OK,O,lies_on,AC
50,6,full_text + noisy_diagram[bg_change],OK,O,lies_on,BO
50,6,full_text + noisy_diagram[bg_change],OK,O,lies_on,CO
50,6,full_text + noisy_diagram[bg_change],OK,O,lies_on,DO
50,6,full_text + noisy_diagram[bg_change],OK,O,lies_on,EO
50,6,full_text + noisy_diagram[bg_change],OK,D,lies_on,DO
50,6,full_text + noisy_diagram[bg_change],OK,E,lies_on,EO
50,6,full_text + noisy_diagram[bg_change],OK,∠AOB,has_measure,50_deg
50,6,full_text + noisy_diagram[bg_change],OK,∠EOD,has_measure,?
,,,,,,
53,6,full_text + noisy_diagram[bg_change],OK,AB,is_a,line
53,6,full_text + noisy_diagram[bg_change],OK,CD,is_a,line
53,6,full_text + noisy_diagram[bg_change],OK,AB,parallel_to,CD
53,6,full_text + noisy_diagram[bg_change],OK,E,is_a,point
53,6,full_text + noisy_diagram[bg_change],OK,F,is_a,point
53,6,full_text + noisy_diagram[bg_change],OK,E,lies_on,AB
53,6,full_text + noisy_diagram[bg_change],OK,F,lies_on,CD
53,6,full_text + noisy_diagram[bg_change],OK,transversal,is_a,line
53,6,full_text + noisy_diagram[bg_change],OK,transversal,intersects,AB
53,6,full_text + noisy_diagram[bg_change],OK,transversal,intersects,CD
53,6,full_text + noisy_diagram[bg_change],OK,C,is_a,point
53,6,full_text + noisy_diagram[bg_change],OK,D,is_a,point
53,6,full_text + noisy_diagram[bg_change],OK,C,lies_on,transversal
53,6,full_text + noisy_diagram[bg_change],OK,D,lies_on,transversal
53,6,full_text + noisy_diagram[bg_change],OK,E,lies_on,transversal
53,6,full_text + noisy_diagram[bg_change],OK,F,lies_on,transversal
53,6,full_text + noisy_diagram[bg_change],OK,AEC,is_a,angle
53,6,full_text + noisy_diagram[bg_change],OK,AEC,has_measure,55_deg
53,6,full_text + noisy_diagram[bg_change],OK,BFD,is_a,angle
53,6,full_text + noisy_diagram[bg_change],OK,B,is_a,point
53,6,full_text + noisy_diagram[bg_change],OK,B,lies_on,CD
,,,,,,
55,6,full_text + noisy_diagram[bg_change],OK,AB,is_a,line
55,6,full_text + noisy_diagram[bg_change],OK,CD,is_a,line
55,6,full_text + noisy_diagram[bg_change],OK,AB,intersects,CD
55,6,full_text + noisy_diagram[bg_change],OK,AB,intersects,"CD, at, O"
55,6,full_text + noisy_diagram[bg_change],OK,O,is_a,point
55,6,full_text + noisy_diagram[bg_change],OK,OM,is_a,line
55,6,full_text + noisy_diagram[bg_change],OK,AOC,is_a,angle
55,6,full_text + noisy_diagram[bg_change],OK,OM,bisects,AOC
55,6,full_text + noisy_diagram[bg_change],OK,ON,is_a,line
55,6,full_text + noisy_diagram[bg_change],OK,ON,perpendicular_to,OM
55,6,full_text + noisy_diagram[bg_change],OK,AOC,has_measure,70_deg
55,6,full_text + noisy_diagram[bg_change],OK,CON,is_a,angle
55,6,full_text + noisy_diagram[bg_change],OK,CON,has_measure,?
55,6,full_text + noisy_diagram[bg_change],OK,AB,connects,"A, B"
55,6,full_text + noisy_diagram[bg_change],OK,CD,connects,"C, D"
55,6,full_text + noisy_diagram[bg_change],OK,O,lies_on,AB
55,6,full_text + noisy_diagram[bg_change],OK,O,lies_on,CD
55,6,full_text + noisy_diagram[bg_change],OK,O,lies_on,OM
55,6,full_text + noisy_diagram[bg_change],OK,O,lies_on,ON
55,6,full_text + noisy_diagram[bg_change],OK,A,is_a,point
55,6,full_text + noisy_diagram[bg_change],OK,B,is_a,point
55,6,full_text + noisy_diagram[bg_change],OK,C,is_a,point
55,6,full_text + noisy_diagram[bg_change],OK,D,is_a,point
55,6,full_text + noisy_diagram[bg_change],OK,M,is_a,point
55,6,full_text + noisy_diagram[bg_change],OK,N,is_a,point
,,,,,,
56,6,full_text + noisy_diagram[bg_change],OK,O,is_a,circle
56,6,full_text + noisy_diagram[bg_change],OK,CD,is_a,diameter
56,6,full_text + noisy_diagram[bg_change],OK,CD,connects,C
56,6,full_text + noisy_diagram[bg_change],OK,CD,connects,D
56,6,full_text + noisy_diagram[bg_change],OK,EF,is_a,chord
56,6,full_text + noisy_diagram[bg_change],OK,EF,intersects,CD
56,6,full_text + noisy_diagram[bg_change],OK,EF,intersects,G
56,6,full_text + noisy_diagram[bg_change],OK,G,is_a,midpoint
56,6,full_text + noisy_diagram[bg_change],OK,G,connects,EF
56,6,full_text + noisy_diagram[bg_change],OK,C,is_a,point
56,6,full_text + noisy_diagram[bg_change],OK,E,is_a,point
56,6,full_text + noisy_diagram[bg_change],OK,F,is_a,point
56,6,full_text + noisy_diagram[bg_change],OK,C,lies_on,O
56,6,full_text + noisy_diagram[bg_change],OK,E,lies_on,O
56,6,full_text + noisy_diagram[bg_change],OK,F,lies_on,O
56,6,full_text + noisy_diagram[bg_change],OK,D,is_a,point
56,6,full_text + noisy_diagram[bg_change],OK,G,is_a,point
56,6,full_text + noisy_diagram[bg_change],OK,∠DCF,is_a,angle
56,6,full_text + noisy_diagram[bg_change],OK,∠DCF,has_measure,20_deg
56,6,full_text + noisy_diagram[bg_change],OK,∠EOD,is_a,angle
56,6,full_text + noisy_diagram[bg_change],OK,∠EOD,has_measure,?
,,,,,,
57,6,full_text + noisy_diagram[bg_change],OK,A,is_a,point
57,6,full_text + noisy_diagram[bg_change],OK,B,is_a,point
57,6,full_text + noisy_diagram[bg_change],OK,C,is_a,point
57,6,full_text + noisy_diagram[bg_change],OK,D,is_a,point
57,6,full_text + noisy_diagram[bg_change],OK,E,is_a,point
57,6,full_text + noisy_diagram[bg_change],OK,AB,is_a,segment
57,6,full_text + noisy_diagram[bg_change],OK,CD,is_a,segment
57,6,full_text + noisy_diagram[bg_change],OK,AD,is_a,segment
57,6,full_text + noisy_diagram[bg_change],OK,BC,is_a,segment
57,6,full_text + noisy_diagram[bg_change],OK,AB,parallel_to,CD
57,6,full_text + noisy_diagram[bg_change],OK,AB,is_a,horizontal
57,6,full_text + noisy_diagram[bg_change],OK,CD,is_a,horizontal
57,6,full_text + noisy_diagram[bg_change],OK,A,lies_on,AB
57,6,full_text + noisy_diagram[bg_change],OK,B,lies_on,AB
57,6,full_text + noisy_diagram[bg_change],OK,C,lies_on,CD
57,6,full_text + noisy_diagram[bg_change],OK,D,lies_on,CD
57,6,full_text + noisy_diagram[bg_change],OK,AD,intersects,BC
57,6,full_text + noisy_diagram[bg_change],OK,AD,connects,A
57,6,full_text + noisy_diagram[bg_change],OK,AD,connects,D
57,6,full_text + noisy_diagram[bg_change],OK,BC,connects,B
57,6,full_text + noisy_diagram[bg_change],OK,BC,connects,C
57,6,full_text + noisy_diagram[bg_change],OK,AB,connects,A
57,6,full_text + noisy_diagram[bg_change],OK,AB,connects,B
57,6,full_text + noisy_diagram[bg_change],OK,CD,connects,C
57,6,full_text + noisy_diagram[bg_change],OK,CD,connects,D
57,6,full_text + noisy_diagram[bg_change],OK,∠ABC,has_measure,20_deg
,,,,,,
58,6,full_text + noisy_diagram[bg_change],OK,A,is_a,point
58,6,full_text + noisy_diagram[bg_change],OK,B,is_a,point
58,6,full_text + noisy_diagram[bg_change],OK,C,is_a,point
58,6,full_text + noisy_diagram[bg_change],OK,D,is_a,point
58,6,full_text + noisy_diagram[bg_change],OK,E,is_a,point
58,6,full_text + noisy_diagram[bg_change],OK,AB,is_a,line
58,6,full_text + noisy_diagram[bg_change],OK,CD,is_a,line
58,6,full_text + noisy_diagram[bg_change],OK,EC,is_a,segment
58,6,full_text + noisy_diagram[bg_change],OK,ED,is_a,segment
58,6,full_text + noisy_diagram[bg_change],OK,AB,parallel_to,CD
58,6,full_text + noisy_diagram[bg_change],OK,E,lies_on,AB
58,6,full_text + noisy_diagram[bg_change],OK,C,lies_on,CD
58,6,full_text + noisy_diagram[bg_change],OK,D,lies_on,CD
58,6,full_text + noisy_diagram[bg_change],OK,A,collinear_with,E
58,6,full_text + noisy_diagram[bg_change],OK,E,collinear_with,B
58,6,full_text + noisy_diagram[bg_change],OK,A,collinear_with,B
58,6,full_text + noisy_diagram[bg_change],OK,∠CED,is_a,angle
58,6,full_text + noisy_diagram[bg_change],OK,∠CED,has_measure,90_deg
58,6,full_text + noisy_diagram[bg_change],OK,∠AEC,is_a,angle
58,6,full_text + noisy_diagram[bg_change],OK,∠AEC,has_measure,35_deg
58,6,full_text + noisy_diagram[bg_change],OK,∠CDE,is_a,angle
58,6,full_text + noisy_diagram[bg_change],OK,∠CDE,has_measure,?
,,,,,,
59,6,full_text + noisy_diagram[bg_change],OK,A,is_a,point
59,6,full_text + noisy_diagram[bg_change],OK,B,is_a,point
59,6,full_text + noisy_diagram[bg_change],OK,C,is_a,point
59,6,full_text + noisy_diagram[bg_change],OK,D,is_a,point
59,6,full_text + noisy_diagram[bg_change],OK,AB,is_a,segment
59,6,full_text + noisy_diagram[bg_change],OK,CD,is_a,segment
59,6,full_text + noisy_diagram[bg_change],OK,AC,is_a,segment
59,6,full_text + noisy_diagram[bg_change],OK,AD,is_a,segment
59,6,full_text + noisy_diagram[bg_change],OK,AB,parallel_to,CD
59,6,full_text + noisy_diagram[bg_change],OK,A,lies_on,AB
59,6,full_text + noisy_diagram[bg_change],OK,B,lies_on,AB
59,6,full_text + noisy_diagram[bg_change],OK,C,lies_on,CD
59,6,full_text + noisy_diagram[bg_change],OK,D,lies_on,CD
59,6,full_text + noisy_diagram[bg_change],OK,AC,connects,"A, C"
59,6,full_text + noisy_diagram[bg_change],OK,AD,connects,"A, D"
59,6,full_text + noisy_diagram[bg_change],OK,AD,bisects,∠BAC
59,6,full_text + noisy_diagram[bg_change],OK,∠ACD,has_measure,80_deg
59,6,full_text + noisy_diagram[bg_change],OK,?,is_a,query_target
,,,,,,
60,6,full_text + noisy_diagram[bg_change],OK,A,is_a,point
60,6,full_text + noisy_diagram[bg_change],OK,B,is_a,point
60,6,full_text + noisy_diagram[bg_change],OK,C,is_a,point
60,6,full_text + noisy_diagram[bg_change],OK,D,is_a,point
60,6,full_text + noisy_diagram[bg_change],OK,AB,is_a,segment
60,6,full_text + noisy_diagram[bg_change],OK,CD,is_a,segment
60,6,full_text + noisy_diagram[bg_change],OK,∠ACB,is_a,angle
60,6,full_text + noisy_diagram[bg_change],OK,∠ACB,has_measure,135_deg
60,6,full_text + noisy_diagram[bg_change],OK,∠1,is_a,angle
60,6,full_text + noisy_diagram[bg_change],OK,∠2,is_a,angle
60,6,full_text + noisy_diagram[bg_change],OK,AB,parallel_to,CD
60,6,full_text + noisy_diagram[bg_change],OK,∠1,is_a,query_target
60,6,full_text + noisy_diagram[bg_change],OK,∠2,is_a,query_target
,,,,,,
64,6,full_text + noisy_diagram[bg_change],OK,A,is_a,point
64,6,full_text + noisy_diagram[bg_change],OK,B,is_a,point
64,6,full_text + noisy_diagram[bg_change],OK,O,is_a,point
64,6,full_text + noisy_diagram[bg_change],OK,AB,is_a,segment
64,6,full_text + noisy_diagram[bg_change],OK,OA,is_a,segment
64,6,full_text + noisy_diagram[bg_change],OK,OB,is_a,segment
64,6,full_text + noisy_diagram[bg_change],OK,O,center_of,circle
64,6,full_text + noisy_diagram[bg_change],OK,AB,has_measure,160_units
64,6,full_text + noisy_diagram[bg_change],OK,OA,has_measure,100_units
64,6,full_text + noisy_diagram[bg_change],OK,OB,has_measure,100_units
64,6,full_text + noisy_diagram[bg_change],OK,circle,diameter_of,200_units
64,6,full_text + noisy_diagram[bg_change],OK,depth,is_a,?
64,6,full_text + noisy_diagram[bg_change],OK,depth,is_a,query_target
,,,,,,
72,6,full_text + noisy_diagram[bg_change],OK,A,is_a,point
72,6,full_text + noisy_diagram[bg_change],OK,B,is_a,point
72,6,full_text + noisy_diagram[bg_change],OK,C,is_a,point
72,6,full_text + noisy_diagram[bg_change],OK,D,is_a,point
72,6,full_text + noisy_diagram[bg_change],OK,O,is_a,point
72,6,full_text + noisy_diagram[bg_change],OK,E,is_a,point
72,6,full_text + noisy_diagram[bg_change],OK,AB,is_a,segment
72,6,full_text + noisy_diagram[bg_change],OK,BC,is_a,segment
72,6,full_text + noisy_diagram[bg_change],OK,CD,is_a,segment
72,6,full_text + noisy_diagram[bg_change],OK,DA,is_a,segment
72,6,full_text + noisy_diagram[bg_change],OK,AC,is_a,segment
72,6,full_text + noisy_diagram[bg_change],OK,BD,is_a,segment
72,6,full_text + noisy_diagram[bg_change],OK,OE,is_a,segment
72,6,full_text + noisy_diagram[bg_change],OK,AB + BC + CD + DA,has_measure,16
72,6,full_text + noisy_diagram[bg_change],OK,ABCD,is_a,parallelogram
72,6,full_text + noisy_diagram[bg_change],OK,AC,intersects,BD
72,6,full_text + noisy_diagram[bg_change],OK,AC,intersects,OE
72,6,full_text + noisy_diagram[bg_change],OK,BD,intersects,OE
72,6,full_text + noisy_diagram[bg_change],OK,AD,intersects,OE
72,6,full_text + noisy_diagram[bg_change],OK,OE,perpendicular_to,AC
72,6,full_text + noisy_diagram[bg_change],OK,Perimeter of DCE,is_a,query_target
,,,,,,
73,6,full_text + noisy_diagram[bg_change],OK,A,is_a,point
73,6,full_text + noisy_diagram[bg_change],OK,B,is_a,point
73,6,full_text + noisy_diagram[bg_change],OK,C,is_a,point
73,6,full_text + noisy_diagram[bg_change],OK,O,is_a,point
73,6,full_text + noisy_diagram[bg_change],OK,AB,is_a,segment
73,6,full_text + noisy_diagram[bg_change],OK,BC,is_a,segment
73,6,full_text + noisy_diagram[bg_change],OK,CA,is_a,segment
73,6,full_text + noisy_diagram[bg_change],OK,AO,is_a,segment
73,6,full_text + noisy_diagram[bg_change],OK,BO,is_a,segment
73,6,full_text + noisy_diagram[bg_change],OK,CO,is_a,segment
73,6,full_text + noisy_diagram[bg_change],OK,ABC,is_a,triangle
73,6,full_text + noisy_diagram[bg_change],OK,O,is_a,circle
73,6,full_text + noisy_diagram[bg_change],OK,A,lies_on,O
73,6,full_text + noisy_diagram[bg_change],OK,B,lies_on,O
73,6,full_text + noisy_diagram[bg_change],OK,C,lies_on,O
73,6,full_text + noisy_diagram[bg_change],OK,AB,connects,A
73,6,full_text + noisy_diagram[bg_change],OK,AB,connects,B
73,6,full_text + noisy_diagram[bg_change],OK,BC,connects,B
73,6,full_text + noisy_diagram[bg_change],OK,BC,connects,C
73,6,full_text + noisy_diagram[bg_change],OK,CA,connects,C
73,6,full_text + noisy_diagram[bg_change],OK,CA,connects,A
73,6,full_text + noisy_diagram[bg_change],OK,AO,connects,A
73,6,full_text + noisy_diagram[bg_change],OK,AO,connects,O
73,6,full_text + noisy_diagram[bg_change],OK,BO,connects,B
73,6,full_text + noisy_diagram[bg_change],OK,BO,connects,O
73,6,full_text + noisy_diagram[bg_change],OK,CO,connects,C
73,6,full_text + noisy_diagram[bg_change],OK,CO,connects,O
73,6,full_text + noisy_diagram[bg_change],OK,O,center_of,O
73,6,full_text + noisy_diagram[bg_change],OK,∠ABC,is_a,angle
73,6,full_text + noisy_diagram[bg_change],OK,∠ABC,has_measure,70_deg
73,6,full_text + noisy_diagram[bg_change],OK,∠AOC,is_a,angle
,,,,,,
78,6,full_text + noisy_diagram[bg_change],OK,A,is_a,point
78,6,full_text + noisy_diagram[bg_change],OK,B,is_a,point
78,6,full_text + noisy_diagram[bg_change],OK,C,is_a,point
78,6,full_text + noisy_diagram[bg_change],OK,D,is_a,point
78,6,full_text + noisy_diagram[bg_change],OK,E,is_a,point
78,6,full_text + noisy_diagram[bg_change],OK,AB,is_a,segment
78,6,full_text + noisy_diagram[bg_change],OK,CD,is_a,segment
78,6,full_text + noisy_diagram[bg_change],OK,AC,is_a,segment
78,6,full_text + noisy_diagram[bg_change],OK,AE,is_a,segment
78,6,full_text + noisy_diagram[bg_change],OK,ACE,is_a,triangle
78,6,full_text + noisy_diagram[bg_change],OK,∠ACE,is_a,angle
78,6,full_text + noisy_diagram[bg_change],OK,AB,parallel_to,CD
78,6,full_text + noisy_diagram[bg_change],OK,A,lies_on,AB
78,6,full_text + noisy_diagram[bg_change],OK,B,lies_on,AB
78,6,full_text + noisy_diagram[bg_change],OK,C,lies_on,CD
78,6,full_text + noisy_diagram[bg_change],OK,E,lies_on,CD
78,6,full_text + noisy_diagram[bg_change],OK,D,lies_on,CD
78,6,full_text + noisy_diagram[bg_change],OK,AE,bisects,∠CAB
78,6,full_text + noisy_diagram[bg_change],OK,AE,intersects,CD
78,6,full_text + noisy_diagram[bg_change],OK,∠ACE,has_measure,70_deg
78,6,full_text + noisy_diagram[bg_change],OK,?,is_a,query_target
,,,,,,
79,6,full_text + noisy_diagram[bg_change],OK,A,is_a,point
79,6,full_text + noisy_diagram[bg_change],OK,B,is_a,point
79,6,full_text + noisy_diagram[bg_change],OK,C,is_a,point
79,6,full_text + noisy_diagram[bg_change],OK,D,is_a,point
79,6,full_text + noisy_diagram[bg_change],OK,E,is_a,point
79,6,full_text + noisy_diagram[bg_change],OK,O,is_a,point
79,6,full_text + noisy_diagram[bg_change],OK,AB,is_a,segment
79,6,full_text + noisy_diagram[bg_change],OK,BC,is_a,segment
79,6,full_text + noisy_diagram[bg_change],OK,CD,is_a,segment
79,6,full_text + noisy_diagram[bg_change],OK,DA,is_a,segment
79,6,full_text + noisy_diagram[bg_change],OK,DE,is_a,segment
79,6,full_text + noisy_diagram[bg_change],OK,CE,is_a,segment
79,6,full_text + noisy_diagram[bg_change],OK,DO,is_a,segment
79,6,full_text + noisy_diagram[bg_change],OK,AO,is_a,segment
79,6,full_text + noisy_diagram[bg_change],OK,BO,is_a,segment
79,6,full_text + noisy_diagram[bg_change],OK,CO,is_a,segment
79,6,full_text + noisy_diagram[bg_change],OK,AB+BC+CD+DA,has_measure,32_units
79,6,full_text + noisy_diagram[bg_change],OK,AB+BC+CD+DA,is_a,perimeter
79,6,full_text + noisy_diagram[bg_change],OK,AB+BC+CD+DA,connects,quadrilateral_ABCD
79,6,full_text + noisy_diagram[bg_change],OK,∠DOE,is_a,angle
79,6,full_text + noisy_diagram[bg_change],OK,∠DOE,has_measure,90_deg
79,6,full_text + noisy_diagram[bg_change],OK,Perimeter,is_a,triangle_DCE
79,6,full_text + noisy_diagram[bg_change],OK,Perimeter,has_measure,?
,,,,,,
81,6,full_text + noisy_diagram[bg_change],OK,A,is_a,point
81,6,full_text + noisy_diagram[bg_change],OK,B,is_a,point
81,6,full_text + noisy_diagram[bg_change],OK,C,is_a,point
81,6,full_text + noisy_diagram[bg_change],OK,D,is_a,point
81,6,full_text + noisy_diagram[bg_change],OK,E,is_a,point
81,6,full_text + noisy_diagram[bg_change],OK,ABC,is_a,triangle
81,6,full_text + noisy_diagram[bg_change],OK,BAC,is_a,angle
81,6,full_text + noisy_diagram[bg_change],OK,ABC,is_a,angle
81,6,full_text + noisy_diagram[bg_change],OK,∠BAC,has_measure,90_deg
81,6,full_text + noisy_diagram[bg_change],OK,∠ABC,has_measure,50_deg
81,6,full_text + noisy_diagram[bg_change],OK,D,lies_on,BC
81,6,full_text + noisy_diagram[bg_change],OK,AD,perpendicular_to,BC
81,6,full_text + noisy_diagram[bg_change],OK,E,lies_on,BC
81,6,full_text + noisy_diagram[bg_change],OK,AE,is_a,segment
81,6,full_text + noisy_diagram[bg_change],OK,DAC,is_a,angle
81,6,full_text + noisy_diagram[bg_change],OK,DAE,is_a,angle
81,6,full_text + noisy_diagram[bg_change],OK,DAE,has_measure,?
,,,,,,
84,6,full_text + noisy_diagram[bg_change],OK,A,is_a,point
84,6,full_text + noisy_diagram[bg_change],OK,B,is_a,point
84,6,full_text + noisy_diagram[bg_change],OK,C,is_a,point
84,6,full_text + noisy_diagram[bg_change],OK,O,is_a,point
84,6,full_text + noisy_diagram[bg_change],OK,AB,is_a,segment
84,6,full_text + noisy_diagram[bg_change],OK,AC,is_a,segment
84,6,full_text + noisy_diagram[bg_change],OK,BC,is_a,segment
84,6,full_text + noisy_diagram[bg_change],OK,∠BAC,is_a,angle
84,6,full_text + noisy_diagram[bg_change],OK,O,center_of,circle
84,6,full_text + noisy_diagram[bg_change],OK,A,lies_on,circle
84,6,full_text + noisy_diagram[bg_change],OK,B,lies_on,circle
84,6,full_text + noisy_diagram[bg_change],OK,C,lies_on,circle
84,6,full_text + noisy_diagram[bg_change],OK,∠BAC,has_measure,60_deg
84,6,full_text + noisy_diagram[bg_change],OK,AB,has_measure,1_unit
84,6,full_text + noisy_diagram[bg_change],OK,AC,has_measure,1_unit
84,6,full_text + noisy_diagram[bg_change],OK,BC,has_measure,?
84,6,full_text + noisy_diagram[bg_change],OK,BC,is_a,query_target
,,,,,,
86,6,full_text + noisy_diagram[bg_change],OK,O,is_a,circle
86,6,full_text + noisy_diagram[bg_change],OK,A,is_a,point
86,6,full_text + noisy_diagram[bg_change],OK,B,is_a,point
86,6,full_text + noisy_diagram[bg_change],OK,C,is_a,point
86,6,full_text + noisy_diagram[bg_change],OK,A,lies_on,O
86,6,full_text + noisy_diagram[bg_change],OK,B,lies_on,O
86,6,full_text + noisy_diagram[bg_change],OK,C,lies_on,O
86,6,full_text + noisy_diagram[bg_change],OK,O,center_of,O
86,6,full_text + noisy_diagram[bg_change],OK,OB,connects,"O, B"
86,6,full_text + noisy_diagram[bg_change],OK,OC,connects,"O, C"
86,6,full_text + noisy_diagram[bg_change],OK,AB,is_a,segment
86,6,full_text + noisy_diagram[bg_change],OK,BC,is_a,segment
86,6,full_text + noisy_diagram[bg_change],OK,CA,is_a,segment
86,6,full_text + noisy_diagram[bg_change],OK,O,radius_of,O
86,6,full_text + noisy_diagram[bg_change],OK,O,has_measure,2_units
86,6,full_text + noisy_diagram[bg_change],OK,∠BAC,is_a,angle
86,6,full_text + noisy_diagram[bg_change],OK,∠BAC,has_measure,60_deg
86,6,full_text + noisy_diagram[bg_change],OK,BC,is_a,query_target
,,,,,,
88,6,full_text + noisy_diagram[bg_change],OK,A,is_a,point
88,6,full_text + noisy_diagram[bg_change],OK,B,is_a,point
88,6,full_text + noisy_diagram[bg_change],OK,C,is_a,point
88,6,full_text + noisy_diagram[bg_change],OK,O,is_a,point
88,6,full_text + noisy_diagram[bg_change],OK,AB,is_a,segment
88,6,full_text + noisy_diagram[bg_change],OK,AC,is_a,segment
88,6,full_text + noisy_diagram[bg_change],OK,BC,is_a,segment
88,6,full_text + noisy_diagram[bg_change],OK,AO,is_a,segment
88,6,full_text + noisy_diagram[bg_change],OK,BO,is_a,segment
88,6,full_text + noisy_diagram[bg_change],OK,CO,is_a,segment
88,6,full_text + noisy_diagram[bg_change],OK,A,lies_on,O
88,6,full_text + noisy_diagram[bg_change],OK,B,lies_on,O
88,6,full_text + noisy_diagram[bg_change],OK,C,lies_on,O
88,6,full_text + noisy_diagram[bg_change],OK,∠ABO,is_a,angle
88,6,full_text + noisy_diagram[bg_change],OK,∠ACO,is_a,angle
88,6,full_text + noisy_diagram[bg_change],OK,∠BOC,is_a,angle
88,6,full_text + noisy_diagram[bg_change],OK,O,center_of,O
88,6,full_text + noisy_diagram[bg_change],OK,∠ABO,has_measure,22_deg
88,6,full_text + noisy_diagram[bg_change],OK,∠ACO,has_measure,42_deg
88,6,full_text + noisy_diagram[bg_change],OK,∠BOC,has_measure,?
88,6,full_text + noisy_diagram[bg_change],OK,AB,connects,"A, B"
88,6,full_text + noisy_diagram[bg_change],OK,AC,connects,"A, C"
88,6,full_text + noisy_diagram[bg_change],OK,BC,connects,"B, C"
88,6,full_text + noisy_diagram[bg_change],OK,AO,connects,"A, O"
88,6,full_text + noisy_diagram[bg_change],OK,BO,connects,"B, O"
88,6,full_text + noisy_diagram[bg_change],OK,CO,connects,"C, O"
,,,,,,
95,6,full_text + noisy_diagram[bg_change],OK,O,is_a,point
95,6,full_text + noisy_diagram[bg_change],OK,A,is_a,point
95,6,full_text + noisy_diagram[bg_change],OK,B,is_a,point
95,6,full_text + noisy_diagram[bg_change],OK,C,is_a,point
95,6,full_text + noisy_diagram[bg_change],OK,D,is_a,point
95,6,full_text + noisy_diagram[bg_change],OK,OA,is_a,segment
95,6,full_text + noisy_diagram[bg_change],OK,OB,is_a,segment
95,6,full_text + noisy_diagram[bg_change],OK,OC,is_a,segment
95,6,full_text + noisy_diagram[bg_change],OK,OD,is_a,segment
95,6,full_text + noisy_diagram[bg_change],OK,AB,is_a,segment
95,6,full_text + noisy_diagram[bg_change],OK,BC,is_a,segment
95,6,full_text + noisy_diagram[bg_change],OK,AC,is_a,segment
95,6,full_text + noisy_diagram[bg_change],OK,∠AOB,is_a,angle
95,6,full_text + noisy_diagram[bg_change],OK,∠BOC,is_a,angle
95,6,full_text + noisy_diagram[bg_change],OK,∠AOC,is_a,angle
95,6,full_text + noisy_diagram[bg_change],OK,O,center_of,circle
95,6,full_text + noisy_diagram[bg_change],OK,A,lies_on,circle
95,6,full_text + noisy_diagram[bg_change],OK,B,lies_on,circle
95,6,full_text + noisy_diagram[bg_change],OK,C,lies_on,circle
95,6,full_text + noisy_diagram[bg_change],OK,D,lies_on,circle
95,6,full_text + noisy_diagram[bg_change],OK,∠AOB,has_measure,60_deg
95,6,full_text + noisy_diagram[bg_change],OK,∠BOC,has_measure,90_deg
95,6,full_text + noisy_diagram[bg_change],OK,∠AOC,has_measure,?
,,,,,,
99,6,full_text + noisy_diagram[bg_change],OK,O,is_a,circle
99,6,full_text + noisy_diagram[bg_change],OK,AB,is_a,diameter
99,6,full_text + noisy_diagram[bg_change],OK,AB,connects,A
99,6,full_text + noisy_diagram[bg_change],OK,AB,connects,B
99,6,full_text + noisy_diagram[bg_change],OK,CD,is_a,chord
99,6,full_text + noisy_diagram[bg_change],OK,CD,connects,C
99,6,full_text + noisy_diagram[bg_change],OK,CD,connects,D
99,6,full_text + noisy_diagram[bg_change],OK,∠ADC,is_a,angle
99,6,full_text + noisy_diagram[bg_change],OK,∠ADC,has_measure,26_deg
99,6,full_text + noisy_diagram[bg_change],OK,∠CAB,is_a,angle
99,6,full_text + noisy_diagram[bg_change],OK,O,center_of,circle
99,6,full_text + noisy_diagram[bg_change],OK,A,lies_on,circle
99,6,full_text + noisy_diagram[bg_change],OK,B,lies_on,circle
99,6,full_text + noisy_diagram[bg_change],OK,C,lies_on,circle
99,6,full_text + noisy_diagram[bg_change],OK,D,lies_on,circle
99,6,full_text + noisy_diagram[bg_change],OK,AB,lies_on,circle
99,6,full_text + noisy_diagram[bg_change],OK,CD,lies_on,circle
99,6,full_text + noisy_diagram[bg_change],OK,AB,diameter_of,circle
99,6,full_text + noisy_diagram[bg_change],OK,∠CAB,has_measure,?
,,,,,,
108,6,full_text + noisy_diagram[bg_change],OK,CD,is_a,segment
108,6,full_text + noisy_diagram[bg_change],OK,CD,has_measure,8.0
108,6,full_text + noisy_diagram[bg_change],OK,OC,is_a,segment
108,6,full_text + noisy_diagram[bg_change],OK,OC,has_measure,5.0
108,6,full_text + noisy_diagram[bg_change],OK,AB,is_a,segment
108,6,full_text + noisy_diagram[bg_change],OK,O,is_a,point
108,6,full_text + noisy_diagram[bg_change],OK,C,is_a,point
108,6,full_text + noisy_diagram[bg_change],OK,D,is_a,point
108,6,full_text + noisy_diagram[bg_change],OK,A,is_a,point
108,6,full_text + noisy_diagram[bg_change],OK,B,is_a,point
108,6,full_text + noisy_diagram[bg_change],OK,O,center_of,circle
108,6,full_text + noisy_diagram[bg_change],OK,OC,radius_of,circle
108,6,full_text + noisy_diagram[bg_change],OK,AB,lies_on,circle
108,6,full_text + noisy_diagram[bg_change],OK,CD,lies_on,circle
108,6,full_text + noisy_diagram[bg_change],OK,OC,connects,"O, C"
108,6,full_text + noisy_diagram[bg_change],OK,CD,connects,"C, D"
108,6,full_text + noisy_diagram[bg_change],OK,AB,connects,"A, B"
108,6,full_text + noisy_diagram[bg_change],OK,AB,is_a,query_target
,,,,,,
109,6,full_text + noisy_diagram[bg_change],OK,A,is_a,point
109,6,full_text + noisy_diagram[bg_change],OK,B,is_a,point
109,6,full_text + noisy_diagram[bg_change],OK,C,is_a,point
109,6,full_text + noisy_diagram[bg_change],OK,D,is_a,point
109,6,full_text + noisy_diagram[bg_change],OK,E,is_a,point
109,6,full_text + noisy_diagram[bg_change],OK,AB,is_a,segment
109,6,full_text + noisy_diagram[bg_change],OK,AC,is_a,segment
109,6,full_text + noisy_diagram[bg_change],OK,BC,is_a,segment
109,6,full_text + noisy_diagram[bg_change],OK,DE,is_a,segment
109,6,full_text + noisy_diagram[bg_change],OK,EC,is_a,segment
109,6,full_text + noisy_diagram[bg_change],OK,Triangle_ABC,is_a,triangle
109,6,full_text + noisy_diagram[bg_change],OK,∠BAC,is_a,angle
109,6,full_text + noisy_diagram[bg_change],OK,∠α,is_a,angle
109,6,full_text + noisy_diagram[bg_change],OK,∠β,is_a,angle
109,6,full_text + noisy_diagram[bg_change],OK,D,lies_on,AB
109,6,full_text + noisy_diagram[bg_change],OK,E,lies_on,AC
109,6,full_text + noisy_diagram[bg_change],OK,DE,has_measure,130_deg
109,6,full_text + noisy_diagram[bg_change],OK,∠BAC,has_measure,90_deg
109,6,full_text + noisy_diagram[bg_change],OK,DE,is_a,horizontal
,,,,,,
112,6,full_text + noisy_diagram[bg_change],OK,A,is_a,point
112,6,full_text + noisy_diagram[bg_change],OK,B,is_a,point
112,6,full_text + noisy_diagram[bg_change],OK,O,is_a,point
112,6,full_text + noisy_diagram[bg_change],OK,AB,is_a,segment
112,6,full_text + noisy_diagram[bg_change],OK,AO,is_a,segment
112,6,full_text + noisy_diagram[bg_change],OK,OB,is_a,segment
112,6,full_text + noisy_diagram[bg_change],OK,AO,is_a,height
112,6,full_text + noisy_diagram[bg_change],OK,AB,is_a,slant_height
112,6,full_text + noisy_diagram[bg_change],OK,OB,is_a,radius
112,6,full_text + noisy_diagram[bg_change],OK,AO,has_measure,?
112,6,full_text + noisy_diagram[bg_change],OK,OB,has_measure,0.7
112,6,full_text + noisy_diagram[bg_change],OK,AB,has_measure,2.5
112,6,full_text + noisy_diagram[bg_change],OK,AO,connects,A
112,6,full_text + noisy_diagram[bg_change],OK,AO,connects,O
112,6,full_text + noisy_diagram[bg_change],OK,OB,connects,O
112,6,full_text + noisy_diagram[bg_change],OK,OB,connects,B
112,6,full_text + noisy_diagram[bg_change],OK,AB,connects,A
112,6,full_text + noisy_diagram[bg_change],OK,AB,connects,B
112,6,full_text + noisy_diagram[bg_change],OK,O,center_of,cone
112,6,full_text + noisy_diagram[bg_change],OK,OB,radius_of,cone
112,6,full_text + noisy_diagram[bg_change],OK,AO,is_a,query_target
,,,,,,
114,6,full_text + noisy_diagram[bg_change],OK,O,is_a,point
114,6,full_text + noisy_diagram[bg_change],OK,A,is_a,point
114,6,full_text + noisy_diagram[bg_change],OK,B,is_a,point
114,6,full_text + noisy_diagram[bg_change],OK,OA,is_a,segment
114,6,full_text + noisy_diagram[bg_change],OK,OB,is_a,segment
114,6,full_text + noisy_diagram[bg_change],OK,OAB,is_a,sector
114,6,full_text + noisy_diagram[bg_change],OK,OAB,has_measure,1.0
114,6,full_text + noisy_diagram[bg_change],OK,∠O,is_a,angle
114,6,full_text + noisy_diagram[bg_change],OK,∠O,has_measure,90_deg
114,6,full_text + noisy_diagram[bg_change],OK,OA,is_a,diameter
114,6,full_text + noisy_diagram[bg_change],OK,OB,is_a,diameter
114,6,full_text + noisy_diagram[bg_change],OK,OA,connects,"O, A"
114,6,full_text + noisy_diagram[bg_change],OK,OB,connects,"O, B"
114,6,full_text + noisy_diagram[bg_change],OK,OAB,center_of,O
114,6,full_text + noisy_diagram[bg_change],OK,shaded_part,is_a,area
114,6,full_text + noisy_diagram[bg_change],OK,shaded_part,has_measure,?
,,,,,,
115,6,full_text + noisy_diagram[bg_change],OK,sector,is_a,paper_sheet
115,6,full_text + noisy_diagram[bg_change],OK,sector,has_measure,120_deg
115,6,full_text + noisy_diagram[bg_change],OK,sector,has_measure,6_units
115,6,full_text + noisy_diagram[bg_change],OK,conical_cap,is_a,paper_cap
115,6,full_text + noisy_diagram[bg_change],OK,conical_cap,is_a,bottomless_cap
115,6,full_text + noisy_diagram[bg_change],OK,sector,mapped_to,conical_cap
115,6,full_text + noisy_diagram[bg_change],OK,conical_cap,has_measure,?
,,,,,,
117,6,full_text + noisy_diagram[bg_change],OK,Circle,is_a,circle
117,6,full_text + noisy_diagram[bg_change],OK,Circle,has_measure,120_deg
117,6,full_text + noisy_diagram[bg_change],OK,Circle,center_of,O
117,6,full_text + noisy_diagram[bg_change],OK,O,is_a,point
117,6,full_text + noisy_diagram[bg_change],OK,O,connects,r
117,6,full_text + noisy_diagram[bg_change],OK,r,is_a,radius
117,6,full_text + noisy_diagram[bg_change],OK,Cone,is_a,cone
117,6,full_text + noisy_diagram[bg_change],OK,Cone,has_measure,3_cm
117,6,full_text + noisy_diagram[bg_change],OK,Height,is_a,height
117,6,full_text + noisy_diagram[bg_change],OK,Height,has_measure,?
117,6,full_text + noisy_diagram[bg_change],OK,? cm,has_measure,?
,,,,,,
119,6,full_text + noisy_diagram[bg_change],OK,sector_cardboard,is_a,cardboard
119,6,full_text + noisy_diagram[bg_change],OK,sector_cardboard,has_measure,24.0_cm
119,6,full_text + noisy_diagram[bg_change],OK,conical_hat,is_a,hat
119,6,full_text + noisy_diagram[bg_change],OK,conical_hat,has_measure,10.0_cm
119,6,full_text + noisy_diagram[bg_change],OK,Area,is_a,query_target
119,6,full_text + noisy_diagram[bg_change],OK,sector_cardboard,connects,conical_hat
119,6,full_text + noisy_diagram[bg_change],OK,conical_hat,center_of,O
119,6,full_text + noisy_diagram[bg_change],OK,conical_hat,radius_of,10.0_cm
119,6,full_text + noisy_diagram[bg_change],OK,sector_cardboard,radius_of,24.0_cm
119,6,full_text + noisy_diagram[bg_change],OK,conical_hat,is_a,bottom_surface
119,6,full_text + noisy_diagram[bg_change],OK,sector_cardboard,is_a,sector
119,6,full_text + noisy_diagram[bg_change],OK,conical_hat,is_a,surface
,,,,,,
120,6,full_text + noisy_diagram[bg_change],OK,cone,is_a,cone
120,6,full_text + noisy_diagram[bg_change],OK,generatrix,is_a,segment
120,6,full_text + noisy_diagram[bg_change],OK,generatrix,has_measure,5_units
120,6,full_text + noisy_diagram[bg_change],OK,height_line,is_a,segment
120,6,full_text + noisy_diagram[bg_change],OK,height_line,has_measure,4_units
120,6,full_text + noisy_diagram[bg_change],OK,base,is_a,circle
120,6,full_text + noisy_diagram[bg_change],OK,base,has_measure,?
120,6,full_text + noisy_diagram[bg_change],OK,cone,connects,base
120,6,full_text + noisy_diagram[bg_change],OK,cone,connects,generatrix
120,6,full_text + noisy_diagram[bg_change],OK,cone,connects,height_line
120,6,full_text + noisy_diagram[bg_change],OK,height_line,perpendicular_to,base
120,6,full_text + noisy_diagram[bg_change],OK,generatrix,connects,base
120,6,full_text + noisy_diagram[bg_change],OK,generatrix,connects,height_line
120,6,full_text + noisy_diagram[bg_change],OK,base,center_of,point
120,6,full_text + noisy_diagram[bg_change],OK,height_line,connects,point
120,6,full_text + noisy_diagram[bg_change],OK,height_line,lies_on,cone
120,6,full_text + noisy_diagram[bg_change],OK,generatrix,lies_on,cone
120,6,full_text + noisy_diagram[bg_change],OK,base,lies_on,cone
120,6,full_text + noisy_diagram[bg_change],OK,base,radius_of,?
120,6,full_text + noisy_diagram[bg_change],OK,point,is_a,point
120,6,full_text + noisy_diagram[bg_change],OK,point,lies_on,base
120,6,full_text + noisy_diagram[bg_change],OK,point,lies_on,height_line
,,,,,,
123,6,full_text + noisy_diagram[bg_change],OK,A,is_a,point
123,6,full_text + noisy_diagram[bg_change],OK,B,is_a,point
123,6,full_text + noisy_diagram[bg_change],OK,C,is_a,point
123,6,full_text + noisy_diagram[bg_change],OK,ABC,is_a,triangle
123,6,full_text + noisy_diagram[bg_change],OK,ACB,is_a,angle
123,6,full_text + noisy_diagram[bg_change],OK,AC,is_a,segment
123,6,full_text + noisy_diagram[bg_change],OK,BC,is_a,segment
123,6,full_text + noisy_diagram[bg_change],OK,AB,is_a,segment
123,6,full_text + noisy_diagram[bg_change],OK,ACB,has_measure,90_deg
123,6,full_text + noisy_diagram[bg_change],OK,AC,has_measure,4_units
123,6,full_text + noisy_diagram[bg_change],OK,BC,has_measure,3_units
123,6,full_text + noisy_diagram[bg_change],OK,ABC,rotated_about,AC
123,6,full_text + noisy_diagram[bg_change],OK,ABC,mapped_to,cone
123,6,full_text + noisy_diagram[bg_change],OK,lateral_surface_area,is_a,query_target
,,,,,,
128,6,full_text + noisy_diagram[bg_change],OK,O,is_a,point
128,6,full_text + noisy_diagram[bg_change],OK,A,is_a,point
128,6,full_text + noisy_diagram[bg_change],OK,B,is_a,point
128,6,full_text + noisy_diagram[bg_change],OK,OA,is_a,segment
128,6,full_text + noisy_diagram[bg_change],OK,OB,is_a,segment
128,6,full_text + noisy_diagram[bg_change],OK,∠AOB,is_a,angle
128,6,full_text + noisy_diagram[bg_change],OK,∠AOB,has_measure,120_deg
128,6,full_text + noisy_diagram[bg_change],OK,OA,has_measure,6_units
128,6,full_text + noisy_diagram[bg_change],OK,OB,has_measure,6_units
128,6,full_text + noisy_diagram[bg_change],OK,O,center_of,circle
128,6,full_text + noisy_diagram[bg_change],OK,OA,radius_of,circle
128,6,full_text + noisy_diagram[bg_change],OK,OB,radius_of,circle
128,6,full_text + noisy_diagram[bg_change],OK,A,lies_on,circle
128,6,full_text + noisy_diagram[bg_change],OK,B,lies_on,circle
128,6,full_text + noisy_diagram[bg_change],OK,Diameter,is_a,segment
128,6,full_text + noisy_diagram[bg_change],OK,Diameter,connects,A
128,6,full_text + noisy_diagram[bg_change],OK,Diameter,is_a,?
,,,,,,
132,6,full_text + noisy_diagram[bg_change],OK,A,is_a,point
132,6,full_text + noisy_diagram[bg_change],OK,B,is_a,point
132,6,full_text + noisy_diagram[bg_change],OK,C,is_a,point
132,6,full_text + noisy_diagram[bg_change],OK,D,is_a,point
132,6,full_text + noisy_diagram[bg_change],OK,E,is_a,point
132,6,full_text + noisy_diagram[bg_change],OK,F,is_a,point
132,6,full_text + noisy_diagram[bg_change],OK,G,is_a,point
132,6,full_text + noisy_diagram[bg_change],OK,AB,is_a,segment
132,6,full_text + noisy_diagram[bg_change],OK,BC,is_a,segment
132,6,full_text + noisy_diagram[bg_change],OK,CG,is_a,segment
132,6,full_text + noisy_diagram[bg_change],OK,DE,is_a,segment
132,6,full_text + noisy_diagram[bg_change],OK,EF,is_a,segment
132,6,full_text + noisy_diagram[bg_change],OK,GE,is_a,segment
132,6,full_text + noisy_diagram[bg_change],OK,AB,connects,A
132,6,full_text + noisy_diagram[bg_change],OK,AB,connects,B
132,6,full_text + noisy_diagram[bg_change],OK,BC,connects,B
132,6,full_text + noisy_diagram[bg_change],OK,BC,connects,C
132,6,full_text + noisy_diagram[bg_change],OK,CG,connects,C
132,6,full_text + noisy_diagram[bg_change],OK,CG,connects,G
132,6,full_text + noisy_diagram[bg_change],OK,DE,connects,D
132,6,full_text + noisy_diagram[bg_change],OK,DE,connects,E
132,6,full_text + noisy_diagram[bg_change],OK,EF,connects,E
132,6,full_text + noisy_diagram[bg_change],OK,EF,connects,F
132,6,full_text + noisy_diagram[bg_change],OK,GE,connects,G
132,6,full_text + noisy_diagram[bg_change],OK,GE,connects,E
132,6,full_text + noisy_diagram[bg_change],OK,A,B,"C, collinear_with"
132,6,full_text + noisy_diagram[bg_change],OK,DE,has_measure,0.6
132,6,full_text + noisy_diagram[bg_change],OK,BC,has_measure,0.6
132,6,full_text + noisy_diagram[bg_change],OK,CG,has_measure,12.0
132,6,full_text + noisy_diagram[bg_change],OK,GE,has_measure,2.0
132,6,full_text + noisy_diagram[bg_change],OK,EF,has_measure,1.6
,,,,,,
133,6,full_text + noisy_diagram[bg_change],OK,P,is_a,point
133,6,full_text + noisy_diagram[bg_change],OK,Q,is_a,point
133,6,full_text + noisy_diagram[bg_change],OK,R,is_a,point
133,6,full_text + noisy_diagram[bg_change],OK,S,is_a,point
133,6,full_text + noisy_diagram[bg_change],OK,T,is_a,point
133,6,full_text + noisy_diagram[bg_change],OK,PQ,is_a,segment
133,6,full_text + noisy_diagram[bg_change],OK,QR,is_a,segment
133,6,full_text + noisy_diagram[bg_change],OK,RT,is_a,segment
133,6,full_text + noisy_diagram[bg_change],OK,ST,is_a,segment
133,6,full_text + noisy_diagram[bg_change],OK,TS,is_a,segment
133,6,full_text + noisy_diagram[bg_change],OK,SP,is_a,segment
133,6,full_text + noisy_diagram[bg_change],OK,PQ,has_measure,?
133,6,full_text + noisy_diagram[bg_change],OK,QR,has_measure,80.0_m
133,6,full_text + noisy_diagram[bg_change],OK,RT,has_measure,120.0_m
133,6,full_text + noisy_diagram[bg_change],OK,QS,has_measure,60.0_m
133,6,full_text + noisy_diagram[bg_change],OK,ST,is_a,line
133,6,full_text + noisy_diagram[bg_change],OK,PQ,perpendicular_to,ST
133,6,full_text + noisy_diagram[bg_change],OK,QR,perpendicular_to,ST
133,6,full_text + noisy_diagram[bg_change],OK,RT,perpendicular_to,ST
133,6,full_text + noisy_diagram[bg_change],OK,QS,perpendicular_to,PQ
133,6,full_text + noisy_diagram[bg_change],OK,QS,perpendicular_to,QR
133,6,full_text + noisy_diagram[bg_change],OK,QS,perpendicular_to,RT
,,,,,,
149,6,full_text + noisy_diagram[bg_change],OK,A,is_a,point
149,6,full_text + noisy_diagram[bg_change],OK,B,is_a,point
149,6,full_text + noisy_diagram[bg_change],OK,C,is_a,point
149,6,full_text + noisy_diagram[bg_change],OK,D,is_a,point
149,6,full_text + noisy_diagram[bg_change],OK,E,is_a,point
149,6,full_text + noisy_diagram[bg_change],OK,CD,is_a,segment
149,6,full_text + noisy_diagram[bg_change],OK,AC,is_a,segment
149,6,full_text + noisy_diagram[bg_change],OK,BD,is_a,segment
149,6,full_text + noisy_diagram[bg_change],OK,ED,is_a,segment
149,6,full_text + noisy_diagram[bg_change],OK,CD,is_a,mirror
149,6,full_text + noisy_diagram[bg_change],OK,AC,perpendicular_to,CD
149,6,full_text + noisy_diagram[bg_change],OK,BD,perpendicular_to,CD
149,6,full_text + noisy_diagram[bg_change],OK,C,is_a,foot
149,6,full_text + noisy_diagram[bg_change],OK,D,is_a,foot
149,6,full_text + noisy_diagram[bg_change],OK,AC,has_measure,3_units
149,6,full_text + noisy_diagram[bg_change],OK,BD,has_measure,6_units
149,6,full_text + noisy_diagram[bg_change],OK,CD,has_measure,10_units
149,6,full_text + noisy_diagram[bg_change],OK,alpha,is_a,angle
149,6,full_text + noisy_diagram[bg_change],OK,alpha,has_measure,?
149,6,full_text + noisy_diagram[bg_change],OK,ED,has_measure,?
,,,,,,
150,6,full_text + noisy_diagram[bg_change],OK,A,is_a,point
150,6,full_text + noisy_diagram[bg_change],OK,B,is_a,point
150,6,full_text + noisy_diagram[bg_change],OK,C,is_a,point
150,6,full_text + noisy_diagram[bg_change],OK,AB,is_a,segment
150,6,full_text + noisy_diagram[bg_change],OK,AB,has_measure,2_units
150,6,full_text + noisy_diagram[bg_change],OK,BD,is_a,segment
150,6,full_text + noisy_diagram[bg_change],OK,BD,has_measure,7/3_units
150,6,full_text + noisy_diagram[bg_change],OK,CE,is_a,segment
150,6,full_text + noisy_diagram[bg_change],OK,CE,has_measure,9_units
150,6,full_text + noisy_diagram[bg_change],OK,D,is_a,point
150,6,full_text + noisy_diagram[bg_change],OK,E,is_a,point
150,6,full_text + noisy_diagram[bg_change],OK,A,B,"C, collinear_with"
150,6,full_text + noisy_diagram[bg_change],OK,BD,perpendicular_to,AB
150,6,full_text + noisy_diagram[bg_change],OK,CE,perpendicular_to,AC
150,6,full_text + noisy_diagram[bg_change],OK,D,E,"A, connects"
,,,,,,
151,6,full_text + noisy_diagram[bg_change],OK,student,is_a,point
151,6,full_text + noisy_diagram[bg_change],OK,tree,is_a,point
151,6,full_text + noisy_diagram[bg_change],OK,lake,is_a,point
151,6,full_text + noisy_diagram[bg_change],OK,reflection,is_a,point
151,6,full_text + noisy_diagram[bg_change],OK,student,has_measure,1.7_units
151,6,full_text + noisy_diagram[bg_change],OK,student,lies_on,lake
151,6,full_text + noisy_diagram[bg_change],OK,tree,lies_on,lake
151,6,full_text + noisy_diagram[bg_change],OK,reflection,lies_on,lake
151,6,full_text + noisy_diagram[bg_change],OK,student,connects,lake
151,6,full_text + noisy_diagram[bg_change],OK,tree,connects,lake
151,6,full_text + noisy_diagram[bg_change],OK,reflection,connects,lake
151,6,full_text + noisy_diagram[bg_change],OK,student,distance_to,"tree, 20_units"
151,6,full_text + noisy_diagram[bg_change],OK,student,distance_to,"reflection, 5_units"
151,6,full_text + noisy_diagram[bg_change],OK,tree,distance_to,"reflection, ?"
151,6,full_text + noisy_diagram[bg_change],OK,tree,has_measure,?
151,6,full_text + noisy_diagram[bg_change],OK,reflection,has_measure,?
151,6,full_text + noisy_diagram[bg_change],OK,student,is_a,student
151,6,full_text + noisy_diagram[bg_change],OK,tree,is_a,tree
151,6,full_text + noisy_diagram[bg_change],OK,reflection,is_a,reflection
151,6,full_text + noisy_diagram[bg_change],OK,lake,is_a,lake
,,,,,,
152,6,full_text + noisy_diagram[bg_change],OK,A,is_a,point
152,6,full_text + noisy_diagram[bg_change],OK,B,is_a,point
152,6,full_text + noisy_diagram[bg_change],OK,C,is_a,point
152,6,full_text + noisy_diagram[bg_change],OK,D,is_a,point
152,6,full_text + noisy_diagram[bg_change],OK,AB,is_a,segment
152,6,full_text + noisy_diagram[bg_change],OK,BC,is_a,segment
152,6,full_text + noisy_diagram[bg_change],OK,BD,is_a,segment
152,6,full_text + noisy_diagram[bg_change],OK,AB,connects,A
152,6,full_text + noisy_diagram[bg_change],OK,AB,connects,B
152,6,full_text + noisy_diagram[bg_change],OK,BC,connects,B
152,6,full_text + noisy_diagram[bg_change],OK,BC,connects,C
152,6,full_text + noisy_diagram[bg_change],OK,BD,connects,B
152,6,full_text + noisy_diagram[bg_change],OK,BD,connects,D
152,6,full_text + noisy_diagram[bg_change],OK,B,is_a,foot
152,6,full_text + noisy_diagram[bg_change],OK,C,is_a,foot
152,6,full_text + noisy_diagram[bg_change],OK,AB,is_a,ladder
152,6,full_text + noisy_diagram[bg_change],OK,C,is_a,wall
152,6,full_text + noisy_diagram[bg_change],OK,D,lies_on,AB
152,6,full_text + noisy_diagram[bg_change],OK,BC,has_measure,1.6
152,6,full_text + noisy_diagram[bg_change],OK,BD,has_measure,0.5
152,6,full_text + noisy_diagram[bg_change],OK,D,distance_to,"wall, 1.4"
152,6,full_text + noisy_diagram[bg_change],OK,AB,has_measure,?
,,,,,,
153,6,full_text + noisy_diagram[bg_change],OK,A,is_a,point
153,6,full_text + noisy_diagram[bg_change],OK,B,is_a,point
153,6,full_text + noisy_diagram[bg_change],OK,C,is_a,point
153,6,full_text + noisy_diagram[bg_change],OK,D,is_a,point
153,6,full_text + noisy_diagram[bg_change],OK,E,is_a,point
153,6,full_text + noisy_diagram[bg_change],OK,AB,is_a,segment
153,6,full_text + noisy_diagram[bg_change],OK,BC,is_a,segment
153,6,full_text + noisy_diagram[bg_change],OK,DE,is_a,segment
153,6,full_text + noisy_diagram[bg_change],OK,EC,is_a,segment
153,6,full_text + noisy_diagram[bg_change],OK,AB,connects,A
153,6,full_text + noisy_diagram[bg_change],OK,AB,connects,B
153,6,full_text + noisy_diagram[bg_change],OK,BC,connects,B
153,6,full_text + noisy_diagram[bg_change],OK,BC,connects,C
153,6,full_text + noisy_diagram[bg_change],OK,DE,connects,D
153,6,full_text + noisy_diagram[bg_change],OK,DE,connects,E
153,6,full_text + noisy_diagram[bg_change],OK,EC,connects,E
153,6,full_text + noisy_diagram[bg_change],OK,EC,connects,C
153,6,full_text + noisy_diagram[bg_change],OK,DE,has_measure,1.8_units
153,6,full_text + noisy_diagram[bg_change],OK,BC,has_measure,1.0_units
153,6,full_text + noisy_diagram[bg_change],OK,EC,has_measure,1.2_units
153,6,full_text + noisy_diagram[bg_change],OK,AB,has_measure,?
153,6,full_text + noisy_diagram[bg_change],OK,AB,is_a,query_target
,,,,,,
157,6,full_text + noisy_diagram[bg_change],OK,A,is_a,point
157,6,full_text + noisy_diagram[bg_change],OK,B,is_a,point
157,6,full_text + noisy_diagram[bg_change],OK,C,is_a,point
157,6,full_text + noisy_diagram[bg_change],OK,AC,is_a,segment
157,6,full_text + noisy_diagram[bg_change],OK,BC,is_a,segment
157,6,full_text + noisy_diagram[bg_change],OK,AB,is_a,segment
157,6,full_text + noisy_diagram[bg_change],OK,∠C,is_a,angle
157,6,full_text + noisy_diagram[bg_change],OK,∠B,is_a,angle
157,6,full_text + noisy_diagram[bg_change],OK,AC,has_measure,4.0
157,6,full_text + noisy_diagram[bg_change],OK,BC,has_measure,3.0
157,6,full_text + noisy_diagram[bg_change],OK,∠C,has_measure,90_deg
157,6,full_text + noisy_diagram[bg_change],OK,A,connects,C
157,6,full_text + noisy_diagram[bg_change],OK,C,connects,B
157,6,full_text + noisy_diagram[bg_change],OK,B,connects,A
157,6,full_text + noisy_diagram[bg_change],OK,A,lies_on,AB
157,6,full_text + noisy_diagram[bg_change],OK,C,lies_on,AB
157,6,full_text + noisy_diagram[bg_change],OK,B,lies_on,AB
157,6,full_text + noisy_diagram[bg_change],OK,AC,connects,A
157,6,full_text + noisy_diagram[bg_change],OK,AC,connects,C
157,6,full_text + noisy_diagram[bg_change],OK,BC,connects,B
157,6,full_text + noisy_diagram[bg_change],OK,BC,connects,C
157,6,full_text + noisy_diagram[bg_change],OK,∠C,center_of,C
157,6,full_text + noisy_diagram[bg_change],OK,∠B,center_of,B
157,6,full_text + noisy_diagram[bg_change],OK,cos B,is_a,?
,,,,,,
165,6,full_text + noisy_diagram[bg_change],OK,A,is_a,point
165,6,full_text + noisy_diagram[bg_change],OK,B,is_a,point
165,6,full_text + noisy_diagram[bg_change],OK,C,is_a,point
165,6,full_text + noisy_diagram[bg_change],OK,AB,is_a,segment
165,6,full_text + noisy_diagram[bg_change],OK,BC,is_a,segment
165,6,full_text + noisy_diagram[bg_change],OK,AC,is_a,segment
165,6,full_text + noisy_diagram[bg_change],OK,ABC,is_a,triangle
165,6,full_text + noisy_diagram[bg_change],OK,ABC,is_a,right_triangle
165,6,full_text + noisy_diagram[bg_change],OK,C,is_a,right_angle
165,6,full_text + noisy_diagram[bg_change],OK,AB,has_measure,2_units
165,6,full_text + noisy_diagram[bg_change],OK,BC,has_measure,1_unit
,,,,,,
198,6,full_text + noisy_diagram[bg_change],OK,A,is_a,point
198,6,full_text + noisy_diagram[bg_change],OK,B,is_a,point
198,6,full_text + noisy_diagram[bg_change],OK,C,is_a,point
198,6,full_text + noisy_diagram[bg_change],OK,AB,is_a,segment
198,6,full_text + noisy_diagram[bg_change],OK,AC,is_a,segment
198,6,full_text + noisy_diagram[bg_change],OK,BC,is_a,segment
198,6,full_text + noisy_diagram[bg_change],OK,AB,has_measure,10_units
198,6,full_text + noisy_diagram[bg_change],OK,AC,has_measure,13_units
198,6,full_text + noisy_diagram[bg_change],OK,BC,has_measure,13_units
198,6,full_text + noisy_diagram[bg_change],OK,ABC,is_a,triangle
198,6,full_text + noisy_diagram[bg_change],OK,ABC,is_a,isosceles_triangle
198,6,full_text + noisy_diagram[bg_change],OK,AD,is_a,segment
198,6,full_text + noisy_diagram[bg_change],OK,AD,perpendicular_to,BC
198,6,full_text + noisy_diagram[bg_change],OK,Area,is_a,query_target
,,,,,,
207,6,full_text + noisy_diagram[bg_change],OK,larger_circle,is_a,circle
207,6,full_text + noisy_diagram[bg_change],OK,small_circle1,is_a,circle
207,6,full_text + noisy_diagram[bg_change],OK,small_circle2,is_a,circle
207,6,full_text + noisy_diagram[bg_change],OK,larger_circle,diameter_of,20_units
207,6,full_text + noisy_diagram[bg_change],OK,small_circle1,inscribed_in,larger_circle
207,6,full_text + noisy_diagram[bg_change],OK,small_circle2,inscribed_in,larger_circle
207,6,full_text + noisy_diagram[bg_change],OK,shaded_region,is_a,region
207,6,full_text + noisy_diagram[bg_change],OK,shaded_region,part_of,larger_circle
207,6,full_text + noisy_diagram[bg_change],OK,shaded_region,excludes,small_circle1
207,6,full_text + noisy_diagram[bg_change],OK,shaded_region,excludes,small_circle2
207,6,full_text + noisy_diagram[bg_change],OK,shaded_region,area_of,?
207,6,full_text + noisy_diagram[bg_change],OK,shaded_region,area_of,nearest_tenth
,,,,,,
210,6,full_text + noisy_diagram[bg_change],OK,A,is_a,point
210,6,full_text + noisy_diagram[bg_change],OK,B,is_a,point
210,6,full_text + noisy_diagram[bg_change],OK,C,is_a,point
210,6,full_text + noisy_diagram[bg_change],OK,D,is_a,point
210,6,full_text + noisy_diagram[bg_change],OK,E,is_a,point
210,6,full_text + noisy_diagram[bg_change],OK,AB,is_a,segment
210,6,full_text + noisy_diagram[bg_change],OK,AC,is_a,segment
210,6,full_text + noisy_diagram[bg_change],OK,AD,is_a,segment
210,6,full_text + noisy_diagram[bg_change],OK,AE,is_a,segment
210,6,full_text + noisy_diagram[bg_change],OK,BE,is_a,segment
210,6,full_text + noisy_diagram[bg_change],OK,CD,is_a,segment
210,6,full_text + noisy_diagram[bg_change],OK,ED,is_a,segment
210,6,full_text + noisy_diagram[bg_change],OK,Triangles,is_a,shape
210,6,full_text + noisy_diagram[bg_change],OK,ABE,is_a,triangle
210,6,full_text + noisy_diagram[bg_change],OK,ACD,is_a,triangle
210,6,full_text + noisy_diagram[bg_change],OK,AB,has_measure,12_units
210,6,full_text + noisy_diagram[bg_change],OK,AC,has_measure,16_units
210,6,full_text + noisy_diagram[bg_change],OK,ED,has_measure,5_units
210,6,full_text + noisy_diagram[bg_change],OK,BE,parallel_to,CD
210,6,full_text + noisy_diagram[bg_change],OK,Triangles,share,vertex
210,6,full_text + noisy_diagram[bg_change],OK,vertex,is_a,point
210,6,full_text + noisy_diagram[bg_change],OK,Triangles,share,vertex_A
210,6,full_text + noisy_diagram[bg_change],OK,AE,is_a,?
,,,,,,
211,6,full_text + noisy_diagram[bg_change],OK,MNPR,is_a,parallelogram
211,6,full_text + noisy_diagram[bg_change],OK,MP,is_a,diagonal
211,6,full_text + noisy_diagram[bg_change],OK,RN,is_a,diagonal
211,6,full_text + noisy_diagram[bg_change],OK,Q,is_a,point
211,6,full_text + noisy_diagram[bg_change],OK,MN,is_a,segment
211,6,full_text + noisy_diagram[bg_change],OK,MN,has_measure,3x - 4
211,6,full_text + noisy_diagram[bg_change],OK,NP,is_a,segment
211,6,full_text + noisy_diagram[bg_change],OK,NP,has_measure,2y + 5
211,6,full_text + noisy_diagram[bg_change],OK,RP,is_a,segment
211,6,full_text + noisy_diagram[bg_change],OK,RP,has_measure,20
211,6,full_text + noisy_diagram[bg_change],OK,MR,is_a,segment
211,6,full_text + noisy_diagram[bg_change],OK,MR,has_measure,17.9
211,6,full_text + noisy_diagram[bg_change],OK,∠RNP,is_a,angle
211,6,full_text + noisy_diagram[bg_change],OK,∠RNP,has_measure,?
211,6,full_text + noisy_diagram[bg_change],OK,∠MQR,is_a,angle
211,6,full_text + noisy_diagram[bg_change],OK,∠MQR,has_measure,33_deg
211,6,full_text + noisy_diagram[bg_change],OK,∠QNP,is_a,angle
211,6,full_text + noisy_diagram[bg_change],OK,∠QNP,has_measure,33_deg
211,6,full_text + noisy_diagram[bg_change],OK,∠QPN,is_a,angle
211,6,full_text + noisy_diagram[bg_change],OK,∠QPN,has_measure,11.1_deg
211,6,full_text + noisy_diagram[bg_change],OK,∠QRP,is_a,angle
211,6,full_text + noisy_diagram[bg_change],OK,∠QRP,has_measure,38_deg
211,6,full_text + noisy_diagram[bg_change],OK,∠RQP,is_a,angle
211,6,full_text + noisy_diagram[bg_change],OK,∠RQP,has_measure,83_deg
211,6,full_text + noisy_diagram[bg_change],OK,QR,is_a,segment
211,6,full_text + noisy_diagram[bg_change],OK,QR,has_measure,3z - 3
211,6,full_text + noisy_diagram[bg_change],OK,QP,is_a,segment
211,6,full_text + noisy_diagram[bg_change],OK,QP,has_measure,11.1
211,6,full_text + noisy_diagram[bg_change],OK,QM,is_a,segment
211,6,full_text + noisy_diagram[bg_change],OK,QM,has_measure,4w - 3
211,6,full_text + noisy_diagram[bg_change],OK,QN,is_a,segment
211,6,full_text + noisy_diagram[bg_change],OK,QN,has_measure,15.4
,,,,,,
223,6,full_text + noisy_diagram[bg_change],OK,ABC,is_a,triangle
223,6,full_text + noisy_diagram[bg_change],OK,ABC,is_a,right_triangle
223,6,full_text + noisy_diagram[bg_change],OK,AB,is_a,side
223,6,full_text + noisy_diagram[bg_change],OK,BC,is_a,side
223,6,full_text + noisy_diagram[bg_change],OK,AC,is_a,hypotenuse
223,6,full_text + noisy_diagram[bg_change],OK,AC,has_measure,5
223,6,full_text + noisy_diagram[bg_change],OK,AB,has_measure,3_sqrt_2
223,6,full_text + noisy_diagram[bg_change],OK,x,is_a,side
223,6,full_text + noisy_diagram[bg_change],OK,x,has_measure,?
223,6,full_text + noisy_diagram[bg_change],OK,ABC,has_measure,90_deg
223,6,full_text + noisy_diagram[bg_change],OK,AC,connects,"A, C"
223,6,full_text + noisy_diagram[bg_change],OK,AB,connects,"A, B"
223,6,full_text + noisy_diagram[bg_change],OK,BC,connects,"B, C"
223,6,full_text + noisy_diagram[bg_change],OK,A,is_a,point
223,6,full_text + noisy_diagram[bg_change],OK,B,is_a,point
223,6,full_text + noisy_diagram[bg_change],OK,C,is_a,point
223,6,full_text + noisy_diagram[bg_change],OK,x,is_a,query_target
,,,,,,
239,6,full_text + noisy_diagram[bg_change],OK,A,is_a,point
239,6,full_text + noisy_diagram[bg_change],OK,B,is_a,point
239,6,full_text + noisy_diagram[bg_change],OK,C,is_a,point
239,6,full_text + noisy_diagram[bg_change],OK,R,is_a,point
239,6,full_text + noisy_diagram[bg_change],OK,S,is_a,point
239,6,full_text + noisy_diagram[bg_change],OK,T,is_a,point
239,6,full_text + noisy_diagram[bg_change],OK,M,is_a,point
239,6,full_text + noisy_diagram[bg_change],OK,ABC,is_a,triangle
239,6,full_text + noisy_diagram[bg_change],OK,AC,is_a,segment
239,6,full_text + noisy_diagram[bg_change],OK,AB,is_a,segment
239,6,full_text + noisy_diagram[bg_change],OK,CB,is_a,segment
239,6,full_text + noisy_diagram[bg_change],OK,R,is_a,midpoint
239,6,full_text + noisy_diagram[bg_change],OK,S,is_a,midpoint
239,6,full_text + noisy_diagram[bg_change],OK,T,is_a,midpoint
239,6,full_text + noisy_diagram[bg_change],OK,AT,is_a,median
239,6,full_text + noisy_diagram[bg_change],OK,BR,is_a,median
239,6,full_text + noisy_diagram[bg_change],OK,CS,is_a,median
239,6,full_text + noisy_diagram[bg_change],OK,AT,connects,A
239,6,full_text + noisy_diagram[bg_change],OK,AT,connects,T
239,6,full_text + noisy_diagram[bg_change],OK,BR,connects,B
239,6,full_text + noisy_diagram[bg_change],OK,BR,connects,R
239,6,full_text + noisy_diagram[bg_change],OK,CS,connects,C
239,6,full_text + noisy_diagram[bg_change],OK,CS,connects,S
239,6,full_text + noisy_diagram[bg_change],OK,AT,intersects,BR
239,6,full_text + noisy_diagram[bg_change],OK,AT,intersects,CS
239,6,full_text + noisy_diagram[bg_change],OK,BR,intersects,CS
239,6,full_text + noisy_diagram[bg_change],OK,AT,intersects,M
239,6,full_text + noisy_diagram[bg_change],OK,BR,intersects,M
239,6,full_text + noisy_diagram[bg_change],OK,CS,intersects,M
239,6,full_text + noisy_diagram[bg_change],OK,MC,has_measure,7_units
239,6,full_text + noisy_diagram[bg_change],OK,RM,has_measure,4_units
239,6,full_text + noisy_diagram[bg_change],OK,AT,has_measure,16_units
239,6,full_text + noisy_diagram[bg_change],OK,MB,has_measure,?
,,,,,,
243,6,full_text + noisy_diagram[bg_change],OK,Des_Moines,is_a,point
243,6,full_text + noisy_diagram[bg_change],OK,Phoenix,is_a,point
243,6,full_text + noisy_diagram[bg_change],OK,Atlanta,is_a,point
243,6,full_text + noisy_diagram[bg_change],OK,Des_Moines_to_Phoenix,is_a,segment
243,6,full_text + noisy_diagram[bg_change],OK,Phoenix_to_Atlanta,is_a,segment
243,6,full_text + noisy_diagram[bg_change],OK,Atlanta_to_Des_Moines,is_a,segment
243,6,full_text + noisy_diagram[bg_change],OK,Des_Moines_to_Phoenix,has_measure,110x + 53
243,6,full_text + noisy_diagram[bg_change],OK,Phoenix_to_Atlanta,has_measure,150x + 91
243,6,full_text + noisy_diagram[bg_change],OK,Atlanta_to_Des_Moines,has_measure,73.8x
243,6,full_text + noisy_diagram[bg_change],OK,Des_Moines_to_Phoenix,connects,"Des_Moines, Phoenix"
243,6,full_text + noisy_diagram[bg_change],OK,Phoenix_to_Atlanta,connects,"Phoenix, Atlanta"
243,6,full_text + noisy_diagram[bg_change],OK,Atlanta_to_Des_Moines,connects,"Atlanta, Des_Moines"
243,6,full_text + noisy_diagram[bg_change],OK,total_trip_distance,has_measure,3482
243,6,full_text + noisy_diagram[bg_change],OK,Phoenix_to_Atlanta,has_measure,?
,,,,,,
257,6,full_text + noisy_diagram[bg_change],OK,A,is_a,point
257,6,full_text + noisy_diagram[bg_change],OK,B,is_a,point
257,6,full_text + noisy_diagram[bg_change],OK,C,is_a,point
257,6,full_text + noisy_diagram[bg_change],OK,D,is_a,point
257,6,full_text + noisy_diagram[bg_change],OK,E,is_a,point
257,6,full_text + noisy_diagram[bg_change],OK,AB,is_a,segment
257,6,full_text + noisy_diagram[bg_change],OK,AC,is_a,segment
257,6,full_text + noisy_diagram[bg_change],OK,CD,is_a,segment
257,6,full_text + noisy_diagram[bg_change],OK,ED,is_a,segment
257,6,full_text + noisy_diagram[bg_change],OK,AE,is_a,segment
257,6,full_text + noisy_diagram[bg_change],OK,BE,is_a,segment
257,6,full_text + noisy_diagram[bg_change],OK,ABE,is_a,triangle
257,6,full_text + noisy_diagram[bg_change],OK,ACD,is_a,triangle
257,6,full_text + noisy_diagram[bg_change],OK,A,connects,B
257,6,full_text + noisy_diagram[bg_change],OK,A,connects,C
257,6,full_text + noisy_diagram[bg_change],OK,A,connects,E
257,6,full_text + noisy_diagram[bg_change],OK,B,connects,E
257,6,full_text + noisy_diagram[bg_change],OK,C,connects,D
257,6,full_text + noisy_diagram[bg_change],OK,D,connects,E
257,6,full_text + noisy_diagram[bg_change],OK,AB,has_measure,12_units
257,6,full_text + noisy_diagram[bg_change],OK,AC,has_measure,16_units
257,6,full_text + noisy_diagram[bg_change],OK,CD,has_measure,?
257,6,full_text + noisy_diagram[bg_change],OK,ED,has_measure,5_units
257,6,full_text + noisy_diagram[bg_change],OK,AE,has_measure,?
257,6,full_text + noisy_diagram[bg_change],OK,BE,has_measure,?
257,6,full_text + noisy_diagram[bg_change],OK,BE,parallel_to,CD
257,6,full_text + noisy_diagram[bg_change],OK,ABE,similar_to,ACD
257,6,full_text + noisy_diagram[bg_change],OK,AE,query_target,?
,,,,,,
264,6,full_text + noisy_diagram[bg_change],OK,M,is_a,point
264,6,full_text + noisy_diagram[bg_change],OK,N,is_a,point
264,6,full_text + noisy_diagram[bg_change],OK,P,is_a,point
264,6,full_text + noisy_diagram[bg_change],OK,Q,is_a,point
264,6,full_text + noisy_diagram[bg_change],OK,MNPQ,is_a,parallelogram
264,6,full_text + noisy_diagram[bg_change],OK,M,connects,N
264,6,full_text + noisy_diagram[bg_change],OK,N,connects,P
264,6,full_text + noisy_diagram[bg_change],OK,P,connects,Q
264,6,full_text + noisy_diagram[bg_change],OK,Q,connects,M
264,6,full_text + noisy_diagram[bg_change],OK,∠M,is_a,angle
264,6,full_text + noisy_diagram[bg_change],OK,∠M,has_measure,10x
264,6,full_text + noisy_diagram[bg_change],OK,∠N,is_a,angle
264,6,full_text + noisy_diagram[bg_change],OK,∠N,has_measure,20x
264,6,full_text + noisy_diagram[bg_change],OK,∠M,equals,∠P
264,6,full_text + noisy_diagram[bg_change],OK,∠N,equals,∠Q
264,6,full_text + noisy_diagram[bg_change],OK,?,is_a,query
264,6,full_text + noisy_diagram[bg_change],OK,?,has_measure,?
,,,,,,
281,6,full_text + noisy_diagram[bg_change],OK,A,is_a,point
281,6,full_text + noisy_diagram[bg_change],OK,B,is_a,point
281,6,full_text + noisy_diagram[bg_change],OK,C,is_a,point
281,6,full_text + noisy_diagram[bg_change],OK,AC,is_a,segment
281,6,full_text + noisy_diagram[bg_change],OK,BC,is_a,segment
281,6,full_text + noisy_diagram[bg_change],OK,AB,is_a,segment
281,6,full_text + noisy_diagram[bg_change],OK,∠C,is_a,angle
281,6,full_text + noisy_diagram[bg_change],OK,ABC,is_a,triangle
281,6,full_text + noisy_diagram[bg_change],OK,ABC,is_a,right_triangle
281,6,full_text + noisy_diagram[bg_change],OK,AC,has_measure,24_units
281,6,full_text + noisy_diagram[bg_change],OK,AB,has_measure,26_units
281,6,full_text + noisy_diagram[bg_change],OK,BC,has_measure,10_units
281,6,full_text + noisy_diagram[bg_change],OK,∠C,has_measure,90_deg
281,6,full_text + noisy_diagram[bg_change],OK,cos_B,is_a,query_target
,,,,,,
327,6,full_text + noisy_diagram[bg_change],OK,X,is_a,point
327,6,full_text + noisy_diagram[bg_change],OK,Y,is_a,point
327,6,full_text + noisy_diagram[bg_change],OK,Z,is_a,point
327,6,full_text + noisy_diagram[bg_change],OK,N,is_a,point
327,6,full_text + noisy_diagram[bg_change],OK,XY,is_a,segment
327,6,full_text + noisy_diagram[bg_change],OK,YZ,is_a,segment
327,6,full_text + noisy_diagram[bg_change],OK,XZ,is_a,segment
327,6,full_text + noisy_diagram[bg_change],OK,XY,has_measure,b_km
327,6,full_text + noisy_diagram[bg_change],OK,YZ,has_measure,10.7_km
327,6,full_text + noisy_diagram[bg_change],OK,XZ,has_measure,d_km
327,6,full_text + noisy_diagram[bg_change],OK,Y,lies_on,XY
327,6,full_text + noisy_diagram[bg_change],OK,Z,lies_on,YZ
327,6,full_text + noisy_diagram[bg_change],OK,X,lies_on,XY
327,6,full_text + noisy_diagram[bg_change],OK,X,lies_on,XZ
327,6,full_text + noisy_diagram[bg_change],OK,Y,lies_on,XZ
327,6,full_text + noisy_diagram[bg_change],OK,Z,lies_on,XZ
327,6,full_text + noisy_diagram[bg_change],OK,XY,perpendicular_to,YZ
327,6,full_text + noisy_diagram[bg_change],OK,XZ,rotated_about,X
327,6,full_text + noisy_diagram[bg_change],OK,XZ,has_measure,335_deg
,,,,,,
348,6,full_text + noisy_diagram[bg_change],OK,helicopter,is_a,helicopter
348,6,full_text + noisy_diagram[bg_change],OK,helicopter,has_measure,198_metres
348,6,full_text + noisy_diagram[bg_change],OK,helicopter,has_measure,44_deg
348,6,full_text + noisy_diagram[bg_change],OK,landing_pad,is_a,landing_pad
348,6,full_text + noisy_diagram[bg_change],OK,helicopter,connects,landing_pad
348,6,full_text + noisy_diagram[bg_change],OK,d,is_a,distance
348,6,full_text + noisy_diagram[bg_change],OK,helicopter,has_measure,?
348,6,full_text + noisy_diagram[bg_change],OK,helicopter,is_a,point
348,6,full_text + noisy_diagram[bg_change],OK,landing_pad,is_a,point
,,,,,,
364,6,full_text + noisy_diagram[bg_change],OK,tower,is_a,point
364,6,full_text + noisy_diagram[bg_change],OK,bridge,is_a,point
364,6,full_text + noisy_diagram[bg_change],OK,cable,is_a,segment
364,6,full_text + noisy_diagram[bg_change],OK,tower,connects,bridge
364,6,full_text + noisy_diagram[bg_change],OK,cable,connects,tower
364,6,full_text + noisy_diagram[bg_change],OK,cable,connects,bridge
364,6,full_text + noisy_diagram[bg_change],OK,tower,has_measure,35.5_units
364,6,full_text + noisy_diagram[bg_change],OK,bridge,has_measure,65.9_units
364,6,full_text + noisy_diagram[bg_change],OK,h,is_a,?
364,6,full_text + noisy_diagram[bg_change],OK,h,is_a,segment
364,6,full_text + noisy_diagram[bg_change],OK,h,connects,tower
364,6,full_text + noisy_diagram[bg_change],OK,h,connects,bridge
364,6,full_text + noisy_diagram[bg_change],OK,question,is_a,h
364,6,full_text + noisy_diagram[bg_change],OK,question,has_measure,?
,,,,,,
365,6,full_text + noisy_diagram[bg_change],OK,plane,is_a,object
365,6,full_text + noisy_diagram[bg_change],OK,plane,has_measure,10369_m
365,6,full_text + noisy_diagram[bg_change],OK,plane,has_measure,23444_m
365,6,full_text + noisy_diagram[bg_change],OK,ground,is_a,surface
365,6,full_text + noisy_diagram[bg_change],OK,runway,is_a,surface
365,6,full_text + noisy_diagram[bg_change],OK,theta,is_a,angle
365,6,full_text + noisy_diagram[bg_change],OK,theta,has_measure,?
365,6,full_text + noisy_diagram[bg_change],OK,plane,lies_on,ground
,,,,,,
420,6,full_text + noisy_diagram[bg_change],OK,A,is_a,point
420,6,full_text + noisy_diagram[bg_change],OK,B,is_a,point
420,6,full_text + noisy_diagram[bg_change],OK,C,is_a,point
420,6,full_text + noisy_diagram[bg_change],OK,D,is_a,point
420,6,full_text + noisy_diagram[bg_change],OK,AB,is_a,segment
420,6,full_text + noisy_diagram[bg_change],OK,BC,is_a,segment
420,6,full_text + noisy_diagram[bg_change],OK,CD,is_a,segment
420,6,full_text + noisy_diagram[bg_change],OK,DA,is_a,segment
420,6,full_text + noisy_diagram[bg_change],OK,AB,has_measure,?
420,6,full_text + noisy_diagram[bg_change],OK,BC,has_measure,10_units
420,6,full_text + noisy_diagram[bg_change],OK,CD,has_measure,?
420,6,full_text + noisy_diagram[bg_change],OK,DA,has_measure,?
420,6,full_text + noisy_diagram[bg_change],OK,∠DAB,is_a,angle
420,6,full_text + noisy_diagram[bg_change],OK,∠ABC,is_a,angle
420,6,full_text + noisy_diagram[bg_change],OK,∠BCD,is_a,angle
420,6,full_text + noisy_diagram[bg_change],OK,∠CDA,is_a,angle
420,6,full_text + noisy_diagram[bg_change],OK,∠DAB,has_measure,90_deg
420,6,full_text + noisy_diagram[bg_change],OK,AB,is_a,height
420,6,full_text + noisy_diagram[bg_change],OK,AB,has_measure,6_units
420,6,full_text + noisy_diagram[bg_change],OK,A,lies_on,AB
420,6,full_text + noisy_diagram[bg_change],OK,B,lies_on,AB
420,6,full_text + noisy_diagram[bg_change],OK,B,lies_on,BC
420,6,full_text + noisy_diagram[bg_change],OK,C,lies_on,BC
420,6,full_text + noisy_diagram[bg_change],OK,C,lies_on,CD
420,6,full_text + noisy_diagram[bg_change],OK,D,lies_on,CD
420,6,full_text + noisy_diagram[bg_change],OK,D,lies_on,DA
420,6,full_text + noisy_diagram[bg_change],OK,A,lies_on,DA
420,6,full_text + noisy_diagram[bg_change],OK,AB,connects,A
420,6,full_text + noisy_diagram[bg_change],OK,AB,connects,B
420,6,full_text + noisy_diagram[bg_change],OK,BC,connects,B
420,6,full_text + noisy_diagram[bg_change],OK,BC,connects,C
420,6,full_text + noisy_diagram[bg_change],OK,CD,connects,C
420,6,full_text + noisy_diagram[bg_change],OK,CD,connects,D
420,6,full_text + noisy_diagram[bg_change],OK,DA,connects,D
420,6,full_text + noisy_diagram[bg_change],OK,DA,connects,A
,,,,,,
432,6,full_text + noisy_diagram[bg_change],OK,-3,4,"is_a, point"
432,6,full_text + noisy_diagram[bg_change],OK,5,2,"is_a, point"
432,6,full_text + noisy_diagram[bg_change],OK,d,is_a,distance
432,6,full_text + noisy_diagram[bg_change],OK,d,has_measure,?
432,6,full_text + noisy_diagram[bg_change],OK,line,is_a,line
432,6,full_text + noisy_diagram[bg_change],OK,x,is_a,axis
432,6,full_text + noisy_diagram[bg_change],OK,y,is_a,axis
432,6,full_text + noisy_diagram[bg_change],OK,grid,is_a,coordinate_plane
432,6,full_text + noisy_diagram[bg_change],OK,grid,has_measure,5_units
432,6,full_text + noisy_diagram[bg_change],OK,grid,has_measure,-5_units
432,6,full_text + noisy_diagram[bg_change],OK,grid,has_measure,1_unit
432,6,full_text + noisy_diagram[bg_change],OK,grid,has_measure,-1_unit
432,6,full_text + noisy_diagram[bg_change],OK,grid,has_measure,2_units
432,6,full_text + noisy_diagram[bg_change],OK,grid,has_measure,-2_units
432,6,full_text + noisy_diagram[bg_change],OK,grid,has_measure,3_units
432,6,full_text + noisy_diagram[bg_change],OK,grid,has_measure,-3_units
432,6,full_text + noisy_diagram[bg_change],OK,grid,has_measure,4_units
432,6,full_text + noisy_diagram[bg_change],OK,grid,has_measure,-4_units
,,,,,,
438,6,full_text + noisy_diagram[bg_change],OK,hyperbola,is_a,hyperbola
438,6,full_text + noisy_diagram[bg_change],OK,hyperbola,has_measure,vertices
438,6,full_text + noisy_diagram[bg_change],OK,vertices,is_a,point
438,6,full_text + noisy_diagram[bg_change],OK,hyperbola,has_measure,center
438,6,full_text + noisy_diagram[bg_change],OK,center,is_a,point
438,6,full_text + noisy_diagram[bg_change],OK,hyperbola,has_measure,foci
438,6,full_text + noisy_diagram[bg_change],OK,foci,is_a,point
438,6,full_text + noisy_diagram[bg_change],OK,hyperbola,has_measure,equation
438,6,full_text + noisy_diagram[bg_change],OK,equation,is_a,?
,,,,,,
441,6,full_text + noisy_diagram[bg_change],OK,P,is_a,point
441,6,full_text + noisy_diagram[bg_change],OK,a,is_a,angle
441,6,full_text + noisy_diagram[bg_change],OK,unit_circle,is_a,circle
441,6,full_text + noisy_diagram[bg_change],OK,unit_circle,has_measure,1_unit
441,6,full_text + noisy_diagram[bg_change],OK,P,lies_on,unit_circle
441,6,full_text + noisy_diagram[bg_change],OK,a,has_measure,?
441,6,full_text + noisy_diagram[bg_change],OK,x,is_a,axis
441,6,full_text + noisy_diagram[bg_change],OK,y,is_a,axis
441,6,full_text + noisy_diagram[bg_change],OK,P,connects,x
441,6,full_text + noisy_diagram[bg_change],OK,P,connects,y
441,6,full_text + noisy_diagram[bg_change],OK,unit_circle,radius_of,1_unit
,,,,,,
447,6,full_text + noisy_diagram[bg_change],OK,a,is_a,angle
447,6,full_text + noisy_diagram[bg_change],OK,P,is_a,point
447,6,full_text + noisy_diagram[bg_change],OK,P,lies_on,unit_circle
447,6,full_text + noisy_diagram[bg_change],OK,unit_circle,center_of,origin
447,6,full_text + noisy_diagram[bg_change],OK,origin,is_a,point
447,6,full_text + noisy_diagram[bg_change],OK,origin,connects,x_axis
447,6,full_text + noisy_diagram[bg_change],OK,origin,connects,y_axis
447,6,full_text + noisy_diagram[bg_change],OK,x_axis,is_a,line
447,6,full_text + noisy_diagram[bg_change],OK,y_axis,is_a,line
447,6,full_text + noisy_diagram[bg_change],OK,a,has_measure,?
,,,,,,
449,6,full_text + noisy_diagram[bg_change],OK,origin,is_a,point
449,6,full_text + noisy_diagram[bg_change],OK,circle,is_a,circle
449,6,full_text + noisy_diagram[bg_change],OK,origin,center_of,circle
449,6,full_text + noisy_diagram[bg_change],OK,circle,has_measure,1_unit
449,6,full_text + noisy_diagram[bg_change],OK,P,is_a,point
449,6,full_text + noisy_diagram[bg_change],OK,P,lies_on,circle
449,6,full_text + noisy_diagram[bg_change],OK,θ,is_a,angle
449,6,full_text + noisy_diagram[bg_change],OK,θ,connects,P
449,6,full_text + noisy_diagram[bg_change],OK,θ,connects,origin
449,6,full_text + noisy_diagram[bg_change],OK,θ,connects,x-axis
,,,,,,
457,6,full_text + noisy_diagram[bg_change],OK,A,is_a,point
457,6,full_text + noisy_diagram[bg_change],OK,B,is_a,point
457,6,full_text + noisy_diagram[bg_change],OK,C,is_a,point
457,6,full_text + noisy_diagram[bg_change],OK,O,is_a,point
457,6,full_text + noisy_diagram[bg_change],OK,AB,is_a,segment
457,6,full_text + noisy_diagram[bg_change],OK,∠AOB,is_a,angle
457,6,full_text + noisy_diagram[bg_change],OK,A,lies_on,circle
457,6,full_text + noisy_diagram[bg_change],OK,B,lies_on,circle
457,6,full_text + noisy_diagram[bg_change],OK,C,lies_on,circle
457,6,full_text + noisy_diagram[bg_change],OK,O,center_of,circle
457,6,full_text + noisy_diagram[bg_change],OK,AB,connects,A
457,6,full_text + noisy_diagram[bg_change],OK,AB,connects,B
457,6,full_text + noisy_diagram[bg_change],OK,∠AOB,has_measure,90_deg
457,6,full_text + noisy_diagram[bg_change],OK,O,has_measure,1
457,6,full_text + noisy_diagram[bg_change],OK,A,has_measure,3
457,6,full_text + noisy_diagram[bg_change],OK,B,has_measure,6
457,6,full_text + noisy_diagram[bg_change],OK,C,has_measure,6
457,6,full_text + noisy_diagram[bg_change],OK,circle,radius_of,6_units
457,6,full_text + noisy_diagram[bg_change],OK,Equation,is_a,query_target
,,,,,,
472,6,full_text + noisy_diagram[bg_change],OK,A,is_a,point
472,6,full_text + noisy_diagram[bg_change],OK,B,is_a,point
472,6,full_text + noisy_diagram[bg_change],OK,C,is_a,point
472,6,full_text + noisy_diagram[bg_change],OK,D,is_a,point
472,6,full_text + noisy_diagram[bg_change],OK,E,is_a,point
472,6,full_text + noisy_diagram[bg_change],OK,F,is_a,point
472,6,full_text + noisy_diagram[bg_change],OK,semicircle,is_a,shape
472,6,full_text + noisy_diagram[bg_change],OK,semicircle,passes_through,A
472,6,full_text + noisy_diagram[bg_change],OK,semicircle,passes_through,B
472,6,full_text + noisy_diagram[bg_change],OK,semicircle,passes_through,C
472,6,full_text + noisy_diagram[bg_change],OK,semicircle,passes_through,D
472,6,full_text + noisy_diagram[bg_change],OK,semicircle,passes_through,E
472,6,full_text + noisy_diagram[bg_change],OK,center,is_a,point
472,6,full_text + noisy_diagram[bg_change],OK,center,has_measure,?
472,6,full_text + noisy_diagram[bg_change],OK,question,is_a,query
472,6,full_text + noisy_diagram[bg_change],OK,question,asks_for,center
,,,,,,
