problem_index,case_id,case_label,status,subject,predicate,object
1,18,half_text + noisy_half_diagram[illumination],OK,A,is_a,point
1,18,half_text + noisy_half_diagram[illumination],OK,B,is_a,point
1,18,half_text + noisy_half_diagram[illumination],OK,C,is_a,point
1,18,half_text + noisy_half_diagram[illumination],OK,D,is_a,point
1,18,half_text + noisy_half_diagram[illumination],OK,E,is_a,point
1,18,half_text + noisy_half_diagram[illumination],OK,ABC,is_a,triangle
1,18,half_text + noisy_half_diagram[illumination],OK,∠ABC,is_a,angle
1,18,half_text + noisy_half_diagram[illumination],OK,∠ABC,has_measure,60_deg
1,18,half_text + noisy_half_diagram[illumination],OK,∠BAC,is_a,angle
1,18,half_text + noisy_half_diagram[illumination],OK,∠BAC,has_measure,80_deg
1,18,half_text + noisy_half_diagram[illumination],OK,D,lies_on,AB
1,18,half_text + noisy_half_diagram[illumination],OK,E,lies_on,AC
1,18,half_text + noisy_half_diagram[illumination],OK,DE,is_a,segment
1,18,half_text + noisy_half_diagram[illumination],OK,BC,is_a,segment
1,18,half_text + noisy_half_diagram[illumination],OK,DE,parallel_to,BC
1,18,half_text + noisy_half_diagram[illumination],OK,∠CED,is_a,angle
1,18,half_text + noisy_half_diagram[illumination],OK,∠CED,has_measure,?
,,,,,,
2,18,half_text + noisy_half_diagram[illumination],OK,A,is_a,point
2,18,half_text + noisy_half_diagram[illumination],OK,B,is_a,point
2,18,half_text + noisy_half_diagram[illumination],OK,C,is_a,point
2,18,half_text + noisy_half_diagram[illumination],OK,D,is_a,point
2,18,half_text + noisy_half_diagram[illumination],OK,E,is_a,point
2,18,half_text + noisy_half_diagram[illumination],OK,F,is_a,point
2,18,half_text + noisy_half_diagram[illumination],OK,G,is_a,point
2,18,half_text + noisy_half_diagram[illumination],OK,AB,is_a,segment
2,18,half_text + noisy_half_diagram[illumination],OK,CD,is_a,segment
2,18,half_text + noisy_half_diagram[illumination],OK,EF,is_a,segment
2,18,half_text + noisy_half_diagram[illumination],OK,EG,is_a,segment
2,18,half_text + noisy_half_diagram[illumination],OK,∠BEF,is_a,angle
2,18,half_text + noisy_half_diagram[illumination],OK,∠EFG,is_a,angle
2,18,half_text + noisy_half_diagram[illumination],OK,∠EGF,is_a,angle
2,18,half_text + noisy_half_diagram[illumination],OK,AB,parallel_to,CD
2,18,half_text + noisy_half_diagram[illumination],OK,EF,intersects,AB
2,18,half_text + noisy_half_diagram[illumination],OK,EF,intersects,CD
2,18,half_text + noisy_half_diagram[illumination],OK,EG,intersects,CD
2,18,half_text + noisy_half_diagram[illumination],OK,EG,bisects,∠BEF
2,18,half_text + noisy_half_diagram[illumination],OK,∠EFG,has_measure,50_deg
,,,,,,
3,18,half_text + noisy_half_diagram[illumination],OK,A,is_a,point
3,18,half_text + noisy_half_diagram[illumination],OK,B,is_a,point
3,18,half_text + noisy_half_diagram[illumination],OK,C,is_a,point
3,18,half_text + noisy_half_diagram[illumination],OK,D,is_a,point
3,18,half_text + noisy_half_diagram[illumination],OK,BC,is_a,segment
3,18,half_text + noisy_half_diagram[illumination],OK,BA,is_a,segment
3,18,half_text + noisy_half_diagram[illumination],OK,BD,is_a,segment
3,18,half_text + noisy_half_diagram[illumination],OK,CD,is_a,segment
3,18,half_text + noisy_half_diagram[illumination],OK,AB,is_a,segment
3,18,half_text + noisy_half_diagram[illumination],OK,∠BCD,is_a,angle
3,18,half_text + noisy_half_diagram[illumination],OK,∠BCD,has_measure,70_deg
3,18,half_text + noisy_half_diagram[illumination],OK,BC,intersects,B
3,18,half_text + noisy_half_diagram[illumination],OK,BA,intersects,B
3,18,half_text + noisy_half_diagram[illumination],OK,BD,bisects,∠ABC
3,18,half_text + noisy_half_diagram[illumination],OK,CD,parallel_to,AB
3,18,half_text + noisy_half_diagram[illumination],OK,?,is_a,query_target
,,,,,,
4,18,half_text + noisy_half_diagram[illumination],OK,O,is_a,circle
4,18,half_text + noisy_half_diagram[illumination],OK,B,is_a,point
4,18,half_text + noisy_half_diagram[illumination],OK,AB,is_a,line
4,18,half_text + noisy_half_diagram[illumination],OK,AB,tangent_to,O
4,18,half_text + noisy_half_diagram[illumination],OK,AB,intersects,B
4,18,half_text + noisy_half_diagram[illumination],OK,AO,is_a,line
4,18,half_text + noisy_half_diagram[illumination],OK,AO,intersects,C
4,18,half_text + noisy_half_diagram[illumination],OK,A,is_a,point
4,18,half_text + noisy_half_diagram[illumination],OK,C,is_a,point
4,18,half_text + noisy_half_diagram[illumination],OK,BC,is_a,line
4,18,half_text + noisy_half_diagram[illumination],OK,∠A,is_a,angle
4,18,half_text + noisy_half_diagram[illumination],OK,∠A,has_measure,36_deg
4,18,half_text + noisy_half_diagram[illumination],OK,∠OCB,is_a,angle
4,18,half_text + noisy_half_diagram[illumination],OK,AB,connects,A
4,18,half_text + noisy_half_diagram[illumination],OK,AB,connects,B
4,18,half_text + noisy_half_diagram[illumination],OK,AO,connects,A
4,18,half_text + noisy_half_diagram[illumination],OK,AO,connects,O
4,18,half_text + noisy_half_diagram[illumination],OK,BC,connects,B
4,18,half_text + noisy_half_diagram[illumination],OK,BC,connects,C
4,18,half_text + noisy_half_diagram[illumination],OK,O,center_of,circle
4,18,half_text + noisy_half_diagram[illumination],OK,B,lies_on,O
4,18,half_text + noisy_half_diagram[illumination],OK,C,lies_on,O
4,18,half_text + noisy_half_diagram[illumination],OK,∠OCB,is_a,query_target
,,,,,,
7,18,half_text + noisy_half_diagram[illumination],OK,A,is_a,point
7,18,half_text + noisy_half_diagram[illumination],OK,B,is_a,point
7,18,half_text + noisy_half_diagram[illumination],OK,C,is_a,point
7,18,half_text + noisy_half_diagram[illumination],OK,D,is_a,point
7,18,half_text + noisy_half_diagram[illumination],OK,E,is_a,point
7,18,half_text + noisy_half_diagram[illumination],OK,ABC,is_a,triangle
7,18,half_text + noisy_half_diagram[illumination],OK,ADE,is_a,triangle
7,18,half_text + noisy_half_diagram[illumination],OK,A,is_a,vertex
7,18,half_text + noisy_half_diagram[illumination],OK,B,is_a,vertex
7,18,half_text + noisy_half_diagram[illumination],OK,C,is_a,vertex
7,18,half_text + noisy_half_diagram[illumination],OK,D,is_a,vertex
7,18,half_text + noisy_half_diagram[illumination],OK,E,is_a,vertex
7,18,half_text + noisy_half_diagram[illumination],OK,∠B,has_measure,70_deg
7,18,half_text + noisy_half_diagram[illumination],OK,∠C,has_measure,30_deg
7,18,half_text + noisy_half_diagram[illumination],OK,∠DAC,has_measure,?
7,18,half_text + noisy_half_diagram[illumination],OK,∠EAC,has_measure,?
7,18,half_text + noisy_half_diagram[illumination],OK,ABC,is_a,"congruent, ADE"
7,18,half_text + noisy_half_diagram[illumination],OK,A,is_a,common_vertex
,,,,,,
8,18,half_text + noisy_half_diagram[illumination],OK,A,is_a,point
8,18,half_text + noisy_half_diagram[illumination],OK,B,is_a,point
8,18,half_text + noisy_half_diagram[illumination],OK,C,is_a,point
8,18,half_text + noisy_half_diagram[illumination],OK,D,is_a,point
8,18,half_text + noisy_half_diagram[illumination],OK,E,is_a,point
8,18,half_text + noisy_half_diagram[illumination],OK,F,is_a,point
8,18,half_text + noisy_half_diagram[illumination],OK,ABC,is_a,triangle
8,18,half_text + noisy_half_diagram[illumination],OK,DEF,is_a,triangle
8,18,half_text + noisy_half_diagram[illumination],OK,ABC,congruent_to,DEF
8,18,half_text + noisy_half_diagram[illumination],OK,A,corresponds_to,D
8,18,half_text + noisy_half_diagram[illumination],OK,B,corresponds_to,E
8,18,half_text + noisy_half_diagram[illumination],OK,C,corresponds_to,F
8,18,half_text + noisy_half_diagram[illumination],OK,BF,is_a,segment
8,18,half_text + noisy_half_diagram[illumination],OK,BF,has_measure,7_units
8,18,half_text + noisy_half_diagram[illumination],OK,BC,is_a,segment
8,18,half_text + noisy_half_diagram[illumination],OK,BC,has_measure,5_units
8,18,half_text + noisy_half_diagram[illumination],OK,EC,is_a,segment
8,18,half_text + noisy_half_diagram[illumination],OK,TARGET,is_a,EC
8,18,half_text + noisy_half_diagram[illumination],OK,TARGET,has_measure,?
,,,,,,
9,18,half_text + noisy_half_diagram[illumination],OK,A,is_a,point
9,18,half_text + noisy_half_diagram[illumination],OK,B,is_a,point
9,18,half_text + noisy_half_diagram[illumination],OK,C,is_a,point
9,18,half_text + noisy_half_diagram[illumination],OK,D,is_a,point
9,18,half_text + noisy_half_diagram[illumination],OK,E,is_a,point
9,18,half_text + noisy_half_diagram[illumination],OK,ABC,is_a,triangle
9,18,half_text + noisy_half_diagram[illumination],OK,AC,is_a,segment
9,18,half_text + noisy_half_diagram[illumination],OK,BC,is_a,segment
9,18,half_text + noisy_half_diagram[illumination],OK,AB,is_a,segment
9,18,half_text + noisy_half_diagram[illumination],OK,AD,is_a,segment
9,18,half_text + noisy_half_diagram[illumination],OK,DE,is_a,segment
9,18,half_text + noisy_half_diagram[illumination],OK,∠C,is_a,angle
9,18,half_text + noisy_half_diagram[illumination],OK,∠C,has_measure,90_deg
9,18,half_text + noisy_half_diagram[illumination],OK,AC,has_measure,?
9,18,half_text + noisy_half_diagram[illumination],OK,BC,has_measure,?
9,18,half_text + noisy_half_diagram[illumination],OK,AB,has_measure,6_units
9,18,half_text + noisy_half_diagram[illumination],OK,AD,has_measure,?
9,18,half_text + noisy_half_diagram[illumination],OK,DE,has_measure,?
9,18,half_text + noisy_half_diagram[illumination],OK,AC,connects,A
9,18,half_text + noisy_half_diagram[illumination],OK,AC,connects,C
9,18,half_text + noisy_half_diagram[illumination],OK,BC,connects,B
9,18,half_text + noisy_half_diagram[illumination],OK,BC,connects,C
9,18,half_text + noisy_half_diagram[illumination],OK,AB,connects,A
9,18,half_text + noisy_half_diagram[illumination],OK,AB,connects,B
9,18,half_text + noisy_half_diagram[illumination],OK,AD,connects,A
9,18,half_text + noisy_half_diagram[illumination],OK,AD,connects,D
9,18,half_text + noisy_half_diagram[illumination],OK,DE,connects,D
9,18,half_text + noisy_half_diagram[illumination],OK,DE,connects,E
9,18,half_text + noisy_half_diagram[illumination],OK,AD,intersects,BC
9,18,half_text + noisy_half_diagram[illumination],OK,AD,intersects,D
9,18,half_text + noisy_half_diagram[illumination],OK,DE,perpendicular_to,AB
9,18,half_text + noisy_half_diagram[illumination],OK,DE,intersects,E
9,18,half_text + noisy_half_diagram[illumination],OK,AD,bisects,∠CAB
,,,,,,
10,18,half_text + noisy_half_diagram[illumination],OK,A,is_a,point
10,18,half_text + noisy_half_diagram[illumination],OK,B,is_a,point
10,18,half_text + noisy_half_diagram[illumination],OK,C,is_a,point
10,18,half_text + noisy_half_diagram[illumination],OK,D,is_a,point
10,18,half_text + noisy_half_diagram[illumination],OK,E,is_a,point
10,18,half_text + noisy_half_diagram[illumination],OK,ABC,is_a,triangle
10,18,half_text + noisy_half_diagram[illumination],OK,AB,is_a,segment
10,18,half_text + noisy_half_diagram[illumination],OK,AC,is_a,segment
10,18,half_text + noisy_half_diagram[illumination],OK,BC,is_a,segment
10,18,half_text + noisy_half_diagram[illumination],OK,AB,connects,A
10,18,half_text + noisy_half_diagram[illumination],OK,AB,connects,B
10,18,half_text + noisy_half_diagram[illumination],OK,AC,connects,A
10,18,half_text + noisy_half_diagram[illumination],OK,AC,connects,C
10,18,half_text + noisy_half_diagram[illumination],OK,BC,connects,B
10,18,half_text + noisy_half_diagram[illumination],OK,BC,connects,C
10,18,half_text + noisy_half_diagram[illumination],OK,AB,has_measure,?
10,18,half_text + noisy_half_diagram[illumination],OK,AC,has_measure,?
10,18,half_text + noisy_half_diagram[illumination],OK,BC,has_measure,?
10,18,half_text + noisy_half_diagram[illumination],OK,∠BAC,is_a,angle
10,18,half_text + noisy_half_diagram[illumination],OK,∠BAC,has_measure,36_deg
10,18,half_text + noisy_half_diagram[illumination],OK,AB,perpendicular_to,?
10,18,half_text + noisy_half_diagram[illumination],OK,AB,intersects,D
10,18,half_text + noisy_half_diagram[illumination],OK,AC,intersects,D
10,18,half_text + noisy_half_diagram[illumination],OK,AB,intersects,E
10,18,half_text + noisy_half_diagram[illumination],OK,ABC,has_measure,?
,,,,,,
11,18,half_text + noisy_half_diagram[illumination],OK,A,is_a,point
11,18,half_text + noisy_half_diagram[illumination],OK,B,is_a,point
11,18,half_text + noisy_half_diagram[illumination],OK,C,is_a,point
11,18,half_text + noisy_half_diagram[illumination],OK,D,is_a,point
11,18,half_text + noisy_half_diagram[illumination],OK,E,is_a,point
11,18,half_text + noisy_half_diagram[illumination],OK,F,is_a,point
11,18,half_text + noisy_half_diagram[illumination],OK,ABC,is_a,triangle
11,18,half_text + noisy_half_diagram[illumination],OK,AED,is_a,triangle
11,18,half_text + noisy_half_diagram[illumination],OK,∠C,is_a,angle
11,18,half_text + noisy_half_diagram[illumination],OK,∠C,has_measure,36_deg
11,18,half_text + noisy_half_diagram[illumination],OK,∠BAE,is_a,angle
11,18,half_text + noisy_half_diagram[illumination],OK,∠BAE,has_measure,60_deg
11,18,half_text + noisy_half_diagram[illumination],OK,ABC,rotated_about,A
11,18,half_text + noisy_half_diagram[illumination],OK,ABC,mapped_to,AED
11,18,half_text + noisy_half_diagram[illumination],OK,AD,intersects,BC
11,18,half_text + noisy_half_diagram[illumination],OK,AD,intersects,"BC, at, F"
11,18,half_text + noisy_half_diagram[illumination],OK,∠AFC,is_a,angle
11,18,half_text + noisy_half_diagram[illumination],OK,∠AFC,is_a,query_target
,,,,,,
14,18,half_text + noisy_half_diagram[illumination],OK,O,is_a,point
14,18,half_text + noisy_half_diagram[illumination],OK,A,is_a,point
14,18,half_text + noisy_half_diagram[illumination],OK,B,is_a,point
14,18,half_text + noisy_half_diagram[illumination],OK,C,is_a,point
14,18,half_text + noisy_half_diagram[illumination],OK,O,center_of,circle
14,18,half_text + noisy_half_diagram[illumination],OK,A,lies_on,circle
14,18,half_text + noisy_half_diagram[illumination],OK,B,lies_on,circle
14,18,half_text + noisy_half_diagram[illumination],OK,C,lies_on,circle
14,18,half_text + noisy_half_diagram[illumination],OK,A,connects,B
14,18,half_text + noisy_half_diagram[illumination],OK,B,connects,C
14,18,half_text + noisy_half_diagram[illumination],OK,C,connects,A
14,18,half_text + noisy_half_diagram[illumination],OK,A,connects,O
14,18,half_text + noisy_half_diagram[illumination],OK,B,connects,O
14,18,half_text + noisy_half_diagram[illumination],OK,C,connects,O
14,18,half_text + noisy_half_diagram[illumination],OK,O,is_a,center
14,18,half_text + noisy_half_diagram[illumination],OK,ABC,is_a,triangle
14,18,half_text + noisy_half_diagram[illumination],OK,ABC,is_a,inscribed
14,18,half_text + noisy_half_diagram[illumination],OK,∠AOB,is_a,angle
14,18,half_text + noisy_half_diagram[illumination],OK,∠AOB,has_measure,35_deg
14,18,half_text + noisy_half_diagram[illumination],OK,ACB,is_a,angle
14,18,half_text + noisy_half_diagram[illumination],OK,ACB,is_a,query_target
,,,,,,
16,18,half_text + noisy_half_diagram[illumination],OK,O,is_a,point
16,18,half_text + noisy_half_diagram[illumination],OK,O,center_of,circle
16,18,half_text + noisy_half_diagram[illumination],OK,OB,is_a,radius
16,18,half_text + noisy_half_diagram[illumination],OK,AC,is_a,chord
16,18,half_text + noisy_half_diagram[illumination],OK,AC,parallel_to,OB
16,18,half_text + noisy_half_diagram[illumination],OK,∠BOC,is_a,angle
16,18,half_text + noisy_half_diagram[illumination],OK,∠BOC,has_measure,50_deg
16,18,half_text + noisy_half_diagram[illumination],OK,OAB,is_a,angle
16,18,half_text + noisy_half_diagram[illumination],OK,OAB,query_target,?
,,,,,,
17,18,half_text + noisy_half_diagram[illumination],OK,A,is_a,point
17,18,half_text + noisy_half_diagram[illumination],OK,B,is_a,point
17,18,half_text + noisy_half_diagram[illumination],OK,C,is_a,point
17,18,half_text + noisy_half_diagram[illumination],OK,D,is_a,point
17,18,half_text + noisy_half_diagram[illumination],OK,O,is_a,point
17,18,half_text + noisy_half_diagram[illumination],OK,ABCD,is_a,parallelogram
17,18,half_text + noisy_half_diagram[illumination],OK,AC,is_a,diagonal
17,18,half_text + noisy_half_diagram[illumination],OK,BD,is_a,diagonal
17,18,half_text + noisy_half_diagram[illumination],OK,AC,intersects,BD
17,18,half_text + noisy_half_diagram[illumination],OK,AC,intersects,O
17,18,half_text + noisy_half_diagram[illumination],OK,BD,intersects,O
17,18,half_text + noisy_half_diagram[illumination],OK,∠DAC,is_a,angle
17,18,half_text + noisy_half_diagram[illumination],OK,∠DAC,has_measure,42_deg
17,18,half_text + noisy_half_diagram[illumination],OK,∠CBD,is_a,angle
17,18,half_text + noisy_half_diagram[illumination],OK,∠COD,is_a,angle
17,18,half_text + noisy_half_diagram[illumination],OK,∠CBD,has_measure,23_deg
,,,,,,
20,18,half_text + noisy_half_diagram[illumination],OK,O,is_a,circle
20,18,half_text + noisy_half_diagram[illumination],OK,AB,is_a,"diameter_of, O"
20,18,half_text + noisy_half_diagram[illumination],OK,A,is_a,point
20,18,half_text + noisy_half_diagram[illumination],OK,B,is_a,point
20,18,half_text + noisy_half_diagram[illumination],OK,C,is_a,point
20,18,half_text + noisy_half_diagram[illumination],OK,D,is_a,point
20,18,half_text + noisy_half_diagram[illumination],OK,AB,connects,"A, B"
20,18,half_text + noisy_half_diagram[illumination],OK,C,lies_on,O
20,18,half_text + noisy_half_diagram[illumination],OK,D,lies_on,O
20,18,half_text + noisy_half_diagram[illumination],OK,AC,is_a,segment
20,18,half_text + noisy_half_diagram[illumination],OK,BC,is_a,segment
20,18,half_text + noisy_half_diagram[illumination],OK,CD,is_a,segment
20,18,half_text + noisy_half_diagram[illumination],OK,OD,is_a,segment
20,18,half_text + noisy_half_diagram[illumination],OK,∠DOB,is_a,angle
20,18,half_text + noisy_half_diagram[illumination],OK,∠DOB,has_measure,?
20,18,half_text + noisy_half_diagram[illumination],OK,∠ACD,is_a,angle
20,18,half_text + noisy_half_diagram[illumination],OK,∠ACD,has_measure,?
20,18,half_text + noisy_half_diagram[illumination],OK,∠AOB,is_a,angle
20,18,half_text + noisy_half_diagram[illumination],OK,∠AOB,has_measure,140_deg
,,,,,,
22,18,half_text + noisy_half_diagram[illumination],OK,A,is_a,point
22,18,half_text + noisy_half_diagram[illumination],OK,N,is_a,point
22,18,half_text + noisy_half_diagram[illumination],OK,∠DAC,is_a,angle
22,18,half_text + noisy_half_diagram[illumination],OK,∠OBC,is_a,angle
22,18,half_text + noisy_half_diagram[illumination],OK,ABCD,is_a,diamond
22,18,half_text + noisy_half_diagram[illumination],OK,M,is_a,point
22,18,half_text + noisy_half_diagram[illumination],OK,M,lies_on,AB
22,18,half_text + noisy_half_diagram[illumination],OK,N,lies_on,CD
22,18,half_text + noisy_half_diagram[illumination],OK,AM,has_measure,CN
22,18,half_text + noisy_half_diagram[illumination],OK,MN,intersects,AC
22,18,half_text + noisy_half_diagram[illumination],OK,MN,intersects,"AC, at, O"
22,18,half_text + noisy_half_diagram[illumination],OK,BO,is_a,segment
22,18,half_text + noisy_half_diagram[illumination],OK,∠DAC,has_measure,?
22,18,half_text + noisy_half_diagram[illumination],OK,∠OBC,has_measure,?
22,18,half_text + noisy_half_diagram[illumination],OK,∠ANM,has_measure,28_deg
,,,,,,
25,18,half_text + noisy_half_diagram[illumination],OK,A,is_a,point
25,18,half_text + noisy_half_diagram[illumination],OK,B,is_a,point
25,18,half_text + noisy_half_diagram[illumination],OK,C,is_a,point
25,18,half_text + noisy_half_diagram[illumination],OK,E,is_a,point
25,18,half_text + noisy_half_diagram[illumination],OK,F,is_a,point
25,18,half_text + noisy_half_diagram[illumination],OK,AB,is_a,segment
25,18,half_text + noisy_half_diagram[illumination],OK,AC,is_a,segment
25,18,half_text + noisy_half_diagram[illumination],OK,BC,is_a,segment
25,18,half_text + noisy_half_diagram[illumination],OK,EF,is_a,segment
25,18,half_text + noisy_half_diagram[illumination],OK,∠B,is_a,angle
25,18,half_text + noisy_half_diagram[illumination],OK,∠C,is_a,angle
25,18,half_text + noisy_half_diagram[illumination],OK,EF,parallel_to,BC
25,18,half_text + noisy_half_diagram[illumination],OK,AC,bisects,∠BAF
25,18,half_text + noisy_half_diagram[illumination],OK,∠B,has_measure,50_deg
25,18,half_text + noisy_half_diagram[illumination],OK,∠C,is_a,query_target
,,,,,,
26,18,half_text + noisy_half_diagram[illumination],OK,height,is_a,?
26,18,half_text + noisy_half_diagram[illumination],OK,bamboo_pole,is_a,?
26,18,half_text + noisy_half_diagram[illumination],OK,flagpole,is_a,?
26,18,half_text + noisy_half_diagram[illumination],OK,point,is_a,?
26,18,half_text + noisy_half_diagram[illumination],OK,bamboo_pole,has_measure,3.2_units
26,18,half_text + noisy_half_diagram[illumination],OK,bamboo_pole,has_measure,8.0_units
26,18,half_text + noisy_half_diagram[illumination],OK,flagpole,has_measure,22.0_units
,,,,,,
29,18,half_text + noisy_half_diagram[illumination],OK,A,is_a,point
29,18,half_text + noisy_half_diagram[illumination],OK,B,is_a,point
29,18,half_text + noisy_half_diagram[illumination],OK,C,is_a,point
29,18,half_text + noisy_half_diagram[illumination],OK,D,is_a,point
29,18,half_text + noisy_half_diagram[illumination],OK,ABC,is_a,triangle
29,18,half_text + noisy_half_diagram[illumination],OK,BD,is_a,segment
29,18,half_text + noisy_half_diagram[illumination],OK,CD,is_a,segment
29,18,half_text + noisy_half_diagram[illumination],OK,D,is_a,intersection_point
29,18,half_text + noisy_half_diagram[illumination],OK,BD,is_a,angle_bisector
29,18,half_text + noisy_half_diagram[illumination],OK,CD,is_a,angle_bisector
29,18,half_text + noisy_half_diagram[illumination],OK,A,is_a,angle
29,18,half_text + noisy_half_diagram[illumination],OK,A,has_measure,?
29,18,half_text + noisy_half_diagram[illumination],OK,∠BDC,is_a,angle
29,18,half_text + noisy_half_diagram[illumination],OK,∠BDC,has_measure,?
29,18,half_text + noisy_half_diagram[illumination],OK,ABC,connects,A
29,18,half_text + noisy_half_diagram[illumination],OK,ABC,connects,B
29,18,half_text + noisy_half_diagram[illumination],OK,ABC,connects,C
29,18,half_text + noisy_half_diagram[illumination],OK,BD,connects,B
29,18,half_text + noisy_half_diagram[illumination],OK,BD,connects,D
29,18,half_text + noisy_half_diagram[illumination],OK,CD,connects,C
29,18,half_text + noisy_half_diagram[illumination],OK,CD,connects,D
,,,,,,
30,18,half_text + noisy_half_diagram[illumination],OK,A,is_a,point
30,18,half_text + noisy_half_diagram[illumination],OK,B,is_a,point
30,18,half_text + noisy_half_diagram[illumination],OK,C,is_a,point
30,18,half_text + noisy_half_diagram[illumination],OK,O,is_a,point
30,18,half_text + noisy_half_diagram[illumination],OK,OA,is_a,segment
30,18,half_text + noisy_half_diagram[illumination],OK,OB,is_a,segment
30,18,half_text + noisy_half_diagram[illumination],OK,OC,is_a,segment
30,18,half_text + noisy_half_diagram[illumination],OK,OA,has_measure,?
30,18,half_text + noisy_half_diagram[illumination],OK,OB,has_measure,?
30,18,half_text + noisy_half_diagram[illumination],OK,OC,has_measure,?
30,18,half_text + noisy_half_diagram[illumination],OK,∠ACB,is_a,angle
30,18,half_text + noisy_half_diagram[illumination],OK,∠ACB,has_measure,30_deg
30,18,half_text + noisy_half_diagram[illumination],OK,∠AOB,is_a,angle
30,18,half_text + noisy_half_diagram[illumination],OK,∠AOB,has_measure,?
,,,,,,
32,18,half_text + noisy_half_diagram[illumination],OK,A,is_a,point
32,18,half_text + noisy_half_diagram[illumination],OK,B,is_a,point
32,18,half_text + noisy_half_diagram[illumination],OK,C,is_a,point
32,18,half_text + noisy_half_diagram[illumination],OK,D,is_a,point
32,18,half_text + noisy_half_diagram[illumination],OK,E,is_a,point
32,18,half_text + noisy_half_diagram[illumination],OK,F,is_a,point
32,18,half_text + noisy_half_diagram[illumination],OK,I,is_a,circle
32,18,half_text + noisy_half_diagram[illumination],OK,ABC,is_a,triangle
32,18,half_text + noisy_half_diagram[illumination],OK,D,is_a,tangent_point
32,18,half_text + noisy_half_diagram[illumination],OK,E,is_a,tangent_point
32,18,half_text + noisy_half_diagram[illumination],OK,F,is_a,tangent_point
32,18,half_text + noisy_half_diagram[illumination],OK,I,is_a,inscribed_circle
32,18,half_text + noisy_half_diagram[illumination],OK,ABC,connects,A
32,18,half_text + noisy_half_diagram[illumination],OK,ABC,connects,B
32,18,half_text + noisy_half_diagram[illumination],OK,ABC,connects,C
32,18,half_text + noisy_half_diagram[illumination],OK,I,center_of,I
32,18,half_text + noisy_half_diagram[illumination],OK,∠EIF,is_a,angle
32,18,half_text + noisy_half_diagram[illumination],OK,∠EIF,has_measure,52_deg
32,18,half_text + noisy_half_diagram[illumination],OK,A,is_a,query_target
,,,,,,
34,18,half_text + noisy_half_diagram[illumination],OK,A,is_a,point
34,18,half_text + noisy_half_diagram[illumination],OK,B,is_a,point
34,18,half_text + noisy_half_diagram[illumination],OK,C,is_a,point
34,18,half_text + noisy_half_diagram[illumination],OK,D,is_a,point
34,18,half_text + noisy_half_diagram[illumination],OK,E,is_a,point
34,18,half_text + noisy_half_diagram[illumination],OK,F,is_a,point
34,18,half_text + noisy_half_diagram[illumination],OK,P,is_a,point
34,18,half_text + noisy_half_diagram[illumination],OK,Q,is_a,point
34,18,half_text + noisy_half_diagram[illumination],OK,AB,is_a,line
34,18,half_text + noisy_half_diagram[illumination],OK,CD,is_a,line
34,18,half_text + noisy_half_diagram[illumination],OK,EF,is_a,line
34,18,half_text + noisy_half_diagram[illumination],OK,AB,parallel_to,CD
34,18,half_text + noisy_half_diagram[illumination],OK,EF,intersects,AB
34,18,half_text + noisy_half_diagram[illumination],OK,EF,intersects,CD
34,18,half_text + noisy_half_diagram[illumination],OK,P,is_a,intersection
34,18,half_text + noisy_half_diagram[illumination],OK,Q,is_a,intersection
34,18,half_text + noisy_half_diagram[illumination],OK,P,connects,AB
34,18,half_text + noisy_half_diagram[illumination],OK,P,connects,EF
34,18,half_text + noisy_half_diagram[illumination],OK,Q,connects,CD
34,18,half_text + noisy_half_diagram[illumination],OK,Q,connects,EF
34,18,half_text + noisy_half_diagram[illumination],OK,∠BPQ,is_a,angle
34,18,half_text + noisy_half_diagram[illumination],OK,∠BPQ,has_measure,100_deg
34,18,half_text + noisy_half_diagram[illumination],OK,∠CQF,is_a,angle
34,18,half_text + noisy_half_diagram[illumination],OK,∠CQF,has_measure,?
,,,,,,
36,18,half_text + noisy_half_diagram[illumination],OK,O,is_a,circle
36,18,half_text + noisy_half_diagram[illumination],OK,AB,is_a,diameter
36,18,half_text + noisy_half_diagram[illumination],OK,AB,connects,A
36,18,half_text + noisy_half_diagram[illumination],OK,AB,connects,B
36,18,half_text + noisy_half_diagram[illumination],OK,AB,connects,D
36,18,half_text + noisy_half_diagram[illumination],OK,O,center_of,AB
36,18,half_text + noisy_half_diagram[illumination],OK,C,is_a,point
36,18,half_text + noisy_half_diagram[illumination],OK,C,lies_on,O
36,18,half_text + noisy_half_diagram[illumination],OK,CD,is_a,line
36,18,half_text + noisy_half_diagram[illumination],OK,CD,tangent_to,C
36,18,half_text + noisy_half_diagram[illumination],OK,∠BCD,is_a,angle
36,18,half_text + noisy_half_diagram[illumination],OK,∠BCD,has_measure,50_deg
36,18,half_text + noisy_half_diagram[illumination],OK,A,is_a,point
36,18,half_text + noisy_half_diagram[illumination],OK,B,is_a,point
36,18,half_text + noisy_half_diagram[illumination],OK,D,is_a,point
36,18,half_text + noisy_half_diagram[illumination],OK,∠CAB,is_a,angle
36,18,half_text + noisy_half_diagram[illumination],OK,?,is_a,angle
,,,,,,
37,18,half_text + noisy_half_diagram[illumination],OK,A,is_a,point
37,18,half_text + noisy_half_diagram[illumination],OK,B,is_a,point
37,18,half_text + noisy_half_diagram[illumination],OK,C,is_a,point
37,18,half_text + noisy_half_diagram[illumination],OK,D,is_a,point
37,18,half_text + noisy_half_diagram[illumination],OK,P,is_a,point
37,18,half_text + noisy_half_diagram[illumination],OK,O,is_a,point
37,18,half_text + noisy_half_diagram[illumination],OK,AB,is_a,segment
37,18,half_text + noisy_half_diagram[illumination],OK,CD,is_a,segment
37,18,half_text + noisy_half_diagram[illumination],OK,CP,is_a,segment
37,18,half_text + noisy_half_diagram[illumination],OK,∠COP,is_a,angle
37,18,half_text + noisy_half_diagram[illumination],OK,AB,parallel_to,CD
37,18,half_text + noisy_half_diagram[illumination],OK,CP,intersects,AB
37,18,half_text + noisy_half_diagram[illumination],OK,CP,intersects,CD
37,18,half_text + noisy_half_diagram[illumination],OK,AO,is_a,segment
37,18,half_text + noisy_half_diagram[illumination],OK,PO,is_a,segment
37,18,half_text + noisy_half_diagram[illumination],OK,AO,has_measure,?
37,18,half_text + noisy_half_diagram[illumination],OK,PO,has_measure,?
37,18,half_text + noisy_half_diagram[illumination],OK,∠COP,has_measure,50_deg
37,18,half_text + noisy_half_diagram[illumination],OK,AO,has_measure,PO
,,,,,,
38,18,half_text + noisy_half_diagram[illumination],OK,A,is_a,point
38,18,half_text + noisy_half_diagram[illumination],OK,B,is_a,point
38,18,half_text + noisy_half_diagram[illumination],OK,C,is_a,point
38,18,half_text + noisy_half_diagram[illumination],OK,D,is_a,point
38,18,half_text + noisy_half_diagram[illumination],OK,AB,is_a,segment
38,18,half_text + noisy_half_diagram[illumination],OK,AC,is_a,segment
38,18,half_text + noisy_half_diagram[illumination],OK,AD,is_a,segment
38,18,half_text + noisy_half_diagram[illumination],OK,BC,is_a,segment
38,18,half_text + noisy_half_diagram[illumination],OK,∠BAD,is_a,angle
38,18,half_text + noisy_half_diagram[illumination],OK,∠BAD,has_measure,70_deg
38,18,half_text + noisy_half_diagram[illumination],OK,AD,parallel_to,BC
38,18,half_text + noisy_half_diagram[illumination],OK,Triangle ABC,is_a,triangle
38,18,half_text + noisy_half_diagram[illumination],OK,Triangle ABC,has_measure,AB = AC
38,18,half_text + noisy_half_diagram[illumination],OK,∠BAC,is_a,angle
38,18,half_text + noisy_half_diagram[illumination],OK,∠BAC,has_measure,?
38,18,half_text + noisy_half_diagram[illumination],OK,Find,is_a,query
38,18,half_text + noisy_half_diagram[illumination],OK,Find,has_measure,measure of angle BAC
,,,,,,
40,18,half_text + noisy_half_diagram[illumination],OK,a,is_a,line
40,18,half_text + noisy_half_diagram[illumination],OK,b,is_a,line
40,18,half_text + noisy_half_diagram[illumination],OK,c,is_a,line
40,18,half_text + noisy_half_diagram[illumination],OK,a,parallel_to,b
40,18,half_text + noisy_half_diagram[illumination],OK,P,is_a,point
40,18,half_text + noisy_half_diagram[illumination],OK,Q,is_a,point
40,18,half_text + noisy_half_diagram[illumination],OK,c,intersects,P
40,18,half_text + noisy_half_diagram[illumination],OK,c,intersects,Q
40,18,half_text + noisy_half_diagram[illumination],OK,∠1,is_a,angle
40,18,half_text + noisy_half_diagram[illumination],OK,∠1,has_measure,50_deg
40,18,half_text + noisy_half_diagram[illumination],OK,∠2,is_a,angle
40,18,half_text + noisy_half_diagram[illumination],OK,∠2,has_measure,?
,,,,,,
43,18,half_text + noisy_half_diagram[illumination],OK,A,is_a,point
43,18,half_text + noisy_half_diagram[illumination],OK,B,is_a,point
43,18,half_text + noisy_half_diagram[illumination],OK,C,is_a,point
43,18,half_text + noisy_half_diagram[illumination],OK,D,is_a,point
43,18,half_text + noisy_half_diagram[illumination],OK,O,is_a,point
43,18,half_text + noisy_half_diagram[illumination],OK,AB,is_a,segment
43,18,half_text + noisy_half_diagram[illumination],OK,AC,is_a,segment
43,18,half_text + noisy_half_diagram[illumination],OK,AD,is_a,segment
43,18,half_text + noisy_half_diagram[illumination],OK,BC,is_a,segment
43,18,half_text + noisy_half_diagram[illumination],OK,BD,is_a,segment
43,18,half_text + noisy_half_diagram[illumination],OK,CD,is_a,segment
43,18,half_text + noisy_half_diagram[illumination],OK,OA,is_a,segment
43,18,half_text + noisy_half_diagram[illumination],OK,OB,is_a,segment
43,18,half_text + noisy_half_diagram[illumination],OK,OC,is_a,segment
43,18,half_text + noisy_half_diagram[illumination],OK,OD,is_a,segment
43,18,half_text + noisy_half_diagram[illumination],OK,OAB,is_a,triangle
43,18,half_text + noisy_half_diagram[illumination],OK,ODC,is_a,triangle
43,18,half_text + noisy_half_diagram[illumination],OK,∠AOB,is_a,angle
43,18,half_text + noisy_half_diagram[illumination],OK,∠AOD,is_a,angle
43,18,half_text + noisy_half_diagram[illumination],OK,∠DOB,is_a,angle
43,18,half_text + noisy_half_diagram[illumination],OK,D,lies_on,AB
43,18,half_text + noisy_half_diagram[illumination],OK,O,center_of,?
43,18,half_text + noisy_half_diagram[illumination],OK,OAB,rotated_about,O
43,18,half_text + noisy_half_diagram[illumination],OK,OAB,mapped_to,ODC
43,18,half_text + noisy_half_diagram[illumination],OK,∠AOD,has_measure,30_deg
43,18,half_text + noisy_half_diagram[illumination],OK,∠AOB,has_measure,100_deg
,,,,,,
44,18,half_text + noisy_half_diagram[illumination],OK,A,is_a,point
44,18,half_text + noisy_half_diagram[illumination],OK,B,is_a,point
44,18,half_text + noisy_half_diagram[illumination],OK,A,is_a,street_lamp
44,18,half_text + noisy_half_diagram[illumination],OK,B,is_a,street_lamp
44,18,half_text + noisy_half_diagram[illumination],OK,A,has_measure,25_units
44,18,half_text + noisy_half_diagram[illumination],OK,B,has_measure,30_units
44,18,half_text + noisy_half_diagram[illumination],OK,A,connects,B
44,18,half_text + noisy_half_diagram[illumination],OK,Xiaogang,is_a,person
44,18,half_text + noisy_half_diagram[illumination],OK,Xiaogang,has_measure,1.5_units
44,18,half_text + noisy_half_diagram[illumination],OK,Xiaogang,connects,A
44,18,half_text + noisy_half_diagram[illumination],OK,Xiaogang,connects,B
44,18,half_text + noisy_half_diagram[illumination],OK,A,lies_on,ground
44,18,half_text + noisy_half_diagram[illumination],OK,B,lies_on,ground
44,18,half_text + noisy_half_diagram[illumination],OK,Xiaogang,lies_on,ground
44,18,half_text + noisy_half_diagram[illumination],OK,A,has_measure,?
44,18,half_text + noisy_half_diagram[illumination],OK,B,has_measure,?
,,,,,,
45,18,half_text + noisy_half_diagram[illumination],OK,A,is_a,point
45,18,half_text + noisy_half_diagram[illumination],OK,B,is_a,point
45,18,half_text + noisy_half_diagram[illumination],OK,C,is_a,point
45,18,half_text + noisy_half_diagram[illumination],OK,O,is_a,point
45,18,half_text + noisy_half_diagram[illumination],OK,ABC,is_a,triangle
45,18,half_text + noisy_half_diagram[illumination],OK,O,is_a,circle
45,18,half_text + noisy_half_diagram[illumination],OK,A,lies_on,O
45,18,half_text + noisy_half_diagram[illumination],OK,B,lies_on,O
45,18,half_text + noisy_half_diagram[illumination],OK,C,lies_on,O
45,18,half_text + noisy_half_diagram[illumination],OK,O,center_of,O
45,18,half_text + noisy_half_diagram[illumination],OK,∠ACB,is_a,angle
45,18,half_text + noisy_half_diagram[illumination],OK,∠ACB,has_measure,35_deg
45,18,half_text + noisy_half_diagram[illumination],OK,∠AOB,is_a,angle
45,18,half_text + noisy_half_diagram[illumination],OK,∠AOB,has_measure,?
45,18,half_text + noisy_half_diagram[illumination],OK,∠AOB,query_target,?
,,,,,,
46,18,half_text + noisy_half_diagram[illumination],OK,A,is_a,point
46,18,half_text + noisy_half_diagram[illumination],OK,B,is_a,point
46,18,half_text + noisy_half_diagram[illumination],OK,C,is_a,point
46,18,half_text + noisy_half_diagram[illumination],OK,D,is_a,point
46,18,half_text + noisy_half_diagram[illumination],OK,O,is_a,point
46,18,half_text + noisy_half_diagram[illumination],OK,E,is_a,point
46,18,half_text + noisy_half_diagram[illumination],OK,AB,is_a,segment
46,18,half_text + noisy_half_diagram[illumination],OK,CD,is_a,segment
46,18,half_text + noisy_half_diagram[illumination],OK,AE,is_a,segment
46,18,half_text + noisy_half_diagram[illumination],OK,∠EAB,is_a,angle
46,18,half_text + noisy_half_diagram[illumination],OK,∠EAB,has_measure,70_deg
46,18,half_text + noisy_half_diagram[illumination],OK,AB,parallel_to,CD
46,18,half_text + noisy_half_diagram[illumination],OK,AE,intersects,AB
46,18,half_text + noisy_half_diagram[illumination],OK,AE,intersects,CD
46,18,half_text + noisy_half_diagram[illumination],OK,AB,intersects,"AE, at, A"
46,18,half_text + noisy_half_diagram[illumination],OK,CD,intersects,"AE, at, O"
46,18,half_text + noisy_half_diagram[illumination],OK,AB,is_a,line
46,18,half_text + noisy_half_diagram[illumination],OK,CD,is_a,line
46,18,half_text + noisy_half_diagram[illumination],OK,AE,is_a,line
46,18,half_text + noisy_half_diagram[illumination],OK,∠EOC,is_a,angle
,,,,,,
48,18,half_text + noisy_half_diagram[illumination],OK,O,is_a,circle
48,18,half_text + noisy_half_diagram[illumination],OK,A,is_a,point
48,18,half_text + noisy_half_diagram[illumination],OK,B,is_a,point
48,18,half_text + noisy_half_diagram[illumination],OK,C,is_a,point
48,18,half_text + noisy_half_diagram[illumination],OK,O,center_of,circle
48,18,half_text + noisy_half_diagram[illumination],OK,A,lies_on,circle
48,18,half_text + noisy_half_diagram[illumination],OK,B,lies_on,circle
48,18,half_text + noisy_half_diagram[illumination],OK,C,lies_on,circle
48,18,half_text + noisy_half_diagram[illumination],OK,∠BOC,is_a,angle
48,18,half_text + noisy_half_diagram[illumination],OK,∠BOC,has_measure,100_deg
48,18,half_text + noisy_half_diagram[illumination],OK,A,lies_on,arc
48,18,half_text + noisy_half_diagram[illumination],OK,arc,connects,B
48,18,half_text + noisy_half_diagram[illumination],OK,arc,connects,C
48,18,half_text + noisy_half_diagram[illumination],OK,?,is_a,inscribed_angle
48,18,half_text + noisy_half_diagram[illumination],OK,?,has_measure,?
,,,,,,
49,18,half_text + noisy_half_diagram[illumination],OK,O,is_a,circle
49,18,half_text + noisy_half_diagram[illumination],OK,A,is_a,point
49,18,half_text + noisy_half_diagram[illumination],OK,B,is_a,point
49,18,half_text + noisy_half_diagram[illumination],OK,C,is_a,point
49,18,half_text + noisy_half_diagram[illumination],OK,D,is_a,point
49,18,half_text + noisy_half_diagram[illumination],OK,E,is_a,point
49,18,half_text + noisy_half_diagram[illumination],OK,ABCDE,is_a,pentagon
49,18,half_text + noisy_half_diagram[illumination],OK,O,center_of,circle
49,18,half_text + noisy_half_diagram[illumination],OK,A,lies_on,circle
49,18,half_text + noisy_half_diagram[illumination],OK,B,lies_on,circle
49,18,half_text + noisy_half_diagram[illumination],OK,C,lies_on,circle
49,18,half_text + noisy_half_diagram[illumination],OK,D,lies_on,circle
49,18,half_text + noisy_half_diagram[illumination],OK,E,lies_on,circle
49,18,half_text + noisy_half_diagram[illumination],OK,AE,is_a,segment
49,18,half_text + noisy_half_diagram[illumination],OK,DE,is_a,segment
49,18,half_text + noisy_half_diagram[illumination],OK,ED,is_a,segment
49,18,half_text + noisy_half_diagram[illumination],OK,∠AED,is_a,angle
49,18,half_text + noisy_half_diagram[illumination],OK,∠AED,has_measure,115_deg
49,18,half_text + noisy_half_diagram[illumination],OK,∠BAE,is_a,angle
49,18,half_text + noisy_half_diagram[illumination],OK,∠BAE,has_measure,30_deg
49,18,half_text + noisy_half_diagram[illumination],OK,∠ABC,is_a,angle
,,,,,,
50,18,half_text + noisy_half_diagram[illumination],OK,A,is_a,point
50,18,half_text + noisy_half_diagram[illumination],OK,B,is_a,point
50,18,half_text + noisy_half_diagram[illumination],OK,C,is_a,point
50,18,half_text + noisy_half_diagram[illumination],OK,D,is_a,point
50,18,half_text + noisy_half_diagram[illumination],OK,E,is_a,point
50,18,half_text + noisy_half_diagram[illumination],OK,O,is_a,point
50,18,half_text + noisy_half_diagram[illumination],OK,AB,is_a,line
50,18,half_text + noisy_half_diagram[illumination],OK,CD,is_a,line
50,18,half_text + noisy_half_diagram[illumination],OK,EO,is_a,line
50,18,half_text + noisy_half_diagram[illumination],OK,AB,intersects,CD
50,18,half_text + noisy_half_diagram[illumination],OK,AB,intersects,EO
50,18,half_text + noisy_half_diagram[illumination],OK,CD,intersects,EO
50,18,half_text + noisy_half_diagram[illumination],OK,O,is_a,intersection
50,18,half_text + noisy_half_diagram[illumination],OK,∠AOC,has_measure,50_deg
50,18,half_text + noisy_half_diagram[illumination],OK,EO,perpendicular_to,AB
50,18,half_text + noisy_half_diagram[illumination],OK,∠COE,is_a,angle
50,18,half_text + noisy_half_diagram[illumination],OK,∠COE,has_measure,?
,,,,,,
53,18,half_text + noisy_half_diagram[illumination],OK,a,is_a,line
53,18,half_text + noisy_half_diagram[illumination],OK,b,is_a,line
53,18,half_text + noisy_half_diagram[illumination],OK,c,is_a,line
53,18,half_text + noisy_half_diagram[illumination],OK,a,parallel_to,b
53,18,half_text + noisy_half_diagram[illumination],OK,P,is_a,point
53,18,half_text + noisy_half_diagram[illumination],OK,Q,is_a,point
53,18,half_text + noisy_half_diagram[illumination],OK,c,intersects,a
53,18,half_text + noisy_half_diagram[illumination],OK,c,intersects,b
53,18,half_text + noisy_half_diagram[illumination],OK,c,connects,P
53,18,half_text + noisy_half_diagram[illumination],OK,c,connects,Q
53,18,half_text + noisy_half_diagram[illumination],OK,∠1,is_a,angle
53,18,half_text + noisy_half_diagram[illumination],OK,∠1,has_measure,55_deg
53,18,half_text + noisy_half_diagram[illumination],OK,∠2,is_a,angle
53,18,half_text + noisy_half_diagram[illumination],OK,∠2,is_a,query_target
,,,,,,
55,18,half_text + noisy_half_diagram[illumination],OK,A,is_a,point
55,18,half_text + noisy_half_diagram[illumination],OK,B,is_a,point
55,18,half_text + noisy_half_diagram[illumination],OK,C,is_a,point
55,18,half_text + noisy_half_diagram[illumination],OK,D,is_a,point
55,18,half_text + noisy_half_diagram[illumination],OK,O,is_a,point
55,18,half_text + noisy_half_diagram[illumination],OK,M,is_a,point
55,18,half_text + noisy_half_diagram[illumination],OK,N,is_a,point
55,18,half_text + noisy_half_diagram[illumination],OK,AB,is_a,segment
55,18,half_text + noisy_half_diagram[illumination],OK,CD,is_a,segment
55,18,half_text + noisy_half_diagram[illumination],OK,OM,is_a,segment
55,18,half_text + noisy_half_diagram[illumination],OK,ON,is_a,segment
55,18,half_text + noisy_half_diagram[illumination],OK,∠AOB,is_a,angle
55,18,half_text + noisy_half_diagram[illumination],OK,∠AOC,is_a,angle
55,18,half_text + noisy_half_diagram[illumination],OK,∠CON,is_a,angle
55,18,half_text + noisy_half_diagram[illumination],OK,AB,intersects,O
55,18,half_text + noisy_half_diagram[illumination],OK,CD,intersects,O
55,18,half_text + noisy_half_diagram[illumination],OK,OM,bisects,∠AOC
55,18,half_text + noisy_half_diagram[illumination],OK,ON,perpendicular_to,OM
55,18,half_text + noisy_half_diagram[illumination],OK,∠AOB,has_measure,70_deg
55,18,half_text + noisy_half_diagram[illumination],OK,∠CON,is_a,query_target
,,,,,,
56,18,half_text + noisy_half_diagram[illumination],OK,O,is_a,point
56,18,half_text + noisy_half_diagram[illumination],OK,C,is_a,point
56,18,half_text + noisy_half_diagram[illumination],OK,D,is_a,point
56,18,half_text + noisy_half_diagram[illumination],OK,E,is_a,point
56,18,half_text + noisy_half_diagram[illumination],OK,F,is_a,point
56,18,half_text + noisy_half_diagram[illumination],OK,G,is_a,point
56,18,half_text + noisy_half_diagram[illumination],OK,CD,is_a,segment
56,18,half_text + noisy_half_diagram[illumination],OK,EF,is_a,segment
56,18,half_text + noisy_half_diagram[illumination],OK,∠EOD,is_a,angle
56,18,half_text + noisy_half_diagram[illumination],OK,O,center_of,circle
56,18,half_text + noisy_half_diagram[illumination],OK,CD,diameter_of,circle
56,18,half_text + noisy_half_diagram[illumination],OK,EF,is_a,chord
56,18,half_text + noisy_half_diagram[illumination],OK,CD,intersects,EF
56,18,half_text + noisy_half_diagram[illumination],OK,G,is_a,midpoint
56,18,half_text + noisy_half_diagram[illumination],OK,CD,intersects,G
56,18,half_text + noisy_half_diagram[illumination],OK,EF,intersects,G
56,18,half_text + noisy_half_diagram[illumination],OK,∠EOD,has_measure,?
,,,,,,
57,18,half_text + noisy_half_diagram[illumination],OK,A,is_a,point
57,18,half_text + noisy_half_diagram[illumination],OK,B,is_a,point
57,18,half_text + noisy_half_diagram[illumination],OK,C,is_a,point
57,18,half_text + noisy_half_diagram[illumination],OK,D,is_a,point
57,18,half_text + noisy_half_diagram[illumination],OK,AB,is_a,segment
57,18,half_text + noisy_half_diagram[illumination],OK,CD,is_a,segment
57,18,half_text + noisy_half_diagram[illumination],OK,AD,is_a,segment
57,18,half_text + noisy_half_diagram[illumination],OK,BC,is_a,segment
57,18,half_text + noisy_half_diagram[illumination],OK,AB,parallel_to,CD
57,18,half_text + noisy_half_diagram[illumination],OK,AD,intersects,A
57,18,half_text + noisy_half_diagram[illumination],OK,AD,intersects,D
57,18,half_text + noisy_half_diagram[illumination],OK,BC,intersects,B
57,18,half_text + noisy_half_diagram[illumination],OK,BC,intersects,C
57,18,half_text + noisy_half_diagram[illumination],OK,∠B,is_a,angle
57,18,half_text + noisy_half_diagram[illumination],OK,∠B,has_measure,20_deg
57,18,half_text + noisy_half_diagram[illumination],OK,∠C,is_a,angle
57,18,half_text + noisy_half_diagram[illumination],OK,∠C,has_measure,?
,,,,,,
58,18,half_text + noisy_half_diagram[illumination],OK,A,is_a,point
58,18,half_text + noisy_half_diagram[illumination],OK,B,is_a,point
58,18,half_text + noisy_half_diagram[illumination],OK,C,is_a,point
58,18,half_text + noisy_half_diagram[illumination],OK,D,is_a,point
58,18,half_text + noisy_half_diagram[illumination],OK,E,is_a,point
58,18,half_text + noisy_half_diagram[illumination],OK,AB,is_a,line
58,18,half_text + noisy_half_diagram[illumination],OK,CD,is_a,line
58,18,half_text + noisy_half_diagram[illumination],OK,EC,is_a,segment
58,18,half_text + noisy_half_diagram[illumination],OK,ED,is_a,segment
58,18,half_text + noisy_half_diagram[illumination],OK,AB,parallel_to,CD
58,18,half_text + noisy_half_diagram[illumination],OK,E,lies_on,AB
58,18,half_text + noisy_half_diagram[illumination],OK,EC,intersects,CD
58,18,half_text + noisy_half_diagram[illumination],OK,ED,intersects,CD
58,18,half_text + noisy_half_diagram[illumination],OK,∠CEB,is_a,angle
58,18,half_text + noisy_half_diagram[illumination],OK,∠CEB,has_measure,90_deg
58,18,half_text + noisy_half_diagram[illumination],OK,∠AEC,is_a,angle
58,18,half_text + noisy_half_diagram[illumination],OK,∠AEC,has_measure,35_deg
58,18,half_text + noisy_half_diagram[illumination],OK,∠EDC,is_a,angle
58,18,half_text + noisy_half_diagram[illumination],OK,∠EDC,has_measure,?
,,,,,,
59,18,half_text + noisy_half_diagram[illumination],OK,A,is_a,point
59,18,half_text + noisy_half_diagram[illumination],OK,B,is_a,point
59,18,half_text + noisy_half_diagram[illumination],OK,C,is_a,point
59,18,half_text + noisy_half_diagram[illumination],OK,D,is_a,point
59,18,half_text + noisy_half_diagram[illumination],OK,AB,is_a,segment
59,18,half_text + noisy_half_diagram[illumination],OK,CD,is_a,segment
59,18,half_text + noisy_half_diagram[illumination],OK,AD,is_a,segment
59,18,half_text + noisy_half_diagram[illumination],OK,∠ACD,is_a,angle
59,18,half_text + noisy_half_diagram[illumination],OK,∠ACD,has_measure,80_deg
59,18,half_text + noisy_half_diagram[illumination],OK,AB,parallel_to,CD
59,18,half_text + noisy_half_diagram[illumination],OK,AD,bisects,∠BAC
59,18,half_text + noisy_half_diagram[illumination],OK,?,is_a,query_target
,,,,,,
60,18,half_text + noisy_half_diagram[illumination],OK,AB,is_a,line
60,18,half_text + noisy_half_diagram[illumination],OK,CD,is_a,line
60,18,half_text + noisy_half_diagram[illumination],OK,EF,is_a,line
60,18,half_text + noisy_half_diagram[illumination],OK,AB,parallel_to,CD
60,18,half_text + noisy_half_diagram[illumination],OK,EF,intersects,AB
60,18,half_text + noisy_half_diagram[illumination],OK,EF,intersects,CD
60,18,half_text + noisy_half_diagram[illumination],OK,∠CEF,is_a,angle
60,18,half_text + noisy_half_diagram[illumination],OK,∠CEF,has_measure,135_deg
60,18,half_text + noisy_half_diagram[illumination],OK,∠1,is_a,angle
60,18,half_text + noisy_half_diagram[illumination],OK,∠2,is_a,angle
60,18,half_text + noisy_half_diagram[illumination],OK,AB,connects,"A, B"
60,18,half_text + noisy_half_diagram[illumination],OK,CD,connects,"C, D"
60,18,half_text + noisy_half_diagram[illumination],OK,EF,connects,"E, F"
60,18,half_text + noisy_half_diagram[illumination],OK,AB,intersects,"EF, at, P"
60,18,half_text + noisy_half_diagram[illumination],OK,CD,intersects,"EF, at, E"
60,18,half_text + noisy_half_diagram[illumination],OK,∠1,lies_on,P
60,18,half_text + noisy_half_diagram[illumination],OK,∠2,lies_on,E
60,18,half_text + noisy_half_diagram[illumination],OK,∠1,is_a,query_target
,,,,,,
64,18,half_text + noisy_half_diagram[illumination],OK,A,is_a,point
64,18,half_text + noisy_half_diagram[illumination],OK,B,is_a,point
64,18,half_text + noisy_half_diagram[illumination],OK,O,is_a,point
64,18,half_text + noisy_half_diagram[illumination],OK,AB,is_a,segment
64,18,half_text + noisy_half_diagram[illumination],OK,O,center_of,circle
64,18,half_text + noisy_half_diagram[illumination],OK,AB,connects,A
64,18,half_text + noisy_half_diagram[illumination],OK,AB,connects,B
64,18,half_text + noisy_half_diagram[illumination],OK,O,lies_on,AB
64,18,half_text + noisy_half_diagram[illumination],OK,AB,has_measure,160_units
64,18,half_text + noisy_half_diagram[illumination],OK,circle,has_measure,200_units
64,18,half_text + noisy_half_diagram[illumination],OK,cylindrical_oil_tank,contains,oil
64,18,half_text + noisy_half_diagram[illumination],OK,oil_surface,has_measure,160_units
64,18,half_text + noisy_half_diagram[illumination],OK,maximum_depth_of_oil,is_a,?
,,,,,,
72,18,half_text + noisy_half_diagram[illumination],OK,A,is_a,point
72,18,half_text + noisy_half_diagram[illumination],OK,B,is_a,point
72,18,half_text + noisy_half_diagram[illumination],OK,C,is_a,point
72,18,half_text + noisy_half_diagram[illumination],OK,D,is_a,point
72,18,half_text + noisy_half_diagram[illumination],OK,O,is_a,point
72,18,half_text + noisy_half_diagram[illumination],OK,E,is_a,point
72,18,half_text + noisy_half_diagram[illumination],OK,AB,is_a,segment
72,18,half_text + noisy_half_diagram[illumination],OK,BC,is_a,segment
72,18,half_text + noisy_half_diagram[illumination],OK,CD,is_a,segment
72,18,half_text + noisy_half_diagram[illumination],OK,DA,is_a,segment
72,18,half_text + noisy_half_diagram[illumination],OK,AC,is_a,segment
72,18,half_text + noisy_half_diagram[illumination],OK,BD,is_a,segment
72,18,half_text + noisy_half_diagram[illumination],OK,ABCD,is_a,parallelogram
72,18,half_text + noisy_half_diagram[illumination],OK,O,intersects,AC
72,18,half_text + noisy_half_diagram[illumination],OK,O,intersects,BD
72,18,half_text + noisy_half_diagram[illumination],OK,OE,is_a,segment
72,18,half_text + noisy_half_diagram[illumination],OK,E,lies_on,AD
72,18,half_text + noisy_half_diagram[illumination],OK,OE,perpendicular_to,AC
72,18,half_text + noisy_half_diagram[illumination],OK,AB + BC + CD + DA,has_measure,16_units
,,,,,,
73,18,half_text + noisy_half_diagram[illumination],OK,A,is_a,point
73,18,half_text + noisy_half_diagram[illumination],OK,B,is_a,point
73,18,half_text + noisy_half_diagram[illumination],OK,C,is_a,point
73,18,half_text + noisy_half_diagram[illumination],OK,O,is_a,point
73,18,half_text + noisy_half_diagram[illumination],OK,AB,is_a,segment
73,18,half_text + noisy_half_diagram[illumination],OK,BC,is_a,segment
73,18,half_text + noisy_half_diagram[illumination],OK,CA,is_a,segment
73,18,half_text + noisy_half_diagram[illumination],OK,O,center_of,circle
73,18,half_text + noisy_half_diagram[illumination],OK,ABC,is_a,triangle
73,18,half_text + noisy_half_diagram[illumination],OK,ABC,lies_on,circle
73,18,half_text + noisy_half_diagram[illumination],OK,∠ABC,is_a,angle
73,18,half_text + noisy_half_diagram[illumination],OK,∠ABC,has_measure,70_deg
73,18,half_text + noisy_half_diagram[illumination],OK,O,lies_on,circle
73,18,half_text + noisy_half_diagram[illumination],OK,??,is_a,angle
73,18,half_text + noisy_half_diagram[illumination],OK,??,has_measure,?
,,,,,,
78,18,half_text + noisy_half_diagram[illumination],OK,A,is_a,point
78,18,half_text + noisy_half_diagram[illumination],OK,B,is_a,point
78,18,half_text + noisy_half_diagram[illumination],OK,C,is_a,point
78,18,half_text + noisy_half_diagram[illumination],OK,D,is_a,point
78,18,half_text + noisy_half_diagram[illumination],OK,E,is_a,point
78,18,half_text + noisy_half_diagram[illumination],OK,AB,is_a,segment
78,18,half_text + noisy_half_diagram[illumination],OK,CD,is_a,segment
78,18,half_text + noisy_half_diagram[illumination],OK,AE,is_a,segment
78,18,half_text + noisy_half_diagram[illumination],OK,∠CAB,is_a,angle
78,18,half_text + noisy_half_diagram[illumination],OK,∠AED,is_a,angle
78,18,half_text + noisy_half_diagram[illumination],OK,AB,parallel_to,CD
78,18,half_text + noisy_half_diagram[illumination],OK,E,lies_on,CD
78,18,half_text + noisy_half_diagram[illumination],OK,AE,bisects,∠CAB
78,18,half_text + noisy_half_diagram[illumination],OK,∠AED,has_measure,?
,,,,,,
79,18,half_text + noisy_half_diagram[illumination],OK,A,is_a,point
79,18,half_text + noisy_half_diagram[illumination],OK,B,is_a,point
79,18,half_text + noisy_half_diagram[illumination],OK,C,is_a,point
79,18,half_text + noisy_half_diagram[illumination],OK,D,is_a,point
79,18,half_text + noisy_half_diagram[illumination],OK,O,is_a,point
79,18,half_text + noisy_half_diagram[illumination],OK,E,is_a,point
79,18,half_text + noisy_half_diagram[illumination],OK,AB,is_a,segment
79,18,half_text + noisy_half_diagram[illumination],OK,BC,is_a,segment
79,18,half_text + noisy_half_diagram[illumination],OK,CD,is_a,segment
79,18,half_text + noisy_half_diagram[illumination],OK,DA,is_a,segment
79,18,half_text + noisy_half_diagram[illumination],OK,AC,is_a,segment
79,18,half_text + noisy_half_diagram[illumination],OK,BD,is_a,segment
79,18,half_text + noisy_half_diagram[illumination],OK,ABCD,is_a,parallelogram
79,18,half_text + noisy_half_diagram[illumination],OK,AC,intersects,BD
79,18,half_text + noisy_half_diagram[illumination],OK,AC,intersects,O
79,18,half_text + noisy_half_diagram[illumination],OK,BD,intersects,O
79,18,half_text + noisy_half_diagram[illumination],OK,AD,is_a,segment
79,18,half_text + noisy_half_diagram[illumination],OK,AD,intersects,E
79,18,half_text + noisy_half_diagram[illumination],OK,O,lies_on,AC
79,18,half_text + noisy_half_diagram[illumination],OK,E,lies_on,AD
79,18,half_text + noisy_half_diagram[illumination],OK,OE,perpendicular_to,AC
79,18,half_text + noisy_half_diagram[illumination],OK,AB + BC + CD + DA,has_measure,32_units
79,18,half_text + noisy_half_diagram[illumination],OK,perimeter_of_triangle_DCE,is_a,query_target
,,,,,,
81,18,half_text + noisy_half_diagram[illumination],OK,A,is_a,point
81,18,half_text + noisy_half_diagram[illumination],OK,B,is_a,point
81,18,half_text + noisy_half_diagram[illumination],OK,C,is_a,point
81,18,half_text + noisy_half_diagram[illumination],OK,D,is_a,point
81,18,half_text + noisy_half_diagram[illumination],OK,E,is_a,point
81,18,half_text + noisy_half_diagram[illumination],OK,AB,is_a,segment
81,18,half_text + noisy_half_diagram[illumination],OK,AC,is_a,segment
81,18,half_text + noisy_half_diagram[illumination],OK,BC,is_a,segment
81,18,half_text + noisy_half_diagram[illumination],OK,AD,is_a,segment
81,18,half_text + noisy_half_diagram[illumination],OK,AE,is_a,segment
81,18,half_text + noisy_half_diagram[illumination],OK,DE,is_a,segment
81,18,half_text + noisy_half_diagram[illumination],OK,∠BAC,is_a,angle
81,18,half_text + noisy_half_diagram[illumination],OK,∠BAC,has_measure,90_deg
81,18,half_text + noisy_half_diagram[illumination],OK,∠ABC,is_a,angle
81,18,half_text + noisy_half_diagram[illumination],OK,∠ABC,has_measure,50_deg
81,18,half_text + noisy_half_diagram[illumination],OK,AD,perpendicular_to,BC
81,18,half_text + noisy_half_diagram[illumination],OK,AE,intersects,DC
81,18,half_text + noisy_half_diagram[illumination],OK,E,lies_on,DC
81,18,half_text + noisy_half_diagram[illumination],OK,∠DAE,is_a,angle
,,,,,,
84,18,half_text + noisy_half_diagram[illumination],OK,A,is_a,point
84,18,half_text + noisy_half_diagram[illumination],OK,B,is_a,point
84,18,half_text + noisy_half_diagram[illumination],OK,C,is_a,point
84,18,half_text + noisy_half_diagram[illumination],OK,O,is_a,point
84,18,half_text + noisy_half_diagram[illumination],OK,ABC,is_a,triangle
84,18,half_text + noisy_half_diagram[illumination],OK,O,is_a,circle
84,18,half_text + noisy_half_diagram[illumination],OK,A,lies_on,O
84,18,half_text + noisy_half_diagram[illumination],OK,B,lies_on,O
84,18,half_text + noisy_half_diagram[illumination],OK,C,lies_on,O
84,18,half_text + noisy_half_diagram[illumination],OK,O,center_of,O
84,18,half_text + noisy_half_diagram[illumination],OK,AB,is_a,segment
84,18,half_text + noisy_half_diagram[illumination],OK,BC,is_a,segment
84,18,half_text + noisy_half_diagram[illumination],OK,CA,is_a,segment
84,18,half_text + noisy_half_diagram[illumination],OK,∠BAC,is_a,angle
84,18,half_text + noisy_half_diagram[illumination],OK,∠BAC,has_measure,60_deg
84,18,half_text + noisy_half_diagram[illumination],OK,AC,is_a,segment
84,18,half_text + noisy_half_diagram[illumination],OK,AC,has_measure,1_unit
84,18,half_text + noisy_half_diagram[illumination],OK,BC,has_measure,?
84,18,half_text + noisy_half_diagram[illumination],OK,Triangle ABC,is_a,triangle
84,18,half_text + noisy_half_diagram[illumination],OK,Triangle ABC,inscribed_in,O
,,,,,,
86,18,half_text + noisy_half_diagram[illumination],OK,A,is_a,point
86,18,half_text + noisy_half_diagram[illumination],OK,B,is_a,point
86,18,half_text + noisy_half_diagram[illumination],OK,C,is_a,point
86,18,half_text + noisy_half_diagram[illumination],OK,O,is_a,point
86,18,half_text + noisy_half_diagram[illumination],OK,ABC,is_a,triangle
86,18,half_text + noisy_half_diagram[illumination],OK,O,is_a,circle
86,18,half_text + noisy_half_diagram[illumination],OK,O,center_of,ABC
86,18,half_text + noisy_half_diagram[illumination],OK,∠BAC,is_a,angle
86,18,half_text + noisy_half_diagram[illumination],OK,∠BAC,has_measure,60_deg
86,18,half_text + noisy_half_diagram[illumination],OK,OB,is_a,radius
86,18,half_text + noisy_half_diagram[illumination],OK,OC,is_a,radius
86,18,half_text + noisy_half_diagram[illumination],OK,OB,has_measure,2_units
86,18,half_text + noisy_half_diagram[illumination],OK,OC,has_measure,2_units
86,18,half_text + noisy_half_diagram[illumination],OK,OB,perpendicular_to,BC
86,18,half_text + noisy_half_diagram[illumination],OK,BC,is_a,segment
86,18,half_text + noisy_half_diagram[illumination],OK,BC,connects,"B, C"
86,18,half_text + noisy_half_diagram[illumination],OK,O,lies_on,AB
86,18,half_text + noisy_half_diagram[illumination],OK,O,lies_on,AC
86,18,half_text + noisy_half_diagram[illumination],OK,O,lies_on,BC
86,18,half_text + noisy_half_diagram[illumination],OK,BC,is_a,query_target
,,,,,,
88,18,half_text + noisy_half_diagram[illumination],OK,A,is_a,point
88,18,half_text + noisy_half_diagram[illumination],OK,B,is_a,point
88,18,half_text + noisy_half_diagram[illumination],OK,C,is_a,point
88,18,half_text + noisy_half_diagram[illumination],OK,O,is_a,point
88,18,half_text + noisy_half_diagram[illumination],OK,A,lies_on,circle
88,18,half_text + noisy_half_diagram[illumination],OK,B,lies_on,circle
88,18,half_text + noisy_half_diagram[illumination],OK,C,lies_on,circle
88,18,half_text + noisy_half_diagram[illumination],OK,O,center_of,circle
88,18,half_text + noisy_half_diagram[illumination],OK,∠ACO,is_a,angle
88,18,half_text + noisy_half_diagram[illumination],OK,∠ACO,has_measure,42_deg
88,18,half_text + noisy_half_diagram[illumination],OK,∠ABO,is_a,angle
88,18,half_text + noisy_half_diagram[illumination],OK,∠ABO,has_measure,22_deg
88,18,half_text + noisy_half_diagram[illumination],OK,∠BOC,is_a,angle
88,18,half_text + noisy_half_diagram[illumination],OK,∠BOC,has_measure,?
88,18,half_text + noisy_half_diagram[illumination],OK,AB,is_a,chord
88,18,half_text + noisy_half_diagram[illumination],OK,AC,is_a,chord
88,18,half_text + noisy_half_diagram[illumination],OK,BC,is_a,chord
88,18,half_text + noisy_half_diagram[illumination],OK,OA,is_a,radius
88,18,half_text + noisy_half_diagram[illumination],OK,OB,is_a,radius
88,18,half_text + noisy_half_diagram[illumination],OK,OC,is_a,radius
88,18,half_text + noisy_half_diagram[illumination],OK,OA,connects,A
88,18,half_text + noisy_half_diagram[illumination],OK,OB,connects,B
88,18,half_text + noisy_half_diagram[illumination],OK,OC,connects,C
88,18,half_text + noisy_half_diagram[illumination],OK,A,connects,B
88,18,half_text + noisy_half_diagram[illumination],OK,A,connects,C
88,18,half_text + noisy_half_diagram[illumination],OK,B,connects,C
,,,,,,
95,18,half_text + noisy_half_diagram[illumination],OK,O,is_a,circle
95,18,half_text + noisy_half_diagram[illumination],OK,B,is_a,point
95,18,half_text + noisy_half_diagram[illumination],OK,C,is_a,point
95,18,half_text + noisy_half_diagram[illumination],OK,A,is_a,point
95,18,half_text + noisy_half_diagram[illumination],OK,D,is_a,point
95,18,half_text + noisy_half_diagram[illumination],OK,OA,is_a,radius
95,18,half_text + noisy_half_diagram[illumination],OK,BC,is_a,chord
95,18,half_text + noisy_half_diagram[illumination],OK,∠BAC,is_a,angle
95,18,half_text + noisy_half_diagram[illumination],OK,∠ADC,is_a,angle
95,18,half_text + noisy_half_diagram[illumination],OK,O,center_of,O
95,18,half_text + noisy_half_diagram[illumination],OK,OA,radius_of,O
95,18,half_text + noisy_half_diagram[illumination],OK,BC,intersects,OA
95,18,half_text + noisy_half_diagram[illumination],OK,BC,intersects,D
95,18,half_text + noisy_half_diagram[illumination],OK,OA,intersects,D
95,18,half_text + noisy_half_diagram[illumination],OK,AB,connects,B
95,18,half_text + noisy_half_diagram[illumination],OK,AB,connects,A
95,18,half_text + noisy_half_diagram[illumination],OK,OC,connects,O
95,18,half_text + noisy_half_diagram[illumination],OK,OC,connects,C
95,18,half_text + noisy_half_diagram[illumination],OK,∠BAC,has_measure,60_deg
95,18,half_text + noisy_half_diagram[illumination],OK,∠ADC,has_measure,90_deg
95,18,half_text + noisy_half_diagram[illumination],OK,?,is_a,angle
,,,,,,
99,18,half_text + noisy_half_diagram[illumination],OK,A,is_a,point
99,18,half_text + noisy_half_diagram[illumination],OK,B,is_a,point
99,18,half_text + noisy_half_diagram[illumination],OK,C,is_a,point
99,18,half_text + noisy_half_diagram[illumination],OK,D,is_a,point
99,18,half_text + noisy_half_diagram[illumination],OK,O,is_a,circle
99,18,half_text + noisy_half_diagram[illumination],OK,AB,is_a,segment
99,18,half_text + noisy_half_diagram[illumination],OK,CD,is_a,segment
99,18,half_text + noisy_half_diagram[illumination],OK,AB,diameter_of,O
99,18,half_text + noisy_half_diagram[illumination],OK,CD,lies_on,O
99,18,half_text + noisy_half_diagram[illumination],OK,∠CAD,is_a,angle
99,18,half_text + noisy_half_diagram[illumination],OK,∠CAD,has_measure,26_deg
99,18,half_text + noisy_half_diagram[illumination],OK,∠CAB,is_a,angle
99,18,half_text + noisy_half_diagram[illumination],OK,∠CAB,has_measure,?
99,18,half_text + noisy_half_diagram[illumination],OK,AB,connects,"A, B"
99,18,half_text + noisy_half_diagram[illumination],OK,CD,connects,"C, D"
99,18,half_text + noisy_half_diagram[illumination],OK,A,lies_on,O
99,18,half_text + noisy_half_diagram[illumination],OK,B,lies_on,O
99,18,half_text + noisy_half_diagram[illumination],OK,C,lies_on,O
99,18,half_text + noisy_half_diagram[illumination],OK,D,lies_on,O
,,,,,,
108,18,half_text + noisy_half_diagram[illumination],OK,CD,is_a,segment
108,18,half_text + noisy_half_diagram[illumination],OK,CD,has_measure,8.0_units
108,18,half_text + noisy_half_diagram[illumination],OK,O,is_a,point
108,18,half_text + noisy_half_diagram[illumination],OK,O,is_a,center
108,18,half_text + noisy_half_diagram[illumination],OK,A,is_a,point
108,18,half_text + noisy_half_diagram[illumination],OK,B,is_a,point
108,18,half_text + noisy_half_diagram[illumination],OK,C,is_a,point
108,18,half_text + noisy_half_diagram[illumination],OK,D,is_a,point
108,18,half_text + noisy_half_diagram[illumination],OK,AB,is_a,segment
108,18,half_text + noisy_half_diagram[illumination],OK,OC,is_a,segment
108,18,half_text + noisy_half_diagram[illumination],OK,OC,has_measure,5_units
108,18,half_text + noisy_half_diagram[illumination],OK,O,center_of,arch
108,18,half_text + noisy_half_diagram[illumination],OK,AB,is_a,width
108,18,half_text + noisy_half_diagram[illumination],OK,AB,is_a,water_surface
108,18,half_text + noisy_half_diagram[illumination],OK,CD,connects,"C, D"
108,18,half_text + noisy_half_diagram[illumination],OK,OC,connects,"O, C"
108,18,half_text + noisy_half_diagram[illumination],OK,AB,connects,"A, B"
108,18,half_text + noisy_half_diagram[illumination],OK,?,is_a,query_target
,,,,,,
109,18,half_text + noisy_half_diagram[illumination],OK,A,is_a,point
109,18,half_text + noisy_half_diagram[illumination],OK,B,is_a,point
109,18,half_text + noisy_half_diagram[illumination],OK,C,is_a,point
109,18,half_text + noisy_half_diagram[illumination],OK,D,is_a,point
109,18,half_text + noisy_half_diagram[illumination],OK,E,is_a,point
109,18,half_text + noisy_half_diagram[illumination],OK,AB,is_a,segment
109,18,half_text + noisy_half_diagram[illumination],OK,BC,is_a,segment
109,18,half_text + noisy_half_diagram[illumination],OK,DE,is_a,segment
109,18,half_text + noisy_half_diagram[illumination],OK,∠ADB,is_a,angle
109,18,half_text + noisy_half_diagram[illumination],OK,∠BEC,is_a,angle
109,18,half_text + noisy_half_diagram[illumination],OK,∠ADB,has_measure,130_deg
109,18,half_text + noisy_half_diagram[illumination],OK,DE,intersects,AB
109,18,half_text + noisy_half_diagram[illumination],OK,DE,intersects,BC
109,18,half_text + noisy_half_diagram[illumination],OK,Triangle ABC,is_a,triangle
109,18,half_text + noisy_half_diagram[illumination],OK,∠BEC,is_a,query_target
,,,,,,
112,18,half_text + noisy_half_diagram[illumination],OK,A,is_a,point
112,18,half_text + noisy_half_diagram[illumination],OK,B,is_a,point
112,18,half_text + noisy_half_diagram[illumination],OK,O,is_a,point
112,18,half_text + noisy_half_diagram[illumination],OK,AO,is_a,segment
112,18,half_text + noisy_half_diagram[illumination],OK,AB,is_a,segment
112,18,half_text + noisy_half_diagram[illumination],OK,AO,has_measure,0.7
112,18,half_text + noisy_half_diagram[illumination],OK,AB,has_measure,2.5
112,18,half_text + noisy_half_diagram[illumination],OK,AO,is_a,height
112,18,half_text + noisy_half_diagram[illumination],OK,AB,is_a,slant_height
112,18,half_text + noisy_half_diagram[illumination],OK,AO,connects,A
112,18,half_text + noisy_half_diagram[illumination],OK,AO,connects,O
112,18,half_text + noisy_half_diagram[illumination],OK,AB,connects,A
112,18,half_text + noisy_half_diagram[illumination],OK,AB,connects,B
112,18,half_text + noisy_half_diagram[illumination],OK,AO,is_a,"height_of, cone"
112,18,half_text + noisy_half_diagram[illumination],OK,AB,is_a,"slant_height_of, cone"
112,18,half_text + noisy_half_diagram[illumination],OK,?,is_a,"length_of, AO"
,,,,,,
114,18,half_text + noisy_half_diagram[illumination],OK,OAB,is_a,sector
114,18,half_text + noisy_half_diagram[illumination],OK,OAB,has_measure,1.0
114,18,half_text + noisy_half_diagram[illumination],OK,OA,is_a,diameter
114,18,half_text + noisy_half_diagram[illumination],OK,OB,is_a,diameter
114,18,half_text + noisy_half_diagram[illumination],OK,OA,is_a,semicircle
114,18,half_text + noisy_half_diagram[illumination],OK,OB,is_a,semicircle
114,18,half_text + noisy_half_diagram[illumination],OK,O,is_a,point
114,18,half_text + noisy_half_diagram[illumination],OK,A,is_a,point
114,18,half_text + noisy_half_diagram[illumination],OK,B,is_a,point
114,18,half_text + noisy_half_diagram[illumination],OK,OAB,has_measure,90_deg
114,18,half_text + noisy_half_diagram[illumination],OK,?,is_a,shaded_part
114,18,half_text + noisy_half_diagram[illumination],OK,?,is_a,area
,,,,,,
115,18,half_text + noisy_half_diagram[illumination],OK,sector,is_a,paper_sheet
115,18,half_text + noisy_half_diagram[illumination],OK,sector,has_measure,120_deg
115,18,half_text + noisy_half_diagram[illumination],OK,sector,mapped_to,conical_bottomless_paper_cap
115,18,half_text + noisy_half_diagram[illumination],OK,conical_bottomless_paper_cap,has_measure,?
115,18,half_text + noisy_half_diagram[illumination],OK,conical_bottomless_paper_cap,is_a,paper_cap
,,,,,,
117,18,half_text + noisy_half_diagram[illumination],OK,sector,is_a,sector_piece_of_paper
117,18,half_text + noisy_half_diagram[illumination],OK,sector,has_measure,120_deg
117,18,half_text + noisy_half_diagram[illumination],OK,sector,is_rolled_into,cone
117,18,half_text + noisy_half_diagram[illumination],OK,cone,is_a,cone_shaped_bottomless_paper_cap
117,18,half_text + noisy_half_diagram[illumination],OK,cone,has_measure,3_units
117,18,half_text + noisy_half_diagram[illumination],OK,height,is_a,query_target
,,,,,,
119,18,half_text + noisy_half_diagram[illumination],OK,sector,is_a,cardboard
119,18,half_text + noisy_half_diagram[illumination],OK,cardboard,is_a,sector
119,18,half_text + noisy_half_diagram[illumination],OK,sector,mapped_to,conical_hat
119,18,half_text + noisy_half_diagram[illumination],OK,conical_hat,is_a,hat
119,18,half_text + noisy_half_diagram[illumination],OK,conical_hat,has_measure,10.0_cm
119,18,half_text + noisy_half_diagram[illumination],OK,conical_hat,center_of,O
119,18,half_text + noisy_half_diagram[illumination],OK,O,is_a,point
119,18,half_text + noisy_half_diagram[illumination],OK,sector,has_measure,24
119,18,half_text + noisy_half_diagram[illumination],OK,sector,has_measure,?
,,,,,,
120,18,half_text + noisy_half_diagram[illumination],OK,cone,is_a,cone
120,18,half_text + noisy_half_diagram[illumination],OK,generatrix,is_a,segment
120,18,half_text + noisy_half_diagram[illumination],OK,generatrix,has_measure,5.0_units
120,18,half_text + noisy_half_diagram[illumination],OK,bottom_area,is_a,area
120,18,half_text + noisy_half_diagram[illumination],OK,bottom_area,has_measure,?
120,18,half_text + noisy_half_diagram[illumination],OK,cone,has_measure,4_units
,,,,,,
123,18,half_text + noisy_half_diagram[illumination],OK,A,is_a,point
123,18,half_text + noisy_half_diagram[illumination],OK,B,is_a,point
123,18,half_text + noisy_half_diagram[illumination],OK,C,is_a,point
123,18,half_text + noisy_half_diagram[illumination],OK,ABC,is_a,triangle
123,18,half_text + noisy_half_diagram[illumination],OK,ACB,is_a,angle
123,18,half_text + noisy_half_diagram[illumination],OK,ACB,has_measure,90_deg
123,18,half_text + noisy_half_diagram[illumination],OK,AC,is_a,segment
123,18,half_text + noisy_half_diagram[illumination],OK,AC,has_measure,5_units
123,18,half_text + noisy_half_diagram[illumination],OK,BC,is_a,segment
123,18,half_text + noisy_half_diagram[illumination],OK,BC,has_measure,3_units
123,18,half_text + noisy_half_diagram[illumination],OK,ABC,rotated_about,AC
123,18,half_text + noisy_half_diagram[illumination],OK,Lateral Surface Area,is_a,query_target
,,,,,,
128,18,half_text + noisy_half_diagram[illumination],OK,A,is_a,point
128,18,half_text + noisy_half_diagram[illumination],OK,B,is_a,point
128,18,half_text + noisy_half_diagram[illumination],OK,O,is_a,point
128,18,half_text + noisy_half_diagram[illumination],OK,OA,is_a,segment
128,18,half_text + noisy_half_diagram[illumination],OK,OB,is_a,segment
128,18,half_text + noisy_half_diagram[illumination],OK,AB,is_a,segment
128,18,half_text + noisy_half_diagram[illumination],OK,OA,has_measure,6_units
128,18,half_text + noisy_half_diagram[illumination],OK,∠AOB,is_a,angle
128,18,half_text + noisy_half_diagram[illumination],OK,∠AOB,has_measure,120_deg
128,18,half_text + noisy_half_diagram[illumination],OK,O,center_of,sector
128,18,half_text + noisy_half_diagram[illumination],OK,OA,connects,A
128,18,half_text + noisy_half_diagram[illumination],OK,O,connects,A
128,18,half_text + noisy_half_diagram[illumination],OK,O,connects,B
128,18,half_text + noisy_half_diagram[illumination],OK,OA,rotated_about,O
128,18,half_text + noisy_half_diagram[illumination],OK,OB,rotated_about,O
128,18,half_text + noisy_half_diagram[illumination],OK,OA,mapped_to,cone
128,18,half_text + noisy_half_diagram[illumination],OK,OB,mapped_to,cone
128,18,half_text + noisy_half_diagram[illumination],OK,cone,is_a,cone
128,18,half_text + noisy_half_diagram[illumination],OK,cone,has_measure,?
,,,,,,
132,18,half_text + noisy_half_diagram[illumination],OK,A,is_a,point
132,18,half_text + noisy_half_diagram[illumination],OK,B,is_a,point
132,18,half_text + noisy_half_diagram[illumination],OK,C,is_a,point
132,18,half_text + noisy_half_diagram[illumination],OK,D,is_a,point
132,18,half_text + noisy_half_diagram[illumination],OK,E,is_a,point
132,18,half_text + noisy_half_diagram[illumination],OK,F,is_a,point
132,18,half_text + noisy_half_diagram[illumination],OK,G,is_a,point
132,18,half_text + noisy_half_diagram[illumination],OK,DE,is_a,segment
132,18,half_text + noisy_half_diagram[illumination],OK,AB,is_a,segment
132,18,half_text + noisy_half_diagram[illumination],OK,GE,is_a,segment
132,18,half_text + noisy_half_diagram[illumination],OK,EF,is_a,segment
132,18,half_text + noisy_half_diagram[illumination],OK,A,lies_on,AB
132,18,half_text + noisy_half_diagram[illumination],OK,B,lies_on,AB
132,18,half_text + noisy_half_diagram[illumination],OK,C,lies_on,AB
132,18,half_text + noisy_half_diagram[illumination],OK,D,lies_on,DE
132,18,half_text + noisy_half_diagram[illumination],OK,E,lies_on,DE
132,18,half_text + noisy_half_diagram[illumination],OK,F,lies_on,EF
132,18,half_text + noisy_half_diagram[illumination],OK,G,lies_on,GE
132,18,half_text + noisy_half_diagram[illumination],OK,DE,has_measure,0.6_units
132,18,half_text + noisy_half_diagram[illumination],OK,GE,has_measure,2.0_units
132,18,half_text + noisy_half_diagram[illumination],OK,EF,has_measure,1.6_units
132,18,half_text + noisy_half_diagram[illumination],OK,A,collinear_with,B
132,18,half_text + noisy_half_diagram[illumination],OK,A,collinear_with,C
132,18,half_text + noisy_half_diagram[illumination],OK,B,collinear_with,C
,,,,,,
133,18,half_text + noisy_half_diagram[illumination],OK,P,is_a,point
133,18,half_text + noisy_half_diagram[illumination],OK,Q,is_a,point
133,18,half_text + noisy_half_diagram[illumination],OK,S,is_a,point
133,18,half_text + noisy_half_diagram[illumination],OK,T,is_a,point
133,18,half_text + noisy_half_diagram[illumination],OK,R,is_a,point
133,18,half_text + noisy_half_diagram[illumination],OK,PS,is_a,segment
133,18,half_text + noisy_half_diagram[illumination],OK,QS,is_a,segment
133,18,half_text + noisy_half_diagram[illumination],OK,QR,is_a,segment
133,18,half_text + noisy_half_diagram[illumination],OK,ST,is_a,segment
133,18,half_text + noisy_half_diagram[illumination],OK,QS,has_measure,60.0_m
133,18,half_text + noisy_half_diagram[illumination],OK,QR,has_measure,80.0_m
133,18,half_text + noisy_half_diagram[illumination],OK,ST,has_measure,120.0_m
133,18,half_text + noisy_half_diagram[illumination],OK,PS,perpendicular_to,ST
133,18,half_text + noisy_half_diagram[illumination],OK,Q,lies_on,ST
133,18,half_text + noisy_half_diagram[illumination],OK,S,lies_on,ST
133,18,half_text + noisy_half_diagram[illumination],OK,T,lies_on,ST
133,18,half_text + noisy_half_diagram[illumination],OK,P,lies_on,PS
133,18,half_text + noisy_half_diagram[illumination],OK,S,lies_on,PS
133,18,half_text + noisy_half_diagram[illumination],OK,Q,lies_on,QS
133,18,half_text + noisy_half_diagram[illumination],OK,S,lies_on,QS
133,18,half_text + noisy_half_diagram[illumination],OK,Q,lies_on,QR
133,18,half_text + noisy_half_diagram[illumination],OK,R,lies_on,QR
133,18,half_text + noisy_half_diagram[illumination],OK,Q,lies_on,QP
133,18,half_text + noisy_half_diagram[illumination],OK,P,lies_on,QP
133,18,half_text + noisy_half_diagram[illumination],OK,Q,lies_on,QT
133,18,half_text + noisy_half_diagram[illumination],OK,T,lies_on,QT
133,18,half_text + noisy_half_diagram[illumination],OK,QP,intersects,ST
133,18,half_text + noisy_half_diagram[illumination],OK,QT,intersects,ST
133,18,half_text + noisy_half_diagram[illumination],OK,QS,intersects,ST
133,18,half_text + noisy_half_diagram[illumination],OK,QR,intersects,ST
133,18,half_text + noisy_half_diagram[illumination],OK,QP,connects,Q
133,18,half_text + noisy_half_diagram[illumination],OK,QP,connects,P
133,18,half_text + noisy_half_diagram[illumination],OK,QT,connects,Q
133,18,half_text + noisy_half_diagram[illumination],OK,QT,connects,T
133,18,half_text + noisy_half_diagram[illumination],OK,QS,connects,Q
133,18,half_text + noisy_half_diagram[illumination],OK,QS,connects,S
133,18,half_text + noisy_half_diagram[illumination],OK,QR,connects,Q
133,18,half_text + noisy_half_diagram[illumination],OK,QR,connects,R
133,18,half_text + noisy_half_diagram[illumination],OK,ST,connects,S
133,18,half_text + noisy_half_diagram[illumination],OK,ST,connects,T
133,18,half_text + noisy_half_diagram[illumination],OK,PS,connects,P
133,18,half_text + noisy_half_diagram[illumination],OK,PS,connects,S
133,18,half_text + noisy_half_diagram[illumination],OK,PQ,is_a,query_target
,,,,,,
149,18,half_text + noisy_half_diagram[illumination],OK,CD,is_a,plane
149,18,half_text + noisy_half_diagram[illumination],OK,CD,is_a,mirror
149,18,half_text + noisy_half_diagram[illumination],OK,AC,is_a,segment
149,18,half_text + noisy_half_diagram[illumination],OK,BD,is_a,segment
149,18,half_text + noisy_half_diagram[illumination],OK,CD,is_a,segment
149,18,half_text + noisy_half_diagram[illumination],OK,AC,perpendicular_to,CD
149,18,half_text + noisy_half_diagram[illumination],OK,BD,perpendicular_to,CD
149,18,half_text + noisy_half_diagram[illumination],OK,AC,has_measure,3.0
149,18,half_text + noisy_half_diagram[illumination],OK,CD,has_measure,10.0
149,18,half_text + noisy_half_diagram[illumination],OK,BD,has_measure,6.0
149,18,half_text + noisy_half_diagram[illumination],OK,ED,is_a,segment
149,18,half_text + noisy_half_diagram[illumination],OK,ED,has_measure,?
149,18,half_text + noisy_half_diagram[illumination],OK,C,is_a,point
149,18,half_text + noisy_half_diagram[illumination],OK,D,is_a,point
149,18,half_text + noisy_half_diagram[illumination],OK,E,is_a,point
149,18,half_text + noisy_half_diagram[illumination],OK,A,is_a,point
149,18,half_text + noisy_half_diagram[illumination],OK,B,is_a,point
149,18,half_text + noisy_half_diagram[illumination],OK,AC,connects,A
149,18,half_text + noisy_half_diagram[illumination],OK,AC,connects,C
149,18,half_text + noisy_half_diagram[illumination],OK,BD,connects,B
149,18,half_text + noisy_half_diagram[illumination],OK,BD,connects,D
149,18,half_text + noisy_half_diagram[illumination],OK,CD,connects,C
149,18,half_text + noisy_half_diagram[illumination],OK,CD,connects,D
149,18,half_text + noisy_half_diagram[illumination],OK,ED,connects,E
149,18,half_text + noisy_half_diagram[illumination],OK,ED,connects,D
,,,,,,
150,18,half_text + noisy_half_diagram[illumination],OK,A,is_a,point
150,18,half_text + noisy_half_diagram[illumination],OK,B,is_a,point
150,18,half_text + noisy_half_diagram[illumination],OK,C,is_a,point
150,18,half_text + noisy_half_diagram[illumination],OK,A,lies_on,AC
150,18,half_text + noisy_half_diagram[illumination],OK,B,lies_on,AC
150,18,half_text + noisy_half_diagram[illumination],OK,C,lies_on,AC
150,18,half_text + noisy_half_diagram[illumination],OK,A,B,"C, collinear_with"
150,18,half_text + noisy_half_diagram[illumination],OK,BD,is_a,segment
150,18,half_text + noisy_half_diagram[illumination],OK,BD,perpendicular_to,AC
150,18,half_text + noisy_half_diagram[illumination],OK,CE,is_a,segment
150,18,half_text + noisy_half_diagram[illumination],OK,CE,perpendicular_to,AC
150,18,half_text + noisy_half_diagram[illumination],OK,AB,is_a,segment
150,18,half_text + noisy_half_diagram[illumination],OK,AB,has_measure,2.0
150,18,half_text + noisy_half_diagram[illumination],OK,BD,has_measure,7/3
150,18,half_text + noisy_half_diagram[illumination],OK,CE,has_measure,9
150,18,half_text + noisy_half_diagram[illumination],OK,BC,is_a,segment
150,18,half_text + noisy_half_diagram[illumination],OK,?,is_a,point
150,18,half_text + noisy_half_diagram[illumination],OK,D,is_a,point
150,18,half_text + noisy_half_diagram[illumination],OK,E,is_a,point
150,18,half_text + noisy_half_diagram[illumination],OK,BD,connects,"B, D"
150,18,half_text + noisy_half_diagram[illumination],OK,CE,connects,"C, E"
150,18,half_text + noisy_half_diagram[illumination],OK,AC,is_a,segment
150,18,half_text + noisy_half_diagram[illumination],OK,AC,connects,"A, C"
150,18,half_text + noisy_half_diagram[illumination],OK,AB,connects,"A, B"
150,18,half_text + noisy_half_diagram[illumination],OK,BC,connects,"B, C"
150,18,half_text + noisy_half_diagram[illumination],OK,?,lies_on,AC
,,,,,,
151,18,half_text + noisy_half_diagram[illumination],OK,student,is_a,point
151,18,half_text + noisy_half_diagram[illumination],OK,tree,is_a,point
151,18,half_text + noisy_half_diagram[illumination],OK,lake,is_a,point
151,18,half_text + noisy_half_diagram[illumination],OK,reflection,is_a,point
151,18,half_text + noisy_half_diagram[illumination],OK,student,connects,lake
151,18,half_text + noisy_half_diagram[illumination],OK,tree,connects,lake
151,18,half_text + noisy_half_diagram[illumination],OK,reflection,connects,lake
151,18,half_text + noisy_half_diagram[illumination],OK,student,has_measure,5_units
151,18,half_text + noisy_half_diagram[illumination],OK,student,has_measure,1.7_units
151,18,half_text + noisy_half_diagram[illumination],OK,tree,has_measure,?
151,18,half_text + noisy_half_diagram[illumination],OK,lake,has_measure,20_units
151,18,half_text + noisy_half_diagram[illumination],OK,student,is_a,student
151,18,half_text + noisy_half_diagram[illumination],OK,tree,is_a,tree
151,18,half_text + noisy_half_diagram[illumination],OK,reflection,is_a,reflection
151,18,half_text + noisy_half_diagram[illumination],OK,student,connects,reflection
151,18,half_text + noisy_half_diagram[illumination],OK,reflection,connects,tree
,,,,,,
152,18,half_text + noisy_half_diagram[illumination],OK,A,is_a,point
152,18,half_text + noisy_half_diagram[illumination],OK,B,is_a,point
152,18,half_text + noisy_half_diagram[illumination],OK,C,is_a,point
152,18,half_text + noisy_half_diagram[illumination],OK,D,is_a,point
152,18,half_text + noisy_half_diagram[illumination],OK,E,is_a,point
152,18,half_text + noisy_half_diagram[illumination],OK,AB,is_a,segment
152,18,half_text + noisy_half_diagram[illumination],OK,BC,is_a,segment
152,18,half_text + noisy_half_diagram[illumination],OK,CD,is_a,segment
152,18,half_text + noisy_half_diagram[illumination],OK,CE,is_a,segment
152,18,half_text + noisy_half_diagram[illumination],OK,AB,connects,A
152,18,half_text + noisy_half_diagram[illumination],OK,AB,connects,B
152,18,half_text + noisy_half_diagram[illumination],OK,BC,connects,B
152,18,half_text + noisy_half_diagram[illumination],OK,BC,connects,C
152,18,half_text + noisy_half_diagram[illumination],OK,CD,connects,C
152,18,half_text + noisy_half_diagram[illumination],OK,CD,connects,D
152,18,half_text + noisy_half_diagram[illumination],OK,CE,connects,C
152,18,half_text + noisy_half_diagram[illumination],OK,CE,connects,E
152,18,half_text + noisy_half_diagram[illumination],OK,BC,has_measure,1.6_units
152,18,half_text + noisy_half_diagram[illumination],OK,CE,has_measure,0.5_units
152,18,half_text + noisy_half_diagram[illumination],OK,CD,has_measure,1.4_units
152,18,half_text + noisy_half_diagram[illumination],OK,AB,is_a,ladder
152,18,half_text + noisy_half_diagram[illumination],OK,AB,leans_against,wall
,,,,,,
153,18,half_text + noisy_half_diagram[illumination],OK,A,is_a,point
153,18,half_text + noisy_half_diagram[illumination],OK,B,is_a,point
153,18,half_text + noisy_half_diagram[illumination],OK,C,is_a,point
153,18,half_text + noisy_half_diagram[illumination],OK,D,is_a,point
153,18,half_text + noisy_half_diagram[illumination],OK,E,is_a,point
153,18,half_text + noisy_half_diagram[illumination],OK,AB,is_a,segment
153,18,half_text + noisy_half_diagram[illumination],OK,BC,is_a,segment
153,18,half_text + noisy_half_diagram[illumination],OK,DE,is_a,segment
153,18,half_text + noisy_half_diagram[illumination],OK,DE,has_measure,1.8_units
153,18,half_text + noisy_half_diagram[illumination],OK,BC,has_measure,1.0_units
153,18,half_text + noisy_half_diagram[illumination],OK,EC,has_measure,1.2_units
153,18,half_text + noisy_half_diagram[illumination],OK,A,connects,B
153,18,half_text + noisy_half_diagram[illumination],OK,B,connects,C
153,18,half_text + noisy_half_diagram[illumination],OK,D,connects,E
153,18,half_text + noisy_half_diagram[illumination],OK,E,connects,C
153,18,half_text + noisy_half_diagram[illumination],OK,AB,intersects,BC
153,18,half_text + noisy_half_diagram[illumination],OK,DE,intersects,EC
153,18,half_text + noisy_half_diagram[illumination],OK,AB,parallel_to,DE
,,,,,,
157,18,half_text + noisy_half_diagram[illumination],OK,A,is_a,point
157,18,half_text + noisy_half_diagram[illumination],OK,B,is_a,point
157,18,half_text + noisy_half_diagram[illumination],OK,C,is_a,point
157,18,half_text + noisy_half_diagram[illumination],OK,ABC,is_a,triangle
157,18,half_text + noisy_half_diagram[illumination],OK,∠C,is_a,angle
157,18,half_text + noisy_half_diagram[illumination],OK,∠C,has_measure,90_deg
157,18,half_text + noisy_half_diagram[illumination],OK,AC,is_a,segment
157,18,half_text + noisy_half_diagram[illumination],OK,BC,is_a,segment
157,18,half_text + noisy_half_diagram[illumination],OK,AB,is_a,segment
157,18,half_text + noisy_half_diagram[illumination],OK,AC,has_measure,4_units
157,18,half_text + noisy_half_diagram[illumination],OK,BC,has_measure,3_units
157,18,half_text + noisy_half_diagram[illumination],OK,cos,is_a,function
157,18,half_text + noisy_half_diagram[illumination],OK,?,is_a,value
157,18,half_text + noisy_half_diagram[illumination],OK,AC,connects,"A, C"
157,18,half_text + noisy_half_diagram[illumination],OK,BC,connects,"B, C"
157,18,half_text + noisy_half_diagram[illumination],OK,AB,connects,"A, B"
157,18,half_text + noisy_half_diagram[illumination],OK,∠C,connects,"AC, BC"
157,18,half_text + noisy_half_diagram[illumination],OK,cos,mapped_to,"B, ?"
,,,,,,
165,18,half_text + noisy_half_diagram[illumination],OK,A,is_a,point
165,18,half_text + noisy_half_diagram[illumination],OK,B,is_a,point
165,18,half_text + noisy_half_diagram[illumination],OK,C,is_a,point
165,18,half_text + noisy_half_diagram[illumination],OK,AB,is_a,segment
165,18,half_text + noisy_half_diagram[illumination],OK,BC,is_a,segment
165,18,half_text + noisy_half_diagram[illumination],OK,AC,is_a,segment
165,18,half_text + noisy_half_diagram[illumination],OK,ABC,is_a,triangle
165,18,half_text + noisy_half_diagram[illumination],OK,∠ACB,is_a,angle
165,18,half_text + noisy_half_diagram[illumination],OK,∠ACB,has_measure,90_deg
165,18,half_text + noisy_half_diagram[illumination],OK,AB,has_measure,2_units
165,18,half_text + noisy_half_diagram[illumination],OK,BC,has_measure,1_unit
,,,,,,
198,18,half_text + noisy_half_diagram[illumination],OK,A,is_a,point
198,18,half_text + noisy_half_diagram[illumination],OK,B,is_a,point
198,18,half_text + noisy_half_diagram[illumination],OK,C,is_a,point
198,18,half_text + noisy_half_diagram[illumination],OK,AB,is_a,segment
198,18,half_text + noisy_half_diagram[illumination],OK,BC,is_a,segment
198,18,half_text + noisy_half_diagram[illumination],OK,CA,is_a,segment
198,18,half_text + noisy_half_diagram[illumination],OK,ABC,is_a,triangle
198,18,half_text + noisy_half_diagram[illumination],OK,ABC,has_measure,13_units
198,18,half_text + noisy_half_diagram[illumination],OK,ABC,has_measure,10_units
198,18,half_text + noisy_half_diagram[illumination],OK,ABC,is_a,isosceles_triangle
198,18,half_text + noisy_half_diagram[illumination],OK,Area,is_a,query_target
,,,,,,
207,18,half_text + noisy_half_diagram[illumination],OK,large_circle,is_a,circle
207,18,half_text + noisy_half_diagram[illumination],OK,small_circle1,is_a,circle
207,18,half_text + noisy_half_diagram[illumination],OK,small_circle2,is_a,circle
207,18,half_text + noisy_half_diagram[illumination],OK,large_circle,has_measure,20_units
207,18,half_text + noisy_half_diagram[illumination],OK,small_circle1,has_measure,?
207,18,half_text + noisy_half_diagram[illumination],OK,small_circle2,has_measure,?
207,18,half_text + noisy_half_diagram[illumination],OK,small_circle1,diameter_of,large_circle
207,18,half_text + noisy_half_diagram[illumination],OK,small_circle2,diameter_of,large_circle
207,18,half_text + noisy_half_diagram[illumination],OK,small_circle1,congruent_to,small_circle2
207,18,half_text + noisy_half_diagram[illumination],OK,large_circle,contains,small_circle1
207,18,half_text + noisy_half_diagram[illumination],OK,large_circle,contains,small_circle2
207,18,half_text + noisy_half_diagram[illumination],OK,shaded_region,is_a,region
207,18,half_text + noisy_half_diagram[illumination],OK,large_circle,contains,shaded_region
207,18,half_text + noisy_half_diagram[illumination],OK,shaded_region,area_of,?
,,,,,,
210,18,half_text + noisy_half_diagram[illumination],OK,A,is_a,point
210,18,half_text + noisy_half_diagram[illumination],OK,B,is_a,point
210,18,half_text + noisy_half_diagram[illumination],OK,C,is_a,point
210,18,half_text + noisy_half_diagram[illumination],OK,D,is_a,point
210,18,half_text + noisy_half_diagram[illumination],OK,E,is_a,point
210,18,half_text + noisy_half_diagram[illumination],OK,AE,is_a,segment
210,18,half_text + noisy_half_diagram[illumination],OK,AB,is_a,segment
210,18,half_text + noisy_half_diagram[illumination],OK,AC,is_a,segment
210,18,half_text + noisy_half_diagram[illumination],OK,CD,is_a,segment
210,18,half_text + noisy_half_diagram[illumination],OK,BE,is_a,segment
210,18,half_text + noisy_half_diagram[illumination],OK,Triangles_ABE,is_a,triangle
210,18,half_text + noisy_half_diagram[illumination],OK,Triangles_ACD,is_a,triangle
210,18,half_text + noisy_half_diagram[illumination],OK,Triangles_ABE,shares,vertex_A
210,18,half_text + noisy_half_diagram[illumination],OK,Triangles_ACD,shares,vertex_A
210,18,half_text + noisy_half_diagram[illumination],OK,BE,parallel_to,CD
210,18,half_text + noisy_half_diagram[illumination],OK,AB,has_measure,12_units
210,18,half_text + noisy_half_diagram[illumination],OK,AC,has_measure,16_units
210,18,half_text + noisy_half_diagram[illumination],OK,CD,has_measure,5_units
210,18,half_text + noisy_half_diagram[illumination],OK,AE,has_measure,?
210,18,half_text + noisy_half_diagram[illumination],OK,Triangles_ABE,similar_to,Triangles_ACD
,,,,,,
211,18,half_text + noisy_half_diagram[illumination],OK,MNPR,is_a,parallelogram
211,18,half_text + noisy_half_diagram[illumination],OK,MP,is_a,diagonal
211,18,half_text + noisy_half_diagram[illumination],OK,RN,is_a,diagonal
211,18,half_text + noisy_half_diagram[illumination],OK,Q,is_a,point
211,18,half_text + noisy_half_diagram[illumination],OK,MN,has_measure,3x - 4
211,18,half_text + noisy_half_diagram[illumination],OK,NP,has_measure,2y + 5
211,18,half_text + noisy_half_diagram[illumination],OK,MR,has_measure,17.9
211,18,half_text + noisy_half_diagram[illumination],OK,M,is_a,point
211,18,half_text + noisy_half_diagram[illumination],OK,N,is_a,point
211,18,half_text + noisy_half_diagram[illumination],OK,P,is_a,point
211,18,half_text + noisy_half_diagram[illumination],OK,R,is_a,point
211,18,half_text + noisy_half_diagram[illumination],OK,∠MQR,has_measure,38_deg
211,18,half_text + noisy_half_diagram[illumination],OK,∠QNP,has_measure,33_deg
211,18,half_text + noisy_half_diagram[illumination],OK,∠QPN,has_measure,83_deg
211,18,half_text + noisy_half_diagram[illumination],OK,NQ,has_measure,15.4
211,18,half_text + noisy_half_diagram[illumination],OK,QP,has_measure,11.1
211,18,half_text + noisy_half_diagram[illumination],OK,QR,has_measure,3z - 3
211,18,half_text + noisy_half_diagram[illumination],OK,RP,has_measure,20
211,18,half_text + noisy_half_diagram[illumination],OK,MP,intersects,RN
211,18,half_text + noisy_half_diagram[illumination],OK,Q,is_a,intersection_point
211,18,half_text + noisy_half_diagram[illumination],OK,MN,connects,M
211,18,half_text + noisy_half_diagram[illumination],OK,MN,connects,N
211,18,half_text + noisy_half_diagram[illumination],OK,NP,connects,N
211,18,half_text + noisy_half_diagram[illumination],OK,NP,connects,P
211,18,half_text + noisy_half_diagram[illumination],OK,PR,connects,P
211,18,half_text + noisy_half_diagram[illumination],OK,PR,connects,R
211,18,half_text + noisy_half_diagram[illumination],OK,RM,connects,R
211,18,half_text + noisy_half_diagram[illumination],OK,RM,connects,M
211,18,half_text + noisy_half_diagram[illumination],OK,MP,connects,M
211,18,half_text + noisy_half_diagram[illumination],OK,MP,connects,P
211,18,half_text + noisy_half_diagram[illumination],OK,RN,connects,R
211,18,half_text + noisy_half_diagram[illumination],OK,RN,connects,N
211,18,half_text + noisy_half_diagram[illumination],OK,∠RNP,is_a,angle
211,18,half_text + noisy_half_diagram[illumination],OK,∠RNP,is_a,query_target
,,,,,,
223,18,half_text + noisy_half_diagram[illumination],OK,3√2,is_a,length
223,18,half_text + noisy_half_diagram[illumination],OK,triangle,is_a,right_triangle
223,18,half_text + noisy_half_diagram[illumination],OK,triangle,has_measure,5
223,18,half_text + noisy_half_diagram[illumination],OK,triangle,has_measure,x
223,18,half_text + noisy_half_diagram[illumination],OK,triangle,has_measure,?
223,18,half_text + noisy_half_diagram[illumination],OK,hypotenuse,is_a,side
223,18,half_text + noisy_half_diagram[illumination],OK,hypotenuse,has_measure,5
223,18,half_text + noisy_half_diagram[illumination],OK,x,is_a,side
223,18,half_text + noisy_half_diagram[illumination],OK,?,is_a,side
223,18,half_text + noisy_half_diagram[illumination],OK,triangle,connects,hypotenuse
223,18,half_text + noisy_half_diagram[illumination],OK,triangle,connects,x
223,18,half_text + noisy_half_diagram[illumination],OK,triangle,connects,?
223,18,half_text + noisy_half_diagram[illumination],OK,x,is_a,?
223,18,half_text + noisy_half_diagram[illumination],OK,?,is_a,?
,,,,,,
239,18,half_text + noisy_half_diagram[illumination],OK,A,is_a,point
239,18,half_text + noisy_half_diagram[illumination],OK,B,is_a,point
239,18,half_text + noisy_half_diagram[illumination],OK,C,is_a,point
239,18,half_text + noisy_half_diagram[illumination],OK,R,is_a,point
239,18,half_text + noisy_half_diagram[illumination],OK,S,is_a,point
239,18,half_text + noisy_half_diagram[illumination],OK,T,is_a,point
239,18,half_text + noisy_half_diagram[illumination],OK,M,is_a,point
239,18,half_text + noisy_half_diagram[illumination],OK,AT,is_a,segment
239,18,half_text + noisy_half_diagram[illumination],OK,BR,is_a,segment
239,18,half_text + noisy_half_diagram[illumination],OK,CS,is_a,segment
239,18,half_text + noisy_half_diagram[illumination],OK,RM,is_a,segment
239,18,half_text + noisy_half_diagram[illumination],OK,MB,is_a,segment
239,18,half_text + noisy_half_diagram[illumination],OK,R,is_a,midpoint
239,18,half_text + noisy_half_diagram[illumination],OK,S,is_a,midpoint
239,18,half_text + noisy_half_diagram[illumination],OK,T,is_a,midpoint
239,18,half_text + noisy_half_diagram[illumination],OK,AT,is_a,median
239,18,half_text + noisy_half_diagram[illumination],OK,BR,is_a,median
239,18,half_text + noisy_half_diagram[illumination],OK,CS,is_a,median
239,18,half_text + noisy_half_diagram[illumination],OK,R,lies_on,AC
239,18,half_text + noisy_half_diagram[illumination],OK,S,lies_on,AB
239,18,half_text + noisy_half_diagram[illumination],OK,T,lies_on,BC
239,18,half_text + noisy_half_diagram[illumination],OK,AT,connects,"A, T"
239,18,half_text + noisy_half_diagram[illumination],OK,BR,connects,"B, R"
239,18,half_text + noisy_half_diagram[illumination],OK,CS,connects,"C, S"
239,18,half_text + noisy_half_diagram[illumination],OK,RM,connects,"R, M"
239,18,half_text + noisy_half_diagram[illumination],OK,MB,connects,"M, B"
239,18,half_text + noisy_half_diagram[illumination],OK,AT,intersects,"CS, M"
239,18,half_text + noisy_half_diagram[illumination],OK,BR,intersects,"CS, M"
239,18,half_text + noisy_half_diagram[illumination],OK,CS,intersects,"AT, M"
239,18,half_text + noisy_half_diagram[illumination],OK,CS,intersects,"BR, M"
239,18,half_text + noisy_half_diagram[illumination],OK,RM,has_measure,4_units
239,18,half_text + noisy_half_diagram[illumination],OK,AT,has_measure,16_units
239,18,half_text + noisy_half_diagram[illumination],OK,MB,has_measure,?
,,,,,,
243,18,half_text + noisy_half_diagram[illumination],OK,Phoenix,is_a,point
243,18,half_text + noisy_half_diagram[illumination],OK,Des Moines,is_a,point
243,18,half_text + noisy_half_diagram[illumination],OK,Atlanta,is_a,point
243,18,half_text + noisy_half_diagram[illumination],OK,Phoenix_Des_Moines,is_a,segment
243,18,half_text + noisy_half_diagram[illumination],OK,Des_Moines_Atlanta,is_a,segment
243,18,half_text + noisy_half_diagram[illumination],OK,Phoenix_Atlanta,is_a,segment
243,18,half_text + noisy_half_diagram[illumination],OK,Phoenix_Des_Moines,has_measure,110x + 53_miles
243,18,half_text + noisy_half_diagram[illumination],OK,Des_Moines_Atlanta,has_measure,150x + 91_miles
243,18,half_text + noisy_half_diagram[illumination],OK,Phoenix_Atlanta,has_measure,73.8x_miles
243,18,half_text + noisy_half_diagram[illumination],OK,Phoenix_Des_Moines_Atlanta,is_a,triangle
243,18,half_text + noisy_half_diagram[illumination],OK,Phoenix_Des_Moines_Atlanta,has_measure,3482_miles
243,18,half_text + noisy_half_diagram[illumination],OK,Phoenix_Des_Moines_Atlanta,is_a,trip
243,18,half_text + noisy_half_diagram[illumination],OK,Phoenix_Atlanta,is_a,query_target
,,,,,,
257,18,half_text + noisy_half_diagram[illumination],OK,A,is_a,point
257,18,half_text + noisy_half_diagram[illumination],OK,B,is_a,point
257,18,half_text + noisy_half_diagram[illumination],OK,C,is_a,point
257,18,half_text + noisy_half_diagram[illumination],OK,D,is_a,point
257,18,half_text + noisy_half_diagram[illumination],OK,E,is_a,point
257,18,half_text + noisy_half_diagram[illumination],OK,AB,is_a,segment
257,18,half_text + noisy_half_diagram[illumination],OK,AC,is_a,segment
257,18,half_text + noisy_half_diagram[illumination],OK,AD,is_a,segment
257,18,half_text + noisy_half_diagram[illumination],OK,BE,is_a,segment
257,18,half_text + noisy_half_diagram[illumination],OK,CD,is_a,segment
257,18,half_text + noisy_half_diagram[illumination],OK,ED,is_a,segment
257,18,half_text + noisy_half_diagram[illumination],OK,AE,is_a,segment
257,18,half_text + noisy_half_diagram[illumination],OK,ABE,is_a,triangle
257,18,half_text + noisy_half_diagram[illumination],OK,ACD,is_a,triangle
257,18,half_text + noisy_half_diagram[illumination],OK,A,connects,B
257,18,half_text + noisy_half_diagram[illumination],OK,A,connects,C
257,18,half_text + noisy_half_diagram[illumination],OK,A,connects,D
257,18,half_text + noisy_half_diagram[illumination],OK,A,connects,E
257,18,half_text + noisy_half_diagram[illumination],OK,B,connects,E
257,18,half_text + noisy_half_diagram[illumination],OK,C,connects,D
257,18,half_text + noisy_half_diagram[illumination],OK,D,connects,E
257,18,half_text + noisy_half_diagram[illumination],OK,AB,has_measure,12_units
257,18,half_text + noisy_half_diagram[illumination],OK,ED,has_measure,5_units
257,18,half_text + noisy_half_diagram[illumination],OK,AB,parallel_to,CD
257,18,half_text + noisy_half_diagram[illumination],OK,BE,parallel_to,CD
257,18,half_text + noisy_half_diagram[illumination],OK,ABE,similar_to,ACD
,,,,,,
264,18,half_text + noisy_half_diagram[illumination],OK,MNPQ,is_a,parallelogram
264,18,half_text + noisy_half_diagram[illumination],OK,M,is_a,point
264,18,half_text + noisy_half_diagram[illumination],OK,N,is_a,point
264,18,half_text + noisy_half_diagram[illumination],OK,P,is_a,point
264,18,half_text + noisy_half_diagram[illumination],OK,Q,is_a,point
264,18,half_text + noisy_half_diagram[illumination],OK,L,is_a,point
264,18,half_text + noisy_half_diagram[illumination],OK,MN,is_a,segment
264,18,half_text + noisy_half_diagram[illumination],OK,NP,is_a,segment
264,18,half_text + noisy_half_diagram[illumination],OK,PQ,is_a,segment
264,18,half_text + noisy_half_diagram[illumination],OK,QM,is_a,segment
264,18,half_text + noisy_half_diagram[illumination],OK,LM,is_a,segment
264,18,half_text + noisy_half_diagram[illumination],OK,LP,is_a,segment
264,18,half_text + noisy_half_diagram[illumination],OK,∠M,is_a,angle
264,18,half_text + noisy_half_diagram[illumination],OK,∠N,is_a,angle
264,18,half_text + noisy_half_diagram[illumination],OK,∠P,is_a,angle
264,18,half_text + noisy_half_diagram[illumination],OK,∠Q,is_a,angle
264,18,half_text + noisy_half_diagram[illumination],OK,LM,has_measure,10x
264,18,half_text + noisy_half_diagram[illumination],OK,NP,has_measure,20x
264,18,half_text + noisy_half_diagram[illumination],OK,LM,connects,M
264,18,half_text + noisy_half_diagram[illumination],OK,LM,connects,L
264,18,half_text + noisy_half_diagram[illumination],OK,LP,connects,L
264,18,half_text + noisy_half_diagram[illumination],OK,LP,connects,P
264,18,half_text + noisy_half_diagram[illumination],OK,2N,has_measure,∠Q
,,,,,,
281,18,half_text + noisy_half_diagram[illumination],OK,A,is_a,point
281,18,half_text + noisy_half_diagram[illumination],OK,B,is_a,point
281,18,half_text + noisy_half_diagram[illumination],OK,C,is_a,point
281,18,half_text + noisy_half_diagram[illumination],OK,AC,is_a,segment
281,18,half_text + noisy_half_diagram[illumination],OK,BC,is_a,segment
281,18,half_text + noisy_half_diagram[illumination],OK,AB,is_a,segment
281,18,half_text + noisy_half_diagram[illumination],OK,ABC,is_a,triangle
281,18,half_text + noisy_half_diagram[illumination],OK,ABC,is_a,right_triangle
281,18,half_text + noisy_half_diagram[illumination],OK,∠C,is_a,angle
281,18,half_text + noisy_half_diagram[illumination],OK,∠C,has_measure,90_deg
281,18,half_text + noisy_half_diagram[illumination],OK,AC,has_measure,24_units
281,18,half_text + noisy_half_diagram[illumination],OK,BC,has_measure,10_units
281,18,half_text + noisy_half_diagram[illumination],OK,AB,has_measure,26_units
281,18,half_text + noisy_half_diagram[illumination],OK,cos B,is_a,ratio
281,18,half_text + noisy_half_diagram[illumination],OK,cos B,has_measure,?
281,18,half_text + noisy_half_diagram[illumination],OK,cos B,has_measure,decimal
281,18,half_text + noisy_half_diagram[illumination],OK,cos B,has_measure,nearest_hundredth
,,,,,,
327,18,half_text + noisy_half_diagram[illumination],OK,X,is_a,point
327,18,half_text + noisy_half_diagram[illumination],OK,Y,is_a,point
327,18,half_text + noisy_half_diagram[illumination],OK,Z,is_a,point
327,18,half_text + noisy_half_diagram[illumination],OK,N,is_a,point
327,18,half_text + noisy_half_diagram[illumination],OK,XY,is_a,segment
327,18,half_text + noisy_half_diagram[illumination],OK,YZ,is_a,segment
327,18,half_text + noisy_half_diagram[illumination],OK,XZ,is_a,segment
327,18,half_text + noisy_half_diagram[illumination],OK,Y,lies_on,XY
327,18,half_text + noisy_half_diagram[illumination],OK,Z,lies_on,YZ
327,18,half_text + noisy_half_diagram[illumination],OK,X,lies_on,XZ
327,18,half_text + noisy_half_diagram[illumination],OK,Y,connects,X
327,18,half_text + noisy_half_diagram[illumination],OK,Z,connects,Y
327,18,half_text + noisy_half_diagram[illumination],OK,X,connects,Z
327,18,half_text + noisy_half_diagram[illumination],OK,XY,has_measure,b_km
327,18,half_text + noisy_half_diagram[illumination],OK,YZ,has_measure,10.7_km
327,18,half_text + noisy_half_diagram[illumination],OK,XZ,has_measure,d_km
327,18,half_text + noisy_half_diagram[illumination],OK,X,is_a,center
327,18,half_text + noisy_half_diagram[illumination],OK,Z,has_measure,335_deg
,,,,,,
348,18,half_text + noisy_half_diagram[illumination],OK,helicopter,is_a,point
348,18,half_text + noisy_half_diagram[illumination],OK,landing_pad,is_a,point
348,18,half_text + noisy_half_diagram[illumination],OK,helicopter_altitude,is_a,segment
348,18,half_text + noisy_half_diagram[illumination],OK,helicopter_altitude,has_measure,198_units
348,18,half_text + noisy_half_diagram[illumination],OK,angle_of_depression,is_a,angle
348,18,half_text + noisy_half_diagram[illumination],OK,angle_of_depression,has_measure,44_deg
348,18,half_text + noisy_half_diagram[illumination],OK,d,is_a,segment
348,18,half_text + noisy_half_diagram[illumination],OK,distance_to_landing_pad,is_a,query
348,18,half_text + noisy_half_diagram[illumination],OK,helicopter_altitude,connects,helicopter
348,18,half_text + noisy_half_diagram[illumination],OK,helicopter_altitude,connects,landing_pad
348,18,half_text + noisy_half_diagram[illumination],OK,angle_of_depression,lies_on,helicopter
348,18,half_text + noisy_half_diagram[illumination],OK,angle_of_depression,lies_on,landing_pad
348,18,half_text + noisy_half_diagram[illumination],OK,d,connects,helicopter
348,18,half_text + noisy_half_diagram[illumination],OK,d,connects,landing_pad
,,,,,,
364,18,half_text + noisy_half_diagram[illumination],OK,tower,is_a,point
364,18,half_text + noisy_half_diagram[illumination],OK,bridge,is_a,point
364,18,half_text + noisy_half_diagram[illumination],OK,cable,is_a,segment
364,18,half_text + noisy_half_diagram[illumination],OK,tower,connects,bridge
364,18,half_text + noisy_half_diagram[illumination],OK,cable,connects,tower
364,18,half_text + noisy_half_diagram[illumination],OK,cable,connects,bridge
364,18,half_text + noisy_half_diagram[illumination],OK,tower,has_measure,35.5_units
364,18,half_text + noisy_half_diagram[illumination],OK,bridge,has_measure,65.9_units
364,18,half_text + noisy_half_diagram[illumination],OK,tower,perpendicular_to,bridge
364,18,half_text + noisy_half_diagram[illumination],OK,h,is_a,?
,,,,,,
365,18,half_text + noisy_half_diagram[illumination],OK,plane,is_a,object
365,18,half_text + noisy_half_diagram[illumination],OK,ground,is_a,surface
365,18,half_text + noisy_half_diagram[illumination],OK,runway,is_a,surface
365,18,half_text + noisy_half_diagram[illumination],OK,theta,is_a,angle
365,18,half_text + noisy_half_diagram[illumination],OK,plane,lies_on,?
365,18,half_text + noisy_half_diagram[illumination],OK,ground,connects,runway
365,18,half_text + noisy_half_diagram[illumination],OK,plane,has_measure,10369_metres
365,18,half_text + noisy_half_diagram[illumination],OK,runway,has_measure,23444_m
365,18,half_text + noisy_half_diagram[illumination],OK,theta,connects,plane
365,18,half_text + noisy_half_diagram[illumination],OK,theta,connects,runway
365,18,half_text + noisy_half_diagram[illumination],OK,theta,is_a,angle_of_approach
,,,,,,
420,18,half_text + noisy_half_diagram[illumination],OK,A,is_a,point
420,18,half_text + noisy_half_diagram[illumination],OK,B,is_a,point
420,18,half_text + noisy_half_diagram[illumination],OK,C,is_a,point
420,18,half_text + noisy_half_diagram[illumination],OK,D,is_a,point
420,18,half_text + noisy_half_diagram[illumination],OK,AB,is_a,segment
420,18,half_text + noisy_half_diagram[illumination],OK,BC,is_a,segment
420,18,half_text + noisy_half_diagram[illumination],OK,CD,is_a,segment
420,18,half_text + noisy_half_diagram[illumination],OK,DA,is_a,segment
420,18,half_text + noisy_half_diagram[illumination],OK,ABCD,is_a,trapezoid
420,18,half_text + noisy_half_diagram[illumination],OK,AB,has_measure,10_units
420,18,half_text + noisy_half_diagram[illumination],OK,CD,has_measure,6_units
420,18,half_text + noisy_half_diagram[illumination],OK,∠DAB,is_a,right_angle
420,18,half_text + noisy_half_diagram[illumination],OK,∠DAB,has_measure,90_deg
420,18,half_text + noisy_half_diagram[illumination],OK,Find,is_a,query
420,18,half_text + noisy_half_diagram[illumination],OK,Find,connects,length_of_missing_side
,,,,,,
432,18,half_text + noisy_half_diagram[illumination],OK,A,is_a,point
432,18,half_text + noisy_half_diagram[illumination],OK,B,is_a,point
432,18,half_text + noisy_half_diagram[illumination],OK,AB,is_a,segment
432,18,half_text + noisy_half_diagram[illumination],OK,A,lies_on,x_axis
432,18,half_text + noisy_half_diagram[illumination],OK,A,lies_on,y_axis
432,18,half_text + noisy_half_diagram[illumination],OK,B,lies_on,x_axis
432,18,half_text + noisy_half_diagram[illumination],OK,B,lies_on,y_axis
432,18,half_text + noisy_half_diagram[illumination],OK,A,has_measure,-3
432,18,half_text + noisy_half_diagram[illumination],OK,A,has_measure,4
432,18,half_text + noisy_half_diagram[illumination],OK,B,has_measure,5
432,18,half_text + noisy_half_diagram[illumination],OK,B,has_measure,2
432,18,half_text + noisy_half_diagram[illumination],OK,d,is_a,distance
432,18,half_text + noisy_half_diagram[illumination],OK,d,has_measure,?
432,18,half_text + noisy_half_diagram[illumination],OK,?,is_a,distance_formula
432,18,half_text + noisy_half_diagram[illumination],OK,?,has_measure,3_decimal_places
,,,,,,
438,18,half_text + noisy_half_diagram[illumination],OK,hyperbola,is_a,hyperbola
438,18,half_text + noisy_half_diagram[illumination],OK,hyperbola,has_measure,vertices
438,18,half_text + noisy_half_diagram[illumination],OK,vertices,is_a,point
438,18,half_text + noisy_half_diagram[illumination],OK,hyperbola,has_measure,center
438,18,half_text + noisy_half_diagram[illumination],OK,center,is_a,point
438,18,half_text + noisy_half_diagram[illumination],OK,hyperbola,has_measure,foci
438,18,half_text + noisy_half_diagram[illumination],OK,foci,is_a,point
438,18,half_text + noisy_half_diagram[illumination],OK,hyperbola,has_measure,Equation
438,18,half_text + noisy_half_diagram[illumination],OK,Equation,is_a,?
,,,,,,
441,18,half_text + noisy_half_diagram[illumination],OK,a,is_a,angle
441,18,half_text + noisy_half_diagram[illumination],OK,P,is_a,point
441,18,half_text + noisy_half_diagram[illumination],OK,unit_circle,is_a,circle
441,18,half_text + noisy_half_diagram[illumination],OK,unit_circle,radius_of,1_unit
441,18,half_text + noisy_half_diagram[illumination],OK,P,lies_on,unit_circle
441,18,half_text + noisy_half_diagram[illumination],OK,a,has_measure,?
441,18,half_text + noisy_half_diagram[illumination],OK,x,is_a,axis
441,18,half_text + noisy_half_diagram[illumination],OK,y,is_a,axis
441,18,half_text + noisy_half_diagram[illumination],OK,x,perpendicular_to,y
,,,,,,
447,18,half_text + noisy_half_diagram[illumination],OK,a,is_a,angle
447,18,half_text + noisy_half_diagram[illumination],OK,P,is_a,point
447,18,half_text + noisy_half_diagram[illumination],OK,a,intersects,P
447,18,half_text + noisy_half_diagram[illumination],OK,circle,is_a,circle
447,18,half_text + noisy_half_diagram[illumination],OK,P,lies_on,circle
447,18,half_text + noisy_half_diagram[illumination],OK,x,is_a,axis
447,18,half_text + noisy_half_diagram[illumination],OK,y,is_a,axis
447,18,half_text + noisy_half_diagram[illumination],OK,a,is_in,standard_position
447,18,half_text + noisy_half_diagram[illumination],OK,cos,is_a,function
447,18,half_text + noisy_half_diagram[illumination],OK,cos,has_measure,?
,,,,,,
449,18,half_text + noisy_half_diagram[illumination],OK,O,is_a,point
449,18,half_text + noisy_half_diagram[illumination],OK,O,center_of,circle
449,18,half_text + noisy_half_diagram[illumination],OK,P,is_a,point
449,18,half_text + noisy_half_diagram[illumination],OK,P,lies_on,circle
449,18,half_text + noisy_half_diagram[illumination],OK,circle,is_a,circle
449,18,half_text + noisy_half_diagram[illumination],OK,O,is_a,origin
449,18,half_text + noisy_half_diagram[illumination],OK,circle,center_of,O
449,18,half_text + noisy_half_diagram[illumination],OK,θ,is_a,angle
449,18,half_text + noisy_half_diagram[illumination],OK,θ,has_measure,?
449,18,half_text + noisy_half_diagram[illumination],OK,circle,radius_of,1_unit
,,,,,,
457,18,half_text + noisy_half_diagram[illumination],OK,A,is_a,point
457,18,half_text + noisy_half_diagram[illumination],OK,B,is_a,point
457,18,half_text + noisy_half_diagram[illumination],OK,C,is_a,point
457,18,half_text + noisy_half_diagram[illumination],OK,O,is_a,point
457,18,half_text + noisy_half_diagram[illumination],OK,AB,is_a,segment
457,18,half_text + noisy_half_diagram[illumination],OK,∠AOB,is_a,angle
457,18,half_text + noisy_half_diagram[illumination],OK,A,is_a,center
,,,,,,
472,18,half_text + noisy_half_diagram[illumination],OK,-7,0,"is_a, point"
472,18,half_text + noisy_half_diagram[illumination],OK,5,-5,"is_a, point"
472,18,half_text + noisy_half_diagram[illumination],OK,7,0,"is_a, point"
472,18,half_text + noisy_half_diagram[illumination],OK,-7,0,"lies_on, semicircle"
472,18,half_text + noisy_half_diagram[illumination],OK,5,-5,"lies_on, semicircle"
472,18,half_text + noisy_half_diagram[illumination],OK,7,0,"lies_on, semicircle"
472,18,half_text + noisy_half_diagram[illumination],OK,?,is_a,"center_of, semicircle"
472,18,half_text + noisy_half_diagram[illumination],OK,?,is_a,query_target
,,,,,,
