problem_index,case_id,case_label,status,subject,predicate,object
1,3,noisy_text[punctuation] + full_diagram,OK,A,is_a,point
1,3,noisy_text[punctuation] + full_diagram,OK,B,is_a,point
1,3,noisy_text[punctuation] + full_diagram,OK,C,is_a,point
1,3,noisy_text[punctuation] + full_diagram,OK,ABC,is_a,triangle
1,3,noisy_text[punctuation] + full_diagram,OK,A,connects,B
1,3,noisy_text[punctuation] + full_diagram,OK,B,connects,C
1,3,noisy_text[punctuation] + full_diagram,OK,C,connects,A
1,3,noisy_text[punctuation] + full_diagram,OK,∠A,is_a,angle
1,3,noisy_text[punctuation] + full_diagram,OK,∠A,has_measure,80_deg
1,3,noisy_text[punctuation] + full_diagram,OK,∠B,is_a,angle
1,3,noisy_text[punctuation] + full_diagram,OK,∠B,has_measure,60_deg
1,3,noisy_text[punctuation] + full_diagram,OK,D,is_a,point
1,3,noisy_text[punctuation] + full_diagram,OK,E,is_a,point
1,3,noisy_text[punctuation] + full_diagram,OK,D,lies_on,AB
1,3,noisy_text[punctuation] + full_diagram,OK,E,lies_on,AC
1,3,noisy_text[punctuation] + full_diagram,OK,DE,is_a,segment
1,3,noisy_text[punctuation] + full_diagram,OK,DE,parallel_to,BC
,,,,,,
2,3,noisy_text[punctuation] + full_diagram,OK,A,is_a,point
2,3,noisy_text[punctuation] + full_diagram,OK,B,is_a,point
2,3,noisy_text[punctuation] + full_diagram,OK,C,is_a,point
2,3,noisy_text[punctuation] + full_diagram,OK,D,is_a,point
2,3,noisy_text[punctuation] + full_diagram,OK,E,is_a,point
2,3,noisy_text[punctuation] + full_diagram,OK,F,is_a,point
2,3,noisy_text[punctuation] + full_diagram,OK,G,is_a,point
2,3,noisy_text[punctuation] + full_diagram,OK,AB,is_a,segment
2,3,noisy_text[punctuation] + full_diagram,OK,CD,is_a,segment
2,3,noisy_text[punctuation] + full_diagram,OK,EF,is_a,segment
2,3,noisy_text[punctuation] + full_diagram,OK,EG,is_a,segment
2,3,noisy_text[punctuation] + full_diagram,OK,∠BEF,is_a,angle
2,3,noisy_text[punctuation] + full_diagram,OK,∠EFG,is_a,angle
2,3,noisy_text[punctuation] + full_diagram,OK,∠EGF,is_a,angle
2,3,noisy_text[punctuation] + full_diagram,OK,AB,parallel_to,CD
2,3,noisy_text[punctuation] + full_diagram,OK,EF,intersects,AB
2,3,noisy_text[punctuation] + full_diagram,OK,EF,intersects,CD
2,3,noisy_text[punctuation] + full_diagram,OK,EG,intersects,CD
2,3,noisy_text[punctuation] + full_diagram,OK,EG,bisects,∠BEF
2,3,noisy_text[punctuation] + full_diagram,OK,∠EFG,has_measure,50_deg
2,3,noisy_text[punctuation] + full_diagram,OK,∠EGF,has_measure,?
,,,,,,
3,3,noisy_text[punctuation] + full_diagram,OK,BC,is_a,segment
3,3,noisy_text[punctuation] + full_diagram,OK,BA,is_a,segment
3,3,noisy_text[punctuation] + full_diagram,OK,BC,intersects,BA
3,3,noisy_text[punctuation] + full_diagram,OK,BC,intersects,"BA, at, B"
3,3,noisy_text[punctuation] + full_diagram,OK,B,is_a,point
3,3,noisy_text[punctuation] + full_diagram,OK,BD,is_a,segment
3,3,noisy_text[punctuation] + full_diagram,OK,angle ABC,is_a,angle
3,3,noisy_text[punctuation] + full_diagram,OK,BD,bisects,angle ABC
3,3,noisy_text[punctuation] + full_diagram,OK,CD,is_a,segment
3,3,noisy_text[punctuation] + full_diagram,OK,AB,is_a,segment
3,3,noisy_text[punctuation] + full_diagram,OK,CD,parallel_to,AB
3,3,noisy_text[punctuation] + full_diagram,OK,angle BCD,is_a,angle
3,3,noisy_text[punctuation] + full_diagram,OK,angle BCD,has_measure,70_deg
3,3,noisy_text[punctuation] + full_diagram,OK,angle CDB,is_a,angle
3,3,noisy_text[punctuation] + full_diagram,OK,angle CDB,has_measure,?
,,,,,,
4,3,noisy_text[punctuation] + full_diagram,OK,AB,is_a,segment
4,3,noisy_text[punctuation] + full_diagram,OK,AB,tangent_to,circle_O
4,3,noisy_text[punctuation] + full_diagram,OK,circle_O,is_a,circle
4,3,noisy_text[punctuation] + full_diagram,OK,O,is_a,point
4,3,noisy_text[punctuation] + full_diagram,OK,B,is_a,point
4,3,noisy_text[punctuation] + full_diagram,OK,A,is_a,point
4,3,noisy_text[punctuation] + full_diagram,OK,AO,is_a,segment
4,3,noisy_text[punctuation] + full_diagram,OK,AO,intersects,circle_O
4,3,noisy_text[punctuation] + full_diagram,OK,C,is_a,point
4,3,noisy_text[punctuation] + full_diagram,OK,BC,is_a,segment
4,3,noisy_text[punctuation] + full_diagram,OK,angle_A,is_a,angle
4,3,noisy_text[punctuation] + full_diagram,OK,angle_A,has_measure,36_deg
4,3,noisy_text[punctuation] + full_diagram,OK,angle_C,is_a,angle
4,3,noisy_text[punctuation] + full_diagram,OK,angle_OCB,is_a,angle
,,,,,,
7,3,noisy_text[punctuation] + full_diagram,OK,A,is_a,point
7,3,noisy_text[punctuation] + full_diagram,OK,B,is_a,point
7,3,noisy_text[punctuation] + full_diagram,OK,C,is_a,point
7,3,noisy_text[punctuation] + full_diagram,OK,D,is_a,point
7,3,noisy_text[punctuation] + full_diagram,OK,E,is_a,point
7,3,noisy_text[punctuation] + full_diagram,OK,ABC,is_a,triangle
7,3,noisy_text[punctuation] + full_diagram,OK,ADE,is_a,triangle
7,3,noisy_text[punctuation] + full_diagram,OK,A,is_a,vertex
7,3,noisy_text[punctuation] + full_diagram,OK,∠B,is_a,angle
7,3,noisy_text[punctuation] + full_diagram,OK,∠C,is_a,angle
7,3,noisy_text[punctuation] + full_diagram,OK,∠DAC,is_a,angle
7,3,noisy_text[punctuation] + full_diagram,OK,∠EAC,is_a,angle
7,3,noisy_text[punctuation] + full_diagram,OK,∠B,has_measure,70_deg
7,3,noisy_text[punctuation] + full_diagram,OK,∠C,has_measure,30_deg
7,3,noisy_text[punctuation] + full_diagram,OK,∠DAC,has_measure,35_deg
7,3,noisy_text[punctuation] + full_diagram,OK,ABC,is_a,"congruent_to, ADE"
7,3,noisy_text[punctuation] + full_diagram,OK,A,is_a,common_vertex
,,,,,,
8,3,noisy_text[punctuation] + full_diagram,OK,A,is_a,point
8,3,noisy_text[punctuation] + full_diagram,OK,B,is_a,point
8,3,noisy_text[punctuation] + full_diagram,OK,C,is_a,point
8,3,noisy_text[punctuation] + full_diagram,OK,D,is_a,point
8,3,noisy_text[punctuation] + full_diagram,OK,E,is_a,point
8,3,noisy_text[punctuation] + full_diagram,OK,F,is_a,point
8,3,noisy_text[punctuation] + full_diagram,OK,ABC,is_a,triangle
8,3,noisy_text[punctuation] + full_diagram,OK,DEF,is_a,triangle
8,3,noisy_text[punctuation] + full_diagram,OK,ABC,is_a,"congruent_to, DEF"
8,3,noisy_text[punctuation] + full_diagram,OK,A,mapped_to,D
8,3,noisy_text[punctuation] + full_diagram,OK,B,mapped_to,E
8,3,noisy_text[punctuation] + full_diagram,OK,BC,is_a,segment
8,3,noisy_text[punctuation] + full_diagram,OK,BE,is_a,segment
8,3,noisy_text[punctuation] + full_diagram,OK,EC,is_a,segment
8,3,noisy_text[punctuation] + full_diagram,OK,CF,is_a,segment
8,3,noisy_text[punctuation] + full_diagram,OK,BF,is_a,segment
8,3,noisy_text[punctuation] + full_diagram,OK,BE,has_measure,5.0
8,3,noisy_text[punctuation] + full_diagram,OK,CF,has_measure,7.0
8,3,noisy_text[punctuation] + full_diagram,OK,EC,has_measure,?
,,,,,,
9,3,noisy_text[punctuation] + full_diagram,OK,A,is_a,point
9,3,noisy_text[punctuation] + full_diagram,OK,B,is_a,point
9,3,noisy_text[punctuation] + full_diagram,OK,C,is_a,point
9,3,noisy_text[punctuation] + full_diagram,OK,D,is_a,point
9,3,noisy_text[punctuation] + full_diagram,OK,E,is_a,point
9,3,noisy_text[punctuation] + full_diagram,OK,AB,is_a,segment
9,3,noisy_text[punctuation] + full_diagram,OK,AC,is_a,segment
9,3,noisy_text[punctuation] + full_diagram,OK,AD,is_a,segment
9,3,noisy_text[punctuation] + full_diagram,OK,ABC,is_a,triangle
9,3,noisy_text[punctuation] + full_diagram,OK,∠C,is_a,angle
9,3,noisy_text[punctuation] + full_diagram,OK,∠C,has_measure,90_deg
9,3,noisy_text[punctuation] + full_diagram,OK,BC,is_a,segment
9,3,noisy_text[punctuation] + full_diagram,OK,DE,is_a,segment
9,3,noisy_text[punctuation] + full_diagram,OK,AB,has_measure,6.0
9,3,noisy_text[punctuation] + full_diagram,OK,AD,intersects,BC
9,3,noisy_text[punctuation] + full_diagram,OK,AD,bisects,∠CAB
9,3,noisy_text[punctuation] + full_diagram,OK,DE,perpendicular_to,AB
9,3,noisy_text[punctuation] + full_diagram,OK,DE,intersects,AB
9,3,noisy_text[punctuation] + full_diagram,OK,AB,connects,A
9,3,noisy_text[punctuation] + full_diagram,OK,AB,connects,B
9,3,noisy_text[punctuation] + full_diagram,OK,AC,connects,A
9,3,noisy_text[punctuation] + full_diagram,OK,AC,connects,C
9,3,noisy_text[punctuation] + full_diagram,OK,BC,connects,B
9,3,noisy_text[punctuation] + full_diagram,OK,BC,connects,C
9,3,noisy_text[punctuation] + full_diagram,OK,AD,connects,A
9,3,noisy_text[punctuation] + full_diagram,OK,AD,connects,D
9,3,noisy_text[punctuation] + full_diagram,OK,DE,connects,D
9,3,noisy_text[punctuation] + full_diagram,OK,DE,connects,E
,,,,,,
10,3,noisy_text[punctuation] + full_diagram,OK,A,is_a,point
10,3,noisy_text[punctuation] + full_diagram,OK,B,is_a,point
10,3,noisy_text[punctuation] + full_diagram,OK,C,is_a,point
10,3,noisy_text[punctuation] + full_diagram,OK,AB,is_a,segment
10,3,noisy_text[punctuation] + full_diagram,OK,AC,is_a,segment
10,3,noisy_text[punctuation] + full_diagram,OK,A,is_a,angle
10,3,noisy_text[punctuation] + full_diagram,OK,∠A,has_measure,36_deg
10,3,noisy_text[punctuation] + full_diagram,OK,AB,is_a,triangle
10,3,noisy_text[punctuation] + full_diagram,OK,AC,is_a,triangle
10,3,noisy_text[punctuation] + full_diagram,OK,D,is_a,point
10,3,noisy_text[punctuation] + full_diagram,OK,E,is_a,point
10,3,noisy_text[punctuation] + full_diagram,OK,AB,intersects,D
10,3,noisy_text[punctuation] + full_diagram,OK,AC,intersects,E
10,3,noisy_text[punctuation] + full_diagram,OK,AB,perpendicular_to,AC
,,,,,,
11,3,noisy_text[punctuation] + full_diagram,OK,A,is_a,point
11,3,noisy_text[punctuation] + full_diagram,OK,B,is_a,point
11,3,noisy_text[punctuation] + full_diagram,OK,C,is_a,point
11,3,noisy_text[punctuation] + full_diagram,OK,D,is_a,point
11,3,noisy_text[punctuation] + full_diagram,OK,E,is_a,point
11,3,noisy_text[punctuation] + full_diagram,OK,F,is_a,point
11,3,noisy_text[punctuation] + full_diagram,OK,AB,is_a,segment
11,3,noisy_text[punctuation] + full_diagram,OK,BC,is_a,segment
11,3,noisy_text[punctuation] + full_diagram,OK,CA,is_a,segment
11,3,noisy_text[punctuation] + full_diagram,OK,AD,is_a,segment
11,3,noisy_text[punctuation] + full_diagram,OK,AE,is_a,segment
11,3,noisy_text[punctuation] + full_diagram,OK,ED,is_a,segment
11,3,noisy_text[punctuation] + full_diagram,OK,∠C,is_a,angle
11,3,noisy_text[punctuation] + full_diagram,OK,∠C,has_measure,36_deg
11,3,noisy_text[punctuation] + full_diagram,OK,∠EAD,is_a,angle
11,3,noisy_text[punctuation] + full_diagram,OK,∠EAD,has_measure,60_deg
11,3,noisy_text[punctuation] + full_diagram,OK,∠AFC,is_a,angle
11,3,noisy_text[punctuation] + full_diagram,OK,ABC,is_a,triangle
11,3,noisy_text[punctuation] + full_diagram,OK,AED,is_a,triangle
11,3,noisy_text[punctuation] + full_diagram,OK,A,center_of,rotation
11,3,noisy_text[punctuation] + full_diagram,OK,A,rotated_about,60_deg
11,3,noisy_text[punctuation] + full_diagram,OK,AD,intersects,BC
11,3,noisy_text[punctuation] + full_diagram,OK,AD,intersects,"BC, at, F"
,,,,,,
14,3,noisy_text[punctuation] + full_diagram,OK,O,is_a,circle
14,3,noisy_text[punctuation] + full_diagram,OK,A,is_a,point
14,3,noisy_text[punctuation] + full_diagram,OK,B,is_a,point
14,3,noisy_text[punctuation] + full_diagram,OK,C,is_a,point
14,3,noisy_text[punctuation] + full_diagram,OK,OAB,is_a,angle
14,3,noisy_text[punctuation] + full_diagram,OK,OAB,has_measure,35_deg
14,3,noisy_text[punctuation] + full_diagram,OK,A,lies_on,O
14,3,noisy_text[punctuation] + full_diagram,OK,B,lies_on,O
14,3,noisy_text[punctuation] + full_diagram,OK,C,lies_on,O
14,3,noisy_text[punctuation] + full_diagram,OK,A,connects,B
14,3,noisy_text[punctuation] + full_diagram,OK,B,connects,C
14,3,noisy_text[punctuation] + full_diagram,OK,C,connects,A
14,3,noisy_text[punctuation] + full_diagram,OK,ABC,is_a,triangle
14,3,noisy_text[punctuation] + full_diagram,OK,O,center_of,O
14,3,noisy_text[punctuation] + full_diagram,OK,ACB,is_a,angle
14,3,noisy_text[punctuation] + full_diagram,OK,ACB,has_measure,?
14,3,noisy_text[punctuation] + full_diagram,OK,∠ACB,is_a,angle
,,,,,,
16,3,noisy_text[punctuation] + full_diagram,OK,O,is_a,point
16,3,noisy_text[punctuation] + full_diagram,OK,O,center_of,circle
16,3,noisy_text[punctuation] + full_diagram,OK,AC,is_a,chord
16,3,noisy_text[punctuation] + full_diagram,OK,OB,is_a,radius
16,3,noisy_text[punctuation] + full_diagram,OK,AC,parallel_to,OB
16,3,noisy_text[punctuation] + full_diagram,OK,BOC,is_a,angle
16,3,noisy_text[punctuation] + full_diagram,OK,BOC,has_measure,50_deg
16,3,noisy_text[punctuation] + full_diagram,OK,OAB,is_a,angle
16,3,noisy_text[punctuation] + full_diagram,OK,OAB,has_measure,?
16,3,noisy_text[punctuation] + full_diagram,OK,A,is_a,point
16,3,noisy_text[punctuation] + full_diagram,OK,B,is_a,point
16,3,noisy_text[punctuation] + full_diagram,OK,C,is_a,point
16,3,noisy_text[punctuation] + full_diagram,OK,AB,is_a,segment
16,3,noisy_text[punctuation] + full_diagram,OK,BC,is_a,segment
16,3,noisy_text[punctuation] + full_diagram,OK,OC,is_a,radius
16,3,noisy_text[punctuation] + full_diagram,OK,OA,is_a,radius
16,3,noisy_text[punctuation] + full_diagram,OK,∠AOB,is_a,angle
16,3,noisy_text[punctuation] + full_diagram,OK,∠AOB,has_measure,?
,,,,,,
17,3,noisy_text[punctuation] + full_diagram,OK,A,is_a,point
17,3,noisy_text[punctuation] + full_diagram,OK,B,is_a,point
17,3,noisy_text[punctuation] + full_diagram,OK,C,is_a,point
17,3,noisy_text[punctuation] + full_diagram,OK,D,is_a,point
17,3,noisy_text[punctuation] + full_diagram,OK,O,is_a,point
17,3,noisy_text[punctuation] + full_diagram,OK,AB,is_a,segment
17,3,noisy_text[punctuation] + full_diagram,OK,BC,is_a,segment
17,3,noisy_text[punctuation] + full_diagram,OK,CD,is_a,segment
17,3,noisy_text[punctuation] + full_diagram,OK,DA,is_a,segment
17,3,noisy_text[punctuation] + full_diagram,OK,AC,is_a,segment
17,3,noisy_text[punctuation] + full_diagram,OK,BD,is_a,segment
17,3,noisy_text[punctuation] + full_diagram,OK,ABCD,is_a,parallelogram
17,3,noisy_text[punctuation] + full_diagram,OK,AC,intersects,BD
17,3,noisy_text[punctuation] + full_diagram,OK,AC,intersects,"BD, at, O"
17,3,noisy_text[punctuation] + full_diagram,OK,∠DAC,is_a,angle
17,3,noisy_text[punctuation] + full_diagram,OK,∠DAC,has_measure,42_deg
17,3,noisy_text[punctuation] + full_diagram,OK,∠CBD,is_a,angle
17,3,noisy_text[punctuation] + full_diagram,OK,∠CBD,has_measure,23_deg
17,3,noisy_text[punctuation] + full_diagram,OK,∠COD,is_a,angle
17,3,noisy_text[punctuation] + full_diagram,OK,∠COD,has_measure,?
,,,,,,
20,3,noisy_text[punctuation] + full_diagram,OK,AB,is_a,diameter
20,3,noisy_text[punctuation] + full_diagram,OK,O,is_a,circle
20,3,noisy_text[punctuation] + full_diagram,OK,AB,center_of,O
20,3,noisy_text[punctuation] + full_diagram,OK,C,is_a,point
20,3,noisy_text[punctuation] + full_diagram,OK,D,is_a,point
20,3,noisy_text[punctuation] + full_diagram,OK,AB,connects,A
20,3,noisy_text[punctuation] + full_diagram,OK,AB,connects,B
20,3,noisy_text[punctuation] + full_diagram,OK,O,lies_on,AB
20,3,noisy_text[punctuation] + full_diagram,OK,C,lies_on,O
20,3,noisy_text[punctuation] + full_diagram,OK,D,lies_on,O
20,3,noisy_text[punctuation] + full_diagram,OK,AC,is_a,segment
20,3,noisy_text[punctuation] + full_diagram,OK,BC,is_a,segment
20,3,noisy_text[punctuation] + full_diagram,OK,CD,is_a,segment
20,3,noisy_text[punctuation] + full_diagram,OK,OD,is_a,segment
20,3,noisy_text[punctuation] + full_diagram,OK,∠DOB,is_a,angle
20,3,noisy_text[punctuation] + full_diagram,OK,∠DOB,has_measure,140_deg
20,3,noisy_text[punctuation] + full_diagram,OK,∠ACD,is_a,angle
20,3,noisy_text[punctuation] + full_diagram,OK,∠ACD,has_measure,?
20,3,noisy_text[punctuation] + full_diagram,OK,AB,diameter_of,O
20,3,noisy_text[punctuation] + full_diagram,OK,AC,connects,A
20,3,noisy_text[punctuation] + full_diagram,OK,AC,connects,C
20,3,noisy_text[punctuation] + full_diagram,OK,BC,connects,B
20,3,noisy_text[punctuation] + full_diagram,OK,BC,connects,C
20,3,noisy_text[punctuation] + full_diagram,OK,CD,connects,C
20,3,noisy_text[punctuation] + full_diagram,OK,CD,connects,D
20,3,noisy_text[punctuation] + full_diagram,OK,OD,connects,O
20,3,noisy_text[punctuation] + full_diagram,OK,OD,connects,D
,,,,,,
22,3,noisy_text[punctuation] + full_diagram,OK,A,is_a,point
22,3,noisy_text[punctuation] + full_diagram,OK,B,is_a,point
22,3,noisy_text[punctuation] + full_diagram,OK,C,is_a,point
22,3,noisy_text[punctuation] + full_diagram,OK,D,is_a,point
22,3,noisy_text[punctuation] + full_diagram,OK,M,is_a,point
22,3,noisy_text[punctuation] + full_diagram,OK,N,is_a,point
22,3,noisy_text[punctuation] + full_diagram,OK,O,is_a,point
22,3,noisy_text[punctuation] + full_diagram,OK,AB,is_a,segment
22,3,noisy_text[punctuation] + full_diagram,OK,AC,is_a,segment
22,3,noisy_text[punctuation] + full_diagram,OK,AD,is_a,segment
22,3,noisy_text[punctuation] + full_diagram,OK,AM,is_a,segment
22,3,noisy_text[punctuation] + full_diagram,OK,CN,is_a,segment
22,3,noisy_text[punctuation] + full_diagram,OK,MN,is_a,segment
22,3,noisy_text[punctuation] + full_diagram,OK,BO,is_a,segment
22,3,noisy_text[punctuation] + full_diagram,OK,DAC,is_a,angle
22,3,noisy_text[punctuation] + full_diagram,OK,OBC,is_a,angle
22,3,noisy_text[punctuation] + full_diagram,OK,ABCD,is_a,diamond
22,3,noisy_text[punctuation] + full_diagram,OK,M,lies_on,AB
22,3,noisy_text[punctuation] + full_diagram,OK,N,lies_on,CD
22,3,noisy_text[punctuation] + full_diagram,OK,AM,has_measure,CN
22,3,noisy_text[punctuation] + full_diagram,OK,AC,intersects,MN
22,3,noisy_text[punctuation] + full_diagram,OK,AC,intersects,O
22,3,noisy_text[punctuation] + full_diagram,OK,BO,connects,O
22,3,noisy_text[punctuation] + full_diagram,OK,DAC,has_measure,28_deg
,,,,,,
25,3,noisy_text[punctuation] + full_diagram,OK,EF,is_a,segment
25,3,noisy_text[punctuation] + full_diagram,OK,A,is_a,point
25,3,noisy_text[punctuation] + full_diagram,OK,B,is_a,point
25,3,noisy_text[punctuation] + full_diagram,OK,C,is_a,point
25,3,noisy_text[punctuation] + full_diagram,OK,E,is_a,point
25,3,noisy_text[punctuation] + full_diagram,OK,F,is_a,point
25,3,noisy_text[punctuation] + full_diagram,OK,EF,parallel_to,BC
25,3,noisy_text[punctuation] + full_diagram,OK,AC,is_a,segment
25,3,noisy_text[punctuation] + full_diagram,OK,AC,intersects,EF
25,3,noisy_text[punctuation] + full_diagram,OK,AC,intersects,BC
25,3,noisy_text[punctuation] + full_diagram,OK,AC,intersects,AB
25,3,noisy_text[punctuation] + full_diagram,OK,AC,intersects,AF
25,3,noisy_text[punctuation] + full_diagram,OK,∠BAF,is_a,angle
25,3,noisy_text[punctuation] + full_diagram,OK,AC,bisects,∠BAF
25,3,noisy_text[punctuation] + full_diagram,OK,∠B,is_a,angle
25,3,noisy_text[punctuation] + full_diagram,OK,∠B,has_measure,50_deg
25,3,noisy_text[punctuation] + full_diagram,OK,∠C,is_a,angle
25,3,noisy_text[punctuation] + full_diagram,OK,EF,connects,A
25,3,noisy_text[punctuation] + full_diagram,OK,EF,connects,F
25,3,noisy_text[punctuation] + full_diagram,OK,EF,connects,E
25,3,noisy_text[punctuation] + full_diagram,OK,AB,connects,A
25,3,noisy_text[punctuation] + full_diagram,OK,AB,connects,B
25,3,noisy_text[punctuation] + full_diagram,OK,AF,connects,A
25,3,noisy_text[punctuation] + full_diagram,OK,AF,connects,F
25,3,noisy_text[punctuation] + full_diagram,OK,BC,connects,B
25,3,noisy_text[punctuation] + full_diagram,OK,BC,connects,C
,,,,,,
26,3,noisy_text[punctuation] + full_diagram,OK,bamboo_pole,is_a,object
26,3,noisy_text[punctuation] + full_diagram,OK,bamboo_pole,has_measure,3.2_m
26,3,noisy_text[punctuation] + full_diagram,OK,bamboo_pole,connects,ground
26,3,noisy_text[punctuation] + full_diagram,OK,flagpole,is_a,object
26,3,noisy_text[punctuation] + full_diagram,OK,flagpole,has_measure,?
26,3,noisy_text[punctuation] + full_diagram,OK,flagpole,connects,ground
26,3,noisy_text[punctuation] + full_diagram,OK,distance_between_bamboo_and_point,is_a,distance
26,3,noisy_text[punctuation] + full_diagram,OK,distance_between_bamboo_and_point,has_measure,8.0_m
26,3,noisy_text[punctuation] + full_diagram,OK,distance_between_flagpole_and_point,is_a,distance
26,3,noisy_text[punctuation] + full_diagram,OK,distance_between_flagpole_and_point,has_measure,22.0_m
26,3,noisy_text[punctuation] + full_diagram,OK,point,is_a,point
26,3,noisy_text[punctuation] + full_diagram,OK,top_of_bamboo_pole,is_a,point
26,3,noisy_text[punctuation] + full_diagram,OK,top_of_flagpole,is_a,point
26,3,noisy_text[punctuation] + full_diagram,OK,top_of_bamboo_pole,lies_on,point
26,3,noisy_text[punctuation] + full_diagram,OK,shadow_of_top_of_flagpole,is_a,point
26,3,noisy_text[punctuation] + full_diagram,OK,shadow_of_top_of_flagpole,lies_on,point
26,3,noisy_text[punctuation] + full_diagram,OK,top_of_bamboo_pole,lies_on,ground
26,3,noisy_text[punctuation] + full_diagram,OK,shadow_of_top_of_flagpole,lies_on,ground
26,3,noisy_text[punctuation] + full_diagram,OK,bamboo_pole,connects,top_of_bamboo_pole
26,3,noisy_text[punctuation] + full_diagram,OK,flagpole,connects,top_of_flagpole
26,3,noisy_text[punctuation] + full_diagram,OK,flagpole,connects,shadow_of_top_of_flagpole
26,3,noisy_text[punctuation] + full_diagram,OK,bamboo_pole,connects,distance_between_bamboo_and_point
26,3,noisy_text[punctuation] + full_diagram,OK,flagpole,connects,distance_between_flagpole_and_point
26,3,noisy_text[punctuation] + full_diagram,OK,point,connects,distance_between_bamboo_and_point
26,3,noisy_text[punctuation] + full_diagram,OK,point,connects,distance_between_flagpole_and_point
,,,,,,
29,3,noisy_text[punctuation] + full_diagram,OK,A,is_a,point
29,3,noisy_text[punctuation] + full_diagram,OK,B,is_a,point
29,3,noisy_text[punctuation] + full_diagram,OK,C,is_a,point
29,3,noisy_text[punctuation] + full_diagram,OK,D,is_a,point
29,3,noisy_text[punctuation] + full_diagram,OK,ABC,is_a,triangle
29,3,noisy_text[punctuation] + full_diagram,OK,BD,is_a,segment
29,3,noisy_text[punctuation] + full_diagram,OK,CD,is_a,segment
29,3,noisy_text[punctuation] + full_diagram,OK,D,is_a,intersection_point
29,3,noisy_text[punctuation] + full_diagram,OK,BD,intersects,CD
29,3,noisy_text[punctuation] + full_diagram,OK,A,connects,B
29,3,noisy_text[punctuation] + full_diagram,OK,A,connects,C
29,3,noisy_text[punctuation] + full_diagram,OK,B,connects,C
29,3,noisy_text[punctuation] + full_diagram,OK,B,connects,D
29,3,noisy_text[punctuation] + full_diagram,OK,C,connects,D
29,3,noisy_text[punctuation] + full_diagram,OK,∠BAC,is_a,angle
29,3,noisy_text[punctuation] + full_diagram,OK,∠BAC,has_measure,50_deg
29,3,noisy_text[punctuation] + full_diagram,OK,∠BDC,is_a,angle
29,3,noisy_text[punctuation] + full_diagram,OK,∠BDC,has_measure,?
29,3,noisy_text[punctuation] + full_diagram,OK,∠BDC,is_a,query_target
,,,,,,
30,3,noisy_text[punctuation] + full_diagram,OK,O,is_a,point
30,3,noisy_text[punctuation] + full_diagram,OK,A,is_a,point
30,3,noisy_text[punctuation] + full_diagram,OK,B,is_a,point
30,3,noisy_text[punctuation] + full_diagram,OK,C,is_a,point
30,3,noisy_text[punctuation] + full_diagram,OK,OA,is_a,segment
30,3,noisy_text[punctuation] + full_diagram,OK,OB,is_a,segment
30,3,noisy_text[punctuation] + full_diagram,OK,OC,is_a,segment
30,3,noisy_text[punctuation] + full_diagram,OK,AC,is_a,segment
30,3,noisy_text[punctuation] + full_diagram,OK,AB,is_a,segment
30,3,noisy_text[punctuation] + full_diagram,OK,BC,is_a,segment
30,3,noisy_text[punctuation] + full_diagram,OK,OA,has_measure,?
30,3,noisy_text[punctuation] + full_diagram,OK,OB,has_measure,?
30,3,noisy_text[punctuation] + full_diagram,OK,OC,has_measure,?
30,3,noisy_text[punctuation] + full_diagram,OK,∠ACB,is_a,angle
30,3,noisy_text[punctuation] + full_diagram,OK,∠ACB,has_measure,30_deg
,,,,,,
32,3,noisy_text[punctuation] + full_diagram,OK,A,is_a,point
32,3,noisy_text[punctuation] + full_diagram,OK,B,is_a,point
32,3,noisy_text[punctuation] + full_diagram,OK,C,is_a,point
32,3,noisy_text[punctuation] + full_diagram,OK,D,is_a,point
32,3,noisy_text[punctuation] + full_diagram,OK,E,is_a,point
32,3,noisy_text[punctuation] + full_diagram,OK,F,is_a,point
32,3,noisy_text[punctuation] + full_diagram,OK,I,is_a,point
32,3,noisy_text[punctuation] + full_diagram,OK,AB,is_a,segment
32,3,noisy_text[punctuation] + full_diagram,OK,BC,is_a,segment
32,3,noisy_text[punctuation] + full_diagram,OK,CA,is_a,segment
32,3,noisy_text[punctuation] + full_diagram,OK,DE,is_a,segment
32,3,noisy_text[punctuation] + full_diagram,OK,EF,is_a,segment
32,3,noisy_text[punctuation] + full_diagram,OK,FD,is_a,segment
32,3,noisy_text[punctuation] + full_diagram,OK,ABC,is_a,triangle
32,3,noisy_text[punctuation] + full_diagram,OK,DEF,is_a,triangle
32,3,noisy_text[punctuation] + full_diagram,OK,I,center_of,circle
32,3,noisy_text[punctuation] + full_diagram,OK,D,lies_on,circle
32,3,noisy_text[punctuation] + full_diagram,OK,E,lies_on,circle
32,3,noisy_text[punctuation] + full_diagram,OK,F,lies_on,circle
32,3,noisy_text[punctuation] + full_diagram,OK,∠DEF,is_a,angle
32,3,noisy_text[punctuation] + full_diagram,OK,∠DEF,has_measure,52_deg
32,3,noisy_text[punctuation] + full_diagram,OK,circle,is_a,inscribed_circle
32,3,noisy_text[punctuation] + full_diagram,OK,circle,center_of,I
32,3,noisy_text[punctuation] + full_diagram,OK,D,is_a,tangent_point
32,3,noisy_text[punctuation] + full_diagram,OK,E,is_a,tangent_point
32,3,noisy_text[punctuation] + full_diagram,OK,F,is_a,tangent_point
,,,,,,
34,3,noisy_text[punctuation] + full_diagram,OK,A,is_a,point
34,3,noisy_text[punctuation] + full_diagram,OK,B,is_a,point
34,3,noisy_text[punctuation] + full_diagram,OK,C,is_a,point
34,3,noisy_text[punctuation] + full_diagram,OK,D,is_a,point
34,3,noisy_text[punctuation] + full_diagram,OK,E,is_a,point
34,3,noisy_text[punctuation] + full_diagram,OK,F,is_a,point
34,3,noisy_text[punctuation] + full_diagram,OK,P,is_a,point
34,3,noisy_text[punctuation] + full_diagram,OK,Q,is_a,point
34,3,noisy_text[punctuation] + full_diagram,OK,AB,is_a,line
34,3,noisy_text[punctuation] + full_diagram,OK,CD,is_a,line
34,3,noisy_text[punctuation] + full_diagram,OK,EF,is_a,line
34,3,noisy_text[punctuation] + full_diagram,OK,AB,parallel_to,CD
34,3,noisy_text[punctuation] + full_diagram,OK,P,is_a,intersection
34,3,noisy_text[punctuation] + full_diagram,OK,Q,is_a,intersection
34,3,noisy_text[punctuation] + full_diagram,OK,EF,intersects,AB
34,3,noisy_text[punctuation] + full_diagram,OK,EF,intersects,CD
34,3,noisy_text[punctuation] + full_diagram,OK,∠BPF,is_a,angle
34,3,noisy_text[punctuation] + full_diagram,OK,∠BPF,has_measure,100_deg
34,3,noisy_text[punctuation] + full_diagram,OK,∠CQF,is_a,angle
,,,,,,
36,3,noisy_text[punctuation] + full_diagram,OK,O,is_a,circle
36,3,noisy_text[punctuation] + full_diagram,OK,AB,is_a,diameter
36,3,noisy_text[punctuation] + full_diagram,OK,AB,diameter_of,O
36,3,noisy_text[punctuation] + full_diagram,OK,C,is_a,point
36,3,noisy_text[punctuation] + full_diagram,OK,C,lies_on,O
36,3,noisy_text[punctuation] + full_diagram,OK,D,is_a,point
36,3,noisy_text[punctuation] + full_diagram,OK,CD,is_a,tangent
36,3,noisy_text[punctuation] + full_diagram,OK,CD,tangent_to,O
36,3,noisy_text[punctuation] + full_diagram,OK,C,lies_on,CD
36,3,noisy_text[punctuation] + full_diagram,OK,AB,intersects,D
36,3,noisy_text[punctuation] + full_diagram,OK,AC,is_a,segment
36,3,noisy_text[punctuation] + full_diagram,OK,DC,is_a,line
36,3,noisy_text[punctuation] + full_diagram,OK,DB,is_a,line
36,3,noisy_text[punctuation] + full_diagram,OK,∠CDB,is_a,angle
36,3,noisy_text[punctuation] + full_diagram,OK,∠CDB,has_measure,50_deg
36,3,noisy_text[punctuation] + full_diagram,OK,∠BAC,is_a,angle
36,3,noisy_text[punctuation] + full_diagram,OK,∠BAC,has_measure,?
36,3,noisy_text[punctuation] + full_diagram,OK,O,is_a,point
36,3,noisy_text[punctuation] + full_diagram,OK,B,is_a,point
36,3,noisy_text[punctuation] + full_diagram,OK,A,is_a,point
36,3,noisy_text[punctuation] + full_diagram,OK,AB,connects,A
36,3,noisy_text[punctuation] + full_diagram,OK,AB,connects,B
36,3,noisy_text[punctuation] + full_diagram,OK,AC,connects,A
36,3,noisy_text[punctuation] + full_diagram,OK,AC,connects,C
36,3,noisy_text[punctuation] + full_diagram,OK,CD,connects,C
36,3,noisy_text[punctuation] + full_diagram,OK,CD,connects,D
36,3,noisy_text[punctuation] + full_diagram,OK,DB,connects,D
36,3,noisy_text[punctuation] + full_diagram,OK,DB,connects,B
,,,,,,
37,3,noisy_text[punctuation] + full_diagram,OK,A,is_a,point
37,3,noisy_text[punctuation] + full_diagram,OK,B,is_a,point
37,3,noisy_text[punctuation] + full_diagram,OK,C,is_a,point
37,3,noisy_text[punctuation] + full_diagram,OK,D,is_a,point
37,3,noisy_text[punctuation] + full_diagram,OK,O,is_a,point
37,3,noisy_text[punctuation] + full_diagram,OK,P,is_a,point
37,3,noisy_text[punctuation] + full_diagram,OK,AB,is_a,line
37,3,noisy_text[punctuation] + full_diagram,OK,CD,is_a,line
37,3,noisy_text[punctuation] + full_diagram,OK,AP,is_a,segment
37,3,noisy_text[punctuation] + full_diagram,OK,AO,is_a,segment
37,3,noisy_text[punctuation] + full_diagram,OK,OP,is_a,segment
37,3,noisy_text[punctuation] + full_diagram,OK,OCD,is_a,angle
37,3,noisy_text[punctuation] + full_diagram,OK,AB,parallel_to,CD
37,3,noisy_text[punctuation] + full_diagram,OK,AB,intersects,transversal
37,3,noisy_text[punctuation] + full_diagram,OK,CD,intersects,transversal
37,3,noisy_text[punctuation] + full_diagram,OK,transversal,intersects,"AB, at, O"
37,3,noisy_text[punctuation] + full_diagram,OK,transversal,intersects,"CD, at, C"
37,3,noisy_text[punctuation] + full_diagram,OK,C,collinear_with,O
37,3,noisy_text[punctuation] + full_diagram,OK,C,collinear_with,P
37,3,noisy_text[punctuation] + full_diagram,OK,O,collinear_with,P
37,3,noisy_text[punctuation] + full_diagram,OK,A,lies_on,AB
37,3,noisy_text[punctuation] + full_diagram,OK,AP,connects,"A, P"
37,3,noisy_text[punctuation] + full_diagram,OK,AO,has_measure,OP
37,3,noisy_text[punctuation] + full_diagram,OK,OCD,has_measure,50_deg
,,,,,,
38,3,noisy_text[punctuation] + full_diagram,OK,A,is_a,point
38,3,noisy_text[punctuation] + full_diagram,OK,B,is_a,point
38,3,noisy_text[punctuation] + full_diagram,OK,C,is_a,point
38,3,noisy_text[punctuation] + full_diagram,OK,D,is_a,point
38,3,noisy_text[punctuation] + full_diagram,OK,AB,is_a,segment
38,3,noisy_text[punctuation] + full_diagram,OK,AC,is_a,segment
38,3,noisy_text[punctuation] + full_diagram,OK,AD,is_a,segment
38,3,noisy_text[punctuation] + full_diagram,OK,ABC,is_a,triangle
38,3,noisy_text[punctuation] + full_diagram,OK,∠CAD,is_a,angle
38,3,noisy_text[punctuation] + full_diagram,OK,AB,parallel_to,BC
38,3,noisy_text[punctuation] + full_diagram,OK,D,lies_on,AD
38,3,noisy_text[punctuation] + full_diagram,OK,AC,connects,"A, C"
38,3,noisy_text[punctuation] + full_diagram,OK,AD,connects,"A, D"
38,3,noisy_text[punctuation] + full_diagram,OK,∠CAD,has_measure,70_deg
38,3,noisy_text[punctuation] + full_diagram,OK,AB,has_measure,?
38,3,noisy_text[punctuation] + full_diagram,OK,AC,has_measure,?
38,3,noisy_text[punctuation] + full_diagram,OK,AD,has_measure,?
38,3,noisy_text[punctuation] + full_diagram,OK,BC,has_measure,?
38,3,noisy_text[punctuation] + full_diagram,OK,∠BAC,has_measure,?
,,,,,,
40,3,noisy_text[punctuation] + full_diagram,OK,a,is_a,line
40,3,noisy_text[punctuation] + full_diagram,OK,b,is_a,line
40,3,noisy_text[punctuation] + full_diagram,OK,c,is_a,line
40,3,noisy_text[punctuation] + full_diagram,OK,a,parallel_to,b
40,3,noisy_text[punctuation] + full_diagram,OK,a,intersects,c
40,3,noisy_text[punctuation] + full_diagram,OK,b,intersects,c
40,3,noisy_text[punctuation] + full_diagram,OK,E,is_a,point
40,3,noisy_text[punctuation] + full_diagram,OK,F,is_a,point
40,3,noisy_text[punctuation] + full_diagram,OK,A,is_a,point
40,3,noisy_text[punctuation] + full_diagram,OK,B,is_a,point
40,3,noisy_text[punctuation] + full_diagram,OK,C,is_a,point
40,3,noisy_text[punctuation] + full_diagram,OK,D,is_a,point
40,3,noisy_text[punctuation] + full_diagram,OK,E,lies_on,a
40,3,noisy_text[punctuation] + full_diagram,OK,F,lies_on,b
40,3,noisy_text[punctuation] + full_diagram,OK,A,lies_on,a
40,3,noisy_text[punctuation] + full_diagram,OK,B,lies_on,b
40,3,noisy_text[punctuation] + full_diagram,OK,C,lies_on,c
40,3,noisy_text[punctuation] + full_diagram,OK,D,lies_on,c
40,3,noisy_text[punctuation] + full_diagram,OK,c,intersects,a
40,3,noisy_text[punctuation] + full_diagram,OK,c,intersects,b
40,3,noisy_text[punctuation] + full_diagram,OK,AEC,is_a,angle
40,3,noisy_text[punctuation] + full_diagram,OK,AEC,has_measure,50_deg
40,3,noisy_text[punctuation] + full_diagram,OK,BFD,is_a,angle
40,3,noisy_text[punctuation] + full_diagram,OK,BFD,has_measure,?
,,,,,,
43,3,noisy_text[punctuation] + full_diagram,OK,A,is_a,point
43,3,noisy_text[punctuation] + full_diagram,OK,B,is_a,point
43,3,noisy_text[punctuation] + full_diagram,OK,C,is_a,point
43,3,noisy_text[punctuation] + full_diagram,OK,D,is_a,point
43,3,noisy_text[punctuation] + full_diagram,OK,O,is_a,point
43,3,noisy_text[punctuation] + full_diagram,OK,OAB,is_a,triangle
43,3,noisy_text[punctuation] + full_diagram,OK,AOC,is_a,angle
43,3,noisy_text[punctuation] + full_diagram,OK,DOB,is_a,angle
43,3,noisy_text[punctuation] + full_diagram,OK,OAB,rotated_about,O
43,3,noisy_text[punctuation] + full_diagram,OK,OAB,rotated_about,30_deg
43,3,noisy_text[punctuation] + full_diagram,OK,A,mapped_to,D
43,3,noisy_text[punctuation] + full_diagram,OK,B,mapped_to,C
43,3,noisy_text[punctuation] + full_diagram,OK,OD,is_a,segment
43,3,noisy_text[punctuation] + full_diagram,OK,OC,is_a,segment
43,3,noisy_text[punctuation] + full_diagram,OK,OA,is_a,segment
43,3,noisy_text[punctuation] + full_diagram,OK,OB,is_a,segment
43,3,noisy_text[punctuation] + full_diagram,OK,AOC,has_measure,100_deg
,,,,,,
44,3,noisy_text[punctuation] + full_diagram,OK,A,is_a,point
44,3,noisy_text[punctuation] + full_diagram,OK,B,is_a,point
44,3,noisy_text[punctuation] + full_diagram,OK,AB,is_a,segment
44,3,noisy_text[punctuation] + full_diagram,OK,AB,has_measure,30_units
44,3,noisy_text[punctuation] + full_diagram,OK,Xiaogang,is_a,person
44,3,noisy_text[punctuation] + full_diagram,OK,Xiaogang,has_measure,1.5_units
44,3,noisy_text[punctuation] + full_diagram,OK,Xiaogang,connects,A
44,3,noisy_text[punctuation] + full_diagram,OK,Xiaogang,connects,B
44,3,noisy_text[punctuation] + full_diagram,OK,Height,is_a,?
44,3,noisy_text[punctuation] + full_diagram,OK,Height,connects,A
44,3,noisy_text[punctuation] + full_diagram,OK,Height,connects,B
44,3,noisy_text[punctuation] + full_diagram,OK,A,is_a,street_lamp
44,3,noisy_text[punctuation] + full_diagram,OK,B,is_a,street_lamp
44,3,noisy_text[punctuation] + full_diagram,OK,Xiaogang,is_a,height
44,3,noisy_text[punctuation] + full_diagram,OK,A,is_a,bottom
44,3,noisy_text[punctuation] + full_diagram,OK,B,is_a,bottom
44,3,noisy_text[punctuation] + full_diagram,OK,A,is_a,top
44,3,noisy_text[punctuation] + full_diagram,OK,B,is_a,top
44,3,noisy_text[punctuation] + full_diagram,OK,Xiaogang,is_a,top
,,,,,,
45,3,noisy_text[punctuation] + full_diagram,OK,O,is_a,circle
45,3,noisy_text[punctuation] + full_diagram,OK,A,is_a,point
45,3,noisy_text[punctuation] + full_diagram,OK,B,is_a,point
45,3,noisy_text[punctuation] + full_diagram,OK,C,is_a,point
45,3,noisy_text[punctuation] + full_diagram,OK,O,center_of,circle
45,3,noisy_text[punctuation] + full_diagram,OK,A,lies_on,circle
45,3,noisy_text[punctuation] + full_diagram,OK,B,lies_on,circle
45,3,noisy_text[punctuation] + full_diagram,OK,C,lies_on,circle
45,3,noisy_text[punctuation] + full_diagram,OK,AO,is_a,segment
45,3,noisy_text[punctuation] + full_diagram,OK,BO,is_a,segment
45,3,noisy_text[punctuation] + full_diagram,OK,AC,is_a,segment
45,3,noisy_text[punctuation] + full_diagram,OK,BC,is_a,segment
45,3,noisy_text[punctuation] + full_diagram,OK,ACB,is_a,angle
45,3,noisy_text[punctuation] + full_diagram,OK,ACB,has_measure,35_deg
45,3,noisy_text[punctuation] + full_diagram,OK,AOB,is_a,angle
45,3,noisy_text[punctuation] + full_diagram,OK,AOB,has_measure,?
,,,,,,
46,3,noisy_text[punctuation] + full_diagram,OK,A,is_a,point
46,3,noisy_text[punctuation] + full_diagram,OK,B,is_a,point
46,3,noisy_text[punctuation] + full_diagram,OK,C,is_a,point
46,3,noisy_text[punctuation] + full_diagram,OK,D,is_a,point
46,3,noisy_text[punctuation] + full_diagram,OK,AB,is_a,line
46,3,noisy_text[punctuation] + full_diagram,OK,CD,is_a,line
46,3,noisy_text[punctuation] + full_diagram,OK,AB,parallel_to,CD
46,3,noisy_text[punctuation] + full_diagram,OK,transversal,is_a,line
46,3,noisy_text[punctuation] + full_diagram,OK,transversal,intersects,AB
46,3,noisy_text[punctuation] + full_diagram,OK,transversal,intersects,CD
46,3,noisy_text[punctuation] + full_diagram,OK,A,lies_on,AB
46,3,noisy_text[punctuation] + full_diagram,OK,C,lies_on,CD
46,3,noisy_text[punctuation] + full_diagram,OK,angle,is_a,angle
46,3,noisy_text[punctuation] + full_diagram,OK,angle,has_measure,70_deg
46,3,noisy_text[punctuation] + full_diagram,OK,angle_1,is_a,angle
46,3,noisy_text[punctuation] + full_diagram,OK,angle_1,has_measure,?
46,3,noisy_text[punctuation] + full_diagram,OK,transversal,intersects,"AB, at, A"
46,3,noisy_text[punctuation] + full_diagram,OK,transversal,intersects,"CD, at, C"
46,3,noisy_text[punctuation] + full_diagram,OK,angle,formed_by,"transversal, AB"
46,3,noisy_text[punctuation] + full_diagram,OK,angle_1,formed_by,"transversal, CD"
,,,,,,
48,3,noisy_text[punctuation] + full_diagram,OK,A,is_a,point
48,3,noisy_text[punctuation] + full_diagram,OK,B,is_a,point
48,3,noisy_text[punctuation] + full_diagram,OK,C,is_a,point
48,3,noisy_text[punctuation] + full_diagram,OK,O,is_a,point
48,3,noisy_text[punctuation] + full_diagram,OK,A,lies_on,circle
48,3,noisy_text[punctuation] + full_diagram,OK,B,lies_on,circle
48,3,noisy_text[punctuation] + full_diagram,OK,C,lies_on,circle
48,3,noisy_text[punctuation] + full_diagram,OK,O,center_of,circle
48,3,noisy_text[punctuation] + full_diagram,OK,∠BOC,is_a,angle
48,3,noisy_text[punctuation] + full_diagram,OK,∠BOC,has_measure,100_deg
48,3,noisy_text[punctuation] + full_diagram,OK,∠BAC,is_a,angle
48,3,noisy_text[punctuation] + full_diagram,OK,∠BAC,has_measure,?
48,3,noisy_text[punctuation] + full_diagram,OK,O,connects,B
48,3,noisy_text[punctuation] + full_diagram,OK,O,connects,C
48,3,noisy_text[punctuation] + full_diagram,OK,B,connects,C
48,3,noisy_text[punctuation] + full_diagram,OK,A,connects,B
48,3,noisy_text[punctuation] + full_diagram,OK,A,connects,C
,,,,,,
49,3,noisy_text[punctuation] + full_diagram,OK,A,is_a,point
49,3,noisy_text[punctuation] + full_diagram,OK,B,is_a,point
49,3,noisy_text[punctuation] + full_diagram,OK,C,is_a,point
49,3,noisy_text[punctuation] + full_diagram,OK,D,is_a,point
49,3,noisy_text[punctuation] + full_diagram,OK,E,is_a,point
49,3,noisy_text[punctuation] + full_diagram,OK,O,is_a,point
49,3,noisy_text[punctuation] + full_diagram,OK,ABCDE,is_a,cyclic_pentagon
49,3,noisy_text[punctuation] + full_diagram,OK,A,lies_on,ABCDE
49,3,noisy_text[punctuation] + full_diagram,OK,B,lies_on,ABCDE
49,3,noisy_text[punctuation] + full_diagram,OK,C,lies_on,ABCDE
49,3,noisy_text[punctuation] + full_diagram,OK,D,lies_on,ABCDE
49,3,noisy_text[punctuation] + full_diagram,OK,E,lies_on,ABCDE
49,3,noisy_text[punctuation] + full_diagram,OK,O,center_of,ABCDE
49,3,noisy_text[punctuation] + full_diagram,OK,∠BAC,has_measure,35_deg
49,3,noisy_text[punctuation] + full_diagram,OK,∠AED,has_measure,115_deg
49,3,noisy_text[punctuation] + full_diagram,OK,∠BAE,has_measure,30_deg
49,3,noisy_text[punctuation] + full_diagram,OK,∠ABC,is_a,angle
49,3,noisy_text[punctuation] + full_diagram,OK,∠ABC,has_measure,?
,,,,,,
50,3,noisy_text[punctuation] + full_diagram,OK,A,is_a,point
50,3,noisy_text[punctuation] + full_diagram,OK,B,is_a,point
50,3,noisy_text[punctuation] + full_diagram,OK,C,is_a,point
50,3,noisy_text[punctuation] + full_diagram,OK,D,is_a,point
50,3,noisy_text[punctuation] + full_diagram,OK,E,is_a,point
50,3,noisy_text[punctuation] + full_diagram,OK,O,is_a,point
50,3,noisy_text[punctuation] + full_diagram,OK,AB,is_a,segment
50,3,noisy_text[punctuation] + full_diagram,OK,CD,is_a,segment
50,3,noisy_text[punctuation] + full_diagram,OK,EO,is_a,segment
50,3,noisy_text[punctuation] + full_diagram,OK,∠BOD,is_a,angle
50,3,noisy_text[punctuation] + full_diagram,OK,∠COE,is_a,angle
50,3,noisy_text[punctuation] + full_diagram,OK,AB,intersects,CD
50,3,noisy_text[punctuation] + full_diagram,OK,AB,intersects,EO
50,3,noisy_text[punctuation] + full_diagram,OK,CD,intersects,AB
50,3,noisy_text[punctuation] + full_diagram,OK,EO,intersects,AB
50,3,noisy_text[punctuation] + full_diagram,OK,EO,perpendicular_to,AB
50,3,noisy_text[punctuation] + full_diagram,OK,∠BOD,has_measure,50_deg
50,3,noisy_text[punctuation] + full_diagram,OK,∠COE,has_measure,?
,,,,,,
53,3,noisy_text[punctuation] + full_diagram,OK,AB,is_a,line
53,3,noisy_text[punctuation] + full_diagram,OK,CD,is_a,line
53,3,noisy_text[punctuation] + full_diagram,OK,AB,parallel_to,CD
53,3,noisy_text[punctuation] + full_diagram,OK,E,is_a,point
53,3,noisy_text[punctuation] + full_diagram,OK,F,is_a,point
53,3,noisy_text[punctuation] + full_diagram,OK,E,lies_on,AB
53,3,noisy_text[punctuation] + full_diagram,OK,F,lies_on,CD
53,3,noisy_text[punctuation] + full_diagram,OK,transversal,is_a,line
53,3,noisy_text[punctuation] + full_diagram,OK,transversal,intersects,AB
53,3,noisy_text[punctuation] + full_diagram,OK,transversal,intersects,CD
53,3,noisy_text[punctuation] + full_diagram,OK,C,is_a,point
53,3,noisy_text[punctuation] + full_diagram,OK,D,is_a,point
53,3,noisy_text[punctuation] + full_diagram,OK,C,lies_on,transversal
53,3,noisy_text[punctuation] + full_diagram,OK,D,lies_on,transversal
53,3,noisy_text[punctuation] + full_diagram,OK,C,lies_above,E
53,3,noisy_text[punctuation] + full_diagram,OK,D,lies_below,F
53,3,noisy_text[punctuation] + full_diagram,OK,AEC,is_a,angle
53,3,noisy_text[punctuation] + full_diagram,OK,AEC,has_measure,55_deg
53,3,noisy_text[punctuation] + full_diagram,OK,B,is_a,point
53,3,noisy_text[punctuation] + full_diagram,OK,B,lies_on,CD
53,3,noisy_text[punctuation] + full_diagram,OK,BFD,is_a,angle
,,,,,,
55,3,noisy_text[punctuation] + full_diagram,OK,A,is_a,point
55,3,noisy_text[punctuation] + full_diagram,OK,B,is_a,point
55,3,noisy_text[punctuation] + full_diagram,OK,C,is_a,point
55,3,noisy_text[punctuation] + full_diagram,OK,D,is_a,point
55,3,noisy_text[punctuation] + full_diagram,OK,O,is_a,point
55,3,noisy_text[punctuation] + full_diagram,OK,M,is_a,point
55,3,noisy_text[punctuation] + full_diagram,OK,N,is_a,point
55,3,noisy_text[punctuation] + full_diagram,OK,AB,is_a,line
55,3,noisy_text[punctuation] + full_diagram,OK,CD,is_a,line
55,3,noisy_text[punctuation] + full_diagram,OK,OM,is_a,line
55,3,noisy_text[punctuation] + full_diagram,OK,ON,is_a,line
55,3,noisy_text[punctuation] + full_diagram,OK,AB,intersects,O
55,3,noisy_text[punctuation] + full_diagram,OK,CD,intersects,O
55,3,noisy_text[punctuation] + full_diagram,OK,OM,bisects,AOC
55,3,noisy_text[punctuation] + full_diagram,OK,ON,perpendicular_to,OM
55,3,noisy_text[punctuation] + full_diagram,OK,AOC,has_measure,70_deg
55,3,noisy_text[punctuation] + full_diagram,OK,CON,is_a,angle
,,,,,,
56,3,noisy_text[punctuation] + full_diagram,OK,O,is_a,circle
56,3,noisy_text[punctuation] + full_diagram,OK,CD,is_a,diameter
56,3,noisy_text[punctuation] + full_diagram,OK,CD,lies_on,O
56,3,noisy_text[punctuation] + full_diagram,OK,EF,is_a,chord
56,3,noisy_text[punctuation] + full_diagram,OK,EF,intersects,CD
56,3,noisy_text[punctuation] + full_diagram,OK,G,is_a,point
56,3,noisy_text[punctuation] + full_diagram,OK,EF,has_measure,?
56,3,noisy_text[punctuation] + full_diagram,OK,G,is_a,midpoint
56,3,noisy_text[punctuation] + full_diagram,OK,G,lies_on,EF
56,3,noisy_text[punctuation] + full_diagram,OK,C,is_a,point
56,3,noisy_text[punctuation] + full_diagram,OK,E,is_a,point
56,3,noisy_text[punctuation] + full_diagram,OK,F,is_a,point
56,3,noisy_text[punctuation] + full_diagram,OK,C,lies_on,O
56,3,noisy_text[punctuation] + full_diagram,OK,E,lies_on,O
56,3,noisy_text[punctuation] + full_diagram,OK,F,lies_on,O
56,3,noisy_text[punctuation] + full_diagram,OK,∠DCF,is_a,angle
56,3,noisy_text[punctuation] + full_diagram,OK,∠DCF,has_measure,20_deg
56,3,noisy_text[punctuation] + full_diagram,OK,∠EOD,is_a,angle
56,3,noisy_text[punctuation] + full_diagram,OK,∠EOD,has_measure,?
56,3,noisy_text[punctuation] + full_diagram,OK,O,is_a,point
56,3,noisy_text[punctuation] + full_diagram,OK,D,is_a,point
,,,,,,
57,3,noisy_text[punctuation] + full_diagram,OK,A,is_a,point
57,3,noisy_text[punctuation] + full_diagram,OK,B,is_a,point
57,3,noisy_text[punctuation] + full_diagram,OK,C,is_a,point
57,3,noisy_text[punctuation] + full_diagram,OK,D,is_a,point
57,3,noisy_text[punctuation] + full_diagram,OK,E,is_a,point
57,3,noisy_text[punctuation] + full_diagram,OK,AB,is_a,segment
57,3,noisy_text[punctuation] + full_diagram,OK,CD,is_a,segment
57,3,noisy_text[punctuation] + full_diagram,OK,AD,is_a,segment
57,3,noisy_text[punctuation] + full_diagram,OK,BC,is_a,segment
57,3,noisy_text[punctuation] + full_diagram,OK,∠ABC,is_a,angle
57,3,noisy_text[punctuation] + full_diagram,OK,∠DCB,is_a,angle
57,3,noisy_text[punctuation] + full_diagram,OK,AB,parallel_to,CD
57,3,noisy_text[punctuation] + full_diagram,OK,A,lies_on,AB
57,3,noisy_text[punctuation] + full_diagram,OK,B,lies_on,AB
57,3,noisy_text[punctuation] + full_diagram,OK,C,lies_on,CD
57,3,noisy_text[punctuation] + full_diagram,OK,D,lies_on,CD
57,3,noisy_text[punctuation] + full_diagram,OK,AD,intersects,BC
57,3,noisy_text[punctuation] + full_diagram,OK,AD,intersects,AB
57,3,noisy_text[punctuation] + full_diagram,OK,AD,intersects,CD
57,3,noisy_text[punctuation] + full_diagram,OK,BC,intersects,AD
57,3,noisy_text[punctuation] + full_diagram,OK,BC,intersects,AB
57,3,noisy_text[punctuation] + full_diagram,OK,BC,intersects,CD
57,3,noisy_text[punctuation] + full_diagram,OK,AB,connects,A
57,3,noisy_text[punctuation] + full_diagram,OK,AB,connects,B
57,3,noisy_text[punctuation] + full_diagram,OK,CD,connects,C
57,3,noisy_text[punctuation] + full_diagram,OK,CD,connects,D
57,3,noisy_text[punctuation] + full_diagram,OK,AD,connects,A
57,3,noisy_text[punctuation] + full_diagram,OK,AD,connects,D
57,3,noisy_text[punctuation] + full_diagram,OK,BC,connects,B
57,3,noisy_text[punctuation] + full_diagram,OK,BC,connects,C
57,3,noisy_text[punctuation] + full_diagram,OK,∠ABC,has_measure,20_deg
,,,,,,
58,3,noisy_text[punctuation] + full_diagram,OK,A,is_a,point
58,3,noisy_text[punctuation] + full_diagram,OK,B,is_a,point
58,3,noisy_text[punctuation] + full_diagram,OK,C,is_a,point
58,3,noisy_text[punctuation] + full_diagram,OK,D,is_a,point
58,3,noisy_text[punctuation] + full_diagram,OK,E,is_a,point
58,3,noisy_text[punctuation] + full_diagram,OK,AB,is_a,segment
58,3,noisy_text[punctuation] + full_diagram,OK,CD,is_a,segment
58,3,noisy_text[punctuation] + full_diagram,OK,EC,is_a,segment
58,3,noisy_text[punctuation] + full_diagram,OK,ED,is_a,segment
58,3,noisy_text[punctuation] + full_diagram,OK,AB,parallel_to,CD
58,3,noisy_text[punctuation] + full_diagram,OK,E,lies_on,AB
58,3,noisy_text[punctuation] + full_diagram,OK,C,lies_on,CD
58,3,noisy_text[punctuation] + full_diagram,OK,D,lies_on,CD
58,3,noisy_text[punctuation] + full_diagram,OK,∠CED,is_a,angle
58,3,noisy_text[punctuation] + full_diagram,OK,∠CED,has_measure,90_deg
58,3,noisy_text[punctuation] + full_diagram,OK,∠AEC,is_a,angle
58,3,noisy_text[punctuation] + full_diagram,OK,∠AEC,has_measure,35_deg
58,3,noisy_text[punctuation] + full_diagram,OK,∠CDE,is_a,angle
58,3,noisy_text[punctuation] + full_diagram,OK,A,collinear_with,E
58,3,noisy_text[punctuation] + full_diagram,OK,E,collinear_with,B
58,3,noisy_text[punctuation] + full_diagram,OK,∠CDE,is_a,query_target
,,,,,,
59,3,noisy_text[punctuation] + full_diagram,OK,A,is_a,point
59,3,noisy_text[punctuation] + full_diagram,OK,B,is_a,point
59,3,noisy_text[punctuation] + full_diagram,OK,C,is_a,point
59,3,noisy_text[punctuation] + full_diagram,OK,D,is_a,point
59,3,noisy_text[punctuation] + full_diagram,OK,AB,is_a,segment
59,3,noisy_text[punctuation] + full_diagram,OK,CD,is_a,segment
59,3,noisy_text[punctuation] + full_diagram,OK,AC,is_a,segment
59,3,noisy_text[punctuation] + full_diagram,OK,AD,is_a,segment
59,3,noisy_text[punctuation] + full_diagram,OK,∠ACD,is_a,angle
59,3,noisy_text[punctuation] + full_diagram,OK,∠CDA,is_a,angle
59,3,noisy_text[punctuation] + full_diagram,OK,AB,parallel_to,CD
59,3,noisy_text[punctuation] + full_diagram,OK,A,lies_on,AB
59,3,noisy_text[punctuation] + full_diagram,OK,B,lies_on,AB
59,3,noisy_text[punctuation] + full_diagram,OK,C,lies_on,CD
59,3,noisy_text[punctuation] + full_diagram,OK,D,lies_on,CD
59,3,noisy_text[punctuation] + full_diagram,OK,AD,bisects,∠BAC
59,3,noisy_text[punctuation] + full_diagram,OK,∠ACD,has_measure,80_deg
,,,,,,
60,3,noisy_text[punctuation] + full_diagram,OK,A,is_a,point
60,3,noisy_text[punctuation] + full_diagram,OK,B,is_a,point
60,3,noisy_text[punctuation] + full_diagram,OK,C,is_a,point
60,3,noisy_text[punctuation] + full_diagram,OK,D,is_a,point
60,3,noisy_text[punctuation] + full_diagram,OK,AB,is_a,line
60,3,noisy_text[punctuation] + full_diagram,OK,CD,is_a,line
60,3,noisy_text[punctuation] + full_diagram,OK,AB,parallel_to,CD
60,3,noisy_text[punctuation] + full_diagram,OK,∠2,is_a,angle
60,3,noisy_text[punctuation] + full_diagram,OK,∠2,has_measure,135_deg
60,3,noisy_text[punctuation] + full_diagram,OK,∠1,is_a,angle
60,3,noisy_text[punctuation] + full_diagram,OK,∠1,has_measure,?
60,3,noisy_text[punctuation] + full_diagram,OK,AB,intersects,CD
60,3,noisy_text[punctuation] + full_diagram,OK,AB,connects,A
60,3,noisy_text[punctuation] + full_diagram,OK,AB,connects,B
60,3,noisy_text[punctuation] + full_diagram,OK,CD,connects,C
60,3,noisy_text[punctuation] + full_diagram,OK,CD,connects,D
60,3,noisy_text[punctuation] + full_diagram,OK,∠2,lies_on,CD
60,3,noisy_text[punctuation] + full_diagram,OK,∠1,lies_on,AB
60,3,noisy_text[punctuation] + full_diagram,OK,AB,is_a,transversal
60,3,noisy_text[punctuation] + full_diagram,OK,CD,is_a,transversal
60,3,noisy_text[punctuation] + full_diagram,OK,∠1,is_a,target
,,,,,,
64,3,noisy_text[punctuation] + full_diagram,OK,A,is_a,point
64,3,noisy_text[punctuation] + full_diagram,OK,B,is_a,point
64,3,noisy_text[punctuation] + full_diagram,OK,O,is_a,point
64,3,noisy_text[punctuation] + full_diagram,OK,AB,is_a,segment
64,3,noisy_text[punctuation] + full_diagram,OK,AB,connects,A
64,3,noisy_text[punctuation] + full_diagram,OK,AB,connects,B
64,3,noisy_text[punctuation] + full_diagram,OK,O,center_of,circle
64,3,noisy_text[punctuation] + full_diagram,OK,AB,lies_on,circle
64,3,noisy_text[punctuation] + full_diagram,OK,AB,has_measure,160_units
64,3,noisy_text[punctuation] + full_diagram,OK,O,has_measure,200_units
64,3,noisy_text[punctuation] + full_diagram,OK,OA,is_a,segment
64,3,noisy_text[punctuation] + full_diagram,OK,OA,connects,O
64,3,noisy_text[punctuation] + full_diagram,OK,OA,connects,A
64,3,noisy_text[punctuation] + full_diagram,OK,OB,is_a,segment
64,3,noisy_text[punctuation] + full_diagram,OK,OB,connects,O
64,3,noisy_text[punctuation] + full_diagram,OK,OB,connects,B
64,3,noisy_text[punctuation] + full_diagram,OK,OA,has_measure,?
64,3,noisy_text[punctuation] + full_diagram,OK,OB,has_measure,?
64,3,noisy_text[punctuation] + full_diagram,OK,OA,has_measure,100_units
64,3,noisy_text[punctuation] + full_diagram,OK,OB,has_measure,100_units
64,3,noisy_text[punctuation] + full_diagram,OK,depth,is_a,?
64,3,noisy_text[punctuation] + full_diagram,OK,depth,has_measure,?
,,,,,,
72,3,noisy_text[punctuation] + full_diagram,OK,A,is_a,point
72,3,noisy_text[punctuation] + full_diagram,OK,B,is_a,point
72,3,noisy_text[punctuation] + full_diagram,OK,C,is_a,point
72,3,noisy_text[punctuation] + full_diagram,OK,D,is_a,point
72,3,noisy_text[punctuation] + full_diagram,OK,E,is_a,point
72,3,noisy_text[punctuation] + full_diagram,OK,O,is_a,point
72,3,noisy_text[punctuation] + full_diagram,OK,AB,is_a,segment
72,3,noisy_text[punctuation] + full_diagram,OK,BC,is_a,segment
72,3,noisy_text[punctuation] + full_diagram,OK,CD,is_a,segment
72,3,noisy_text[punctuation] + full_diagram,OK,DA,is_a,segment
72,3,noisy_text[punctuation] + full_diagram,OK,AC,is_a,segment
72,3,noisy_text[punctuation] + full_diagram,OK,BD,is_a,segment
72,3,noisy_text[punctuation] + full_diagram,OK,EO,is_a,segment
72,3,noisy_text[punctuation] + full_diagram,OK,AB,has_measure,?
72,3,noisy_text[punctuation] + full_diagram,OK,BC,has_measure,?
72,3,noisy_text[punctuation] + full_diagram,OK,CD,has_measure,?
72,3,noisy_text[punctuation] + full_diagram,OK,DA,has_measure,?
72,3,noisy_text[punctuation] + full_diagram,OK,AB + BC + CD + DA,has_measure,16_units
72,3,noisy_text[punctuation] + full_diagram,OK,ABCD,is_a,parallelogram
72,3,noisy_text[punctuation] + full_diagram,OK,AC,intersects,BD
72,3,noisy_text[punctuation] + full_diagram,OK,AC,intersects,EO
72,3,noisy_text[punctuation] + full_diagram,OK,BD,intersects,EO
72,3,noisy_text[punctuation] + full_diagram,OK,AC,perpendicular_to,EO
72,3,noisy_text[punctuation] + full_diagram,OK,O,lies_on,AC
72,3,noisy_text[punctuation] + full_diagram,OK,O,lies_on,BD
72,3,noisy_text[punctuation] + full_diagram,OK,O,lies_on,EO
72,3,noisy_text[punctuation] + full_diagram,OK,E,lies_on,AD
72,3,noisy_text[punctuation] + full_diagram,OK,AD,intersects,EO
72,3,noisy_text[punctuation] + full_diagram,OK,perimeter of DCE,is_a,query_target
,,,,,,
73,3,noisy_text[punctuation] + full_diagram,OK,A,is_a,point
73,3,noisy_text[punctuation] + full_diagram,OK,B,is_a,point
73,3,noisy_text[punctuation] + full_diagram,OK,C,is_a,point
73,3,noisy_text[punctuation] + full_diagram,OK,O,is_a,point
73,3,noisy_text[punctuation] + full_diagram,OK,AB,is_a,segment
73,3,noisy_text[punctuation] + full_diagram,OK,BC,is_a,segment
73,3,noisy_text[punctuation] + full_diagram,OK,CA,is_a,segment
73,3,noisy_text[punctuation] + full_diagram,OK,AO,is_a,segment
73,3,noisy_text[punctuation] + full_diagram,OK,BO,is_a,segment
73,3,noisy_text[punctuation] + full_diagram,OK,CO,is_a,segment
73,3,noisy_text[punctuation] + full_diagram,OK,ABC,is_a,triangle
73,3,noisy_text[punctuation] + full_diagram,OK,O,is_a,circle
73,3,noisy_text[punctuation] + full_diagram,OK,A,lies_on,O
73,3,noisy_text[punctuation] + full_diagram,OK,B,lies_on,O
73,3,noisy_text[punctuation] + full_diagram,OK,C,lies_on,O
73,3,noisy_text[punctuation] + full_diagram,OK,AB,connects,A
73,3,noisy_text[punctuation] + full_diagram,OK,AB,connects,B
73,3,noisy_text[punctuation] + full_diagram,OK,BC,connects,B
73,3,noisy_text[punctuation] + full_diagram,OK,BC,connects,C
73,3,noisy_text[punctuation] + full_diagram,OK,CA,connects,C
73,3,noisy_text[punctuation] + full_diagram,OK,CA,connects,A
73,3,noisy_text[punctuation] + full_diagram,OK,AO,connects,A
73,3,noisy_text[punctuation] + full_diagram,OK,AO,connects,O
73,3,noisy_text[punctuation] + full_diagram,OK,BO,connects,B
73,3,noisy_text[punctuation] + full_diagram,OK,BO,connects,O
73,3,noisy_text[punctuation] + full_diagram,OK,CO,connects,C
73,3,noisy_text[punctuation] + full_diagram,OK,CO,connects,O
73,3,noisy_text[punctuation] + full_diagram,OK,O,center_of,O
73,3,noisy_text[punctuation] + full_diagram,OK,∠ABC,has_measure,70_deg
73,3,noisy_text[punctuation] + full_diagram,OK,?,is_a,angle
,,,,,,
78,3,noisy_text[punctuation] + full_diagram,OK,A,is_a,point
78,3,noisy_text[punctuation] + full_diagram,OK,B,is_a,point
78,3,noisy_text[punctuation] + full_diagram,OK,C,is_a,point
78,3,noisy_text[punctuation] + full_diagram,OK,D,is_a,point
78,3,noisy_text[punctuation] + full_diagram,OK,E,is_a,point
78,3,noisy_text[punctuation] + full_diagram,OK,AB,is_a,segment
78,3,noisy_text[punctuation] + full_diagram,OK,CD,is_a,segment
78,3,noisy_text[punctuation] + full_diagram,OK,AC,is_a,segment
78,3,noisy_text[punctuation] + full_diagram,OK,AE,is_a,segment
78,3,noisy_text[punctuation] + full_diagram,OK,ACE,is_a,triangle
78,3,noisy_text[punctuation] + full_diagram,OK,∠ACE,is_a,angle
78,3,noisy_text[punctuation] + full_diagram,OK,∠AED,is_a,angle
78,3,noisy_text[punctuation] + full_diagram,OK,AB,parallel_to,CD
78,3,noisy_text[punctuation] + full_diagram,OK,A,lies_on,AB
78,3,noisy_text[punctuation] + full_diagram,OK,B,lies_on,AB
78,3,noisy_text[punctuation] + full_diagram,OK,C,lies_on,CD
78,3,noisy_text[punctuation] + full_diagram,OK,E,lies_on,CD
78,3,noisy_text[punctuation] + full_diagram,OK,D,lies_on,CD
78,3,noisy_text[punctuation] + full_diagram,OK,C,connects,E
78,3,noisy_text[punctuation] + full_diagram,OK,E,connects,D
78,3,noisy_text[punctuation] + full_diagram,OK,A,connects,C
78,3,noisy_text[punctuation] + full_diagram,OK,A,connects,E
78,3,noisy_text[punctuation] + full_diagram,OK,AB,above,CD
78,3,noisy_text[punctuation] + full_diagram,OK,AE,bisects,∠CAB
78,3,noisy_text[punctuation] + full_diagram,OK,AE,intersects,CD
78,3,noisy_text[punctuation] + full_diagram,OK,CD,intersects,AE
78,3,noisy_text[punctuation] + full_diagram,OK,∠ACE,has_measure,70_deg
,,,,,,
79,3,noisy_text[punctuation] + full_diagram,OK,A,is_a,point
79,3,noisy_text[punctuation] + full_diagram,OK,B,is_a,point
79,3,noisy_text[punctuation] + full_diagram,OK,C,is_a,point
79,3,noisy_text[punctuation] + full_diagram,OK,D,is_a,point
79,3,noisy_text[punctuation] + full_diagram,OK,E,is_a,point
79,3,noisy_text[punctuation] + full_diagram,OK,O,is_a,point
79,3,noisy_text[punctuation] + full_diagram,OK,AB,is_a,segment
79,3,noisy_text[punctuation] + full_diagram,OK,BC,is_a,segment
79,3,noisy_text[punctuation] + full_diagram,OK,CD,is_a,segment
79,3,noisy_text[punctuation] + full_diagram,OK,DA,is_a,segment
79,3,noisy_text[punctuation] + full_diagram,OK,AC,is_a,segment
79,3,noisy_text[punctuation] + full_diagram,OK,BD,is_a,segment
79,3,noisy_text[punctuation] + full_diagram,OK,CE,is_a,segment
79,3,noisy_text[punctuation] + full_diagram,OK,ED,is_a,segment
79,3,noisy_text[punctuation] + full_diagram,OK,ABCD,is_a,parallelogram
79,3,noisy_text[punctuation] + full_diagram,OK,AB + BC + CD + DA,has_measure,32
79,3,noisy_text[punctuation] + full_diagram,OK,AC,intersects,BD
79,3,noisy_text[punctuation] + full_diagram,OK,AC,intersects,O
79,3,noisy_text[punctuation] + full_diagram,OK,BD,intersects,O
79,3,noisy_text[punctuation] + full_diagram,OK,O,lies_on,AC
79,3,noisy_text[punctuation] + full_diagram,OK,O,lies_on,BD
79,3,noisy_text[punctuation] + full_diagram,OK,E,lies_on,AD
79,3,noisy_text[punctuation] + full_diagram,OK,CE + ED,has_measure,AD
79,3,noisy_text[punctuation] + full_diagram,OK,Perimeter of triangle DCE,is_a,query target
,,,,,,
81,3,noisy_text[punctuation] + full_diagram,OK,A,is_a,point
81,3,noisy_text[punctuation] + full_diagram,OK,B,is_a,point
81,3,noisy_text[punctuation] + full_diagram,OK,C,is_a,point
81,3,noisy_text[punctuation] + full_diagram,OK,D,is_a,point
81,3,noisy_text[punctuation] + full_diagram,OK,E,is_a,point
81,3,noisy_text[punctuation] + full_diagram,OK,AB,is_a,segment
81,3,noisy_text[punctuation] + full_diagram,OK,AC,is_a,segment
81,3,noisy_text[punctuation] + full_diagram,OK,AD,is_a,segment
81,3,noisy_text[punctuation] + full_diagram,OK,AE,is_a,segment
81,3,noisy_text[punctuation] + full_diagram,OK,BC,is_a,segment
81,3,noisy_text[punctuation] + full_diagram,OK,BE,is_a,segment
81,3,noisy_text[punctuation] + full_diagram,OK,∠BAC,is_a,angle
81,3,noisy_text[punctuation] + full_diagram,OK,∠ABC,is_a,angle
81,3,noisy_text[punctuation] + full_diagram,OK,∠DAC,is_a,angle
81,3,noisy_text[punctuation] + full_diagram,OK,∠DAE,is_a,angle
81,3,noisy_text[punctuation] + full_diagram,OK,∠BAC,has_measure,90_deg
81,3,noisy_text[punctuation] + full_diagram,OK,∠ABC,has_measure,50_deg
81,3,noisy_text[punctuation] + full_diagram,OK,D,lies_on,BC
81,3,noisy_text[punctuation] + full_diagram,OK,AD,perpendicular_to,BC
81,3,noisy_text[punctuation] + full_diagram,OK,E,lies_on,BC
81,3,noisy_text[punctuation] + full_diagram,OK,AE,intersects,BC
81,3,noisy_text[punctuation] + full_diagram,OK,AE,bisects,∠DAC
81,3,noisy_text[punctuation] + full_diagram,OK,∠DAE,is_a,query_target
,,,,,,
84,3,noisy_text[punctuation] + full_diagram,OK,A,is_a,point
84,3,noisy_text[punctuation] + full_diagram,OK,B,is_a,point
84,3,noisy_text[punctuation] + full_diagram,OK,C,is_a,point
84,3,noisy_text[punctuation] + full_diagram,OK,O,is_a,point
84,3,noisy_text[punctuation] + full_diagram,OK,ABC,is_a,triangle
84,3,noisy_text[punctuation] + full_diagram,OK,O,is_a,circle
84,3,noisy_text[punctuation] + full_diagram,OK,O,center_of,circle
84,3,noisy_text[punctuation] + full_diagram,OK,AO,is_a,radius
84,3,noisy_text[punctuation] + full_diagram,OK,BO,is_a,radius
84,3,noisy_text[punctuation] + full_diagram,OK,CO,is_a,radius
84,3,noisy_text[punctuation] + full_diagram,OK,AO,has_measure,1_unit
84,3,noisy_text[punctuation] + full_diagram,OK,BO,has_measure,1_unit
84,3,noisy_text[punctuation] + full_diagram,OK,CO,has_measure,1_unit
84,3,noisy_text[punctuation] + full_diagram,OK,∠BAC,is_a,angle
84,3,noisy_text[punctuation] + full_diagram,OK,∠BAC,has_measure,60_deg
84,3,noisy_text[punctuation] + full_diagram,OK,A,lies_on,circle
84,3,noisy_text[punctuation] + full_diagram,OK,B,lies_on,circle
84,3,noisy_text[punctuation] + full_diagram,OK,C,lies_on,circle
84,3,noisy_text[punctuation] + full_diagram,OK,AO,connects,A
84,3,noisy_text[punctuation] + full_diagram,OK,AO,connects,O
84,3,noisy_text[punctuation] + full_diagram,OK,BO,connects,B
84,3,noisy_text[punctuation] + full_diagram,OK,BO,connects,O
84,3,noisy_text[punctuation] + full_diagram,OK,CO,connects,C
84,3,noisy_text[punctuation] + full_diagram,OK,CO,connects,O
84,3,noisy_text[punctuation] + full_diagram,OK,BC,is_a,segment
84,3,noisy_text[punctuation] + full_diagram,OK,BC,connects,B
84,3,noisy_text[punctuation] + full_diagram,OK,BC,connects,C
84,3,noisy_text[punctuation] + full_diagram,OK,BC,has_measure,?
,,,,,,
86,3,noisy_text[punctuation] + full_diagram,OK,O,is_a,circle
86,3,noisy_text[punctuation] + full_diagram,OK,A,is_a,point
86,3,noisy_text[punctuation] + full_diagram,OK,B,is_a,point
86,3,noisy_text[punctuation] + full_diagram,OK,C,is_a,point
86,3,noisy_text[punctuation] + full_diagram,OK,O,center_of,circle
86,3,noisy_text[punctuation] + full_diagram,OK,A,lies_on,circle
86,3,noisy_text[punctuation] + full_diagram,OK,B,lies_on,circle
86,3,noisy_text[punctuation] + full_diagram,OK,C,lies_on,circle
86,3,noisy_text[punctuation] + full_diagram,OK,AB,is_a,segment
86,3,noisy_text[punctuation] + full_diagram,OK,BC,is_a,segment
86,3,noisy_text[punctuation] + full_diagram,OK,CA,is_a,segment
86,3,noisy_text[punctuation] + full_diagram,OK,O,connects,B
86,3,noisy_text[punctuation] + full_diagram,OK,O,connects,C
86,3,noisy_text[punctuation] + full_diagram,OK,OB,is_a,segment
86,3,noisy_text[punctuation] + full_diagram,OK,OC,is_a,segment
86,3,noisy_text[punctuation] + full_diagram,OK,O,radius_of,circle
86,3,noisy_text[punctuation] + full_diagram,OK,O,has_measure,2_units
86,3,noisy_text[punctuation] + full_diagram,OK,∠BAC,is_a,angle
86,3,noisy_text[punctuation] + full_diagram,OK,∠BAC,has_measure,60_deg
86,3,noisy_text[punctuation] + full_diagram,OK,BC,has_measure,?
,,,,,,
88,3,noisy_text[punctuation] + full_diagram,OK,A,is_a,point
88,3,noisy_text[punctuation] + full_diagram,OK,B,is_a,point
88,3,noisy_text[punctuation] + full_diagram,OK,C,is_a,point
88,3,noisy_text[punctuation] + full_diagram,OK,O,is_a,point
88,3,noisy_text[punctuation] + full_diagram,OK,AB,is_a,segment
88,3,noisy_text[punctuation] + full_diagram,OK,AC,is_a,segment
88,3,noisy_text[punctuation] + full_diagram,OK,BC,is_a,segment
88,3,noisy_text[punctuation] + full_diagram,OK,AO,is_a,segment
88,3,noisy_text[punctuation] + full_diagram,OK,BO,is_a,segment
88,3,noisy_text[punctuation] + full_diagram,OK,CO,is_a,segment
88,3,noisy_text[punctuation] + full_diagram,OK,A,lies_on,circle_O
88,3,noisy_text[punctuation] + full_diagram,OK,B,lies_on,circle_O
88,3,noisy_text[punctuation] + full_diagram,OK,C,lies_on,circle_O
88,3,noisy_text[punctuation] + full_diagram,OK,O,center_of,circle_O
88,3,noisy_text[punctuation] + full_diagram,OK,∠ABO,is_a,angle
88,3,noisy_text[punctuation] + full_diagram,OK,∠ACO,is_a,angle
88,3,noisy_text[punctuation] + full_diagram,OK,∠BOC,is_a,angle
88,3,noisy_text[punctuation] + full_diagram,OK,∠ABO,has_measure,22_deg
88,3,noisy_text[punctuation] + full_diagram,OK,∠ACO,has_measure,42_deg
88,3,noisy_text[punctuation] + full_diagram,OK,∠BOC,has_measure,?
88,3,noisy_text[punctuation] + full_diagram,OK,∠BOC,is_a,query_target
,,,,,,
95,3,noisy_text[punctuation] + full_diagram,OK,O,is_a,circle
95,3,noisy_text[punctuation] + full_diagram,OK,A,is_a,point
95,3,noisy_text[punctuation] + full_diagram,OK,B,is_a,point
95,3,noisy_text[punctuation] + full_diagram,OK,C,is_a,point
95,3,noisy_text[punctuation] + full_diagram,OK,D,is_a,point
95,3,noisy_text[punctuation] + full_diagram,OK,OA,is_a,radius
95,3,noisy_text[punctuation] + full_diagram,OK,BC,is_a,chord
95,3,noisy_text[punctuation] + full_diagram,OK,AB,is_a,segment
95,3,noisy_text[punctuation] + full_diagram,OK,OC,is_a,radius
95,3,noisy_text[punctuation] + full_diagram,OK,∠A,is_a,angle
95,3,noisy_text[punctuation] + full_diagram,OK,∠ADC,is_a,angle
95,3,noisy_text[punctuation] + full_diagram,OK,∠C,is_a,angle
95,3,noisy_text[punctuation] + full_diagram,OK,O,center_of,circle
95,3,noisy_text[punctuation] + full_diagram,OK,A,lies_on,circle
95,3,noisy_text[punctuation] + full_diagram,OK,B,lies_on,circle
95,3,noisy_text[punctuation] + full_diagram,OK,C,lies_on,circle
95,3,noisy_text[punctuation] + full_diagram,OK,D,lies_on,circle
95,3,noisy_text[punctuation] + full_diagram,OK,OA,connects,"O, A"
95,3,noisy_text[punctuation] + full_diagram,OK,BC,connects,"B, C"
95,3,noisy_text[punctuation] + full_diagram,OK,AB,connects,"A, B"
95,3,noisy_text[punctuation] + full_diagram,OK,OC,connects,"O, C"
95,3,noisy_text[punctuation] + full_diagram,OK,BC,intersects,D
95,3,noisy_text[punctuation] + full_diagram,OK,AB,intersects,D
95,3,noisy_text[punctuation] + full_diagram,OK,OC,intersects,D
95,3,noisy_text[punctuation] + full_diagram,OK,∠A,has_measure,60_deg
95,3,noisy_text[punctuation] + full_diagram,OK,∠ADC,has_measure,90_deg
95,3,noisy_text[punctuation] + full_diagram,OK,∠C,has_measure,?
,,,,,,
99,3,noisy_text[punctuation] + full_diagram,OK,O,is_a,circle
99,3,noisy_text[punctuation] + full_diagram,OK,AB,is_a,diameter
99,3,noisy_text[punctuation] + full_diagram,OK,AB,connects,A
99,3,noisy_text[punctuation] + full_diagram,OK,AB,connects,B
99,3,noisy_text[punctuation] + full_diagram,OK,CD,is_a,chord
99,3,noisy_text[punctuation] + full_diagram,OK,CD,connects,C
99,3,noisy_text[punctuation] + full_diagram,OK,CD,connects,D
99,3,noisy_text[punctuation] + full_diagram,OK,O,center_of,circle
99,3,noisy_text[punctuation] + full_diagram,OK,AB,diameter_of,circle
99,3,noisy_text[punctuation] + full_diagram,OK,CD,lies_on,circle
99,3,noisy_text[punctuation] + full_diagram,OK,A,is_a,point
99,3,noisy_text[punctuation] + full_diagram,OK,B,is_a,point
99,3,noisy_text[punctuation] + full_diagram,OK,C,is_a,point
99,3,noisy_text[punctuation] + full_diagram,OK,D,is_a,point
99,3,noisy_text[punctuation] + full_diagram,OK,O,is_a,point
99,3,noisy_text[punctuation] + full_diagram,OK,∠ADC,is_a,angle
99,3,noisy_text[punctuation] + full_diagram,OK,∠ADC,has_measure,26_deg
99,3,noisy_text[punctuation] + full_diagram,OK,∠CAB,is_a,angle
99,3,noisy_text[punctuation] + full_diagram,OK,∠CAB,has_measure,?
99,3,noisy_text[punctuation] + full_diagram,OK,AB,intersects,CD
,,,,,,
108,3,noisy_text[punctuation] + full_diagram,OK,CD,is_a,segment
108,3,noisy_text[punctuation] + full_diagram,OK,OC,is_a,segment
108,3,noisy_text[punctuation] + full_diagram,OK,AB,is_a,segment
108,3,noisy_text[punctuation] + full_diagram,OK,CD,has_measure,8.0_units
108,3,noisy_text[punctuation] + full_diagram,OK,OC,has_measure,5.0_units
108,3,noisy_text[punctuation] + full_diagram,OK,O,is_a,point
108,3,noisy_text[punctuation] + full_diagram,OK,C,is_a,point
108,3,noisy_text[punctuation] + full_diagram,OK,D,is_a,point
108,3,noisy_text[punctuation] + full_diagram,OK,A,is_a,point
108,3,noisy_text[punctuation] + full_diagram,OK,B,is_a,point
108,3,noisy_text[punctuation] + full_diagram,OK,O,center_of,circle
108,3,noisy_text[punctuation] + full_diagram,OK,OC,radius_of,circle
108,3,noisy_text[punctuation] + full_diagram,OK,CD,connects,"C, D"
108,3,noisy_text[punctuation] + full_diagram,OK,OC,connects,"O, C"
108,3,noisy_text[punctuation] + full_diagram,OK,AB,connects,"A, B"
108,3,noisy_text[punctuation] + full_diagram,OK,C,lies_on,circle
108,3,noisy_text[punctuation] + full_diagram,OK,D,lies_on,circle
108,3,noisy_text[punctuation] + full_diagram,OK,A,lies_on,circle
108,3,noisy_text[punctuation] + full_diagram,OK,B,lies_on,circle
108,3,noisy_text[punctuation] + full_diagram,OK,AB,parallel_to,CD
108,3,noisy_text[punctuation] + full_diagram,OK,AB,?,?
,,,,,,
109,3,noisy_text[punctuation] + full_diagram,OK,A,is_a,point
109,3,noisy_text[punctuation] + full_diagram,OK,B,is_a,point
109,3,noisy_text[punctuation] + full_diagram,OK,C,is_a,point
109,3,noisy_text[punctuation] + full_diagram,OK,D,is_a,point
109,3,noisy_text[punctuation] + full_diagram,OK,E,is_a,point
109,3,noisy_text[punctuation] + full_diagram,OK,AB,is_a,segment
109,3,noisy_text[punctuation] + full_diagram,OK,AC,is_a,segment
109,3,noisy_text[punctuation] + full_diagram,OK,BC,is_a,segment
109,3,noisy_text[punctuation] + full_diagram,OK,DE,is_a,segment
109,3,noisy_text[punctuation] + full_diagram,OK,EC,is_a,segment
109,3,noisy_text[punctuation] + full_diagram,OK,Triangle_ABC,is_a,triangle
109,3,noisy_text[punctuation] + full_diagram,OK,∠BAC,is_a,angle
109,3,noisy_text[punctuation] + full_diagram,OK,∠α,is_a,angle
109,3,noisy_text[punctuation] + full_diagram,OK,∠β,is_a,angle
109,3,noisy_text[punctuation] + full_diagram,OK,D,lies_on,AB
109,3,noisy_text[punctuation] + full_diagram,OK,E,lies_on,AC
109,3,noisy_text[punctuation] + full_diagram,OK,DE,is_a,horizontal
109,3,noisy_text[punctuation] + full_diagram,OK,∠α,has_measure,130_deg
109,3,noisy_text[punctuation] + full_diagram,OK,∠BAC,has_measure,90_deg
109,3,noisy_text[punctuation] + full_diagram,OK,β,is_a,query_target
,,,,,,
112,3,noisy_text[punctuation] + full_diagram,OK,A,is_a,point
112,3,noisy_text[punctuation] + full_diagram,OK,B,is_a,point
112,3,noisy_text[punctuation] + full_diagram,OK,O,is_a,point
112,3,noisy_text[punctuation] + full_diagram,OK,AB,is_a,segment
112,3,noisy_text[punctuation] + full_diagram,OK,AO,is_a,segment
112,3,noisy_text[punctuation] + full_diagram,OK,OB,is_a,segment
112,3,noisy_text[punctuation] + full_diagram,OK,AO,is_a,height
112,3,noisy_text[punctuation] + full_diagram,OK,AB,is_a,slant_height
112,3,noisy_text[punctuation] + full_diagram,OK,OB,is_a,radius
112,3,noisy_text[punctuation] + full_diagram,OK,AB,has_measure,2.5_units
112,3,noisy_text[punctuation] + full_diagram,OK,OB,has_measure,0.7_units
112,3,noisy_text[punctuation] + full_diagram,OK,AO,has_measure,?
112,3,noisy_text[punctuation] + full_diagram,OK,A,connects,B
112,3,noisy_text[punctuation] + full_diagram,OK,A,connects,O
112,3,noisy_text[punctuation] + full_diagram,OK,B,connects,O
112,3,noisy_text[punctuation] + full_diagram,OK,AO,connects,A
112,3,noisy_text[punctuation] + full_diagram,OK,AO,connects,O
112,3,noisy_text[punctuation] + full_diagram,OK,OB,connects,O
112,3,noisy_text[punctuation] + full_diagram,OK,OB,connects,B
112,3,noisy_text[punctuation] + full_diagram,OK,AB,connects,A
112,3,noisy_text[punctuation] + full_diagram,OK,AB,connects,B
,,,,,,
114,3,noisy_text[punctuation] + full_diagram,OK,O,is_a,point
114,3,noisy_text[punctuation] + full_diagram,OK,A,is_a,point
114,3,noisy_text[punctuation] + full_diagram,OK,B,is_a,point
114,3,noisy_text[punctuation] + full_diagram,OK,OA,is_a,segment
114,3,noisy_text[punctuation] + full_diagram,OK,OB,is_a,segment
114,3,noisy_text[punctuation] + full_diagram,OK,OA,has_measure,1.0_units
114,3,noisy_text[punctuation] + full_diagram,OK,OB,has_measure,1.0_units
114,3,noisy_text[punctuation] + full_diagram,OK,OAB,is_a,sector
114,3,noisy_text[punctuation] + full_diagram,OK,OAB,has_measure,90_deg
114,3,noisy_text[punctuation] + full_diagram,OK,OA,center_of,semicircle
114,3,noisy_text[punctuation] + full_diagram,OK,OB,center_of,semicircle
114,3,noisy_text[punctuation] + full_diagram,OK,OA,radius_of,semicircle
114,3,noisy_text[punctuation] + full_diagram,OK,OB,radius_of,semicircle
114,3,noisy_text[punctuation] + full_diagram,OK,OA,perpendicular_to,OB
114,3,noisy_text[punctuation] + full_diagram,OK,O,center_of,sector
114,3,noisy_text[punctuation] + full_diagram,OK,O,center_of,semicircle
114,3,noisy_text[punctuation] + full_diagram,OK,A,lies_on,semicircle
114,3,noisy_text[punctuation] + full_diagram,OK,B,lies_on,semicircle
114,3,noisy_text[punctuation] + full_diagram,OK,?,is_a,query_target
,,,,,,
115,3,noisy_text[punctuation] + full_diagram,OK,sector,is_a,paper_sheet
115,3,noisy_text[punctuation] + full_diagram,OK,sector,has_measure,120_deg
115,3,noisy_text[punctuation] + full_diagram,OK,sector,has_measure,6_units
115,3,noisy_text[punctuation] + full_diagram,OK,conical,is_a,paper_cap
115,3,noisy_text[punctuation] + full_diagram,OK,conical,is_a,bottomless
115,3,noisy_text[punctuation] + full_diagram,OK,bottom_perimeter,is_a,?
,,,,,,
117,3,noisy_text[punctuation] + full_diagram,OK,sector,is_a,piece_of_paper
117,3,noisy_text[punctuation] + full_diagram,OK,sector,has_measure,120_deg
117,3,noisy_text[punctuation] + full_diagram,OK,sector,has_measure,3.0_cm
117,3,noisy_text[punctuation] + full_diagram,OK,cone,is_a,bottomless_paper_cap
117,3,noisy_text[punctuation] + full_diagram,OK,cone,has_measure,?_cm
,,,,,,
119,3,noisy_text[punctuation] + full_diagram,OK,sector,is_a,cardboard
119,3,noisy_text[punctuation] + full_diagram,OK,sector,has_measure,24.0_cm
119,3,noisy_text[punctuation] + full_diagram,OK,conical_hat,is_a,hat
119,3,noisy_text[punctuation] + full_diagram,OK,conical_hat,has_measure,10.0_cm
119,3,noisy_text[punctuation] + full_diagram,OK,sector,mapped_to,conical_hat
119,3,noisy_text[punctuation] + full_diagram,OK,conical_hat,center_of,O
119,3,noisy_text[punctuation] + full_diagram,OK,conical_hat,radius_of,10.0_cm
119,3,noisy_text[punctuation] + full_diagram,OK,Area,is_a,?
119,3,noisy_text[punctuation] + full_diagram,OK,Area,is_a,query_target
,,,,,,
120,3,noisy_text[punctuation] + full_diagram,OK,cone,is_a,cone
120,3,noisy_text[punctuation] + full_diagram,OK,generatrix,is_a,segment
120,3,noisy_text[punctuation] + full_diagram,OK,generatrix,has_measure,5_units
120,3,noisy_text[punctuation] + full_diagram,OK,height,is_a,segment
120,3,noisy_text[punctuation] + full_diagram,OK,height,has_measure,4_units
120,3,noisy_text[punctuation] + full_diagram,OK,base,is_a,circle
120,3,noisy_text[punctuation] + full_diagram,OK,base,has_measure,?
120,3,noisy_text[punctuation] + full_diagram,OK,cone,connects,generatrix
120,3,noisy_text[punctuation] + full_diagram,OK,cone,connects,height
120,3,noisy_text[punctuation] + full_diagram,OK,cone,connects,base
120,3,noisy_text[punctuation] + full_diagram,OK,generatrix,connects,base
120,3,noisy_text[punctuation] + full_diagram,OK,height,connects,base
120,3,noisy_text[punctuation] + full_diagram,OK,base,center_of,point
120,3,noisy_text[punctuation] + full_diagram,OK,generatrix,intersects,base
120,3,noisy_text[punctuation] + full_diagram,OK,height,intersects,base
120,3,noisy_text[punctuation] + full_diagram,OK,base,lies_on,plane
120,3,noisy_text[punctuation] + full_diagram,OK,cone,is_a,3D_shape
120,3,noisy_text[punctuation] + full_diagram,OK,generatrix,is_a,line_segment
120,3,noisy_text[punctuation] + full_diagram,OK,height,is_a,line_segment
120,3,noisy_text[punctuation] + full_diagram,OK,base,is_a,circular_base
,,,,,,
123,3,noisy_text[punctuation] + full_diagram,OK,A,is_a,point
123,3,noisy_text[punctuation] + full_diagram,OK,B,is_a,point
123,3,noisy_text[punctuation] + full_diagram,OK,C,is_a,point
123,3,noisy_text[punctuation] + full_diagram,OK,AC,is_a,segment
123,3,noisy_text[punctuation] + full_diagram,OK,BC,is_a,segment
123,3,noisy_text[punctuation] + full_diagram,OK,AB,is_a,segment
123,3,noisy_text[punctuation] + full_diagram,OK,ACB,is_a,angle
123,3,noisy_text[punctuation] + full_diagram,OK,ACB,has_measure,90_deg
123,3,noisy_text[punctuation] + full_diagram,OK,AC,has_measure,4_units
123,3,noisy_text[punctuation] + full_diagram,OK,BC,has_measure,3_units
123,3,noisy_text[punctuation] + full_diagram,OK,ABC,is_a,triangle
123,3,noisy_text[punctuation] + full_diagram,OK,ABC,is_a,right_triangle
123,3,noisy_text[punctuation] + full_diagram,OK,ABC,rotated_about,AC
123,3,noisy_text[punctuation] + full_diagram,OK,Lateral Surface Area of Cone,is_a,query_target
,,,,,,
128,3,noisy_text[punctuation] + full_diagram,OK,O,is_a,point
128,3,noisy_text[punctuation] + full_diagram,OK,A,is_a,point
128,3,noisy_text[punctuation] + full_diagram,OK,B,is_a,point
128,3,noisy_text[punctuation] + full_diagram,OK,OA,is_a,segment
128,3,noisy_text[punctuation] + full_diagram,OK,OB,is_a,segment
128,3,noisy_text[punctuation] + full_diagram,OK,OA,has_measure,6_units
128,3,noisy_text[punctuation] + full_diagram,OK,OB,has_measure,6_units
128,3,noisy_text[punctuation] + full_diagram,OK,∠AOB,is_a,angle
128,3,noisy_text[punctuation] + full_diagram,OK,∠AOB,has_measure,120_deg
128,3,noisy_text[punctuation] + full_diagram,OK,cone,is_a,shape
128,3,noisy_text[punctuation] + full_diagram,OK,OA,connects,A
128,3,noisy_text[punctuation] + full_diagram,OK,OA,connects,O
128,3,noisy_text[punctuation] + full_diagram,OK,OB,connects,B
128,3,noisy_text[punctuation] + full_diagram,OK,OB,connects,O
128,3,noisy_text[punctuation] + full_diagram,OK,cone,has_measure,?
128,3,noisy_text[punctuation] + full_diagram,OK,cone,is_a,cone
,,,,,,
132,3,noisy_text[punctuation] + full_diagram,OK,AB,is_a,segment
132,3,noisy_text[punctuation] + full_diagram,OK,A,is_a,point
132,3,noisy_text[punctuation] + full_diagram,OK,B,is_a,point
132,3,noisy_text[punctuation] + full_diagram,OK,DE,is_a,segment
132,3,noisy_text[punctuation] + full_diagram,OK,D,is_a,point
132,3,noisy_text[punctuation] + full_diagram,OK,E,is_a,point
132,3,noisy_text[punctuation] + full_diagram,OK,C,is_a,point
132,3,noisy_text[punctuation] + full_diagram,OK,G,is_a,point
132,3,noisy_text[punctuation] + full_diagram,OK,F,is_a,point
132,3,noisy_text[punctuation] + full_diagram,OK,A,connects,B
132,3,noisy_text[punctuation] + full_diagram,OK,D,connects,E
132,3,noisy_text[punctuation] + full_diagram,OK,B,connects,C
132,3,noisy_text[punctuation] + full_diagram,OK,G,connects,E
132,3,noisy_text[punctuation] + full_diagram,OK,E,connects,F
132,3,noisy_text[punctuation] + full_diagram,OK,DE,has_measure,0.6
132,3,noisy_text[punctuation] + full_diagram,OK,GE,has_measure,2.0
132,3,noisy_text[punctuation] + full_diagram,OK,EF,has_measure,1.6
132,3,noisy_text[punctuation] + full_diagram,OK,A,B,"C, collinear_with"
132,3,noisy_text[punctuation] + full_diagram,OK,GE,is_a,segment
132,3,noisy_text[punctuation] + full_diagram,OK,EF,is_a,segment
132,3,noisy_text[punctuation] + full_diagram,OK,AB,is_a,height
132,3,noisy_text[punctuation] + full_diagram,OK,DE,is_a,step
132,3,noisy_text[punctuation] + full_diagram,OK,BC,is_a,step
132,3,noisy_text[punctuation] + full_diagram,OK,G,is_a,mirror
132,3,noisy_text[punctuation] + full_diagram,OK,A,is_a,top
132,3,noisy_text[punctuation] + full_diagram,OK,E,is_a,observer
,,,,,,
133,3,noisy_text[punctuation] + full_diagram,OK,P,is_a,point
133,3,noisy_text[punctuation] + full_diagram,OK,Q,is_a,point
133,3,noisy_text[punctuation] + full_diagram,OK,S,is_a,point
133,3,noisy_text[punctuation] + full_diagram,OK,T,is_a,point
133,3,noisy_text[punctuation] + full_diagram,OK,PQ,is_a,segment
133,3,noisy_text[punctuation] + full_diagram,OK,QS,is_a,segment
133,3,noisy_text[punctuation] + full_diagram,OK,ST,is_a,segment
133,3,noisy_text[punctuation] + full_diagram,OK,PT,is_a,segment
133,3,noisy_text[punctuation] + full_diagram,OK,QR,is_a,segment
133,3,noisy_text[punctuation] + full_diagram,OK,PS,is_a,segment
133,3,noisy_text[punctuation] + full_diagram,OK,P,lies_on,line
133,3,noisy_text[punctuation] + full_diagram,OK,Q,lies_on,line
133,3,noisy_text[punctuation] + full_diagram,OK,S,lies_on,line
133,3,noisy_text[punctuation] + full_diagram,OK,T,lies_on,line
133,3,noisy_text[punctuation] + full_diagram,OK,P,lies_on,line b
133,3,noisy_text[punctuation] + full_diagram,OK,Q,lies_on,line b
133,3,noisy_text[punctuation] + full_diagram,OK,R,lies_on,line b
133,3,noisy_text[punctuation] + full_diagram,OK,P,lies_on,line a
133,3,noisy_text[punctuation] + full_diagram,OK,S,lies_on,line a
133,3,noisy_text[punctuation] + full_diagram,OK,T,lies_on,line a
133,3,noisy_text[punctuation] + full_diagram,OK,PS,perpendicular_to,river
133,3,noisy_text[punctuation] + full_diagram,OK,PT,perpendicular_to,PS
133,3,noisy_text[punctuation] + full_diagram,OK,line b,perpendicular_to,PS
133,3,noisy_text[punctuation] + full_diagram,OK,QS,has_measure,60.0 m
133,3,noisy_text[punctuation] + full_diagram,OK,ST,has_measure,120.0 m
133,3,noisy_text[punctuation] + full_diagram,OK,QR,has_measure,80.0 m
,,,,,,
149,3,noisy_text[punctuation] + full_diagram,OK,A,is_a,point
149,3,noisy_text[punctuation] + full_diagram,OK,B,is_a,point
149,3,noisy_text[punctuation] + full_diagram,OK,C,is_a,point
149,3,noisy_text[punctuation] + full_diagram,OK,D,is_a,point
149,3,noisy_text[punctuation] + full_diagram,OK,E,is_a,point
149,3,noisy_text[punctuation] + full_diagram,OK,CD,is_a,segment
149,3,noisy_text[punctuation] + full_diagram,OK,AC,is_a,segment
149,3,noisy_text[punctuation] + full_diagram,OK,BD,is_a,segment
149,3,noisy_text[punctuation] + full_diagram,OK,ED,is_a,segment
149,3,noisy_text[punctuation] + full_diagram,OK,AB,is_a,segment
149,3,noisy_text[punctuation] + full_diagram,OK,α,is_a,angle
149,3,noisy_text[punctuation] + full_diagram,OK,CD,is_a,mirror
149,3,noisy_text[punctuation] + full_diagram,OK,AC,perpendicular_to,CD
149,3,noisy_text[punctuation] + full_diagram,OK,BD,perpendicular_to,CD
149,3,noisy_text[punctuation] + full_diagram,OK,AC,has_measure,3_units
149,3,noisy_text[punctuation] + full_diagram,OK,BD,has_measure,6_units
149,3,noisy_text[punctuation] + full_diagram,OK,CD,has_measure,10_units
149,3,noisy_text[punctuation] + full_diagram,OK,light,is_emitted_from,A
149,3,noisy_text[punctuation] + full_diagram,OK,light,is_reflected_at,E
149,3,noisy_text[punctuation] + full_diagram,OK,light,is_directed_to,B
149,3,noisy_text[punctuation] + full_diagram,OK,incident_angle,is_a,α
,,,,,,
150,3,noisy_text[punctuation] + full_diagram,OK,A,is_a,point
150,3,noisy_text[punctuation] + full_diagram,OK,B,is_a,point
150,3,noisy_text[punctuation] + full_diagram,OK,C,is_a,point
150,3,noisy_text[punctuation] + full_diagram,OK,AB,is_a,segment
150,3,noisy_text[punctuation] + full_diagram,OK,BD,is_a,segment
150,3,noisy_text[punctuation] + full_diagram,OK,CE,is_a,segment
150,3,noisy_text[punctuation] + full_diagram,OK,DE,is_a,segment
150,3,noisy_text[punctuation] + full_diagram,OK,A,B,"C, collinear_with"
150,3,noisy_text[punctuation] + full_diagram,OK,AB,has_measure,2_units
150,3,noisy_text[punctuation] + full_diagram,OK,BD,has_measure,7/3_units
150,3,noisy_text[punctuation] + full_diagram,OK,CE,has_measure,9_units
150,3,noisy_text[punctuation] + full_diagram,OK,BD,perpendicular_to,AB
150,3,noisy_text[punctuation] + full_diagram,OK,CE,perpendicular_to,AB
150,3,noisy_text[punctuation] + full_diagram,OK,BD,connects,"B, D"
150,3,noisy_text[punctuation] + full_diagram,OK,CE,connects,"C, E"
150,3,noisy_text[punctuation] + full_diagram,OK,DE,connects,"D, E"
150,3,noisy_text[punctuation] + full_diagram,OK,BC,is_a,segment
150,3,noisy_text[punctuation] + full_diagram,OK,BC,has_measure,?
,,,,,,
151,3,noisy_text[punctuation] + full_diagram,OK,student,is_a,point
151,3,noisy_text[punctuation] + full_diagram,OK,tree,is_a,point
151,3,noisy_text[punctuation] + full_diagram,OK,lake,is_a,point
151,3,noisy_text[punctuation] + full_diagram,OK,reflection,is_a,point
151,3,noisy_text[punctuation] + full_diagram,OK,student,is_a,person
151,3,noisy_text[punctuation] + full_diagram,OK,student,has_measure,1.7_units
151,3,noisy_text[punctuation] + full_diagram,OK,student,lies_on,ground
151,3,noisy_text[punctuation] + full_diagram,OK,tree,lies_on,ground
151,3,noisy_text[punctuation] + full_diagram,OK,lake,lies_on,ground
151,3,noisy_text[punctuation] + full_diagram,OK,reflection,lies_on,water
151,3,noisy_text[punctuation] + full_diagram,OK,student,connects,ground
151,3,noisy_text[punctuation] + full_diagram,OK,tree,connects,ground
151,3,noisy_text[punctuation] + full_diagram,OK,lake,connects,water
151,3,noisy_text[punctuation] + full_diagram,OK,reflection,connects,water
151,3,noisy_text[punctuation] + full_diagram,OK,student,distance_to,"tree, 20.0_units"
151,3,noisy_text[punctuation] + full_diagram,OK,student,distance_to,"reflection, 5.0_units"
,,,,,,
152,3,noisy_text[punctuation] + full_diagram,OK,A,is_a,point
152,3,noisy_text[punctuation] + full_diagram,OK,B,is_a,point
152,3,noisy_text[punctuation] + full_diagram,OK,C,is_a,point
152,3,noisy_text[punctuation] + full_diagram,OK,D,is_a,point
152,3,noisy_text[punctuation] + full_diagram,OK,AB,is_a,segment
152,3,noisy_text[punctuation] + full_diagram,OK,BC,is_a,segment
152,3,noisy_text[punctuation] + full_diagram,OK,BD,is_a,segment
152,3,noisy_text[punctuation] + full_diagram,OK,AB,connects,A
152,3,noisy_text[punctuation] + full_diagram,OK,AB,connects,B
152,3,noisy_text[punctuation] + full_diagram,OK,BC,connects,B
152,3,noisy_text[punctuation] + full_diagram,OK,BC,connects,C
152,3,noisy_text[punctuation] + full_diagram,OK,BD,connects,B
152,3,noisy_text[punctuation] + full_diagram,OK,BD,connects,D
152,3,noisy_text[punctuation] + full_diagram,OK,AB,is_a,ladder
152,3,noisy_text[punctuation] + full_diagram,OK,AB,has_measure,?
152,3,noisy_text[punctuation] + full_diagram,OK,BC,has_measure,1.6_units
152,3,noisy_text[punctuation] + full_diagram,OK,BD,has_measure,0.5_units
152,3,noisy_text[punctuation] + full_diagram,OK,D,has_measure,1.4_units
,,,,,,
153,3,noisy_text[punctuation] + full_diagram,OK,AB,is_a,segment
153,3,noisy_text[punctuation] + full_diagram,OK,DE,is_a,segment
153,3,noisy_text[punctuation] + full_diagram,OK,DE,has_measure,1.8
153,3,noisy_text[punctuation] + full_diagram,OK,BC,is_a,segment
153,3,noisy_text[punctuation] + full_diagram,OK,BC,has_measure,1.0
153,3,noisy_text[punctuation] + full_diagram,OK,EC,is_a,segment
153,3,noisy_text[punctuation] + full_diagram,OK,EC,has_measure,1.2
153,3,noisy_text[punctuation] + full_diagram,OK,A,is_a,point
153,3,noisy_text[punctuation] + full_diagram,OK,B,is_a,point
153,3,noisy_text[punctuation] + full_diagram,OK,C,is_a,point
153,3,noisy_text[punctuation] + full_diagram,OK,D,is_a,point
153,3,noisy_text[punctuation] + full_diagram,OK,E,is_a,point
153,3,noisy_text[punctuation] + full_diagram,OK,AB,connects,A
153,3,noisy_text[punctuation] + full_diagram,OK,AB,connects,B
153,3,noisy_text[punctuation] + full_diagram,OK,DE,connects,D
153,3,noisy_text[punctuation] + full_diagram,OK,DE,connects,E
153,3,noisy_text[punctuation] + full_diagram,OK,BC,connects,B
153,3,noisy_text[punctuation] + full_diagram,OK,BC,connects,C
153,3,noisy_text[punctuation] + full_diagram,OK,EC,connects,E
153,3,noisy_text[punctuation] + full_diagram,OK,EC,connects,C
153,3,noisy_text[punctuation] + full_diagram,OK,AB,is_a,?
153,3,noisy_text[punctuation] + full_diagram,OK,DE,is_a,?
153,3,noisy_text[punctuation] + full_diagram,OK,BC,is_a,?
153,3,noisy_text[punctuation] + full_diagram,OK,EC,is_a,?
,,,,,,
157,3,noisy_text[punctuation] + full_diagram,OK,A,is_a,point
157,3,noisy_text[punctuation] + full_diagram,OK,B,is_a,point
157,3,noisy_text[punctuation] + full_diagram,OK,C,is_a,point
157,3,noisy_text[punctuation] + full_diagram,OK,AC,is_a,segment
157,3,noisy_text[punctuation] + full_diagram,OK,BC,is_a,segment
157,3,noisy_text[punctuation] + full_diagram,OK,AB,is_a,segment
157,3,noisy_text[punctuation] + full_diagram,OK,ABC,is_a,triangle
157,3,noisy_text[punctuation] + full_diagram,OK,∠C,is_a,angle
157,3,noisy_text[punctuation] + full_diagram,OK,∠C,has_measure,90_deg
157,3,noisy_text[punctuation] + full_diagram,OK,AC,has_measure,4_units
157,3,noisy_text[punctuation] + full_diagram,OK,BC,has_measure,3_units
157,3,noisy_text[punctuation] + full_diagram,OK,∠B,is_a,angle
157,3,noisy_text[punctuation] + full_diagram,OK,cos,is_a,function
157,3,noisy_text[punctuation] + full_diagram,OK,cos,connects,∠B
157,3,noisy_text[punctuation] + full_diagram,OK,cos,mapped_to,?
,,,,,,
165,3,noisy_text[punctuation] + full_diagram,OK,ABC,is_a,triangle
165,3,noisy_text[punctuation] + full_diagram,OK,C,is_a,point
165,3,noisy_text[punctuation] + full_diagram,OK,A,is_a,point
165,3,noisy_text[punctuation] + full_diagram,OK,B,is_a,point
165,3,noisy_text[punctuation] + full_diagram,OK,AB,is_a,segment
165,3,noisy_text[punctuation] + full_diagram,OK,BC,is_a,segment
165,3,noisy_text[punctuation] + full_diagram,OK,AC,is_a,segment
165,3,noisy_text[punctuation] + full_diagram,OK,C,is_a,right_angle
165,3,noisy_text[punctuation] + full_diagram,OK,AB,has_measure,2_units
165,3,noisy_text[punctuation] + full_diagram,OK,BC,has_measure,1_unit
,,,,,,
198,3,noisy_text[punctuation] + full_diagram,OK,triangle,is_a,isosceles_triangle
198,3,noisy_text[punctuation] + full_diagram,OK,triangle,has_measure,13
198,3,noisy_text[punctuation] + full_diagram,OK,triangle,has_measure,10
198,3,noisy_text[punctuation] + full_diagram,OK,triangle,has_measure,?
198,3,noisy_text[punctuation] + full_diagram,OK,base,is_a,segment
198,3,noisy_text[punctuation] + full_diagram,OK,base,has_measure,10
198,3,noisy_text[punctuation] + full_diagram,OK,side,is_a,segment
198,3,noisy_text[punctuation] + full_diagram,OK,side,has_measure,13
198,3,noisy_text[punctuation] + full_diagram,OK,height,is_a,segment
198,3,noisy_text[punctuation] + full_diagram,OK,height,has_measure,?
198,3,noisy_text[punctuation] + full_diagram,OK,area,is_a,query_target
,,,,,,
207,3,noisy_text[punctuation] + full_diagram,OK,largest_circle,is_a,circle
207,3,noisy_text[punctuation] + full_diagram,OK,small_circle1,is_a,circle
207,3,noisy_text[punctuation] + full_diagram,OK,small_circle2,is_a,circle
207,3,noisy_text[punctuation] + full_diagram,OK,largest_circle,has_measure,20_units
207,3,noisy_text[punctuation] + full_diagram,OK,largest_circle,is_a,largest_circle
207,3,noisy_text[punctuation] + full_diagram,OK,small_circle1,is_a,small_circle
207,3,noisy_text[punctuation] + full_diagram,OK,small_circle2,is_a,small_circle
207,3,noisy_text[punctuation] + full_diagram,OK,largest_circle,contains,small_circle1
207,3,noisy_text[punctuation] + full_diagram,OK,largest_circle,contains,small_circle2
207,3,noisy_text[punctuation] + full_diagram,OK,shaded_region,is_a,region
207,3,noisy_text[punctuation] + full_diagram,OK,shaded_region,is_a,target
207,3,noisy_text[punctuation] + full_diagram,OK,shaded_region,is_a,area
207,3,noisy_text[punctuation] + full_diagram,OK,shaded_region,has_measure,?
207,3,noisy_text[punctuation] + full_diagram,OK,shaded_region,is_a,shaded_region
,,,,,,
210,3,noisy_text[punctuation] + full_diagram,OK,A,is_a,point
210,3,noisy_text[punctuation] + full_diagram,OK,B,is_a,point
210,3,noisy_text[punctuation] + full_diagram,OK,C,is_a,point
210,3,noisy_text[punctuation] + full_diagram,OK,D,is_a,point
210,3,noisy_text[punctuation] + full_diagram,OK,E,is_a,point
210,3,noisy_text[punctuation] + full_diagram,OK,AB,is_a,segment
210,3,noisy_text[punctuation] + full_diagram,OK,AC,is_a,segment
210,3,noisy_text[punctuation] + full_diagram,OK,AD,is_a,segment
210,3,noisy_text[punctuation] + full_diagram,OK,AE,is_a,segment
210,3,noisy_text[punctuation] + full_diagram,OK,CD,is_a,segment
210,3,noisy_text[punctuation] + full_diagram,OK,ED,is_a,segment
210,3,noisy_text[punctuation] + full_diagram,OK,BE,is_a,segment
210,3,noisy_text[punctuation] + full_diagram,OK,Triangles,is_a,shape
210,3,noisy_text[punctuation] + full_diagram,OK,ABE,is_a,triangle
210,3,noisy_text[punctuation] + full_diagram,OK,ACD,is_a,triangle
210,3,noisy_text[punctuation] + full_diagram,OK,AB,has_measure,12_units
210,3,noisy_text[punctuation] + full_diagram,OK,AC,has_measure,16_units
210,3,noisy_text[punctuation] + full_diagram,OK,ED,has_measure,5_units
210,3,noisy_text[punctuation] + full_diagram,OK,BE,parallel_to,CD
210,3,noisy_text[punctuation] + full_diagram,OK,Triangles,share,vertex
210,3,noisy_text[punctuation] + full_diagram,OK,vertex,is_a,point
210,3,noisy_text[punctuation] + full_diagram,OK,vertex,is,A
210,3,noisy_text[punctuation] + full_diagram,OK,AE,has_measure,?
,,,,,,
211,3,noisy_text[punctuation] + full_diagram,OK,MNPR,is_a,parallelogram
211,3,noisy_text[punctuation] + full_diagram,OK,MP,is_a,diagonal
211,3,noisy_text[punctuation] + full_diagram,OK,RN,is_a,diagonal
211,3,noisy_text[punctuation] + full_diagram,OK,Q,is_a,point
211,3,noisy_text[punctuation] + full_diagram,OK,Q,lies_on,MP
211,3,noisy_text[punctuation] + full_diagram,OK,Q,lies_on,RN
211,3,noisy_text[punctuation] + full_diagram,OK,MN,is_a,segment
211,3,noisy_text[punctuation] + full_diagram,OK,MN,has_measure,3x - 4
211,3,noisy_text[punctuation] + full_diagram,OK,NP,is_a,segment
211,3,noisy_text[punctuation] + full_diagram,OK,NP,has_measure,2y + 5
211,3,noisy_text[punctuation] + full_diagram,OK,RP,is_a,segment
211,3,noisy_text[punctuation] + full_diagram,OK,RP,has_measure,20
211,3,noisy_text[punctuation] + full_diagram,OK,MR,is_a,segment
211,3,noisy_text[punctuation] + full_diagram,OK,MR,has_measure,17.9
211,3,noisy_text[punctuation] + full_diagram,OK,∠RNP,is_a,angle
211,3,noisy_text[punctuation] + full_diagram,OK,∠RNP,has_measure,?
211,3,noisy_text[punctuation] + full_diagram,OK,∠MNR,is_a,angle
211,3,noisy_text[punctuation] + full_diagram,OK,∠MNR,has_measure,33_deg
211,3,noisy_text[punctuation] + full_diagram,OK,∠QNR,is_a,angle
211,3,noisy_text[punctuation] + full_diagram,OK,∠QNR,has_measure,15.4_deg
211,3,noisy_text[punctuation] + full_diagram,OK,∠QRP,is_a,angle
211,3,noisy_text[punctuation] + full_diagram,OK,∠QRP,has_measure,83_deg
211,3,noisy_text[punctuation] + full_diagram,OK,∠QPR,is_a,angle
211,3,noisy_text[punctuation] + full_diagram,OK,∠QPR,has_measure,11.1_deg
211,3,noisy_text[punctuation] + full_diagram,OK,∠MRQ,is_a,angle
211,3,noisy_text[punctuation] + full_diagram,OK,∠MRQ,has_measure,38_deg
211,3,noisy_text[punctuation] + full_diagram,OK,QR,is_a,segment
211,3,noisy_text[punctuation] + full_diagram,OK,QR,has_measure,3z - 3
211,3,noisy_text[punctuation] + full_diagram,OK,QM,is_a,segment
211,3,noisy_text[punctuation] + full_diagram,OK,QM,has_measure,4w - 3
,,,,,,
223,3,noisy_text[punctuation] + full_diagram,OK,5,is_a,length
223,3,noisy_text[punctuation] + full_diagram,OK,5,has_measure,5_units
223,3,noisy_text[punctuation] + full_diagram,OK,x,is_a,length
223,3,noisy_text[punctuation] + full_diagram,OK,x,has_measure,?
223,3,noisy_text[punctuation] + full_diagram,OK,3√2,is_a,length
223,3,noisy_text[punctuation] + full_diagram,OK,3√2,has_measure,3√2_units
223,3,noisy_text[punctuation] + full_diagram,OK,triangle,is_a,right_triangle
223,3,noisy_text[punctuation] + full_diagram,OK,triangle,has_measure,90_deg
223,3,noisy_text[punctuation] + full_diagram,OK,triangle,has_measure,5_units
223,3,noisy_text[punctuation] + full_diagram,OK,triangle,has_measure,3√2_units
223,3,noisy_text[punctuation] + full_diagram,OK,triangle,has_measure,?
223,3,noisy_text[punctuation] + full_diagram,OK,x,is_a,query_target
,,,,,,
239,3,noisy_text[punctuation] + full_diagram,OK,A,is_a,point
239,3,noisy_text[punctuation] + full_diagram,OK,B,is_a,point
239,3,noisy_text[punctuation] + full_diagram,OK,C,is_a,point
239,3,noisy_text[punctuation] + full_diagram,OK,R,is_a,point
239,3,noisy_text[punctuation] + full_diagram,OK,S,is_a,point
239,3,noisy_text[punctuation] + full_diagram,OK,T,is_a,point
239,3,noisy_text[punctuation] + full_diagram,OK,M,is_a,point
239,3,noisy_text[punctuation] + full_diagram,OK,AB,is_a,segment
239,3,noisy_text[punctuation] + full_diagram,OK,AC,is_a,segment
239,3,noisy_text[punctuation] + full_diagram,OK,BC,is_a,segment
239,3,noisy_text[punctuation] + full_diagram,OK,AT,is_a,segment
239,3,noisy_text[punctuation] + full_diagram,OK,BR,is_a,segment
239,3,noisy_text[punctuation] + full_diagram,OK,CS,is_a,segment
239,3,noisy_text[punctuation] + full_diagram,OK,R,lies_on,AC
239,3,noisy_text[punctuation] + full_diagram,OK,S,lies_on,AB
239,3,noisy_text[punctuation] + full_diagram,OK,T,lies_on,BC
239,3,noisy_text[punctuation] + full_diagram,OK,AT,connects,A
239,3,noisy_text[punctuation] + full_diagram,OK,AT,connects,T
239,3,noisy_text[punctuation] + full_diagram,OK,BR,connects,B
239,3,noisy_text[punctuation] + full_diagram,OK,BR,connects,R
239,3,noisy_text[punctuation] + full_diagram,OK,CS,connects,C
239,3,noisy_text[punctuation] + full_diagram,OK,CS,connects,S
239,3,noisy_text[punctuation] + full_diagram,OK,AT,intersects,BR
239,3,noisy_text[punctuation] + full_diagram,OK,AT,intersects,CS
239,3,noisy_text[punctuation] + full_diagram,OK,BR,intersects,CS
239,3,noisy_text[punctuation] + full_diagram,OK,AT,intersects,M
239,3,noisy_text[punctuation] + full_diagram,OK,BR,intersects,M
239,3,noisy_text[punctuation] + full_diagram,OK,CS,intersects,M
239,3,noisy_text[punctuation] + full_diagram,OK,MC,has_measure,7_units
239,3,noisy_text[punctuation] + full_diagram,OK,RM,has_measure,4_units
239,3,noisy_text[punctuation] + full_diagram,OK,AT,has_measure,16_units
,,,,,,
243,3,noisy_text[punctuation] + full_diagram,OK,des_moines,is_a,point
243,3,noisy_text[punctuation] + full_diagram,OK,phoenix,is_a,point
243,3,noisy_text[punctuation] + full_diagram,OK,atlant,is_a,point
243,3,noisy_text[punctuation] + full_diagram,OK,des_moines_phoenix,is_a,segment
243,3,noisy_text[punctuation] + full_diagram,OK,des_moines_phoenix,has_measure,110x + 53
243,3,noisy_text[punctuation] + full_diagram,OK,phoenix_atlanta,is_a,segment
243,3,noisy_text[punctuation] + full_diagram,OK,phoenix_atlanta,has_measure,150x + 91
243,3,noisy_text[punctuation] + full_diagram,OK,atlant_des_moines,is_a,segment
243,3,noisy_text[punctuation] + full_diagram,OK,atlant_des_moines,has_measure,73.8x
243,3,noisy_text[punctuation] + full_diagram,OK,total_trip_distance,has_measure,3482
,,,,,,
257,3,noisy_text[punctuation] + full_diagram,OK,ABE,is_a,triangle
257,3,noisy_text[punctuation] + full_diagram,OK,ACD,is_a,triangle
257,3,noisy_text[punctuation] + full_diagram,OK,ABE,shares_vertex_with,ACD
257,3,noisy_text[punctuation] + full_diagram,OK,A,is_a,vertex
257,3,noisy_text[punctuation] + full_diagram,OK,BE,is_a,segment
257,3,noisy_text[punctuation] + full_diagram,OK,CD,is_a,segment
257,3,noisy_text[punctuation] + full_diagram,OK,BE,parallel_to,CD
257,3,noisy_text[punctuation] + full_diagram,OK,AB,is_a,segment
257,3,noisy_text[punctuation] + full_diagram,OK,AC,is_a,segment
257,3,noisy_text[punctuation] + full_diagram,OK,ED,is_a,segment
257,3,noisy_text[punctuation] + full_diagram,OK,AB,has_measure,12_units
257,3,noisy_text[punctuation] + full_diagram,OK,AC,has_measure,16_units
257,3,noisy_text[punctuation] + full_diagram,OK,ED,has_measure,5_units
257,3,noisy_text[punctuation] + full_diagram,OK,AE,is_a,segment
257,3,noisy_text[punctuation] + full_diagram,OK,AE,has_measure,?
257,3,noisy_text[punctuation] + full_diagram,OK,ABE,similar_to,ACD
257,3,noisy_text[punctuation] + full_diagram,OK,A,connects,B
257,3,noisy_text[punctuation] + full_diagram,OK,A,connects,C
257,3,noisy_text[punctuation] + full_diagram,OK,B,connects,E
257,3,noisy_text[punctuation] + full_diagram,OK,C,connects,D
257,3,noisy_text[punctuation] + full_diagram,OK,E,connects,D
,,,,,,
264,3,noisy_text[punctuation] + full_diagram,OK,M,is_a,point
264,3,noisy_text[punctuation] + full_diagram,OK,N,is_a,point
264,3,noisy_text[punctuation] + full_diagram,OK,P,is_a,point
264,3,noisy_text[punctuation] + full_diagram,OK,Q,is_a,point
264,3,noisy_text[punctuation] + full_diagram,OK,MN,is_a,segment
264,3,noisy_text[punctuation] + full_diagram,OK,NP,is_a,segment
264,3,noisy_text[punctuation] + full_diagram,OK,PQ,is_a,segment
264,3,noisy_text[punctuation] + full_diagram,OK,QM,is_a,segment
264,3,noisy_text[punctuation] + full_diagram,OK,MNPQ,is_a,parallelogram
264,3,noisy_text[punctuation] + full_diagram,OK,∠M,is_a,angle
264,3,noisy_text[punctuation] + full_diagram,OK,∠N,is_a,angle
264,3,noisy_text[punctuation] + full_diagram,OK,∠P,is_a,angle
264,3,noisy_text[punctuation] + full_diagram,OK,∠Q,is_a,angle
264,3,noisy_text[punctuation] + full_diagram,OK,∠M,has_measure,10x
264,3,noisy_text[punctuation] + full_diagram,OK,∠N,has_measure,20x
264,3,noisy_text[punctuation] + full_diagram,OK,∠M,equals,∠P
264,3,noisy_text[punctuation] + full_diagram,OK,∠N,equals,∠Q
264,3,noisy_text[punctuation] + full_diagram,OK,?,is_a,query
264,3,noisy_text[punctuation] + full_diagram,OK,?,has_target,∠M
,,,,,,
281,3,noisy_text[punctuation] + full_diagram,OK,ABC,is_a,triangle
281,3,noisy_text[punctuation] + full_diagram,OK,A,is_a,point
281,3,noisy_text[punctuation] + full_diagram,OK,B,is_a,point
281,3,noisy_text[punctuation] + full_diagram,OK,C,is_a,point
281,3,noisy_text[punctuation] + full_diagram,OK,AB,is_a,segment
281,3,noisy_text[punctuation] + full_diagram,OK,AC,is_a,segment
281,3,noisy_text[punctuation] + full_diagram,OK,BC,is_a,segment
281,3,noisy_text[punctuation] + full_diagram,OK,∠C,is_a,angle
281,3,noisy_text[punctuation] + full_diagram,OK,∠C,has_measure,90_deg
281,3,noisy_text[punctuation] + full_diagram,OK,AC,has_measure,24_units
281,3,noisy_text[punctuation] + full_diagram,OK,AB,has_measure,26_units
281,3,noisy_text[punctuation] + full_diagram,OK,BC,has_measure,10_units
281,3,noisy_text[punctuation] + full_diagram,OK,∠B,is_a,angle
281,3,noisy_text[punctuation] + full_diagram,OK,ABC,is_a,right_triangle
281,3,noisy_text[punctuation] + full_diagram,OK,∠C,center_of,right_triangle
281,3,noisy_text[punctuation] + full_diagram,OK,AB,connects,"A, B"
281,3,noisy_text[punctuation] + full_diagram,OK,AC,connects,"A, C"
281,3,noisy_text[punctuation] + full_diagram,OK,BC,connects,"B, C"
281,3,noisy_text[punctuation] + full_diagram,OK,∠B,lies_on,triangle
281,3,noisy_text[punctuation] + full_diagram,OK,cos,is_a,trigonometric_function
281,3,noisy_text[punctuation] + full_diagram,OK,cos,mapped_to,∠B
281,3,noisy_text[punctuation] + full_diagram,OK,?,is_a,ratio
281,3,noisy_text[punctuation] + full_diagram,OK,?,is_a,decimal
281,3,noisy_text[punctuation] + full_diagram,OK,?,is_a,hundredth
,,,,,,
327,3,noisy_text[punctuation] + full_diagram,OK,X,is_a,point
327,3,noisy_text[punctuation] + full_diagram,OK,Y,is_a,point
327,3,noisy_text[punctuation] + full_diagram,OK,Z,is_a,point
327,3,noisy_text[punctuation] + full_diagram,OK,N,is_a,point
327,3,noisy_text[punctuation] + full_diagram,OK,XY,is_a,segment
327,3,noisy_text[punctuation] + full_diagram,OK,YZ,is_a,segment
327,3,noisy_text[punctuation] + full_diagram,OK,XZ,is_a,segment
327,3,noisy_text[punctuation] + full_diagram,OK,XN,is_a,segment
327,3,noisy_text[punctuation] + full_diagram,OK,YZ,has_measure,10.7_km
327,3,noisy_text[punctuation] + full_diagram,OK,XY,has_measure,b_km
327,3,noisy_text[punctuation] + full_diagram,OK,∠ZXY,has_measure,335_deg
327,3,noisy_text[punctuation] + full_diagram,OK,Z,lies_on,YN
327,3,noisy_text[punctuation] + full_diagram,OK,N,lies_on,YZ
327,3,noisy_text[punctuation] + full_diagram,OK,X,lies_on,YN
327,3,noisy_text[punctuation] + full_diagram,OK,Y,lies_on,XY
327,3,noisy_text[punctuation] + full_diagram,OK,Y,lies_on,YZ
327,3,noisy_text[punctuation] + full_diagram,OK,Y,lies_on,YN
327,3,noisy_text[punctuation] + full_diagram,OK,X,lies_on,XZ
327,3,noisy_text[punctuation] + full_diagram,OK,X,lies_on,XN
327,3,noisy_text[punctuation] + full_diagram,OK,Z,lies_on,XZ
327,3,noisy_text[punctuation] + full_diagram,OK,N,lies_on,XN
327,3,noisy_text[punctuation] + full_diagram,OK,XZ,has_measure,d_km
,,,,,,
348,3,noisy_text[punctuation] + full_diagram,OK,helicopter,is_a,helicopter
348,3,noisy_text[punctuation] + full_diagram,OK,helicopter,has_measure,198_metres
348,3,noisy_text[punctuation] + full_diagram,OK,angle,is_a,angle
348,3,noisy_text[punctuation] + full_diagram,OK,angle,has_measure,44_deg
348,3,noisy_text[punctuation] + full_diagram,OK,landing_pad,is_a,landing_pad
348,3,noisy_text[punctuation] + full_diagram,OK,d,is_a,distance
348,3,noisy_text[punctuation] + full_diagram,OK,helicopter,has_measure,?
348,3,noisy_text[punctuation] + full_diagram,OK,helicopter,is_a,point
348,3,noisy_text[punctuation] + full_diagram,OK,landing_pad,is_a,point
348,3,noisy_text[punctuation] + full_diagram,OK,d,connects,helicopter
348,3,noisy_text[punctuation] + full_diagram,OK,d,connects,landing_pad
348,3,noisy_text[punctuation] + full_diagram,OK,angle,is_a,angle_of_depression
,,,,,,
364,3,noisy_text[punctuation] + full_diagram,OK,cable,is_a,cable
364,3,noisy_text[punctuation] + full_diagram,OK,tower,is_a,tower
364,3,noisy_text[punctuation] + full_diagram,OK,bridge,is_a,bridge
364,3,noisy_text[punctuation] + full_diagram,OK,connection_point,is_a,point
364,3,noisy_text[punctuation] + full_diagram,OK,tower,connects,bridge
364,3,noisy_text[punctuation] + full_diagram,OK,cable,connects,tower
364,3,noisy_text[punctuation] + full_diagram,OK,cable,connects,connection_point
364,3,noisy_text[punctuation] + full_diagram,OK,tower,has_measure,35.5_m
364,3,noisy_text[punctuation] + full_diagram,OK,connection_point,has_measure,65.9_m
364,3,noisy_text[punctuation] + full_diagram,OK,tower,perpendicular_to,bridge
364,3,noisy_text[punctuation] + full_diagram,OK,h,is_a,?
364,3,noisy_text[punctuation] + full_diagram,OK,h,has_measure,?
,,,,,,
365,3,noisy_text[punctuation] + full_diagram,OK,plane,is_a,object
365,3,noisy_text[punctuation] + full_diagram,OK,ground,is_a,surface
365,3,noisy_text[punctuation] + full_diagram,OK,runway,is_a,surface
365,3,noisy_text[punctuation] + full_diagram,OK,plane,lies_on,?
365,3,noisy_text[punctuation] + full_diagram,OK,ground,lies_on,?
365,3,noisy_text[punctuation] + full_diagram,OK,runway,lies_on,?
365,3,noisy_text[punctuation] + full_diagram,OK,plane,connects,ground
365,3,noisy_text[punctuation] + full_diagram,OK,plane,has_measure,10369_m
365,3,noisy_text[punctuation] + full_diagram,OK,plane,has_measure,23444_m
365,3,noisy_text[punctuation] + full_diagram,OK,theta,is_a,angle
365,3,noisy_text[punctuation] + full_diagram,OK,theta,has_measure,?
365,3,noisy_text[punctuation] + full_diagram,OK,runway,connects,ground
365,3,noisy_text[punctuation] + full_diagram,OK,plane,connects,runway
,,,,,,
420,3,noisy_text[punctuation] + full_diagram,OK,A,is_a,point
420,3,noisy_text[punctuation] + full_diagram,OK,B,is_a,point
420,3,noisy_text[punctuation] + full_diagram,OK,C,is_a,point
420,3,noisy_text[punctuation] + full_diagram,OK,D,is_a,point
420,3,noisy_text[punctuation] + full_diagram,OK,AB,is_a,segment
420,3,noisy_text[punctuation] + full_diagram,OK,BC,is_a,segment
420,3,noisy_text[punctuation] + full_diagram,OK,CD,is_a,segment
420,3,noisy_text[punctuation] + full_diagram,OK,DA,is_a,segment
420,3,noisy_text[punctuation] + full_diagram,OK,ABCD,is_a,trapezium
420,3,noisy_text[punctuation] + full_diagram,OK,AB,parallel_to,CD
420,3,noisy_text[punctuation] + full_diagram,OK,BC,has_measure,10_cm
420,3,noisy_text[punctuation] + full_diagram,OK,B,is_a,vertex
420,3,noisy_text[punctuation] + full_diagram,OK,6_cm_segment,is_a,segment
420,3,noisy_text[punctuation] + full_diagram,OK,6_cm_segment,perpendicular_to,AD
420,3,noisy_text[punctuation] + full_diagram,OK,6_cm_segment,has_measure,6_cm
420,3,noisy_text[punctuation] + full_diagram,OK,AB,has_measure,x
420,3,noisy_text[punctuation] + full_diagram,OK,x,is_a,?
420,3,noisy_text[punctuation] + full_diagram,OK,AB,connects,"A, B"
420,3,noisy_text[punctuation] + full_diagram,OK,BC,connects,"B, C"
420,3,noisy_text[punctuation] + full_diagram,OK,CD,connects,"C, D"
420,3,noisy_text[punctuation] + full_diagram,OK,DA,connects,"D, A"
,,,,,,
432,3,noisy_text[punctuation] + full_diagram,OK,-3,4,"is_a, point"
432,3,noisy_text[punctuation] + full_diagram,OK,5,2,"is_a, point"
432,3,noisy_text[punctuation] + full_diagram,OK,-3,4,"connects, 5, 2"
432,3,noisy_text[punctuation] + full_diagram,OK,d,is_a,distance
432,3,noisy_text[punctuation] + full_diagram,OK,d,connects,"-3, 4"
432,3,noisy_text[punctuation] + full_diagram,OK,d,connects,"5, 2"
432,3,noisy_text[punctuation] + full_diagram,OK,-3,4,"has_measure, -3"
432,3,noisy_text[punctuation] + full_diagram,OK,-3,4,"has_measure, 4"
432,3,noisy_text[punctuation] + full_diagram,OK,5,2,"has_measure, 5"
432,3,noisy_text[punctuation] + full_diagram,OK,5,2,"has_measure, 2"
432,3,noisy_text[punctuation] + full_diagram,OK,x,is_a,axis
432,3,noisy_text[punctuation] + full_diagram,OK,y,is_a,axis
432,3,noisy_text[punctuation] + full_diagram,OK,x,perpendicular_to,y
432,3,noisy_text[punctuation] + full_diagram,OK,-3,4,"lies_on, y"
432,3,noisy_text[punctuation] + full_diagram,OK,5,2,"lies_on, x"
432,3,noisy_text[punctuation] + full_diagram,OK,5,2,"lies_on, y"
432,3,noisy_text[punctuation] + full_diagram,OK,-3,4,"lies_on, x"
432,3,noisy_text[punctuation] + full_diagram,OK,?,is_a,distance_formula
432,3,noisy_text[punctuation] + full_diagram,OK,?,connects,"-3, 4"
432,3,noisy_text[punctuation] + full_diagram,OK,?,connects,"5, 2"
,,,,,,
438,3,noisy_text[punctuation] + full_diagram,OK,hyperbola,is_a,hyperbola
438,3,noisy_text[punctuation] + full_diagram,OK,center,is_a,point
438,3,noisy_text[punctuation] + full_diagram,OK,vertex1,is_a,point
438,3,noisy_text[punctuation] + full_diagram,OK,vertex2,is_a,point
438,3,noisy_text[punctuation] + full_diagram,OK,focus1,is_a,point
438,3,noisy_text[punctuation] + full_diagram,OK,focus2,is_a,point
438,3,noisy_text[punctuation] + full_diagram,OK,hyperbola,center_of,center
438,3,noisy_text[punctuation] + full_diagram,OK,hyperbola,connects,vertex1
438,3,noisy_text[punctuation] + full_diagram,OK,hyperbola,connects,vertex2
438,3,noisy_text[punctuation] + full_diagram,OK,hyperbola,connects,focus1
438,3,noisy_text[punctuation] + full_diagram,OK,hyperbola,connects,focus2
438,3,noisy_text[punctuation] + full_diagram,OK,vertex1,lies_on,hyperbola
438,3,noisy_text[punctuation] + full_diagram,OK,vertex2,lies_on,hyperbola
438,3,noisy_text[punctuation] + full_diagram,OK,focus1,lies_on,hyperbola
438,3,noisy_text[punctuation] + full_diagram,OK,focus2,lies_on,hyperbola
438,3,noisy_text[punctuation] + full_diagram,OK,center,lies_on,hyperbola
438,3,noisy_text[punctuation] + full_diagram,OK,hyperbola,has_measure,?
438,3,noisy_text[punctuation] + full_diagram,OK,hyperbola,is_a,?
,,,,,,
441,3,noisy_text[punctuation] + full_diagram,OK,P,is_a,point
441,3,noisy_text[punctuation] + full_diagram,OK,a,is_a,angle
441,3,noisy_text[punctuation] + full_diagram,OK,a,has_measure,?
441,3,noisy_text[punctuation] + full_diagram,OK,unit_circle,is_a,circle
441,3,noisy_text[punctuation] + full_diagram,OK,unit_circle,radius_of,1_unit
441,3,noisy_text[punctuation] + full_diagram,OK,P,lies_on,unit_circle
441,3,noisy_text[punctuation] + full_diagram,OK,a,terminal_side_intersects,unit_circle
441,3,noisy_text[punctuation] + full_diagram,OK,a,terminal_side_intersects_at,P
441,3,noisy_text[punctuation] + full_diagram,OK,y,is_a,y-coordinate
441,3,noisy_text[punctuation] + full_diagram,OK,y,has_measure,?
,,,,,,
447,3,noisy_text[punctuation] + full_diagram,OK,a,is_a,angle
447,3,noisy_text[punctuation] + full_diagram,OK,P,is_a,point
447,3,noisy_text[punctuation] + full_diagram,OK,P,lies_on,unit_circle
447,3,noisy_text[punctuation] + full_diagram,OK,a,is_a,angle_in_standard_position
447,3,noisy_text[punctuation] + full_diagram,OK,unit_circle,radius_of,1_unit
447,3,noisy_text[punctuation] + full_diagram,OK,x,is_a,axis
447,3,noisy_text[punctuation] + full_diagram,OK,y,is_a,axis
447,3,noisy_text[punctuation] + full_diagram,OK,x,perpendicular_to,y
,,,,,,
449,3,noisy_text[punctuation] + full_diagram,OK,O,is_a,point
449,3,noisy_text[punctuation] + full_diagram,OK,O,center_of,circle
449,3,noisy_text[punctuation] + full_diagram,OK,circle,is_a,unit_circle
449,3,noisy_text[punctuation] + full_diagram,OK,P,is_a,point
449,3,noisy_text[punctuation] + full_diagram,OK,P,lies_on,circle
449,3,noisy_text[punctuation] + full_diagram,OK,θ,is_a,angle
,,,,,,
457,3,noisy_text[punctuation] + full_diagram,OK,center,is_a,point
457,3,noisy_text[punctuation] + full_diagram,OK,radius,is_a,length
457,3,noisy_text[punctuation] + full_diagram,OK,radius,has_measure,6
457,3,noisy_text[punctuation] + full_diagram,OK,circle,is_a,circle
457,3,noisy_text[punctuation] + full_diagram,OK,center,center_of,circle
457,3,noisy_text[punctuation] + full_diagram,OK,radius,radius_of,circle
457,3,noisy_text[punctuation] + full_diagram,OK,equation,is_a,query_target
,,,,,,
472,3,noisy_text[punctuation] + full_diagram,OK,-7,0,"is_a, point"
472,3,noisy_text[punctuation] + full_diagram,OK,-5,-5,"is_a, point"
472,3,noisy_text[punctuation] + full_diagram,OK,0,7,"is_a, point"
472,3,noisy_text[punctuation] + full_diagram,OK,5,-5,"is_a, point"
472,3,noisy_text[punctuation] + full_diagram,OK,7,0,"is_a, point"
472,3,noisy_text[punctuation] + full_diagram,OK,semicircle,is_a,semicircle
472,3,noisy_text[punctuation] + full_diagram,OK,?,is_a,"center_of, semicircle"
472,3,noisy_text[punctuation] + full_diagram,OK,?,is_a,query_target
,,,,,,
