problem_index,case_id,case_label,status,subject,predicate,object
1,12,noisy_half_text[numeric] + half_diagram,OK,A,is_a,point
1,12,noisy_half_text[numeric] + half_diagram,OK,B,is_a,point
1,12,noisy_half_text[numeric] + half_diagram,OK,C,is_a,point
1,12,noisy_half_text[numeric] + half_diagram,OK,D,is_a,point
1,12,noisy_half_text[numeric] + half_diagram,OK,E,is_a,point
1,12,noisy_half_text[numeric] + half_diagram,OK,AB,is_a,segment
1,12,noisy_half_text[numeric] + half_diagram,OK,AC,is_a,segment
1,12,noisy_half_text[numeric] + half_diagram,OK,DE,is_a,segment
1,12,noisy_half_text[numeric] + half_diagram,OK,∠A,is_a,angle
1,12,noisy_half_text[numeric] + half_diagram,OK,∠CED,is_a,angle
1,12,noisy_half_text[numeric] + half_diagram,OK,∠A = 80°,has_measure,?
1,12,noisy_half_text[numeric] + half_diagram,OK,∠ABC = 60°,has_measure,60_deg
1,12,noisy_half_text[numeric] + half_diagram,OK,DE,parallel_to,BC
,,,,,,
2,12,noisy_half_text[numeric] + half_diagram,OK,A,is_a,point
2,12,noisy_half_text[numeric] + half_diagram,OK,B,is_a,point
2,12,noisy_half_text[numeric] + half_diagram,OK,C,is_a,point
2,12,noisy_half_text[numeric] + half_diagram,OK,D,is_a,point
2,12,noisy_half_text[numeric] + half_diagram,OK,E,is_a,point
2,12,noisy_half_text[numeric] + half_diagram,OK,F,is_a,point
2,12,noisy_half_text[numeric] + half_diagram,OK,G,is_a,point
2,12,noisy_half_text[numeric] + half_diagram,OK,AB,is_a,line
2,12,noisy_half_text[numeric] + half_diagram,OK,CD,is_a,line
2,12,noisy_half_text[numeric] + half_diagram,OK,EF,is_a,line
2,12,noisy_half_text[numeric] + half_diagram,OK,EG,is_a,line
2,12,noisy_half_text[numeric] + half_diagram,OK,AB,parallel_to,CD
2,12,noisy_half_text[numeric] + half_diagram,OK,EF,intersects,AB
2,12,noisy_half_text[numeric] + half_diagram,OK,EF,intersects,CD
2,12,noisy_half_text[numeric] + half_diagram,OK,EG,intersects,CD
2,12,noisy_half_text[numeric] + half_diagram,OK,EG,lies_on,EF
2,12,noisy_half_text[numeric] + half_diagram,OK,∠BEF,has_measure,?
2,12,noisy_half_text[numeric] + half_diagram,OK,∠EFG,has_measure,?
2,12,noisy_half_text[numeric] + half_diagram,OK,∠EGF,has_measure,?
2,12,noisy_half_text[numeric] + half_diagram,OK,EG,is_a,"angle_bisector_of, ∠BEF"
2,12,noisy_half_text[numeric] + half_diagram,OK,∠1,is_a,∠EFG
2,12,noisy_half_text[numeric] + half_diagram,OK,∠2,is_a,∠EGF
2,12,noisy_half_text[numeric] + half_diagram,OK,∠BEF,adjacent_to,∠1
2,12,noisy_half_text[numeric] + half_diagram,OK,∠1,has_measure,50_deg
,,,,,,
3,12,noisy_half_text[numeric] + half_diagram,OK,A,is_a,point
3,12,noisy_half_text[numeric] + half_diagram,OK,B,is_a,point
3,12,noisy_half_text[numeric] + half_diagram,OK,C,is_a,point
3,12,noisy_half_text[numeric] + half_diagram,OK,D,is_a,point
3,12,noisy_half_text[numeric] + half_diagram,OK,AB,is_a,segment
3,12,noisy_half_text[numeric] + half_diagram,OK,BC,is_a,segment
3,12,noisy_half_text[numeric] + half_diagram,OK,BD,is_a,segment
3,12,noisy_half_text[numeric] + half_diagram,OK,CD,is_a,segment
3,12,noisy_half_text[numeric] + half_diagram,OK,∠DCB,has_measure,70_deg
3,12,noisy_half_text[numeric] + half_diagram,OK,CD,parallel_to,AB
3,12,noisy_half_text[numeric] + half_diagram,OK,BD,intersects,CD
3,12,noisy_half_text[numeric] + half_diagram,OK,BD,intersects,AC
3,12,noisy_half_text[numeric] + half_diagram,OK,D,lies_on,BD
3,12,noisy_half_text[numeric] + half_diagram,OK,C,lies_on,BC
3,12,noisy_half_text[numeric] + half_diagram,OK,C,lies_on,CD
3,12,noisy_half_text[numeric] + half_diagram,OK,A,lies_on,AB
3,12,noisy_half_text[numeric] + half_diagram,OK,B,lies_on,AB
3,12,noisy_half_text[numeric] + half_diagram,OK,B,lies_on,BC
,,,,,,
4,12,noisy_half_text[numeric] + half_diagram,OK,A,is_a,point
4,12,noisy_half_text[numeric] + half_diagram,OK,B,is_a,point
4,12,noisy_half_text[numeric] + half_diagram,OK,C,is_a,point
4,12,noisy_half_text[numeric] + half_diagram,OK,O,is_a,point
4,12,noisy_half_text[numeric] + half_diagram,OK,AB,is_a,segment
4,12,noisy_half_text[numeric] + half_diagram,OK,AO,is_a,segment
4,12,noisy_half_text[numeric] + half_diagram,OK,BC,is_a,segment
4,12,noisy_half_text[numeric] + half_diagram,OK,∠A,has_measure,36_deg
4,12,noisy_half_text[numeric] + half_diagram,OK,AB,tangent_to,circle O
4,12,noisy_half_text[numeric] + half_diagram,OK,AO,intersects,circle O
4,12,noisy_half_text[numeric] + half_diagram,OK,AO,intersects,C
4,12,noisy_half_text[numeric] + half_diagram,OK,BC,connects,B and C
4,12,noisy_half_text[numeric] + half_diagram,OK,AB,perpendicular_to,radius_OB
4,12,noisy_half_text[numeric] + half_diagram,OK,OB,is_a,segment
4,12,noisy_half_text[numeric] + half_diagram,OK,AB,perpendicular_to,OB
4,12,noisy_half_text[numeric] + half_diagram,OK,∠OCB,has_measure,?
,,,,,,
7,12,noisy_half_text[numeric] + half_diagram,OK,A,is_a,point
7,12,noisy_half_text[numeric] + half_diagram,OK,B,is_a,point
7,12,noisy_half_text[numeric] + half_diagram,OK,C,is_a,point
7,12,noisy_half_text[numeric] + half_diagram,OK,D,is_a,point
7,12,noisy_half_text[numeric] + half_diagram,OK,E,is_a,point
7,12,noisy_half_text[numeric] + half_diagram,OK,ABC,is_a,triangle
7,12,noisy_half_text[numeric] + half_diagram,OK,ADE,is_a,triangle
7,12,noisy_half_text[numeric] + half_diagram,OK,A,lies_on,ABC
7,12,noisy_half_text[numeric] + half_diagram,OK,B,lies_on,ABC
7,12,noisy_half_text[numeric] + half_diagram,OK,C,lies_on,ABC
7,12,noisy_half_text[numeric] + half_diagram,OK,A,lies_on,ADE
7,12,noisy_half_text[numeric] + half_diagram,OK,D,lies_on,ADE
7,12,noisy_half_text[numeric] + half_diagram,OK,E,lies_on,ADE
7,12,noisy_half_text[numeric] + half_diagram,OK,angle B,has_measure,70_deg
7,12,noisy_half_text[numeric] + half_diagram,OK,angle C,has_measure,30_deg
7,12,noisy_half_text[numeric] + half_diagram,OK,angle DAC,has_measure,35_deg
7,12,noisy_half_text[numeric] + half_diagram,OK,angle EAC,has_measure,?
7,12,noisy_half_text[numeric] + half_diagram,OK,ABC,is_congruent_to,ADE
7,12,noisy_half_text[numeric] + half_diagram,OK,$\angle BAC$,has_measure,?
7,12,noisy_half_text[numeric] + half_diagram,OK,$\angle DAE$,has_measure,?
7,12,noisy_half_text[numeric] + half_diagram,OK,$\angle B$,has_measure,70_deg
7,12,noisy_half_text[numeric] + half_diagram,OK,$\angle C$,has_measure,30_deg
7,12,noisy_half_text[numeric] + half_diagram,OK,$\angle BAC$,has_measure,80_deg
7,12,noisy_half_text[numeric] + half_diagram,OK,$\angle DAC$,has_measure,35_deg
7,12,noisy_half_text[numeric] + half_diagram,OK,$\angle BAD$,has_measure,45_deg
7,12,noisy_half_text[numeric] + half_diagram,OK,$\angle EAD$,has_measure,45_deg
7,12,noisy_half_text[numeric] + half_diagram,OK,\angle B,has_measure,70_deg
7,12,noisy_half_text[numeric] + half_diagram,OK,\angle C,has_measure,30_deg
7,12,noisy_half_text[numeric] + half_diagram,OK,\angle DAC,has_measure,35_deg
7,12,noisy_half_text[numeric] + half_diagram,OK,\angle BAC,has_measure,80_deg
7,12,noisy_half_text[numeric] + half_diagram,OK,\angle EAD,has_measure,45_deg
,,,,,,
8,12,noisy_half_text[numeric] + half_diagram,OK,D,is_a,point
8,12,noisy_half_text[numeric] + half_diagram,OK,B,is_a,point
8,12,noisy_half_text[numeric] + half_diagram,OK,E,is_a,point
8,12,noisy_half_text[numeric] + half_diagram,OK,F,is_a,point
8,12,noisy_half_text[numeric] + half_diagram,OK,A,lies_on,line
8,12,noisy_half_text[numeric] + half_diagram,OK,D,lies_on,line
8,12,noisy_half_text[numeric] + half_diagram,OK,B,lies_on,line
8,12,noisy_half_text[numeric] + half_diagram,OK,E,lies_on,line
8,12,noisy_half_text[numeric] + half_diagram,OK,F,lies_on,line
8,12,noisy_half_text[numeric] + half_diagram,OK,AB,is_a,segment
8,12,noisy_half_text[numeric] + half_diagram,OK,BC,is_a,segment
8,12,noisy_half_text[numeric] + half_diagram,OK,AC,is_a,segment
8,12,noisy_half_text[numeric] + half_diagram,OK,DE,is_a,segment
8,12,noisy_half_text[numeric] + half_diagram,OK,EF,is_a,segment
8,12,noisy_half_text[numeric] + half_diagram,OK,DF,is_a,segment
8,12,noisy_half_text[numeric] + half_diagram,OK,∠ABC,is_a,angle
8,12,noisy_half_text[numeric] + half_diagram,OK,∠DEF,is_a,angle
8,12,noisy_half_text[numeric] + half_diagram,OK,BF,is_a,segment
8,12,noisy_half_text[numeric] + half_diagram,OK,BF,has_measure,5.0_units
8,12,noisy_half_text[numeric] + half_diagram,OK,EC,is_a,segment
8,12,noisy_half_text[numeric] + half_diagram,OK,A,B are_corresponding_vertices,"D, E"
8,12,noisy_half_text[numeric] + half_diagram,OK,Triangle ABC,is_congruent_to,Triangle DEF)
,,,,,,
9,12,noisy_half_text[numeric] + half_diagram,OK,A,is_a,point
9,12,noisy_half_text[numeric] + half_diagram,OK,B,is_a,point
9,12,noisy_half_text[numeric] + half_diagram,OK,C,is_a,point
9,12,noisy_half_text[numeric] + half_diagram,OK,D,is_a,point
9,12,noisy_half_text[numeric] + half_diagram,OK,E,is_a,point
9,12,noisy_half_text[numeric] + half_diagram,OK,AB,is_a,segment
9,12,noisy_half_text[numeric] + half_diagram,OK,AC,is_a,segment
9,12,noisy_half_text[numeric] + half_diagram,OK,BC,is_a,segment
9,12,noisy_half_text[numeric] + half_diagram,OK,AD,is_a,segment
9,12,noisy_half_text[numeric] + half_diagram,OK,DE,is_a,segment
9,12,noisy_half_text[numeric] + half_diagram,OK,∠C,is_a,angle
9,12,noisy_half_text[numeric] + half_diagram,OK,∠CAB,is_a,angle
9,12,noisy_half_text[numeric] + half_diagram,OK,C,lies_on,BC
9,12,noisy_half_text[numeric] + half_diagram,OK,C,lies_on,AC
9,12,noisy_half_text[numeric] + half_diagram,OK,A,lies_on,AC
9,12,noisy_half_text[numeric] + half_diagram,OK,B,lies_on,BC
9,12,noisy_half_text[numeric] + half_diagram,OK,A,lies_on,AB
9,12,noisy_half_text[numeric] + half_diagram,OK,B,lies_on,AB
9,12,noisy_half_text[numeric] + half_diagram,OK,D,lies_on,BC
9,12,noisy_half_text[numeric] + half_diagram,OK,D,lies_on,AD
9,12,noisy_half_text[numeric] + half_diagram,OK,AC,has_measure,?
9,12,noisy_half_text[numeric] + half_diagram,OK,BC,has_measure,?
9,12,noisy_half_text[numeric] + half_diagram,OK,AB,has_measure,6.0_units
9,12,noisy_half_text[numeric] + half_diagram,OK,∠C,has_measure,90_deg
9,12,noisy_half_text[numeric] + half_diagram,OK,AC,equal_to,BC
9,12,noisy_half_text[numeric] + half_diagram,OK,AD,intersects,BC
9,12,noisy_half_text[numeric] + half_diagram,OK,AD,bisects,∠CAB
9,12,noisy_half_text[numeric] + half_diagram,OK,DE,perpendicular_to,AB
,,,,,,
10,12,noisy_half_text[numeric] + half_diagram,OK,A,is_a,point
10,12,noisy_half_text[numeric] + half_diagram,OK,B,is_a,point
10,12,noisy_half_text[numeric] + half_diagram,OK,C,is_a,point
10,12,noisy_half_text[numeric] + half_diagram,OK,D,is_a,point
10,12,noisy_half_text[numeric] + half_diagram,OK,E,is_a,point
10,12,noisy_half_text[numeric] + half_diagram,OK,AB,is_a,segment
10,12,noisy_half_text[numeric] + half_diagram,OK,AC,is_a,segment
10,12,noisy_half_text[numeric] + half_diagram,OK,∠BAC,is_a,angle
10,12,noisy_half_text[numeric] + half_diagram,OK,AB,equals,AC
10,12,noisy_half_text[numeric] + half_diagram,OK,∠BAC,has_measure,36_deg
10,12,noisy_half_text[numeric] + half_diagram,OK,BE,is_a,segment
10,12,noisy_half_text[numeric] + half_diagram,OK,AE,is_a,segment
10,12,noisy_half_text[numeric] + half_diagram,OK,E,lies_on,AB
10,12,noisy_half_text[numeric] + half_diagram,OK,D,lies_on,AC
10,12,noisy_half_text[numeric] + half_diagram,OK,E,center_of,AB
10,12,noisy_half_text[numeric] + half_diagram,OK,DE,perpendicular_to,AB
10,12,noisy_half_text[numeric] + half_diagram,OK,AB,intersects,DE
10,12,noisy_half_text[numeric] + half_diagram,OK,AC,intersects,DE
,,,,,,
11,12,noisy_half_text[numeric] + half_diagram,OK,A,is_a,point
11,12,noisy_half_text[numeric] + half_diagram,OK,B,is_a,point
11,12,noisy_half_text[numeric] + half_diagram,OK,C,is_a,point
11,12,noisy_half_text[numeric] + half_diagram,OK,D,is_a,point
11,12,noisy_half_text[numeric] + half_diagram,OK,E,is_a,point
11,12,noisy_half_text[numeric] + half_diagram,OK,F,is_a,point
11,12,noisy_half_text[numeric] + half_diagram,OK,A,has_measure,60_deg
11,12,noisy_half_text[numeric] + half_diagram,OK,∠C,has_measure,36_deg
11,12,noisy_half_text[numeric] + half_diagram,OK,ABC,is_a,triangle
11,12,noisy_half_text[numeric] + half_diagram,OK,AED,is_a,triangle
11,12,noisy_half_text[numeric] + half_diagram,OK,AD,intersects,BC
11,12,noisy_half_text[numeric] + half_diagram,OK,AD,connects,A
11,12,noisy_half_text[numeric] + half_diagram,OK,AD,connects,D
11,12,noisy_half_text[numeric] + half_diagram,OK,BC,connects,B
11,12,noisy_half_text[numeric] + half_diagram,OK,BC,connects,C
11,12,noisy_half_text[numeric] + half_diagram,OK,AFC,is_a,angle
,,,,,,
14,12,noisy_half_text[numeric] + half_diagram,OK,A,is_a,point
14,12,noisy_half_text[numeric] + half_diagram,OK,O,is_a,point
14,12,noisy_half_text[numeric] + half_diagram,OK,B,is_a,point
14,12,noisy_half_text[numeric] + half_diagram,OK,C,is_a,point
14,12,noisy_half_text[numeric] + half_diagram,OK,AB,is_a,segment
14,12,noisy_half_text[numeric] + half_diagram,OK,AC,is_a,segment
14,12,noisy_half_text[numeric] + half_diagram,OK,BC,is_a,segment
14,12,noisy_half_text[numeric] + half_diagram,OK,∠OAB,is_a,angle
14,12,noisy_half_text[numeric] + half_diagram,OK,∠OAB,has_measure,35_deg
14,12,noisy_half_text[numeric] + half_diagram,OK,O,center_of,circle
14,12,noisy_half_text[numeric] + half_diagram,OK,A,lies_on,circle
14,12,noisy_half_text[numeric] + half_diagram,OK,B,lies_on,circle
14,12,noisy_half_text[numeric] + half_diagram,OK,C,lies_on,circle
14,12,noisy_half_text[numeric] + half_diagram,OK,ABC,is_a,triangle
14,12,noisy_half_text[numeric] + half_diagram,OK,ABC,intersects,circle
14,12,noisy_half_text[numeric] + half_diagram,OK,∠ACB,is_a,angle
,,,,,,
16,12,noisy_half_text[numeric] + half_diagram,OK,O,is_a,point
16,12,noisy_half_text[numeric] + half_diagram,OK,AC,is_a,chord
16,12,noisy_half_text[numeric] + half_diagram,OK,OB,is_a,radius
16,12,noisy_half_text[numeric] + half_diagram,OK,∠BOC,is_a,angle
16,12,noisy_half_text[numeric] + half_diagram,OK,O,center_of,circle
16,12,noisy_half_text[numeric] + half_diagram,OK,AC,parallel_to,OB
16,12,noisy_half_text[numeric] + half_diagram,OK,∠BOC,has_measure,50_deg
16,12,noisy_half_text[numeric] + half_diagram,OK,AC,lies_on,circle
16,12,noisy_half_text[numeric] + half_diagram,OK,OB,lies_on,circle
,,,,,,
17,12,noisy_half_text[numeric] + half_diagram,OK,A,is_a,point
17,12,noisy_half_text[numeric] + half_diagram,OK,B,is_a,point
17,12,noisy_half_text[numeric] + half_diagram,OK,C,is_a,point
17,12,noisy_half_text[numeric] + half_diagram,OK,D,is_a,point
17,12,noisy_half_text[numeric] + half_diagram,OK,O,is_a,point
17,12,noisy_half_text[numeric] + half_diagram,OK,AB,is_a,segment
17,12,noisy_half_text[numeric] + half_diagram,OK,BC,is_a,segment
17,12,noisy_half_text[numeric] + half_diagram,OK,CD,is_a,segment
17,12,noisy_half_text[numeric] + half_diagram,OK,DA,is_a,segment
17,12,noisy_half_text[numeric] + half_diagram,OK,AC,is_a,segment
17,12,noisy_half_text[numeric] + half_diagram,OK,BD,is_a,segment
17,12,noisy_half_text[numeric] + half_diagram,OK,∠DAC,is_a,angle
17,12,noisy_half_text[numeric] + half_diagram,OK,∠CBD,is_a,angle
17,12,noisy_half_text[numeric] + half_diagram,OK,∠DAC,has_measure,42_deg
17,12,noisy_half_text[numeric] + half_diagram,OK,∠CBD,has_measure,23_deg
17,12,noisy_half_text[numeric] + half_diagram,OK,ABCD,is_a,parallelogram
17,12,noisy_half_text[numeric] + half_diagram,OK,AC,intersects,BD
17,12,noisy_half_text[numeric] + half_diagram,OK,O,lies_on,AC
17,12,noisy_half_text[numeric] + half_diagram,OK,O,lies_on,BD
17,12,noisy_half_text[numeric] + half_diagram,OK,A,lies_on,AB
17,12,noisy_half_text[numeric] + half_diagram,OK,B,lies_on,AB
17,12,noisy_half_text[numeric] + half_diagram,OK,B,lies_on,BC
17,12,noisy_half_text[numeric] + half_diagram,OK,C,lies_on,BC
17,12,noisy_half_text[numeric] + half_diagram,OK,C,lies_on,CD
17,12,noisy_half_text[numeric] + half_diagram,OK,D,lies_on,CD
17,12,noisy_half_text[numeric] + half_diagram,OK,D,lies_on,DA
17,12,noisy_half_text[numeric] + half_diagram,OK,A,lies_on,DA
17,12,noisy_half_text[numeric] + half_diagram,OK,AB,parallel_to,CD
17,12,noisy_half_text[numeric] + half_diagram,OK,AD,parallel_to,BC
17,12,noisy_half_text[numeric] + half_diagram,OK,∠COD,is_a,angle
,,,,,,
20,12,noisy_half_text[numeric] + half_diagram,OK,A,is_a,point
20,12,noisy_half_text[numeric] + half_diagram,OK,B,is_a,point
20,12,noisy_half_text[numeric] + half_diagram,OK,C,is_a,point
20,12,noisy_half_text[numeric] + half_diagram,OK,D,is_a,point
20,12,noisy_half_text[numeric] + half_diagram,OK,O,is_a,point
20,12,noisy_half_text[numeric] + half_diagram,OK,AB,is_a,segment
20,12,noisy_half_text[numeric] + half_diagram,OK,AC,is_a,segment
20,12,noisy_half_text[numeric] + half_diagram,OK,BC,is_a,segment
20,12,noisy_half_text[numeric] + half_diagram,OK,CD,is_a,segment
20,12,noisy_half_text[numeric] + half_diagram,OK,OD,is_a,segment
20,12,noisy_half_text[numeric] + half_diagram,OK,AB,lies_on,circle O
20,12,noisy_half_text[numeric] + half_diagram,OK,C,lies_on,circle O
20,12,noisy_half_text[numeric] + half_diagram,OK,D,lies_on,circle O
20,12,noisy_half_text[numeric] + half_diagram,OK,∠DOB,is_a,angle
20,12,noisy_half_text[numeric] + half_diagram,OK,∠ACD,is_a,angle
20,12,noisy_half_text[numeric] + half_diagram,OK,AB,diameter_of,circle O
20,12,noisy_half_text[numeric] + half_diagram,OK,∠DOB,has_measure,?
20,12,noisy_half_text[numeric] + half_diagram,OK,∠DOB,has_measure,140_deg
,,,,,,
22,12,noisy_half_text[numeric] + half_diagram,OK,A,is_a,point
22,12,noisy_half_text[numeric] + half_diagram,OK,B,is_a,point
22,12,noisy_half_text[numeric] + half_diagram,OK,C,is_a,point
22,12,noisy_half_text[numeric] + half_diagram,OK,D,is_a,point
22,12,noisy_half_text[numeric] + half_diagram,OK,M,is_a,point
22,12,noisy_half_text[numeric] + half_diagram,OK,N,is_a,point
22,12,noisy_half_text[numeric] + half_diagram,OK,AM,is_a,segment
22,12,noisy_half_text[numeric] + half_diagram,OK,CN,is_a,segment
22,12,noisy_half_text[numeric] + half_diagram,OK,MN,is_a,segment
22,12,noisy_half_text[numeric] + half_diagram,OK,AC,is_a,segment
22,12,noisy_half_text[numeric] + half_diagram,OK,BO,is_a,segment
22,12,noisy_half_text[numeric] + half_diagram,OK,ABCD,is_a,diamond
22,12,noisy_half_text[numeric] + half_diagram,OK,M,lies_on,AB
22,12,noisy_half_text[numeric] + half_diagram,OK,N,lies_on,CD
22,12,noisy_half_text[numeric] + half_diagram,OK,AM,has_measure,?
22,12,noisy_half_text[numeric] + half_diagram,OK,CN,has_measure,?
22,12,noisy_half_text[numeric] + half_diagram,OK,AM,is_a,CN
22,12,noisy_half_text[numeric] + half_diagram,OK,angle DAC,has_measure,?
22,12,noisy_half_text[numeric] + half_diagram,OK,angle OBC,is_a,query_target
22,12,noisy_half_text[numeric] + half_diagram,OK,∠DAC,has_measure,28_deg
,,,,,,
25,12,noisy_half_text[numeric] + half_diagram,OK,E,is_a,point
25,12,noisy_half_text[numeric] + half_diagram,OK,A,is_a,point
25,12,noisy_half_text[numeric] + half_diagram,OK,C,is_a,point
25,12,noisy_half_text[numeric] + half_diagram,OK,EA,is_a,segment
25,12,noisy_half_text[numeric] + half_diagram,OK,AC,is_a,segment
25,12,noisy_half_text[numeric] + half_diagram,OK,BC,is_a,segment
25,12,noisy_half_text[numeric] + half_diagram,OK,∠EAC,is_a,angle
25,12,noisy_half_text[numeric] + half_diagram,OK,∠B,is_a,angle
25,12,noisy_half_text[numeric] + half_diagram,OK,∠C,is_a,angle
25,12,noisy_half_text[numeric] + half_diagram,OK,EF,lies_on,line
25,12,noisy_half_text[numeric] + half_diagram,OK,BC,lies_on,line
25,12,noisy_half_text[numeric] + half_diagram,OK,EF,parallel_to,BC
25,12,noisy_half_text[numeric] + half_diagram,OK,AC,connects,A
25,12,noisy_half_text[numeric] + half_diagram,OK,AC,connects,C
25,12,noisy_half_text[numeric] + half_diagram,OK,∠EAC,has_measure,50_deg
,,,,,,
26,12,noisy_half_text[numeric] + half_diagram,OK,A,is_a,point
26,12,noisy_half_text[numeric] + half_diagram,OK,B,is_a,point
26,12,noisy_half_text[numeric] + half_diagram,OK,O,is_a,point
26,12,noisy_half_text[numeric] + half_diagram,OK,AB,is_a,segment
26,12,noisy_half_text[numeric] + half_diagram,OK,AO,is_a,segment
26,12,noisy_half_text[numeric] + half_diagram,OK,BO,is_a,segment
26,12,noisy_half_text[numeric] + half_diagram,OK,∠AOB,is_a,angle
26,12,noisy_half_text[numeric] + half_diagram,OK,AO,has_measure,22_units
26,12,noisy_half_text[numeric] + half_diagram,OK,BO,has_measure,3.2_units
,,,,,,
29,12,noisy_half_text[numeric] + half_diagram,OK,B,is_a,point
29,12,noisy_half_text[numeric] + half_diagram,OK,C,is_a,point
29,12,noisy_half_text[numeric] + half_diagram,OK,Angle A,has_measure,50_deg
29,12,noisy_half_text[numeric] + half_diagram,OK,AB,is_a,segment
29,12,noisy_half_text[numeric] + half_diagram,OK,BC,is_a,segment
29,12,noisy_half_text[numeric] + half_diagram,OK,AC,is_a,segment
29,12,noisy_half_text[numeric] + half_diagram,OK,BD,is_a,segment
29,12,noisy_half_text[numeric] + half_diagram,OK,CD,is_a,segment
29,12,noisy_half_text[numeric] + half_diagram,OK,D,is_a,point
29,12,noisy_half_text[numeric] + half_diagram,OK,BD,intersects,CD
29,12,noisy_half_text[numeric] + half_diagram,OK,BD,connects,"B, D"
29,12,noisy_half_text[numeric] + half_diagram,OK,CD,connects,"C, D"
,,,,,,
30,12,noisy_half_text[numeric] + half_diagram,OK,A,is_a,point
30,12,noisy_half_text[numeric] + half_diagram,OK,O,is_a,point
30,12,noisy_half_text[numeric] + half_diagram,OK,B,is_a,point
30,12,noisy_half_text[numeric] + half_diagram,OK,C,is_a,point
30,12,noisy_half_text[numeric] + half_diagram,OK,O,center_of,?
30,12,noisy_half_text[numeric] + half_diagram,OK,OA,is_a,segment
30,12,noisy_half_text[numeric] + half_diagram,OK,OB,is_a,segment
30,12,noisy_half_text[numeric] + half_diagram,OK,OC,is_a,segment
30,12,noisy_half_text[numeric] + half_diagram,OK,OA,has_measure,?
30,12,noisy_half_text[numeric] + half_diagram,OK,OB,has_measure,?
30,12,noisy_half_text[numeric] + half_diagram,OK,OC,has_measure,?
30,12,noisy_half_text[numeric] + half_diagram,OK,OA,is_a,"radius_of, ?"
30,12,noisy_half_text[numeric] + half_diagram,OK,OB,is_a,"radius_of, ?"
30,12,noisy_half_text[numeric] + half_diagram,OK,OC,is_a,"radius_of, ?"
30,12,noisy_half_text[numeric] + half_diagram,OK,∠ACB,has_measure,30_deg
,,,,,,
32,12,noisy_half_text[numeric] + half_diagram,OK,I,is_a,point
32,12,noisy_half_text[numeric] + half_diagram,OK,∠EFI,is_a,angle
32,12,noisy_half_text[numeric] + half_diagram,OK,∠EFI,has_measure,52_deg
32,12,noisy_half_text[numeric] + half_diagram,OK,D,E,F
32,12,noisy_half_text[numeric] + half_diagram,OK,∠EFI,lies_on,triangle ABC
32,12,noisy_half_text[numeric] + half_diagram,OK,D,is_a,point
32,12,noisy_half_text[numeric] + half_diagram,OK,E,is_a,point
32,12,noisy_half_text[numeric] + half_diagram,OK,F,is_a,point
32,12,noisy_half_text[numeric] + half_diagram,OK,EF,is_a,segment
32,12,noisy_half_text[numeric] + half_diagram,OK,E,lies_on,triangle ABC
32,12,noisy_half_text[numeric] + half_diagram,OK,F,lies_on,triangle ABC
32,12,noisy_half_text[numeric] + half_diagram,OK,ID,is_a,"radius_of, circle I"
32,12,noisy_half_text[numeric] + half_diagram,OK,IE,is_a,"radius_of, circle I"
32,12,noisy_half_text[numeric] + half_diagram,OK,A,is_a,point
32,12,noisy_half_text[numeric] + half_diagram,OK,I,center_of,circle
32,12,noisy_half_text[numeric] + half_diagram,OK,D,lies_on,circle
32,12,noisy_half_text[numeric] + half_diagram,OK,E,lies_on,circle
32,12,noisy_half_text[numeric] + half_diagram,OK,F,lies_on,circle
,,,,,,
34,12,noisy_half_text[numeric] + half_diagram,OK,A,is_a,point
34,12,noisy_half_text[numeric] + half_diagram,OK,B,is_a,point
34,12,noisy_half_text[numeric] + half_diagram,OK,C,is_a,point
34,12,noisy_half_text[numeric] + half_diagram,OK,D,is_a,point
34,12,noisy_half_text[numeric] + half_diagram,OK,E,is_a,point
34,12,noisy_half_text[numeric] + half_diagram,OK,F,is_a,point
34,12,noisy_half_text[numeric] + half_diagram,OK,AB,is_a,line
34,12,noisy_half_text[numeric] + half_diagram,OK,CD,is_a,line
34,12,noisy_half_text[numeric] + half_diagram,OK,EF,is_a,line
34,12,noisy_half_text[numeric] + half_diagram,OK,AB,parallel_to,CD
34,12,noisy_half_text[numeric] + half_diagram,OK,P,is_a,point
34,12,noisy_half_text[numeric] + half_diagram,OK,E,lies_on,EF
34,12,noisy_half_text[numeric] + half_diagram,OK,F,lies_on,EF
34,12,noisy_half_text[numeric] + half_diagram,OK,∠EPD,has_measure,100_deg
,,,,,,
36,12,noisy_half_text[numeric] + half_diagram,OK,O,is_a,center_of_circle
36,12,noisy_half_text[numeric] + half_diagram,OK,AB,is_a,diameter
36,12,noisy_half_text[numeric] + half_diagram,OK,A,is_a,point
36,12,noisy_half_text[numeric] + half_diagram,OK,B,is_a,point
36,12,noisy_half_text[numeric] + half_diagram,OK,C,is_a,point
36,12,noisy_half_text[numeric] + half_diagram,OK,D,is_a,point
36,12,noisy_half_text[numeric] + half_diagram,OK,CD,is_a,line
36,12,noisy_half_text[numeric] + half_diagram,OK,CD,tangent_to,circle
36,12,noisy_half_text[numeric] + half_diagram,OK,AB,lies_on,circle
36,12,noisy_half_text[numeric] + half_diagram,OK,C,lies_on,circle
36,12,noisy_half_text[numeric] + half_diagram,OK,CD,intersects,circle
36,12,noisy_half_text[numeric] + half_diagram,OK,CD,connects,"C, D"
36,12,noisy_half_text[numeric] + half_diagram,OK,AB,has_measure,?
36,12,noisy_half_text[numeric] + half_diagram,OK,angle A,has_measure,?
36,12,noisy_half_text[numeric] + half_diagram,OK,angle CAB,has_measure,?
36,12,noisy_half_text[numeric] + half_diagram,OK,AB,connects,"A, B"
36,12,noisy_half_text[numeric] + half_diagram,OK,AC,is_a,segment
36,12,noisy_half_text[numeric] + half_diagram,OK,BC,is_a,segment
36,12,noisy_half_text[numeric] + half_diagram,OK,∠CAB,is_a,angle
36,12,noisy_half_text[numeric] + half_diagram,OK,∠CAB,has_measure,?
,,,,,,
37,12,noisy_half_text[numeric] + half_diagram,OK,A,is_a,point
37,12,noisy_half_text[numeric] + half_diagram,OK,B,is_a,point
37,12,noisy_half_text[numeric] + half_diagram,OK,C,is_a,point
37,12,noisy_half_text[numeric] + half_diagram,OK,D,is_a,point
37,12,noisy_half_text[numeric] + half_diagram,OK,O,is_a,point
37,12,noisy_half_text[numeric] + half_diagram,OK,P,is_a,point
37,12,noisy_half_text[numeric] + half_diagram,OK,AB,is_a,segment
37,12,noisy_half_text[numeric] + half_diagram,OK,CD,is_a,segment
37,12,noisy_half_text[numeric] + half_diagram,OK,CP,is_a,segment
37,12,noisy_half_text[numeric] + half_diagram,OK,AB,parallel_to,CD
37,12,noisy_half_text[numeric] + half_diagram,OK,CP,intersects,AB
37,12,noisy_half_text[numeric] + half_diagram,OK,AO,has_measure,?
37,12,noisy_half_text[numeric] + half_diagram,OK,PO,has_measure,?
37,12,noisy_half_text[numeric] + half_diagram,OK,AO,is_a,segment
37,12,noisy_half_text[numeric] + half_diagram,OK,PO,is_a,segment
37,12,noisy_half_text[numeric] + half_diagram,OK,O,lies_on,AB
37,12,noisy_half_text[numeric] + half_diagram,OK,O,lies_on,CP
37,12,noisy_half_text[numeric] + half_diagram,OK,∠COD,has_measure,50_deg
37,12,noisy_half_text[numeric] + half_diagram,OK,subject,relation,object
37,12,noisy_half_text[numeric] + half_diagram,OK,PO,equals,AO
37,12,noisy_half_text[numeric] + half_diagram,OK,∠COD,is_a,angle
,,,,,,
38,12,noisy_half_text[numeric] + half_diagram,OK,A,is_a,point
38,12,noisy_half_text[numeric] + half_diagram,OK,B,is_a,point
38,12,noisy_half_text[numeric] + half_diagram,OK,C,is_a,point
38,12,noisy_half_text[numeric] + half_diagram,OK,D,is_a,point
38,12,noisy_half_text[numeric] + half_diagram,OK,A,lies_on,AD
38,12,noisy_half_text[numeric] + half_diagram,OK,B,lies_on,BC
38,12,noisy_half_text[numeric] + half_diagram,OK,C,lies_on,BC
38,12,noisy_half_text[numeric] + half_diagram,OK,AD,is_a,line
38,12,noisy_half_text[numeric] + half_diagram,OK,BC,is_a,line
38,12,noisy_half_text[numeric] + half_diagram,OK,AD,parallel_to,BC
38,12,noisy_half_text[numeric] + half_diagram,OK,AB,is_a,segment
38,12,noisy_half_text[numeric] + half_diagram,OK,AC,is_a,segment
38,12,noisy_half_text[numeric] + half_diagram,OK,AB,has_measure,?
38,12,noisy_half_text[numeric] + half_diagram,OK,AC,has_measure,?
38,12,noisy_half_text[numeric] + half_diagram,OK,AD,has_measure,?
38,12,noisy_half_text[numeric] + half_diagram,OK,BC,has_measure,?
38,12,noisy_half_text[numeric] + half_diagram,OK,∠BAC,is_a,angle
38,12,noisy_half_text[numeric] + half_diagram,OK,∠BAC,has_measure,?
38,12,noisy_half_text[numeric] + half_diagram,OK,70_deg,has_measure,angle
38,12,noisy_half_text[numeric] + half_diagram,OK,AD,connects,A
38,12,noisy_half_text[numeric] + half_diagram,OK,A,connects,D
38,12,noisy_half_text[numeric] + half_diagram,OK,B,connects,C
,,,,,,
40,12,noisy_half_text[numeric] + half_diagram,OK,a,is_a,line
40,12,noisy_half_text[numeric] + half_diagram,OK,b,is_a,line
40,12,noisy_half_text[numeric] + half_diagram,OK,c,is_a,line
40,12,noisy_half_text[numeric] + half_diagram,OK,∠1,is_a,angle
40,12,noisy_half_text[numeric] + half_diagram,OK,∠2,is_a,angle
40,12,noisy_half_text[numeric] + half_diagram,OK,a,parallel_to,b
40,12,noisy_half_text[numeric] + half_diagram,OK,c,intersects,a
40,12,noisy_half_text[numeric] + half_diagram,OK,c,intersects,b
40,12,noisy_half_text[numeric] + half_diagram,OK,∠1,has_measure,50_deg
40,12,noisy_half_text[numeric] + half_diagram,OK,∠2,has_measure,?
,,,,,,
43,12,noisy_half_text[numeric] + half_diagram,OK,A,is_a,point
43,12,noisy_half_text[numeric] + half_diagram,OK,B,is_a,point
43,12,noisy_half_text[numeric] + half_diagram,OK,C,is_a,point
43,12,noisy_half_text[numeric] + half_diagram,OK,D,is_a,point
43,12,noisy_half_text[numeric] + half_diagram,OK,O,is_a,point
43,12,noisy_half_text[numeric] + half_diagram,OK,AB,is_a,segment
43,12,noisy_half_text[numeric] + half_diagram,OK,∠AOD,is_a,angle
43,12,noisy_half_text[numeric] + half_diagram,OK,∠AOD,has_measure,30_deg
43,12,noisy_half_text[numeric] + half_diagram,OK,D,lies_on,AB
43,12,noisy_half_text[numeric] + half_diagram,OK,Triangle OAB,rotated_about,O
43,12,noisy_half_text[numeric] + half_diagram,OK,Triangle OAB,mapped_to,Triangle ODC
43,12,noisy_half_text[numeric] + half_diagram,OK,Rotation,has_measure,30_deg
43,12,noisy_half_text[numeric] + half_diagram,OK,Rotation,is_a,clockwise
43,12,noisy_half_text[numeric] + half_diagram,OK,100°,is_a,angle measure
43,12,noisy_half_text[numeric] + half_diagram,OK,∠DOB,is_a,angle
,,,,,,
44,12,noisy_half_text[numeric] + half_diagram,OK,A,is_a,point
44,12,noisy_half_text[numeric] + half_diagram,OK,B,is_a,point
44,12,noisy_half_text[numeric] + half_diagram,OK,AB,is_a,segment
44,12,noisy_half_text[numeric] + half_diagram,OK,AB,has_measure,30_units
44,12,noisy_half_text[numeric] + half_diagram,OK,Xiaogang,is_a,person
44,12,noisy_half_text[numeric] + half_diagram,OK,Xiaogang,has_measure,1.5_units
,,,,,,
45,12,noisy_half_text[numeric] + half_diagram,OK,A,is_a,point
45,12,noisy_half_text[numeric] + half_diagram,OK,O,is_a,point
45,12,noisy_half_text[numeric] + half_diagram,OK,B,is_a,point
45,12,noisy_half_text[numeric] + half_diagram,OK,C,is_a,point
45,12,noisy_half_text[numeric] + half_diagram,OK,AB,is_a,segment
45,12,noisy_half_text[numeric] + half_diagram,OK,BC,is_a,segment
45,12,noisy_half_text[numeric] + half_diagram,OK,AC,is_a,segment
45,12,noisy_half_text[numeric] + half_diagram,OK,∠ABC,is_a,angle
45,12,noisy_half_text[numeric] + half_diagram,OK,∠ACB,is_a,angle
45,12,noisy_half_text[numeric] + half_diagram,OK,∠BAC,is_a,angle
45,12,noisy_half_text[numeric] + half_diagram,OK,∠AOB,is_a,angle
45,12,noisy_half_text[numeric] + half_diagram,OK,O,center_of,circle
45,12,noisy_half_text[numeric] + half_diagram,OK,A,lies_on,circle
45,12,noisy_half_text[numeric] + half_diagram,OK,B,lies_on,circle
45,12,noisy_half_text[numeric] + half_diagram,OK,C,lies_on,circle
45,12,noisy_half_text[numeric] + half_diagram,OK,∠ACB,has_measure,35_deg
,,,,,,
46,12,noisy_half_text[numeric] + half_diagram,OK,A,is_a,point
46,12,noisy_half_text[numeric] + half_diagram,OK,B,is_a,point
46,12,noisy_half_text[numeric] + half_diagram,OK,C,is_a,point
46,12,noisy_half_text[numeric] + half_diagram,OK,D,is_a,point
46,12,noisy_half_text[numeric] + half_diagram,OK,O,is_a,point
46,12,noisy_half_text[numeric] + half_diagram,OK,E,is_a,point
46,12,noisy_half_text[numeric] + half_diagram,OK,AB,is_a,line
46,12,noisy_half_text[numeric] + half_diagram,OK,CD,is_a,line
46,12,noisy_half_text[numeric] + half_diagram,OK,AE,is_a,line
46,12,noisy_half_text[numeric] + half_diagram,OK,AB,parallel_to,CD
46,12,noisy_half_text[numeric] + half_diagram,OK,AE,intersects,AB
46,12,noisy_half_text[numeric] + half_diagram,OK,AE,intersects,CD
46,12,noisy_half_text[numeric] + half_diagram,OK,∠EAB,has_measure,70_deg
46,12,noisy_half_text[numeric] + half_diagram,OK,O,lies_on,CD
46,12,noisy_half_text[numeric] + half_diagram,OK,O,lies_on,AE
46,12,noisy_half_text[numeric] + half_diagram,OK,A,lies_on,AB
46,12,noisy_half_text[numeric] + half_diagram,OK,∠EOC,is_a,angle
,,,,,,
48,12,noisy_half_text[numeric] + half_diagram,OK,O,is_a,circle
48,12,noisy_half_text[numeric] + half_diagram,OK,B,is_a,point
48,12,noisy_half_text[numeric] + half_diagram,OK,C,is_a,point
48,12,noisy_half_text[numeric] + half_diagram,OK,A,is_a,point
48,12,noisy_half_text[numeric] + half_diagram,OK,O,center_of,circle
48,12,noisy_half_text[numeric] + half_diagram,OK,B,lies_on,circle
48,12,noisy_half_text[numeric] + half_diagram,OK,C,lies_on,circle
48,12,noisy_half_text[numeric] + half_diagram,OK,A,lies_on,circle
48,12,noisy_half_text[numeric] + half_diagram,OK,∠BOC,is_a,angle
48,12,noisy_half_text[numeric] + half_diagram,OK,∠BOC,has_measure,100_deg
48,12,noisy_half_text[numeric] + half_diagram,OK,B,connects,O
48,12,noisy_half_text[numeric] + half_diagram,OK,C,connects,O
48,12,noisy_half_text[numeric] + half_diagram,OK,A,connects,B
48,12,noisy_half_text[numeric] + half_diagram,OK,A,connects,C
,,,,,,
49,12,noisy_half_text[numeric] + half_diagram,OK,O,is_a,point
49,12,noisy_half_text[numeric] + half_diagram,OK,A,is_a,point
49,12,noisy_half_text[numeric] + half_diagram,OK,B,is_a,point
49,12,noisy_half_text[numeric] + half_diagram,OK,C,is_a,point
49,12,noisy_half_text[numeric] + half_diagram,OK,D,is_a,point
49,12,noisy_half_text[numeric] + half_diagram,OK,E,is_a,point
49,12,noisy_half_text[numeric] + half_diagram,OK,O,center_of,circle
49,12,noisy_half_text[numeric] + half_diagram,OK,∠AED,has_measure,115_deg
49,12,noisy_half_text[numeric] + half_diagram,OK,A,lies_on,circle
49,12,noisy_half_text[numeric] + half_diagram,OK,B,lies_on,circle
49,12,noisy_half_text[numeric] + half_diagram,OK,C,lies_on,circle
49,12,noisy_half_text[numeric] + half_diagram,OK,D,lies_on,circle
49,12,noisy_half_text[numeric] + half_diagram,OK,E,lies_on,circle
49,12,noisy_half_text[numeric] + half_diagram,OK,ABCDE,is_a,pentagon
49,12,noisy_half_text[numeric] + half_diagram,OK,ABCDE,inscribed_in,circle
49,12,noisy_half_text[numeric] + half_diagram,OK,∠AOB,has_measure,30_deg * 2
49,12,noisy_half_text[numeric] + half_diagram,OK,∠AOC or another angle,has_measure,?
49,12,noisy_half_text[numeric] + half_diagram,OK,∠AOC or specific angle,has_measure,30_deg
49,12,noisy_half_text[numeric] + half_diagram,OK,∠AOB or another,has_measure,30_deg
,,,,,,
50,12,noisy_half_text[numeric] + half_diagram,OK,A,is_a,point
50,12,noisy_half_text[numeric] + half_diagram,OK,B,is_a,point
50,12,noisy_half_text[numeric] + half_diagram,OK,C,is_a,point
50,12,noisy_half_text[numeric] + half_diagram,OK,D,is_a,point
50,12,noisy_half_text[numeric] + half_diagram,OK,E,is_a,point
50,12,noisy_half_text[numeric] + half_diagram,OK,O,is_a,point
50,12,noisy_half_text[numeric] + half_diagram,OK,AB,is_a,segment
50,12,noisy_half_text[numeric] + half_diagram,OK,CD,is_a,segment
50,12,noisy_half_text[numeric] + half_diagram,OK,EO,is_a,segment
50,12,noisy_half_text[numeric] + half_diagram,OK,∠COE,is_a,angle
50,12,noisy_half_text[numeric] + half_diagram,OK,AB,intersects,CD
50,12,noisy_half_text[numeric] + half_diagram,OK,EO,perpendicular_to,AB
50,12,noisy_half_text[numeric] + half_diagram,OK,EO,connects,"E, O"
50,12,noisy_half_text[numeric] + half_diagram,OK,AB,connects,"A, B"
50,12,noisy_half_text[numeric] + half_diagram,OK,CD,connects,"C, D"
50,12,noisy_half_text[numeric] + half_diagram,OK,∠BOE,has_measure,90_deg
50,12,noisy_half_text[numeric] + half_diagram,OK,∠BOD,has_measure,50_deg
,,,,,,
53,12,noisy_half_text[numeric] + half_diagram,OK,a,is_a,line
53,12,noisy_half_text[numeric] + half_diagram,OK,b,is_a,line
53,12,noisy_half_text[numeric] + half_diagram,OK,P,is_a,point
53,12,noisy_half_text[numeric] + half_diagram,OK,Q,is_a,point
53,12,noisy_half_text[numeric] + half_diagram,OK,a,parallel_to,b
53,12,noisy_half_text[numeric] + half_diagram,OK,\angle APC,has_measure,155°
53,12,noisy_half_text[numeric] + half_diagram,OK,c,is_a,line
53,12,noisy_half_text[numeric] + half_diagram,OK,P,lies_on,c
53,12,noisy_half_text[numeric] + half_diagram,OK,Q,lies_on,b
53,12,noisy_half_text[numeric] + half_diagram,OK,\angle APC,has_measure,155°_deg
53,12,noisy_half_text[numeric] + half_diagram,OK,a,is_a,"line, is_a, line"
53,12,noisy_half_text[numeric] + half_diagram,OK,-,intersects,b)$ at $Q$
53,12,noisy_half_text[numeric] + half_diagram,OK,-,intersects,a)$
53,12,noisy_half_text[numeric] + half_diagram,OK,P,lies_on,a)$
,,,,,,
55,12,noisy_half_text[numeric] + half_diagram,OK,A,is_a,point
55,12,noisy_half_text[numeric] + half_diagram,OK,B,is_a,point
55,12,noisy_half_text[numeric] + half_diagram,OK,C,is_a,point
55,12,noisy_half_text[numeric] + half_diagram,OK,D,is_a,point
55,12,noisy_half_text[numeric] + half_diagram,OK,M,is_a,point
55,12,noisy_half_text[numeric] + half_diagram,OK,O,is_a,point
55,12,noisy_half_text[numeric] + half_diagram,OK,AB,is_a,line
55,12,noisy_half_text[numeric] + half_diagram,OK,CD,is_a,line
55,12,noisy_half_text[numeric] + half_diagram,OK,OM,is_a,line
55,12,noisy_half_text[numeric] + half_diagram,OK,ON,is_a,line
55,12,noisy_half_text[numeric] + half_diagram,OK,AO,is_a,line
55,12,noisy_half_text[numeric] + half_diagram,OK,OC,is_a,line
55,12,noisy_half_text[numeric] + half_diagram,OK,∠AOC,is_a,angle
55,12,noisy_half_text[numeric] + half_diagram,OK,∠CON,is_a,angle
55,12,noisy_half_text[numeric] + half_diagram,OK,OM,lies_on,line
55,12,noisy_half_text[numeric] + half_diagram,OK,ON,lies_on,line
55,12,noisy_half_text[numeric] + half_diagram,OK,CD,lies_on,line
55,12,noisy_half_text[numeric] + half_diagram,OK,AB,lies_on,line
55,12,noisy_half_text[numeric] + half_diagram,OK,OM,intersects,CD
55,12,noisy_half_text[numeric] + half_diagram,OK,OM,intersects,AB
55,12,noisy_half_text[numeric] + half_diagram,OK,ON,intersects,OM
55,12,noisy_half_text[numeric] + half_diagram,OK,ON,intersects,CD
55,12,noisy_half_text[numeric] + half_diagram,OK,O,lies_on,AB
55,12,noisy_half_text[numeric] + half_diagram,OK,O,lies_on,CD
55,12,noisy_half_text[numeric] + half_diagram,OK,∠AOC,has_measure,?
55,12,noisy_half_text[numeric] + half_diagram,OK,∠AOM,has_measure,70_deg
55,12,noisy_half_text[numeric] + half_diagram,OK,OM,is_a,"bisector_of, ∠AOC"
55,12,noisy_half_text[numeric] + half_diagram,OK,ON,perpendicular_to,OM
,,,,,,
56,12,noisy_half_text[numeric] + half_diagram,OK,O,is_a,point
56,12,noisy_half_text[numeric] + half_diagram,OK,C,is_a,point
56,12,noisy_half_text[numeric] + half_diagram,OK,D,is_a,point
56,12,noisy_half_text[numeric] + half_diagram,OK,E,is_a,point
56,12,noisy_half_text[numeric] + half_diagram,OK,F,is_a,point
56,12,noisy_half_text[numeric] + half_diagram,OK,G,is_a,point
56,12,noisy_half_text[numeric] + half_diagram,OK,CD,is_a,segment
56,12,noisy_half_text[numeric] + half_diagram,OK,EF,is_a,segment
56,12,noisy_half_text[numeric] + half_diagram,OK,∠EOD,is_a,angle
56,12,noisy_half_text[numeric] + half_diagram,OK,CD,diameter_of,circle O
56,12,noisy_half_text[numeric] + half_diagram,OK,EF,intersects,CD
56,12,noisy_half_text[numeric] + half_diagram,OK,G,lies_on,EF
56,12,noisy_half_text[numeric] + half_diagram,OK,G,lies_on,CD
56,12,noisy_half_text[numeric] + half_diagram,OK,CD,has_measure,?
56,12,noisy_half_text[numeric] + half_diagram,OK,EF,has_measure,?
56,12,noisy_half_text[numeric] + half_diagram,OK,∠COE,has_measure,20_deg
56,12,noisy_half_text[numeric] + half_diagram,OK,CD,is_horizontal,true
56,12,noisy_half_text[numeric] + half_diagram,OK,G,is_midpoint_of,EF
56,12,noisy_half_text[numeric] + half_diagram,OK,O,center_of,circle
56,12,noisy_half_text[numeric] + half_diagram,OK,CD,diameter_of,?
56,12,noisy_half_text[numeric] + half_diagram,OK,O,center_of,?
56,12,noisy_half_text[numeric] + half_diagram,OK,CD,connects,C
56,12,noisy_half_text[numeric] + half_diagram,OK,CD,connects,D
56,12,noisy_half_text[numeric] + half_diagram,OK,EF,connects,E
,,,,,,
57,12,noisy_half_text[numeric] + half_diagram,OK,A,is_a,point
57,12,noisy_half_text[numeric] + half_diagram,OK,B,is_a,point
57,12,noisy_half_text[numeric] + half_diagram,OK,C,is_a,point
57,12,noisy_half_text[numeric] + half_diagram,OK,D,is_a,point
57,12,noisy_half_text[numeric] + half_diagram,OK,AB,is_a,segment
57,12,noisy_half_text[numeric] + half_diagram,OK,CD,is_a,segment
57,12,noisy_half_text[numeric] + half_diagram,OK,AD,is_a,segment
57,12,noisy_half_text[numeric] + half_diagram,OK,BC,is_a,segment
57,12,noisy_half_text[numeric] + half_diagram,OK,AB,parallel_to,CD
57,12,noisy_half_text[numeric] + half_diagram,OK,AD,intersects,BC
57,12,noisy_half_text[numeric] + half_diagram,OK,angle B,has_measure,20_deg
57,12,noisy_half_text[numeric] + half_diagram,OK,∠B,is_a,angle
57,12,noisy_half_text[numeric] + half_diagram,OK,∠C,is_a,angle
57,12,noisy_half_text[numeric] + half_diagram,OK,∠B,has_measure,20_deg
,,,,,,
58,12,noisy_half_text[numeric] + half_diagram,OK,AB,is_a,line
58,12,noisy_half_text[numeric] + half_diagram,OK,CD,is_a,line
58,12,noisy_half_text[numeric] + half_diagram,OK,E,is_a,point
58,12,noisy_half_text[numeric] + half_diagram,OK,A,is_a,point
58,12,noisy_half_text[numeric] + half_diagram,OK,B,is_a,point
58,12,noisy_half_text[numeric] + half_diagram,OK,C,is_a,point
58,12,noisy_half_text[numeric] + half_diagram,OK,D,is_a,point
58,12,noisy_half_text[numeric] + half_diagram,OK,AB,parallel_to,CD
58,12,noisy_half_text[numeric] + half_diagram,OK,E,lies_on,AB
58,12,noisy_half_text[numeric] + half_diagram,OK,EC,is_a,segment
58,12,noisy_half_text[numeric] + half_diagram,OK,ED,is_a,segment
58,12,noisy_half_text[numeric] + half_diagram,OK,∠AEC,has_measure,90_deg
58,12,noisy_half_text[numeric] + half_diagram,OK,EC,intersects,CD
58,12,noisy_half_text[numeric] + half_diagram,OK,ED,intersects,CD
58,12,noisy_half_text[numeric] + half_diagram,OK,∠CED,has_measure,?
,,,,,,
59,12,noisy_half_text[numeric] + half_diagram,OK,A,is_a,point
59,12,noisy_half_text[numeric] + half_diagram,OK,B,is_a,point
59,12,noisy_half_text[numeric] + half_diagram,OK,C,is_a,point
59,12,noisy_half_text[numeric] + half_diagram,OK,D,is_a,point
59,12,noisy_half_text[numeric] + half_diagram,OK,A,lies_on,line_AB
59,12,noisy_half_text[numeric] + half_diagram,OK,B,lies_on,line_AB
59,12,noisy_half_text[numeric] + half_diagram,OK,C,lies_on,line_CD
59,12,noisy_half_text[numeric] + half_diagram,OK,D,lies_on,line_CD
59,12,noisy_half_text[numeric] + half_diagram,OK,line_AB,parallel_to,line_CD
59,12,noisy_half_text[numeric] + half_diagram,OK,AD,is_a,line
59,12,noisy_half_text[numeric] + half_diagram,OK,∠BAC,has_measure,?
59,12,noisy_half_text[numeric] + half_diagram,OK,∠ACD,has_measure,80_deg
59,12,noisy_half_text[numeric] + half_diagram,OK,AD,bisects,∠BAC
,,,,,,
60,12,noisy_half_text[numeric] + half_diagram,OK,A,is_a,point
60,12,noisy_half_text[numeric] + half_diagram,OK,AB,is_a,line
60,12,noisy_half_text[numeric] + half_diagram,OK,C,is_a,point
60,12,noisy_half_text[numeric] + half_diagram,OK,CD,is_a,line
60,12,noisy_half_text[numeric] + half_diagram,OK,F,is_a,point
60,12,noisy_half_text[numeric] + half_diagram,OK,P,is_a,point
60,12,noisy_half_text[numeric] + half_diagram,OK,1,is_a,angle
60,12,noisy_half_text[numeric] + half_diagram,OK,2,is_a,angle
60,12,noisy_half_text[numeric] + half_diagram,OK,AB,parallel_to,CD
60,12,noisy_half_text[numeric] + half_diagram,OK,EF,intersects,AB
60,12,noisy_half_text[numeric] + half_diagram,OK,EF,intersects,CD
60,12,noisy_half_text[numeric] + half_diagram,OK,∠2,has_measure,135_deg
60,12,noisy_half_text[numeric] + half_diagram,OK,1,lies_on,EF
60,12,noisy_half_text[numeric] + half_diagram,OK,2,lies_on,EF
60,12,noisy_half_text[numeric] + half_diagram,OK,P,lies_on,AB
60,12,noisy_half_text[numeric] + half_diagram,OK,P,lies_on,EF
,,,,,,
64,12,noisy_half_text[numeric] + half_diagram,OK,A,is_a,point
64,12,noisy_half_text[numeric] + half_diagram,OK,B,is_a,point
64,12,noisy_half_text[numeric] + half_diagram,OK,O,is_a,point
64,12,noisy_half_text[numeric] + half_diagram,OK,AB,is_a,segment
64,12,noisy_half_text[numeric] + half_diagram,OK,AO,is_a,segment
64,12,noisy_half_text[numeric] + half_diagram,OK,BO,is_a,segment
64,12,noisy_half_text[numeric] + half_diagram,OK,O,center_of,circle
64,12,noisy_half_text[numeric] + half_diagram,OK,200,has_measure,diameter_of circle
64,12,noisy_half_text[numeric] + half_diagram,OK,AB,has_measure,160.0
64,12,noisy_half_text[numeric] + half_diagram,OK,circle,is_a,circle
,,,,,,
72,12,noisy_half_text[numeric] + half_diagram,OK,A,is_a,point
72,12,noisy_half_text[numeric] + half_diagram,OK,B,is_a,point
72,12,noisy_half_text[numeric] + half_diagram,OK,C,is_a,point
72,12,noisy_half_text[numeric] + half_diagram,OK,D,is_a,point
72,12,noisy_half_text[numeric] + half_diagram,OK,O,is_a,point
72,12,noisy_half_text[numeric] + half_diagram,OK,E,is_a,point
72,12,noisy_half_text[numeric] + half_diagram,OK,AB,is_a,segment
72,12,noisy_half_text[numeric] + half_diagram,OK,BC,is_a,segment
72,12,noisy_half_text[numeric] + half_diagram,OK,CD,is_a,segment
72,12,noisy_half_text[numeric] + half_diagram,OK,DA,is_a,segment
72,12,noisy_half_text[numeric] + half_diagram,OK,AC,is_a,segment
72,12,noisy_half_text[numeric] + half_diagram,OK,BD,is_a,segment
72,12,noisy_half_text[numeric] + half_diagram,OK,OE,is_a,segment
72,12,noisy_half_text[numeric] + half_diagram,OK,ABCD,is_a,parallelogram
72,12,noisy_half_text[numeric] + half_diagram,OK,AC,intersects,BD
72,12,noisy_half_text[numeric] + half_diagram,OK,AC,intersects,O
72,12,noisy_half_text[numeric] + half_diagram,OK,BD,intersects,O
72,12,noisy_half_text[numeric] + half_diagram,OK,OE,perpendicular_to,AC
72,12,noisy_half_text[numeric] + half_diagram,OK,OE,intersects,AD
72,12,noisy_half_text[numeric] + half_diagram,OK,E,lies_on,AD
72,12,noisy_half_text[numeric] + half_diagram,OK,O,is_a,"intersection_of, AC and BD"
72,12,noisy_half_text[numeric] + half_diagram,OK,AB + BC + CD + DA,has_measure,16_units
,,,,,,
73,12,noisy_half_text[numeric] + half_diagram,OK,A,is_a,point
73,12,noisy_half_text[numeric] + half_diagram,OK,B,is_a,point
73,12,noisy_half_text[numeric] + half_diagram,OK,C,is_a,point
73,12,noisy_half_text[numeric] + half_diagram,OK,O,is_a,point
73,12,noisy_half_text[numeric] + half_diagram,OK,AB,is_a,segment
73,12,noisy_half_text[numeric] + half_diagram,OK,BC,is_a,segment
73,12,noisy_half_text[numeric] + half_diagram,OK,AC,is_a,segment
73,12,noisy_half_text[numeric] + half_diagram,OK,A,lies_on,circle
73,12,noisy_half_text[numeric] + half_diagram,OK,B,lies_on,circle
73,12,noisy_half_text[numeric] + half_diagram,OK,C,lies_on,circle
73,12,noisy_half_text[numeric] + half_diagram,OK,O,center_of,circle
73,12,noisy_half_text[numeric] + half_diagram,OK,∠ABC,has_measure,70_deg
73,12,noisy_half_text[numeric] + half_diagram,OK,O,connects,A
73,12,noisy_half_text[numeric] + half_diagram,OK,O,connects,B
73,12,noisy_half_text[numeric] + half_diagram,OK,O,connects,C
73,12,noisy_half_text[numeric] + half_diagram,OK,A,connects,B
73,12,noisy_half_text[numeric] + half_diagram,OK,B,connects,C
73,12,noisy_half_text[numeric] + half_diagram,OK,C,connects,A
73,12,noisy_half_text[numeric] + half_diagram,OK,A,lies_on,?
73,12,noisy_half_text[numeric] + half_diagram,OK,B,lies_on,?
73,12,noisy_half_text[numeric] + half_diagram,OK,C,lies_on,?
73,12,noisy_half_text[numeric] + half_diagram,OK,O,center_of,?
,,,,,,
78,12,noisy_half_text[numeric] + half_diagram,OK,A,is_a,point
78,12,noisy_half_text[numeric] + half_diagram,OK,B,is_a,point
78,12,noisy_half_text[numeric] + half_diagram,OK,C,is_a,point
78,12,noisy_half_text[numeric] + half_diagram,OK,D,is_a,point
78,12,noisy_half_text[numeric] + half_diagram,OK,E,is_a,point
78,12,noisy_half_text[numeric] + half_diagram,OK,AB,is_a,line
78,12,noisy_half_text[numeric] + half_diagram,OK,CD,is_a,line
78,12,noisy_half_text[numeric] + half_diagram,OK,AE,is_a,line
78,12,noisy_half_text[numeric] + half_diagram,OK,AB,parallel_to,CD
78,12,noisy_half_text[numeric] + half_diagram,OK,AE,intersects,CD
78,12,noisy_half_text[numeric] + half_diagram,OK,E,lies_on,CD
78,12,noisy_half_text[numeric] + half_diagram,OK,AE,lies_on,line
78,12,noisy_half_text[numeric] + half_diagram,OK,∠CAB,is_a,angle
78,12,noisy_half_text[numeric] + half_diagram,OK,AE,bisects,∠CAB
78,12,noisy_half_text[numeric] + half_diagram,OK,∠AED,has_measure,?
,,,,,,
79,12,noisy_half_text[numeric] + half_diagram,OK,A,is_a,point
79,12,noisy_half_text[numeric] + half_diagram,OK,B,is_a,point
79,12,noisy_half_text[numeric] + half_diagram,OK,C,is_a,point
79,12,noisy_half_text[numeric] + half_diagram,OK,D,is_a,point
79,12,noisy_half_text[numeric] + half_diagram,OK,O,is_a,point
79,12,noisy_half_text[numeric] + half_diagram,OK,E,is_a,point
79,12,noisy_half_text[numeric] + half_diagram,OK,AB,is_a,segment
79,12,noisy_half_text[numeric] + half_diagram,OK,AC,is_a,segment
79,12,noisy_half_text[numeric] + half_diagram,OK,BD,is_a,segment
79,12,noisy_half_text[numeric] + half_diagram,OK,OE,is_a,segment
79,12,noisy_half_text[numeric] + half_diagram,OK,ABCD,is_a,parallelogram
79,12,noisy_half_text[numeric] + half_diagram,OK,AB + BC + CD + DA,has_measure,32
79,12,noisy_half_text[numeric] + half_diagram,OK,AC,intersects,BD
79,12,noisy_half_text[numeric] + half_diagram,OK,O,is_a,"intersection of, AC and BD"
79,12,noisy_half_text[numeric] + half_diagram,OK,OE,perpendicular_to,AC
79,12,noisy_half_text[numeric] + half_diagram,OK,BC,is_a,segment
79,12,noisy_half_text[numeric] + half_diagram,OK,CD,is_a,segment
79,12,noisy_half_text[numeric] + half_diagram,OK,DA,is_a,segment
79,12,noisy_half_text[numeric] + half_diagram,OK,O,lies_on,AC
79,12,noisy_half_text[numeric] + half_diagram,OK,O,lies_on,BD
79,12,noisy_half_text[numeric] + half_diagram,OK,E,lies_on,AD
,,,,,,
81,12,noisy_half_text[numeric] + half_diagram,OK,A,is_a,point
81,12,noisy_half_text[numeric] + half_diagram,OK,B,is_a,point
81,12,noisy_half_text[numeric] + half_diagram,OK,C,is_a,point
81,12,noisy_half_text[numeric] + half_diagram,OK,D,is_a,point
81,12,noisy_half_text[numeric] + half_diagram,OK,E,is_a,point
81,12,noisy_half_text[numeric] + half_diagram,OK,ABC,is_a,triangle
81,12,noisy_half_text[numeric] + half_diagram,OK,AD,is_a,segment
81,12,noisy_half_text[numeric] + half_diagram,OK,AE,is_a,segment
81,12,noisy_half_text[numeric] + half_diagram,OK,AD,perpendicular_to,BC
81,12,noisy_half_text[numeric] + half_diagram,OK,AE,intersects,DC
81,12,noisy_half_text[numeric] + half_diagram,OK,∠BAC,has_measure,90_deg
81,12,noisy_half_text[numeric] + half_diagram,OK,∠ABD,has_measure,50_deg
81,12,noisy_half_text[numeric] + half_diagram,OK,AE,lies_on,DC
81,12,noisy_half_text[numeric] + half_diagram,OK,AD,connects,"A, D"
81,12,noisy_half_text[numeric] + half_diagram,OK,AE,connects,"A, E"
,,,,,,
84,12,noisy_half_text[numeric] + half_diagram,OK,A,is_a,point
84,12,noisy_half_text[numeric] + half_diagram,OK,B,is_a,point
84,12,noisy_half_text[numeric] + half_diagram,OK,C,is_a,point
84,12,noisy_half_text[numeric] + half_diagram,OK,O,is_a,point
84,12,noisy_half_text[numeric] + half_diagram,OK,AB,is_a,segment
84,12,noisy_half_text[numeric] + half_diagram,OK,AC,is_a,segment
84,12,noisy_half_text[numeric] + half_diagram,OK,BC,is_a,segment
84,12,noisy_half_text[numeric] + half_diagram,OK,OA,is_a,segment
84,12,noisy_half_text[numeric] + half_diagram,OK,OC,is_a,segment
84,12,noisy_half_text[numeric] + half_diagram,OK,∠BAC,is_a,angle
84,12,noisy_half_text[numeric] + half_diagram,OK,O,center_of,circle
84,12,noisy_half_text[numeric] + half_diagram,OK,A,lies_on,circle
84,12,noisy_half_text[numeric] + half_diagram,OK,B,lies_on,circle
84,12,noisy_half_text[numeric] + half_diagram,OK,C,lies_on,circle
84,12,noisy_half_text[numeric] + half_diagram,OK,OA,radius_of,circle
84,12,noisy_half_text[numeric] + half_diagram,OK,OC,radius_of,circle
84,12,noisy_half_text[numeric] + half_diagram,OK,OA,has_measure,1_units
84,12,noisy_half_text[numeric] + half_diagram,OK,OC,has_measure,1_units
84,12,noisy_half_text[numeric] + half_diagram,OK,∠BAC,has_measure,60_deg
84,12,noisy_half_text[numeric] + half_diagram,OK,BC,has_measure,?
,,,,,,
86,12,noisy_half_text[numeric] + half_diagram,OK,A,is_a,point
86,12,noisy_half_text[numeric] + half_diagram,OK,O,is_a,point
86,12,noisy_half_text[numeric] + half_diagram,OK,B,is_a,point
86,12,noisy_half_text[numeric] + half_diagram,OK,C,is_a,point
86,12,noisy_half_text[numeric] + half_diagram,OK,AO,is_a,segment
86,12,noisy_half_text[numeric] + half_diagram,OK,OB,is_a,segment
86,12,noisy_half_text[numeric] + half_diagram,OK,OC,is_a,segment
86,12,noisy_half_text[numeric] + half_diagram,OK,AB,is_a,segment
86,12,noisy_half_text[numeric] + half_diagram,OK,BC,is_a,segment
86,12,noisy_half_text[numeric] + half_diagram,OK,AC,is_a,segment
86,12,noisy_half_text[numeric] + half_diagram,OK,∠BAC,is_a,angle
86,12,noisy_half_text[numeric] + half_diagram,OK,O,center_of,circle
86,12,noisy_half_text[numeric] + half_diagram,OK,OB,radius_of,circle
86,12,noisy_half_text[numeric] + half_diagram,OK,OC,radius_of,circle
86,12,noisy_half_text[numeric] + half_diagram,OK,OB,has_measure,2_units
86,12,noisy_half_text[numeric] + half_diagram,OK,∠BAC,has_measure,60_deg
86,12,noisy_half_text[numeric] + half_diagram,OK,∠BOC,is_a,angle
86,12,noisy_half_text[numeric] + half_diagram,OK,O,lies_on,BC_perpendicular_bisector
86,12,noisy_half_text[numeric] + half_diagram,OK,BC,lies_on,circle
,,,,,,
88,12,noisy_half_text[numeric] + half_diagram,OK,A,is_a,point
88,12,noisy_half_text[numeric] + half_diagram,OK,B,is_a,point
88,12,noisy_half_text[numeric] + half_diagram,OK,C,is_a,point
88,12,noisy_half_text[numeric] + half_diagram,OK,O,is_a,point
88,12,noisy_half_text[numeric] + half_diagram,OK,AB,is_a,segment
88,12,noisy_half_text[numeric] + half_diagram,OK,BC,is_a,segment
88,12,noisy_half_text[numeric] + half_diagram,OK,AC,is_a,segment
88,12,noisy_half_text[numeric] + half_diagram,OK,AO,is_a,segment
88,12,noisy_half_text[numeric] + half_diagram,OK,BO,is_a,segment
88,12,noisy_half_text[numeric] + half_diagram,OK,CO,is_a,segment
88,12,noisy_half_text[numeric] + half_diagram,OK,∠ABO,is_a,angle
88,12,noisy_half_text[numeric] + half_diagram,OK,∠BOC,is_a,angle
88,12,noisy_half_text[numeric] + half_diagram,OK,∠ABO,has_measure,22_deg
88,12,noisy_half_text[numeric] + half_diagram,OK,∠ACO,has_measure,42_deg
,,,,,,
95,12,noisy_half_text[numeric] + half_diagram,OK,O,is_a,point
95,12,noisy_half_text[numeric] + half_diagram,OK,A,is_a,point
95,12,noisy_half_text[numeric] + half_diagram,OK,B,is_a,point
95,12,noisy_half_text[numeric] + half_diagram,OK,C,is_a,point
95,12,noisy_half_text[numeric] + half_diagram,OK,D,is_a,point
95,12,noisy_half_text[numeric] + half_diagram,OK,AB,is_a,segment
95,12,noisy_half_text[numeric] + half_diagram,OK,OC,is_a,segment
95,12,noisy_half_text[numeric] + half_diagram,OK,OA,is_a,segment
95,12,noisy_half_text[numeric] + half_diagram,OK,BC,is_a,chord
95,12,noisy_half_text[numeric] + half_diagram,OK,∠ADC,has_measure,90_deg
95,12,noisy_half_text[numeric] + half_diagram,OK,∠OAB,has_measure,60_deg
95,12,noisy_half_text[numeric] + half_diagram,OK,∠OAC,has_measure,60_deg
95,12,noisy_half_text[numeric] + half_diagram,OK,∠A,has_measure,60_deg
95,12,noisy_half_text[numeric] + half_diagram,OK,AD,is_a,segment
95,12,noisy_half_text[numeric] + half_diagram,OK,DC,is_a,segment
95,12,noisy_half_text[numeric] + half_diagram,OK,BD,is_a,segment
95,12,noisy_half_text[numeric] + half_diagram,OK,O,center_of,circle
95,12,noisy_half_text[numeric] + half_diagram,OK,∠ADC,is_a,right_angle
95,12,noisy_half_text[numeric] + half_diagram,OK,∠ADC,is_a,angle
95,12,noisy_half_text[numeric] + half_diagram,OK,∠AOC,is_a,angle
95,12,noisy_half_text[numeric] + half_diagram,OK,∠C,is_a,angle
,,,,,,
99,12,noisy_half_text[numeric] + half_diagram,OK,A,is_a,point
99,12,noisy_half_text[numeric] + half_diagram,OK,B,is_a,point
99,12,noisy_half_text[numeric] + half_diagram,OK,C,is_a,point
99,12,noisy_half_text[numeric] + half_diagram,OK,D,is_a,point
99,12,noisy_half_text[numeric] + half_diagram,OK,AB,is_a,segment
99,12,noisy_half_text[numeric] + half_diagram,OK,CD,is_a,segment
99,12,noisy_half_text[numeric] + half_diagram,OK,AB,diameter_of,circle
99,12,noisy_half_text[numeric] + half_diagram,OK,\angle ADC,has_measure,26^\circ
99,12,noisy_half_text[numeric] + half_diagram,OK,A,lies_on,circle
99,12,noisy_half_text[numeric] + half_diagram,OK,B,lies_on,circle
99,12,noisy_half_text[numeric] + half_diagram,OK,C,lies_on,circle
99,12,noisy_half_text[numeric] + half_diagram,OK,D,lies_on,circle
99,12,noisy_half_text[numeric] + half_diagram,OK,CAB,is_a,angle
99,12,noisy_half_text[numeric] + half_diagram,OK,AB,diameter_of,?
99,12,noisy_half_text[numeric] + half_diagram,OK,\angle ADC,has_measure,26\_deg
99,12,noisy_half_text[numeric] + half_diagram,OK,A,lies_on,?
99,12,noisy_half_text[numeric] + half_diagram,OK,B,lies_on,?
99,12,noisy_half_text[numeric] + half_diagram,OK,C,lies_on,?
99,12,noisy_half_text[numeric] + half_diagram,OK,D,lies_on,?
99,12,noisy_half_text[numeric] + half_diagram,OK,\angle CAB,is_a,angle
,,,,,,
108,12,noisy_half_text[numeric] + half_diagram,OK,C,is_a,point
108,12,noisy_half_text[numeric] + half_diagram,OK,D,is_a,point
108,12,noisy_half_text[numeric] + half_diagram,OK,O,is_a,point
108,12,noisy_half_text[numeric] + half_diagram,OK,A,is_a,point
108,12,noisy_half_text[numeric] + half_diagram,OK,B,is_a,point
108,12,noisy_half_text[numeric] + half_diagram,OK,CD,is_a,segment
108,12,noisy_half_text[numeric] + half_diagram,OK,CD,has_measure,5_units
108,12,noisy_half_text[numeric] + half_diagram,OK,O,is_a,center_of
108,12,noisy_half_text[numeric] + half_diagram,OK,O,center_of,circle
108,12,noisy_half_text[numeric] + half_diagram,OK,circle,is_a,geometric_figure
108,12,noisy_half_text[numeric] + half_diagram,OK,CD,perpendicular_to,AB
108,12,noisy_half_text[numeric] + half_diagram,OK,O,lies_on,CD
108,12,noisy_half_text[numeric] + half_diagram,OK,?,is_a,radius_of
108,12,noisy_half_text[numeric] + half_diagram,OK,CD,intersects,AB
,,,,,,
109,12,noisy_half_text[numeric] + half_diagram,OK,A,is_a,point
109,12,noisy_half_text[numeric] + half_diagram,OK,B,is_a,point
109,12,noisy_half_text[numeric] + half_diagram,OK,C,is_a,point
109,12,noisy_half_text[numeric] + half_diagram,OK,D,is_a,point
109,12,noisy_half_text[numeric] + half_diagram,OK,E,is_a,point
109,12,noisy_half_text[numeric] + half_diagram,OK,AB,is_a,segment
109,12,noisy_half_text[numeric] + half_diagram,OK,BC,is_a,segment
109,12,noisy_half_text[numeric] + half_diagram,OK,DE,is_a,segment
109,12,noisy_half_text[numeric] + half_diagram,OK,∠ADB,is_a,angle
109,12,noisy_half_text[numeric] + half_diagram,OK,∠BEC,is_a,angle
109,12,noisy_half_text[numeric] + half_diagram,OK,DE,intersects,AB
109,12,noisy_half_text[numeric] + half_diagram,OK,DE,intersects,BC
109,12,noisy_half_text[numeric] + half_diagram,OK,∠ADB,has_measure,130_deg
109,12,noisy_half_text[numeric] + half_diagram,OK,α,is_a,angle
109,12,noisy_half_text[numeric] + half_diagram,OK,β,is_a,angle
,,,,,,
112,12,noisy_half_text[numeric] + half_diagram,OK,A,is_a,point
112,12,noisy_half_text[numeric] + half_diagram,OK,B,is_a,point
112,12,noisy_half_text[numeric] + half_diagram,OK,O,is_a,point
112,12,noisy_half_text[numeric] + half_diagram,OK,AB,is_a,segment
112,12,noisy_half_text[numeric] + half_diagram,OK,AO,is_a,segment
112,12,noisy_half_text[numeric] + half_diagram,OK,AO,is_a,"height_of, cone"
112,12,noisy_half_text[numeric] + half_diagram,OK,AB,has_measure,2.5_units
112,12,noisy_half_text[numeric] + half_diagram,OK,OB,has_measure,0.7_units
112,12,noisy_half_text[numeric] + half_diagram,OK,AB,is_a,"slant_height_of, cone"
112,12,noisy_half_text[numeric] + half_diagram,OK,AO,lies_on,cone
112,12,noisy_half_text[numeric] + half_diagram,OK,AO,is_perpendicular_to,OB
,,,,,,
114,12,noisy_half_text[numeric] + half_diagram,OK,A,is_a,point
114,12,noisy_half_text[numeric] + half_diagram,OK,OA,is_a,segment
114,12,noisy_half_text[numeric] + half_diagram,OK,OB,is_a,segment
114,12,noisy_half_text[numeric] + half_diagram,OK,∠AOB,is_a,angle
114,12,noisy_half_text[numeric] + half_diagram,OK,OB,has_measure,1.0_units
114,12,noisy_half_text[numeric] + half_diagram,OK,O,center_of,sector OAB
114,12,noisy_half_text[numeric] + half_diagram,OK,OA,radius_of,sector OAB
114,12,noisy_half_text[numeric] + half_diagram,OK,OB,radius_of,sector OAB
114,12,noisy_half_text[numeric] + half_diagram,OK,OA,diameter_of,semicircle
114,12,noisy_half_text[numeric] + half_diagram,OK,OB,diameter_of,semicircle
114,12,noisy_half_text[numeric] + half_diagram,OK,O,is_a,point
114,12,noisy_half_text[numeric] + half_diagram,OK,B,is_a,point
114,12,noisy_half_text[numeric] + half_diagram,OK,∠AOB,has_measure,90_deg
114,12,noisy_half_text[numeric] + half_diagram,OK,Area,is_a,query_target
114,12,noisy_half_text[numeric] + half_diagram,OK,sector OAB,has_measure,?
114,12,noisy_half_text[numeric] + half_diagram,OK,∠AOB,is_a,"angle∠AOB, has_measure, 90_deg"
114,12,noisy_half_text[numeric] + half_diagram,OK,OA,has_measure,1.0_units
114,12,noisy_half_text[numeric] + half_diagram,OK,-,is_a,"- (A, is_a, point)"
114,12,noisy_half_text[numeric] + half_diagram,OK,∠AOB,has_measure,90_deg)
,,,,,,
115,12,noisy_half_text[numeric] + half_diagram,OK,Sector,has_measure,120.0_deg
115,12,noisy_half_text[numeric] + half_diagram,OK,Radius,has_measure,6_units
115,12,noisy_half_text[numeric] + half_diagram,OK,Perimeter,is_a,?
115,12,noisy_half_text[numeric] + half_diagram,OK,Sector,is_rolled_into,Conical_cap
115,12,noisy_half_text[numeric] + half_diagram,OK,Conical_cap,has_part,Bottom
115,12,noisy_half_text[numeric] + half_diagram,OK,Central_angle,has_measure,120.0_deg
115,12,noisy_half_text[numeric] + half_diagram,OK,Query,is_about,Perimeter
115,12,noisy_half_text[numeric] + half_diagram,OK,A,is_a,sector
115,12,noisy_half_text[numeric] + half_diagram,OK,A,has_measure,120.0_deg
115,12,noisy_half_text[numeric] + half_diagram,OK,B,is_a,radius
115,12,noisy_half_text[numeric] + half_diagram,OK,B,has_measure,6_units
115,12,noisy_half_text[numeric] + half_diagram,OK,C,is_a,perimeter
115,12,noisy_half_text[numeric] + half_diagram,OK,C,is_a,?
,,,,,,
117,12,noisy_half_text[numeric] + half_diagram,OK,1,is_a,sector
117,12,noisy_half_text[numeric] + half_diagram,OK,1,has_measure,120_deg
117,12,noisy_half_text[numeric] + half_diagram,OK,1,rolled_into,cone
117,12,noisy_half_text[numeric] + half_diagram,OK,2,is_a,cone
117,12,noisy_half_text[numeric] + half_diagram,OK,2,has_attribute,bottomless
117,12,noisy_half_text[numeric] + half_diagram,OK,3,is_a,height
117,12,noisy_half_text[numeric] + half_diagram,OK,3,has_measure,?
117,12,noisy_half_text[numeric] + half_diagram,OK,4,is_a,radius
117,12,noisy_half_text[numeric] + half_diagram,OK,4,has_measure,3_units
,,,,,,
119,12,noisy_half_text[numeric] + half_diagram,OK,radius_of_bottom_surface,has_measure,10.0_cm
119,12,noisy_half_text[numeric] + half_diagram,OK,length,has_measure,24
119,12,noisy_half_text[numeric] + half_diagram,OK,sector_cardboard,is_used_to_make,conical_hat
119,12,noisy_half_text[numeric] + half_diagram,OK,conical_hat,has_radius,10.0_cm
119,12,noisy_half_text[numeric] + half_diagram,OK,O,is_a,point
119,12,noisy_half_text[numeric] + half_diagram,OK,10.0_cm,is_a,quantitative_attribute
119,12,noisy_half_text[numeric] + half_diagram,OK,24,is_a,quantitative_attribute
119,12,noisy_half_text[numeric] + half_diagram,OK,sector_cardboard,is_a,sector
119,12,noisy_half_text[numeric] + half_diagram,OK,conical_hat,is_a,cone
119,12,noisy_half_text[numeric] + half_diagram,OK,radius,has_measure,10.0_cm
119,12,noisy_half_text[numeric] + half_diagram,OK,24,has_measure,length
119,12,noisy_half_text[numeric] + half_diagram,OK,sector_cardboard,mapped_to,conical_hat
119,12,noisy_half_text[numeric] + half_diagram,OK,sector_cardboard,has_measure,?
119,12,noisy_half_text[numeric] + half_diagram,OK,area,is_a,query_target
,,,,,,
120,12,noisy_half_text[numeric] + half_diagram,OK,A,is_a,point
120,12,noisy_half_text[numeric] + half_diagram,OK,O,is_a,point
120,12,noisy_half_text[numeric] + half_diagram,OK,B,is_a,point
120,12,noisy_half_text[numeric] + half_diagram,OK,AB,is_a,segment
120,12,noisy_half_text[numeric] + half_diagram,OK,AO,is_a,segment
120,12,noisy_half_text[numeric] + half_diagram,OK,OB,is_a,segment
120,12,noisy_half_text[numeric] + half_diagram,OK,AB,has_measure,5.0_units
120,12,noisy_half_text[numeric] + half_diagram,OK,AO,has_measure,4_units
120,12,noisy_half_text[numeric] + half_diagram,OK,AB,connects,"A, B"
120,12,noisy_half_text[numeric] + half_diagram,OK,AO,connects,"A, O"
120,12,noisy_half_text[numeric] + half_diagram,OK,OB,connects,"O, B"
120,12,noisy_half_text[numeric] + half_diagram,OK,AO,perpendicular_to,OB
120,12,noisy_half_text[numeric] + half_diagram,OK,Area,is_a,query_target
120,12,noisy_half_text[numeric] + half_diagram,OK,∠AOB,is_a,angle
120,12,noisy_half_text[numeric] + half_diagram,OK,∠AOB,has_measure,90_deg
120,12,noisy_half_text[numeric] + half_diagram,OK,Area,relates_to,base
120,12,noisy_half_text[numeric] + half_diagram,OK,AB,tangent_to,base
120,12,noisy_half_text[numeric] + half_diagram,OK,O,center_of,base
120,12,noisy_half_text[numeric] + half_diagram,OK,AO,radius_of,?
,,,,,,
123,12,noisy_half_text[numeric] + half_diagram,OK,A,is_a,point
123,12,noisy_half_text[numeric] + half_diagram,OK,B,is_a,point
123,12,noisy_half_text[numeric] + half_diagram,OK,C,is_a,point
123,12,noisy_half_text[numeric] + half_diagram,OK,AC,is_a,segment
123,12,noisy_half_text[numeric] + half_diagram,OK,BC,is_a,segment
123,12,noisy_half_text[numeric] + half_diagram,OK,∠ACB,is_a,angle
123,12,noisy_half_text[numeric] + half_diagram,OK,∠ACB,has_measure,90_deg
123,12,noisy_half_text[numeric] + half_diagram,OK,AC,has_measure,4.0
123,12,noisy_half_text[numeric] + half_diagram,OK,BC,has_measure,3
123,12,noisy_half_text[numeric] + half_diagram,OK,ABC,is_a,triangle
123,12,noisy_half_text[numeric] + half_diagram,OK,ABC,lies_on,plane
,,,,,,
128,12,noisy_half_text[numeric] + half_diagram,OK,O,is_a,point
128,12,noisy_half_text[numeric] + half_diagram,OK,A,is_a,point
128,12,noisy_half_text[numeric] + half_diagram,OK,B,is_a,point
128,12,noisy_half_text[numeric] + half_diagram,OK,OB,is_a,segment
128,12,noisy_half_text[numeric] + half_diagram,OK,OB,has_measure,6_units
128,12,noisy_half_text[numeric] + half_diagram,OK,∠AOB,is_a,angle
128,12,noisy_half_text[numeric] + half_diagram,OK,∠AOB,has_measure,120_deg
128,12,noisy_half_text[numeric] + half_diagram,OK,OA,is_a,segment
,,,,,,
132,12,noisy_half_text[numeric] + half_diagram,OK,A,is_a,point
132,12,noisy_half_text[numeric] + half_diagram,OK,B,is_a,point
132,12,noisy_half_text[numeric] + half_diagram,OK,C,is_a,point
132,12,noisy_half_text[numeric] + half_diagram,OK,D,is_a,point
132,12,noisy_half_text[numeric] + half_diagram,OK,E,is_a,point
132,12,noisy_half_text[numeric] + half_diagram,OK,F,is_a,point
132,12,noisy_half_text[numeric] + half_diagram,OK,G,is_a,point
132,12,noisy_half_text[numeric] + half_diagram,OK,AB,is_a,segment
132,12,noisy_half_text[numeric] + half_diagram,OK,BC,is_a,segment
132,12,noisy_half_text[numeric] + half_diagram,OK,CD,is_a,segment
132,12,noisy_half_text[numeric] + half_diagram,OK,DE,is_a,segment
132,12,noisy_half_text[numeric] + half_diagram,OK,EF,is_a,segment
132,12,noisy_half_text[numeric] + half_diagram,OK,EG,is_a,segment
132,12,noisy_half_text[numeric] + half_diagram,OK,AG,is_a,segment
132,12,noisy_half_text[numeric] + half_diagram,OK,AB,has_measure,?
132,12,noisy_half_text[numeric] + half_diagram,OK,BC,has_measure,0.6
132,12,noisy_half_text[numeric] + half_diagram,OK,CD,has_measure,?
132,12,noisy_half_text[numeric] + half_diagram,OK,DE,has_measure,0.6
132,12,noisy_half_text[numeric] + half_diagram,OK,EF,has_measure,1.6
132,12,noisy_half_text[numeric] + half_diagram,OK,EG,has_measure,2.0
132,12,noisy_half_text[numeric] + half_diagram,OK,A,B,"C, are_collinear_with, ?"
132,12,noisy_half_text[numeric] + half_diagram,OK,A,lies_on,AG
132,12,noisy_half_text[numeric] + half_diagram,OK,B,lies_on,AG
132,12,noisy_half_text[numeric] + half_diagram,OK,B,lies_on,BC
132,12,noisy_half_text[numeric] + half_diagram,OK,C,lies_on,BC
132,12,noisy_half_text[numeric] + half_diagram,OK,C,lies_on,CD
132,12,noisy_half_text[numeric] + half_diagram,OK,D,lies_on,CD
132,12,noisy_half_text[numeric] + half_diagram,OK,D,lies_on,DE
132,12,noisy_half_text[numeric] + half_diagram,OK,E,lies_on,DE
132,12,noisy_half_text[numeric] + half_diagram,OK,E,lies_on,EG
132,12,noisy_half_text[numeric] + half_diagram,OK,F,lies_on,EF
132,12,noisy_half_text[numeric] + half_diagram,OK,G,lies_on,EG
,,,,,,
133,12,noisy_half_text[numeric] + half_diagram,OK,P,is_a,point
133,12,noisy_half_text[numeric] + half_diagram,OK,Q,is_a,point
133,12,noisy_half_text[numeric] + half_diagram,OK,R,is_a,point
133,12,noisy_half_text[numeric] + half_diagram,OK,S,is_a,point
133,12,noisy_half_text[numeric] + half_diagram,OK,T,is_a,point
133,12,noisy_half_text[numeric] + half_diagram,OK,PQ,is_a,segment
133,12,noisy_half_text[numeric] + half_diagram,OK,QS,is_a,segment
133,12,noisy_half_text[numeric] + half_diagram,OK,QR,is_a,segment
133,12,noisy_half_text[numeric] + half_diagram,OK,PS,is_a,segment
133,12,noisy_half_text[numeric] + half_diagram,OK,ST,is_a,segment
133,12,noisy_half_text[numeric] + half_diagram,OK,QS,has_measure,60.0_m
133,12,noisy_half_text[numeric] + half_diagram,OK,QR,has_measure,80.0_m
133,12,noisy_half_text[numeric] + half_diagram,OK,ST,has_measure,120_m
133,12,noisy_half_text[numeric] + half_diagram,OK,PS,perpendicular_to,QS
133,12,noisy_half_text[numeric] + half_diagram,OK,QR,perpendicular_to,QS
133,12,noisy_half_text[numeric] + half_diagram,OK,QS,lies_on,riverbank
133,12,noisy_half_text[numeric] + half_diagram,OK,ST,lies_on,riverbank
133,12,noisy_half_text[numeric] + half_diagram,OK,PQ,parallel_to,RT
133,12,noisy_half_text[numeric] + half_diagram,OK,∠PQS,is_a,right_angle
133,12,noisy_half_text[numeric] + half_diagram,OK,QS,connects,Q and S
133,12,noisy_half_text[numeric] + half_diagram,OK,QR,connects,Q and R
133,12,noisy_half_text[numeric] + half_diagram,OK,ST,connects,S and T
,,,,,,
149,12,noisy_half_text[numeric] + half_diagram,OK,A,is_a,point
149,12,noisy_half_text[numeric] + half_diagram,OK,B,is_a,point
149,12,noisy_half_text[numeric] + half_diagram,OK,C,is_a,point
149,12,noisy_half_text[numeric] + half_diagram,OK,D,is_a,point
149,12,noisy_half_text[numeric] + half_diagram,OK,E,is_a,point
149,12,noisy_half_text[numeric] + half_diagram,OK,AC,is_a,segment
149,12,noisy_half_text[numeric] + half_diagram,OK,BD,is_a,segment
149,12,noisy_half_text[numeric] + half_diagram,OK,CD,is_a,segment
149,12,noisy_half_text[numeric] + half_diagram,OK,ED,is_a,segment
149,12,noisy_half_text[numeric] + half_diagram,OK,CE,is_a,segment
149,12,noisy_half_text[numeric] + half_diagram,OK,AC,has_measure,3.0_units
149,12,noisy_half_text[numeric] + half_diagram,OK,CD,has_measure,10.0_units
149,12,noisy_half_text[numeric] + half_diagram,OK,AC,perpendicular_to,CD
149,12,noisy_half_text[numeric] + half_diagram,OK,BD,perpendicular_to,CD
,,,,,,
150,12,noisy_half_text[numeric] + half_diagram,OK,A,is_a,point
150,12,noisy_half_text[numeric] + half_diagram,OK,B,is_a,point
150,12,noisy_half_text[numeric] + half_diagram,OK,C,is_a,point
150,12,noisy_half_text[numeric] + half_diagram,OK,D,is_a,point
150,12,noisy_half_text[numeric] + half_diagram,OK,E,is_a,point
150,12,noisy_half_text[numeric] + half_diagram,OK,A,B,"C, are, collinear"
150,12,noisy_half_text[numeric] + half_diagram,OK,BD,is_a,segment
150,12,noisy_half_text[numeric] + half_diagram,OK,BD,perpendicular_to,AC
150,12,noisy_half_text[numeric] + half_diagram,OK,CE,is_a,segment
150,12,noisy_half_text[numeric] + half_diagram,OK,CE,perpendicular_to,AC
150,12,noisy_half_text[numeric] + half_diagram,OK,AB,has_measure,2.0
150,12,noisy_half_text[numeric] + half_diagram,OK,BD,has_measure,7/3
150,12,noisy_half_text[numeric] + half_diagram,OK,CE,has_measure,9
,,,,,,
151,12,noisy_half_text[numeric] + half_diagram,OK,student,has_measure,1.7_units
151,12,noisy_half_text[numeric] + half_diagram,OK,student,lies_on,ground
151,12,noisy_half_text[numeric] + half_diagram,OK,tree,lies_on,ground
151,12,noisy_half_text[numeric] + half_diagram,OK,reflection,lies_on,water
151,12,noisy_half_text[numeric] + half_diagram,OK,water,lies_on,ground
151,12,noisy_half_text[numeric] + half_diagram,OK,student,is_a,person
151,12,noisy_half_text[numeric] + half_diagram,OK,tree,is_a,tree
151,12,noisy_half_text[numeric] + half_diagram,OK,reflection,is_a,point
151,12,noisy_half_text[numeric] + half_diagram,OK,ground,is_a,line
151,12,noisy_half_text[numeric] + half_diagram,OK,water,is_a,line
151,12,noisy_half_text[numeric] + half_diagram,OK,top_of_tree,mapped_to,reflection
151,12,noisy_half_text[numeric] + half_diagram,OK,distance,has_measure,5_units
151,12,noisy_half_text[numeric] + half_diagram,OK,horizontal_distance,has_measure,20_units
,,,,,,
152,12,noisy_half_text[numeric] + half_diagram,OK,A,is_a,point
152,12,noisy_half_text[numeric] + half_diagram,OK,B,is_a,point
152,12,noisy_half_text[numeric] + half_diagram,OK,C,is_a,point
152,12,noisy_half_text[numeric] + half_diagram,OK,D,is_a,point
152,12,noisy_half_text[numeric] + half_diagram,OK,E,is_a,point
152,12,noisy_half_text[numeric] + half_diagram,OK,AB,is_a,segment
152,12,noisy_half_text[numeric] + half_diagram,OK,BC,is_a,segment
152,12,noisy_half_text[numeric] + half_diagram,OK,CD,is_a,segment
152,12,noisy_half_text[numeric] + half_diagram,OK,DE,is_a,segment
152,12,noisy_half_text[numeric] + half_diagram,OK,∠BCE,is_a,angle
152,12,noisy_half_text[numeric] + half_diagram,OK,BC,has_measure,1.6_units
152,12,noisy_half_text[numeric] + half_diagram,OK,CE,has_measure,0.5_units
152,12,noisy_half_text[numeric] + half_diagram,OK,CD,has_measure,1.4_units
152,12,noisy_half_text[numeric] + half_diagram,OK,B,lies_on,BC
152,12,noisy_half_text[numeric] + half_diagram,OK,C,lies_on,BC
152,12,noisy_half_text[numeric] + half_diagram,OK,D,lies_on,AB
152,12,noisy_half_text[numeric] + half_diagram,OK,E,lies_on,AC
152,12,noisy_half_text[numeric] + half_diagram,OK,DE,parallel_to,BC
152,12,noisy_half_text[numeric] + half_diagram,OK,AB,intersects,wall
,,,,,,
153,12,noisy_half_text[numeric] + half_diagram,OK,D,E,1.8_units
153,12,noisy_half_text[numeric] + half_diagram,OK,E,C,1.2_units
153,12,noisy_half_text[numeric] + half_diagram,OK,B,C,1.0_units
153,12,noisy_half_text[numeric] + half_diagram,OK,A,is_a,point
153,12,noisy_half_text[numeric] + half_diagram,OK,B,is_a,point
153,12,noisy_half_text[numeric] + half_diagram,OK,C,is_a,point
153,12,noisy_half_text[numeric] + half_diagram,OK,D,is_a,point
153,12,noisy_half_text[numeric] + half_diagram,OK,E,is_a,point
153,12,noisy_half_text[numeric] + half_diagram,OK,AB,is_a,segment
153,12,noisy_half_text[numeric] + half_diagram,OK,DE,is_a,segment
153,12,noisy_half_text[numeric] + half_diagram,OK,EC,is_a,segment
153,12,noisy_half_text[numeric] + half_diagram,OK,BC,is_a,segment
153,12,noisy_half_text[numeric] + half_diagram,OK,D,lies_on,DE
153,12,noisy_half_text[numeric] + half_diagram,OK,E,lies_on,DE
153,12,noisy_half_text[numeric] + half_diagram,OK,E,lies_on,EC
153,12,noisy_half_text[numeric] + half_diagram,OK,C,lies_on,EC
153,12,noisy_half_text[numeric] + half_diagram,OK,B,lies_on,BC
153,12,noisy_half_text[numeric] + half_diagram,OK,DE,has_measure,1.8_units
153,12,noisy_half_text[numeric] + half_diagram,OK,EC,has_measure,1.2_units
153,12,noisy_half_text[numeric] + half_diagram,OK,BC,has_measure,1.0_units
,,,,,,
157,12,noisy_half_text[numeric] + half_diagram,OK,A,is_a,point
157,12,noisy_half_text[numeric] + half_diagram,OK,B,is_a,point
157,12,noisy_half_text[numeric] + half_diagram,OK,C,is_a,point
157,12,noisy_half_text[numeric] + half_diagram,OK,AC,is_a,segment
157,12,noisy_half_text[numeric] + half_diagram,OK,BC,is_a,segment
157,12,noisy_half_text[numeric] + half_diagram,OK,AB,is_a,segment
157,12,noisy_half_text[numeric] + half_diagram,OK,∠ACB,is_a,angle
157,12,noisy_half_text[numeric] + half_diagram,OK,cos B,is_a,query_target
157,12,noisy_half_text[numeric] + half_diagram,OK,∠ACB,has_measure,90_deg
157,12,noisy_half_text[numeric] + half_diagram,OK,BC,has_measure,3_units
157,12,noisy_half_text[numeric] + half_diagram,OK,AC,has_measure,4_units
,,,,,,
165,12,noisy_half_text[numeric] + half_diagram,OK,A,is_a,point
165,12,noisy_half_text[numeric] + half_diagram,OK,B,is_a,point
165,12,noisy_half_text[numeric] + half_diagram,OK,C,is_a,point
165,12,noisy_half_text[numeric] + half_diagram,OK,AB,is_a,segment
165,12,noisy_half_text[numeric] + half_diagram,OK,BC,is_a,segment
165,12,noisy_half_text[numeric] + half_diagram,OK,AC,is_a,segment
165,12,noisy_half_text[numeric] + half_diagram,OK,∠ACB,is_a,angle
165,12,noisy_half_text[numeric] + half_diagram,OK,∠ACB,has_measure,90_deg
165,12,noisy_half_text[numeric] + half_diagram,OK,AB,has_measure,2_units
165,12,noisy_half_text[numeric] + half_diagram,OK,AC,has_measure,1_units
,,,,,,
198,12,noisy_half_text[numeric] + half_diagram,OK,Triangle,is_a,isosceles triangle
198,12,noisy_half_text[numeric] + half_diagram,OK,Triangle,has_side_length,13
198,12,noisy_half_text[numeric] + half_diagram,OK,Base of Triangle,has_measure,10
198,12,noisy_half_text[numeric] + half_diagram,OK,Area of Triangle,has_measure,?
,,,,,,
207,12,noisy_half_text[numeric] + half_diagram,OK,O,is_a,point
207,12,noisy_half_text[numeric] + half_diagram,OK,20,has_measure,?
207,12,noisy_half_text[numeric] + half_diagram,OK,?,is_a,length
207,12,noisy_half_text[numeric] + half_diagram,OK,Larger_Circle,is_a,circle
207,12,noisy_half_text[numeric] + half_diagram,OK,Two_Small_Circles,is_a,circles
207,12,noisy_half_text[numeric] + half_diagram,OK,Two_Small_Circles,has_measure,?
207,12,noisy_half_text[numeric] + half_diagram,OK,Larger_Circle,has_measure,?
207,12,noisy_half_text[numeric] + half_diagram,OK,Small_Circle,diameter_of,Larger_Circle
207,12,noisy_half_text[numeric] + half_diagram,OK,Small_Circle,is_a,circle
207,12,noisy_half_text[numeric] + half_diagram,OK,Larger_Circle,diameter_of,20_units
,,,,,,
210,12,noisy_half_text[numeric] + half_diagram,OK,A,is_a,point
210,12,noisy_half_text[numeric] + half_diagram,OK,B,is_a,point
210,12,noisy_half_text[numeric] + half_diagram,OK,C,is_a,point
210,12,noisy_half_text[numeric] + half_diagram,OK,D,is_a,point
210,12,noisy_half_text[numeric] + half_diagram,OK,E,is_a,point
210,12,noisy_half_text[numeric] + half_diagram,OK,AB,is_a,segment
210,12,noisy_half_text[numeric] + half_diagram,OK,AC,is_a,segment
210,12,noisy_half_text[numeric] + half_diagram,OK,AE,is_a,segment
210,12,noisy_half_text[numeric] + half_diagram,OK,BE,is_a,segment
210,12,noisy_half_text[numeric] + half_diagram,OK,CD,is_a,segment
210,12,noisy_half_text[numeric] + half_diagram,OK,BE,parallel_to,CD
210,12,noisy_half_text[numeric] + half_diagram,OK,ABE,is_a,triangle
210,12,noisy_half_text[numeric] + half_diagram,OK,ACD,is_a,triangle
210,12,noisy_half_text[numeric] + half_diagram,OK,AB,has_measure,12_units
210,12,noisy_half_text[numeric] + half_diagram,OK,AC,has_measure,16_units
210,12,noisy_half_text[numeric] + half_diagram,OK,CD,has_measure,5_units
210,12,noisy_half_text[numeric] + half_diagram,OK,ABE,similar_to,ACD
,,,,,,
211,12,noisy_half_text[numeric] + half_diagram,OK,M,is_a,point
211,12,noisy_half_text[numeric] + half_diagram,OK,N,is_a,point
211,12,noisy_half_text[numeric] + half_diagram,OK,P,is_a,point
211,12,noisy_half_text[numeric] + half_diagram,OK,R,is_a,point
211,12,noisy_half_text[numeric] + half_diagram,OK,Q,is_a,point
211,12,noisy_half_text[numeric] + half_diagram,OK,MN,is_a,segment
211,12,noisy_half_text[numeric] + half_diagram,OK,NP,is_a,segment
211,12,noisy_half_text[numeric] + half_diagram,OK,MR,is_a,segment
211,12,noisy_half_text[numeric] + half_diagram,OK,MP,is_a,segment
211,12,noisy_half_text[numeric] + half_diagram,OK,RN,is_a,segment
211,12,noisy_half_text[numeric] + half_diagram,OK,MQ,is_a,segment
211,12,noisy_half_text[numeric] + half_diagram,OK,NQ,is_a,segment
211,12,noisy_half_text[numeric] + half_diagram,OK,PQ,is_a,segment
211,12,noisy_half_text[numeric] + half_diagram,OK,RQ,is_a,segment
211,12,noisy_half_text[numeric] + half_diagram,OK,∠MRQ,is_a,angle
211,12,noisy_half_text[numeric] + half_diagram,OK,∠RQP,is_a,angle
211,12,noisy_half_text[numeric] + half_diagram,OK,∠MNQ,is_a,angle
211,12,noisy_half_text[numeric] + half_diagram,OK,M,lies_on,MP
211,12,noisy_half_text[numeric] + half_diagram,OK,N,lies_on,MP
211,12,noisy_half_text[numeric] + half_diagram,OK,R,lies_on,RN
211,12,noisy_half_text[numeric] + half_diagram,OK,P,lies_on,RN
211,12,noisy_half_text[numeric] + half_diagram,OK,M,lies_on,MN
211,12,noisy_half_text[numeric] + half_diagram,OK,N,lies_on,MN
211,12,noisy_half_text[numeric] + half_diagram,OK,N,lies_on,NP
211,12,noisy_half_text[numeric] + half_diagram,OK,P,lies_on,NP
211,12,noisy_half_text[numeric] + half_diagram,OK,M,lies_on,MR
211,12,noisy_half_text[numeric] + half_diagram,OK,R,lies_on,MR
211,12,noisy_half_text[numeric] + half_diagram,OK,MP,intersects,RN
211,12,noisy_half_text[numeric] + half_diagram,OK,MN,has_measure,3x - 4
211,12,noisy_half_text[numeric] + half_diagram,OK,NP,has_measure,2y + 5
211,12,noisy_half_text[numeric] + half_diagram,OK,MR,has_measure,17.9
211,12,noisy_half_text[numeric] + half_diagram,OK,∠MRQ,has_measure,38°
211,12,noisy_half_text[numeric] + half_diagram,OK,∠RQP,has_measure,83°
211,12,noisy_half_text[numeric] + half_diagram,OK,∠MNQ,has_measure,33°
211,12,noisy_half_text[numeric] + half_diagram,OK,RQ,has_measure,3z - 3
211,12,noisy_half_text[numeric] + half_diagram,OK,PQ,has_measure,11.1
211,12,noisy_half_text[numeric] + half_diagram,OK,NQ,has_measure,15.4
211,12,noisy_half_text[numeric] + half_diagram,OK,MQ,has_measure,4w - 3
,,,,,,
223,12,noisy_half_text[numeric] + half_diagram,OK,A,is_a,point
223,12,noisy_half_text[numeric] + half_diagram,OK,B,is_a,point
223,12,noisy_half_text[numeric] + half_diagram,OK,C,is_a,point
223,12,noisy_half_text[numeric] + half_diagram,OK,AB,is_a,segment
223,12,noisy_half_text[numeric] + half_diagram,OK,BC,is_a,segment
223,12,noisy_half_text[numeric] + half_diagram,OK,AC,is_a,segment
223,12,noisy_half_text[numeric] + half_diagram,OK,∠ABC,is_a,angle
223,12,noisy_half_text[numeric] + half_diagram,OK,∠ABC,has_measure,90_deg
223,12,noisy_half_text[numeric] + half_diagram,OK,AB,has_measure,3√2_units
223,12,noisy_half_text[numeric] + half_diagram,OK,BC,has_measure,x_units
223,12,noisy_half_text[numeric] + half_diagram,OK,AC,is_a,hypotenuse
223,12,noisy_half_text[numeric] + half_diagram,OK,AC,has_measure,5_units
223,12,noisy_half_text[numeric] + half_diagram,OK,AB,has_measure,$3\sqrt{2}$_units
223,12,noisy_half_text[numeric] + half_diagram,OK,∠,has_measure,90_deg
,,,,,,
239,12,noisy_half_text[numeric] + half_diagram,OK,R,is_a,point
239,12,noisy_half_text[numeric] + half_diagram,OK,M,is_a,point
239,12,noisy_half_text[numeric] + half_diagram,OK,A,is_a,point
239,12,noisy_half_text[numeric] + half_diagram,OK,T,is_a,point
239,12,noisy_half_text[numeric] + half_diagram,OK,RM,is_a,segment
239,12,noisy_half_text[numeric] + half_diagram,OK,AT,is_a,segment
239,12,noisy_half_text[numeric] + half_diagram,OK,RM,has_measure,4_units
239,12,noisy_half_text[numeric] + half_diagram,OK,AT,has_measure,16_units
239,12,noisy_half_text[numeric] + half_diagram,OK,R,lies_on,AT
239,12,noisy_half_text[numeric] + half_diagram,OK,M,lies_on,AT
239,12,noisy_half_text[numeric] + half_diagram,OK,M,lies_on,BR
239,12,noisy_half_text[numeric] + half_diagram,OK,M,lies_on,CS
239,12,noisy_half_text[numeric] + half_diagram,OK,R,midpoint_of,?
239,12,noisy_half_text[numeric] + half_diagram,OK,S,midpoint_of,?
239,12,noisy_half_text[numeric] + half_diagram,OK,T,midpoint_of,?
239,12,noisy_half_text[numeric] + half_diagram,OK,AT,is_a,median
239,12,noisy_half_text[numeric] + half_diagram,OK,BR,is_a,median
239,12,noisy_half_text[numeric] + half_diagram,OK,CS,is_a,median
239,12,noisy_half_text[numeric] + half_diagram,OK,RM,part_of,BR
239,12,noisy_half_text[numeric] + half_diagram,OK,MB,part_of,bridge
,,,,,,
243,12,noisy_half_text[numeric] + half_diagram,OK,Des Moines,is_a,point
243,12,noisy_half_text[numeric] + half_diagram,OK,1,lies_on,Des Moines
243,12,noisy_half_text[numeric] + half_diagram,OK,Phoenix,is_a,point
243,12,noisy_half_text[numeric] + half_diagram,OK,2,lies_on,Phoenix
243,12,noisy_half_text[numeric] + half_diagram,OK,Atlanta,is_a,point
243,12,noisy_half_text[numeric] + half_diagram,OK,3,lies_on,Atlanta
243,12,noisy_half_text[numeric] + half_diagram,OK,Phoenix,Des Moines,"is_a, trip segment"
243,12,noisy_half_text[numeric] + half_diagram,OK,110x + 53,has_measure,Phoenix Des Moines
243,12,noisy_half_text[numeric] + half_diagram,OK,Des Moines,Phoenix,"is_a, trip segment"
243,12,noisy_half_text[numeric] + half_diagram,OK,110x + 53,has_measure,Des Moines Phoenix
243,12,noisy_half_text[numeric] + half_diagram,OK,Des Moines,Atlanta,"is_a, trip segment"
243,12,noisy_half_text[numeric] + half_diagram,OK,150x + 91,has_measure,Des Moines Atlanta
,,,,,,
257,12,noisy_half_text[numeric] + half_diagram,OK,A,is_a,point
257,12,noisy_half_text[numeric] + half_diagram,OK,B,is_a,point
257,12,noisy_half_text[numeric] + half_diagram,OK,C,is_a,point
257,12,noisy_half_text[numeric] + half_diagram,OK,D,is_a,point
257,12,noisy_half_text[numeric] + half_diagram,OK,E,is_a,point
257,12,noisy_half_text[numeric] + half_diagram,OK,AB,is_a,segment
257,12,noisy_half_text[numeric] + half_diagram,OK,BE,is_a,segment
257,12,noisy_half_text[numeric] + half_diagram,OK,ED,is_a,segment
257,12,noisy_half_text[numeric] + half_diagram,OK,CD,is_a,segment
257,12,noisy_half_text[numeric] + half_diagram,OK,AE,is_a,segment
257,12,noisy_half_text[numeric] + half_diagram,OK,ABE,is_a,triangle
257,12,noisy_half_text[numeric] + half_diagram,OK,ACD,is_a,triangle
257,12,noisy_half_text[numeric] + half_diagram,OK,AB,has_measure,12_units
257,12,noisy_half_text[numeric] + half_diagram,OK,ED,has_measure,5_units
257,12,noisy_half_text[numeric] + half_diagram,OK,AC,has_measure,16_units
257,12,noisy_half_text[numeric] + half_diagram,OK,BE,parallel_to,CD
257,12,noisy_half_text[numeric] + half_diagram,OK,ABE,similar_to,ACD
,,,,,,
264,12,noisy_half_text[numeric] + half_diagram,OK,M,is_a,point
264,12,noisy_half_text[numeric] + half_diagram,OK,N,is_a,point
264,12,noisy_half_text[numeric] + half_diagram,OK,P,is_a,point
264,12,noisy_half_text[numeric] + half_diagram,OK,Q,is_a,point
264,12,noisy_half_text[numeric] + half_diagram,OK,MN,is_a,segment
264,12,noisy_half_text[numeric] + half_diagram,OK,NP,is_a,segment
264,12,noisy_half_text[numeric] + half_diagram,OK,PQ,is_a,segment
264,12,noisy_half_text[numeric] + half_diagram,OK,MQ,is_a,segment
264,12,noisy_half_text[numeric] + half_diagram,OK,∠M,is_a,angle
264,12,noisy_half_text[numeric] + half_diagram,OK,∠N,is_a,angle
264,12,noisy_half_text[numeric] + half_diagram,OK,∠P,is_a,angle
264,12,noisy_half_text[numeric] + half_diagram,OK,∠Q,is_a,angle
264,12,noisy_half_text[numeric] + half_diagram,OK,MNPQ,is_a,parallelogram
264,12,noisy_half_text[numeric] + half_diagram,OK,LM,has_measure,10x
264,12,noisy_half_text[numeric] + half_diagram,OK,LM,equals,LP
264,12,noisy_half_text[numeric] + half_diagram,OK,∠N,has_measure,20x
264,12,noisy_half_text[numeric] + half_diagram,OK,∠N,equals,2 * ∠Q
264,12,noisy_half_text[numeric] + half_diagram,OK,MQ,lies_on,MNPQ
264,12,noisy_half_text[numeric] + half_diagram,OK,NP,lies_on,MNPQ
264,12,noisy_half_text[numeric] + half_diagram,OK,PQ,lies_on,MNPQ
264,12,noisy_half_text[numeric] + half_diagram,OK,MN,lies_on,MNPQ
264,12,noisy_half_text[numeric] + half_diagram,OK,MN,equals,QP
264,12,noisy_half_text[numeric] + half_diagram,OK,MQ,equals,NP
,,,,,,
281,12,noisy_half_text[numeric] + half_diagram,OK,A,is_a,point
281,12,noisy_half_text[numeric] + half_diagram,OK,B,is_a,point
281,12,noisy_half_text[numeric] + half_diagram,OK,C,is_a,point
281,12,noisy_half_text[numeric] + half_diagram,OK,AC,is_a,segment
281,12,noisy_half_text[numeric] + half_diagram,OK,BC,is_a,segment
281,12,noisy_half_text[numeric] + half_diagram,OK,\angle ACB,is_a,angle
281,12,noisy_half_text[numeric] + half_diagram,OK,A,lies_on,AC
281,12,noisy_half_text[numeric] + half_diagram,OK,C,lies_on,AC
281,12,noisy_half_text[numeric] + half_diagram,OK,B,lies_on,BC
281,12,noisy_half_text[numeric] + half_diagram,OK,C,lies_on,BC
281,12,noisy_half_text[numeric] + half_diagram,OK,\angle ACB,has_measure,90_deg
281,12,noisy_half_text[numeric] + half_diagram,OK,AC,has_measure,24_units
281,12,noisy_half_text[numeric] + half_diagram,OK,BC,has_measure,10_units
281,12,noisy_half_text[numeric] + half_diagram,OK,AB,is_a,segment
281,12,noisy_half_text[numeric] + half_diagram,OK,∠ACB,is_a,angle
281,12,noisy_half_text[numeric] + half_diagram,OK,∠ACB,has_measure,90_deg
,,,,,,
327,12,noisy_half_text[numeric] + half_diagram,OK,X,is_a,point
327,12,noisy_half_text[numeric] + half_diagram,OK,Y,is_a,point
327,12,noisy_half_text[numeric] + half_diagram,OK,Z,is_a,point
327,12,noisy_half_text[numeric] + half_diagram,OK,N,is_a,point
327,12,noisy_half_text[numeric] + half_diagram,OK,XY,is_a,segment
327,12,noisy_half_text[numeric] + half_diagram,OK,XZ,is_a,segment
327,12,noisy_half_text[numeric] + half_diagram,OK,XN,is_a,segment
327,12,noisy_half_text[numeric] + half_diagram,OK,YZ,is_a,segment
327,12,noisy_half_text[numeric] + half_diagram,OK,XY,lies_on,b_km
327,12,noisy_half_text[numeric] + half_diagram,OK,YZ,has_measure,10.7_km
327,12,noisy_half_text[numeric] + half_diagram,OK,ZX,has_measure,d_km
327,12,noisy_half_text[numeric] + half_diagram,OK,Z,lies_on,335_deg
327,12,noisy_half_text[numeric] + half_diagram,OK,XN,is_perpendicular_to,XY
,,,,,,
348,12,noisy_half_text[numeric] + half_diagram,OK,H,is_a,point
348,12,noisy_half_text[numeric] + half_diagram,OK,L,is_a,point
348,12,noisy_half_text[numeric] + half_diagram,OK,P,is_a,point
348,12,noisy_half_text[numeric] + half_diagram,OK,HL,is_a,segment
348,12,noisy_half_text[numeric] + half_diagram,OK,HP,is_a,segment
348,12,noisy_half_text[numeric] + half_diagram,OK,PL,is_a,segment
348,12,noisy_half_text[numeric] + half_diagram,OK,\angle HPL,is_a,angle
348,12,noisy_half_text[numeric] + half_diagram,OK,\angle HPL,has_measure,44_deg
348,12,noisy_half_text[numeric] + half_diagram,OK,HP,has_measure,198_m
348,12,noisy_half_text[numeric] + half_diagram,OK,HL,has_measure,d
348,12,noisy_half_text[numeric] + half_diagram,OK,H,lies_on,HP
348,12,noisy_half_text[numeric] + half_diagram,OK,P,lies_on,HP
348,12,noisy_half_text[numeric] + half_diagram,OK,P,lies_on,PL
348,12,noisy_half_text[numeric] + half_diagram,OK,L,lies_on,PL
348,12,noisy_half_text[numeric] + half_diagram,OK,HL,intersects,PL
348,12,noisy_half_text[numeric] + half_diagram,OK,HL,intersects,HP
,,,,,,
364,12,noisy_half_text[numeric] + half_diagram,OK,T,has_measure,35.5_m
364,12,noisy_half_text[numeric] + half_diagram,OK,bridge,has_measure,65.9_m
364,12,noisy_half_text[numeric] + half_diagram,OK,T,is_a,tower
364,12,noisy_half_text[numeric] + half_diagram,OK,bridge,is_a,bridge
364,12,noisy_half_text[numeric] + half_diagram,OK,cable,is_a,cable
364,12,noisy_half_text[numeric] + half_diagram,OK,T,lies_on,bridge
364,12,noisy_half_text[numeric] + half_diagram,OK,h,is_a,length
364,12,noisy_half_text[numeric] + half_diagram,OK,cable,has_measure,h
,,,,,,
365,12,noisy_half_text[numeric] + half_diagram,OK,A,is_a,point
365,12,noisy_half_text[numeric] + half_diagram,OK,airport_runway,is_a,point
365,12,noisy_half_text[numeric] + half_diagram,OK,plane,is_a,point
365,12,noisy_half_text[numeric] + half_diagram,OK,10369_m,has_measure,altitude
365,12,noisy_half_text[numeric] + half_diagram,OK,23444_m,has_measure,distance
365,12,noisy_half_text[numeric] + half_diagram,OK,?,has_measure,angle_of_approach
365,12,noisy_half_text[numeric] + half_diagram,OK,plane,lies_on,line_of_sight
365,12,noisy_half_text[numeric] + half_diagram,OK,airport_runway,lies_on,line_of_sight
365,12,noisy_half_text[numeric] + half_diagram,OK,line_of_sight,intersects,plane
365,12,noisy_half_text[numeric] + half_diagram,OK,line_of_sight,intersects,airport_runway
365,12,noisy_half_text[numeric] + half_diagram,OK,plane,has_measure,10369_m
365,12,noisy_half_text[numeric] + half_diagram,OK,distance,has_measure,23444_m
365,12,noisy_half_text[numeric] + half_diagram,OK,angle_of_approach,is_a,?
,,,,,,
420,12,noisy_half_text[numeric] + half_diagram,OK,B,is_a,point
420,12,noisy_half_text[numeric] + half_diagram,OK,C,is_a,point
420,12,noisy_half_text[numeric] + half_diagram,OK,D,is_a,point
420,12,noisy_half_text[numeric] + half_diagram,OK,AB,is_a,segment
420,12,noisy_half_text[numeric] + half_diagram,OK,BC,is_a,segment
420,12,noisy_half_text[numeric] + half_diagram,OK,CD,is_a,segment
420,12,noisy_half_text[numeric] + half_diagram,OK,DA,is_a,segment
420,12,noisy_half_text[numeric] + half_diagram,OK,6_cm,is_a,length
420,12,noisy_half_text[numeric] + half_diagram,OK,10_cm,is_a,length
420,12,noisy_half_text[numeric] + half_diagram,OK,AB,has_measure,10_cm
420,12,noisy_half_text[numeric] + half_diagram,OK,AD,has_measure,?
420,12,noisy_half_text[numeric] + half_diagram,OK,BC,has_measure,?
420,12,noisy_half_text[numeric] + half_diagram,OK,CD,has_measure,?
420,12,noisy_half_text[numeric] + half_diagram,OK,?,lies_on,AB
420,12,noisy_half_text[numeric] + half_diagram,OK,?,lies_on,BC
420,12,noisy_half_text[numeric] + half_diagram,OK,?,lies_on,CD
420,12,noisy_half_text[numeric] + half_diagram,OK,?,lies_on,DA
,,,,,,
432,12,noisy_half_text[numeric] + half_diagram,OK,A,is_a,point
432,12,noisy_half_text[numeric] + half_diagram,OK,B,is_a,point
432,12,noisy_half_text[numeric] + half_diagram,OK,A,has_measure,-3_units
432,12,noisy_half_text[numeric] + half_diagram,OK,A,has_measure,4_units
432,12,noisy_half_text[numeric] + half_diagram,OK,B,has_measure,5_units
432,12,noisy_half_text[numeric] + half_diagram,OK,B,has_measure,2_units
432,12,noisy_half_text[numeric] + half_diagram,OK,A,lies_on,coordinate_plane
432,12,noisy_half_text[numeric] + half_diagram,OK,B,lies_on,coordinate_plane
432,12,noisy_half_text[numeric] + half_diagram,OK,d,is_a,distance
432,12,noisy_half_text[numeric] + half_diagram,OK,AB,is_a,segment
,,,,,,
438,12,noisy_half_text[numeric] + half_diagram,OK,Center,is_a,point
438,12,noisy_half_text[numeric] + half_diagram,OK,Vertices,is_a,point
438,12,noisy_half_text[numeric] + half_diagram,OK,Center,lies_on,x-axis
438,12,noisy_half_text[numeric] + half_diagram,OK,Center,lies_on,y-axis
438,12,noisy_half_text[numeric] + half_diagram,OK,Vertex1,lies_on,horizontal_line
438,12,noisy_half_text[numeric] + half_diagram,OK,Vertex2,lies_on,horizontal_line
438,12,noisy_half_text[numeric] + half_diagram,OK,Hyperbola,has_center,Center
438,12,noisy_half_text[numeric] + half_diagram,OK,Hyperbola,has_vertices,Vertex1
438,12,noisy_half_text[numeric] + half_diagram,OK,Hyperbola,has_vertices,Vertex2
438,12,noisy_half_text[numeric] + half_diagram,OK,Hyperbola,has_foci,Foci1
438,12,noisy_half_text[numeric] + half_diagram,OK,Hyperbola,has_foci,Foci2
438,12,noisy_half_text[numeric] + half_diagram,OK,Vertex1,is_a,point
438,12,noisy_half_text[numeric] + half_diagram,OK,Vertex2,is_a,point
438,12,noisy_half_text[numeric] + half_diagram,OK,Foci1,is_a,point
438,12,noisy_half_text[numeric] + half_diagram,OK,Foci2,is_a,point
438,12,noisy_half_text[numeric] + half_diagram,OK,Vertex1,lies_on,line
438,12,noisy_half_text[numeric] + half_diagram,OK,Vertex2,lies_on,line
438,12,noisy_half_text[numeric] + half_diagram,OK,Foci1,lies_on,line
438,12,noisy_half_text[numeric] + half_diagram,OK,Foci2,lies_on,line
438,12,noisy_half_text[numeric] + half_diagram,OK,Hyperbola,Equation,?
,,,,,,
441,12,noisy_half_text[numeric] + half_diagram,OK,P1,is_a,point
441,12,noisy_half_text[numeric] + half_diagram,OK,P,is_a,point
441,12,noisy_half_text[numeric] + half_diagram,OK,a,is_a,angle
441,12,noisy_half_text[numeric] + half_diagram,OK,x-axis,is_a,line
441,12,noisy_half_text[numeric] + half_diagram,OK,y-axis,is_a,line
441,12,noisy_half_text[numeric] + half_diagram,OK,circle,is_a,unit_circle
441,12,noisy_half_text[numeric] + half_diagram,OK,P,lies_on,circle
441,12,noisy_half_text[numeric] + half_diagram,OK,a,has_measure,angle
441,12,noisy_half_text[numeric] + half_diagram,OK,a,is_in,standard_position
441,12,noisy_half_text[numeric] + half_diagram,OK,terminal_side_of_a,intersects,circle
441,12,noisy_half_text[numeric] + half_diagram,OK,terminal_side_of_a,has_endpoint,P
441,12,noisy_half_text[numeric] + half_diagram,OK,x-coordinate_of_P,has_measure,3/5
441,12,noisy_half_text[numeric] + half_diagram,OK,P,is_on,terminal_side_of_a
,,,,,,
447,12,noisy_half_text[numeric] + half_diagram,OK,P,is_a,point
447,12,noisy_half_text[numeric] + half_diagram,OK,a,is_a,angle
447,12,noisy_half_text[numeric] + half_diagram,OK,\frac{20}{29},is_a,x\text{-coordinate of } P
447,12,noisy_half_text[numeric] + half_diagram,OK,-\frac{21}{29},is_a,y\text{-coordinate of } P
447,12,noisy_half_text[numeric] + half_diagram,OK,P,lies_on,circle
447,12,noisy_half_text[numeric] + half_diagram,OK,a,has_measure,?
447,12,noisy_half_text[numeric] + half_diagram,OK,\frac{20}{29},is_a,x\text{-coordinate}
447,12,noisy_half_text[numeric] + half_diagram,OK,-\frac{21}{29},is_a,y\text{-coordinate}
447,12,noisy_half_text[numeric] + half_diagram,OK,\frac{20}{29},is_a,x-coordinate
447,12,noisy_half_text[numeric] + half_diagram,OK,-\frac{21}{29},is_a,y-coordinate
,,,,,,
449,12,noisy_half_text[numeric] + half_diagram,OK,1,is_a,numeric_value
449,12,noisy_half_text[numeric] + half_diagram,OK,0.5,is_a,numeric_value
449,12,noisy_half_text[numeric] + half_diagram,OK,-0.5,is_a,numeric_value
449,12,noisy_half_text[numeric] + half_diagram,OK,-1,is_a,numeric_value
449,12,noisy_half_text[numeric] + half_diagram,OK,1.5,is_a,numeric_value
449,12,noisy_half_text[numeric] + half_diagram,OK,-1.5,is_a,numeric_value
449,12,noisy_half_text[numeric] + half_diagram,OK,P,is_a,point
449,12,noisy_half_text[numeric] + half_diagram,OK,θ,is_a,angle
449,12,noisy_half_text[numeric] + half_diagram,OK,sec θ,is_a,trigonometric_function
449,12,noisy_half_text[numeric] + half_diagram,OK,sec θ,has_measure,?
449,12,noisy_half_text[numeric] + half_diagram,OK,P,lies_on,circle
449,12,noisy_half_text[numeric] + half_diagram,OK,circle,center_of,0
449,12,noisy_half_text[numeric] + half_diagram,OK,0,is_a,point)
,,,,,,
457,12,noisy_half_text[numeric] + half_diagram,OK,1,is_a,point
457,12,noisy_half_text[numeric] + half_diagram,OK,3,is_a,point
457,12,noisy_half_text[numeric] + half_diagram,OK,center,is_a,point
457,12,noisy_half_text[numeric] + half_diagram,OK,circle,has_measure,?
457,12,noisy_half_text[numeric] + half_diagram,OK,Equation,is_a,query_target
457,12,noisy_half_text[numeric] + half_diagram,OK,graph,is_a,coordinate_plane
,,,,,,
472,12,noisy_half_text[numeric] + half_diagram,OK,A,is_a,point
472,12,noisy_half_text[numeric] + half_diagram,OK,B,is_a,point
472,12,noisy_half_text[numeric] + half_diagram,OK,C,is_a,point
472,12,noisy_half_text[numeric] + half_diagram,OK,A,lies_on,semicircle
472,12,noisy_half_text[numeric] + half_diagram,OK,B,lies_on,semicircle
472,12,noisy_half_text[numeric] + half_diagram,OK,C,lies_on,semicircle
472,12,noisy_half_text[numeric] + half_diagram,OK,semicircle,is_a,semicircle
472,12,noisy_half_text[numeric] + half_diagram,OK,-7,0,"is_a, point"
472,12,noisy_half_text[numeric] + half_diagram,OK,7,0,"is_a, point"
472,12,noisy_half_text[numeric] + half_diagram,OK,5,-5,"is_a, point"
,,,,,,
