problem_index,case_id,case_label,status,subject,predicate,object
1,8,full_text + noisy_diagram[illumination],OK,A,is_a,point
1,8,full_text + noisy_diagram[illumination],OK,B,is_a,point
1,8,full_text + noisy_diagram[illumination],OK,C,is_a,point
1,8,full_text + noisy_diagram[illumination],OK,D,is_a,point
1,8,full_text + noisy_diagram[illumination],OK,E,is_a,point
1,8,full_text + noisy_diagram[illumination],OK,AB,is_a,segment
1,8,full_text + noisy_diagram[illumination],OK,AC,is_a,segment
1,8,full_text + noisy_diagram[illumination],OK,BC,is_a,segment
1,8,full_text + noisy_diagram[illumination],OK,DE,is_a,segment
1,8,full_text + noisy_diagram[illumination],OK,∠A,is_a,angle
1,8,full_text + noisy_diagram[illumination],OK,∠B,is_a,angle
1,8,full_text + noisy_diagram[illumination],OK,∠A,has_measure,80_deg
1,8,full_text + noisy_diagram[illumination],OK,∠B,has_measure,60_deg
1,8,full_text + noisy_diagram[illumination],OK,DE,parallel_to,BC
1,8,full_text + noisy_diagram[illumination],OK,D,lies_on,AB
1,8,full_text + noisy_diagram[illumination],OK,E,lies_on,AC
,,,,,,
2,8,full_text + noisy_diagram[illumination],OK,A,is_a,point
2,8,full_text + noisy_diagram[illumination],OK,B,is_a,point
2,8,full_text + noisy_diagram[illumination],OK,C,is_a,point
2,8,full_text + noisy_diagram[illumination],OK,D,is_a,point
2,8,full_text + noisy_diagram[illumination],OK,E,is_a,point
2,8,full_text + noisy_diagram[illumination],OK,F,is_a,point
2,8,full_text + noisy_diagram[illumination],OK,G,is_a,point
2,8,full_text + noisy_diagram[illumination],OK,AB,is_a,line
2,8,full_text + noisy_diagram[illumination],OK,CD,is_a,line
2,8,full_text + noisy_diagram[illumination],OK,EF,is_a,line
2,8,full_text + noisy_diagram[illumination],OK,EG,is_a,line
2,8,full_text + noisy_diagram[illumination],OK,AB,parallel_to,CD
2,8,full_text + noisy_diagram[illumination],OK,EF,intersects,AB
2,8,full_text + noisy_diagram[illumination],OK,EF,intersects,CD
2,8,full_text + noisy_diagram[illumination],OK,EG,intersects,CD
2,8,full_text + noisy_diagram[illumination],OK,∠EFG,is_a,angle
2,8,full_text + noisy_diagram[illumination],OK,∠EFG,has_measure,50_deg
2,8,full_text + noisy_diagram[illumination],OK,EG,lies_on,line_EG
,,,,,,
3,8,full_text + noisy_diagram[illumination],OK,A,is_a,point
3,8,full_text + noisy_diagram[illumination],OK,B,is_a,point
3,8,full_text + noisy_diagram[illumination],OK,C,is_a,point
3,8,full_text + noisy_diagram[illumination],OK,D,is_a,point
3,8,full_text + noisy_diagram[illumination],OK,AB,is_a,segment
3,8,full_text + noisy_diagram[illumination],OK,BC,is_a,segment
3,8,full_text + noisy_diagram[illumination],OK,BD,is_a,segment
3,8,full_text + noisy_diagram[illumination],OK,CD,is_a,segment
3,8,full_text + noisy_diagram[illumination],OK,∠BCD,is_a,angle
3,8,full_text + noisy_diagram[illumination],OK,∠CDB,is_a,angle
3,8,full_text + noisy_diagram[illumination],OK,∠BCD,has_measure,70_deg
3,8,full_text + noisy_diagram[illumination],OK,CD,parallel_to,AB
3,8,full_text + noisy_diagram[illumination],OK,BD,intersects,AC
3,8,full_text + noisy_diagram[illumination],OK,BD,intersects,CD
3,8,full_text + noisy_diagram[illumination],OK,BD,intersects,AB
3,8,full_text + noisy_diagram[illumination],OK,∠ABC,is_a,angle
3,8,full_text + noisy_diagram[illumination],OK,BD,rotated_about,∠ABC
3,8,full_text + noisy_diagram[illumination],OK,BD,bisects,∠ABC
3,8,full_text + noisy_diagram[illumination],OK,DC,lies_on,line_CB
3,8,full_text + noisy_diagram[illumination],OK,DB,lies_on,line_CB
,,,,,,
4,8,full_text + noisy_diagram[illumination],OK,A,is_a,point
4,8,full_text + noisy_diagram[illumination],OK,O,is_a,point
4,8,full_text + noisy_diagram[illumination],OK,B,is_a,point
4,8,full_text + noisy_diagram[illumination],OK,C,is_a,point
4,8,full_text + noisy_diagram[illumination],OK,AB,is_a,segment
4,8,full_text + noisy_diagram[illumination],OK,AO,is_a,segment
4,8,full_text + noisy_diagram[illumination],OK,BC,is_a,segment
4,8,full_text + noisy_diagram[illumination],OK,∠A,is_a,angle
4,8,full_text + noisy_diagram[illumination],OK,∠C,is_a,angle
4,8,full_text + noisy_diagram[illumination],OK,∠AOB,is_a,angle
4,8,full_text + noisy_diagram[illumination],OK,∠OCB,is_a,angle
4,8,full_text + noisy_diagram[illumination],OK,AB,tangent_to,circle O
4,8,full_text + noisy_diagram[illumination],OK,B,lies_on,circle O
4,8,full_text + noisy_diagram[illumination],OK,C,lies_on,circle O
4,8,full_text + noisy_diagram[illumination],OK,O,center_of,circle O
4,8,full_text + noisy_diagram[illumination],OK,∠A,has_measure,36_deg
4,8,full_text + noisy_diagram[illumination],OK,AO,intersects,circle O
4,8,full_text + noisy_diagram[illumination],OK,AO,intersects,B
4,8,full_text + noisy_diagram[illumination],OK,BC,connects,B
4,8,full_text + noisy_diagram[illumination],OK,BC,connects,C
,,,,,,
7,8,full_text + noisy_diagram[illumination],OK,subject,relation,object
7,8,full_text + noisy_diagram[illumination],OK,B,has_measure,70_deg
7,8,full_text + noisy_diagram[illumination],OK,C,has_measure,30_deg
7,8,full_text + noisy_diagram[illumination],OK,∠DAC,has_measure,35_deg
7,8,full_text + noisy_diagram[illumination],OK,B,is_a,point
7,8,full_text + noisy_diagram[illumination],OK,C,is_a,point
7,8,full_text + noisy_diagram[illumination],OK,D,is_a,point
7,8,full_text + noisy_diagram[illumination],OK,A,is_a,point
7,8,full_text + noisy_diagram[illumination],OK,E,is_a,point
7,8,full_text + noisy_diagram[illumination],OK,ABC,is_a,triangle
7,8,full_text + noisy_diagram[illumination],OK,ADE,is_a,triangle
7,8,full_text + noisy_diagram[illumination],OK,∠B,has_measure,70_deg
7,8,full_text + noisy_diagram[illumination],OK,∠C,has_measure,30_deg
,,,,,,
8,8,full_text + noisy_diagram[illumination],OK,A,is_a,point
8,8,full_text + noisy_diagram[illumination],OK,B,is_a,point
8,8,full_text + noisy_diagram[illumination],OK,C,is_a,point
8,8,full_text + noisy_diagram[illumination],OK,D,is_a,point
8,8,full_text + noisy_diagram[illumination],OK,E,is_a,point
8,8,full_text + noisy_diagram[illumination],OK,F,is_a,point
8,8,full_text + noisy_diagram[illumination],OK,AB,is_a,segment
8,8,full_text + noisy_diagram[illumination],OK,BC,is_a,segment
8,8,full_text + noisy_diagram[illumination],OK,BF,is_a,segment
8,8,full_text + noisy_diagram[illumination],OK,EC,is_a,segment
8,8,full_text + noisy_diagram[illumination],OK,ABC,is_a,triangle
8,8,full_text + noisy_diagram[illumination],OK,DEF,is_a,triangle
8,8,full_text + noisy_diagram[illumination],OK,ABC,congruent_to,DEF
8,8,full_text + noisy_diagram[illumination],OK,A,corresponding_to,D
8,8,full_text + noisy_diagram[illumination],OK,B,corresponding_to,E
8,8,full_text + noisy_diagram[illumination],OK,BC,has_measure,5.0
8,8,full_text + noisy_diagram[illumination],OK,BF,has_measure,7.0
,,,,,,
9,8,full_text + noisy_diagram[illumination],OK,A,is_a,point
9,8,full_text + noisy_diagram[illumination],OK,B,is_a,point
9,8,full_text + noisy_diagram[illumination],OK,C,is_a,point
9,8,full_text + noisy_diagram[illumination],OK,D,is_a,point
9,8,full_text + noisy_diagram[illumination],OK,E,is_a,point
9,8,full_text + noisy_diagram[illumination],OK,AC,is_a,segment
9,8,full_text + noisy_diagram[illumination],OK,BC,is_a,segment
9,8,full_text + noisy_diagram[illumination],OK,AD,is_a,segment
9,8,full_text + noisy_diagram[illumination],OK,DE,is_a,segment
9,8,full_text + noisy_diagram[illumination],OK,AB,is_a,segment
9,8,full_text + noisy_diagram[illumination],OK,∠C,is_a,angle
9,8,full_text + noisy_diagram[illumination],OK,∠CAB,is_a,angle
9,8,full_text + noisy_diagram[illumination],OK,∠DBE,is_a,angle
9,8,full_text + noisy_diagram[illumination],OK,C,lies_on,AC
9,8,full_text + noisy_diagram[illumination],OK,C,lies_on,BC
9,8,full_text + noisy_diagram[illumination],OK,A,lies_on,AC
9,8,full_text + noisy_diagram[illumination],OK,A,lies_on,AD
9,8,full_text + noisy_diagram[illumination],OK,B,lies_on,BC
9,8,full_text + noisy_diagram[illumination],OK,B,lies_on,AB
9,8,full_text + noisy_diagram[illumination],OK,D,lies_on,BC
9,8,full_text + noisy_diagram[illumination],OK,D,lies_on,AD
9,8,full_text + noisy_diagram[illumination],OK,E,lies_on,DE
9,8,full_text + noisy_diagram[illumination],OK,E,lies_on,AB
9,8,full_text + noisy_diagram[illumination],OK,∠C,has_measure,90_deg
9,8,full_text + noisy_diagram[illumination],OK,AC,has_measure,?
9,8,full_text + noisy_diagram[illumination],OK,BC,has_measure,?
9,8,full_text + noisy_diagram[illumination],OK,AD,has_measure,?
9,8,full_text + noisy_diagram[illumination],OK,DE,has_measure,?
9,8,full_text + noisy_diagram[illumination],OK,DB,has_measure,?
9,8,full_text + noisy_diagram[illumination],OK,BE,has_measure,?
9,8,full_text + noisy_diagram[illumination],OK,AB,has_measure,6.0
9,8,full_text + noisy_diagram[illumination],OK,AC,parallel_to,?
9,8,full_text + noisy_diagram[illumination],OK,BC,parallel_to,?
9,8,full_text + noisy_diagram[illumination],OK,AD,parallel_to,?
9,8,full_text + noisy_diagram[illumination],OK,DE,parallel_to,?
9,8,full_text + noisy_diagram[illumination],OK,AC,perpendicular_to,?
9,8,full_text + noisy_diagram[illumination],OK,BC,perpendicular_to,?
9,8,full_text + noisy_diagram[illumination],OK,AD,perpendicular_to,?
9,8,full_text + noisy_diagram[illumination],OK,DE,perpendicular_to,AB
9,8,full_text + noisy_diagram[illumination],OK,AD,intersects,BC
9,8,full_text + noisy_diagram[illumination],OK,AD,intersects,D
9,8,full_text + noisy_diagram[illumination],OK,DE,intersects,AB
9,8,full_text + noisy_diagram[illumination],OK,AD,bisects,∠CAB
9,8,full_text + noisy_diagram[illumination],OK,AC,equals,BC
9,8,full_text + noisy_diagram[illumination],OK,∠CAB,has_measure,?
9,8,full_text + noisy_diagram[illumination],OK,∠DBE,has_measure,?
,,,,,,
10,8,full_text + noisy_diagram[illumination],OK,A,is_a,point
10,8,full_text + noisy_diagram[illumination],OK,A,lies_on,triangle ABC
10,8,full_text + noisy_diagram[illumination],OK,B,is_a,point
10,8,full_text + noisy_diagram[illumination],OK,B,lies_on,triangle ABC
10,8,full_text + noisy_diagram[illumination],OK,C,is_a,point
10,8,full_text + noisy_diagram[illumination],OK,C,lies_on,triangle ABC
10,8,full_text + noisy_diagram[illumination],OK,AB,is_a,segment
10,8,full_text + noisy_diagram[illumination],OK,AB,lies_on,triangle ABC
10,8,full_text + noisy_diagram[illumination],OK,AC,is_a,segment
10,8,full_text + noisy_diagram[illumination],OK,AC,lies_on,triangle ABC
10,8,full_text + noisy_diagram[illumination],OK,∠A,is_a,angle
10,8,full_text + noisy_diagram[illumination],OK,∠A,has_measure,36_deg
10,8,full_text + noisy_diagram[illumination],OK,AB,has_measure,?
10,8,full_text + noisy_diagram[illumination],OK,AC,has_measure,?
10,8,full_text + noisy_diagram[illumination],OK,E,is_a,point
10,8,full_text + noisy_diagram[illumination],OK,E,lies_on,AB
10,8,full_text + noisy_diagram[illumination],OK,D,is_a,point
10,8,full_text + noisy_diagram[illumination],OK,D,lies_on,AC
10,8,full_text + noisy_diagram[illumination],OK,ED,is_a,segment
10,8,full_text + noisy_diagram[illumination],OK,ED,perpendicular_to,AB
10,8,full_text + noisy_diagram[illumination],OK,ED,intersects,AB
10,8,full_text + noisy_diagram[illumination],OK,ED,intersects,AC
10,8,full_text + noisy_diagram[illumination],OK,BD,is_a,segment
10,8,full_text + noisy_diagram[illumination],OK,CD,is_a,segment
10,8,full_text + noisy_diagram[illumination],OK,∠BDC,is_a,angle
10,8,full_text + noisy_diagram[illumination],OK,AB,equal_to,AC
,,,,,,
11,8,full_text + noisy_diagram[illumination],OK,A,is_a,point
11,8,full_text + noisy_diagram[illumination],OK,B,is_a,point
11,8,full_text + noisy_diagram[illumination],OK,C,is_a,point
11,8,full_text + noisy_diagram[illumination],OK,D,is_a,point
11,8,full_text + noisy_diagram[illumination],OK,E,is_a,point
11,8,full_text + noisy_diagram[illumination],OK,F,is_a,point
11,8,full_text + noisy_diagram[illumination],OK,AB,is_a,segment
11,8,full_text + noisy_diagram[illumination],OK,AC,is_a,segment
11,8,full_text + noisy_diagram[illumination],OK,AD,is_a,segment
11,8,full_text + noisy_diagram[illumination],OK,AE,is_a,segment
11,8,full_text + noisy_diagram[illumination],OK,BC,is_a,segment
11,8,full_text + noisy_diagram[illumination],OK,DF,is_a,segment
11,8,full_text + noisy_diagram[illumination],OK,BF,is_a,segment
11,8,full_text + noisy_diagram[illumination],OK,CF,is_a,segment
11,8,full_text + noisy_diagram[illumination],OK,AF,is_a,segment
11,8,full_text + noisy_diagram[illumination],OK,∠C,is_a,angle
11,8,full_text + noisy_diagram[illumination],OK,∠AFC,is_a,angle
11,8,full_text + noisy_diagram[illumination],OK,∠EAD,is_a,angle
11,8,full_text + noisy_diagram[illumination],OK,∠EAF,has_measure,60_deg
11,8,full_text + noisy_diagram[illumination],OK,∠C,has_measure,36_deg
,,,,,,
14,8,full_text + noisy_diagram[illumination],OK,O,is_a,point
14,8,full_text + noisy_diagram[illumination],OK,A,is_a,point
14,8,full_text + noisy_diagram[illumination],OK,B,is_a,point
14,8,full_text + noisy_diagram[illumination],OK,C,is_a,point
14,8,full_text + noisy_diagram[illumination],OK,OAB,is_a,angle
14,8,full_text + noisy_diagram[illumination],OK,∠OAB,has_measure,35_deg
14,8,full_text + noisy_diagram[illumination],OK,A,lies_on,circle
14,8,full_text + noisy_diagram[illumination],OK,B,lies_on,circle
14,8,full_text + noisy_diagram[illumination],OK,C,lies_on,circle
14,8,full_text + noisy_diagram[illumination],OK,AB,is_a,segment
14,8,full_text + noisy_diagram[illumination],OK,BC,is_a,segment
14,8,full_text + noisy_diagram[illumination],OK,AC,is_a,segment
14,8,full_text + noisy_diagram[illumination],OK,ABC,is_a,inscribed_triangle
,,,,,,
16,8,full_text + noisy_diagram[illumination],OK,O,is_a,circle
16,8,full_text + noisy_diagram[illumination],OK,A,is_a,point
16,8,full_text + noisy_diagram[illumination],OK,B,is_a,point
16,8,full_text + noisy_diagram[illumination],OK,C,is_a,point
16,8,full_text + noisy_diagram[illumination],OK,AC,is_a,segment
16,8,full_text + noisy_diagram[illumination],OK,OB,is_a,segment
16,8,full_text + noisy_diagram[illumination],OK,AC,lies_on,circle
16,8,full_text + noisy_diagram[illumination],OK,OB,is_a,"radius_of, O"
16,8,full_text + noisy_diagram[illumination],OK,OB,radius_of,O
16,8,full_text + noisy_diagram[illumination],OK,AC,parallel_to,OB
16,8,full_text + noisy_diagram[illumination],OK,∠BOC,is_a,angle
16,8,full_text + noisy_diagram[illumination],OK,∠BOC,has_measure,50_deg
16,8,full_text + noisy_diagram[illumination],OK,∠OAB,is_a,angle
,,,,,,
17,8,full_text + noisy_diagram[illumination],OK,B,is_a,point
17,8,full_text + noisy_diagram[illumination],OK,C,is_a,point
17,8,full_text + noisy_diagram[illumination],OK,D,is_a,point
17,8,full_text + noisy_diagram[illumination],OK,O,is_a,point
17,8,full_text + noisy_diagram[illumination],OK,ABCD,is_a,parallelogram
17,8,full_text + noisy_diagram[illumination],OK,AC,is_a,segment
17,8,full_text + noisy_diagram[illumination],OK,BD,is_a,segment
17,8,full_text + noisy_diagram[illumination],OK,AO,is_a,segment
17,8,full_text + noisy_diagram[illumination],OK,OC,is_a,segment
17,8,full_text + noisy_diagram[illumination],OK,BO,is_a,segment
17,8,full_text + noisy_diagram[illumination],OK,OD,is_a,segment
17,8,full_text + noisy_diagram[illumination],OK,∠DAC,is_a,angle
17,8,full_text + noisy_diagram[illumination],OK,∠CBD,is_a,angle
17,8,full_text + noisy_diagram[illumination],OK,∠COD,is_a,angle
17,8,full_text + noisy_diagram[illumination],OK,∠DAC,has_measure,42_deg
17,8,full_text + noisy_diagram[illumination],OK,∠CBD,has_measure,23_deg
17,8,full_text + noisy_diagram[illumination],OK,AC,intersects,BD
17,8,full_text + noisy_diagram[illumination],OK,AC,intersects,"BD, at, O"
17,8,full_text + noisy_diagram[illumination],OK,∠COD,has_measure,?
,,,,,,
20,8,full_text + noisy_diagram[illumination],OK,A,is_a,point
20,8,full_text + noisy_diagram[illumination],OK,O,is_a,point
20,8,full_text + noisy_diagram[illumination],OK,B,is_a,point
20,8,full_text + noisy_diagram[illumination],OK,C,is_a,point
20,8,full_text + noisy_diagram[illumination],OK,D,is_a,point
20,8,full_text + noisy_diagram[illumination],OK,AB,is_a,segment
20,8,full_text + noisy_diagram[illumination],OK,AC,is_a,segment
20,8,full_text + noisy_diagram[illumination],OK,BC,is_a,segment
20,8,full_text + noisy_diagram[illumination],OK,CD,is_a,segment
20,8,full_text + noisy_diagram[illumination],OK,OD,is_a,segment
20,8,full_text + noisy_diagram[illumination],OK,AB,lies_on,circle O
20,8,full_text + noisy_diagram[illumination],OK,C,lies_on,circle O
20,8,full_text + noisy_diagram[illumination],OK,D,lies_on,circle O
20,8,full_text + noisy_diagram[illumination],OK,O,center_of,circle O
20,8,full_text + noisy_diagram[illumination],OK,∠DOB,is_a,angle
20,8,full_text + noisy_diagram[illumination],OK,∠DOB,has_measure,140_deg
20,8,full_text + noisy_diagram[illumination],OK,AB,diameter_of,circle O
,,,,,,
22,8,full_text + noisy_diagram[illumination],OK,A,is_a,point
22,8,full_text + noisy_diagram[illumination],OK,B,is_a,point
22,8,full_text + noisy_diagram[illumination],OK,C,is_a,point
22,8,full_text + noisy_diagram[illumination],OK,D,is_a,point
22,8,full_text + noisy_diagram[illumination],OK,M,is_a,point
22,8,full_text + noisy_diagram[illumination],OK,N,is_a,point
22,8,full_text + noisy_diagram[illumination],OK,O,is_a,point
22,8,full_text + noisy_diagram[illumination],OK,ABCD,is_a,diamond
22,8,full_text + noisy_diagram[illumination],OK,M,lies_on,AB
22,8,full_text + noisy_diagram[illumination],OK,N,lies_on,CD
22,8,full_text + noisy_diagram[illumination],OK,MN,intersects,AC
22,8,full_text + noisy_diagram[illumination],OK,MN,intersects,O
22,8,full_text + noisy_diagram[illumination],OK,BO,connects,"B, O"
22,8,full_text + noisy_diagram[illumination],OK,∠DAC,has_measure,28_deg
22,8,full_text + noisy_diagram[illumination],OK,AM,has_measure,CN
,,,,,,
25,8,full_text + noisy_diagram[illumination],OK,A,is_a,point
25,8,full_text + noisy_diagram[illumination],OK,B,is_a,point
25,8,full_text + noisy_diagram[illumination],OK,C,is_a,point
25,8,full_text + noisy_diagram[illumination],OK,E,is_a,point
25,8,full_text + noisy_diagram[illumination],OK,F,is_a,point
25,8,full_text + noisy_diagram[illumination],OK,EF,is_a,line
25,8,full_text + noisy_diagram[illumination],OK,BC,is_a,line
25,8,full_text + noisy_diagram[illumination],OK,AC,is_a,line
25,8,full_text + noisy_diagram[illumination],OK,∠B,is_a,angle
25,8,full_text + noisy_diagram[illumination],OK,∠B,has_measure,50_deg
25,8,full_text + noisy_diagram[illumination],OK,AC,connects,A
25,8,full_text + noisy_diagram[illumination],OK,AC,connects,C
25,8,full_text + noisy_diagram[illumination],OK,AB,connects,A
25,8,full_text + noisy_diagram[illumination],OK,AB,connects,B
25,8,full_text + noisy_diagram[illumination],OK,∠BAF,is_a,angle
25,8,full_text + noisy_diagram[illumination],OK,AC,bisects,∠BAF
25,8,full_text + noisy_diagram[illumination],OK,EF,parallel_to,BC
,,,,,,
26,8,full_text + noisy_diagram[illumination],OK,A,is_a,point
26,8,full_text + noisy_diagram[illumination],OK,B,is_a,point
26,8,full_text + noisy_diagram[illumination],OK,C,is_a,point
26,8,full_text + noisy_diagram[illumination],OK,AB,is_a,segment
26,8,full_text + noisy_diagram[illumination],OK,BC,is_a,segment
26,8,full_text + noisy_diagram[illumination],OK,AC,is_a,segment
26,8,full_text + noisy_diagram[illumination],OK,8m,has_measure,segment
26,8,full_text + noisy_diagram[illumination],OK,22m,has_measure,segment
26,8,full_text + noisy_diagram[illumination],OK,3.2m,has_measure,segment
26,8,full_text + noisy_diagram[illumination],OK,?,has_measure,segment
26,8,full_text + noisy_diagram[illumination],OK,∠BAC,is_a,angle
,,,,,,
29,8,full_text + noisy_diagram[illumination],OK,A,is_a,point
29,8,full_text + noisy_diagram[illumination],OK,B,is_a,point
29,8,full_text + noisy_diagram[illumination],OK,C,is_a,point
29,8,full_text + noisy_diagram[illumination],OK,D,is_a,point
29,8,full_text + noisy_diagram[illumination],OK,A,lies_on,line
29,8,full_text + noisy_diagram[illumination],OK,B,lies_on,line
29,8,full_text + noisy_diagram[illumination],OK,C,lies_on,line
29,8,full_text + noisy_diagram[illumination],OK,ABC,is_a,triangle
29,8,full_text + noisy_diagram[illumination],OK,∠A,has_measure,50_deg
29,8,full_text + noisy_diagram[illumination],OK,BD,intersects,CD
29,8,full_text + noisy_diagram[illumination],OK,D,lies_on,BD
29,8,full_text + noisy_diagram[illumination],OK,D,lies_on,CD
,,,,,,
30,8,full_text + noisy_diagram[illumination],OK,A,is_a,point
30,8,full_text + noisy_diagram[illumination],OK,O,is_a,point
30,8,full_text + noisy_diagram[illumination],OK,B,is_a,point
30,8,full_text + noisy_diagram[illumination],OK,C,is_a,point
30,8,full_text + noisy_diagram[illumination],OK,OA,is_a,segment
30,8,full_text + noisy_diagram[illumination],OK,OB,is_a,segment
30,8,full_text + noisy_diagram[illumination],OK,OC,is_a,segment
30,8,full_text + noisy_diagram[illumination],OK,ACB,is_a,angle
30,8,full_text + noisy_diagram[illumination],OK,∠ACB,is_a,angle
30,8,full_text + noisy_diagram[illumination],OK,∠AOB,is_a,angle
30,8,full_text + noisy_diagram[illumination],OK,OA,has_measure,?
30,8,full_text + noisy_diagram[illumination],OK,OB,has_measure,?
30,8,full_text + noisy_diagram[illumination],OK,OC,has_measure,?
30,8,full_text + noisy_diagram[illumination],OK,AC,lies_on,?
30,8,full_text + noisy_diagram[illumination],OK,BC,lies_on,?
30,8,full_text + noisy_diagram[illumination],OK,∠ACB,has_measure,30_deg
30,8,full_text + noisy_diagram[illumination],OK,OA = OB,is_a,equality
30,8,full_text + noisy_diagram[illumination],OK,OA = OC,is_a,equality
30,8,full_text + noisy_diagram[illumination],OK,OB = OC,is_a,equality
30,8,full_text + noisy_diagram[illumination],OK,OA,equals,OB
30,8,full_text + noisy_diagram[illumination],OK,OA,equals,OC
30,8,full_text + noisy_diagram[illumination],OK,OB,equals,OC
30,8,full_text + noisy_diagram[illumination],OK,O,center_of,?
30,8,full_text + noisy_diagram[illumination],OK,∠AOB,has_measure,?
,,,,,,
32,8,full_text + noisy_diagram[illumination],OK,A,is_a,point
32,8,full_text + noisy_diagram[illumination],OK,B,is_a,point
32,8,full_text + noisy_diagram[illumination],OK,C,is_a,point
32,8,full_text + noisy_diagram[illumination],OK,D,is_a,point
32,8,full_text + noisy_diagram[illumination],OK,E,is_a,point
32,8,full_text + noisy_diagram[illumination],OK,F,is_a,point
32,8,full_text + noisy_diagram[illumination],OK,I,is_a,point
32,8,full_text + noisy_diagram[illumination],OK,?,is_a,angle
32,8,full_text + noisy_diagram[illumination],OK,∠?,has_measure,?
32,8,full_text + noisy_diagram[illumination],OK,∠DEF,is_a,angle
32,8,full_text + noisy_diagram[illumination],OK,∠DEF,has_measure,52_deg
32,8,full_text + noisy_diagram[illumination],OK,I,is_a,center_of
32,8,full_text + noisy_diagram[illumination],OK,circle,is_a,?
32,8,full_text + noisy_diagram[illumination],OK,D,lies_on,circle
32,8,full_text + noisy_diagram[illumination],OK,E,lies_on,circle
32,8,full_text + noisy_diagram[illumination],OK,F,lies_on,circle
32,8,full_text + noisy_diagram[illumination],OK,ID,is_a,radius_of
32,8,full_text + noisy_diagram[illumination],OK,IF,is_a,radius_of
32,8,full_text + noisy_diagram[illumination],OK,IE,is_a,radius_of
32,8,full_text + noisy_diagram[illumination],OK,AB,is_a,segment
32,8,full_text + noisy_diagram[illumination],OK,BC,is_a,segment
32,8,full_text + noisy_diagram[illumination],OK,AC,is_a,segment
32,8,full_text + noisy_diagram[illumination],OK,AD,is_a,segment
32,8,full_text + noisy_diagram[illumination],OK,BD,is_a,segment
32,8,full_text + noisy_diagram[illumination],OK,BE,is_a,segment
32,8,full_text + noisy_diagram[illumination],OK,CF,is_a,segment
32,8,full_text + noisy_diagram[illumination],OK,CE,is_a,segment
32,8,full_text + noisy_diagram[illumination],OK,AF,is_a,segment
,,,,,,
34,8,full_text + noisy_diagram[illumination],OK,A,is_a,point
34,8,full_text + noisy_diagram[illumination],OK,B,is_a,point
34,8,full_text + noisy_diagram[illumination],OK,C,is_a,point
34,8,full_text + noisy_diagram[illumination],OK,D,is_a,point
34,8,full_text + noisy_diagram[illumination],OK,E,is_a,point
34,8,full_text + noisy_diagram[illumination],OK,F,is_a,point
34,8,full_text + noisy_diagram[illumination],OK,P,is_a,point
34,8,full_text + noisy_diagram[illumination],OK,Q,is_a,point
34,8,full_text + noisy_diagram[illumination],OK,AB,is_a,segment
34,8,full_text + noisy_diagram[illumination],OK,CD,is_a,segment
34,8,full_text + noisy_diagram[illumination],OK,EF,is_a,segment
34,8,full_text + noisy_diagram[illumination],OK,∠BPF,is_a,angle
34,8,full_text + noisy_diagram[illumination],OK,∠CQF,is_a,angle
34,8,full_text + noisy_diagram[illumination],OK,AB,parallel_to,CD
34,8,full_text + noisy_diagram[illumination],OK,EF,intersects,AB
34,8,full_text + noisy_diagram[illumination],OK,EF,intersects,CD
34,8,full_text + noisy_diagram[illumination],OK,P,lies_on,EF
34,8,full_text + noisy_diagram[illumination],OK,P,lies_on,AB
34,8,full_text + noisy_diagram[illumination],OK,Q,lies_on,EF
34,8,full_text + noisy_diagram[illumination],OK,Q,lies_on,CD
34,8,full_text + noisy_diagram[illumination],OK,∠BPF,has_measure,100_deg
,,,,,,
36,8,full_text + noisy_diagram[illumination],OK,A,is_a,point
36,8,full_text + noisy_diagram[illumination],OK,B,is_a,point
36,8,full_text + noisy_diagram[illumination],OK,C,is_a,point
36,8,full_text + noisy_diagram[illumination],OK,D,is_a,point
36,8,full_text + noisy_diagram[illumination],OK,O,is_a,point
36,8,full_text + noisy_diagram[illumination],OK,AB,is_a,segment
36,8,full_text + noisy_diagram[illumination],OK,AB,lies_on,circle O
36,8,full_text + noisy_diagram[illumination],OK,C,lies_on,circle O
36,8,full_text + noisy_diagram[illumination],OK,DC,tangent_to,circle O
36,8,full_text + noisy_diagram[illumination],OK,DC,intersects,line AB
36,8,full_text + noisy_diagram[illumination],OK,∠DCB,has_measure,50_deg
36,8,full_text + noisy_diagram[illumination],OK,AB,diameter_of,circle O
36,8,full_text + noisy_diagram[illumination],OK,DC,intersects,AB
36,8,full_text + noisy_diagram[illumination],OK,∠BAC,has_measure,?
,,,,,,
37,8,full_text + noisy_diagram[illumination],OK,A,is_a,point
37,8,full_text + noisy_diagram[illumination],OK,C,is_a,point
37,8,full_text + noisy_diagram[illumination],OK,O,is_a,point
37,8,full_text + noisy_diagram[illumination],OK,P,is_a,point
37,8,full_text + noisy_diagram[illumination],OK,AO,is_a,segment
37,8,full_text + noisy_diagram[illumination],OK,OP,is_a,segment
37,8,full_text + noisy_diagram[illumination],OK,AP,is_a,segment
37,8,full_text + noisy_diagram[illumination],OK,AB,is_a,line
37,8,full_text + noisy_diagram[illumination],OK,CD,is_a,line
37,8,full_text + noisy_diagram[illumination],OK,∠OCD,is_a,angle
37,8,full_text + noisy_diagram[illumination],OK,∠OAP,is_a,angle
37,8,full_text + noisy_diagram[illumination],OK,AO,has_measure,?
37,8,full_text + noisy_diagram[illumination],OK,OP,has_measure,?
37,8,full_text + noisy_diagram[illumination],OK,AP,has_measure,?
37,8,full_text + noisy_diagram[illumination],OK,AB,lies_on,A
37,8,full_text + noisy_diagram[illumination],OK,AB,lies_on,O
37,8,full_text + noisy_diagram[illumination],OK,CD,lies_on,C
37,8,full_text + noisy_diagram[illumination],OK,CD,lies_on,O
37,8,full_text + noisy_diagram[illumination],OK,AP,connects,A
37,8,full_text + noisy_diagram[illumination],OK,AP,connects,P
37,8,full_text + noisy_diagram[illumination],OK,AO,connects,A
37,8,full_text + noisy_diagram[illumination],OK,AO,connects,O
37,8,full_text + noisy_diagram[illumination],OK,OP,connects,O
37,8,full_text + noisy_diagram[illumination],OK,OP,connects,P
37,8,full_text + noisy_diagram[illumination],OK,∠OCD,has_measure,50_deg
37,8,full_text + noisy_diagram[illumination],OK,O,lies_on,CD
37,8,full_text + noisy_diagram[illumination],OK,O,lies_on,AB
37,8,full_text + noisy_diagram[illumination],OK,C,O,"P, are_collinear_with, ?"
37,8,full_text + noisy_diagram[illumination],OK,AO,has_measure,OP
37,8,full_text + noisy_diagram[illumination],OK,?,is_a,?
,,,,,,
38,8,full_text + noisy_diagram[illumination],OK,A,is_a,point
38,8,full_text + noisy_diagram[illumination],OK,B,is_a,point
38,8,full_text + noisy_diagram[illumination],OK,C,is_a,point
38,8,full_text + noisy_diagram[illumination],OK,D,is_a,point
38,8,full_text + noisy_diagram[illumination],OK,AB,is_a,segment
38,8,full_text + noisy_diagram[illumination],OK,AC,is_a,segment
38,8,full_text + noisy_diagram[illumination],OK,AD,is_a,line
38,8,full_text + noisy_diagram[illumination],OK,BC,is_a,segment
38,8,full_text + noisy_diagram[illumination],OK,AB,has_measure,?
38,8,full_text + noisy_diagram[illumination],OK,AC,has_measure,?
38,8,full_text + noisy_diagram[illumination],OK,BC,has_measure,?
38,8,full_text + noisy_diagram[illumination],OK,AD,parallel_to,BC
38,8,full_text + noisy_diagram[illumination],OK,∠CAD,has_measure,70_deg
38,8,full_text + noisy_diagram[illumination],OK,AB,is_a,AC
38,8,full_text + noisy_diagram[illumination],OK,∠BAC,has_measure,?
,,,,,,
40,8,full_text + noisy_diagram[illumination],OK,a,is_a,line
40,8,full_text + noisy_diagram[illumination],OK,b,is_a,line
40,8,full_text + noisy_diagram[illumination],OK,c,is_a,line
40,8,full_text + noisy_diagram[illumination],OK,A,is_a,point
40,8,full_text + noisy_diagram[illumination],OK,B,is_a,point
40,8,full_text + noisy_diagram[illumination],OK,C,is_a,point
40,8,full_text + noisy_diagram[illumination],OK,E,is_a,point
40,8,full_text + noisy_diagram[illumination],OK,F,is_a,point
40,8,full_text + noisy_diagram[illumination],OK,a,lies_on,A
40,8,full_text + noisy_diagram[illumination],OK,a,lies_on,E
40,8,full_text + noisy_diagram[illumination],OK,b,lies_on,B
40,8,full_text + noisy_diagram[illumination],OK,b,lies_on,F
40,8,full_text + noisy_diagram[illumination],OK,c,lies_on,E
40,8,full_text + noisy_diagram[illumination],OK,c,lies_on,F
40,8,full_text + noisy_diagram[illumination],OK,c,intersects,a
40,8,full_text + noisy_diagram[illumination],OK,c,intersects,b
40,8,full_text + noisy_diagram[illumination],OK,a,parallel_to,b
40,8,full_text + noisy_diagram[illumination],OK,\angle AEC,has_measure,50_deg
40,8,full_text + noisy_diagram[illumination],OK,A,lies_on,a
40,8,full_text + noisy_diagram[illumination],OK,B,lies_on,b
40,8,full_text + noisy_diagram[illumination],OK,E,lies_on,a
40,8,full_text + noisy_diagram[illumination],OK,E,lies_on,c
40,8,full_text + noisy_diagram[illumination],OK,F,lies_on,b
40,8,full_text + noisy_diagram[illumination],OK,F,lies_on,c
,,,,,,
43,8,full_text + noisy_diagram[illumination],OK,A,is_a,point
43,8,full_text + noisy_diagram[illumination],OK,O,is_a,point
43,8,full_text + noisy_diagram[illumination],OK,B,is_a,point
43,8,full_text + noisy_diagram[illumination],OK,C,is_a,point
43,8,full_text + noisy_diagram[illumination],OK,D,is_a,point
43,8,full_text + noisy_diagram[illumination],OK,AO,is_a,segment
43,8,full_text + noisy_diagram[illumination],OK,OD,is_a,segment
43,8,full_text + noisy_diagram[illumination],OK,OC,is_a,segment
43,8,full_text + noisy_diagram[illumination],OK,OB,is_a,segment
43,8,full_text + noisy_diagram[illumination],OK,∠AOC,is_a,angle
43,8,full_text + noisy_diagram[illumination],OK,∠DOB,is_a,angle
43,8,full_text + noisy_diagram[illumination],OK,∠AOD,has_measure,30_deg
43,8,full_text + noisy_diagram[illumination],OK,∠AOC,has_measure,100_deg
43,8,full_text + noisy_diagram[illumination],OK,O,center_of,rotation
43,8,full_text + noisy_diagram[illumination],OK,A,mapped_to,D
43,8,full_text + noisy_diagram[illumination],OK,B,mapped_to,C
43,8,full_text + noisy_diagram[illumination],OK,OD,is_a,"image_of, OA"
43,8,full_text + noisy_diagram[illumination],OK,OC,is_a,"image_of, OB"
,,,,,,
44,8,full_text + noisy_diagram[illumination],OK,25,has_measure,25_units
44,8,full_text + noisy_diagram[illumination],OK,30,has_measure,30_units
44,8,full_text + noisy_diagram[illumination],OK,1.5,has_measure,1.5_units
44,8,full_text + noisy_diagram[illumination],OK,Xiaogang,has_measure,1.5_units
44,8,full_text + noisy_diagram[illumination],OK,A,is_a,point
44,8,full_text + noisy_diagram[illumination],OK,B,is_a,point
44,8,full_text + noisy_diagram[illumination],OK,O,is_a,point
44,8,full_text + noisy_diagram[illumination],OK,AB,is_a,segment
44,8,full_text + noisy_diagram[illumination],OK,∠ABO or ∠BAO,is_a,angle
44,8,full_text + noisy_diagram[illumination],OK,25,lies_on,AB
44,8,full_text + noisy_diagram[illumination],OK,30,lies_on,AB
44,8,full_text + noisy_diagram[illumination],OK,1.5,is_a,height
44,8,full_text + noisy_diagram[illumination],OK,?,is_a,height
,,,,,,
45,8,full_text + noisy_diagram[illumination],OK,O,is_a,point
45,8,full_text + noisy_diagram[illumination],OK,A,is_a,point
45,8,full_text + noisy_diagram[illumination],OK,B,is_a,point
45,8,full_text + noisy_diagram[illumination],OK,C,is_a,point
45,8,full_text + noisy_diagram[illumination],OK,AO,is_a,segment
45,8,full_text + noisy_diagram[illumination],OK,BO,is_a,segment
45,8,full_text + noisy_diagram[illumination],OK,AC,is_a,segment
45,8,full_text + noisy_diagram[illumination],OK,BC,is_a,segment
45,8,full_text + noisy_diagram[illumination],OK,∠ACB,is_a,angle
45,8,full_text + noisy_diagram[illumination],OK,O,center_of,circle
45,8,full_text + noisy_diagram[illumination],OK,A,lies_on,circle
45,8,full_text + noisy_diagram[illumination],OK,B,lies_on,circle
45,8,full_text + noisy_diagram[illumination],OK,C,lies_on,circle
45,8,full_text + noisy_diagram[illumination],OK,AO,radius_of,circle
45,8,full_text + noisy_diagram[illumination],OK,BO,radius_of,circle
45,8,full_text + noisy_diagram[illumination],OK,∠ACB,has_measure,35_deg
45,8,full_text + noisy_diagram[illumination],OK,∠AOB,is_a,angle
,,,,,,
46,8,full_text + noisy_diagram[illumination],OK,A,is_a,point
46,8,full_text + noisy_diagram[illumination],OK,B,is_a,point
46,8,full_text + noisy_diagram[illumination],OK,C,is_a,point
46,8,full_text + noisy_diagram[illumination],OK,D,is_a,point
46,8,full_text + noisy_diagram[illumination],OK,AB,is_a,line
46,8,full_text + noisy_diagram[illumination],OK,CD,is_a,line
46,8,full_text + noisy_diagram[illumination],OK,AC,is_a,transversal
46,8,full_text + noisy_diagram[illumination],OK,∠A,has_measure,70_deg
46,8,full_text + noisy_diagram[illumination],OK,AB,parallel_to,CD
,,,,,,
48,8,full_text + noisy_diagram[illumination],OK,B,is_a,point
48,8,full_text + noisy_diagram[illumination],OK,C,is_a,point
48,8,full_text + noisy_diagram[illumination],OK,A,is_a,point
48,8,full_text + noisy_diagram[illumination],OK,O,center_of,circle
48,8,full_text + noisy_diagram[illumination],OK,B,lies_on,circle
48,8,full_text + noisy_diagram[illumination],OK,C,lies_on,circle
48,8,full_text + noisy_diagram[illumination],OK,A,lies_on,circle
48,8,full_text + noisy_diagram[illumination],OK,∠BOC,is_a,angle
48,8,full_text + noisy_diagram[illumination],OK,∠BOC,has_measure,100_deg
48,8,full_text + noisy_diagram[illumination],OK,∠BAC,is_a,angle
,,,,,,
49,8,full_text + noisy_diagram[illumination],OK,A,is_a,point
49,8,full_text + noisy_diagram[illumination],OK,B,is_a,point
49,8,full_text + noisy_diagram[illumination],OK,C,is_a,point
49,8,full_text + noisy_diagram[illumination],OK,D,is_a,point
49,8,full_text + noisy_diagram[illumination],OK,E,is_a,point
49,8,full_text + noisy_diagram[illumination],OK,A,lies_on,circle
49,8,full_text + noisy_diagram[illumination],OK,B,lies_on,circle
49,8,full_text + noisy_diagram[illumination],OK,C,lies_on,circle
49,8,full_text + noisy_diagram[illumination],OK,D,lies_on,circle
49,8,full_text + noisy_diagram[illumination],OK,E,lies_on,circle
49,8,full_text + noisy_diagram[illumination],OK,BAC,is_a,angle
49,8,full_text + noisy_diagram[illumination],OK,BAC,has_measure,30_deg
49,8,full_text + noisy_diagram[illumination],OK,AED,is_a,angle
49,8,full_text + noisy_diagram[illumination],OK,AED,has_measure,115_deg
,,,,,,
50,8,full_text + noisy_diagram[illumination],OK,A,is_a,point
50,8,full_text + noisy_diagram[illumination],OK,O,is_a,point
50,8,full_text + noisy_diagram[illumination],OK,E,is_a,point
50,8,full_text + noisy_diagram[illumination],OK,B,is_a,point
50,8,full_text + noisy_diagram[illumination],OK,D,is_a,point
50,8,full_text + noisy_diagram[illumination],OK,C,is_a,point
50,8,full_text + noisy_diagram[illumination],OK,AO,is_a,segment
50,8,full_text + noisy_diagram[illumination],OK,OB,is_a,segment
50,8,full_text + noisy_diagram[illumination],OK,OC,is_a,segment
50,8,full_text + noisy_diagram[illumination],OK,OD,is_a,segment
50,8,full_text + noisy_diagram[illumination],OK,OE,is_a,segment
50,8,full_text + noisy_diagram[illumination],OK,AB,is_a,line
50,8,full_text + noisy_diagram[illumination],OK,CD,is_a,line
50,8,full_text + noisy_diagram[illumination],OK,EO,is_a,segment
50,8,full_text + noisy_diagram[illumination],OK,∠BOD,is_a,angle
50,8,full_text + noisy_diagram[illumination],OK,∠COE,is_a,angle
50,8,full_text + noisy_diagram[illumination],OK,B,lies_on,AB
50,8,full_text + noisy_diagram[illumination],OK,O,lies_on,AB
50,8,full_text + noisy_diagram[illumination],OK,O,lies_on,CD
50,8,full_text + noisy_diagram[illumination],OK,O,lies_on,EO
50,8,full_text + noisy_diagram[illumination],OK,EO,perpendicular_to,AB
50,8,full_text + noisy_diagram[illumination],OK,∠BOD,has_measure,50_deg
,,,,,,
53,8,full_text + noisy_diagram[illumination],OK,C,is_a,point
53,8,full_text + noisy_diagram[illumination],OK,1,is_a,point
53,8,full_text + noisy_diagram[illumination],OK,a,is_a,line
53,8,full_text + noisy_diagram[illumination],OK,b,is_a,line
53,8,full_text + noisy_diagram[illumination],OK,C1 or angle at C,has_measure,55_deg
53,8,full_text + noisy_diagram[illumination],OK,angle at C,has_measure,55_deg
53,8,full_text + noisy_diagram[illumination],OK,c,is_a,line
53,8,full_text + noisy_diagram[illumination],OK,1,lies_on,a
53,8,full_text + noisy_diagram[illumination],OK,1,lies_on,c
53,8,full_text + noisy_diagram[illumination],OK,2,lies_on,b
53,8,full_text + noisy_diagram[illumination],OK,c,intersects,a
53,8,full_text + noisy_diagram[illumination],OK,c,intersects,b
53,8,full_text + noisy_diagram[illumination],OK,C,lies_on,c
53,8,full_text + noisy_diagram[illumination],OK,2,is_a,angle
,,,,,,
55,8,full_text + noisy_diagram[illumination],OK,A,is_a,point
55,8,full_text + noisy_diagram[illumination],OK,B,is_a,point
55,8,full_text + noisy_diagram[illumination],OK,C,is_a,point
55,8,full_text + noisy_diagram[illumination],OK,D,is_a,point
55,8,full_text + noisy_diagram[illumination],OK,O,is_a,point
55,8,full_text + noisy_diagram[illumination],OK,M,is_a,point
55,8,full_text + noisy_diagram[illumination],OK,N,is_a,point
55,8,full_text + noisy_diagram[illumination],OK,AB,is_a,line
55,8,full_text + noisy_diagram[illumination],OK,CD,is_a,line
55,8,full_text + noisy_diagram[illumination],OK,OM,is_a,line
55,8,full_text + noisy_diagram[illumination],OK,ON,is_a,line
55,8,full_text + noisy_diagram[illumination],OK,∠AOC,is_a,angle
55,8,full_text + noisy_diagram[illumination],OK,∠AOC,has_measure,70_deg
55,8,full_text + noisy_diagram[illumination],OK,OM,intersects,CD
55,8,full_text + noisy_diagram[illumination],OK,OM,intersects,AB
55,8,full_text + noisy_diagram[illumination],OK,ON,intersects,CD
55,8,full_text + noisy_diagram[illumination],OK,ON,intersects,AB
55,8,full_text + noisy_diagram[illumination],OK,OM,lies_on,AB
55,8,full_text + noisy_diagram[illumination],OK,ON,lies_on,CD
55,8,full_text + noisy_diagram[illumination],OK,OM,connects,A
55,8,full_text + noisy_diagram[illumination],OK,OM,connects,C
55,8,full_text + noisy_diagram[illumination],OK,ON,connects,C
55,8,full_text + noisy_diagram[illumination],OK,ON,connects,D
55,8,full_text + noisy_diagram[illumination],OK,OM,is_perpendicular_to,ON
55,8,full_text + noisy_diagram[illumination],OK,ON,is_perpendicular_to,OM
55,8,full_text + noisy_diagram[illumination],OK,OM,bisects,∠AOC
,,,,,,
56,8,full_text + noisy_diagram[illumination],OK,O,is_a,point
56,8,full_text + noisy_diagram[illumination],OK,C,is_a,point
56,8,full_text + noisy_diagram[illumination],OK,D,is_a,point
56,8,full_text + noisy_diagram[illumination],OK,E,is_a,point
56,8,full_text + noisy_diagram[illumination],OK,F,is_a,point
56,8,full_text + noisy_diagram[illumination],OK,G,is_a,point
56,8,full_text + noisy_diagram[illumination],OK,CD,is_a,segment
56,8,full_text + noisy_diagram[illumination],OK,EF,is_a,segment
56,8,full_text + noisy_diagram[illumination],OK,O,center_of,circle
56,8,full_text + noisy_diagram[illumination],OK,CD,diameter_of,circle
56,8,full_text + noisy_diagram[illumination],OK,C,lies_on,circle
56,8,full_text + noisy_diagram[illumination],OK,E,lies_on,circle
56,8,full_text + noisy_diagram[illumination],OK,F,lies_on,circle
56,8,full_text + noisy_diagram[illumination],OK,CD,intersects,EF
56,8,full_text + noisy_diagram[illumination],OK,EF,intersects,CD
56,8,full_text + noisy_diagram[illumination],OK,G,lies_on,EF
56,8,full_text + noisy_diagram[illumination],OK,G,lies_on,CD
56,8,full_text + noisy_diagram[illumination],OK,G,is_a,"midpoint_of, EF"
56,8,full_text + noisy_diagram[illumination],OK,∠DCF,has_measure,20_deg
56,8,full_text + noisy_diagram[illumination],OK,∠DCF,is_a,angle
,,,,,,
57,8,full_text + noisy_diagram[illumination],OK,A,is_a,point
57,8,full_text + noisy_diagram[illumination],OK,B,is_a,point
57,8,full_text + noisy_diagram[illumination],OK,C,is_a,point
57,8,full_text + noisy_diagram[illumination],OK,D,is_a,point
57,8,full_text + noisy_diagram[illumination],OK,AB,is_a,segment
57,8,full_text + noisy_diagram[illumination],OK,CD,is_a,segment
57,8,full_text + noisy_diagram[illumination],OK,AD,is_a,segment
57,8,full_text + noisy_diagram[illumination],OK,BC,is_a,segment
57,8,full_text + noisy_diagram[illumination],OK,AB,parallel_to,CD
57,8,full_text + noisy_diagram[illumination],OK,AB,lies_on,line
57,8,full_text + noisy_diagram[illumination],OK,CD,lies_on,line
57,8,full_text + noisy_diagram[illumination],OK,A,lies_on,AB
57,8,full_text + noisy_diagram[illumination],OK,B,lies_on,AB
57,8,full_text + noisy_diagram[illumination],OK,C,lies_on,CD
57,8,full_text + noisy_diagram[illumination],OK,D,lies_on,CD
57,8,full_text + noisy_diagram[illumination],OK,ABC,has_measure,20_deg
57,8,full_text + noisy_diagram[illumination],OK,ABC,is_a,angle
,,,,,,
58,8,full_text + noisy_diagram[illumination],OK,A,is_a,point
58,8,full_text + noisy_diagram[illumination],OK,B,is_a,point
58,8,full_text + noisy_diagram[illumination],OK,C,is_a,point
58,8,full_text + noisy_diagram[illumination],OK,D,is_a,point
58,8,full_text + noisy_diagram[illumination],OK,E,is_a,point
58,8,full_text + noisy_diagram[illumination],OK,AB,is_a,line
58,8,full_text + noisy_diagram[illumination],OK,CD,is_a,line
58,8,full_text + noisy_diagram[illumination],OK,A,lies_on,AB
58,8,full_text + noisy_diagram[illumination],OK,B,lies_on,AB
58,8,full_text + noisy_diagram[illumination],OK,E,lies_on,AB
58,8,full_text + noisy_diagram[illumination],OK,C,lies_on,CD
58,8,full_text + noisy_diagram[illumination],OK,D,lies_on,CD
58,8,full_text + noisy_diagram[illumination],OK,CE,is_a,segment
58,8,full_text + noisy_diagram[illumination],OK,ED,is_a,segment
58,8,full_text + noisy_diagram[illumination],OK,∠CED,is_a,angle
58,8,full_text + noisy_diagram[illumination],OK,∠AEC,is_a,angle
58,8,full_text + noisy_diagram[illumination],OK,∠AEC,has_measure,35_deg
58,8,full_text + noisy_diagram[illumination],OK,∠CED,has_measure,90_deg
58,8,full_text + noisy_diagram[illumination],OK,AB,parallel_to,CD
,,,,,,
59,8,full_text + noisy_diagram[illumination],OK,A,is_a,point
59,8,full_text + noisy_diagram[illumination],OK,B,is_a,point
59,8,full_text + noisy_diagram[illumination],OK,C,is_a,point
59,8,full_text + noisy_diagram[illumination],OK,D,is_a,point
59,8,full_text + noisy_diagram[illumination],OK,AB,is_a,line
59,8,full_text + noisy_diagram[illumination],OK,CD,is_a,line
59,8,full_text + noisy_diagram[illumination],OK,A,lies_on,AB
59,8,full_text + noisy_diagram[illumination],OK,B,lies_on,AB
59,8,full_text + noisy_diagram[illumination],OK,C,lies_on,CD
59,8,full_text + noisy_diagram[illumination],OK,D,lies_on,CD
59,8,full_text + noisy_diagram[illumination],OK,AC,is_a,segment
59,8,full_text + noisy_diagram[illumination],OK,AD,is_a,segment
59,8,full_text + noisy_diagram[illumination],OK,AD,intersects,CD
59,8,full_text + noisy_diagram[illumination],OK,AD,intersects,AB
59,8,full_text + noisy_diagram[illumination],OK,∠ACD,is_a,angle
59,8,full_text + noisy_diagram[illumination],OK,∠ACD,has_measure,80_deg
59,8,full_text + noisy_diagram[illumination],OK,AB,parallel_to,CD
59,8,full_text + noisy_diagram[illumination],OK,AD,bisects,∠BAC
,,,,,,
60,8,full_text + noisy_diagram[illumination],OK,A,is_a,point
60,8,full_text + noisy_diagram[illumination],OK,B,is_a,point
60,8,full_text + noisy_diagram[illumination],OK,C,is_a,point
60,8,full_text + noisy_diagram[illumination],OK,D,is_a,point
60,8,full_text + noisy_diagram[illumination],OK,AB,is_a,segment
60,8,full_text + noisy_diagram[illumination],OK,CD,is_a,segment
60,8,full_text + noisy_diagram[illumination],OK,∠2,is_a,angle
60,8,full_text + noisy_diagram[illumination],OK,∠1,is_a,angle
60,8,full_text + noisy_diagram[illumination],OK,AB,parallel_to,CD
60,8,full_text + noisy_diagram[illumination],OK,∠2,has_measure,135_deg
60,8,full_text + noisy_diagram[illumination],OK,∠2,lies_on,CD
60,8,full_text + noisy_diagram[illumination],OK,∠1,lies_on,AB
,,,,,,
64,8,full_text + noisy_diagram[illumination],OK,O,is_a,point
64,8,full_text + noisy_diagram[illumination],OK,A,is_a,point
64,8,full_text + noisy_diagram[illumination],OK,B,is_a,point
64,8,full_text + noisy_diagram[illumination],OK,AB,is_a,segment
64,8,full_text + noisy_diagram[illumination],OK,AO,is_a,radius_of
64,8,full_text + noisy_diagram[illumination],OK,diameter_of,has_measure,200_units
64,8,full_text + noisy_diagram[illumination],OK,AB,has_measure,160_units
64,8,full_text + noisy_diagram[illumination],OK,O,center_of,circle
64,8,full_text + noisy_diagram[illumination],OK,A,lies_on,circle
64,8,full_text + noisy_diagram[illumination],OK,B,lies_on,circle
64,8,full_text + noisy_diagram[illumination],OK,O,is_a,center_of
,,,,,,
72,8,full_text + noisy_diagram[illumination],OK,O,is_a,", is_a, segment"
72,8,full_text + noisy_diagram[illumination],OK,BC,is_a,"D, is_a"
72,8,full_text + noisy_diagram[illumination],OK,DA,is_a,segment
72,8,full_text + noisy_diagram[illumination],OK,O,is_a,intersection
72,8,full_text + noisy_diagram[illumination],OK,O,lies_on,BD
72,8,full_text + noisy_diagram[illumination],OK,E,lies_on,AD
72,8,full_text + noisy_diagram[illumination],OK,BC,has_measure,?
72,8,full_text + noisy_diagram[illumination],OK,DA,has_measure,?
72,8,full_text + noisy_diagram[illumination],OK,CE,is_a,?)
,,,,,,
73,8,full_text + noisy_diagram[illumination],OK,A,is_a,point
73,8,full_text + noisy_diagram[illumination],OK,B,is_a,point
73,8,full_text + noisy_diagram[illumination],OK,C,is_a,point
73,8,full_text + noisy_diagram[illumination],OK,O,is_a,point
73,8,full_text + noisy_diagram[illumination],OK,AB,is_a,segment
73,8,full_text + noisy_diagram[illumination],OK,BC,is_a,segment
73,8,full_text + noisy_diagram[illumination],OK,CA,is_a,segment
73,8,full_text + noisy_diagram[illumination],OK,AO,is_a,segment
73,8,full_text + noisy_diagram[illumination],OK,BO,is_a,segment
73,8,full_text + noisy_diagram[illumination],OK,CO,is_a,segment
73,8,full_text + noisy_diagram[illumination],OK,∠ABC,is_a,angle
73,8,full_text + noisy_diagram[illumination],OK,∠AOC,is_a,angle
73,8,full_text + noisy_diagram[illumination],OK,A,lies_on,circle
73,8,full_text + noisy_diagram[illumination],OK,B,lies_on,circle
73,8,full_text + noisy_diagram[illumination],OK,C,lies_on,circle
73,8,full_text + noisy_diagram[illumination],OK,AO,connects,"A, O"
73,8,full_text + noisy_diagram[illumination],OK,BO,connects,"B, O"
73,8,full_text + noisy_diagram[illumination],OK,CO,connects,"C, O"
73,8,full_text + noisy_diagram[illumination],OK,∠ABC,has_measure,70_deg
73,8,full_text + noisy_diagram[illumination],OK,AO,radius_of,circle
73,8,full_text + noisy_diagram[illumination],OK,BO,radius_of,circle
73,8,full_text + noisy_diagram[illumination],OK,CO,radius_of,circle
73,8,full_text + noisy_diagram[illumination],OK,ABC,lies_on,circle
,,,,,,
78,8,full_text + noisy_diagram[illumination],OK,B,is_a,point
78,8,full_text + noisy_diagram[illumination],OK,C,is_a,point
78,8,full_text + noisy_diagram[illumination],OK,D,is_a,point
78,8,full_text + noisy_diagram[illumination],OK,CD,is_a,line
78,8,full_text + noisy_diagram[illumination],OK,AC,is_a,segment
78,8,full_text + noisy_diagram[illumination],OK,AE,is_a,segment
78,8,full_text + noisy_diagram[illumination],OK,CE,is_a,segment
78,8,full_text + noisy_diagram[illumination],OK,AB,parallel_to,CD
78,8,full_text + noisy_diagram[illumination],OK,A,lies_on,AB
78,8,full_text + noisy_diagram[illumination],OK,B,lies_on,AB
78,8,full_text + noisy_diagram[illumination],OK,C,lies_on,CD
78,8,full_text + noisy_diagram[illumination],OK,E,lies_on,CD
78,8,full_text + noisy_diagram[illumination],OK,D,lies_on,CD
78,8,full_text + noisy_diagram[illumination],OK,AE,intersects,CD
78,8,full_text + noisy_diagram[illumination],OK,ACE,has_measure,_deg
78,8,full_text + noisy_diagram[illumination],OK,AE,bisects,CAB
,,,,,,
79,8,full_text + noisy_diagram[illumination],OK,A,is_a,point
79,8,full_text + noisy_diagram[illumination],OK,B,is_a,point
79,8,full_text + noisy_diagram[illumination],OK,C,is_a,point
79,8,full_text + noisy_diagram[illumination],OK,D,is_a,point
79,8,full_text + noisy_diagram[illumination],OK,E,is_a,point
79,8,full_text + noisy_diagram[illumination],OK,O,is_a,point
79,8,full_text + noisy_diagram[illumination],OK,ABCD,is_a,parallelogram
79,8,full_text + noisy_diagram[illumination],OK,AB,is_a,segment
79,8,full_text + noisy_diagram[illumination],OK,BC,is_a,segment
79,8,full_text + noisy_diagram[illumination],OK,CD,is_a,segment
79,8,full_text + noisy_diagram[illumination],OK,DA,is_a,segment
79,8,full_text + noisy_diagram[illumination],OK,AC,is_a,segment
79,8,full_text + noisy_diagram[illumination],OK,BD,is_a,segment
79,8,full_text + noisy_diagram[illumination],OK,AE,is_a,segment
79,8,full_text + noisy_diagram[illumination],OK,CE,is_a,segment
79,8,full_text + noisy_diagram[illumination],OK,ED,is_a,segment
79,8,full_text + noisy_diagram[illumination],OK,AD,has_measure,?
79,8,full_text + noisy_diagram[illumination],OK,AB + BC + CD + DA,has_measure,32
79,8,full_text + noisy_diagram[illumination],OK,CE + ED,has_measure,AD
79,8,full_text + noisy_diagram[illumination],OK,AC,intersects,BD
79,8,full_text + noisy_diagram[illumination],OK,AC,intersects,O
79,8,full_text + noisy_diagram[illumination],OK,BD,intersects,O
79,8,full_text + noisy_diagram[illumination],OK,O,lies_on,AC
79,8,full_text + noisy_diagram[illumination],OK,O,lies_on,BD
79,8,full_text + noisy_diagram[illumination],OK,E,lies_on,AD
79,8,full_text + noisy_diagram[illumination],OK,EO,is_perpendicular_to,AC
,,,,,,
81,8,full_text + noisy_diagram[illumination],OK,A,is_a,point
81,8,full_text + noisy_diagram[illumination],OK,B,is_a,point
81,8,full_text + noisy_diagram[illumination],OK,C,is_a,point
81,8,full_text + noisy_diagram[illumination],OK,D,is_a,point
81,8,full_text + noisy_diagram[illumination],OK,E,is_a,point
81,8,full_text + noisy_diagram[illumination],OK,BAC,is_a,angle
81,8,full_text + noisy_diagram[illumination],OK,ABC,is_a,angle
81,8,full_text + noisy_diagram[illumination],OK,DAE,is_a,angle
81,8,full_text + noisy_diagram[illumination],OK,BAC,has_measure,90_deg
81,8,full_text + noisy_diagram[illumination],OK,ABC,has_measure,50_deg
81,8,full_text + noisy_diagram[illumination],OK,AD,intersects,BC
81,8,full_text + noisy_diagram[illumination],OK,AE,intersects,BC
81,8,full_text + noisy_diagram[illumination],OK,AD,is_perpendicular_to,BC
81,8,full_text + noisy_diagram[illumination],OK,AE,is_a,segment
81,8,full_text + noisy_diagram[illumination],OK,AD,is_a,segment
81,8,full_text + noisy_diagram[illumination],OK,AD,connects,"A, D"
81,8,full_text + noisy_diagram[illumination],OK,AE,connects,"A, E"
,,,,,,
84,8,full_text + noisy_diagram[illumination],OK,O,is_a,point
84,8,full_text + noisy_diagram[illumination],OK,A,is_a,point
84,8,full_text + noisy_diagram[illumination],OK,B,is_a,point
84,8,full_text + noisy_diagram[illumination],OK,C,is_a,point
84,8,full_text + noisy_diagram[illumination],OK,AO,has_measure,1.0
84,8,full_text + noisy_diagram[illumination],OK,BO,has_measure,1.0
84,8,full_text + noisy_diagram[illumination],OK,CO,has_measure,1.0
84,8,full_text + noisy_diagram[illumination],OK,AO,is_a,radius_of
84,8,full_text + noisy_diagram[illumination],OK,BO,is_a,radius_of
84,8,full_text + noisy_diagram[illumination],OK,CO,is_a,radius_of
84,8,full_text + noisy_diagram[illumination],OK,O,is_a,center_of
84,8,full_text + noisy_diagram[illumination],OK,∠BAC,has_measure,60_deg
84,8,full_text + noisy_diagram[illumination],OK,A,lies_on,circle
84,8,full_text + noisy_diagram[illumination],OK,B,lies_on,circle
84,8,full_text + noisy_diagram[illumination],OK,C,lies_on,circle
84,8,full_text + noisy_diagram[illumination],OK,AO,has_measure,1_units
84,8,full_text + noisy_diagram[illumination],OK,BO,has_measure,1_units
84,8,full_text + noisy_diagram[illumination],OK,CO,has_measure,1_units
84,8,full_text + noisy_diagram[illumination],OK,O,is_a,"center_of, circle"
84,8,full_text + noisy_diagram[illumination],OK,AO,is_a,"radius_of, circle"
84,8,full_text + noisy_diagram[illumination],OK,BO,is_a,"radius_of, circle"
84,8,full_text + noisy_diagram[illumination],OK,CO,is_a,"radius_of, circle"
84,8,full_text + noisy_diagram[illumination],OK,∠BAC,is_a,angle
84,8,full_text + noisy_diagram[illumination],OK,AO,connects,"A, O"
84,8,full_text + noisy_diagram[illumination],OK,BO,connects,"B, O"
84,8,full_text + noisy_diagram[illumination],OK,CO,connects,"C, O"
84,8,full_text + noisy_diagram[illumination],OK,BC,is_a,segment
84,8,full_text + noisy_diagram[illumination],OK,BC,has_measure,?
84,8,full_text + noisy_diagram[illumination],OK,AO,radius_of,circle
84,8,full_text + noisy_diagram[illumination],OK,BO,radius_of,circle
84,8,full_text + noisy_diagram[illumination],OK,CO,radius_of,circle
,,,,,,
86,8,full_text + noisy_diagram[illumination],OK,A,is_a,point
86,8,full_text + noisy_diagram[illumination],OK,O,is_a,point
86,8,full_text + noisy_diagram[illumination],OK,B,is_a,point
86,8,full_text + noisy_diagram[illumination],OK,C,is_a,point
86,8,full_text + noisy_diagram[illumination],OK,AB,is_a,segment
86,8,full_text + noisy_diagram[illumination],OK,BC,is_a,segment
86,8,full_text + noisy_diagram[illumination],OK,AC,is_a,segment
86,8,full_text + noisy_diagram[illumination],OK,OB,is_a,segment
86,8,full_text + noisy_diagram[illumination],OK,OC,is_a,segment
86,8,full_text + noisy_diagram[illumination],OK,O,center_of,circle
86,8,full_text + noisy_diagram[illumination],OK,circle,has_measure,?
86,8,full_text + noisy_diagram[illumination],OK,OB,has_measure,2_units
86,8,full_text + noisy_diagram[illumination],OK,OC,has_measure,2_units
86,8,full_text + noisy_diagram[illumination],OK,∠BAC,has_measure,60_deg
86,8,full_text + noisy_diagram[illumination],OK,B,lies_on,circle
86,8,full_text + noisy_diagram[illumination],OK,C,lies_on,circle
86,8,full_text + noisy_diagram[illumination],OK,A,lies_on,circle
,,,,,,
88,8,full_text + noisy_diagram[illumination],OK,A,is_a,point
88,8,full_text + noisy_diagram[illumination],OK,O,is_a,point
88,8,full_text + noisy_diagram[illumination],OK,B,is_a,point
88,8,full_text + noisy_diagram[illumination],OK,C,is_a,point
88,8,full_text + noisy_diagram[illumination],OK,AB,is_a,segment
88,8,full_text + noisy_diagram[illumination],OK,AC,is_a,segment
88,8,full_text + noisy_diagram[illumination],OK,BC,is_a,segment
88,8,full_text + noisy_diagram[illumination],OK,AO,is_a,segment
88,8,full_text + noisy_diagram[illumination],OK,BO,is_a,segment
88,8,full_text + noisy_diagram[illumination],OK,CO,is_a,segment
88,8,full_text + noisy_diagram[illumination],OK,∠ABO,is_a,angle
88,8,full_text + noisy_diagram[illumination],OK,∠ACO,is_a,angle
88,8,full_text + noisy_diagram[illumination],OK,∠ABO,has_measure,22_deg
88,8,full_text + noisy_diagram[illumination],OK,∠ACO,has_measure,42_deg
,,,,,,
95,8,full_text + noisy_diagram[illumination],OK,A,is_a,point
95,8,full_text + noisy_diagram[illumination],OK,O,is_a,point
95,8,full_text + noisy_diagram[illumination],OK,B,is_a,point
95,8,full_text + noisy_diagram[illumination],OK,C,is_a,point
95,8,full_text + noisy_diagram[illumination],OK,D,is_a,point
95,8,full_text + noisy_diagram[illumination],OK,AO,is_a,segment
95,8,full_text + noisy_diagram[illumination],OK,OC,is_a,segment
95,8,full_text + noisy_diagram[illumination],OK,AB,is_a,segment
95,8,full_text + noisy_diagram[illumination],OK,BC,is_a,segment
95,8,full_text + noisy_diagram[illumination],OK,OD,is_a,segment
95,8,full_text + noisy_diagram[illumination],OK,AD,is_a,segment
95,8,full_text + noisy_diagram[illumination],OK,DC,is_a,segment
95,8,full_text + noisy_diagram[illumination],OK,∠AOD,is_a,angle
95,8,full_text + noisy_diagram[illumination],OK,∠ADC,is_a,angle
95,8,full_text + noisy_diagram[illumination],OK,∠A,is_a,angle
95,8,full_text + noisy_diagram[illumination],OK,∠C,is_a,angle
95,8,full_text + noisy_diagram[illumination],OK,O,center_of,circle
95,8,full_text + noisy_diagram[illumination],OK,∠A,has_measure,60_deg
95,8,full_text + noisy_diagram[illumination],OK,∠ADC,has_measure,90_deg
95,8,full_text + noisy_diagram[illumination],OK,AD,lies_on,AO
95,8,full_text + noisy_diagram[illumination],OK,DC,lies_on,OC
,,,,,,
99,8,full_text + noisy_diagram[illumination],OK,A,is_a,point
99,8,full_text + noisy_diagram[illumination],OK,C,is_a,point
99,8,full_text + noisy_diagram[illumination],OK,D,is_a,point
99,8,full_text + noisy_diagram[illumination],OK,O,is_a,point
99,8,full_text + noisy_diagram[illumination],OK,AB,is_a,segment
99,8,full_text + noisy_diagram[illumination],OK,CD,is_a,segment
99,8,full_text + noisy_diagram[illumination],OK,O,center_of,circle
99,8,full_text + noisy_diagram[illumination],OK,AB,diameter_of,circle
99,8,full_text + noisy_diagram[illumination],OK,∠ADC,has_measure,26_deg
99,8,full_text + noisy_diagram[illumination],OK,AB,connects,A
99,8,full_text + noisy_diagram[illumination],OK,AB,connects,B
99,8,full_text + noisy_diagram[illumination],OK,CD,connects,C
99,8,full_text + noisy_diagram[illumination],OK,CD,connects,D
99,8,full_text + noisy_diagram[illumination],OK,AD,connects,A
99,8,full_text + noisy_diagram[illumination],OK,AD,connects,D
99,8,full_text + noisy_diagram[illumination],OK,AC,connects,A
99,8,full_text + noisy_diagram[illumination],OK,AC,connects,C
,,,,,,
108,8,full_text + noisy_diagram[illumination],OK,CD,has_measure,8_units
108,8,full_text + noisy_diagram[illumination],OK,OC,has_measure,5_units
108,8,full_text + noisy_diagram[illumination],OK,AB,is_a,segment
108,8,full_text + noisy_diagram[illumination],OK,CD,is_a,segment
108,8,full_text + noisy_diagram[illumination],OK,OC,is_a,segment
108,8,full_text + noisy_diagram[illumination],OK,O,is_a,point
108,8,full_text + noisy_diagram[illumination],OK,C,is_a,point
108,8,full_text + noisy_diagram[illumination],OK,D,is_a,point
108,8,full_text + noisy_diagram[illumination],OK,A,is_a,point
108,8,full_text + noisy_diagram[illumination],OK,B,is_a,point
108,8,full_text + noisy_diagram[illumination],OK,?,lies_on,AB
108,8,full_text + noisy_diagram[illumination],OK,?,lies_on,CD
108,8,full_text + noisy_diagram[illumination],OK,O,lies_on,CD
108,8,full_text + noisy_diagram[illumination],OK,O,center_of,?
108,8,full_text + noisy_diagram[illumination],OK,OA,is_a,?
108,8,full_text + noisy_diagram[illumination],OK,OB,is_a,?
,,,,,,
109,8,full_text + noisy_diagram[illumination],OK,A,is_a,point
109,8,full_text + noisy_diagram[illumination],OK,B,is_a,point
109,8,full_text + noisy_diagram[illumination],OK,C,is_a,point
109,8,full_text + noisy_diagram[illumination],OK,D,is_a,point
109,8,full_text + noisy_diagram[illumination],OK,E,is_a,point
109,8,full_text + noisy_diagram[illumination],OK,AB,is_a,segment
109,8,full_text + noisy_diagram[illumination],OK,AC,is_a,segment
109,8,full_text + noisy_diagram[illumination],OK,DE,is_a,segment
109,8,full_text + noisy_diagram[illumination],OK,DE,lies_on,horizontal
109,8,full_text + noisy_diagram[illumination],OK,BAC,is_a,angle
109,8,full_text + noisy_diagram[illumination],OK,BAC,has_measure,90_deg
109,8,full_text + noisy_diagram[illumination],OK,D,lies_on,AB
109,8,full_text + noisy_diagram[illumination],OK,E,lies_on,AC
109,8,full_text + noisy_diagram[illumination],OK,α,is_a,angle
109,8,full_text + noisy_diagram[illumination],OK,α,has_measure,130_deg
109,8,full_text + noisy_diagram[illumination],OK,β,is_a,angle
109,8,full_text + noisy_diagram[illumination],OK,DE,intersects,AB
109,8,full_text + noisy_diagram[illumination],OK,DE,intersects,AC
109,8,full_text + noisy_diagram[illumination],OK,α,connects,D
109,8,full_text + noisy_diagram[illumination],OK,β,connects,E
,,,,,,
112,8,full_text + noisy_diagram[illumination],OK,A,is_a,point
112,8,full_text + noisy_diagram[illumination],OK,O,is_a,point
112,8,full_text + noisy_diagram[illumination],OK,B,is_a,point
112,8,full_text + noisy_diagram[illumination],OK,AO,is_a,segment
112,8,full_text + noisy_diagram[illumination],OK,OB,is_a,segment
112,8,full_text + noisy_diagram[illumination],OK,AB,is_a,segment
112,8,full_text + noisy_diagram[illumination],OK,OB,has_measure,0.7_units
112,8,full_text + noisy_diagram[illumination],OK,AB,has_measure,2.5_units
,,,,,,
114,8,full_text + noisy_diagram[illumination],OK,O,is_a,point
114,8,full_text + noisy_diagram[illumination],OK,1,is_a,point
114,8,full_text + noisy_diagram[illumination],OK,A,is_a,point
114,8,full_text + noisy_diagram[illumination],OK,B,is_a,point
114,8,full_text + noisy_diagram[illumination],OK,OA,is_a,segment
114,8,full_text + noisy_diagram[illumination],OK,OB,is_a,segment
114,8,full_text + noisy_diagram[illumination],OK,∠OAB,is_a,angle
114,8,full_text + noisy_diagram[illumination],OK,OAB,is_a,sector
114,8,full_text + noisy_diagram[illumination],OK,OA,has_measure,1.0
114,8,full_text + noisy_diagram[illumination],OK,∠OAB,has_measure,90_deg
114,8,full_text + noisy_diagram[illumination],OK,OA,lies_on,semicircle
114,8,full_text + noisy_diagram[illumination],OK,OB,lies_on,semicircle
,,,,,,
115,8,full_text + noisy_diagram[illumination],OK,sector,is_a,geometric_shape
115,8,full_text + noisy_diagram[illumination],OK,sector,has_measure,120_deg
115,8,full_text + noisy_diagram[illumination],OK,sector,has_radius,6_units
115,8,full_text + noisy_diagram[illumination],OK,sector,is_rolled_into,conical_cap
115,8,full_text + noisy_diagram[illumination],OK,conical_cap,is_a,geometric_shape
115,8,full_text + noisy_diagram[illumination],OK,conical_cap,has_bottom,?
115,8,full_text + noisy_diagram[illumination],OK,bottom,is_part_of,conical_cap
115,8,full_text + noisy_diagram[illumination],OK,bottom,has_attribute,perimeter
115,8,full_text + noisy_diagram[illumination],OK,perimeter,is_a,quantitative_attribute
115,8,full_text + noisy_diagram[illumination],OK,query,is_about,bottom_perimeter
,,,,,,
117,8,full_text + noisy_diagram[illumination],OK,120°,is_a,central_angle
117,8,full_text + noisy_diagram[illumination],OK,3.0_cm,has_measure,radius
117,8,full_text + noisy_diagram[illumination],OK,120°,has_measure,central_angle
117,8,full_text + noisy_diagram[illumination],OK,3,has_measure,radius
117,8,full_text + noisy_diagram[illumination],OK,sector,is_a,paper_piece
117,8,full_text + noisy_diagram[illumination],OK,cone,is_a,paper_cap
117,8,full_text + noisy_diagram[illumination],OK,cone,has_measure,height ?
117,8,full_text + noisy_diagram[illumination],OK,radius,has_measure,3_cm
117,8,full_text + noisy_diagram[illumination],OK,angle,has_measure,120_deg
,,,,,,
119,8,full_text + noisy_diagram[illumination],OK,sector_cardboard,has_measure,24_cm
119,8,full_text + noisy_diagram[illumination],OK,conical_hat_bottom_radius,has_measure,10_cm
119,8,full_text + noisy_diagram[illumination],OK,sector_cardboard,is_used_to_make,conical_hat
119,8,full_text + noisy_diagram[illumination],OK,sector_cardboard,Area = ?,?
119,8,full_text + noisy_diagram[illumination],OK,conical_hat_bottom,has_measure,10_cm
119,8,full_text + noisy_diagram[illumination],OK,sector_cardboard,Area,?
119,8,full_text + noisy_diagram[illumination],OK,sector_cardboard,is_a,sector
119,8,full_text + noisy_diagram[illumination],OK,conical_hat,is_a,cone
,,,,,,
120,8,full_text + noisy_diagram[illumination],OK,O,is_a,point
120,8,full_text + noisy_diagram[illumination],OK,AB,is_a,circle
120,8,full_text + noisy_diagram[illumination],OK,OA,is_a,segment
120,8,full_text + noisy_diagram[illumination],OK,lateral_edge,is_a,segment
120,8,full_text + noisy_diagram[illumination],OK,height,is_a,segment
120,8,full_text + noisy_diagram[illumination],OK,lateral_edge,has_measure,5_units
120,8,full_text + noisy_diagram[illumination],OK,height,has_measure,4_units
120,8,full_text + noisy_diagram[illumination],OK,AB,has_measure,?
120,8,full_text + noisy_diagram[illumination],OK,Height,is_a,segment
120,8,full_text + noisy_diagram[illumination],OK,Lateral_edge,is_a,segment
120,8,full_text + noisy_diagram[illumination],OK,Lateral_edge,has_measure,5_units
120,8,full_text + noisy_diagram[illumination],OK,Height,has_measure,4_units
,,,,,,
123,8,full_text + noisy_diagram[illumination],OK,A,is_a,point
123,8,full_text + noisy_diagram[illumination],OK,B,is_a,point
123,8,full_text + noisy_diagram[illumination],OK,C,is_a,point
123,8,full_text + noisy_diagram[illumination],OK,AC,is_a,segment
123,8,full_text + noisy_diagram[illumination],OK,BC,is_a,segment
123,8,full_text + noisy_diagram[illumination],OK,ACB,is_a,angle
123,8,full_text + noisy_diagram[illumination],OK,ACB,has_measure,90_deg
123,8,full_text + noisy_diagram[illumination],OK,AC,has_measure,4_units
123,8,full_text + noisy_diagram[illumination],OK,BC,has_measure,3_units
123,8,full_text + noisy_diagram[illumination],OK,ABC,is_a,triangle
123,8,full_text + noisy_diagram[illumination],OK,AC,lies_on,line_segment
123,8,full_text + noisy_diagram[illumination],OK,query_target,is_a,lateral_surface_area
,,,,,,
128,8,full_text + noisy_diagram[illumination],OK,A,is_a,point
128,8,full_text + noisy_diagram[illumination],OK,O,is_a,point
128,8,full_text + noisy_diagram[illumination],OK,B,is_a,point
128,8,full_text + noisy_diagram[illumination],OK,AO,is_a,segment
128,8,full_text + noisy_diagram[illumination],OK,OB,is_a,segment
128,8,full_text + noisy_diagram[illumination],OK,AB,is_a,segment
128,8,full_text + noisy_diagram[illumination],OK,∠AOB,is_a,angle
128,8,full_text + noisy_diagram[illumination],OK,∠AOB,has_measure,120_deg
128,8,full_text + noisy_diagram[illumination],OK,OB,has_measure,6_units
128,8,full_text + noisy_diagram[illumination],OK,OA,has_measure,6_units
,,,,,,
132,8,full_text + noisy_diagram[illumination],OK,A,is_a,point
132,8,full_text + noisy_diagram[illumination],OK,1.6,has_measure,EF
132,8,full_text + noisy_diagram[illumination],OK,0.6,has_measure,DE
132,8,full_text + noisy_diagram[illumination],OK,0.6,has_measure,BC
132,8,full_text + noisy_diagram[illumination],OK,12.0,has_measure,CG
132,8,full_text + noisy_diagram[illumination],OK,2.0,has_measure,GE
132,8,full_text + noisy_diagram[illumination],OK,E,is_a,point
132,8,full_text + noisy_diagram[illumination],OK,D,is_a,point
132,8,full_text + noisy_diagram[illumination],OK,F,is_a,point
132,8,full_text + noisy_diagram[illumination],OK,G,is_a,point
132,8,full_text + noisy_diagram[illumination],OK,C,is_a,point
132,8,full_text + noisy_diagram[illumination],OK,B,is_a,point
132,8,full_text + noisy_diagram[illumination],OK,A,lies_on,line
132,8,full_text + noisy_diagram[illumination],OK,B,lies_on,line
132,8,full_text + noisy_diagram[illumination],OK,C,lies_on,line
132,8,full_text + noisy_diagram[illumination],OK,E,lies_on,line
132,8,full_text + noisy_diagram[illumination],OK,D,lies_on,line
132,8,full_text + noisy_diagram[illumination],OK,F,lies_on,line
132,8,full_text + noisy_diagram[illumination],OK,G,lies_on,line
132,8,full_text + noisy_diagram[illumination],OK,AB,is_a,segment
132,8,full_text + noisy_diagram[illumination],OK,BC,is_a,segment
132,8,full_text + noisy_diagram[illumination],OK,CG,is_a,segment
132,8,full_text + noisy_diagram[illumination],OK,GE,is_a,segment
132,8,full_text + noisy_diagram[illumination],OK,EF,is_a,segment
132,8,full_text + noisy_diagram[illumination],OK,DE,is_a,segment
132,8,full_text + noisy_diagram[illumination],OK,A,B,"C, are_collinear"
132,8,full_text + noisy_diagram[illumination],OK,EF,has_measure,1.6_units
132,8,full_text + noisy_diagram[illumination],OK,DE,has_measure,0.6_units
132,8,full_text + noisy_diagram[illumination],OK,BC,has_measure,0.6_units
132,8,full_text + noisy_diagram[illumination],OK,CG,has_measure,12_units
132,8,full_text + noisy_diagram[illumination],OK,GE,has_measure,2_units
132,8,full_text + noisy_diagram[illumination],OK,∠AGE,is_a,angle
,,,,,,
133,8,full_text + noisy_diagram[illumination],OK,P,is_a,point
133,8,full_text + noisy_diagram[illumination],OK,Q,is_a,point
133,8,full_text + noisy_diagram[illumination],OK,S,is_a,point
133,8,full_text + noisy_diagram[illumination],OK,T,is_a,point
133,8,full_text + noisy_diagram[illumination],OK,R,is_a,point
133,8,full_text + noisy_diagram[illumination],OK,PQ,is_a,segment
133,8,full_text + noisy_diagram[illumination],OK,QS,is_a,segment
133,8,full_text + noisy_diagram[illumination],OK,ST,is_a,segment
133,8,full_text + noisy_diagram[illumination],OK,QR,is_a,segment
133,8,full_text + noisy_diagram[illumination],OK,PS,is_a,segment
133,8,full_text + noisy_diagram[illumination],OK,PQ,has_measure,?
133,8,full_text + noisy_diagram[illumination],OK,QS,has_measure,60.0_m
133,8,full_text + noisy_diagram[illumination],OK,ST,has_measure,120.0_m
133,8,full_text + noisy_diagram[illumination],OK,QR,has_measure,80.0_m
133,8,full_text + noisy_diagram[illumination],OK,P,lies_on,line
133,8,full_text + noisy_diagram[illumination],OK,Q,lies_on,line
133,8,full_text + noisy_diagram[illumination],OK,S,lies_on,line
133,8,full_text + noisy_diagram[illumination],OK,T,lies_on,line
133,8,full_text + noisy_diagram[illumination],OK,R,lies_on,line
133,8,full_text + noisy_diagram[illumination],OK,PQ,perpendicular_to,QS
133,8,full_text + noisy_diagram[illumination],OK,PS,perpendicular_to,QS
133,8,full_text + noisy_diagram[illumination],OK,PT,intersects,line_b
133,8,full_text + noisy_diagram[illumination],OK,QR,perpendicular_to,PS
,,,,,,
149,8,full_text + noisy_diagram[illumination],OK,A,is_a,point
149,8,full_text + noisy_diagram[illumination],OK,B,is_a,point
149,8,full_text + noisy_diagram[illumination],OK,C,is_a,point
149,8,full_text + noisy_diagram[illumination],OK,D,is_a,point
149,8,full_text + noisy_diagram[illumination],OK,E,is_a,point
149,8,full_text + noisy_diagram[illumination],OK,AC,is_a,segment
149,8,full_text + noisy_diagram[illumination],OK,BD,is_a,segment
149,8,full_text + noisy_diagram[illumination],OK,CD,is_a,segment
149,8,full_text + noisy_diagram[illumination],OK,AC,has_measure,3_units
149,8,full_text + noisy_diagram[illumination],OK,BD,has_measure,6_units
149,8,full_text + noisy_diagram[illumination],OK,CD,has_measure,10_units
149,8,full_text + noisy_diagram[illumination],OK,AC,lies_on,CD
149,8,full_text + noisy_diagram[illumination],OK,BD,lies_on,CD
149,8,full_text + noisy_diagram[illumination],OK,AC,perpendicular_to,CD
149,8,full_text + noisy_diagram[illumination],OK,BD,perpendicular_to,CD
149,8,full_text + noisy_diagram[illumination],OK,α,is_a,angle
149,8,full_text + noisy_diagram[illumination],OK,AC,lies_on,line
149,8,full_text + noisy_diagram[illumination],OK,ED,is_a,segment
,,,,,,
150,8,full_text + noisy_diagram[illumination],OK,A,is_a,point
150,8,full_text + noisy_diagram[illumination],OK,B,is_a,point
150,8,full_text + noisy_diagram[illumination],OK,C,is_a,point
150,8,full_text + noisy_diagram[illumination],OK,E,is_a,point
150,8,full_text + noisy_diagram[illumination],OK,D,is_a,point
150,8,full_text + noisy_diagram[illumination],OK,AB,is_a,segment
150,8,full_text + noisy_diagram[illumination],OK,BC,is_a,segment
150,8,full_text + noisy_diagram[illumination],OK,CE,is_a,segment
150,8,full_text + noisy_diagram[illumination],OK,BD,is_a,segment
150,8,full_text + noisy_diagram[illumination],OK,AD,is_a,segment
150,8,full_text + noisy_diagram[illumination],OK,ED,is_a,segment
150,8,full_text + noisy_diagram[illumination],OK,A,B,"C, are, collinear"
150,8,full_text + noisy_diagram[illumination],OK,AB,has_measure,2
150,8,full_text + noisy_diagram[illumination],OK,BD,has_measure,7/3
150,8,full_text + noisy_diagram[illumination],OK,CE,has_measure,9
150,8,full_text + noisy_diagram[illumination],OK,BD,perpendicular_to,BC
150,8,full_text + noisy_diagram[illumination],OK,CE,perpendicular_to,BC
150,8,full_text + noisy_diagram[illumination],OK,D,lies_on,AD
150,8,full_text + noisy_diagram[illumination],OK,E,lies_on,ED
150,8,full_text + noisy_diagram[illumination],OK,B,lies_on,BC
150,8,full_text + noisy_diagram[illumination],OK,C,lies_on,BC
150,8,full_text + noisy_diagram[illumination],OK,B,lies_on,AB
150,8,full_text + noisy_diagram[illumination],OK,A,lies_on,AB
,,,,,,
151,8,full_text + noisy_diagram[illumination],OK,student,has_measure,1.7_units
151,8,full_text + noisy_diagram[illumination],OK,student,lies_on,ground
151,8,full_text + noisy_diagram[illumination],OK,tree,lies_on,ground
151,8,full_text + noisy_diagram[illumination],OK,reflection_of_tree,lies_on,water
151,8,full_text + noisy_diagram[illumination],OK,student,is_a,person
151,8,full_text + noisy_diagram[illumination],OK,tree,is_a,tree
,,,,,,
152,8,full_text + noisy_diagram[illumination],OK,A,is_a,point
152,8,full_text + noisy_diagram[illumination],OK,B,is_a,point
152,8,full_text + noisy_diagram[illumination],OK,C,is_a,point
152,8,full_text + noisy_diagram[illumination],OK,D,is_a,point
152,8,full_text + noisy_diagram[illumination],OK,E,is_a,point
152,8,full_text + noisy_diagram[illumination],OK,AB,is_a,segment
152,8,full_text + noisy_diagram[illumination],OK,BC,is_a,segment
152,8,full_text + noisy_diagram[illumination],OK,BD,is_a,segment
152,8,full_text + noisy_diagram[illumination],OK,DE,is_a,segment
152,8,full_text + noisy_diagram[illumination],OK,CE,is_a,segment
152,8,full_text + noisy_diagram[illumination],OK,∠BCE,is_a,angle
152,8,full_text + noisy_diagram[illumination],OK,B,lies_on,BC
152,8,full_text + noisy_diagram[illumination],OK,C,lies_on,BC
152,8,full_text + noisy_diagram[illumination],OK,D,lies_on,AB
152,8,full_text + noisy_diagram[illumination],OK,E,lies_on,AC
152,8,full_text + noisy_diagram[illumination],OK,BC,has_measure,1.6_units
152,8,full_text + noisy_diagram[illumination],OK,BD,has_measure,0.5_units
152,8,full_text + noisy_diagram[illumination],OK,CE,has_measure,1.4_units
,,,,,,
153,8,full_text + noisy_diagram[illumination],OK,A,is_a,point
153,8,full_text + noisy_diagram[illumination],OK,B,is_a,point
153,8,full_text + noisy_diagram[illumination],OK,C,is_a,point
153,8,full_text + noisy_diagram[illumination],OK,D,is_a,point
153,8,full_text + noisy_diagram[illumination],OK,E,is_a,point
153,8,full_text + noisy_diagram[illumination],OK,AB,is_a,segment
153,8,full_text + noisy_diagram[illumination],OK,BC,is_a,segment
153,8,full_text + noisy_diagram[illumination],OK,EC,is_a,segment
153,8,full_text + noisy_diagram[illumination],OK,DE,is_a,segment
153,8,full_text + noisy_diagram[illumination],OK,AB,has_measure,?
153,8,full_text + noisy_diagram[illumination],OK,DE,has_measure,1.8_units
153,8,full_text + noisy_diagram[illumination],OK,EC,has_measure,1.2_units
153,8,full_text + noisy_diagram[illumination],OK,BC,has_measure,1_unit
153,8,full_text + noisy_diagram[illumination],OK,∠ABC,is_a,angle
153,8,full_text + noisy_diagram[illumination],OK,∠BCE,is_a,angle
153,8,full_text + noisy_diagram[illumination],OK,∠DEC,is_a,angle
153,8,full_text + noisy_diagram[illumination],OK,D,lies_on,DE
153,8,full_text + noisy_diagram[illumination],OK,E,lies_on,DE
153,8,full_text + noisy_diagram[illumination],OK,E,lies_on,EC
153,8,full_text + noisy_diagram[illumination],OK,C,lies_on,EC
153,8,full_text + noisy_diagram[illumination],OK,B,lies_on,BC
153,8,full_text + noisy_diagram[illumination],OK,C,lies_on,BC
,,,,,,
157,8,full_text + noisy_diagram[illumination],OK,A,is_a,point
157,8,full_text + noisy_diagram[illumination],OK,B,is_a,point
157,8,full_text + noisy_diagram[illumination],OK,C,is_a,point
157,8,full_text + noisy_diagram[illumination],OK,AC,is_a,segment
157,8,full_text + noisy_diagram[illumination],OK,BC,is_a,segment
157,8,full_text + noisy_diagram[illumination],OK,∠ACB,is_a,angle
157,8,full_text + noisy_diagram[illumination],OK,AC,has_measure,4_units
157,8,full_text + noisy_diagram[illumination],OK,BC,has_measure,3_units
157,8,full_text + noisy_diagram[illumination],OK,∠ACB,has_measure,90_deg
157,8,full_text + noisy_diagram[illumination],OK,∠ACB,is_a,right_angle
157,8,full_text + noisy_diagram[illumination],OK,AC,lies_on,ABC
157,8,full_text + noisy_diagram[illumination],OK,BC,lies_on,ABC
157,8,full_text + noisy_diagram[illumination],OK,C,lies_on,AC
157,8,full_text + noisy_diagram[illumination],OK,C,lies_on,BC
,,,,,,
165,8,full_text + noisy_diagram[illumination],OK,A,is_a,point
165,8,full_text + noisy_diagram[illumination],OK,B,is_a,point
165,8,full_text + noisy_diagram[illumination],OK,C,is_a,point
165,8,full_text + noisy_diagram[illumination],OK,AB,is_a,segment
165,8,full_text + noisy_diagram[illumination],OK,BC,is_a,segment
165,8,full_text + noisy_diagram[illumination],OK,AC,is_a,segment
165,8,full_text + noisy_diagram[illumination],OK,∠ACB,is_a,angle
165,8,full_text + noisy_diagram[illumination],OK,AB,has_measure,2_units
165,8,full_text + noisy_diagram[illumination],OK,BC,has_measure,1_units
165,8,full_text + noisy_diagram[illumination],OK,∠ACB,has_measure,90_deg
,,,,,,
198,8,full_text + noisy_diagram[illumination],OK,A,is_a,point
198,8,full_text + noisy_diagram[illumination],OK,B,is_a,point
198,8,full_text + noisy_diagram[illumination],OK,C,is_a,point
198,8,full_text + noisy_diagram[illumination],OK,AB,is_a,segment
198,8,full_text + noisy_diagram[illumination],OK,BC,is_a,segment
198,8,full_text + noisy_diagram[illumination],OK,AC,is_a,segment
198,8,full_text + noisy_diagram[illumination],OK,AB,has_measure,13
198,8,full_text + noisy_diagram[illumination],OK,BC,has_measure,13
198,8,full_text + noisy_diagram[illumination],OK,AC,has_measure,13
198,8,full_text + noisy_diagram[illumination],OK,?,lies_on,AB
198,8,full_text + noisy_diagram[illumination],OK,?,lies_on,BC
198,8,full_text + noisy_diagram[illumination],OK,?,lies_on,AC
198,8,full_text + noisy_diagram[illumination],OK,O,is_a,point
198,8,full_text + noisy_diagram[illumination],OK,CO,is_a,segment
198,8,full_text + noisy_diagram[illumination],OK,CO,has_measure,?
198,8,full_text + noisy_diagram[illumination],OK,CO,perpendicular_to,AB
198,8,full_text + noisy_diagram[illumination],OK,AB,intersects,CO
198,8,full_text + noisy_diagram[illumination],OK,Triangle ABC,is_a,triangle
198,8,full_text + noisy_diagram[illumination],OK,Triangle ABC,has_measure,?
,,,,,,
207,8,full_text + noisy_diagram[illumination],OK,O,is_a,point
207,8,full_text + noisy_diagram[illumination],OK,20,has_measure,diameter
207,8,full_text + noisy_diagram[illumination],OK,Area,is_a,query_target
207,8,full_text + noisy_diagram[illumination],OK,shaded region,is_a,Area
,,,,,,
210,8,full_text + noisy_diagram[illumination],OK,A,is_a,point
210,8,full_text + noisy_diagram[illumination],OK,B,is_a,point
210,8,full_text + noisy_diagram[illumination],OK,C,is_a,point
210,8,full_text + noisy_diagram[illumination],OK,D,is_a,point
210,8,full_text + noisy_diagram[illumination],OK,E,is_a,point
210,8,full_text + noisy_diagram[illumination],OK,AB,is_a,segment
210,8,full_text + noisy_diagram[illumination],OK,AC,is_a,segment
210,8,full_text + noisy_diagram[illumination],OK,AE,is_a,segment
210,8,full_text + noisy_diagram[illumination],OK,ED,is_a,segment
210,8,full_text + noisy_diagram[illumination],OK,BE,is_a,segment
210,8,full_text + noisy_diagram[illumination],OK,CD,is_a,segment
210,8,full_text + noisy_diagram[illumination],OK,AB,has_measure,12_units
210,8,full_text + noisy_diagram[illumination],OK,AC,has_measure,16_units
210,8,full_text + noisy_diagram[illumination],OK,ED,has_measure,5_units
210,8,full_text + noisy_diagram[illumination],OK,A,lies_on,AB
210,8,full_text + noisy_diagram[illumination],OK,B,lies_on,AB
210,8,full_text + noisy_diagram[illumination],OK,A,lies_on,AC
210,8,full_text + noisy_diagram[illumination],OK,C,lies_on,AC
210,8,full_text + noisy_diagram[illumination],OK,A,lies_on,AE
210,8,full_text + noisy_diagram[illumination],OK,E,lies_on,AE
210,8,full_text + noisy_diagram[illumination],OK,B,lies_on,BE
210,8,full_text + noisy_diagram[illumination],OK,E,lies_on,BE
210,8,full_text + noisy_diagram[illumination],OK,C,lies_on,CD
210,8,full_text + noisy_diagram[illumination],OK,D,lies_on,CD
210,8,full_text + noisy_diagram[illumination],OK,BE,parallel_to,CD
,,,,,,
211,8,full_text + noisy_diagram[illumination],OK,M,is_a,point
211,8,full_text + noisy_diagram[illumination],OK,N,is_a,point
211,8,full_text + noisy_diagram[illumination],OK,P,is_a,point
211,8,full_text + noisy_diagram[illumination],OK,R,is_a,point
211,8,full_text + noisy_diagram[illumination],OK,MNPR,is_a,parallelogram
211,8,full_text + noisy_diagram[illumination],OK,MP,is_a,segment
211,8,full_text + noisy_diagram[illumination],OK,RN,is_a,segment
211,8,full_text + noisy_diagram[illumination],OK,MQ,is_a,segment
211,8,full_text + noisy_diagram[illumination],OK,QP,is_a,segment
211,8,full_text + noisy_diagram[illumination],OK,RQ,is_a,segment
211,8,full_text + noisy_diagram[illumination],OK,QN,is_a,segment
211,8,full_text + noisy_diagram[illumination],OK,MP,intersects,RN
211,8,full_text + noisy_diagram[illumination],OK,MR,has_measure,17.9
211,8,full_text + noisy_diagram[illumination],OK,RP,has_measure,20
211,8,full_text + noisy_diagram[illumination],OK,∠RQP,has_measure,83_deg
211,8,full_text + noisy_diagram[illumination],OK,∠MRP,has_measure,38_deg
211,8,full_text + noisy_diagram[illumination],OK,MQ,has_measure,4w - 3
211,8,full_text + noisy_diagram[illumination],OK,MN,has_measure,3x - 4
211,8,full_text + noisy_diagram[illumination],OK,NP,has_measure,2y + 5
211,8,full_text + noisy_diagram[illumination],OK,RQN,has_measure,33_deg
211,8,full_text + noisy_diagram[illumination],OK,QP,has_measure,11.1
211,8,full_text + noisy_diagram[illumination],OK,RN,has_measure,15.4
211,8,full_text + noisy_diagram[illumination],OK,MP,has_measure,3z - 3
211,8,full_text + noisy_diagram[illumination],OK,∠RNQ,has_measure,33_deg
211,8,full_text + noisy_diagram[illumination],OK,QN,has_measure,15.4
,,,,,,
223,8,full_text + noisy_diagram[illumination],OK,A,is_a,point
223,8,full_text + noisy_diagram[illumination],OK,B,is_a,point
223,8,full_text + noisy_diagram[illumination],OK,C,is_a,point
223,8,full_text + noisy_diagram[illumination],OK,AB,is_a,segment
223,8,full_text + noisy_diagram[illumination],OK,BC,is_a,segment
223,8,full_text + noisy_diagram[illumination],OK,AC,is_a,segment
223,8,full_text + noisy_diagram[illumination],OK,∠ABC,is_a,angle
223,8,full_text + noisy_diagram[illumination],OK,AC,has_measure,3√2
223,8,full_text + noisy_diagram[illumination],OK,BC,has_measure,x
223,8,full_text + noisy_diagram[illumination],OK,AC,lies_on,?
223,8,full_text + noisy_diagram[illumination],OK,AB,lies_on,?
223,8,full_text + noisy_diagram[illumination],OK,BC,lies_on,?
223,8,full_text + noisy_diagram[illumination],OK,∠ABC,has_measure,90_deg
223,8,full_text + noisy_diagram[illumination],OK,AB,has_measure,5
223,8,full_text + noisy_diagram[illumination],OK,∠ABC,is_a,right_angle
,,,,,,
239,8,full_text + noisy_diagram[illumination],OK,A,is_a,point
239,8,full_text + noisy_diagram[illumination],OK,R,is_a,point
239,8,full_text + noisy_diagram[illumination],OK,M,is_a,point
239,8,full_text + noisy_diagram[illumination],OK,B,is_a,point
239,8,full_text + noisy_diagram[illumination],OK,C,is_a,point
239,8,full_text + noisy_diagram[illumination],OK,T,is_a,point
239,8,full_text + noisy_diagram[illumination],OK,S,is_a,point
239,8,full_text + noisy_diagram[illumination],OK,AT,is_a,segment
239,8,full_text + noisy_diagram[illumination],OK,RM,is_a,segment
239,8,full_text + noisy_diagram[illumination],OK,MB,is_a,segment
239,8,full_text + noisy_diagram[illumination],OK,MC,is_a,segment
239,8,full_text + noisy_diagram[illumination],OK,R,lies_on,AC
239,8,full_text + noisy_diagram[illumination],OK,S,lies_on,AB
239,8,full_text + noisy_diagram[illumination],OK,T,lies_on,CB
239,8,full_text + noisy_diagram[illumination],OK,M,lies_on,AT
239,8,full_text + noisy_diagram[illumination],OK,M,lies_on,BR
239,8,full_text + noisy_diagram[illumination],OK,M,lies_on,CS
239,8,full_text + noisy_diagram[illumination],OK,MC,has_measure,7
239,8,full_text + noisy_diagram[illumination],OK,RM,has_measure,4
239,8,full_text + noisy_diagram[illumination],OK,AT,has_measure,16
,,,,,,
243,8,full_text + noisy_diagram[illumination],OK,Des Moines,is_a,point
243,8,full_text + noisy_diagram[illumination],OK,Phoenix,is_a,point
243,8,full_text + noisy_diagram[illumination],OK,Atlanta,is_a,point
243,8,full_text + noisy_diagram[illumination],OK,Des Moines to Phoenix,is_a,segment
243,8,full_text + noisy_diagram[illumination],OK,Phoenix to Atlanta,is_a,segment
243,8,full_text + noisy_diagram[illumination],OK,Atlanta to Des Moines,is_a,segment
243,8,full_text + noisy_diagram[illumination],OK,Des Moines to Phoenix,has_measure,110x + 53
243,8,full_text + noisy_diagram[illumination],OK,Atlanta to Des Moines,has_measure,73.8x
243,8,full_text + noisy_diagram[illumination],OK,Phoenix to Atlanta,has_measure,150x + 91
243,8,full_text + noisy_diagram[illumination],OK,Total trip distance,has_measure,3482 miles
,,,,,,
257,8,full_text + noisy_diagram[illumination],OK,A,is_a,point
257,8,full_text + noisy_diagram[illumination],OK,B,is_a,point
257,8,full_text + noisy_diagram[illumination],OK,C,is_a,point
257,8,full_text + noisy_diagram[illumination],OK,D,is_a,point
257,8,full_text + noisy_diagram[illumination],OK,E,is_a,point
257,8,full_text + noisy_diagram[illumination],OK,AE,is_a,segment
257,8,full_text + noisy_diagram[illumination],OK,ED,is_a,segment
257,8,full_text + noisy_diagram[illumination],OK,AB,is_a,segment
257,8,full_text + noisy_diagram[illumination],OK,AC,is_a,segment
257,8,full_text + noisy_diagram[illumination],OK,ABE,is_a,triangle
257,8,full_text + noisy_diagram[illumination],OK,ACD,is_a,triangle
257,8,full_text + noisy_diagram[illumination],OK,AB,has_measure,12
257,8,full_text + noisy_diagram[illumination],OK,AC,has_measure,16
257,8,full_text + noisy_diagram[illumination],OK,ED,has_measure,5
257,8,full_text + noisy_diagram[illumination],OK,BE,parallel_to,CD
257,8,full_text + noisy_diagram[illumination],OK,ABE,similar_to,ACD
,,,,,,
264,8,full_text + noisy_diagram[illumination],OK,MN,is_a,segment
264,8,full_text + noisy_diagram[illumination],OK,NP,is_a,segment
264,8,full_text + noisy_diagram[illumination],OK,PQ,is_a,segment
264,8,full_text + noisy_diagram[illumination],OK,MQ,is_a,segment
264,8,full_text + noisy_diagram[illumination],OK,MNPQ,is_a,parallelogram
264,8,full_text + noisy_diagram[illumination],OK,∠N,is_a,angle
264,8,full_text + noisy_diagram[illumination],OK,∠P,is_a,angle
264,8,full_text + noisy_diagram[illumination],OK,∠Q,is_a,"angle∠M, has_measure, 10x"
,,,,,,
281,8,full_text + noisy_diagram[illumination],OK,A,is_a,point
281,8,full_text + noisy_diagram[illumination],OK,B,is_a,point
281,8,full_text + noisy_diagram[illumination],OK,C,is_a,point
281,8,full_text + noisy_diagram[illumination],OK,AC,is_a,segment
281,8,full_text + noisy_diagram[illumination],OK,AB,is_a,segment
281,8,full_text + noisy_diagram[illumination],OK,BC,is_a,segment
281,8,full_text + noisy_diagram[illumination],OK,AC,has_measure,24_units
281,8,full_text + noisy_diagram[illumination],OK,AB,has_measure,26_units
281,8,full_text + noisy_diagram[illumination],OK,BC,has_measure,10_units
281,8,full_text + noisy_diagram[illumination],OK,∠ACB,is_a,angle
281,8,full_text + noisy_diagram[illumination],OK,∠ACB,has_measure,90_deg
281,8,full_text + noisy_diagram[illumination],OK,cos B,is_a,query_target
281,8,full_text + noisy_diagram[illumination],OK,A,lies_on,AB
281,8,full_text + noisy_diagram[illumination],OK,B,lies_on,AB
281,8,full_text + noisy_diagram[illumination],OK,B,lies_on,BC
281,8,full_text + noisy_diagram[illumination],OK,C,lies_on,BC
281,8,full_text + noisy_diagram[illumination],OK,A,lies_on,AC
281,8,full_text + noisy_diagram[illumination],OK,C,lies_on,AC
281,8,full_text + noisy_diagram[illumination],OK,∠B,is_a,angle
281,8,full_text + noisy_diagram[illumination],OK,∠ACB,is_perpendicular_to,none
,,,,,,
327,8,full_text + noisy_diagram[illumination],OK,X,is_a,point
327,8,full_text + noisy_diagram[illumination],OK,Y,is_a,point
327,8,full_text + noisy_diagram[illumination],OK,Z,is_a,point
327,8,full_text + noisy_diagram[illumination],OK,N,is_a,point
327,8,full_text + noisy_diagram[illumination],OK,XY,is_a,segment
327,8,full_text + noisy_diagram[illumination],OK,XZ,is_a,segment
327,8,full_text + noisy_diagram[illumination],OK,XN,is_a,segment
327,8,full_text + noisy_diagram[illumination],OK,YN,is_a,segment
327,8,full_text + noisy_diagram[illumination],OK,YZ,is_a,segment
327,8,full_text + noisy_diagram[illumination],OK,XY,lies_on,b km
327,8,full_text + noisy_diagram[illumination],OK,YN,has_measure,10.7 km
327,8,full_text + noisy_diagram[illumination],OK,ZX,has_measure,d km
327,8,full_text + noisy_diagram[illumination],OK,Z,lies_on,335°
327,8,full_text + noisy_diagram[illumination],OK,XY,parallel_to,west
327,8,full_text + noisy_diagram[illumination],OK,ZX,perpendicular_to,335°
327,8,full_text + noisy_diagram[illumination],OK,YN,perpendicular_to,XY
,,,,,,
348,8,full_text + noisy_diagram[illumination],OK,A,is_a,point
348,8,full_text + noisy_diagram[illumination],OK,A,has_measure,44_deg
348,8,full_text + noisy_diagram[illumination],OK,AB,is_a,segment
348,8,full_text + noisy_diagram[illumination],OK,B,is_a,point
348,8,full_text + noisy_diagram[illumination],OK,Landing Pad,is_a,point
348,8,full_text + noisy_diagram[illumination],OK,Landing Pad,lies_on,B
348,8,full_text + noisy_diagram[illumination],OK,d,is_a,segment
348,8,full_text + noisy_diagram[illumination],OK,d,has_measure,?
348,8,full_text + noisy_diagram[illumination],OK,198m,has_measure,198_units
348,8,full_text + noisy_diagram[illumination],OK,∠AOB,is_a,angle
348,8,full_text + noisy_diagram[illumination],OK,∠AOB,has_measure,44_deg
348,8,full_text + noisy_diagram[illumination],OK,A,lies_on,d
348,8,full_text + noisy_diagram[illumination],OK,B,lies_on,d
,,,,,,
364,8,full_text + noisy_diagram[illumination],OK,Tower height,has_measure,35.5_m
364,8,full_text + noisy_diagram[illumination],OK,Bridge to cable connection,has_measure,65.9_m
364,8,full_text + noisy_diagram[illumination],OK,Cable length,is_a,h
364,8,full_text + noisy_diagram[illumination],OK,Tower and bridge,perpendicular_to,each other
364,8,full_text + noisy_diagram[illumination],OK,Tower_height,has_measure,35.5_m
364,8,full_text + noisy_diagram[illumination],OK,Bridge_to_cable_connection,has_measure,65.9_m
364,8,full_text + noisy_diagram[illumination],OK,h,is_a,cable_length
364,8,full_text + noisy_diagram[illumination],OK,Tower,perpendicular_to,Bridge
364,8,full_text + noisy_diagram[illumination],OK,Tower,has_measure,35.5_m
364,8,full_text + noisy_diagram[illumination],OK,Distance_from_tower_to_cable,has_measure,65.9_m
364,8,full_text + noisy_diagram[illumination],OK,h,is_a,?
364,8,full_text + noisy_diagram[illumination],OK,T,is_a,point
364,8,full_text + noisy_diagram[illumination],OK,B,is_a,line
364,8,full_text + noisy_diagram[illumination],OK,C,is_a,point
364,8,full_text + noisy_diagram[illumination],OK,Horizontal_distance,has_measure,65.9_m
364,8,full_text + noisy_diagram[illumination],OK,subject,relation,object
364,8,full_text + noisy_diagram[illumination],OK,Cable,is_a,h
,,,,,,
365,8,full_text + noisy_diagram[illumination],OK,plane,is_a,object
365,8,full_text + noisy_diagram[illumination],OK,airport_runway,is_a,object
365,8,full_text + noisy_diagram[illumination],OK,ground,is_a,object
365,8,full_text + noisy_diagram[illumination],OK,10369_m,is_a,quantitative_attribute
365,8,full_text + noisy_diagram[illumination],OK,23444_m,is_a,quantitative_attribute
365,8,full_text + noisy_diagram[illumination],OK,θ°,is_a,angle
365,8,full_text + noisy_diagram[illumination],OK,plane,has_measure,10369_m
365,8,full_text + noisy_diagram[illumination],OK,plane,lies_on,point
365,8,full_text + noisy_diagram[illumination],OK,airport_runway,lies_on,ground
365,8,full_text + noisy_diagram[illumination],OK,plane,perpendicular_to,ground
365,8,full_text + noisy_diagram[illumination],OK,θ°,has_measure,?
365,8,full_text + noisy_diagram[illumination],OK,23444_m,has_measure,distance
,,,,,,
420,8,full_text + noisy_diagram[illumination],OK,A,is_a,point
420,8,full_text + noisy_diagram[illumination],OK,B,is_a,point
420,8,full_text + noisy_diagram[illumination],OK,C,is_a,point
420,8,full_text + noisy_diagram[illumination],OK,D,is_a,point
420,8,full_text + noisy_diagram[illumination],OK,AB,is_a,segment
420,8,full_text + noisy_diagram[illumination],OK,BC,is_a,segment
420,8,full_text + noisy_diagram[illumination],OK,CD,is_a,segment
420,8,full_text + noisy_diagram[illumination],OK,AD,is_a,segment
420,8,full_text + noisy_diagram[illumination],OK,AB,has_measure,x
420,8,full_text + noisy_diagram[illumination],OK,BC,has_measure,10_cm
420,8,full_text + noisy_diagram[illumination],OK,∠ABC,is_a,angle
420,8,full_text + noisy_diagram[illumination],OK,?,lies_on,AD
420,8,full_text + noisy_diagram[illumination],OK,?,lies_on,BC
420,8,full_text + noisy_diagram[illumination],OK,?,lies_on,CD
420,8,full_text + noisy_diagram[illumination],OK,?,lies_on,AB
420,8,full_text + noisy_diagram[illumination],OK,BC,lies_on,line_C
420,8,full_text + noisy_diagram[illumination],OK,AB,parallel_to,CD
420,8,full_text + noisy_diagram[illumination],OK,B,has_measure,6_cm
420,8,full_text + noisy_diagram[illumination],OK,?,perpendicular_to,AD
,,,,,,
432,8,full_text + noisy_diagram[illumination],OK,A,is_a,point
432,8,full_text + noisy_diagram[illumination],OK,-3,4,"has_measure, x_A"
432,8,full_text + noisy_diagram[illumination],OK,-3,4,"has_measure, y_A"
432,8,full_text + noisy_diagram[illumination],OK,B,is_a,point
432,8,full_text + noisy_diagram[illumination],OK,5,2,"has_measure, x_B"
432,8,full_text + noisy_diagram[illumination],OK,5,2,"has_measure, y_B"
432,8,full_text + noisy_diagram[illumination],OK,AB,is_a,segment
432,8,full_text + noisy_diagram[illumination],OK,d,is_a,distance
432,8,full_text + noisy_diagram[illumination],OK,d,has_measure,?
,,,,,,
438,8,full_text + noisy_diagram[illumination],OK,2,-3,"is_a, point"
438,8,full_text + noisy_diagram[illumination],OK,-3,-3,"is_a, point"
438,8,full_text + noisy_diagram[illumination],OK,2,-3,"lies_on, hyperbola"
438,8,full_text + noisy_diagram[illumination],OK,-8,-3,"lies_on, hyperbola"
438,8,full_text + noisy_diagram[illumination],OK,-3,-3,"is_a, center_of, hyperbola"
438,8,full_text + noisy_diagram[illumination],OK,2,-3,"is_a, vertex_of, hyperbola"
438,8,full_text + noisy_diagram[illumination],OK,-8,-3,"is_a, vertex_of, hyperbola"
438,8,full_text + noisy_diagram[illumination],OK,-3,-3,"center_of, hyperbola"
438,8,full_text + noisy_diagram[illumination],OK,Vertices,is_a,"plural, noun"
,,,,,,
441,8,full_text + noisy_diagram[illumination],OK,P,is_a,point
441,8,full_text + noisy_diagram[illumination],OK,3/5,4/5,"is_a, coordinates_of, P"
441,8,full_text + noisy_diagram[illumination],OK,P,lies_on,unit circle
441,8,full_text + noisy_diagram[illumination],OK,a,is_a,angle
441,8,full_text + noisy_diagram[illumination],OK,a,has_measure,?
,,,,,,
447,8,full_text + noisy_diagram[illumination],OK,P,is_a,point
447,8,full_text + noisy_diagram[illumination],OK,a,is_a,angle
447,8,full_text + noisy_diagram[illumination],OK,a,has_terminal_side,P
447,8,full_text + noisy_diagram[illumination],OK,P,lies_on,unit\_circle
447,8,full_text + noisy_diagram[illumination],OK,\frac{20}{29},is_a,x\_coordinate
447,8,full_text + noisy_diagram[illumination],OK,P,has_x\_coordinate,\frac{20}{29}
447,8,full_text + noisy_diagram[illumination],OK,P,has_y\_coordinate,-\frac{21}{29}
447,8,full_text + noisy_diagram[illumination],OK,unit\_circle,is_a,circle
447,8,full_text + noisy_diagram[illumination],OK,a,has_terminal_side,intersects\_at\_P
447,8,full_text + noisy_diagram[illumination],OK,unit_circle,is_a,circle
447,8,full_text + noisy_diagram[illumination],OK,P,lies_on,unit_circle
447,8,full_text + noisy_diagram[illumination],OK,P,has_x_coordinate,20/29
447,8,full_text + noisy_diagram[illumination],OK,P,has_y_coordinate,-21/29
,,,,,,
449,8,full_text + noisy_diagram[illumination],OK,O,is_a,point
449,8,full_text + noisy_diagram[illumination],OK,P,is_a,point
449,8,full_text + noisy_diagram[illumination],OK,OP,is_a,segment
449,8,full_text + noisy_diagram[illumination],OK,\theta,is_a,angle
449,8,full_text + noisy_diagram[illumination],OK,O,center_of,circle
449,8,full_text + noisy_diagram[illumination],OK,circle,has_measure,1
449,8,full_text + noisy_diagram[illumination],OK,OP,radius_of,circle
449,8,full_text + noisy_diagram[illumination],OK,OP,has_measure,1
449,8,full_text + noisy_diagram[illumination],OK,P,lies_on,circle
449,8,full_text + noisy_diagram[illumination],OK,\theta,has_measure,?
449,8,full_text + noisy_diagram[illumination],OK,x,has_measure,?
449,8,full_text + noisy_diagram[illumination],OK,y,has_measure,?
449,8,full_text + noisy_diagram[illumination],OK,sec\theta,has_measure,?
449,8,full_text + noisy_diagram[illumination],OK,OP,connects,O
449,8,full_text + noisy_diagram[illumination],OK,OP,connects,P
449,8,full_text + noisy_diagram[illumination],OK,\theta,is_formed_by,OP
449,8,full_text + noisy_diagram[illumination],OK,\theta,is_formed_by,x-axis
449,8,full_text + noisy_diagram[illumination],OK,sec\theta,query_target,?
449,8,full_text + noisy_diagram[illumination],OK,circle,is_a,unit\ circle
449,8,full_text + noisy_diagram[illumination],OK,sec\theta,is_a,\frac{1}{cos\theta}
449,8,full_text + noisy_diagram[illumination],OK,θ,is_a,angle
449,8,full_text + noisy_diagram[illumination],OK,θ,has_measure,?
449,8,full_text + noisy_diagram[illumination],OK,secθ,has_measure,?
449,8,full_text + noisy_diagram[illumination],OK,θ,is_formed_by,OP
449,8,full_text + noisy_diagram[illumination],OK,circle,is_a,unit circle
449,8,full_text + noisy_diagram[illumination],OK,secθ,query_target,?
449,8,full_text + noisy_diagram[illumination],OK,secθ,is_a,1/cosθ
,,,,,,
457,8,full_text + noisy_diagram[illumination],OK,O,is_a,point
457,8,full_text + noisy_diagram[illumination],OK,r,is_a,radius
457,8,full_text + noisy_diagram[illumination],OK,r,has_measure,6_units
457,8,full_text + noisy_diagram[illumination],OK,Circle,is_a,circle
457,8,full_text + noisy_diagram[illumination],OK,Circle,has_center,O
457,8,full_text + noisy_diagram[illumination],OK,Circle,has_radius,r
457,8,full_text + noisy_diagram[illumination],OK,Equation,is_a,equation
457,8,full_text + noisy_diagram[illumination],OK,Equation,is_of,Circle
457,8,full_text + noisy_diagram[illumination],OK,Equation,has_form,standard_form
,,,,,,
472,8,full_text + noisy_diagram[illumination],OK,A,is_a,point
472,8,full_text + noisy_diagram[illumination],OK,B,is_a,point
472,8,full_text + noisy_diagram[illumination],OK,C,is_a,point
472,8,full_text + noisy_diagram[illumination],OK,D,is_a,point
472,8,full_text + noisy_diagram[illumination],OK,E,is_a,point
472,8,full_text + noisy_diagram[illumination],OK,-7,0,point
472,8,full_text + noisy_diagram[illumination],OK,-5,-5,point
472,8,full_text + noisy_diagram[illumination],OK,0,7,point
472,8,full_text + noisy_diagram[illumination],OK,5,-5,point
472,8,full_text + noisy_diagram[illumination],OK,7,0,point
472,8,full_text + noisy_diagram[illumination],OK,semicircle,has_measure,?
472,8,full_text + noisy_diagram[illumination],OK,center_of,semicircle,?
472,8,full_text + noisy_diagram[illumination],OK,query_target,is_a,center_of_semicircle
,,,,,,
