problem_index,case_id,case_label,status,subject,predicate,object
1,16,half_text + noisy_half_diagram[bg_change],OK,A,is_a,point
1,16,half_text + noisy_half_diagram[bg_change],OK,B,is_a,point
1,16,half_text + noisy_half_diagram[bg_change],OK,C,is_a,point
1,16,half_text + noisy_half_diagram[bg_change],OK,A,lies_on,ABC
1,16,half_text + noisy_half_diagram[bg_change],OK,B,lies_on,ABC
1,16,half_text + noisy_half_diagram[bg_change],OK,C,lies_on,ABC
1,16,half_text + noisy_half_diagram[bg_change],OK,D,is_a,point
1,16,half_text + noisy_half_diagram[bg_change],OK,E,is_a,point
1,16,half_text + noisy_half_diagram[bg_change],OK,D,lies_on,AB
1,16,half_text + noisy_half_diagram[bg_change],OK,E,lies_on,AC
1,16,half_text + noisy_half_diagram[bg_change],OK,DE,is_a,segment
1,16,half_text + noisy_half_diagram[bg_change],OK,BC,is_a,segment
1,16,half_text + noisy_half_diagram[bg_change],OK,DE,parallel_to,BC
1,16,half_text + noisy_half_diagram[bg_change],OK,∠A,is_a,angle
1,16,half_text + noisy_half_diagram[bg_change],OK,∠A,has_measure,80_deg
1,16,half_text + noisy_half_diagram[bg_change],OK,∠B,is_a,angle
1,16,half_text + noisy_half_diagram[bg_change],OK,∠CED,is_a,angle
1,16,half_text + noisy_half_diagram[bg_change],OK,∠B,has_measure,60_deg
,,,,,,
2,16,half_text + noisy_half_diagram[bg_change],OK,A,is_a,point
2,16,half_text + noisy_half_diagram[bg_change],OK,B,is_a,point
2,16,half_text + noisy_half_diagram[bg_change],OK,C,is_a,point
2,16,half_text + noisy_half_diagram[bg_change],OK,D,is_a,point
2,16,half_text + noisy_half_diagram[bg_change],OK,E,is_a,point
2,16,half_text + noisy_half_diagram[bg_change],OK,F,is_a,point
2,16,half_text + noisy_half_diagram[bg_change],OK,G,is_a,point
2,16,half_text + noisy_half_diagram[bg_change],OK,AB,is_a,line
2,16,half_text + noisy_half_diagram[bg_change],OK,CD,is_a,line
2,16,half_text + noisy_half_diagram[bg_change],OK,EF,is_a,line
2,16,half_text + noisy_half_diagram[bg_change],OK,EG,is_a,line
2,16,half_text + noisy_half_diagram[bg_change],OK,AE,lies_on,AB
2,16,half_text + noisy_half_diagram[bg_change],OK,EB,lies_on,AB
2,16,half_text + noisy_half_diagram[bg_change],OK,CF,lies_on,CD
2,16,half_text + noisy_half_diagram[bg_change],OK,FG,lies_on,CD
2,16,half_text + noisy_half_diagram[bg_change],OK,EF,intersects,AB
2,16,half_text + noisy_half_diagram[bg_change],OK,EF,intersects,CD
2,16,half_text + noisy_half_diagram[bg_change],OK,EG,intersects,CD
2,16,half_text + noisy_half_diagram[bg_change],OK,AB,parallel_to,CD
2,16,half_text + noisy_half_diagram[bg_change],OK,∠EFG,is_a,angle
2,16,half_text + noisy_half_diagram[bg_change],OK,∠BEF,is_a,angle
2,16,half_text + noisy_half_diagram[bg_change],OK,∠EGF,is_a,angle
2,16,half_text + noisy_half_diagram[bg_change],OK,EG,bisects,∠BEF
2,16,half_text + noisy_half_diagram[bg_change],OK,∠EFG,has_measure,50_deg
,,,,,,
3,16,half_text + noisy_half_diagram[bg_change],OK,C,is_a,point
3,16,half_text + noisy_half_diagram[bg_change],OK,D,is_a,point
3,16,half_text + noisy_half_diagram[bg_change],OK,A,is_a,point
3,16,half_text + noisy_half_diagram[bg_change],OK,B,is_a,point
3,16,half_text + noisy_half_diagram[bg_change],OK,CD,is_a,segment
3,16,half_text + noisy_half_diagram[bg_change],OK,AB,is_a,segment
3,16,half_text + noisy_half_diagram[bg_change],OK,BD,is_a,segment
3,16,half_text + noisy_half_diagram[bg_change],OK,∠BCD,is_a,angle
3,16,half_text + noisy_half_diagram[bg_change],OK,∠CDB,is_a,angle
3,16,half_text + noisy_half_diagram[bg_change],OK,∠DBC,is_a,angle
3,16,half_text + noisy_half_diagram[bg_change],OK,∠ABC,is_a,angle
3,16,half_text + noisy_half_diagram[bg_change],OK,70_deg,is_a,measure
3,16,half_text + noisy_half_diagram[bg_change],OK,∠DCB,has_measure,70_deg
3,16,half_text + noisy_half_diagram[bg_change],OK,CD,parallel_to,AB
3,16,half_text + noisy_half_diagram[bg_change],OK,BD,intersects,AC
3,16,half_text + noisy_half_diagram[bg_change],OK,BD,lies_on,point
3,16,half_text + noisy_half_diagram[bg_change],OK,B,lies_on,CD
3,16,half_text + noisy_half_diagram[bg_change],OK,D,lies_on,BD
3,16,half_text + noisy_half_diagram[bg_change],OK,C,lies_on,CD
3,16,half_text + noisy_half_diagram[bg_change],OK,C,lies_on,BC
3,16,half_text + noisy_half_diagram[bg_change],OK,B,lies_on,AB
,,,,,,
4,16,half_text + noisy_half_diagram[bg_change],OK,A,is_a,point
4,16,half_text + noisy_half_diagram[bg_change],OK,B,is_a,point
4,16,half_text + noisy_half_diagram[bg_change],OK,C,is_a,point
4,16,half_text + noisy_half_diagram[bg_change],OK,O,is_a,point
4,16,half_text + noisy_half_diagram[bg_change],OK,AB,is_a,segment
4,16,half_text + noisy_half_diagram[bg_change],OK,AO,is_a,segment
4,16,half_text + noisy_half_diagram[bg_change],OK,BC,is_a,segment
4,16,half_text + noisy_half_diagram[bg_change],OK,∠A,is_a,angle
4,16,half_text + noisy_half_diagram[bg_change],OK,∠A,has_measure,36_deg
4,16,half_text + noisy_half_diagram[bg_change],OK,AB,tangent_to,circle O
4,16,half_text + noisy_half_diagram[bg_change],OK,AO,intersects,circle O
4,16,half_text + noisy_half_diagram[bg_change],OK,BC,connects,points B and C
4,16,half_text + noisy_half_diagram[bg_change],OK,AB,tangent_to,O
4,16,half_text + noisy_half_diagram[bg_change],OK,AB,tangent_to,circle O at point B
4,16,half_text + noisy_half_diagram[bg_change],OK,AO,intersects,circle O at point C
4,16,half_text + noisy_half_diagram[bg_change],OK,AO,intersects,C
4,16,half_text + noisy_half_diagram[bg_change],OK,A,lies_on,line AO
4,16,half_text + noisy_half_diagram[bg_change],OK,B,lies_on,line AB
4,16,half_text + noisy_half_diagram[bg_change],OK,C,lies_on,circle O
4,16,half_text + noisy_half_diagram[bg_change],OK,AB,perpendicular_to,radius OB
4,16,half_text + noisy_half_diagram[bg_change],OK,AB,perpendicular_to,OB
4,16,half_text + noisy_half_diagram[bg_change],OK,OB,is_a,"radius_of, circle O"
,,,,,,
7,16,half_text + noisy_half_diagram[bg_change],OK,B,is_a,point
7,16,half_text + noisy_half_diagram[bg_change],OK,C,is_a,point
7,16,half_text + noisy_half_diagram[bg_change],OK,D,is_a,point
7,16,half_text + noisy_half_diagram[bg_change],OK,∠B,is_a,angle
7,16,half_text + noisy_half_diagram[bg_change],OK,∠C,is_a,angle
7,16,half_text + noisy_half_diagram[bg_change],OK,∠DAC,is_a,angle
7,16,half_text + noisy_half_diagram[bg_change],OK,∠EAC,is_a,angle
7,16,half_text + noisy_half_diagram[bg_change],OK,ADE,is_a,triangle
7,16,half_text + noisy_half_diagram[bg_change],OK,ABC,congruent_to,ADE
7,16,half_text + noisy_half_diagram[bg_change],OK,A,_of,ABC
7,16,half_text + noisy_half_diagram[bg_change],OK,A,common_vertex_of,ADE
7,16,half_text + noisy_half_diagram[bg_change],OK,∠B,has_measure,70_deg
7,16,half_text + noisy_half_diagram[bg_change],OK,∠C,has_measure,30_deg
,,,,,,
8,16,half_text + noisy_half_diagram[bg_change],OK,A,is_a,point
8,16,half_text + noisy_half_diagram[bg_change],OK,B,is_a,point
8,16,half_text + noisy_half_diagram[bg_change],OK,C,is_a,point
8,16,half_text + noisy_half_diagram[bg_change],OK,D,is_a,point
8,16,half_text + noisy_half_diagram[bg_change],OK,E,is_a,point
8,16,half_text + noisy_half_diagram[bg_change],OK,F,is_a,point
8,16,half_text + noisy_half_diagram[bg_change],OK,AB,is_a,segment
8,16,half_text + noisy_half_diagram[bg_change],OK,DF,is_a,segment
8,16,half_text + noisy_half_diagram[bg_change],OK,∠ABC,is_a,angle
8,16,half_text + noisy_half_diagram[bg_change],OK,∠DEF,is_a,angle
8,16,half_text + noisy_half_diagram[bg_change],OK,BF,has_measure,7.0_units
8,16,half_text + noisy_half_diagram[bg_change],OK,BF,is_a,segment
8,16,half_text + noisy_half_diagram[bg_change],OK,5.0,has_measure,BF
8,16,half_text + noisy_half_diagram[bg_change],OK,ABC,is_a,triangle
8,16,half_text + noisy_half_diagram[bg_change],OK,DEF,is_a,triangle
8,16,half_text + noisy_half_diagram[bg_change],OK,ABC,congruent_to,DEF
8,16,half_text + noisy_half_diagram[bg_change],OK,A,corresponding_vertex,D
8,16,half_text + noisy_half_diagram[bg_change],OK,B,corresponding_vertex,E
,,,,,,
9,16,half_text + noisy_half_diagram[bg_change],OK,B,is_a,point
9,16,half_text + noisy_half_diagram[bg_change],OK,C,is_a,point
9,16,half_text + noisy_half_diagram[bg_change],OK,D,is_a,point
9,16,half_text + noisy_half_diagram[bg_change],OK,E,is_a,point
9,16,half_text + noisy_half_diagram[bg_change],OK,AC,is_a,segment
9,16,half_text + noisy_half_diagram[bg_change],OK,BC,is_a,"segment, is_a, segmentAD, is_a, segment"
9,16,half_text + noisy_half_diagram[bg_change],OK,DE,is_a,segment
9,16,half_text + noisy_half_diagram[bg_change],OK,∠C,is_a,angle
9,16,half_text + noisy_half_diagram[bg_change],OK,∠CAB,is_a,angle
9,16,half_text + noisy_half_diagram[bg_change],OK,∠CAD,is_a,angle
9,16,half_text + noisy_half_diagram[bg_change],OK,∠DAB,is_a,angle
9,16,half_text + noisy_half_diagram[bg_change],OK,∠DEB,is_a,angle
9,16,half_text + noisy_half_diagram[bg_change],OK,C,lies_on,BC
9,16,half_text + noisy_half_diagram[bg_change],OK,A,lies_on,AC
9,16,half_text + noisy_half_diagram[bg_change],OK,B,lies_on,BC
9,16,half_text + noisy_half_diagram[bg_change],OK,D,lies_on,BC
9,16,half_text + noisy_half_diagram[bg_change],OK,E,lies_on,AB
9,16,half_text + noisy_half_diagram[bg_change],OK,A,lies_on,AB
9,16,half_text + noisy_half_diagram[bg_change],OK,C,lies_on,AC
9,16,half_text + noisy_half_diagram[bg_change],OK,AD,intersects,BC
9,16,half_text + noisy_half_diagram[bg_change],OK,DE,intersects,AB
9,16,half_text + noisy_half_diagram[bg_change],OK,DE,is_perpendicular_to,AB
9,16,half_text + noisy_half_diagram[bg_change],OK,AC,has_measure,?
9,16,half_text + noisy_half_diagram[bg_change],OK,BC,has_measure,?
9,16,half_text + noisy_half_diagram[bg_change],OK,AB,has_measure,6.0_units
9,16,half_text + noisy_half_diagram[bg_change],OK,∠C,has_measure,90_deg
9,16,half_text + noisy_half_diagram[bg_change],OK,AC,is_equal_to,BC
,,,,,,
10,16,half_text + noisy_half_diagram[bg_change],OK,A,is_a,point
10,16,half_text + noisy_half_diagram[bg_change],OK,B,is_a,point
10,16,half_text + noisy_half_diagram[bg_change],OK,C,is_a,point
10,16,half_text + noisy_half_diagram[bg_change],OK,D,is_a,point
10,16,half_text + noisy_half_diagram[bg_change],OK,E,is_a,point
10,16,half_text + noisy_half_diagram[bg_change],OK,AB,is_a,segment
10,16,half_text + noisy_half_diagram[bg_change],OK,AC,is_a,segment
10,16,half_text + noisy_half_diagram[bg_change],OK,AD,is_a,segment
10,16,half_text + noisy_half_diagram[bg_change],OK,BD,is_a,segment
10,16,half_text + noisy_half_diagram[bg_change],OK,CD,is_a,segment
10,16,half_text + noisy_half_diagram[bg_change],OK,DE,is_a,segment
10,16,half_text + noisy_half_diagram[bg_change],OK,∠BAC,is_a,angle
10,16,half_text + noisy_half_diagram[bg_change],OK,36°,is_a,measure
10,16,half_text + noisy_half_diagram[bg_change],OK,AB,has_measure,?
10,16,half_text + noisy_half_diagram[bg_change],OK,AC,has_measure,?
10,16,half_text + noisy_half_diagram[bg_change],OK,AB,equal_to,AC
10,16,half_text + noisy_half_diagram[bg_change],OK,DE,perpendicular_to,AB
10,16,half_text + noisy_half_diagram[bg_change],OK,E,lies_on,AB
10,16,half_text + noisy_half_diagram[bg_change],OK,D,lies_on,AC
10,16,half_text + noisy_half_diagram[bg_change],OK,D,lies_on,BD
,,,,,,
11,16,half_text + noisy_half_diagram[bg_change],OK,A,is_a,point
11,16,half_text + noisy_half_diagram[bg_change],OK,B,is_a,point
11,16,half_text + noisy_half_diagram[bg_change],OK,C,is_a,point
11,16,half_text + noisy_half_diagram[bg_change],OK,D,is_a,point
11,16,half_text + noisy_half_diagram[bg_change],OK,E,is_a,point
11,16,half_text + noisy_half_diagram[bg_change],OK,F,is_a,point
11,16,half_text + noisy_half_diagram[bg_change],OK,AB,is_a,segment
11,16,half_text + noisy_half_diagram[bg_change],OK,BC,is_a,segment
11,16,half_text + noisy_half_diagram[bg_change],OK,CD,is_a,segment
11,16,half_text + noisy_half_diagram[bg_change],OK,DE,is_a,segment
11,16,half_text + noisy_half_diagram[bg_change],OK,EA,is_a,segment
11,16,half_text + noisy_half_diagram[bg_change],OK,AD,is_a,segment
11,16,half_text + noisy_half_diagram[bg_change],OK,AE,is_a,segment
11,16,half_text + noisy_half_diagram[bg_change],OK,AF,is_a,segment
11,16,half_text + noisy_half_diagram[bg_change],OK,BF,is_a,segment
11,16,half_text + noisy_half_diagram[bg_change],OK,CF,is_a,segment
11,16,half_text + noisy_half_diagram[bg_change],OK,∠C,is_a,angle
11,16,half_text + noisy_half_diagram[bg_change],OK,∠C,has_measure,36_deg
11,16,half_text + noisy_half_diagram[bg_change],OK,Triangle ABC,is_a,triangle
11,16,half_text + noisy_half_diagram[bg_change],OK,Triangle AED,is_a,triangle
11,16,half_text + noisy_half_diagram[bg_change],OK,Triangle ABC,rotated_about,A
11,16,half_text + noisy_half_diagram[bg_change],OK,Triangle ABC,mapped_to,Triangle AED
11,16,half_text + noisy_half_diagram[bg_change],OK,Rotation,is_a,anticlockwise
11,16,half_text + noisy_half_diagram[bg_change],OK,AD,intersects,BC
11,16,half_text + noisy_half_diagram[bg_change],OK,AD,intersects,"BC, at, F"
11,16,half_text + noisy_half_diagram[bg_change],OK,∠EAD,has_measure,60_deg
11,16,half_text + noisy_half_diagram[bg_change],OK,∠EAD,is_a,angle
11,16,half_text + noisy_half_diagram[bg_change],OK,F,lies_on,AD
11,16,half_text + noisy_half_diagram[bg_change],OK,F,lies_on,BC
,,,,,,
14,16,half_text + noisy_half_diagram[bg_change],OK,O,is_a,point
14,16,half_text + noisy_half_diagram[bg_change],OK,A,is_a,point
14,16,half_text + noisy_half_diagram[bg_change],OK,B,is_a,point
14,16,half_text + noisy_half_diagram[bg_change],OK,C,is_a,point
14,16,half_text + noisy_half_diagram[bg_change],OK,∠AOB,is_a,angle
14,16,half_text + noisy_half_diagram[bg_change],OK,∠AOB,has_measure,35_deg
14,16,half_text + noisy_half_diagram[bg_change],OK,A,lies_on,circle
14,16,half_text + noisy_half_diagram[bg_change],OK,B,lies_on,circle
14,16,half_text + noisy_half_diagram[bg_change],OK,C,lies_on,circle
14,16,half_text + noisy_half_diagram[bg_change],OK,O,center_of,circle
,,,,,,
16,16,half_text + noisy_half_diagram[bg_change],OK,O,is_a,point
16,16,half_text + noisy_half_diagram[bg_change],OK,∠BOC,is_a,angle
16,16,half_text + noisy_half_diagram[bg_change],OK,∠BOC,has_measure,50_deg
,,,,,,
17,16,half_text + noisy_half_diagram[bg_change],OK,A,is_a,point
17,16,half_text + noisy_half_diagram[bg_change],OK,B,is_a,point
17,16,half_text + noisy_half_diagram[bg_change],OK,C,is_a,point
17,16,half_text + noisy_half_diagram[bg_change],OK,D,is_a,point
17,16,half_text + noisy_half_diagram[bg_change],OK,O,is_a,point
17,16,half_text + noisy_half_diagram[bg_change],OK,ABCD,is_a,parallelogram
17,16,half_text + noisy_half_diagram[bg_change],OK,AC,is_a,diagonal
17,16,half_text + noisy_half_diagram[bg_change],OK,BD,is_a,diagonal
17,16,half_text + noisy_half_diagram[bg_change],OK,∠DAC,has_measure,42_deg
17,16,half_text + noisy_half_diagram[bg_change],OK,∠CBD,has_measure,23_deg
17,16,half_text + noisy_half_diagram[bg_change],OK,AC,intersects,BD
17,16,half_text + noisy_half_diagram[bg_change],OK,O,is_a,intersection of AC and BD
17,16,half_text + noisy_half_diagram[bg_change],OK,A,lies_on,AC
17,16,half_text + noisy_half_diagram[bg_change],OK,B,lies_on,BD
17,16,half_text + noisy_half_diagram[bg_change],OK,C,lies_on,AC
17,16,half_text + noisy_half_diagram[bg_change],OK,D,lies_on,BD
17,16,half_text + noisy_half_diagram[bg_change],OK,∠COD,is_a,angle
17,16,half_text + noisy_half_diagram[bg_change],OK,AC,is_a,segment
17,16,half_text + noisy_half_diagram[bg_change],OK,BD,is_a,segment
17,16,half_text + noisy_half_diagram[bg_change],OK,- A,is_a,point
17,16,half_text + noisy_half_diagram[bg_change],OK,- B,is_a,point
17,16,half_text + noisy_half_diagram[bg_change],OK,- C,is_a,point
17,16,half_text + noisy_half_diagram[bg_change],OK,- D,is_a,point
17,16,half_text + noisy_half_diagram[bg_change],OK,- O,is_a,point
17,16,half_text + noisy_half_diagram[bg_change],OK,- ABCD,is_a,parallelogram
17,16,half_text + noisy_half_diagram[bg_change],OK,- AC,is_a,diagonal
17,16,half_text + noisy_half_diagram[bg_change],OK,- BD,is_a,diagonal
17,16,half_text + noisy_half_diagram[bg_change],OK,- ∠DAC,has_measure,42_deg
17,16,half_text + noisy_half_diagram[bg_change],OK,- ∠CBD,has_measure,23_deg
17,16,half_text + noisy_half_diagram[bg_change],OK,- A,lies_on,AC
17,16,half_text + noisy_half_diagram[bg_change],OK,- B,lies_on,BD
17,16,half_text + noisy_half_diagram[bg_change],OK,- C,lies_on,AC
17,16,half_text + noisy_half_diagram[bg_change],OK,- D,lies_on,BD
17,16,half_text + noisy_half_diagram[bg_change],OK,- O,is_a,intersection of AC and BD
17,16,half_text + noisy_half_diagram[bg_change],OK,- AC,intersects,BD
17,16,half_text + noisy_half_diagram[bg_change],OK,- ∠DAC,is_part_of,∠DAB
17,16,half_text + noisy_half_diagram[bg_change],OK,- AC,is_a,segment
17,16,half_text + noisy_half_diagram[bg_change],OK,- BD,is_a,segment
17,16,half_text + noisy_half_diagram[bg_change],OK,- ∠COD,is_a,angle
,,,,,,
20,16,half_text + noisy_half_diagram[bg_change],OK,B,is_a,point
20,16,half_text + noisy_half_diagram[bg_change],OK,C,is_a,point
20,16,half_text + noisy_half_diagram[bg_change],OK,D,is_a,point
20,16,half_text + noisy_half_diagram[bg_change],OK,O,is_a,point
20,16,half_text + noisy_half_diagram[bg_change],OK,AB,is_a,segment
20,16,half_text + noisy_half_diagram[bg_change],OK,AC,is_a,segment
20,16,half_text + noisy_half_diagram[bg_change],OK,BC,is_a,segment
20,16,half_text + noisy_half_diagram[bg_change],OK,OD,is_a,segment
20,16,half_text + noisy_half_diagram[bg_change],OK,AB,diameter_of,circle_O
20,16,half_text + noisy_half_diagram[bg_change],OK,C,lies_on,circle_O
20,16,half_text + noisy_half_diagram[bg_change],OK,D,lies_on,circle_O
,,,,,,
22,16,half_text + noisy_half_diagram[bg_change],OK,A,is_a,point
22,16,half_text + noisy_half_diagram[bg_change],OK,B,is_a,point
22,16,half_text + noisy_half_diagram[bg_change],OK,C,is_a,point
22,16,half_text + noisy_half_diagram[bg_change],OK,D,is_a,point
22,16,half_text + noisy_half_diagram[bg_change],OK,M,is_a,point
22,16,half_text + noisy_half_diagram[bg_change],OK,N,is_a,point
22,16,half_text + noisy_half_diagram[bg_change],OK,O,is_a,point
22,16,half_text + noisy_half_diagram[bg_change],OK,AM,is_a,segment
22,16,half_text + noisy_half_diagram[bg_change],OK,CN,is_a,segment
22,16,half_text + noisy_half_diagram[bg_change],OK,MN,is_a,segment
22,16,half_text + noisy_half_diagram[bg_change],OK,AC,is_a,segment
22,16,half_text + noisy_half_diagram[bg_change],OK,BO,is_a,segment
22,16,half_text + noisy_half_diagram[bg_change],OK,ABCD,is_a,diamond
22,16,half_text + noisy_half_diagram[bg_change],OK,M,lies_on,AB
22,16,half_text + noisy_half_diagram[bg_change],OK,N,lies_on,CD
22,16,half_text + noisy_half_diagram[bg_change],OK,AM,has_measure,?
22,16,half_text + noisy_half_diagram[bg_change],OK,CN,has_measure,?
22,16,half_text + noisy_half_diagram[bg_change],OK,∠DAC,has_measure,?
22,16,half_text + noisy_half_diagram[bg_change],OK,∠A,has_measure,28_deg
22,16,half_text + noisy_half_diagram[bg_change],OK,AM,equals,CN
22,16,half_text + noisy_half_diagram[bg_change],OK,AC,intersects,MN
22,16,half_text + noisy_half_diagram[bg_change],OK,MN,intersects,AC
22,16,half_text + noisy_half_diagram[bg_change],OK,AC,intersects,BO
22,16,half_text + noisy_half_diagram[bg_change],OK,BO,connects,"B, O"
22,16,half_text + noisy_half_diagram[bg_change],OK,O,lies_on,BO
22,16,half_text + noisy_half_diagram[bg_change],OK,O,lies_on,AC
,,,,,,
25,16,half_text + noisy_half_diagram[bg_change],OK,EF,is_a,line
25,16,half_text + noisy_half_diagram[bg_change],OK,BC,is_a,line
25,16,half_text + noisy_half_diagram[bg_change],OK,EF,parallel_to,BC
25,16,half_text + noisy_half_diagram[bg_change],OK,∠ABC,has_measure,50_deg
25,16,half_text + noisy_half_diagram[bg_change],OK,AC,bisects,∠BAF
25,16,half_text + noisy_half_diagram[bg_change],OK,A,is_a,point
25,16,half_text + noisy_half_diagram[bg_change],OK,B,is_a,point
25,16,half_text + noisy_half_diagram[bg_change],OK,C,is_a,point
25,16,half_text + noisy_half_diagram[bg_change],OK,E,is_a,point
25,16,half_text + noisy_half_diagram[bg_change],OK,F,is_a,point
25,16,half_text + noisy_half_diagram[bg_change],OK,AB,is_a,segment
25,16,half_text + noisy_half_diagram[bg_change],OK,AC,is_a,segment
25,16,half_text + noisy_half_diagram[bg_change],OK,BC,is_a,segment
,,,,,,
26,16,half_text + noisy_half_diagram[bg_change],OK,A,is_a,point
26,16,half_text + noisy_half_diagram[bg_change],OK,B,is_a,point
26,16,half_text + noisy_half_diagram[bg_change],OK,O,is_a,point
26,16,half_text + noisy_half_diagram[bg_change],OK,AB,is_a,segment
26,16,half_text + noisy_half_diagram[bg_change],OK,Bamboo pole,is_a,segment
26,16,half_text + noisy_half_diagram[bg_change],OK,Flagpole,is_a,segment
26,16,half_text + noisy_half_diagram[bg_change],OK,3.2,has_measure,?
26,16,half_text + noisy_half_diagram[bg_change],OK,22,has_measure,m
26,16,half_text + noisy_half_diagram[bg_change],OK,8.0,has_measure,m
,,,,,,
29,16,half_text + noisy_half_diagram[bg_change],OK,A,is_a,point
29,16,half_text + noisy_half_diagram[bg_change],OK,B,is_a,point
29,16,half_text + noisy_half_diagram[bg_change],OK,C,is_a,point
29,16,half_text + noisy_half_diagram[bg_change],OK,A,lies_on,triangle ABC
29,16,half_text + noisy_half_diagram[bg_change],OK,B,lies_on,triangle ABC
29,16,half_text + noisy_half_diagram[bg_change],OK,C,lies_on,triangle ABC
29,16,half_text + noisy_half_diagram[bg_change],OK,∠A,is_a,angle
29,16,half_text + noisy_half_diagram[bg_change],OK,∠A,has_measure,50_deg
29,16,half_text + noisy_half_diagram[bg_change],OK,BD,is_a,segment
29,16,half_text + noisy_half_diagram[bg_change],OK,CD,is_a,segment
29,16,half_text + noisy_half_diagram[bg_change],OK,D,is_a,point
29,16,half_text + noisy_half_diagram[bg_change],OK,BD,intersects,CD
29,16,half_text + noisy_half_diagram[bg_change],OK,D,lies_on,BD
29,16,half_text + noisy_half_diagram[bg_change],OK,D,lies_on,CD
,,,,,,
30,16,half_text + noisy_half_diagram[bg_change],OK,A,is_a,point
30,16,half_text + noisy_half_diagram[bg_change],OK,B,is_a,point
30,16,half_text + noisy_half_diagram[bg_change],OK,C,is_a,point
30,16,half_text + noisy_half_diagram[bg_change],OK,O,is_a,point
30,16,half_text + noisy_half_diagram[bg_change],OK,OA,is_a,segment
30,16,half_text + noisy_half_diagram[bg_change],OK,OB,is_a,segment
30,16,half_text + noisy_half_diagram[bg_change],OK,OC,is_a,segment
30,16,half_text + noisy_half_diagram[bg_change],OK,∠ACB,is_a,angle
30,16,half_text + noisy_half_diagram[bg_change],OK,∠ACB,has_measure,30_deg
30,16,half_text + noisy_half_diagram[bg_change],OK,OA,has_measure,?
30,16,half_text + noisy_half_diagram[bg_change],OK,OB,has_measure,?
30,16,half_text + noisy_half_diagram[bg_change],OK,OC,has_measure,?
30,16,half_text + noisy_half_diagram[bg_change],OK,OA,equals,OB
30,16,half_text + noisy_half_diagram[bg_change],OK,OA,equals,OC
30,16,half_text + noisy_half_diagram[bg_change],OK,OB,equals,OC
30,16,half_text + noisy_half_diagram[bg_change],OK,OC,equals,OA
,,,,,,
32,16,half_text + noisy_half_diagram[bg_change],OK,A,is_a,point
32,16,half_text + noisy_half_diagram[bg_change],OK,I,is_a,point
32,16,half_text + noisy_half_diagram[bg_change],OK,D,is_a,point
32,16,half_text + noisy_half_diagram[bg_change],OK,E,is_a,point
32,16,half_text + noisy_half_diagram[bg_change],OK,F,is_a,point
32,16,half_text + noisy_half_diagram[bg_change],OK,ID,is_a,segment
32,16,half_text + noisy_half_diagram[bg_change],OK,IE,is_a,segment
32,16,half_text + noisy_half_diagram[bg_change],OK,IF,is_a,segment
32,16,half_text + noisy_half_diagram[bg_change],OK,∠DIE,is_a,angle
32,16,half_text + noisy_half_diagram[bg_change],OK,∠DIE,has_measure,52_deg
32,16,half_text + noisy_half_diagram[bg_change],OK,IE,tangent_to,circle
32,16,half_text + noisy_half_diagram[bg_change],OK,IF,tangent_to,circle
32,16,half_text + noisy_half_diagram[bg_change],OK,ID,tangent_to,circle
,,,,,,
34,16,half_text + noisy_half_diagram[bg_change],OK,A,is_a,point
34,16,half_text + noisy_half_diagram[bg_change],OK,B,is_a,point
34,16,half_text + noisy_half_diagram[bg_change],OK,C,is_a,point
34,16,half_text + noisy_half_diagram[bg_change],OK,D,is_a,point
34,16,half_text + noisy_half_diagram[bg_change],OK,E,is_a,point
34,16,half_text + noisy_half_diagram[bg_change],OK,F,is_a,point
34,16,half_text + noisy_half_diagram[bg_change],OK,AB,is_a,line
34,16,half_text + noisy_half_diagram[bg_change],OK,CD,is_a,line
34,16,half_text + noisy_half_diagram[bg_change],OK,EF,is_a,line
34,16,half_text + noisy_half_diagram[bg_change],OK,E,lies_on,EF
34,16,half_text + noisy_half_diagram[bg_change],OK,E,lies_on,AB
34,16,half_text + noisy_half_diagram[bg_change],OK,∠EPD,has_measure,100_deg
34,16,half_text + noisy_half_diagram[bg_change],OK,AB,parallel_to,CD
34,16,half_text + noisy_half_diagram[bg_change],OK,P,is_a,point
34,16,half_text + noisy_half_diagram[bg_change],OK,P,lies_on,EF
34,16,half_text + noisy_half_diagram[bg_change],OK,P,lies_on,AB
34,16,half_text + noisy_half_diagram[bg_change],OK,EF,intersects,AB
34,16,half_text + noisy_half_diagram[bg_change],OK,EF,intersects,CD
,,,,,,
36,16,half_text + noisy_half_diagram[bg_change],OK,O,is_a,circle
36,16,half_text + noisy_half_diagram[bg_change],OK,AB,is_a,"diameter_of, O"
36,16,half_text + noisy_half_diagram[bg_change],OK,C,is_a,point
36,16,half_text + noisy_half_diagram[bg_change],OK,D,is_a,point
36,16,half_text + noisy_half_diagram[bg_change],OK,CD,is_a,line
36,16,half_text + noisy_half_diagram[bg_change],OK,CD,tangent_to,circle O at C
36,16,half_text + noisy_half_diagram[bg_change],OK,∠BCD,has_measure,50_deg
36,16,half_text + noisy_half_diagram[bg_change],OK,A,lies_on,circle O
36,16,half_text + noisy_half_diagram[bg_change],OK,B,lies_on,circle O
36,16,half_text + noisy_half_diagram[bg_change],OK,C,lies_on,circle O
36,16,half_text + noisy_half_diagram[bg_change],OK,AB,connects,"A, B"
36,16,half_text + noisy_half_diagram[bg_change],OK,CD,connects,"C, D"
36,16,half_text + noisy_half_diagram[bg_change],OK,$\angle CAB$,is_a,angle
36,16,half_text + noisy_half_diagram[bg_change],OK,$\triangle ACB$,is_a,right_triangle
36,16,half_text + noisy_half_diagram[bg_change],OK,A,is_a,point
36,16,half_text + noisy_half_diagram[bg_change],OK,B,is_a,point
36,16,half_text + noisy_half_diagram[bg_change],OK,AB,is_a,segment
36,16,half_text + noisy_half_diagram[bg_change],OK,CD,is_a,segment
36,16,half_text + noisy_half_diagram[bg_change],OK,AB,diameter_of,O
36,16,half_text + noisy_half_diagram[bg_change],OK,C,lies_on,O
36,16,half_text + noisy_half_diagram[bg_change],OK,A,lies_on,O
36,16,half_text + noisy_half_diagram[bg_change],OK,B,lies_on,O
36,16,half_text + noisy_half_diagram[bg_change],OK,CD,tangent_to,O
36,16,half_text + noisy_half_diagram[bg_change],OK,∠ACB,has_measure,90_deg
36,16,half_text + noisy_half_diagram[bg_change],OK,$\triangle ACB$,is_a,triangle
36,16,half_text + noisy_half_diagram[bg_change],OK,AC,is_a,segment
36,16,half_text + noisy_half_diagram[bg_change],OK,BC,is_a,segment
,,,,,,
37,16,half_text + noisy_half_diagram[bg_change],OK,A,is_a,point
37,16,half_text + noisy_half_diagram[bg_change],OK,B,is_a,point
37,16,half_text + noisy_half_diagram[bg_change],OK,C,is_a,point
37,16,half_text + noisy_half_diagram[bg_change],OK,D,is_a,point
37,16,half_text + noisy_half_diagram[bg_change],OK,O,is_a,point
37,16,half_text + noisy_half_diagram[bg_change],OK,P,is_a,point
37,16,half_text + noisy_half_diagram[bg_change],OK,AB,is_a,segment
37,16,half_text + noisy_half_diagram[bg_change],OK,CD,is_a,segment
37,16,half_text + noisy_half_diagram[bg_change],OK,CP,is_a,segment
37,16,half_text + noisy_half_diagram[bg_change],OK,AO,is_a,segment
37,16,half_text + noisy_half_diagram[bg_change],OK,PO,is_a,segment
37,16,half_text + noisy_half_diagram[bg_change],OK,∠COP,is_a,angle
37,16,half_text + noisy_half_diagram[bg_change],OK,AB,parallel_to,CD
37,16,half_text + noisy_half_diagram[bg_change],OK,CP,intersects,AB
37,16,half_text + noisy_half_diagram[bg_change],OK,AO,lies_on,AB
37,16,half_text + noisy_half_diagram[bg_change],OK,PO,lies_on,CP
37,16,half_text + noisy_half_diagram[bg_change],OK,AO,has_measure,?
37,16,half_text + noisy_half_diagram[bg_change],OK,PO,has_measure,?
37,16,half_text + noisy_half_diagram[bg_change],OK,∠COP,has_measure,50_deg
37,16,half_text + noisy_half_diagram[bg_change],OK,AO,equals,PO
37,16,half_text + noisy_half_diagram[bg_change],OK,PO,equals,AO
,,,,,,
38,16,half_text + noisy_half_diagram[bg_change],OK,AB,is_a,segment
38,16,half_text + noisy_half_diagram[bg_change],OK,AC,is_a,segment
38,16,half_text + noisy_half_diagram[bg_change],OK,AD,is_a,segment
38,16,half_text + noisy_half_diagram[bg_change],OK,BC,is_a,segment
38,16,half_text + noisy_half_diagram[bg_change],OK,A,is_a,point
38,16,half_text + noisy_half_diagram[bg_change],OK,B,is_a,point
38,16,half_text + noisy_half_diagram[bg_change],OK,C,is_a,point
38,16,half_text + noisy_half_diagram[bg_change],OK,D,is_a,point
38,16,half_text + noisy_half_diagram[bg_change],OK,AB,has_measure,?
38,16,half_text + noisy_half_diagram[bg_change],OK,AC,has_measure,?
38,16,half_text + noisy_half_diagram[bg_change],OK,AD,has_measure,?
38,16,half_text + noisy_half_diagram[bg_change],OK,BC,has_measure,?
38,16,half_text + noisy_half_diagram[bg_change],OK,∠BAC,has_measure,?
38,16,half_text + noisy_half_diagram[bg_change],OK,AB,equals,AC
38,16,half_text + noisy_half_diagram[bg_change],OK,AD,parallel_to,BC
38,16,half_text + noisy_half_diagram[bg_change],OK,∠BAD,has_measure,70_deg
38,16,half_text + noisy_half_diagram[bg_change],OK,triangle ABC,is_a,isosceles triangle
,,,,,,
40,16,half_text + noisy_half_diagram[bg_change],OK,a,is_a,line
40,16,half_text + noisy_half_diagram[bg_change],OK,b,is_a,line
40,16,half_text + noisy_half_diagram[bg_change],OK,c,is_a,line
40,16,half_text + noisy_half_diagram[bg_change],OK,a,parallel_to,b
40,16,half_text + noisy_half_diagram[bg_change],OK,1,is_a,angle
40,16,half_text + noisy_half_diagram[bg_change],OK,2,is_a,angle
40,16,half_text + noisy_half_diagram[bg_change],OK,1,has_measure,50_deg
40,16,half_text + noisy_half_diagram[bg_change],OK,1,lies_on,c
40,16,half_text + noisy_half_diagram[bg_change],OK,2,lies_on,c
40,16,half_text + noisy_half_diagram[bg_change],OK,a,intersects,c
40,16,half_text + noisy_half_diagram[bg_change],OK,b,intersects,c
40,16,half_text + noisy_half_diagram[bg_change],OK,1,?,?
40,16,half_text + noisy_half_diagram[bg_change],OK,2,?,?
,,,,,,
43,16,half_text + noisy_half_diagram[bg_change],OK,A,is_a,point
43,16,half_text + noisy_half_diagram[bg_change],OK,O,is_a,point
43,16,half_text + noisy_half_diagram[bg_change],OK,B,is_a,point
43,16,half_text + noisy_half_diagram[bg_change],OK,D,is_a,point
43,16,half_text + noisy_half_diagram[bg_change],OK,AB,is_a,segment
43,16,half_text + noisy_half_diagram[bg_change],OK,OD,is_a,segment
43,16,half_text + noisy_half_diagram[bg_change],OK,OB,is_a,segment
43,16,half_text + noisy_half_diagram[bg_change],OK,∠AOD,is_a,angle
43,16,half_text + noisy_half_diagram[bg_change],OK,∠DOB,is_a,angle
43,16,half_text + noisy_half_diagram[bg_change],OK,∠AOD,has_measure,30_deg
43,16,half_text + noisy_half_diagram[bg_change],OK,∠BOC,has_measure,100_deg
,,,,,,
44,16,half_text + noisy_half_diagram[bg_change],OK,甲,is_a,point
44,16,half_text + noisy_half_diagram[bg_change],OK,乙,is_a,point
44,16,half_text + noisy_half_diagram[bg_change],OK,小刚,is_a,point
44,16,half_text + noisy_half_diagram[bg_change],OK,甲乙,has_measure,30
44,16,half_text + noisy_half_diagram[bg_change],OK,甲小刚,has_measure,25
44,16,half_text + noisy_half_diagram[bg_change],OK,小刚乙,has_measure,5
44,16,half_text + noisy_half_diagram[bg_change],OK,小刚's_height,has_measure,1.5
44,16,half_text + noisy_half_diagram[bg_change],OK,小刚,lies_on,line connecting 甲 and 乙
44,16,half_text + noisy_half_diagram[bg_change],OK,street_lamp_甲,is_a,street_lamp
44,16,half_text + noisy_half_diagram[bg_change],OK,street_lamp_乙,is_a,street_lamp
44,16,half_text + noisy_half_diagram[bg_change],OK,street_lamp_甲,has_measure,?
44,16,half_text + noisy_half_diagram[bg_change],OK,street_lamp_乙,has_measure,?
44,16,half_text + noisy_half_diagram[bg_change],OK,甲乙,is_a,segment
44,16,half_text + noisy_half_diagram[bg_change],OK,小刚's_height,is_a,segment
44,16,half_text + noisy_half_diagram[bg_change],OK,小刚,lies_on,甲乙
44,16,half_text + noisy_half_diagram[bg_change],OK,甲,center_of,street_lamp_甲
44,16,half_text + noisy_half_diagram[bg_change],OK,乙,center_of,street_lamp_乙
44,16,half_text + noisy_half_diagram[bg_change],OK,street_lamp_甲,perpendicular_to,甲乙
44,16,half_text + noisy_half_diagram[bg_change],OK,street_lamp_乙,perpendicular_to,甲乙
44,16,half_text + noisy_half_diagram[bg_change],OK,小刚,tangent_to,street_lamp_乙
44,16,half_text + noisy_half_diagram[bg_change],OK,小刚's_height,parallel_to,street_lamp_甲
44,16,half_text + noisy_half_diagram[bg_change],OK,- 甲,乙,and 小刚 are points.
,,,,,,
45,16,half_text + noisy_half_diagram[bg_change],OK,A,is_a,point
45,16,half_text + noisy_half_diagram[bg_change],OK,B,is_a,point
45,16,half_text + noisy_half_diagram[bg_change],OK,C,is_a,point
45,16,half_text + noisy_half_diagram[bg_change],OK,O,is_a,point
45,16,half_text + noisy_half_diagram[bg_change],OK,A,lies_on,circle
45,16,half_text + noisy_half_diagram[bg_change],OK,B,lies_on,circle
45,16,half_text + noisy_half_diagram[bg_change],OK,C,lies_on,circle
45,16,half_text + noisy_half_diagram[bg_change],OK,O,center_of,circle
45,16,half_text + noisy_half_diagram[bg_change],OK,AB,is_a,segment
45,16,half_text + noisy_half_diagram[bg_change],OK,BC,is_a,segment
45,16,half_text + noisy_half_diagram[bg_change],OK,AC,is_a,segment
45,16,half_text + noisy_half_diagram[bg_change],OK,∠ABC,is_a,angle
45,16,half_text + noisy_half_diagram[bg_change],OK,∠BCA,is_a,angle
45,16,half_text + noisy_half_diagram[bg_change],OK,∠CAB,is_a,angle
45,16,half_text + noisy_half_diagram[bg_change],OK,∠AOB,is_a,angle
45,16,half_text + noisy_half_diagram[bg_change],OK,∠AOC,is_a,angle
45,16,half_text + noisy_half_diagram[bg_change],OK,∠BOC,is_a,angle
45,16,half_text + noisy_half_diagram[bg_change],OK,∠BCA,has_measure,35_deg
,,,,,,
46,16,half_text + noisy_half_diagram[bg_change],OK,A,is_a,point
46,16,half_text + noisy_half_diagram[bg_change],OK,CD,is_a,line
46,16,half_text + noisy_half_diagram[bg_change],OK,AB,is_a,line
46,16,half_text + noisy_half_diagram[bg_change],OK,AE,is_a,line
46,16,half_text + noisy_half_diagram[bg_change],OK,A,lies_on,AB
46,16,half_text + noisy_half_diagram[bg_change],OK,O,lies_on,CD
46,16,half_text + noisy_half_diagram[bg_change],OK,E,lies_on,AE
46,16,half_text + noisy_half_diagram[bg_change],OK,AO,is_a,segment
46,16,half_text + noisy_half_diagram[bg_change],OK,∠EOC,is_a,angle
46,16,half_text + noisy_half_diagram[bg_change],OK,CD,parallel_to,AB
46,16,half_text + noisy_half_diagram[bg_change],OK,∠OAB,has_measure,70_deg
,,,,,,
48,16,half_text + noisy_half_diagram[bg_change],OK,O,is_a,point
48,16,half_text + noisy_half_diagram[bg_change],OK,A,is_a,point
48,16,half_text + noisy_half_diagram[bg_change],OK,B,is_a,point
48,16,half_text + noisy_half_diagram[bg_change],OK,C,is_a,point
48,16,half_text + noisy_half_diagram[bg_change],OK,∠BOC,is_a,angle
48,16,half_text + noisy_half_diagram[bg_change],OK,∠BOC,has_measure,100_deg
48,16,half_text + noisy_half_diagram[bg_change],OK,B,lies_on,circle O
48,16,half_text + noisy_half_diagram[bg_change],OK,C,lies_on,circle O
48,16,half_text + noisy_half_diagram[bg_change],OK,A,lies_on,circle O
48,16,half_text + noisy_half_diagram[bg_change],OK,OB,is_a,segment
48,16,half_text + noisy_half_diagram[bg_change],OK,OC,is_a,segment
48,16,half_text + noisy_half_diagram[bg_change],OK,OA,is_a,segment
48,16,half_text + noisy_half_diagram[bg_change],OK,∠BAC,is_a,angle
48,16,half_text + noisy_half_diagram[bg_change],OK,O,center_of,circle
,,,,,,
49,16,half_text + noisy_half_diagram[bg_change],OK,A,is_a,point
49,16,half_text + noisy_half_diagram[bg_change],OK,B,is_a,point
49,16,half_text + noisy_half_diagram[bg_change],OK,C,is_a,point
49,16,half_text + noisy_half_diagram[bg_change],OK,D,is_a,point
49,16,half_text + noisy_half_diagram[bg_change],OK,E,is_a,point
49,16,half_text + noisy_half_diagram[bg_change],OK,O,is_a,point
49,16,half_text + noisy_half_diagram[bg_change],OK,AO,is_a,segment
49,16,half_text + noisy_half_diagram[bg_change],OK,OD,is_a,segment
49,16,half_text + noisy_half_diagram[bg_change],OK,OE,is_a,segment
49,16,half_text + noisy_half_diagram[bg_change],OK,∠AED,is_a,angle
49,16,half_text + noisy_half_diagram[bg_change],OK,∠AED,has_measure,115_deg
49,16,half_text + noisy_half_diagram[bg_change],OK,∠EAO,is_a,angle
49,16,half_text + noisy_half_diagram[bg_change],OK,∠EAO,has_measure,30_deg
49,16,half_text + noisy_half_diagram[bg_change],OK,O,center_of,circle
,,,,,,
50,16,half_text + noisy_half_diagram[bg_change],OK,O,is_a,point
50,16,half_text + noisy_half_diagram[bg_change],OK,B,is_a,point
50,16,half_text + noisy_half_diagram[bg_change],OK,C,is_a,point
50,16,half_text + noisy_half_diagram[bg_change],OK,D,is_a,point
50,16,half_text + noisy_half_diagram[bg_change],OK,E,is_a,point
50,16,half_text + noisy_half_diagram[bg_change],OK,AO,is_a,segment
50,16,half_text + noisy_half_diagram[bg_change],OK,OB,is_a,segment
50,16,half_text + noisy_half_diagram[bg_change],OK,OC,is_a,segment
50,16,half_text + noisy_half_diagram[bg_change],OK,OD,is_a,segment
50,16,half_text + noisy_half_diagram[bg_change],OK,OE,is_a,segment
50,16,half_text + noisy_half_diagram[bg_change],OK,AB,intersects,CD
50,16,half_text + noisy_half_diagram[bg_change],OK,EO,is_perpendicular_to,AB
50,16,half_text + noisy_half_diagram[bg_change],OK,∠BOD,has_measure,50_deg
,,,,,,
53,16,half_text + noisy_half_diagram[bg_change],OK,a,is_a,line
53,16,half_text + noisy_half_diagram[bg_change],OK,b,is_a,line
53,16,half_text + noisy_half_diagram[bg_change],OK,c,is_a,line
53,16,half_text + noisy_half_diagram[bg_change],OK,P,is_a,point
53,16,half_text + noisy_half_diagram[bg_change],OK,Q,is_a,point
53,16,half_text + noisy_half_diagram[bg_change],OK,C,is_a,point
53,16,half_text + noisy_half_diagram[bg_change],OK,∠1,is_a,angle
53,16,half_text + noisy_half_diagram[bg_change],OK,∠2,is_a,angle
53,16,half_text + noisy_half_diagram[bg_change],OK,a,parallel_to,b
53,16,half_text + noisy_half_diagram[bg_change],OK,c,intersects,a
53,16,half_text + noisy_half_diagram[bg_change],OK,c,intersects,b
53,16,half_text + noisy_half_diagram[bg_change],OK,P,lies_on,c
53,16,half_text + noisy_half_diagram[bg_change],OK,P,lies_on,a
53,16,half_text + noisy_half_diagram[bg_change],OK,Q,lies_on,c
53,16,half_text + noisy_half_diagram[bg_change],OK,Q,lies_on,b
53,16,half_text + noisy_half_diagram[bg_change],OK,∠1,has_measure,55_deg
,,,,,,
55,16,half_text + noisy_half_diagram[bg_change],OK,A,is_a,point
55,16,half_text + noisy_half_diagram[bg_change],OK,B,is_a,point
55,16,half_text + noisy_half_diagram[bg_change],OK,C,is_a,point
55,16,half_text + noisy_half_diagram[bg_change],OK,D,is_a,point
55,16,half_text + noisy_half_diagram[bg_change],OK,M,is_a,point
55,16,half_text + noisy_half_diagram[bg_change],OK,O,is_a,point
55,16,half_text + noisy_half_diagram[bg_change],OK,AB,is_a,line
55,16,half_text + noisy_half_diagram[bg_change],OK,CD,is_a,line
55,16,half_text + noisy_half_diagram[bg_change],OK,OM,is_a,line
55,16,half_text + noisy_half_diagram[bg_change],OK,ON,is_a,line
55,16,half_text + noisy_half_diagram[bg_change],OK,A,lies_on,AB
55,16,half_text + noisy_half_diagram[bg_change],OK,B,lies_on,AB
55,16,half_text + noisy_half_diagram[bg_change],OK,C,lies_on,CD
55,16,half_text + noisy_half_diagram[bg_change],OK,D,lies_on,CD
55,16,half_text + noisy_half_diagram[bg_change],OK,M,lies_on,OM
55,16,half_text + noisy_half_diagram[bg_change],OK,O,lies_on,OM
55,16,half_text + noisy_half_diagram[bg_change],OK,O,center_of,∠AOC
55,16,half_text + noisy_half_diagram[bg_change],OK,OM,intersects,CD
55,16,half_text + noisy_half_diagram[bg_change],OK,OM,connects,C and M
55,16,half_text + noisy_half_diagram[bg_change],OK,M,lies_on,line_CD
55,16,half_text + noisy_half_diagram[bg_change],OK,ON,is_perpendicular_to,OM
55,16,half_text + noisy_half_diagram[bg_change],OK,∠AOM,has_measure,70_deg / 2
55,16,half_text + noisy_half_diagram[bg_change],OK,∠AOM,has_measure,?
55,16,half_text + noisy_half_diagram[bg_change],OK,∠MOA,has_measure,70_deg /2
55,16,half_text + noisy_half_diagram[bg_change],OK,∠AOC,has_measure,?
55,16,half_text + noisy_half_diagram[bg_change],OK,∠MOA,has_measure,35_deg
55,16,half_text + noisy_half_diagram[bg_change],OK,∠AOC,has_part,∠AOM
55,16,half_text + noisy_half_diagram[bg_change],OK,∠AOM,has_measure,35_deg
55,16,half_text + noisy_half_diagram[bg_change],OK,OM,intersects,line_CD
55,16,half_text + noisy_half_diagram[bg_change],OK,∠MOA,has_measure,70_deg / 2
,,,,,,
56,16,half_text + noisy_half_diagram[bg_change],OK,O,is_a,point
56,16,half_text + noisy_half_diagram[bg_change],OK,C,is_a,point
56,16,half_text + noisy_half_diagram[bg_change],OK,D,is_a,point
56,16,half_text + noisy_half_diagram[bg_change],OK,E,is_a,point
56,16,half_text + noisy_half_diagram[bg_change],OK,F,is_a,point
56,16,half_text + noisy_half_diagram[bg_change],OK,CD,is_a,segment
56,16,half_text + noisy_half_diagram[bg_change],OK,EF,is_a,segment
56,16,half_text + noisy_half_diagram[bg_change],OK,O,center_of,circle
56,16,half_text + noisy_half_diagram[bg_change],OK,CD,diameter_of,circle
56,16,half_text + noisy_half_diagram[bg_change],OK,EF,lies_on,circle
56,16,half_text + noisy_half_diagram[bg_change],OK,CD,intersects,EF
56,16,half_text + noisy_half_diagram[bg_change],OK,G,is_a,point
56,16,half_text + noisy_half_diagram[bg_change],OK,G,lies_on,CD
56,16,half_text + noisy_half_diagram[bg_change],OK,G,lies_on,EF
56,16,half_text + noisy_half_diagram[bg_change],OK,G,is_a,midpoint
56,16,half_text + noisy_half_diagram[bg_change],OK,EF,has_measure,?
56,16,half_text + noisy_half_diagram[bg_change],OK,∠EOD,is_a,angle
56,16,half_text + noisy_half_diagram[bg_change],OK,∠EOD,has_measure,?
56,16,half_text + noisy_half_diagram[bg_change],OK,CO,is_a,radius
56,16,half_text + noisy_half_diagram[bg_change],OK,DO,is_a,radius
56,16,half_text + noisy_half_diagram[bg_change],OK,∠C,has_measure,20_deg
56,16,half_text + noisy_half_diagram[bg_change],OK,CO,has_measure,?
,,,,,,
57,16,half_text + noisy_half_diagram[bg_change],OK,A,is_a,point
57,16,half_text + noisy_half_diagram[bg_change],OK,B,is_a,point
57,16,half_text + noisy_half_diagram[bg_change],OK,C,is_a,point
57,16,half_text + noisy_half_diagram[bg_change],OK,D,is_a,point
57,16,half_text + noisy_half_diagram[bg_change],OK,AB,is_a,segment
57,16,half_text + noisy_half_diagram[bg_change],OK,CD,is_a,segment
57,16,half_text + noisy_half_diagram[bg_change],OK,AD,is_a,segment
57,16,half_text + noisy_half_diagram[bg_change],OK,BC,is_a,segment
57,16,half_text + noisy_half_diagram[bg_change],OK,AB,parallel_to,CD
57,16,half_text + noisy_half_diagram[bg_change],OK,AD,intersects,BC
57,16,half_text + noisy_half_diagram[bg_change],OK,AB,intersects,AD
57,16,half_text + noisy_half_diagram[bg_change],OK,AB,intersects,BC
57,16,half_text + noisy_half_diagram[bg_change],OK,CD,intersects,AD
57,16,half_text + noisy_half_diagram[bg_change],OK,CD,intersects,BC
57,16,half_text + noisy_half_diagram[bg_change],OK,∠B,has_measure,20_deg
,,,,,,
58,16,half_text + noisy_half_diagram[bg_change],OK,A,is_a,point
58,16,half_text + noisy_half_diagram[bg_change],OK,B,is_a,point
58,16,half_text + noisy_half_diagram[bg_change],OK,C,is_a,point
58,16,half_text + noisy_half_diagram[bg_change],OK,D,is_a,point
58,16,half_text + noisy_half_diagram[bg_change],OK,E,is_a,point
58,16,half_text + noisy_half_diagram[bg_change],OK,AB,is_a,line
58,16,half_text + noisy_half_diagram[bg_change],OK,CD,is_a,line
58,16,half_text + noisy_half_diagram[bg_change],OK,EC,is_a,segment
58,16,half_text + noisy_half_diagram[bg_change],OK,ED,is_a,segment
58,16,half_text + noisy_half_diagram[bg_change],OK,AB,parallel_to,CD
58,16,half_text + noisy_half_diagram[bg_change],OK,E,lies_on,AB
58,16,half_text + noisy_half_diagram[bg_change],OK,EC,intersects,CD
58,16,half_text + noisy_half_diagram[bg_change],OK,ED,intersects,CD
58,16,half_text + noisy_half_diagram[bg_change],OK,∠AEC,has_measure,35.0°
58,16,half_text + noisy_half_diagram[bg_change],OK,∠AEC,is_a,angle
58,16,half_text + noisy_half_diagram[bg_change],OK,∠CED,has_measure,90.0°
,,,,,,
59,16,half_text + noisy_half_diagram[bg_change],OK,A,is_a,point
59,16,half_text + noisy_half_diagram[bg_change],OK,B,is_a,point
59,16,half_text + noisy_half_diagram[bg_change],OK,C,is_a,point
59,16,half_text + noisy_half_diagram[bg_change],OK,D,is_a,point
59,16,half_text + noisy_half_diagram[bg_change],OK,AB,is_a,line
59,16,half_text + noisy_half_diagram[bg_change],OK,CD,is_a,line
59,16,half_text + noisy_half_diagram[bg_change],OK,AD,is_a,line
59,16,half_text + noisy_half_diagram[bg_change],OK,∠ACD,has_measure,80_deg
59,16,half_text + noisy_half_diagram[bg_change],OK,AB,parallel_to,CD
59,16,half_text + noisy_half_diagram[bg_change],OK,AD,bisects,∠BAC
,,,,,,
60,16,half_text + noisy_half_diagram[bg_change],OK,A,is_a,point
60,16,half_text + noisy_half_diagram[bg_change],OK,B,is_a,point
60,16,half_text + noisy_half_diagram[bg_change],OK,C,is_a,point
60,16,half_text + noisy_half_diagram[bg_change],OK,D,is_a,point
60,16,half_text + noisy_half_diagram[bg_change],OK,E,is_a,point
60,16,half_text + noisy_half_diagram[bg_change],OK,F,is_a,point
60,16,half_text + noisy_half_diagram[bg_change],OK,P,is_a,point
60,16,half_text + noisy_half_diagram[bg_change],OK,AB,is_a,line
60,16,half_text + noisy_half_diagram[bg_change],OK,CD,is_a,line
60,16,half_text + noisy_half_diagram[bg_change],OK,EF,is_a,line
60,16,half_text + noisy_half_diagram[bg_change],OK,AB,parallel_to,CD
60,16,half_text + noisy_half_diagram[bg_change],OK,EF,intersects,AB
60,16,half_text + noisy_half_diagram[bg_change],OK,EF,intersects,CD
60,16,half_text + noisy_half_diagram[bg_change],OK,∠2,is_a,angle
60,16,half_text + noisy_half_diagram[bg_change],OK,∠2,has_measure,135_deg
60,16,half_text + noisy_half_diagram[bg_change],OK,∠1,is_a,angle
,,,,,,
64,16,half_text + noisy_half_diagram[bg_change],OK,A,is_a,point
64,16,half_text + noisy_half_diagram[bg_change],OK,O,is_a,point
64,16,half_text + noisy_half_diagram[bg_change],OK,B,is_a,point
64,16,half_text + noisy_half_diagram[bg_change],OK,AB,is_a,segment
64,16,half_text + noisy_half_diagram[bg_change],OK,AO,is_a,segment
64,16,half_text + noisy_half_diagram[bg_change],OK,OB,is_a,segment
64,16,half_text + noisy_half_diagram[bg_change],OK,∠AOB,is_a,angle
64,16,half_text + noisy_half_diagram[bg_change],OK,O,center_of,circle
64,16,half_text + noisy_half_diagram[bg_change],OK,AB,lies_on,circle
64,16,half_text + noisy_half_diagram[bg_change],OK,200,has_measure,diameter_of
64,16,half_text + noisy_half_diagram[bg_change],OK,160,has_measure,AB
,,,,,,
72,16,half_text + noisy_half_diagram[bg_change],OK,AB,is_a,segment
72,16,half_text + noisy_half_diagram[bg_change],OK,BC,is_a,segment
72,16,half_text + noisy_half_diagram[bg_change],OK,CD,is_a,segment
72,16,half_text + noisy_half_diagram[bg_change],OK,DA,is_a,segment
72,16,half_text + noisy_half_diagram[bg_change],OK,ABCD,is_a,parallelogram
72,16,half_text + noisy_half_diagram[bg_change],OK,O,is_a,point
72,16,half_text + noisy_half_diagram[bg_change],OK,AC,is_a,"diagonal_of, ABCD"
72,16,half_text + noisy_half_diagram[bg_change],OK,BD,is_a,"diagonal_of, ABCD"
72,16,half_text + noisy_half_diagram[bg_change],OK,O,is_a,"intersection_of, AC and BD"
72,16,half_text + noisy_half_diagram[bg_change],OK,OE,is_a,segment
72,16,half_text + noisy_half_diagram[bg_change],OK,OE,perpendicular_to,AC
72,16,half_text + noisy_half_diagram[bg_change],OK,E,lies_on,AD
72,16,half_text + noisy_half_diagram[bg_change],OK,AB + BC + CD + DA,has_measure,16_units
72,16,half_text + noisy_half_diagram[bg_change],OK,A,is_a,point
72,16,half_text + noisy_half_diagram[bg_change],OK,B,is_a,point
72,16,half_text + noisy_half_diagram[bg_change],OK,C,is_a,point
72,16,half_text + noisy_half_diagram[bg_change],OK,D,is_a,point
72,16,half_text + noisy_half_diagram[bg_change],OK,AC,is_a,segment
72,16,half_text + noisy_half_diagram[bg_change],OK,BD,is_a,segment
72,16,half_text + noisy_half_diagram[bg_change],OK,∠AOB,is_a,angle
72,16,half_text + noisy_half_diagram[bg_change],OK,E,is_a,point
,,,,,,
73,16,half_text + noisy_half_diagram[bg_change],OK,B,is_a,point
73,16,half_text + noisy_half_diagram[bg_change],OK,C,is_a,point
73,16,half_text + noisy_half_diagram[bg_change],OK,O,is_a,point
73,16,half_text + noisy_half_diagram[bg_change],OK,A,lies_on,circle
73,16,half_text + noisy_half_diagram[bg_change],OK,B,lies_on,circle
73,16,half_text + noisy_half_diagram[bg_change],OK,C,lies_on,circle
73,16,half_text + noisy_half_diagram[bg_change],OK,AB,is_a,segment
73,16,half_text + noisy_half_diagram[bg_change],OK,BC,is_a,segment
73,16,half_text + noisy_half_diagram[bg_change],OK,AC,is_a,segment
73,16,half_text + noisy_half_diagram[bg_change],OK,∠ABC,is_a,angle
73,16,half_text + noisy_half_diagram[bg_change],OK,∠ABC,has_measure,70_deg
,,,,,,
78,16,half_text + noisy_half_diagram[bg_change],OK,A,is_a,point
78,16,half_text + noisy_half_diagram[bg_change],OK,B,is_a,point
78,16,half_text + noisy_half_diagram[bg_change],OK,C,is_a,point
78,16,half_text + noisy_half_diagram[bg_change],OK,D,is_a,point
78,16,half_text + noisy_half_diagram[bg_change],OK,E,is_a,point
78,16,half_text + noisy_half_diagram[bg_change],OK,AE,is_a,segment
78,16,half_text + noisy_half_diagram[bg_change],OK,AB,is_a,segment
78,16,half_text + noisy_half_diagram[bg_change],OK,CD,is_a,segment
78,16,half_text + noisy_half_diagram[bg_change],OK,AB,parallel_to,CD
78,16,half_text + noisy_half_diagram[bg_change],OK,AE,intersects,CD
78,16,half_text + noisy_half_diagram[bg_change],OK,E,lies_on,CD
78,16,half_text + noisy_half_diagram[bg_change],OK,AE,connects,"A, E"
78,16,half_text + noisy_half_diagram[bg_change],OK,AE,rotated_about,A
78,16,half_text + noisy_half_diagram[bg_change],OK,∠CAB,has_measure,?
78,16,half_text + noisy_half_diagram[bg_change],OK,AE,bisects,∠CAB
,,,,,,
79,16,half_text + noisy_half_diagram[bg_change],OK,A,is_a,point
79,16,half_text + noisy_half_diagram[bg_change],OK,B,is_a,point
79,16,half_text + noisy_half_diagram[bg_change],OK,C,is_a,point
79,16,half_text + noisy_half_diagram[bg_change],OK,D,is_a,point
79,16,half_text + noisy_half_diagram[bg_change],OK,O,is_a,point
79,16,half_text + noisy_half_diagram[bg_change],OK,ABCD,is_a,parallelogram
79,16,half_text + noisy_half_diagram[bg_change],OK,AC,is_a,segment
79,16,half_text + noisy_half_diagram[bg_change],OK,BD,is_a,segment
79,16,half_text + noisy_half_diagram[bg_change],OK,AO,is_a,segment
79,16,half_text + noisy_half_diagram[bg_change],OK,OC,is_a,segment
79,16,half_text + noisy_half_diagram[bg_change],OK,BO,is_a,segment
79,16,half_text + noisy_half_diagram[bg_change],OK,OD,is_a,segment
79,16,half_text + noisy_half_diagram[bg_change],OK,OE,is_a,segment
79,16,half_text + noisy_half_diagram[bg_change],OK,AD,is_a,segment
79,16,half_text + noisy_half_diagram[bg_change],OK,AB,is_a,segment
79,16,half_text + noisy_half_diagram[bg_change],OK,BC,is_a,segment
79,16,half_text + noisy_half_diagram[bg_change],OK,CD,is_a,segment
79,16,half_text + noisy_half_diagram[bg_change],OK,DA,is_a,segment
79,16,half_text + noisy_half_diagram[bg_change],OK,AC,intersects,BD
79,16,half_text + noisy_half_diagram[bg_change],OK,AC,intersects,"BD, at, O"
79,16,half_text + noisy_half_diagram[bg_change],OK,OE,is_perpendicular_to,AC
79,16,half_text + noisy_half_diagram[bg_change],OK,E,lies_on,AD
79,16,half_text + noisy_half_diagram[bg_change],OK,AB + BC + CD + DA,has_measure,32_units
,,,,,,
81,16,half_text + noisy_half_diagram[bg_change],OK,A,is_a,point
81,16,half_text + noisy_half_diagram[bg_change],OK,B,is_a,point
81,16,half_text + noisy_half_diagram[bg_change],OK,C,is_a,point
81,16,half_text + noisy_half_diagram[bg_change],OK,D,is_a,point
81,16,half_text + noisy_half_diagram[bg_change],OK,E,is_a,point
81,16,half_text + noisy_half_diagram[bg_change],OK,A,lies_on,segment_AB
81,16,half_text + noisy_half_diagram[bg_change],OK,B,lies_on,segment_AB
81,16,half_text + noisy_half_diagram[bg_change],OK,A,lies_on,segment_AC
81,16,half_text + noisy_half_diagram[bg_change],OK,C,lies_on,segment_AC
81,16,half_text + noisy_half_diagram[bg_change],OK,D,lies_on,segment_BC
81,16,half_text + noisy_half_diagram[bg_change],OK,E,lies_on,segment_BC
81,16,half_text + noisy_half_diagram[bg_change],OK,AD,is_a,segment
81,16,half_text + noisy_half_diagram[bg_change],OK,AE,is_a,segment
81,16,half_text + noisy_half_diagram[bg_change],OK,BD,is_a,segment
81,16,half_text + noisy_half_diagram[bg_change],OK,DC,is_a,segment
81,16,half_text + noisy_half_diagram[bg_change],OK,BE,is_a,segment
81,16,half_text + noisy_half_diagram[bg_change],OK,EC,is_a,segment
81,16,half_text + noisy_half_diagram[bg_change],OK,∠BAC,is_a,angle
81,16,half_text + noisy_half_diagram[bg_change],OK,∠BAD,is_a,angle
81,16,half_text + noisy_half_diagram[bg_change],OK,∠DAE,is_a,angle
81,16,half_text + noisy_half_diagram[bg_change],OK,∠EAC,is_a,angle
81,16,half_text + noisy_half_diagram[bg_change],OK,∠ADB,is_a,angle
81,16,half_text + noisy_half_diagram[bg_change],OK,∠ADC,is_a,angle
81,16,half_text + noisy_half_diagram[bg_change],OK,∠B,is_a,angle
81,16,half_text + noisy_half_diagram[bg_change],OK,∠C,is_a,angle
81,16,half_text + noisy_half_diagram[bg_change],OK,∠BAC,has_measure,90_deg
81,16,half_text + noisy_half_diagram[bg_change],OK,∠ABC,has_measure,50_deg
81,16,half_text + noisy_half_diagram[bg_change],OK,AE,intersects,DC
81,16,half_text + noisy_half_diagram[bg_change],OK,AD,perpendicular_to,BC
,,,,,,
84,16,half_text + noisy_half_diagram[bg_change],OK,A,is_a,point
84,16,half_text + noisy_half_diagram[bg_change],OK,O,is_a,point
84,16,half_text + noisy_half_diagram[bg_change],OK,B,is_a,point
84,16,half_text + noisy_half_diagram[bg_change],OK,C,is_a,point
84,16,half_text + noisy_half_diagram[bg_change],OK,AO,is_a,segment
84,16,half_text + noisy_half_diagram[bg_change],OK,1,is_a,segment
84,16,half_text + noisy_half_diagram[bg_change],OK,AB,is_a,segment
84,16,half_text + noisy_half_diagram[bg_change],OK,AC,is_a,segment
84,16,half_text + noisy_half_diagram[bg_change],OK,BC,is_a,segment
84,16,half_text + noisy_half_diagram[bg_change],OK,∠BAC,is_a,angle
84,16,half_text + noisy_half_diagram[bg_change],OK,∠BAC,has_measure,60_deg
84,16,half_text + noisy_half_diagram[bg_change],OK,O,center_of,circle
84,16,half_text + noisy_half_diagram[bg_change],OK,1,radius_of,circle
84,16,half_text + noisy_half_diagram[bg_change],OK,A,lies_on,circle
84,16,half_text + noisy_half_diagram[bg_change],OK,B,lies_on,circle
84,16,half_text + noisy_half_diagram[bg_change],OK,C,lies_on,circle
84,16,half_text + noisy_half_diagram[bg_change],OK,AO,lies_on,circle
84,16,half_text + noisy_half_diagram[bg_change],OK,AB,intersects,circle
84,16,half_text + noisy_half_diagram[bg_change],OK,AC,intersects,circle
84,16,half_text + noisy_half_diagram[bg_change],OK,BC,intersects,circle
,,,,,,
86,16,half_text + noisy_half_diagram[bg_change],OK,A,is_a,point
86,16,half_text + noisy_half_diagram[bg_change],OK,B,is_a,point
86,16,half_text + noisy_half_diagram[bg_change],OK,C,is_a,point
86,16,half_text + noisy_half_diagram[bg_change],OK,O,is_a,point
86,16,half_text + noisy_half_diagram[bg_change],OK,O,center_of,Circle
86,16,half_text + noisy_half_diagram[bg_change],OK,A,lies_on,Circle
86,16,half_text + noisy_half_diagram[bg_change],OK,B,lies_on,Circle
86,16,half_text + noisy_half_diagram[bg_change],OK,C,lies_on,Circle
86,16,half_text + noisy_half_diagram[bg_change],OK,AB,is_a,segment
86,16,half_text + noisy_half_diagram[bg_change],OK,BC,is_a,segment
86,16,half_text + noisy_half_diagram[bg_change],OK,AC,is_a,segment
86,16,half_text + noisy_half_diagram[bg_change],OK,∠BAC,is_a,angle
86,16,half_text + noisy_half_diagram[bg_change],OK,∠BAC,has_measure,60_deg
86,16,half_text + noisy_half_diagram[bg_change],OK,∠OBC,is_a,angle
86,16,half_text + noisy_half_diagram[bg_change],OK,∠OBC,has_measure,2_deg
86,16,half_text + noisy_half_diagram[bg_change],OK,O,lies_on,line
86,16,half_text + noisy_half_diagram[bg_change],OK,OB,is_a,"radius_of, Circle"
86,16,half_text + noisy_half_diagram[bg_change],OK,OC,is_a,"radius_of, Circle"
86,16,half_text + noisy_half_diagram[bg_change],OK,∠BOC,is_a,angle
86,16,half_text + noisy_half_diagram[bg_change],OK,BC,intersects,line
,,,,,,
88,16,half_text + noisy_half_diagram[bg_change],OK,A,is_a,point
88,16,half_text + noisy_half_diagram[bg_change],OK,B,is_a,point
88,16,half_text + noisy_half_diagram[bg_change],OK,C,is_a,point
88,16,half_text + noisy_half_diagram[bg_change],OK,O,is_a,point
88,16,half_text + noisy_half_diagram[bg_change],OK,A,lies_on,circle_O
88,16,half_text + noisy_half_diagram[bg_change],OK,B,lies_on,circle_O
88,16,half_text + noisy_half_diagram[bg_change],OK,C,lies_on,circle_O
88,16,half_text + noisy_half_diagram[bg_change],OK,O,center_of,circle_O
88,16,half_text + noisy_half_diagram[bg_change],OK,AB,is_a,segment
88,16,half_text + noisy_half_diagram[bg_change],OK,BC,is_a,segment
88,16,half_text + noisy_half_diagram[bg_change],OK,AC,is_a,segment
88,16,half_text + noisy_half_diagram[bg_change],OK,∠ACB,is_a,angle
88,16,half_text + noisy_half_diagram[bg_change],OK,∠ABO,has_measure,22_deg
88,16,half_text + noisy_half_diagram[bg_change],OK,∠ACO,has_measure,42_deg
,,,,,,
95,16,half_text + noisy_half_diagram[bg_change],OK,O,is_a,point
95,16,half_text + noisy_half_diagram[bg_change],OK,A,is_a,point
95,16,half_text + noisy_half_diagram[bg_change],OK,B,is_a,point
95,16,half_text + noisy_half_diagram[bg_change],OK,C,is_a,point
95,16,half_text + noisy_half_diagram[bg_change],OK,D,is_a,point
95,16,half_text + noisy_half_diagram[bg_change],OK,OA,is_a,segment
95,16,half_text + noisy_half_diagram[bg_change],OK,AB,is_a,segment
95,16,half_text + noisy_half_diagram[bg_change],OK,OC,is_a,segment
95,16,half_text + noisy_half_diagram[bg_change],OK,BC,is_a,segment
95,16,half_text + noisy_half_diagram[bg_change],OK,∠ADC,is_a,angle
95,16,half_text + noisy_half_diagram[bg_change],OK,∠ADC,has_measure,90_deg
95,16,half_text + noisy_half_diagram[bg_change],OK,∠OAB,is_a,angle
95,16,half_text + noisy_half_diagram[bg_change],OK,∠OAB,has_measure,60_deg
95,16,half_text + noisy_half_diagram[bg_change],OK,O,lies_on,circle
95,16,half_text + noisy_half_diagram[bg_change],OK,A,lies_on,circle
95,16,half_text + noisy_half_diagram[bg_change],OK,B,lies_on,circle
95,16,half_text + noisy_half_diagram[bg_change],OK,C,lies_on,circle
95,16,half_text + noisy_half_diagram[bg_change],OK,D,lies_on,BC
95,16,half_text + noisy_half_diagram[bg_change],OK,D,lies_on,OA
95,16,half_text + noisy_half_diagram[bg_change],OK,OA,intersects,BC
,,,,,,
99,16,half_text + noisy_half_diagram[bg_change],OK,A,is_a,point
99,16,half_text + noisy_half_diagram[bg_change],OK,B,is_a,point
99,16,half_text + noisy_half_diagram[bg_change],OK,C,is_a,point
99,16,half_text + noisy_half_diagram[bg_change],OK,D,is_a,point
99,16,half_text + noisy_half_diagram[bg_change],OK,AB,is_a,segment
99,16,half_text + noisy_half_diagram[bg_change],OK,CD,is_a,segment
99,16,half_text + noisy_half_diagram[bg_change],OK,AB,has_measure,?
99,16,half_text + noisy_half_diagram[bg_change],OK,CD,has_measure,?
99,16,half_text + noisy_half_diagram[bg_change],OK,∠CAD,has_measure,?
99,16,half_text + noisy_half_diagram[bg_change],OK,∠CAB,has_measure,?
99,16,half_text + noisy_half_diagram[bg_change],OK,∠ADB,has_measure,26_deg
99,16,half_text + noisy_half_diagram[bg_change],OK,AB,lies_on,circle
99,16,half_text + noisy_half_diagram[bg_change],OK,CD,lies_on,circle
99,16,half_text + noisy_half_diagram[bg_change],OK,O,is_a,point
99,16,half_text + noisy_half_diagram[bg_change],OK,AB,diameter_of,circle
99,16,half_text + noisy_half_diagram[bg_change],OK,O,center_of,circle
99,16,half_text + noisy_half_diagram[bg_change],OK,?,lies_on,AB
99,16,half_text + noisy_half_diagram[bg_change],OK,?,lies_on,CD
99,16,half_text + noisy_half_diagram[bg_change],OK,CD,intersects,AB
99,16,half_text + noisy_half_diagram[bg_change],OK,A,lies_on,circle
99,16,half_text + noisy_half_diagram[bg_change],OK,B,lies_on,circle
99,16,half_text + noisy_half_diagram[bg_change],OK,C,lies_on,circle
99,16,half_text + noisy_half_diagram[bg_change],OK,D,lies_on,circle
,,,,,,
108,16,half_text + noisy_half_diagram[bg_change],OK,C,is_a,point
108,16,half_text + noisy_half_diagram[bg_change],OK,O,is_a,point
108,16,half_text + noisy_half_diagram[bg_change],OK,D,is_a,point
108,16,half_text + noisy_half_diagram[bg_change],OK,B,is_a,point
108,16,half_text + noisy_half_diagram[bg_change],OK,CD,is_a,segment
108,16,half_text + noisy_half_diagram[bg_change],OK,AB,is_a,segment
108,16,half_text + noisy_half_diagram[bg_change],OK,CO,is_a,segment
108,16,half_text + noisy_half_diagram[bg_change],OK,OD,is_a,segment
108,16,half_text + noisy_half_diagram[bg_change],OK,5,has_measure,CD
108,16,half_text + noisy_half_diagram[bg_change],OK,O,center_of,circular_arch
108,16,half_text + noisy_half_diagram[bg_change],OK,C,lies_on,circular_arch
108,16,half_text + noisy_half_diagram[bg_change],OK,O,lies_on,CD
108,16,half_text + noisy_half_diagram[bg_change],OK,D,lies_on,AB
108,16,half_text + noisy_half_diagram[bg_change],OK,D,lies_on,CD
108,16,half_text + noisy_half_diagram[bg_change],OK,C,lies_on,CO
,,,,,,
109,16,half_text + noisy_half_diagram[bg_change],OK,B,is_a,point
109,16,half_text + noisy_half_diagram[bg_change],OK,C,is_a,point
109,16,half_text + noisy_half_diagram[bg_change],OK,D,is_a,point
109,16,half_text + noisy_half_diagram[bg_change],OK,E,is_a,point
109,16,half_text + noisy_half_diagram[bg_change],OK,AB,is_a,segment
109,16,half_text + noisy_half_diagram[bg_change],OK,BC,is_a,segment
109,16,half_text + noisy_half_diagram[bg_change],OK,DE,is_a,segment
109,16,half_text + noisy_half_diagram[bg_change],OK,DB,is_a,segment
109,16,half_text + noisy_half_diagram[bg_change],OK,α,is_a,angle
,,,,,,
112,16,half_text + noisy_half_diagram[bg_change],OK,A,is_a,point
112,16,half_text + noisy_half_diagram[bg_change],OK,O,is_a,point
112,16,half_text + noisy_half_diagram[bg_change],OK,B,is_a,point
112,16,half_text + noisy_half_diagram[bg_change],OK,AO,is_a,segment
112,16,half_text + noisy_half_diagram[bg_change],OK,AB,is_a,segment
112,16,half_text + noisy_half_diagram[bg_change],OK,OB,is_a,segment
112,16,half_text + noisy_half_diagram[bg_change],OK,AB,has_measure,2.5_units
112,16,half_text + noisy_half_diagram[bg_change],OK,OB,has_measure,0.7_units
112,16,half_text + noisy_half_diagram[bg_change],OK,AO,lies_on,cone_height
112,16,half_text + noisy_half_diagram[bg_change],OK,AB,lies_on,cone_slant_height
112,16,half_text + noisy_half_diagram[bg_change],OK,O,center_of,base
112,16,half_text + noisy_half_diagram[bg_change],OK,OB,radius_of,base
,,,,,,
114,16,half_text + noisy_half_diagram[bg_change],OK,O,is_a,point
114,16,half_text + noisy_half_diagram[bg_change],OK,A,is_a,point
114,16,half_text + noisy_half_diagram[bg_change],OK,B,is_a,point
114,16,half_text + noisy_half_diagram[bg_change],OK,OA,is_a,segment
114,16,half_text + noisy_half_diagram[bg_change],OK,OB,is_a,segment
114,16,half_text + noisy_half_diagram[bg_change],OK,OAB,is_a,sector
114,16,half_text + noisy_half_diagram[bg_change],OK,OA,lies_on,semicircle
114,16,half_text + noisy_half_diagram[bg_change],OK,OB,lies_on,semicircle
114,16,half_text + noisy_half_diagram[bg_change],OK,∠AOB,is_a,angle
114,16,half_text + noisy_half_diagram[bg_change],OK,∠AOB,has_measure,90_deg
114,16,half_text + noisy_half_diagram[bg_change],OK,OA,has_measure,1.0_units
114,16,half_text + noisy_half_diagram[bg_change],OK,OB,has_measure,1.0_units
114,16,half_text + noisy_half_diagram[bg_change],OK,Area,is_a,query_target
114,16,half_text + noisy_half_diagram[bg_change],OK,query_target,has_measure,?
114,16,half_text + noisy_half_diagram[bg_change],OK,OA,connects,O
114,16,half_text + noisy_half_diagram[bg_change],OK,OB,connects,O
114,16,half_text + noisy_half_diagram[bg_change],OK,AB,is_a,segment
,,,,,,
115,16,half_text + noisy_half_diagram[bg_change],OK,Sector,is_a,geometric_shape
115,16,half_text + noisy_half_diagram[bg_change],OK,Cone,is_a,geometric_shape
115,16,half_text + noisy_half_diagram[bg_change],OK,Arc length,has_measure,6_units
115,16,half_text + noisy_half_diagram[bg_change],OK,Central angle,has_measure,120_deg
115,16,half_text + noisy_half_diagram[bg_change],OK,Sector,rolled_into,Cone
115,16,half_text + noisy_half_diagram[bg_change],OK,Perimeter,query_target,?
115,16,half_text + noisy_half_diagram[bg_change],OK,Arc length,is_a,"part_of, Sector"
115,16,half_text + noisy_half_diagram[bg_change],OK,Central angle,is_a,"attribute_of, Sector"
115,16,half_text + noisy_half_diagram[bg_change],OK,Sector,has_part,Arc length
115,16,half_text + noisy_half_diagram[bg_change],OK,Sector,has_attribute,Central angle
115,16,half_text + noisy_half_diagram[bg_change],OK,Cone,has_part,bottom
115,16,half_text + noisy_half_diagram[bg_change],OK,bottom,is_a,circle
,,,,,,
117,16,half_text + noisy_half_diagram[bg_change],OK,sector,is_a,shape
117,16,half_text + noisy_half_diagram[bg_change],OK,paper,is_a,material
117,16,half_text + noisy_half_diagram[bg_change],OK,central angle,has_measure,120_deg
117,16,half_text + noisy_half_diagram[bg_change],OK,cone,is_a,shape
117,16,half_text + noisy_half_diagram[bg_change],OK,cone,has_part,bottomless
117,16,half_text + noisy_half_diagram[bg_change],OK,paper cap,is_a,object
117,16,half_text + noisy_half_diagram[bg_change],OK,radius,has_measure,3_units
117,16,half_text + noisy_half_diagram[bg_change],OK,sector,is_mapped_to,cone
117,16,half_text + noisy_half_diagram[bg_change],OK,cone,has_part,height
,,,,,,
119,16,half_text + noisy_half_diagram[bg_change],OK,sector cardboard,is_a,sector
119,16,half_text + noisy_half_diagram[bg_change],OK,conical hat,is_a,cone
119,16,half_text + noisy_half_diagram[bg_change],OK,radius of the bottom surface,has_measure,10.0 cm
119,16,half_text + noisy_half_diagram[bg_change],OK,arc length of the sector,has_measure,24 cm
119,16,half_text + noisy_half_diagram[bg_change],OK,sector cardboard,used_to_make,conical hat
119,16,half_text + noisy_half_diagram[bg_change],OK,conical hat,has_radius,10.0 cm
119,16,half_text + noisy_half_diagram[bg_change],OK,24,has_measure,cm
119,16,half_text + noisy_half_diagram[bg_change],OK,bottom surface,has_measure,10.0_cm
119,16,half_text + noisy_half_diagram[bg_change],OK,arc length,has_measure,24_cm
119,16,half_text + noisy_half_diagram[bg_change],OK,conical hat,has_radius,10.0_cm
119,16,half_text + noisy_half_diagram[bg_change],OK,Area,is_a,?
,,,,,,
120,16,half_text + noisy_half_diagram[bg_change],OK,cone,has_measure,5.0
120,16,half_text + noisy_half_diagram[bg_change],OK,cone,is_a,cone
120,16,half_text + noisy_half_diagram[bg_change],OK,generatrix,has_measure,5.0
120,16,half_text + noisy_half_diagram[bg_change],OK,generatrix,is_a,segment
120,16,half_text + noisy_half_diagram[bg_change],OK,height,has_measure,4
120,16,half_text + noisy_half_diagram[bg_change],OK,height,is_a,segment
,,,,,,
123,16,half_text + noisy_half_diagram[bg_change],OK,A,is_a,point
123,16,half_text + noisy_half_diagram[bg_change],OK,B,is_a,point
123,16,half_text + noisy_half_diagram[bg_change],OK,C,is_a,point
123,16,half_text + noisy_half_diagram[bg_change],OK,AC,is_a,segment
123,16,half_text + noisy_half_diagram[bg_change],OK,BC,is_a,segment
123,16,half_text + noisy_half_diagram[bg_change],OK,AC,lies_on,line
123,16,half_text + noisy_half_diagram[bg_change],OK,BC,lies_on,line
123,16,half_text + noisy_half_diagram[bg_change],OK,angle ACB,is_a,right_angle
123,16,half_text + noisy_half_diagram[bg_change],OK,AC,has_measure,4.0_units
123,16,half_text + noisy_half_diagram[bg_change],OK,BC,has_measure,3_units
123,16,half_text + noisy_half_diagram[bg_change],OK,Lateral Surface Area,is_a,query_target
123,16,half_text + noisy_half_diagram[bg_change],OK,ACB,is_a,angle
123,16,half_text + noisy_half_diagram[bg_change],OK,ACB,has_measure,90_deg
,,,,,,
128,16,half_text + noisy_half_diagram[bg_change],OK,O,is_a,point
128,16,half_text + noisy_half_diagram[bg_change],OK,A,is_a,point
128,16,half_text + noisy_half_diagram[bg_change],OK,B,is_a,point
128,16,half_text + noisy_half_diagram[bg_change],OK,OA,is_a,segment
128,16,half_text + noisy_half_diagram[bg_change],OK,OB,is_a,segment
128,16,half_text + noisy_half_diagram[bg_change],OK,AB,is_a,segment
128,16,half_text + noisy_half_diagram[bg_change],OK,∠AOB,is_a,angle
128,16,half_text + noisy_half_diagram[bg_change],OK,∠AOB,has_measure,120_deg
128,16,half_text + noisy_half_diagram[bg_change],OK,OB,has_measure,6_units
,,,,,,
132,16,half_text + noisy_half_diagram[bg_change],OK,A,is_a,point
132,16,half_text + noisy_half_diagram[bg_change],OK,B,is_a,point
132,16,half_text + noisy_half_diagram[bg_change],OK,C,is_a,point
132,16,half_text + noisy_half_diagram[bg_change],OK,D,is_a,point
132,16,half_text + noisy_half_diagram[bg_change],OK,E,is_a,point
132,16,half_text + noisy_half_diagram[bg_change],OK,F,is_a,point
132,16,half_text + noisy_half_diagram[bg_change],OK,G,is_a,point
132,16,half_text + noisy_half_diagram[bg_change],OK,AB,is_a,segment
132,16,half_text + noisy_half_diagram[bg_change],OK,BC,is_a,segment
132,16,half_text + noisy_half_diagram[bg_change],OK,DE,is_a,segment
132,16,half_text + noisy_half_diagram[bg_change],OK,EF,is_a,segment
132,16,half_text + noisy_half_diagram[bg_change],OK,GE,has_measure,2.0_units
132,16,half_text + noisy_half_diagram[bg_change],OK,EF,has_measure,1.6_units
132,16,half_text + noisy_half_diagram[bg_change],OK,DE,has_measure,0.6_units
132,16,half_text + noisy_half_diagram[bg_change],OK,BC,has_measure,0.6_units
132,16,half_text + noisy_half_diagram[bg_change],OK,AG,has_measure,12_units
132,16,half_text + noisy_half_diagram[bg_change],OK,A,B,"C, are_collinear_with, ?"
132,16,half_text + noisy_half_diagram[bg_change],OK,A,collinear_with,B
132,16,half_text + noisy_half_diagram[bg_change],OK,B,collinear_with,C
132,16,half_text + noisy_half_diagram[bg_change],OK,A,lies_on,AB
132,16,half_text + noisy_half_diagram[bg_change],OK,B,lies_on,AB
132,16,half_text + noisy_half_diagram[bg_change],OK,D,E,"are_collinear_with, ?"
132,16,half_text + noisy_half_diagram[bg_change],OK,D,lies_on,DE
,,,,,,
133,16,half_text + noisy_half_diagram[bg_change],OK,P,is_a,point
133,16,half_text + noisy_half_diagram[bg_change],OK,Q,is_a,point
133,16,half_text + noisy_half_diagram[bg_change],OK,R,is_a,point
133,16,half_text + noisy_half_diagram[bg_change],OK,S,is_a,point
133,16,half_text + noisy_half_diagram[bg_change],OK,T,is_a,point
133,16,half_text + noisy_half_diagram[bg_change],OK,PQ,is_a,segment
133,16,half_text + noisy_half_diagram[bg_change],OK,QR,is_a,segment
133,16,half_text + noisy_half_diagram[bg_change],OK,QS,is_a,segment
133,16,half_text + noisy_half_diagram[bg_change],OK,PS,is_a,segment
133,16,half_text + noisy_half_diagram[bg_change],OK,PQ,has_measure,?
133,16,half_text + noisy_half_diagram[bg_change],OK,QS,has_measure,60.0_m
133,16,half_text + noisy_half_diagram[bg_change],OK,QR,has_measure,80.0_m
133,16,half_text + noisy_half_diagram[bg_change],OK,ST,has_measure,120_m
133,16,half_text + noisy_half_diagram[bg_change],OK,PS,perpendicular_to,QS
133,16,half_text + noisy_half_diagram[bg_change],OK,PS,perpendicular_to,ST
,,,,,,
149,16,half_text + noisy_half_diagram[bg_change],OK,C,is_a,point
149,16,half_text + noisy_half_diagram[bg_change],OK,D,is_a,point
149,16,half_text + noisy_half_diagram[bg_change],OK,E,is_a,point
149,16,half_text + noisy_half_diagram[bg_change],OK,A,is_a,point
149,16,half_text + noisy_half_diagram[bg_change],OK,B,is_a,point
149,16,half_text + noisy_half_diagram[bg_change],OK,AC,is_a,segment
149,16,half_text + noisy_half_diagram[bg_change],OK,CD,is_a,segment
149,16,half_text + noisy_half_diagram[bg_change],OK,ED,is_a,segment
149,16,half_text + noisy_half_diagram[bg_change],OK,AC,has_measure,3.0_units
149,16,half_text + noisy_half_diagram[bg_change],OK,CD,has_measure,10.0_units
149,16,half_text + noisy_half_diagram[bg_change],OK,AC,perpendicular_to,CD
149,16,half_text + noisy_half_diagram[bg_change],OK,BD,perpendicular_to,CD
149,16,half_text + noisy_half_diagram[bg_change],OK,BD,has_measure,6_units
149,16,half_text + noisy_half_diagram[bg_change],OK,BD,is_a,segment
149,16,half_text + noisy_half_diagram[bg_change],OK,AC,lies_on,line_AC
,,,,,,
150,16,half_text + noisy_half_diagram[bg_change],OK,A,is_a,point
150,16,half_text + noisy_half_diagram[bg_change],OK,B,is_a,point
150,16,half_text + noisy_half_diagram[bg_change],OK,C,is_a,point
150,16,half_text + noisy_half_diagram[bg_change],OK,D,is_a,point
150,16,half_text + noisy_half_diagram[bg_change],OK,E,is_a,point
150,16,half_text + noisy_half_diagram[bg_change],OK,AB,is_a,segment
150,16,half_text + noisy_half_diagram[bg_change],OK,BD,is_a,segment
150,16,half_text + noisy_half_diagram[bg_change],OK,BC,is_a,segment
150,16,half_text + noisy_half_diagram[bg_change],OK,CE,is_a,segment
150,16,half_text + noisy_half_diagram[bg_change],OK,A,lies_on,AC
150,16,half_text + noisy_half_diagram[bg_change],OK,B,lies_on,AC
150,16,half_text + noisy_half_diagram[bg_change],OK,C,lies_on,AC
150,16,half_text + noisy_half_diagram[bg_change],OK,B,lies_on,AB
150,16,half_text + noisy_half_diagram[bg_change],OK,BD,intersects,AC
150,16,half_text + noisy_half_diagram[bg_change],OK,CE,intersects,AC
150,16,half_text + noisy_half_diagram[bg_change],OK,BD,perpendicular_to,AC
150,16,half_text + noisy_half_diagram[bg_change],OK,CE,perpendicular_to,AC
150,16,half_text + noisy_half_diagram[bg_change],OK,AB,has_measure,2.0
150,16,half_text + noisy_half_diagram[bg_change],OK,BD,has_measure,7/3
150,16,half_text + noisy_half_diagram[bg_change],OK,CE,has_measure,9
,,,,,,
151,16,half_text + noisy_half_diagram[bg_change],OK,student,has_measure,1.7_units
151,16,half_text + noisy_half_diagram[bg_change],OK,reflection_distance,has_measure,5_units
151,16,half_text + noisy_half_diagram[bg_change],OK,horizontal_distance,has_measure,20_units
151,16,half_text + noisy_half_diagram[bg_change],OK,student,is_a,person
151,16,half_text + noisy_half_diagram[bg_change],OK,reflection_distance,is_a,distance
151,16,half_text + noisy_half_diagram[bg_change],OK,horizontal_distance,is_a,distance
151,16,half_text + noisy_half_diagram[bg_change],OK,tree,is_a,tree
151,16,half_text + noisy_half_diagram[bg_change],OK,student,lies_on,ground
151,16,half_text + noisy_half_diagram[bg_change],OK,tree,lies_on,ground
151,16,half_text + noisy_half_diagram[bg_change],OK,tree,has_measure,?
,,,,,,
152,16,half_text + noisy_half_diagram[bg_change],OK,A,is_a,point
152,16,half_text + noisy_half_diagram[bg_change],OK,B,is_a,point
152,16,half_text + noisy_half_diagram[bg_change],OK,C,is_a,point
152,16,half_text + noisy_half_diagram[bg_change],OK,E,is_a,point
152,16,half_text + noisy_half_diagram[bg_change],OK,BC,is_a,segment
152,16,half_text + noisy_half_diagram[bg_change],OK,CD,is_a,segment
152,16,half_text + noisy_half_diagram[bg_change],OK,DE,is_a,segment
152,16,half_text + noisy_half_diagram[bg_change],OK,∠BCE,is_a,angle
152,16,half_text + noisy_half_diagram[bg_change],OK,BC,has_measure,1.6_units
152,16,half_text + noisy_half_diagram[bg_change],OK,CE,has_measure,0.5_units
152,16,half_text + noisy_half_diagram[bg_change],OK,CD,has_measure,?
152,16,half_text + noisy_half_diagram[bg_change],OK,DE,has_measure,?
152,16,half_text + noisy_half_diagram[bg_change],OK,AB,has_measure,?
152,16,half_text + noisy_half_diagram[bg_change],OK,B,lies_on,BC
152,16,half_text + noisy_half_diagram[bg_change],OK,C,lies_on,BC
152,16,half_text + noisy_half_diagram[bg_change],OK,D,lies_on,AB
152,16,half_text + noisy_half_diagram[bg_change],OK,E,lies_on,wall
,,,,,,
153,16,half_text + noisy_half_diagram[bg_change],OK,A,is_a,point
153,16,half_text + noisy_half_diagram[bg_change],OK,B,is_a,point
153,16,half_text + noisy_half_diagram[bg_change],OK,C,is_a,point
153,16,half_text + noisy_half_diagram[bg_change],OK,D,is_a,point
153,16,half_text + noisy_half_diagram[bg_change],OK,E,is_a,point
153,16,half_text + noisy_half_diagram[bg_change],OK,AB,is_a,segment
153,16,half_text + noisy_half_diagram[bg_change],OK,BC,is_a,segment
153,16,half_text + noisy_half_diagram[bg_change],OK,CD,is_a,segment
153,16,half_text + noisy_half_diagram[bg_change],OK,DE,is_a,segment
153,16,half_text + noisy_half_diagram[bg_change],OK,D,lies_on,DE
153,16,half_text + noisy_half_diagram[bg_change],OK,E,lies_on,DE
153,16,half_text + noisy_half_diagram[bg_change],OK,C,lies_on,DE
153,16,half_text + noisy_half_diagram[bg_change],OK,B,lies_on,BC
153,16,half_text + noisy_half_diagram[bg_change],OK,BC,connects,"B, C"
153,16,half_text + noisy_half_diagram[bg_change],OK,DE,connects,"D, E"
153,16,half_text + noisy_half_diagram[bg_change],OK,DE,has_measure,1.8_units
153,16,half_text + noisy_half_diagram[bg_change],OK,BC,has_measure,1.0_units
153,16,half_text + noisy_half_diagram[bg_change],OK,EC,has_measure,1.2_units
153,16,half_text + noisy_half_diagram[bg_change],OK,AB,is_a,?
153,16,half_text + noisy_half_diagram[bg_change],OK,AB,has_measure,?
,,,,,,
157,16,half_text + noisy_half_diagram[bg_change],OK,A,is_a,point
157,16,half_text + noisy_half_diagram[bg_change],OK,B,is_a,point
157,16,half_text + noisy_half_diagram[bg_change],OK,C,is_a,point
157,16,half_text + noisy_half_diagram[bg_change],OK,AC,is_a,segment
157,16,half_text + noisy_half_diagram[bg_change],OK,BC,is_a,segment
157,16,half_text + noisy_half_diagram[bg_change],OK,AB,is_a,segment
157,16,half_text + noisy_half_diagram[bg_change],OK,∠ACB,is_a,angle
157,16,half_text + noisy_half_diagram[bg_change],OK,∠ABC,is_a,angle
157,16,half_text + noisy_half_diagram[bg_change],OK,∠BAC,is_a,angle
157,16,half_text + noisy_half_diagram[bg_change],OK,∠ACB,has_measure,90_deg
157,16,half_text + noisy_half_diagram[bg_change],OK,BC,has_measure,3_units
157,16,half_text + noisy_half_diagram[bg_change],OK,AC,has_measure,4_units
157,16,half_text + noisy_half_diagram[bg_change],OK,cos B,is_a,query target
,,,,,,
165,16,half_text + noisy_half_diagram[bg_change],OK,A,is_a,point
165,16,half_text + noisy_half_diagram[bg_change],OK,B,is_a,point
165,16,half_text + noisy_half_diagram[bg_change],OK,C,is_a,point
165,16,half_text + noisy_half_diagram[bg_change],OK,ABC,is_a,triangle
165,16,half_text + noisy_half_diagram[bg_change],OK,AC,is_a,segment
165,16,half_text + noisy_half_diagram[bg_change],OK,BC,is_a,segment
165,16,half_text + noisy_half_diagram[bg_change],OK,AB,is_a,segment
165,16,half_text + noisy_half_diagram[bg_change],OK,∠ACB,is_a,angle
165,16,half_text + noisy_half_diagram[bg_change],OK,∠ABC,is_a,angle
165,16,half_text + noisy_half_diagram[bg_change],OK,∠BAC,is_a,angle
165,16,half_text + noisy_half_diagram[bg_change],OK,∠ACB,has_measure,90_deg
165,16,half_text + noisy_half_diagram[bg_change],OK,AB,has_measure,2_units
165,16,half_text + noisy_half_diagram[bg_change],OK,BC,has_measure,1_units
165,16,half_text + noisy_half_diagram[bg_change],OK,AC,lies_on,ABC
165,16,half_text + noisy_half_diagram[bg_change],OK,BC,lies_on,ABC
165,16,half_text + noisy_half_diagram[bg_change],OK,AB,lies_on,ABC
165,16,half_text + noisy_half_diagram[bg_change],OK,∠ACB,lies_on,ABC
165,16,half_text + noisy_half_diagram[bg_change],OK,∠ABC,lies_on,ABC
165,16,half_text + noisy_half_diagram[bg_change],OK,∠BAC,lies_on,ABC
,,,,,,
198,16,half_text + noisy_half_diagram[bg_change],OK,triangle,is_a,isosceles
198,16,half_text + noisy_half_diagram[bg_change],OK,triangle,has_side_length,13
198,16,half_text + noisy_half_diagram[bg_change],OK,triangle,has_base_length,10
198,16,half_text + noisy_half_diagram[bg_change],OK,area,has_measure,?
,,,,,,
207,16,half_text + noisy_half_diagram[bg_change],OK,O,is_a,point
207,16,half_text + noisy_half_diagram[bg_change],OK,A,is_a,point
207,16,half_text + noisy_half_diagram[bg_change],OK,B,is_a,point
207,16,half_text + noisy_half_diagram[bg_change],OK,Large Circle,is_a,circle
207,16,half_text + noisy_half_diagram[bg_change],OK,Small Circle 1,is_a,circle
207,16,half_text + noisy_half_diagram[bg_change],OK,Small Circle 2,is_a,circle
207,16,half_text + noisy_half_diagram[bg_change],OK,Large Circle,has_measure,20_units
207,16,half_text + noisy_half_diagram[bg_change],OK,Large Circle,diameter_of,20_units
207,16,half_text + noisy_half_diagram[bg_change],OK,Small Circle 1,diameter_of,10_units
207,16,half_text + noisy_half_diagram[bg_change],OK,Small Circle 2,diameter_of,10_units
207,16,half_text + noisy_half_diagram[bg_change],OK,Small Circle 1,radius_of,5_units
207,16,half_text + noisy_half_diagram[bg_change],OK,Small Circle 2,radius_of,5_units
207,16,half_text + noisy_half_diagram[bg_change],OK,Large Circle,radius_of,10_units
,,,,,,
210,16,half_text + noisy_half_diagram[bg_change],OK,A,is_a,point
210,16,half_text + noisy_half_diagram[bg_change],OK,B,is_a,point
210,16,half_text + noisy_half_diagram[bg_change],OK,C,is_a,point
210,16,half_text + noisy_half_diagram[bg_change],OK,D,is_a,point
210,16,half_text + noisy_half_diagram[bg_change],OK,E,is_a,point
210,16,half_text + noisy_half_diagram[bg_change],OK,AB,is_a,segment
210,16,half_text + noisy_half_diagram[bg_change],OK,AC,is_a,segment
210,16,half_text + noisy_half_diagram[bg_change],OK,AE,is_a,segment
210,16,half_text + noisy_half_diagram[bg_change],OK,BE,is_a,segment
210,16,half_text + noisy_half_diagram[bg_change],OK,CD,is_a,segment
210,16,half_text + noisy_half_diagram[bg_change],OK,ABE,is_a,triangle
210,16,half_text + noisy_half_diagram[bg_change],OK,ACD,is_a,triangle
210,16,half_text + noisy_half_diagram[bg_change],OK,AB,has_measure,12
210,16,half_text + noisy_half_diagram[bg_change],OK,AC,has_measure,16
210,16,half_text + noisy_half_diagram[bg_change],OK,BE,parallel_to,CD
210,16,half_text + noisy_half_diagram[bg_change],OK,ABE,similar_to,ACD
210,16,half_text + noisy_half_diagram[bg_change],OK,A,shared_by,ABE
210,16,half_text + noisy_half_diagram[bg_change],OK,A,shared_by,ACD
,,,,,,
211,16,half_text + noisy_half_diagram[bg_change],OK,M,is_a,point
211,16,half_text + noisy_half_diagram[bg_change],OK,R,is_a,point
211,16,half_text + noisy_half_diagram[bg_change],OK,P,is_a,point
211,16,half_text + noisy_half_diagram[bg_change],OK,N,is_a,point
211,16,half_text + noisy_half_diagram[bg_change],OK,Q,is_a,point
211,16,half_text + noisy_half_diagram[bg_change],OK,MNPR,is_a,parallelogram
211,16,half_text + noisy_half_diagram[bg_change],OK,MP,is_a,diagonal
211,16,half_text + noisy_half_diagram[bg_change],OK,RN,is_a,diagonal
211,16,half_text + noisy_half_diagram[bg_change],OK,MP,intersects,RN
211,16,half_text + noisy_half_diagram[bg_change],OK,MP,intersects,"RN, at, Q"
211,16,half_text + noisy_half_diagram[bg_change],OK,MN,has_measure,3x - 4
211,16,half_text + noisy_half_diagram[bg_change],OK,NP,has_measure,2y + 5
211,16,half_text + noisy_half_diagram[bg_change],OK,MR,has_measure,15.4
211,16,half_text + noisy_half_diagram[bg_change],OK,MQ,has_measure,11.1
211,16,half_text + noisy_half_diagram[bg_change],OK,QR,has_measure,3z - 3
211,16,half_text + noisy_half_diagram[bg_change],OK,RP,has_measure,20
211,16,half_text + noisy_half_diagram[bg_change],OK,∠MRP,has_measure,38°
211,16,half_text + noisy_half_diagram[bg_change],OK,∠MQP,has_measure,83°
211,16,half_text + noisy_half_diagram[bg_change],OK,∠MNP,has_measure,33°
211,16,half_text + noisy_half_diagram[bg_change],OK,MN = RP,is_a,parallelogram_opposite_sides_congruent
211,16,half_text + noisy_half_diagram[bg_change],OK,MQ = QP,is_a,parallelogram_diagonals_bisect_each_other
211,16,half_text + noisy_half_diagram[bg_change],OK,RQ = QN,is_a,parallelogram_diagonals_bisect_each_other
,,,,,,
223,16,half_text + noisy_half_diagram[bg_change],OK,3√2,has_measure,length
223,16,half_text + noisy_half_diagram[bg_change],OK,x,has_measure,length
223,16,half_text + noisy_half_diagram[bg_change],OK,?,has_measure,length
223,16,half_text + noisy_half_diagram[bg_change],OK,?,is_a,length
223,16,half_text + noisy_half_diagram[bg_change],OK,right triangle,is_a,triangle
223,16,half_text + noisy_half_diagram[bg_change],OK,3√2,lies_on,triangle
223,16,half_text + noisy_half_diagram[bg_change],OK,x,lies_on,triangle
223,16,half_text + noisy_half_diagram[bg_change],OK,?,lies_on,triangle
,,,,,,
239,16,half_text + noisy_half_diagram[bg_change],OK,R,is_a,point
239,16,half_text + noisy_half_diagram[bg_change],OK,S,is_a,point
239,16,half_text + noisy_half_diagram[bg_change],OK,T,is_a,point
239,16,half_text + noisy_half_diagram[bg_change],OK,A,is_a,point
239,16,half_text + noisy_half_diagram[bg_change],OK,M,is_a,point
239,16,half_text + noisy_half_diagram[bg_change],OK,B,is_a,point
239,16,half_text + noisy_half_diagram[bg_change],OK,C,is_a,point
239,16,half_text + noisy_half_diagram[bg_change],OK,R,lies_on,line
239,16,half_text + noisy_half_diagram[bg_change],OK,S,lies_on,line
239,16,half_text + noisy_half_diagram[bg_change],OK,T,lies_on,line
239,16,half_text + noisy_half_diagram[bg_change],OK,A,lies_on,line
239,16,half_text + noisy_half_diagram[bg_change],OK,M,lies_on,line
239,16,half_text + noisy_half_diagram[bg_change],OK,B,lies_on,line
239,16,half_text + noisy_half_diagram[bg_change],OK,C,lies_on,line
239,16,half_text + noisy_half_diagram[bg_change],OK,RM,is_a,segment
239,16,half_text + noisy_half_diagram[bg_change],OK,RM,has_measure,4
239,16,half_text + noisy_half_diagram[bg_change],OK,AT,is_a,segment
239,16,half_text + noisy_half_diagram[bg_change],OK,AT,has_measure,16
239,16,half_text + noisy_half_diagram[bg_change],OK,M,is_a,intersection
239,16,half_text + noisy_half_diagram[bg_change],OK,M,lies_on,AT
239,16,half_text + noisy_half_diagram[bg_change],OK,M,lies_on,BR
239,16,half_text + noisy_half_diagram[bg_change],OK,M,lies_on,CS
239,16,half_text + noisy_half_diagram[bg_change],OK,R,is_a,midpoint
239,16,half_text + noisy_half_diagram[bg_change],OK,S,is_a,midpoint
239,16,half_text + noisy_half_diagram[bg_change],OK,T,is_a,midpoint
239,16,half_text + noisy_half_diagram[bg_change],OK,RM,intersects,AT
239,16,half_text + noisy_half_diagram[bg_change],OK,BM,is_a,segment
239,16,half_text + noisy_half_diagram[bg_change],OK,?,is_a,length
239,16,half_text + noisy_half_diagram[bg_change],OK,MB,is_a,segment
,,,,,,
243,16,half_text + noisy_half_diagram[bg_change],OK,Des Moines,is_a,city
243,16,half_text + noisy_half_diagram[bg_change],OK,Phoenix,is_a,city
243,16,half_text + noisy_half_diagram[bg_change],OK,Atlanta,is_a,city
243,16,half_text + noisy_half_diagram[bg_change],OK,Phoenix to Des Moines to Atlanta,is_a,trip
243,16,half_text + noisy_half_diagram[bg_change],OK,Trip,has_measure,3482
243,16,half_text + noisy_half_diagram[bg_change],OK,First leg,has_measure,110x + 53
243,16,half_text + noisy_half_diagram[bg_change],OK,Second leg,has_measure,150x + 91
243,16,half_text + noisy_half_diagram[bg_change],OK,Third leg,has_measure,73.8x
243,16,half_text + noisy_half_diagram[bg_change],OK,Second leg,lies_on,Phoenix to Atlanta
243,16,half_text + noisy_half_diagram[bg_change],OK,150x + 91,lies_on,Second leg
243,16,half_text + noisy_half_diagram[bg_change],OK,Distance from Phoenix to Atlanta,is_a,?
243,16,half_text + noisy_half_diagram[bg_change],OK,Phoenix to Atlanta,is_a,distance
243,16,half_text + noisy_half_diagram[bg_change],OK,Phoenix to Atlanta,has_measure,?
,,,,,,
257,16,half_text + noisy_half_diagram[bg_change],OK,A,is_a,point
257,16,half_text + noisy_half_diagram[bg_change],OK,B,is_a,point
257,16,half_text + noisy_half_diagram[bg_change],OK,C,is_a,point
257,16,half_text + noisy_half_diagram[bg_change],OK,D,is_a,point
257,16,half_text + noisy_half_diagram[bg_change],OK,E,is_a,point
257,16,half_text + noisy_half_diagram[bg_change],OK,AB,is_a,segment
257,16,half_text + noisy_half_diagram[bg_change],OK,AE,is_a,segment
257,16,half_text + noisy_half_diagram[bg_change],OK,AC,is_a,segment
257,16,half_text + noisy_half_diagram[bg_change],OK,AD,is_a,segment
257,16,half_text + noisy_half_diagram[bg_change],OK,BE,is_a,segment
257,16,half_text + noisy_half_diagram[bg_change],OK,CD,is_a,segment
257,16,half_text + noisy_half_diagram[bg_change],OK,AB,has_measure,16_units
257,16,half_text + noisy_half_diagram[bg_change],OK,ED,has_measure,5_units
257,16,half_text + noisy_half_diagram[bg_change],OK,ABE,is_a,triangle
257,16,half_text + noisy_half_diagram[bg_change],OK,ACD,is_a,triangle
257,16,half_text + noisy_half_diagram[bg_change],OK,ABE,parallel_to,ACD
257,16,half_text + noisy_half_diagram[bg_change],OK,ABE,similar_to,ACD
257,16,half_text + noisy_half_diagram[bg_change],OK,ED,is_a,segment
257,16,half_text + noisy_half_diagram[bg_change],OK,BE,parallel_to,CD
,,,,,,
264,16,half_text + noisy_half_diagram[bg_change],OK,MNPQ,is_a,parallelogram
264,16,half_text + noisy_half_diagram[bg_change],OK,∠M,has_measure,?
264,16,half_text + noisy_half_diagram[bg_change],OK,∠N,has_measure,20x
264,16,half_text + noisy_half_diagram[bg_change],OK,∠P,has_measure,?
264,16,half_text + noisy_half_diagram[bg_change],OK,∠Q,has_measure,?
264,16,half_text + noisy_half_diagram[bg_change],OK,LM,has_measure,10x
264,16,half_text + noisy_half_diagram[bg_change],OK,LM,is_a,segment
264,16,half_text + noisy_half_diagram[bg_change],OK,LP,is_a,segment
264,16,half_text + noisy_half_diagram[bg_change],OK,LM,equals,LP
264,16,half_text + noisy_half_diagram[bg_change],OK,∠Q,equals,2 * ∠N
264,16,half_text + noisy_half_diagram[bg_change],OK,M,is_a,point
264,16,half_text + noisy_half_diagram[bg_change],OK,N,is_a,point
264,16,half_text + noisy_half_diagram[bg_change],OK,P,is_a,point
264,16,half_text + noisy_half_diagram[bg_change],OK,Q,is_a,point
264,16,half_text + noisy_half_diagram[bg_change],OK,LM,lies_on,M
264,16,half_text + noisy_half_diagram[bg_change],OK,∠Q,has_measure,2 * 20x
,,,,,,
281,16,half_text + noisy_half_diagram[bg_change],OK,A,is_a,point
281,16,half_text + noisy_half_diagram[bg_change],OK,B,is_a,point
281,16,half_text + noisy_half_diagram[bg_change],OK,C,is_a,point
281,16,half_text + noisy_half_diagram[bg_change],OK,AC,is_a,segment
281,16,half_text + noisy_half_diagram[bg_change],OK,BC,is_a,segment
281,16,half_text + noisy_half_diagram[bg_change],OK,AB,is_a,segment
281,16,half_text + noisy_half_diagram[bg_change],OK,∠C,is_a,angle
281,16,half_text + noisy_half_diagram[bg_change],OK,∠C,has_measure,90_deg
281,16,half_text + noisy_half_diagram[bg_change],OK,BC,has_measure,10_units
281,16,half_text + noisy_half_diagram[bg_change],OK,AB,has_measure,26_units
281,16,half_text + noisy_half_diagram[bg_change],OK,AC,has_measure,24_units
281,16,half_text + noisy_half_diagram[bg_change],OK,∠C,perpendicular_to,?
281,16,half_text + noisy_half_diagram[bg_change],OK,?,lies_on,AB
281,16,half_text + noisy_half_diagram[bg_change],OK,?,lies_on,BC
281,16,half_text + noisy_half_diagram[bg_change],OK,?,lies_on,AC
281,16,half_text + noisy_half_diagram[bg_change],OK,C,lies_on,BC
281,16,half_text + noisy_half_diagram[bg_change],OK,C,lies_on,AC
281,16,half_text + noisy_half_diagram[bg_change],OK,A,lies_on,AB
281,16,half_text + noisy_half_diagram[bg_change],OK,B,lies_on,AB
,,,,,,
327,16,half_text + noisy_half_diagram[bg_change],OK,X,is_a,point
327,16,half_text + noisy_half_diagram[bg_change],OK,Y,is_a,point
327,16,half_text + noisy_half_diagram[bg_change],OK,Z,is_a,point
327,16,half_text + noisy_half_diagram[bg_change],OK,XY,is_a,segment
327,16,half_text + noisy_half_diagram[bg_change],OK,YZ,is_a,segment
327,16,half_text + noisy_half_diagram[bg_change],OK,XZ,is_a,segment
327,16,half_text + noisy_half_diagram[bg_change],OK,XY,has_measure,b km
327,16,half_text + noisy_half_diagram[bg_change],OK,YZ,has_measure,10.7 km
327,16,half_text + noisy_half_diagram[bg_change],OK,XZ,has_measure,d km
327,16,half_text + noisy_half_diagram[bg_change],OK,Z,lies_on,bearing 335° from X
327,16,half_text + noisy_half_diagram[bg_change],OK,∠XZY,is_a,angle
327,16,half_text + noisy_half_diagram[bg_change],OK,Z,lies_on,line north from Y
327,16,half_text + noisy_half_diagram[bg_change],OK,Z,connected_to,X
327,16,half_text + noisy_half_diagram[bg_change],OK,Y,connected_to,X
327,16,half_text + noisy_half_diagram[bg_change],OK,Z,connected_to,Y
327,16,half_text + noisy_half_diagram[bg_change],OK,Y,lies_on,line west from X
,,,,,,
348,16,half_text + noisy_half_diagram[bg_change],OK,A,is_a,point
348,16,half_text + noisy_half_diagram[bg_change],OK,44°,is_a,angle
348,16,half_text + noisy_half_diagram[bg_change],OK,d,is_a,segment
348,16,half_text + noisy_half_diagram[bg_change],OK,Landing Pad,is_a,point
348,16,half_text + noisy_half_diagram[bg_change],OK,198 m,has_measure,altitude
348,16,half_text + noisy_half_diagram[bg_change],OK,∠44°,has_measure,44_deg
348,16,half_text + noisy_half_diagram[bg_change],OK,d,lies_on,triangle
348,16,half_text + noisy_half_diagram[bg_change],OK,44°,lies_on,triangle
,,,,,,
364,16,half_text + noisy_half_diagram[bg_change],OK,A,is_a,point
364,16,half_text + noisy_half_diagram[bg_change],OK,B,is_a,point
364,16,half_text + noisy_half_diagram[bg_change],OK,O,is_a,point
364,16,half_text + noisy_half_diagram[bg_change],OK,AB,is_a,segment
364,16,half_text + noisy_half_diagram[bg_change],OK,AO,is_a,segment
364,16,half_text + noisy_half_diagram[bg_change],OK,OB,is_a,segment
364,16,half_text + noisy_half_diagram[bg_change],OK,∠AOB,is_a,angle
364,16,half_text + noisy_half_diagram[bg_change],OK,cable,is_a,segment
364,16,half_text + noisy_half_diagram[bg_change],OK,tower,is_a,segment
364,16,half_text + noisy_half_diagram[bg_change],OK,bridge,is_a,segment
364,16,half_text + noisy_half_diagram[bg_change],OK,tower,intersects,bridge
364,16,half_text + noisy_half_diagram[bg_change],OK,tower,perpendicular_to,bridge
364,16,half_text + noisy_half_diagram[bg_change],OK,connection point,lies_on,tower
364,16,half_text + noisy_half_diagram[bg_change],OK,connection point,lies_on,cable
364,16,half_text + noisy_half_diagram[bg_change],OK,AO,has_measure,35.5_m
364,16,half_text + noisy_half_diagram[bg_change],OK,AB,has_measure,65.9_m
364,16,half_text + noisy_half_diagram[bg_change],OK,h,has_measure,?
,,,,,,
365,16,half_text + noisy_half_diagram[bg_change],OK,A,is_a,point
365,16,half_text + noisy_half_diagram[bg_change],OK,?,lies_on,A
365,16,half_text + noisy_half_diagram[bg_change],OK,AB,is_a,segment
365,16,half_text + noisy_half_diagram[bg_change],OK,AC,is_a,segment
365,16,half_text + noisy_half_diagram[bg_change],OK,∠BAC,is_a,angle
365,16,half_text + noisy_half_diagram[bg_change],OK,23444,has_measure,AB
365,16,half_text + noisy_half_diagram[bg_change],OK,10369,has_measure,AC
365,16,half_text + noisy_half_diagram[bg_change],OK,∠BAC,has_measure,θ°
365,16,half_text + noisy_half_diagram[bg_change],OK,?,is_a,?
,,,,,,
420,16,half_text + noisy_half_diagram[bg_change],OK,10 cm,has_measure,length
420,16,half_text + noisy_half_diagram[bg_change],OK,6 cm,has_measure,length
420,16,half_text + noisy_half_diagram[bg_change],OK,trapezium,has_part,10 cm side
420,16,half_text + noisy_half_diagram[bg_change],OK,trapezium,has_part,6 cm side
420,16,half_text + noisy_half_diagram[bg_change],OK,6 cm side,perpendicular_to,10 cm side
420,16,half_text + noisy_half_diagram[bg_change],OK,10 cm side,is_a,segment
420,16,half_text + noisy_half_diagram[bg_change],OK,6 cm side,is_a,segment
420,16,half_text + noisy_half_diagram[bg_change],OK,trapezium,is_a,trapezium
420,16,half_text + noisy_half_diagram[bg_change],OK,trapezium,has_part,?
420,16,half_text + noisy_half_diagram[bg_change],OK,?,is_a,segment
420,16,half_text + noisy_half_diagram[bg_change],OK,?,lies_on,trapezium
420,16,half_text + noisy_half_diagram[bg_change],OK,6 cm,has_measure,?
420,16,half_text + noisy_half_diagram[bg_change],OK,10 cm,has_measure,?
420,16,half_text + noisy_half_diagram[bg_change],OK,A,is_a,point
420,16,half_text + noisy_half_diagram[bg_change],OK,B,is_a,point
420,16,half_text + noisy_half_diagram[bg_change],OK,C,is_a,point
420,16,half_text + noisy_half_diagram[bg_change],OK,D,is_a,point
420,16,half_text + noisy_half_diagram[bg_change],OK,AB,is_a,segment
420,16,half_text + noisy_half_diagram[bg_change],OK,CD,is_a,segment
420,16,half_text + noisy_half_diagram[bg_change],OK,AD,has_measure,10 cm
420,16,half_text + noisy_half_diagram[bg_change],OK,height,has_measure,6 cm
420,16,half_text + noisy_half_diagram[bg_change],OK,height,perpendicular_to,AD
420,16,half_text + noisy_half_diagram[bg_change],OK,AD,has_measure,10_cm
420,16,half_text + noisy_half_diagram[bg_change],OK,height,has_measure,6_cm
420,16,half_text + noisy_half_diagram[bg_change],OK,AD,is_a,segment
420,16,half_text + noisy_half_diagram[bg_change],OK,height,is_a,segment
420,16,half_text + noisy_half_diagram[bg_change],OK,trapezium,has_part,AD
420,16,half_text + noisy_half_diagram[bg_change],OK,trapezium,has_part,height
,,,,,,
432,16,half_text + noisy_half_diagram[bg_change],OK,A,is_a,point
432,16,half_text + noisy_half_diagram[bg_change],OK,B,is_a,point
432,16,half_text + noisy_half_diagram[bg_change],OK,d,is_a,distance
432,16,half_text + noisy_half_diagram[bg_change],OK,A,lies_on,x=-3
432,16,half_text + noisy_half_diagram[bg_change],OK,A,lies_on,y=4
432,16,half_text + noisy_half_diagram[bg_change],OK,B,lies_on,x=5
432,16,half_text + noisy_half_diagram[bg_change],OK,B,lies_on,y=2
432,16,half_text + noisy_half_diagram[bg_change],OK,A,has_measure,-3_units
432,16,half_text + noisy_half_diagram[bg_change],OK,A,has_measure,4_units
432,16,half_text + noisy_half_diagram[bg_change],OK,B,has_measure,5_units
432,16,half_text + noisy_half_diagram[bg_change],OK,B,has_measure,2_units
,,,,,,
438,16,half_text + noisy_half_diagram[bg_change],OK,-3,is_a,point
438,16,half_text + noisy_half_diagram[bg_change],OK,-3,-3,"is_a, point"
438,16,half_text + noisy_half_diagram[bg_change],OK,2,-3,"is_a, point"
438,16,half_text + noisy_half_diagram[bg_change],OK,-8,-3,"is_a, point"
438,16,half_text + noisy_half_diagram[bg_change],OK,-3 - 5√2,-3,"is_a, point"
438,16,half_text + noisy_half_diagram[bg_change],OK,-3 + 5√2,-3,"is_a, point"
,,,,,,
441,16,half_text + noisy_half_diagram[bg_change],OK,1,is_a,point
441,16,half_text + noisy_half_diagram[bg_change],OK,0,is_a,point
441,16,half_text + noisy_half_diagram[bg_change],OK,1,lies_on,x-axis
441,16,half_text + noisy_half_diagram[bg_change],OK,0,lies_on,y-axis
441,16,half_text + noisy_half_diagram[bg_change],OK,unit circle,is_a,circle
441,16,half_text + noisy_half_diagram[bg_change],OK,P,is_a,point
441,16,half_text + noisy_half_diagram[bg_change],OK,P,lies_on,unit circle
441,16,half_text + noisy_half_diagram[bg_change],OK,α,is_a,angle
441,16,half_text + noisy_half_diagram[bg_change],OK,α,has_measure,?
441,16,half_text + noisy_half_diagram[bg_change],OK,x-axis,intersects,unit circle
441,16,half_text + noisy_half_diagram[bg_change],OK,y-axis,intersects,unit circle
441,16,half_text + noisy_half_diagram[bg_change],OK,P,has_measure,?
441,16,half_text + noisy_half_diagram[bg_change],OK,x-coordinate of P,has_measure,3/5
441,16,half_text + noisy_half_diagram[bg_change],OK,sin α,has_measure,?
,,,,,,
447,16,half_text + noisy_half_diagram[bg_change],OK,P,is_a,point
447,16,half_text + noisy_half_diagram[bg_change],OK,a,is_a,angle
447,16,half_text + noisy_half_diagram[bg_change],OK,a,has_terminal_side,P
447,16,half_text + noisy_half_diagram[bg_change],OK,P,lies_on,circle
447,16,half_text + noisy_half_diagram[bg_change],OK,P,has_x_coordinate,\frac{20}{29}
447,16,half_text + noisy_half_diagram[bg_change],OK,P,has_y_coordinate,-\frac{21}{29}
447,16,half_text + noisy_half_diagram[bg_change],OK,P,has_x_coordinate,20/29
447,16,half_text + noisy_half_diagram[bg_change],OK,P,has_y_coordinate,-21/29
447,16,half_text + noisy_half_diagram[bg_change],OK,circle,is_a,unit_circle
447,16,half_text + noisy_half_diagram[bg_change],OK,x,is_a,coordinate_axis
447,16,half_text + noisy_half_diagram[bg_change],OK,y,is_a,coordinate_axis
447,16,half_text + noisy_half_diagram[bg_change],OK,P,intersects,x
447,16,half_text + noisy_half_diagram[bg_change],OK,P,intersects,y
447,16,half_text + noisy_half_diagram[bg_change],OK,a,intersects,circle
447,16,half_text + noisy_half_diagram[bg_change],OK,circle,has_center,O
447,16,half_text + noisy_half_diagram[bg_change],OK,O,is_a,point
447,16,half_text + noisy_half_diagram[bg_change],OK,O,has_x_coordinate,0
447,16,half_text + noisy_half_diagram[bg_change],OK,O,has_y_coordinate,0
447,16,half_text + noisy_half_diagram[bg_change],OK,circle,has_radius,?
447,16,half_text + noisy_half_diagram[bg_change],OK,a,is_in,standard_position
447,16,half_text + noisy_half_diagram[bg_change],OK,a,has_cos,20/29
,,,,,,
449,16,half_text + noisy_half_diagram[bg_change],OK,O,is_a,point
449,16,half_text + noisy_half_diagram[bg_change],OK,P,is_a,point
449,16,half_text + noisy_half_diagram[bg_change],OK,$\theta$,is_a,angle
449,16,half_text + noisy_half_diagram[bg_change],OK,OP,is_a,segment
449,16,half_text + noisy_half_diagram[bg_change],OK,O,center_of,circle
449,16,half_text + noisy_half_diagram[bg_change],OK,P,lies_on,circle
449,16,half_text + noisy_half_diagram[bg_change],OK,$\theta$,has_measure,?
449,16,half_text + noisy_half_diagram[bg_change],OK,OP,has_measure,?
449,16,half_text + noisy_half_diagram[bg_change],OK,$\sec \theta$,is_a,query target
449,16,half_text + noisy_half_diagram[bg_change],OK,circle,has radius,1_unit
449,16,half_text + noisy_half_diagram[bg_change],OK,x,has_measure,$\frac{\sqrt{2}}{2}$
449,16,half_text + noisy_half_diagram[bg_change],OK,y,has_measure,$\frac{\sqrt{2}}{2}$
,,,,,,
457,16,half_text + noisy_half_diagram[bg_change],OK,5,is_a,number
457,16,half_text + noisy_half_diagram[bg_change],OK,10,is_a,number
457,16,half_text + noisy_half_diagram[bg_change],OK,?,is_a,query
457,16,half_text + noisy_half_diagram[bg_change],OK,1,is_a,point)
,,,,,,
472,16,half_text + noisy_half_diagram[bg_change],OK,A,is_a,point
472,16,half_text + noisy_half_diagram[bg_change],OK,B,is_a,point
472,16,half_text + noisy_half_diagram[bg_change],OK,C,is_a,point
472,16,half_text + noisy_half_diagram[bg_change],OK,A,lies_on,x-axis
472,16,half_text + noisy_half_diagram[bg_change],OK,C,lies_on,x-axis
472,16,half_text + noisy_half_diagram[bg_change],OK,B,lies_on,semicircle
,,,,,,
