problem_index,case_id,case_label,status,subject,predicate,object
1,20,half_text + noisy_half_diagram[pixel_noise],OK,A,is_a,point
1,20,half_text + noisy_half_diagram[pixel_noise],OK,B,is_a,point
1,20,half_text + noisy_half_diagram[pixel_noise],OK,C,is_a,point
1,20,half_text + noisy_half_diagram[pixel_noise],OK,D,is_a,point
1,20,half_text + noisy_half_diagram[pixel_noise],OK,E,is_a,point
1,20,half_text + noisy_half_diagram[pixel_noise],OK,A,lies_on,AB
1,20,half_text + noisy_half_diagram[pixel_noise],OK,D,lies_on,AB
1,20,half_text + noisy_half_diagram[pixel_noise],OK,B,lies_on,AB
1,20,half_text + noisy_half_diagram[pixel_noise],OK,E,lies_on,AC
1,20,half_text + noisy_half_diagram[pixel_noise],OK,C,lies_on,AC
1,20,half_text + noisy_half_diagram[pixel_noise],OK,DE,is_a,segment
1,20,half_text + noisy_half_diagram[pixel_noise],OK,BC,is_a,segment
1,20,half_text + noisy_half_diagram[pixel_noise],OK,DE,parallel_to,BC
1,20,half_text + noisy_half_diagram[pixel_noise],OK,∠A,is_a,angle
1,20,half_text + noisy_half_diagram[pixel_noise],OK,∠A,has_measure,80_deg
1,20,half_text + noisy_half_diagram[pixel_noise],OK,∠ABC,has_measure,60_deg
,,,,,,
2,20,half_text + noisy_half_diagram[pixel_noise],OK,A,is_a,point
2,20,half_text + noisy_half_diagram[pixel_noise],OK,B,is_a,point
2,20,half_text + noisy_half_diagram[pixel_noise],OK,C,is_a,point
2,20,half_text + noisy_half_diagram[pixel_noise],OK,D,is_a,point
2,20,half_text + noisy_half_diagram[pixel_noise],OK,E,is_a,point
2,20,half_text + noisy_half_diagram[pixel_noise],OK,F,is_a,point
2,20,half_text + noisy_half_diagram[pixel_noise],OK,G,is_a,point
2,20,half_text + noisy_half_diagram[pixel_noise],OK,AB,is_a,line
2,20,half_text + noisy_half_diagram[pixel_noise],OK,CD,is_a,line
2,20,half_text + noisy_half_diagram[pixel_noise],OK,EF,is_a,line
2,20,half_text + noisy_half_diagram[pixel_noise],OK,EG,is_a,line
2,20,half_text + noisy_half_diagram[pixel_noise],OK,AB,parallel_to,CD
2,20,half_text + noisy_half_diagram[pixel_noise],OK,EF,intersects,AB
2,20,half_text + noisy_half_diagram[pixel_noise],OK,EF,intersects,CD
2,20,half_text + noisy_half_diagram[pixel_noise],OK,EG,intersects,CD
2,20,half_text + noisy_half_diagram[pixel_noise],OK,EG,lies_on,EF
2,20,half_text + noisy_half_diagram[pixel_noise],OK,∠BEF,has_measure,?
2,20,half_text + noisy_half_diagram[pixel_noise],OK,∠EFG,has_measure,50_deg
2,20,half_text + noisy_half_diagram[pixel_noise],OK,EG,is_a,"angle_bisector_of, ∠BEF"
,,,,,,
3,20,half_text + noisy_half_diagram[pixel_noise],OK,A,is_a,point
3,20,half_text + noisy_half_diagram[pixel_noise],OK,B,is_a,point
3,20,half_text + noisy_half_diagram[pixel_noise],OK,C,is_a,point
3,20,half_text + noisy_half_diagram[pixel_noise],OK,D,is_a,point
3,20,half_text + noisy_half_diagram[pixel_noise],OK,AB,is_a,segment
3,20,half_text + noisy_half_diagram[pixel_noise],OK,BC,is_a,segment
3,20,half_text + noisy_half_diagram[pixel_noise],OK,BD,is_a,segment
3,20,half_text + noisy_half_diagram[pixel_noise],OK,CD,is_a,segment
3,20,half_text + noisy_half_diagram[pixel_noise],OK,∠ABC,is_a,angle
3,20,half_text + noisy_half_diagram[pixel_noise],OK,∠CDB,is_a,angle
3,20,half_text + noisy_half_diagram[pixel_noise],OK,BC,lies_on,C
3,20,half_text + noisy_half_diagram[pixel_noise],OK,BC,lies_on,B
3,20,half_text + noisy_half_diagram[pixel_noise],OK,BA,lies_on,A
3,20,half_text + noisy_half_diagram[pixel_noise],OK,BA,lies_on,B
3,20,half_text + noisy_half_diagram[pixel_noise],OK,BD,lies_on,D
3,20,half_text + noisy_half_diagram[pixel_noise],OK,BD,lies_on,B
3,20,half_text + noisy_half_diagram[pixel_noise],OK,CD,lies_on,D
3,20,half_text + noisy_half_diagram[pixel_noise],OK,CD,lies_on,C
3,20,half_text + noisy_half_diagram[pixel_noise],OK,∠ABC,has_measure,70_deg
,,,,,,
4,20,half_text + noisy_half_diagram[pixel_noise],OK,A,is_a,point
4,20,half_text + noisy_half_diagram[pixel_noise],OK,O,is_a,point
4,20,half_text + noisy_half_diagram[pixel_noise],OK,B,is_a,point
4,20,half_text + noisy_half_diagram[pixel_noise],OK,C,is_a,point
4,20,half_text + noisy_half_diagram[pixel_noise],OK,AB,is_a,segment
4,20,half_text + noisy_half_diagram[pixel_noise],OK,AO,is_a,segment
4,20,half_text + noisy_half_diagram[pixel_noise],OK,OC,is_a,segment
4,20,half_text + noisy_half_diagram[pixel_noise],OK,BC,is_a,segment
4,20,half_text + noisy_half_diagram[pixel_noise],OK,∠A,is_a,angle
4,20,half_text + noisy_half_diagram[pixel_noise],OK,∠A,has_measure,36_deg
4,20,half_text + noisy_half_diagram[pixel_noise],OK,AB,tangent_to,circle_O
4,20,half_text + noisy_half_diagram[pixel_noise],OK,AB,intersects,circle_O
4,20,half_text + noisy_half_diagram[pixel_noise],OK,AO,intersects,circle_O
4,20,half_text + noisy_half_diagram[pixel_noise],OK,AO,extended_line_of,AO
4,20,half_text + noisy_half_diagram[pixel_noise],OK,OC,lies_on,circle_O
4,20,half_text + noisy_half_diagram[pixel_noise],OK,BC,connects,"B, C"
,,,,,,
7,20,half_text + noisy_half_diagram[pixel_noise],OK,A,is_a,point
7,20,half_text + noisy_half_diagram[pixel_noise],OK,B,is_a,point
7,20,half_text + noisy_half_diagram[pixel_noise],OK,C,is_a,point
7,20,half_text + noisy_half_diagram[pixel_noise],OK,D,is_a,point
7,20,half_text + noisy_half_diagram[pixel_noise],OK,E,is_a,point
7,20,half_text + noisy_half_diagram[pixel_noise],OK,AB,is_a,segment
7,20,half_text + noisy_half_diagram[pixel_noise],OK,AC,is_a,segment
7,20,half_text + noisy_half_diagram[pixel_noise],OK,AE,is_a,segment
7,20,half_text + noisy_half_diagram[pixel_noise],OK,AD,is_a,segment
7,20,half_text + noisy_half_diagram[pixel_noise],OK,∠B,is_a,angle
7,20,half_text + noisy_half_diagram[pixel_noise],OK,∠C,is_a,angle
7,20,half_text + noisy_half_diagram[pixel_noise],OK,∠DAC,is_a,angle
7,20,half_text + noisy_half_diagram[pixel_noise],OK,∠EAC,is_a,angle
7,20,half_text + noisy_half_diagram[pixel_noise],OK,∠B,has_measure,70_deg
7,20,half_text + noisy_half_diagram[pixel_noise],OK,∠C,has_measure,30_deg
7,20,half_text + noisy_half_diagram[pixel_noise],OK,∠ADC,has_measure,35_deg
7,20,half_text + noisy_half_diagram[pixel_noise],OK,∠ACD,has_measure,30_deg
7,20,half_text + noisy_half_diagram[pixel_noise],OK,Triangle ABC,is_congruent_to,Triangle ADE
7,20,half_text + noisy_half_diagram[pixel_noise],OK,A,lies_on,AB
7,20,half_text + noisy_half_diagram[pixel_noise],OK,A,lies_on,AC
7,20,half_text + noisy_half_diagram[pixel_noise],OK,A,lies_on,AE
7,20,half_text + noisy_half_diagram[pixel_noise],OK,A,lies_on,AD
,,,,,,
8,20,half_text + noisy_half_diagram[pixel_noise],OK,A,is_a,point
8,20,half_text + noisy_half_diagram[pixel_noise],OK,B,is_a,point
8,20,half_text + noisy_half_diagram[pixel_noise],OK,C,is_a,point
8,20,half_text + noisy_half_diagram[pixel_noise],OK,D,is_a,point
8,20,half_text + noisy_half_diagram[pixel_noise],OK,E,is_a,point
8,20,half_text + noisy_half_diagram[pixel_noise],OK,F,is_a,point
8,20,half_text + noisy_half_diagram[pixel_noise],OK,A,lies_on,line
8,20,half_text + noisy_half_diagram[pixel_noise],OK,B,lies_on,line
8,20,half_text + noisy_half_diagram[pixel_noise],OK,C,lies_on,line
8,20,half_text + noisy_half_diagram[pixel_noise],OK,D,lies_on,line
8,20,half_text + noisy_half_diagram[pixel_noise],OK,E,lies_on,line
8,20,half_text + noisy_half_diagram[pixel_noise],OK,F,lies_on,line
8,20,half_text + noisy_half_diagram[pixel_noise],OK,AB,is_a,segment
8,20,half_text + noisy_half_diagram[pixel_noise],OK,BC,is_a,segment
8,20,half_text + noisy_half_diagram[pixel_noise],OK,AC,is_a,segment
8,20,half_text + noisy_half_diagram[pixel_noise],OK,DE,is_a,segment
8,20,half_text + noisy_half_diagram[pixel_noise],OK,EF,is_a,segment
8,20,half_text + noisy_half_diagram[pixel_noise],OK,DF,is_a,segment
8,20,half_text + noisy_half_diagram[pixel_noise],OK,∠ABC,is_a,angle
8,20,half_text + noisy_half_diagram[pixel_noise],OK,∠DEF,is_a,angle
8,20,half_text + noisy_half_diagram[pixel_noise],OK,Triangle ABC,is_a,triangle
8,20,half_text + noisy_half_diagram[pixel_noise],OK,Triangle DEF,is_a,triangle
8,20,half_text + noisy_half_diagram[pixel_noise],OK,Triangle ABC,congruent_to,Triangle DEF
8,20,half_text + noisy_half_diagram[pixel_noise],OK,A,corresponds_to,D
8,20,half_text + noisy_half_diagram[pixel_noise],OK,B,corresponds_to,E
8,20,half_text + noisy_half_diagram[pixel_noise],OK,BF,has_measure,7.0_units
8,20,half_text + noisy_half_diagram[pixel_noise],OK,B,E,"C, F, are_collinear"
8,20,half_text + noisy_half_diagram[pixel_noise],OK,EC,is_a,segment
,,,,,,
9,20,half_text + noisy_half_diagram[pixel_noise],OK,D,is_a,point
9,20,half_text + noisy_half_diagram[pixel_noise],OK,A,is_a,point
9,20,half_text + noisy_half_diagram[pixel_noise],OK,B,is_a,point
9,20,half_text + noisy_half_diagram[pixel_noise],OK,ACB,is_a,triangle
9,20,half_text + noisy_half_diagram[pixel_noise],OK,angle C,has_measure,90_deg
9,20,half_text + noisy_half_diagram[pixel_noise],OK,AC,has_measure,?
9,20,half_text + noisy_half_diagram[pixel_noise],OK,BC,has_measure,?
9,20,half_text + noisy_half_diagram[pixel_noise],OK,AC,is_equal_to,BC
9,20,half_text + noisy_half_diagram[pixel_noise],OK,AD,is_a,line_segment
9,20,half_text + noisy_half_diagram[pixel_noise],OK,AD,intersects,BC
9,20,half_text + noisy_half_diagram[pixel_noise],OK,AD,bisects,angle CAB
9,20,half_text + noisy_half_diagram[pixel_noise],OK,D,lies_on,BC
9,20,half_text + noisy_half_diagram[pixel_noise],OK,DE,is_a,line_segment
9,20,half_text + noisy_half_diagram[pixel_noise],OK,DE,perpendicular_to,AB
9,20,half_text + noisy_half_diagram[pixel_noise],OK,E,lies_on,AB
9,20,half_text + noisy_half_diagram[pixel_noise],OK,AB,has_measure,6.0
9,20,half_text + noisy_half_diagram[pixel_noise],OK,angle CAB,is_a,angle
9,20,half_text + noisy_half_diagram[pixel_noise],OK,angle ADB,is_a,angle
9,20,half_text + noisy_half_diagram[pixel_noise],OK,DBE,is_a,triangle
,,,,,,
10,20,half_text + noisy_half_diagram[pixel_noise],OK,A,is_a,point
10,20,half_text + noisy_half_diagram[pixel_noise],OK,B,is_a,point
10,20,half_text + noisy_half_diagram[pixel_noise],OK,C,is_a,point
10,20,half_text + noisy_half_diagram[pixel_noise],OK,D,is_a,point
10,20,half_text + noisy_half_diagram[pixel_noise],OK,E,is_a,point
10,20,half_text + noisy_half_diagram[pixel_noise],OK,AB,is_a,segment
10,20,half_text + noisy_half_diagram[pixel_noise],OK,AC,is_a,segment
10,20,half_text + noisy_half_diagram[pixel_noise],OK,DE,is_a,segment
10,20,half_text + noisy_half_diagram[pixel_noise],OK,AB,intersects,DE
10,20,half_text + noisy_half_diagram[pixel_noise],OK,AC,intersects,DE
10,20,half_text + noisy_half_diagram[pixel_noise],OK,AB,has_measure,?
10,20,half_text + noisy_half_diagram[pixel_noise],OK,AC,has_measure,?
10,20,half_text + noisy_half_diagram[pixel_noise],OK,∠BAC,has_measure,36_deg
10,20,half_text + noisy_half_diagram[pixel_noise],OK,AB,is_equal_to,AC
10,20,half_text + noisy_half_diagram[pixel_noise],OK,DE,is_a,"perpendicular_bisector_of, AB"
10,20,half_text + noisy_half_diagram[pixel_noise],OK,DE,is_perpendicular_to,AB
10,20,half_text + noisy_half_diagram[pixel_noise],OK,DE,lies_on,perpendicular_bisector_of_AB
10,20,half_text + noisy_half_diagram[pixel_noise],OK,AE,is_a,segment
10,20,half_text + noisy_half_diagram[pixel_noise],OK,BE,is_a,segment
10,20,half_text + noisy_half_diagram[pixel_noise],OK,AE,has_measure,?
10,20,half_text + noisy_half_diagram[pixel_noise],OK,BE,has_measure,?
,,,,,,
11,20,half_text + noisy_half_diagram[pixel_noise],OK,A,is_a,point
11,20,half_text + noisy_half_diagram[pixel_noise],OK,B,is_a,point
11,20,half_text + noisy_half_diagram[pixel_noise],OK,C,is_a,point
11,20,half_text + noisy_half_diagram[pixel_noise],OK,D,is_a,point
11,20,half_text + noisy_half_diagram[pixel_noise],OK,E,is_a,point
11,20,half_text + noisy_half_diagram[pixel_noise],OK,F,is_a,point
11,20,half_text + noisy_half_diagram[pixel_noise],OK,AB,is_a,segment
11,20,half_text + noisy_half_diagram[pixel_noise],OK,BC,is_a,segment
11,20,half_text + noisy_half_diagram[pixel_noise],OK,AC,is_a,segment
11,20,half_text + noisy_half_diagram[pixel_noise],OK,AD,is_a,segment
11,20,half_text + noisy_half_diagram[pixel_noise],OK,AE,is_a,segment
11,20,half_text + noisy_half_diagram[pixel_noise],OK,AF,is_a,segment
11,20,half_text + noisy_half_diagram[pixel_noise],OK,∠BAC,is_a,angle
11,20,half_text + noisy_half_diagram[pixel_noise],OK,∠ACB,is_a,angle
11,20,half_text + noisy_half_diagram[pixel_noise],OK,B,lies_on,line_BC
11,20,half_text + noisy_half_diagram[pixel_noise],OK,C,lies_on,line_BC
11,20,half_text + noisy_half_diagram[pixel_noise],OK,A,lies_on,line_AC
11,20,half_text + noisy_half_diagram[pixel_noise],OK,A,lies_on,line_AB
11,20,half_text + noisy_half_diagram[pixel_noise],OK,A,lies_on,line_AD
11,20,half_text + noisy_half_diagram[pixel_noise],OK,A,lies_on,line_AE
11,20,half_text + noisy_half_diagram[pixel_noise],OK,∠ACB,has_measure,36_deg
11,20,half_text + noisy_half_diagram[pixel_noise],OK,∠EAD,has_measure,60_deg
11,20,half_text + noisy_half_diagram[pixel_noise],OK,triangle ABC,rotated_about,point A
11,20,half_text + noisy_half_diagram[pixel_noise],OK,triangle ABC,mapped_to,triangle AED
11,20,half_text + noisy_half_diagram[pixel_noise],OK,AD,intersects,BC
11,20,half_text + noisy_half_diagram[pixel_noise],OK,BC,intersects,AD
11,20,half_text + noisy_half_diagram[pixel_noise],OK,A,center_of,rotation
11,20,half_text + noisy_half_diagram[pixel_noise],OK,∠EAD,is_a,angle
11,20,half_text + noisy_half_diagram[pixel_noise],OK,∠AFC,is_a,angle
11,20,half_text + noisy_half_diagram[pixel_noise],OK,DF,is_a,segment
,,,,,,
14,20,half_text + noisy_half_diagram[pixel_noise],OK,A,is_a,point
14,20,half_text + noisy_half_diagram[pixel_noise],OK,O,is_a,point
14,20,half_text + noisy_half_diagram[pixel_noise],OK,B,is_a,point
14,20,half_text + noisy_half_diagram[pixel_noise],OK,C,is_a,point
14,20,half_text + noisy_half_diagram[pixel_noise],OK,AO,is_a,segment
14,20,half_text + noisy_half_diagram[pixel_noise],OK,OB,is_a,segment
14,20,half_text + noisy_half_diagram[pixel_noise],OK,OC,is_a,segment
14,20,half_text + noisy_half_diagram[pixel_noise],OK,AB,is_a,segment
14,20,half_text + noisy_half_diagram[pixel_noise],OK,BC,is_a,segment
14,20,half_text + noisy_half_diagram[pixel_noise],OK,AC,is_a,segment
14,20,half_text + noisy_half_diagram[pixel_noise],OK,∠OAB,is_a,angle
14,20,half_text + noisy_half_diagram[pixel_noise],OK,∠OAB,has_measure,35_deg
14,20,half_text + noisy_half_diagram[pixel_noise],OK,O,center_of,circle
14,20,half_text + noisy_half_diagram[pixel_noise],OK,A,lies_on,circle
14,20,half_text + noisy_half_diagram[pixel_noise],OK,B,lies_on,circle
14,20,half_text + noisy_half_diagram[pixel_noise],OK,C,lies_on,circle
14,20,half_text + noisy_half_diagram[pixel_noise],OK,ABC,is_a,triangle
,,,,,,
16,20,half_text + noisy_half_diagram[pixel_noise],OK,O,is_a,point
16,20,half_text + noisy_half_diagram[pixel_noise],OK,B,is_a,point
16,20,half_text + noisy_half_diagram[pixel_noise],OK,C,is_a,point
16,20,half_text + noisy_half_diagram[pixel_noise],OK,A,is_a,point
16,20,half_text + noisy_half_diagram[pixel_noise],OK,OB,is_a,segment
16,20,half_text + noisy_half_diagram[pixel_noise],OK,OC,is_a,segment
16,20,half_text + noisy_half_diagram[pixel_noise],OK,AC,is_a,segment
16,20,half_text + noisy_half_diagram[pixel_noise],OK,AC,parallel_to,OB
16,20,half_text + noisy_half_diagram[pixel_noise],OK,∠BOC,has_measure,50_deg
16,20,half_text + noisy_half_diagram[pixel_noise],OK,O,center_of,circle
16,20,half_text + noisy_half_diagram[pixel_noise],OK,OB,radius_of,circle
,,,,,,
17,20,half_text + noisy_half_diagram[pixel_noise],OK,A,is_a,point
17,20,half_text + noisy_half_diagram[pixel_noise],OK,B,is_a,point
17,20,half_text + noisy_half_diagram[pixel_noise],OK,C,is_a,point
17,20,half_text + noisy_half_diagram[pixel_noise],OK,D,is_a,point
17,20,half_text + noisy_half_diagram[pixel_noise],OK,ABCD,is_a,parallelogram
17,20,half_text + noisy_half_diagram[pixel_noise],OK,AC,is_a,diagonal
17,20,half_text + noisy_half_diagram[pixel_noise],OK,BD,is_a,diagonal
17,20,half_text + noisy_half_diagram[pixel_noise],OK,O,is_a,point
17,20,half_text + noisy_half_diagram[pixel_noise],OK,AO,is_a,segment
17,20,half_text + noisy_half_diagram[pixel_noise],OK,OC,is_a,segment
17,20,half_text + noisy_half_diagram[pixel_noise],OK,BO,is_a,segment
17,20,half_text + noisy_half_diagram[pixel_noise],OK,OD,is_a,segment
17,20,half_text + noisy_half_diagram[pixel_noise],OK,∠DAC,has_measure,42_deg
17,20,half_text + noisy_half_diagram[pixel_noise],OK,∠CBD,has_measure,23_deg
,,,,,,
20,20,half_text + noisy_half_diagram[pixel_noise],OK,A,is_a,point
20,20,half_text + noisy_half_diagram[pixel_noise],OK,O,is_a,point
20,20,half_text + noisy_half_diagram[pixel_noise],OK,B,is_a,point
20,20,half_text + noisy_half_diagram[pixel_noise],OK,C,is_a,point
20,20,half_text + noisy_half_diagram[pixel_noise],OK,D,is_a,point
20,20,half_text + noisy_half_diagram[pixel_noise],OK,AB,is_a,segment
20,20,half_text + noisy_half_diagram[pixel_noise],OK,AC,is_a,segment
20,20,half_text + noisy_half_diagram[pixel_noise],OK,BC,is_a,segment
20,20,half_text + noisy_half_diagram[pixel_noise],OK,CD,is_a,segment
20,20,half_text + noisy_half_diagram[pixel_noise],OK,OD,is_a,segment
20,20,half_text + noisy_half_diagram[pixel_noise],OK,∠DOB,is_a,angle
20,20,half_text + noisy_half_diagram[pixel_noise],OK,∠ACD,is_a,angle
20,20,half_text + noisy_half_diagram[pixel_noise],OK,AB,lies_on,circle O
20,20,half_text + noisy_half_diagram[pixel_noise],OK,C,lies_on,circle O
20,20,half_text + noisy_half_diagram[pixel_noise],OK,D,lies_on,circle O
20,20,half_text + noisy_half_diagram[pixel_noise],OK,AB,diameter_of,circle O
20,20,half_text + noisy_half_diagram[pixel_noise],OK,∠DOB,has_measure,?
20,20,half_text + noisy_half_diagram[pixel_noise],OK,∠DOB,intersects,arc DB
20,20,half_text + noisy_half_diagram[pixel_noise],OK,arc DB,has_measure,140_deg
,,,,,,
22,20,half_text + noisy_half_diagram[pixel_noise],OK,A,is_a,point
22,20,half_text + noisy_half_diagram[pixel_noise],OK,B,is_a,point
22,20,half_text + noisy_half_diagram[pixel_noise],OK,C,is_a,point
22,20,half_text + noisy_half_diagram[pixel_noise],OK,D,is_a,point
22,20,half_text + noisy_half_diagram[pixel_noise],OK,M,is_a,point
22,20,half_text + noisy_half_diagram[pixel_noise],OK,N,is_a,point
22,20,half_text + noisy_half_diagram[pixel_noise],OK,AM,is_a,segment
22,20,half_text + noisy_half_diagram[pixel_noise],OK,CN,is_a,segment
22,20,half_text + noisy_half_diagram[pixel_noise],OK,MN,is_a,segment
22,20,half_text + noisy_half_diagram[pixel_noise],OK,AC,is_a,segment
22,20,half_text + noisy_half_diagram[pixel_noise],OK,BO,is_a,segment
22,20,half_text + noisy_half_diagram[pixel_noise],OK,ABCD,is_a,diamond
22,20,half_text + noisy_half_diagram[pixel_noise],OK,M,lies_on,AB
22,20,half_text + noisy_half_diagram[pixel_noise],OK,N,lies_on,CD
22,20,half_text + noisy_half_diagram[pixel_noise],OK,AM,has_measure,?
22,20,half_text + noisy_half_diagram[pixel_noise],OK,CN,has_measure,?
22,20,half_text + noisy_half_diagram[pixel_noise],OK,AM,has_measure,CN
22,20,half_text + noisy_half_diagram[pixel_noise],OK,MN,intersects,AC
22,20,half_text + noisy_half_diagram[pixel_noise],OK,MN,intersects,"AC, at, O"
22,20,half_text + noisy_half_diagram[pixel_noise],OK,BO,connects,"B, O"
22,20,half_text + noisy_half_diagram[pixel_noise],OK,∠DAC,has_measure,?
22,20,half_text + noisy_half_diagram[pixel_noise],OK,∠OBC,is_a,query_target
22,20,half_text + noisy_half_diagram[pixel_noise],OK,∠A,has_measure,28_deg
,,,,,,
25,20,half_text + noisy_half_diagram[pixel_noise],OK,E,is_a,point
25,20,half_text + noisy_half_diagram[pixel_noise],OK,A,is_a,point
25,20,half_text + noisy_half_diagram[pixel_noise],OK,F,is_a,point
25,20,half_text + noisy_half_diagram[pixel_noise],OK,B,is_a,point
25,20,half_text + noisy_half_diagram[pixel_noise],OK,C,is_a,point
25,20,half_text + noisy_half_diagram[pixel_noise],OK,EF,is_a,line
25,20,half_text + noisy_half_diagram[pixel_noise],OK,BC,is_a,line
25,20,half_text + noisy_half_diagram[pixel_noise],OK,AC,is_a,line
25,20,half_text + noisy_half_diagram[pixel_noise],OK,AB,is_a,line
25,20,half_text + noisy_half_diagram[pixel_noise],OK,∠ABC,is_a,angle
25,20,half_text + noisy_half_diagram[pixel_noise],OK,∠BAF,is_a,angle
25,20,half_text + noisy_half_diagram[pixel_noise],OK,50_deg,has_measure,∠ABC
25,20,half_text + noisy_half_diagram[pixel_noise],OK,EF,parallel_to,BC
25,20,half_text + noisy_half_diagram[pixel_noise],OK,AC,intersects,BC
25,20,half_text + noisy_half_diagram[pixel_noise],OK,AC,intersects,AB
25,20,half_text + noisy_half_diagram[pixel_noise],OK,A,lies_on,EF
25,20,half_text + noisy_half_diagram[pixel_noise],OK,B,lies_on,BC
25,20,half_text + noisy_half_diagram[pixel_noise],OK,C,lies_on,BC
,,,,,,
26,20,half_text + noisy_half_diagram[pixel_noise],OK,O,is_a,point
26,20,half_text + noisy_half_diagram[pixel_noise],OK,bamboo_pole,is_a,segment
26,20,half_text + noisy_half_diagram[pixel_noise],OK,flagpole,is_a,segment
26,20,half_text + noisy_half_diagram[pixel_noise],OK,bamboo_pole,has_measure,3.2_m
26,20,half_text + noisy_half_diagram[pixel_noise],OK,O,lies_on,ground
26,20,half_text + noisy_half_diagram[pixel_noise],OK,bamboo_pole,lies_on,ground
26,20,half_text + noisy_half_diagram[pixel_noise],OK,flagpole,lies_on,ground
26,20,half_text + noisy_half_diagram[pixel_noise],OK,bamboo_pole,intersects,ground
26,20,half_text + noisy_half_diagram[pixel_noise],OK,flagpole,intersects,ground
26,20,half_text + noisy_half_diagram[pixel_noise],OK,O,connects,bamboo_pole
26,20,half_text + noisy_half_diagram[pixel_noise],OK,O,connects,flagpole
26,20,half_text + noisy_half_diagram[pixel_noise],OK,bamboo_pole,parallel_to,flagpole
26,20,half_text + noisy_half_diagram[pixel_noise],OK,O_bamboo,is_a,point
26,20,half_text + noisy_half_diagram[pixel_noise],OK,O_flagpole,is_a,point
26,20,half_text + noisy_half_diagram[pixel_noise],OK,O_bamboo,lies_on,ground
26,20,half_text + noisy_half_diagram[pixel_noise],OK,O_flagpole,lies_on,ground
26,20,half_text + noisy_half_diagram[pixel_noise],OK,bamboo_pole,tangent_to,ground
26,20,half_text + noisy_half_diagram[pixel_noise],OK,flagpole,tangent_to,ground
26,20,half_text + noisy_half_diagram[pixel_noise],OK,bamboo_pole,has_measure,8.0_m
26,20,half_text + noisy_half_diagram[pixel_noise],OK,flagpole,has_measure,22.0_m
26,20,half_text + noisy_half_diagram[pixel_noise],OK,Bamboo_Pole,is_a,segment
26,20,half_text + noisy_half_diagram[pixel_noise],OK,Flagpole,is_a,segment
26,20,half_text + noisy_half_diagram[pixel_noise],OK,Bamboo_Pole,has_measure,3.2_m
26,20,half_text + noisy_half_diagram[pixel_noise],OK,Bamboo_Pole,lies_on,ground
26,20,half_text + noisy_half_diagram[pixel_noise],OK,Flagpole,lies_on,ground
26,20,half_text + noisy_half_diagram[pixel_noise],OK,O,connects,Bamboo_Pole
26,20,half_text + noisy_half_diagram[pixel_noise],OK,O,connects,Flagpole
26,20,half_text + noisy_half_diagram[pixel_noise],OK,Bamboo_Pole,parallel_to,Flagpole
26,20,half_text + noisy_half_diagram[pixel_noise],OK,Bamboo_Pole,has_length,8.0_m
26,20,half_text + noisy_half_diagram[pixel_noise],OK,Flagpole,has_length,22.0_m
26,20,half_text + noisy_half_diagram[pixel_noise],OK,bamboo_pole_distance,has_measure,8.0_m
26,20,half_text + noisy_half_diagram[pixel_noise],OK,flagpole_distance,has_measure,22.0_m
,,,,,,
29,20,half_text + noisy_half_diagram[pixel_noise],OK,A,is_a,point
29,20,half_text + noisy_half_diagram[pixel_noise],OK,B,is_a,point
29,20,half_text + noisy_half_diagram[pixel_noise],OK,C,is_a,point
29,20,half_text + noisy_half_diagram[pixel_noise],OK,D,is_a,point
29,20,half_text + noisy_half_diagram[pixel_noise],OK,A,lies_on,BC
29,20,half_text + noisy_half_diagram[pixel_noise],OK,B,lies_on,AC
29,20,half_text + noisy_half_diagram[pixel_noise],OK,C,lies_on,AB
29,20,half_text + noisy_half_diagram[pixel_noise],OK,BD,is_a,segment
29,20,half_text + noisy_half_diagram[pixel_noise],OK,CD,is_a,segment
29,20,half_text + noisy_half_diagram[pixel_noise],OK,∠A,is_a,angle
29,20,half_text + noisy_half_diagram[pixel_noise],OK,∠BDC,is_a,angle
29,20,half_text + noisy_half_diagram[pixel_noise],OK,∠A,has_measure,50_deg
29,20,half_text + noisy_half_diagram[pixel_noise],OK,BD,intersects,CD
29,20,half_text + noisy_half_diagram[pixel_noise],OK,BD,connects,"B, D"
29,20,half_text + noisy_half_diagram[pixel_noise],OK,CD,connects,"C, D"
,,,,,,
30,20,half_text + noisy_half_diagram[pixel_noise],OK,A,is_a,point
30,20,half_text + noisy_half_diagram[pixel_noise],OK,O,is_a,point
30,20,half_text + noisy_half_diagram[pixel_noise],OK,B,is_a,point
30,20,half_text + noisy_half_diagram[pixel_noise],OK,C,is_a,point
30,20,half_text + noisy_half_diagram[pixel_noise],OK,AO,is_a,segment
30,20,half_text + noisy_half_diagram[pixel_noise],OK,OB,is_a,segment
30,20,half_text + noisy_half_diagram[pixel_noise],OK,OC,is_a,segment
30,20,half_text + noisy_half_diagram[pixel_noise],OK,O,center_of,?
30,20,half_text + noisy_half_diagram[pixel_noise],OK,OA,has_measure,?
30,20,half_text + noisy_half_diagram[pixel_noise],OK,OB,has_measure,?
30,20,half_text + noisy_half_diagram[pixel_noise],OK,OC,has_measure,?
30,20,half_text + noisy_half_diagram[pixel_noise],OK,OA,equals,OB
30,20,half_text + noisy_half_diagram[pixel_noise],OK,OB,equals,OC
30,20,half_text + noisy_half_diagram[pixel_noise],OK,OC,equals,OA
30,20,half_text + noisy_half_diagram[pixel_noise],OK,∠ACB,has_measure,30_deg
,,,,,,
32,20,half_text + noisy_half_diagram[pixel_noise],OK,I,is_a,circle
32,20,half_text + noisy_half_diagram[pixel_noise],OK,D,is_a,point
32,20,half_text + noisy_half_diagram[pixel_noise],OK,E,is_a,point
32,20,half_text + noisy_half_diagram[pixel_noise],OK,F,is_a,point
32,20,half_text + noisy_half_diagram[pixel_noise],OK,ID,is_a,"radius_of, Circle I"
32,20,half_text + noisy_half_diagram[pixel_noise],OK,IE,is_a,"radius_of, Circle I"
32,20,half_text + noisy_half_diagram[pixel_noise],OK,IF,is_a,"radius_of, Circle I"
32,20,half_text + noisy_half_diagram[pixel_noise],OK,∠EID,has_measure,52_deg
32,20,half_text + noisy_half_diagram[pixel_noise],OK,A,is_a,point
32,20,half_text + noisy_half_diagram[pixel_noise],OK,B,is_a,point
32,20,half_text + noisy_half_diagram[pixel_noise],OK,C,is_a,point
32,20,half_text + noisy_half_diagram[pixel_noise],OK,I,is_a,point
32,20,half_text + noisy_half_diagram[pixel_noise],OK,D,lies_on,line
32,20,half_text + noisy_half_diagram[pixel_noise],OK,E,lies_on,line
32,20,half_text + noisy_half_diagram[pixel_noise],OK,F,lies_on,line
32,20,half_text + noisy_half_diagram[pixel_noise],OK,ID,tangent_to,circle
32,20,half_text + noisy_half_diagram[pixel_noise],OK,IE,tangent_to,circle
32,20,half_text + noisy_half_diagram[pixel_noise],OK,IF,tangent_to,circle
32,20,half_text + noisy_half_diagram[pixel_noise],OK,DI,lies_on,line
32,20,half_text + noisy_half_diagram[pixel_noise],OK,EI,lies_on,line
32,20,half_text + noisy_half_diagram[pixel_noise],OK,FI,lies_on,line
32,20,half_text + noisy_half_diagram[pixel_noise],OK,Circle I,is_a,circle
32,20,half_text + noisy_half_diagram[pixel_noise],OK,D,tangent_to,Circle I
32,20,half_text + noisy_half_diagram[pixel_noise],OK,E,tangent_to,Circle I
32,20,half_text + noisy_half_diagram[pixel_noise],OK,F,tangent_to,Circle I
,,,,,,
34,20,half_text + noisy_half_diagram[pixel_noise],OK,A,is_a,point
34,20,half_text + noisy_half_diagram[pixel_noise],OK,B,is_a,point
34,20,half_text + noisy_half_diagram[pixel_noise],OK,C,is_a,point
34,20,half_text + noisy_half_diagram[pixel_noise],OK,D,is_a,point
34,20,half_text + noisy_half_diagram[pixel_noise],OK,E,is_a,point
34,20,half_text + noisy_half_diagram[pixel_noise],OK,F,is_a,point
34,20,half_text + noisy_half_diagram[pixel_noise],OK,AB,is_a,line
34,20,half_text + noisy_half_diagram[pixel_noise],OK,CD,is_a,line
34,20,half_text + noisy_half_diagram[pixel_noise],OK,EF,is_a,line
34,20,half_text + noisy_half_diagram[pixel_noise],OK,∠CQF,is_a,angle
34,20,half_text + noisy_half_diagram[pixel_noise],OK,100°,has_measure,∠EPD
34,20,half_text + noisy_half_diagram[pixel_noise],OK,AB,parallel_to,CD
34,20,half_text + noisy_half_diagram[pixel_noise],OK,EF,intersects,AB
34,20,half_text + noisy_half_diagram[pixel_noise],OK,EF,intersects,CD
,,,,,,
36,20,half_text + noisy_half_diagram[pixel_noise],OK,A,is_a,point
36,20,half_text + noisy_half_diagram[pixel_noise],OK,O,is_a,point
36,20,half_text + noisy_half_diagram[pixel_noise],OK,B,is_a,point
36,20,half_text + noisy_half_diagram[pixel_noise],OK,C,is_a,point
36,20,half_text + noisy_half_diagram[pixel_noise],OK,D,is_a,point
36,20,half_text + noisy_half_diagram[pixel_noise],OK,AB,is_a,segment
36,20,half_text + noisy_half_diagram[pixel_noise],OK,∠CAB,is_a,angle
36,20,half_text + noisy_half_diagram[pixel_noise],OK,∠CDB,is_a,angle
36,20,half_text + noisy_half_diagram[pixel_noise],OK,CD,is_a,segment
36,20,half_text + noisy_half_diagram[pixel_noise],OK,OC,is_a,segment
36,20,half_text + noisy_half_diagram[pixel_noise],OK,OD,is_a,segment
36,20,half_text + noisy_half_diagram[pixel_noise],OK,AB,lies_on,circle O
36,20,half_text + noisy_half_diagram[pixel_noise],OK,C,lies_on,circle O
36,20,half_text + noisy_half_diagram[pixel_noise],OK,CD,tangent_to,circle O
36,20,half_text + noisy_half_diagram[pixel_noise],OK,∠CDB,has_measure,50_deg
36,20,half_text + noisy_half_diagram[pixel_noise],OK,AB,diameter_of,circle O
36,20,half_text + noisy_half_diagram[pixel_noise],OK,O,center_of,circle O
,,,,,,
37,20,half_text + noisy_half_diagram[pixel_noise],OK,A,is_a,point
37,20,half_text + noisy_half_diagram[pixel_noise],OK,B,is_a,point
37,20,half_text + noisy_half_diagram[pixel_noise],OK,C,is_a,point
37,20,half_text + noisy_half_diagram[pixel_noise],OK,D,is_a,point
37,20,half_text + noisy_half_diagram[pixel_noise],OK,O,is_a,point
37,20,half_text + noisy_half_diagram[pixel_noise],OK,P,is_a,point
37,20,half_text + noisy_half_diagram[pixel_noise],OK,AB,is_a,line
37,20,half_text + noisy_half_diagram[pixel_noise],OK,CD,is_a,line
37,20,half_text + noisy_half_diagram[pixel_noise],OK,CP,is_a,line
37,20,half_text + noisy_half_diagram[pixel_noise],OK,AB,parallel_to,CD
37,20,half_text + noisy_half_diagram[pixel_noise],OK,CP,intersects,AB
37,20,half_text + noisy_half_diagram[pixel_noise],OK,AO,is_a,segment
37,20,half_text + noisy_half_diagram[pixel_noise],OK,PO,is_a,segment
37,20,half_text + noisy_half_diagram[pixel_noise],OK,AO,has_measure,?
37,20,half_text + noisy_half_diagram[pixel_noise],OK,PO,has_measure,?
37,20,half_text + noisy_half_diagram[pixel_noise],OK,AO,equals,PO
37,20,half_text + noisy_half_diagram[pixel_noise],OK,∠COD,has_measure,50_deg
,,,,,,
38,20,half_text + noisy_half_diagram[pixel_noise],OK,A,is_a,point
38,20,half_text + noisy_half_diagram[pixel_noise],OK,B,is_a,point
38,20,half_text + noisy_half_diagram[pixel_noise],OK,C,is_a,point
38,20,half_text + noisy_half_diagram[pixel_noise],OK,D,is_a,point
38,20,half_text + noisy_half_diagram[pixel_noise],OK,A,lies_on,AD
38,20,half_text + noisy_half_diagram[pixel_noise],OK,B,lies_on,BC
38,20,half_text + noisy_half_diagram[pixel_noise],OK,C,lies_on,BC
38,20,half_text + noisy_half_diagram[pixel_noise],OK,AB,is_a,segment
38,20,half_text + noisy_half_diagram[pixel_noise],OK,AC,is_a,segment
38,20,half_text + noisy_half_diagram[pixel_noise],OK,BC,is_a,segment
38,20,half_text + noisy_half_diagram[pixel_noise],OK,AD,is_a,line
38,20,half_text + noisy_half_diagram[pixel_noise],OK,AD,parallel_to,BC
38,20,half_text + noisy_half_diagram[pixel_noise],OK,AB,has_measure,?
38,20,half_text + noisy_half_diagram[pixel_noise],OK,AC,has_measure,?
38,20,half_text + noisy_half_diagram[pixel_noise],OK,BC,has_measure,?
38,20,half_text + noisy_half_diagram[pixel_noise],OK,AD,has_measure,?
38,20,half_text + noisy_half_diagram[pixel_noise],OK,∠BAC,has_measure,?
38,20,half_text + noisy_half_diagram[pixel_noise],OK,∠BAC,is_a,angle
,,,,,,
40,20,half_text + noisy_half_diagram[pixel_noise],OK,A,is_a,point
40,20,half_text + noisy_half_diagram[pixel_noise],OK,a,is_a,line
40,20,half_text + noisy_half_diagram[pixel_noise],OK,b,is_a,line
40,20,half_text + noisy_half_diagram[pixel_noise],OK,c,is_a,line
40,20,half_text + noisy_half_diagram[pixel_noise],OK,∠1,is_a,angle
40,20,half_text + noisy_half_diagram[pixel_noise],OK,∠2,is_a,angle
40,20,half_text + noisy_half_diagram[pixel_noise],OK,a,parallel_to,b
40,20,half_text + noisy_half_diagram[pixel_noise],OK,∠1,has_measure,50_deg
40,20,half_text + noisy_half_diagram[pixel_noise],OK,∠1,lies_on,c
40,20,half_text + noisy_half_diagram[pixel_noise],OK,∠2,lies_on,c
,,,,,,
43,20,half_text + noisy_half_diagram[pixel_noise],OK,O,is_a,point
43,20,half_text + noisy_half_diagram[pixel_noise],OK,A,is_a,point
43,20,half_text + noisy_half_diagram[pixel_noise],OK,B,is_a,point
43,20,half_text + noisy_half_diagram[pixel_noise],OK,D,is_a,point
43,20,half_text + noisy_half_diagram[pixel_noise],OK,C,is_a,point
43,20,half_text + noisy_half_diagram[pixel_noise],OK,OA,is_a,segment
43,20,half_text + noisy_half_diagram[pixel_noise],OK,OB,is_a,segment
43,20,half_text + noisy_half_diagram[pixel_noise],OK,OD,is_a,segment
43,20,half_text + noisy_half_diagram[pixel_noise],OK,OC,is_a,segment
43,20,half_text + noisy_half_diagram[pixel_noise],OK,AB,is_a,segment
43,20,half_text + noisy_half_diagram[pixel_noise],OK,D,lies_on,AB
43,20,half_text + noisy_half_diagram[pixel_noise],OK,∠AOD,is_a,angle
43,20,half_text + noisy_half_diagram[pixel_noise],OK,∠AOD,has_measure,30_deg
43,20,half_text + noisy_half_diagram[pixel_noise],OK,Triangle OAB,is_a,triangle
43,20,half_text + noisy_half_diagram[pixel_noise],OK,Triangle ODC,is_a,triangle
43,20,half_text + noisy_half_diagram[pixel_noise],OK,Triangle OAB,rotated_about,O
43,20,half_text + noisy_half_diagram[pixel_noise],OK,Triangle OAB,rotated_to,Triangle ODC
43,20,half_text + noisy_half_diagram[pixel_noise],OK,Triangle ODC,rotated_about,O
43,20,half_text + noisy_half_diagram[pixel_noise],OK,∠DOB,is_a,angle
,,,,,,
44,20,half_text + noisy_half_diagram[pixel_noise],OK,A,is_a,point
44,20,half_text + noisy_half_diagram[pixel_noise],OK,B,is_a,point
44,20,half_text + noisy_half_diagram[pixel_noise],OK,AB,is_a,segment
44,20,half_text + noisy_half_diagram[pixel_noise],OK,25,has_measure,length
44,20,half_text + noisy_half_diagram[pixel_noise],OK,30,has_measure,length
44,20,half_text + noisy_half_diagram[pixel_noise],OK,1.5,has_measure,height
44,20,half_text + noisy_half_diagram[pixel_noise],OK,A,lies_on,ground
44,20,half_text + noisy_half_diagram[pixel_noise],OK,B,lies_on,ground
44,20,half_text + noisy_half_diagram[pixel_noise],OK,?,has_measure,height
44,20,half_text + noisy_half_diagram[pixel_noise],OK,AB,has_measure,?
44,20,half_text + noisy_half_diagram[pixel_noise],OK,Xiaogang's height,has_measure,1.5_units
,,,,,,
45,20,half_text + noisy_half_diagram[pixel_noise],OK,A,is_a,point
45,20,half_text + noisy_half_diagram[pixel_noise],OK,B,is_a,point
45,20,half_text + noisy_half_diagram[pixel_noise],OK,C,is_a,point
45,20,half_text + noisy_half_diagram[pixel_noise],OK,O,is_a,point
45,20,half_text + noisy_half_diagram[pixel_noise],OK,O,center_of,circle
45,20,half_text + noisy_half_diagram[pixel_noise],OK,A,lies_on,circle
45,20,half_text + noisy_half_diagram[pixel_noise],OK,B,lies_on,circle
45,20,half_text + noisy_half_diagram[pixel_noise],OK,C,lies_on,circle
45,20,half_text + noisy_half_diagram[pixel_noise],OK,∠AOB,is_a,angle
45,20,half_text + noisy_half_diagram[pixel_noise],OK,∠OBC,has_measure,35_deg
45,20,half_text + noisy_half_diagram[pixel_noise],OK,AB,is_a,segment
45,20,half_text + noisy_half_diagram[pixel_noise],OK,BC,is_a,segment
45,20,half_text + noisy_half_diagram[pixel_noise],OK,AC,is_a,segment
45,20,half_text + noisy_half_diagram[pixel_noise],OK,OA,is_a,"radius_of, circle"
45,20,half_text + noisy_half_diagram[pixel_noise],OK,OB,is_a,"radius_of, circle"
45,20,half_text + noisy_half_diagram[pixel_noise],OK,OC,is_a,"radius_of, circle"
45,20,half_text + noisy_half_diagram[pixel_noise],OK,∠BOC,has_measure,?
45,20,half_text + noisy_half_diagram[pixel_noise],OK,- A,B,"C, O are points."
,,,,,,
46,20,half_text + noisy_half_diagram[pixel_noise],OK,A,is_a,point
46,20,half_text + noisy_half_diagram[pixel_noise],OK,A,lies_on,AB
46,20,half_text + noisy_half_diagram[pixel_noise],OK,B,is_a,point
46,20,half_text + noisy_half_diagram[pixel_noise],OK,B,lies_on,AB
46,20,half_text + noisy_half_diagram[pixel_noise],OK,C,is_a,point
46,20,half_text + noisy_half_diagram[pixel_noise],OK,C,lies_on,CD
46,20,half_text + noisy_half_diagram[pixel_noise],OK,D,is_a,point
46,20,half_text + noisy_half_diagram[pixel_noise],OK,D,lies_on,CD
46,20,half_text + noisy_half_diagram[pixel_noise],OK,AB,is_a,line
46,20,half_text + noisy_half_diagram[pixel_noise],OK,CD,is_a,line
46,20,half_text + noisy_half_diagram[pixel_noise],OK,AB,parallel_to,CD
46,20,half_text + noisy_half_diagram[pixel_noise],OK,AE,is_a,line
46,20,half_text + noisy_half_diagram[pixel_noise],OK,AE,intersects,AB
46,20,half_text + noisy_half_diagram[pixel_noise],OK,AE,intersects,CD
46,20,half_text + noisy_half_diagram[pixel_noise],OK,∠EAB,is_a,angle
46,20,half_text + noisy_half_diagram[pixel_noise],OK,∠EAB,has_measure,70_deg
,,,,,,
48,20,half_text + noisy_half_diagram[pixel_noise],OK,O,is_a,point
48,20,half_text + noisy_half_diagram[pixel_noise],OK,B,is_a,point
48,20,half_text + noisy_half_diagram[pixel_noise],OK,C,is_a,point
48,20,half_text + noisy_half_diagram[pixel_noise],OK,A,is_a,point
48,20,half_text + noisy_half_diagram[pixel_noise],OK,O,center_of,circle
48,20,half_text + noisy_half_diagram[pixel_noise],OK,B,lies_on,circle
48,20,half_text + noisy_half_diagram[pixel_noise],OK,C,lies_on,circle
48,20,half_text + noisy_half_diagram[pixel_noise],OK,A,lies_on,circle
48,20,half_text + noisy_half_diagram[pixel_noise],OK,∠BOC,is_a,angle
48,20,half_text + noisy_half_diagram[pixel_noise],OK,∠BOC,has_measure,100_deg
,,,,,,
49,20,half_text + noisy_half_diagram[pixel_noise],OK,O,is_a,point
49,20,half_text + noisy_half_diagram[pixel_noise],OK,B,is_a,point
49,20,half_text + noisy_half_diagram[pixel_noise],OK,C,is_a,point
49,20,half_text + noisy_half_diagram[pixel_noise],OK,D,is_a,point
49,20,half_text + noisy_half_diagram[pixel_noise],OK,E,is_a,point
49,20,half_text + noisy_half_diagram[pixel_noise],OK,AO,is_a,segment
49,20,half_text + noisy_half_diagram[pixel_noise],OK,OB,is_a,segment
49,20,half_text + noisy_half_diagram[pixel_noise],OK,OC,is_a,segment
49,20,half_text + noisy_half_diagram[pixel_noise],OK,OD,is_a,segment
49,20,half_text + noisy_half_diagram[pixel_noise],OK,OE,is_a,segment
49,20,half_text + noisy_half_diagram[pixel_noise],OK,AB,is_a,segment
49,20,half_text + noisy_half_diagram[pixel_noise],OK,BC,is_a,segment
49,20,half_text + noisy_half_diagram[pixel_noise],OK,CD,is_a,segment
49,20,half_text + noisy_half_diagram[pixel_noise],OK,DE,is_a,segment
49,20,half_text + noisy_half_diagram[pixel_noise],OK,EA,is_a,segment
49,20,half_text + noisy_half_diagram[pixel_noise],OK,∠AOE,is_a,angle
49,20,half_text + noisy_half_diagram[pixel_noise],OK,∠AOE,has_measure,30_deg
49,20,half_text + noisy_half_diagram[pixel_noise],OK,∠AED,is_a,angle
49,20,half_text + noisy_half_diagram[pixel_noise],OK,∠AED,has_measure,115_deg
49,20,half_text + noisy_half_diagram[pixel_noise],OK,O,center_of,circle
49,20,half_text + noisy_half_diagram[pixel_noise],OK,A,lies_on,circle
49,20,half_text + noisy_half_diagram[pixel_noise],OK,B,lies_on,circle
49,20,half_text + noisy_half_diagram[pixel_noise],OK,C,lies_on,circle
49,20,half_text + noisy_half_diagram[pixel_noise],OK,D,lies_on,circle
49,20,half_text + noisy_half_diagram[pixel_noise],OK,E,lies_on,circle
,,,,,,
50,20,half_text + noisy_half_diagram[pixel_noise],OK,A,is_a,point
50,20,half_text + noisy_half_diagram[pixel_noise],OK,B,is_a,point
50,20,half_text + noisy_half_diagram[pixel_noise],OK,C,is_a,point
50,20,half_text + noisy_half_diagram[pixel_noise],OK,D,is_a,point
50,20,half_text + noisy_half_diagram[pixel_noise],OK,E,is_a,point
50,20,half_text + noisy_half_diagram[pixel_noise],OK,O,is_a,point
50,20,half_text + noisy_half_diagram[pixel_noise],OK,AB,is_a,segment
50,20,half_text + noisy_half_diagram[pixel_noise],OK,CD,is_a,segment
50,20,half_text + noisy_half_diagram[pixel_noise],OK,EO,is_a,segment
50,20,half_text + noisy_half_diagram[pixel_noise],OK,∠COE,is_a,angle
50,20,half_text + noisy_half_diagram[pixel_noise],OK,AB,intersects,CD
50,20,half_text + noisy_half_diagram[pixel_noise],OK,EO,perpendicular_to,AB
50,20,half_text + noisy_half_diagram[pixel_noise],OK,EO,connects,"E, O"
50,20,half_text + noisy_half_diagram[pixel_noise],OK,∠BOE,has_measure,90_deg
50,20,half_text + noisy_half_diagram[pixel_noise],OK,∠BOD,has_measure,50_deg
,,,,,,
53,20,half_text + noisy_half_diagram[pixel_noise],OK,P,is_a,point
53,20,half_text + noisy_half_diagram[pixel_noise],OK,a,is_a,line
53,20,half_text + noisy_half_diagram[pixel_noise],OK,b,is_a,line
53,20,half_text + noisy_half_diagram[pixel_noise],OK,c,is_a,line
53,20,half_text + noisy_half_diagram[pixel_noise],OK,P,lies_on,c
53,20,half_text + noisy_half_diagram[pixel_noise],OK,Q,lies_on,c
53,20,half_text + noisy_half_diagram[pixel_noise],OK,a,parallel_to,b
53,20,half_text + noisy_half_diagram[pixel_noise],OK,∠1,is_a,angle
53,20,half_text + noisy_half_diagram[pixel_noise],OK,∠1,has_measure,55_deg
53,20,half_text + noisy_half_diagram[pixel_noise],OK,∠1,lies_on,c
53,20,half_text + noisy_half_diagram[pixel_noise],OK,c,intersects,a
53,20,half_text + noisy_half_diagram[pixel_noise],OK,c,intersects,b
,,,,,,
55,20,half_text + noisy_half_diagram[pixel_noise],OK,A,is_a,point
55,20,half_text + noisy_half_diagram[pixel_noise],OK,B,is_a,point
55,20,half_text + noisy_half_diagram[pixel_noise],OK,C,is_a,point
55,20,half_text + noisy_half_diagram[pixel_noise],OK,D,is_a,point
55,20,half_text + noisy_half_diagram[pixel_noise],OK,M,is_a,point
55,20,half_text + noisy_half_diagram[pixel_noise],OK,N,is_a,point
55,20,half_text + noisy_half_diagram[pixel_noise],OK,O,is_a,point
55,20,half_text + noisy_half_diagram[pixel_noise],OK,AB,is_a,segment
55,20,half_text + noisy_half_diagram[pixel_noise],OK,CD,is_a,segment
55,20,half_text + noisy_half_diagram[pixel_noise],OK,OM,is_a,segment
55,20,half_text + noisy_half_diagram[pixel_noise],OK,ON,is_a,segment
55,20,half_text + noisy_half_diagram[pixel_noise],OK,AO,is_a,segment
55,20,half_text + noisy_half_diagram[pixel_noise],OK,OC,is_a,segment
55,20,half_text + noisy_half_diagram[pixel_noise],OK,OD,is_a,segment
55,20,half_text + noisy_half_diagram[pixel_noise],OK,∠AOC,is_a,angle
55,20,half_text + noisy_half_diagram[pixel_noise],OK,∠CON,is_a,angle
55,20,half_text + noisy_half_diagram[pixel_noise],OK,OM,lies_on,CD
55,20,half_text + noisy_half_diagram[pixel_noise],OK,ON,lies_on,CD
55,20,half_text + noisy_half_diagram[pixel_noise],OK,O,lies_on,AB
55,20,half_text + noisy_half_diagram[pixel_noise],OK,O,lies_on,CD
55,20,half_text + noisy_half_diagram[pixel_noise],OK,A,lies_on,AB
55,20,half_text + noisy_half_diagram[pixel_noise],OK,B,lies_on,AB
55,20,half_text + noisy_half_diagram[pixel_noise],OK,C,lies_on,CD
55,20,half_text + noisy_half_diagram[pixel_noise],OK,D,lies_on,CD
55,20,half_text + noisy_half_diagram[pixel_noise],OK,OM,intersects,AB
55,20,half_text + noisy_half_diagram[pixel_noise],OK,OM,intersects,CD
55,20,half_text + noisy_half_diagram[pixel_noise],OK,ON,intersects,CD
55,20,half_text + noisy_half_diagram[pixel_noise],OK,∠AOM,has_measure,70_deg
55,20,half_text + noisy_half_diagram[pixel_noise],OK,OM,bisects,∠AOC
55,20,half_text + noisy_half_diagram[pixel_noise],OK,ON,perpendicular_to,OM
,,,,,,
56,20,half_text + noisy_half_diagram[pixel_noise],OK,O,is_a,point
56,20,half_text + noisy_half_diagram[pixel_noise],OK,C,is_a,point
56,20,half_text + noisy_half_diagram[pixel_noise],OK,D,is_a,point
56,20,half_text + noisy_half_diagram[pixel_noise],OK,E,is_a,point
56,20,half_text + noisy_half_diagram[pixel_noise],OK,F,is_a,point
56,20,half_text + noisy_half_diagram[pixel_noise],OK,CD,is_a,segment
56,20,half_text + noisy_half_diagram[pixel_noise],OK,EF,is_a,segment
56,20,half_text + noisy_half_diagram[pixel_noise],OK,∠EOC,is_a,angle
56,20,half_text + noisy_half_diagram[pixel_noise],OK,O,center_of,circle
56,20,half_text + noisy_half_diagram[pixel_noise],OK,CD,diameter_of,circle
56,20,half_text + noisy_half_diagram[pixel_noise],OK,EF,chord_of,circle
56,20,half_text + noisy_half_diagram[pixel_noise],OK,CD,intersects,EF
56,20,half_text + noisy_half_diagram[pixel_noise],OK,G,is_a,point
56,20,half_text + noisy_half_diagram[pixel_noise],OK,CD,lies_on,G
56,20,half_text + noisy_half_diagram[pixel_noise],OK,EF,lies_on,G
56,20,half_text + noisy_half_diagram[pixel_noise],OK,CD,has_measure,?
56,20,half_text + noisy_half_diagram[pixel_noise],OK,EF,has_measure,?
56,20,half_text + noisy_half_diagram[pixel_noise],OK,∠EOC,has_measure,20_deg
,,,,,,
57,20,half_text + noisy_half_diagram[pixel_noise],OK,A,is_a,point
57,20,half_text + noisy_half_diagram[pixel_noise],OK,B,is_a,point
57,20,half_text + noisy_half_diagram[pixel_noise],OK,C,is_a,point
57,20,half_text + noisy_half_diagram[pixel_noise],OK,D,is_a,point
57,20,half_text + noisy_half_diagram[pixel_noise],OK,AB,is_a,segment
57,20,half_text + noisy_half_diagram[pixel_noise],OK,BC,is_a,segment
57,20,half_text + noisy_half_diagram[pixel_noise],OK,CD,is_a,segment
57,20,half_text + noisy_half_diagram[pixel_noise],OK,AD,is_a,segment
57,20,half_text + noisy_half_diagram[pixel_noise],OK,∠B,is_a,angle
57,20,half_text + noisy_half_diagram[pixel_noise],OK,AB,parallel_to,CD
57,20,half_text + noisy_half_diagram[pixel_noise],OK,AD,intersects,AB
57,20,half_text + noisy_half_diagram[pixel_noise],OK,AD,intersects,CD
57,20,half_text + noisy_half_diagram[pixel_noise],OK,BC,intersects,AD
57,20,half_text + noisy_half_diagram[pixel_noise],OK,BC,intersects,CD
57,20,half_text + noisy_half_diagram[pixel_noise],OK,∠B,has_measure,20_deg
,,,,,,
58,20,half_text + noisy_half_diagram[pixel_noise],OK,A,is_a,point
58,20,half_text + noisy_half_diagram[pixel_noise],OK,B,is_a,point
58,20,half_text + noisy_half_diagram[pixel_noise],OK,C,is_a,point
58,20,half_text + noisy_half_diagram[pixel_noise],OK,D,is_a,point
58,20,half_text + noisy_half_diagram[pixel_noise],OK,E,is_a,point
58,20,half_text + noisy_half_diagram[pixel_noise],OK,AB,is_a,segment
58,20,half_text + noisy_half_diagram[pixel_noise],OK,CD,is_a,segment
58,20,half_text + noisy_half_diagram[pixel_noise],OK,EC,is_a,segment
58,20,half_text + noisy_half_diagram[pixel_noise],OK,ED,is_a,segment
58,20,half_text + noisy_half_diagram[pixel_noise],OK,∠AEC,is_a,angle
58,20,half_text + noisy_half_diagram[pixel_noise],OK,AB,parallel_to,CD
58,20,half_text + noisy_half_diagram[pixel_noise],OK,E,lies_on,AB
58,20,half_text + noisy_half_diagram[pixel_noise],OK,EC,connects,"E, C"
58,20,half_text + noisy_half_diagram[pixel_noise],OK,ED,connects,"E, D"
58,20,half_text + noisy_half_diagram[pixel_noise],OK,∠AEC,has_measure,90_deg
58,20,half_text + noisy_half_diagram[pixel_noise],OK,∠CED,is_a,angle
58,20,half_text + noisy_half_diagram[pixel_noise],OK,∠CED,has_measure,90_deg
58,20,half_text + noisy_half_diagram[pixel_noise],OK,∠D,has_measure,?
58,20,half_text + noisy_half_diagram[pixel_noise],OK,∠D,is_a,angle
,,,,,,
59,20,half_text + noisy_half_diagram[pixel_noise],OK,A,is_a,point
59,20,half_text + noisy_half_diagram[pixel_noise],OK,B,is_a,point
59,20,half_text + noisy_half_diagram[pixel_noise],OK,C,is_a,point
59,20,half_text + noisy_half_diagram[pixel_noise],OK,D,is_a,point
59,20,half_text + noisy_half_diagram[pixel_noise],OK,A,lies_on,line AB
59,20,half_text + noisy_half_diagram[pixel_noise],OK,B,lies_on,line AB
59,20,half_text + noisy_half_diagram[pixel_noise],OK,C,lies_on,line CD
59,20,half_text + noisy_half_diagram[pixel_noise],OK,D,lies_on,line CD
59,20,half_text + noisy_half_diagram[pixel_noise],OK,AD,is_a,line
59,20,half_text + noisy_half_diagram[pixel_noise],OK,∠CAD,has_measure,40_deg
59,20,half_text + noisy_half_diagram[pixel_noise],OK,∠BAC,has_measure,80_deg
59,20,half_text + noisy_half_diagram[pixel_noise],OK,AD,intersects,line CD
59,20,half_text + noisy_half_diagram[pixel_noise],OK,AD,intersects,line AB
59,20,half_text + noisy_half_diagram[pixel_noise],OK,Line AB,parallel_to,line CD
59,20,half_text + noisy_half_diagram[pixel_noise],OK,AD,bisects,∠BAC
,,,,,,
60,20,half_text + noisy_half_diagram[pixel_noise],OK,A,is_a,point
60,20,half_text + noisy_half_diagram[pixel_noise],OK,B,is_a,point
60,20,half_text + noisy_half_diagram[pixel_noise],OK,C,is_a,point
60,20,half_text + noisy_half_diagram[pixel_noise],OK,D,is_a,point
60,20,half_text + noisy_half_diagram[pixel_noise],OK,E,is_a,point
60,20,half_text + noisy_half_diagram[pixel_noise],OK,F,is_a,point
60,20,half_text + noisy_half_diagram[pixel_noise],OK,P,is_a,point
60,20,half_text + noisy_half_diagram[pixel_noise],OK,AB,is_a,line
60,20,half_text + noisy_half_diagram[pixel_noise],OK,CD,is_a,line
60,20,half_text + noisy_half_diagram[pixel_noise],OK,EF,is_a,line
60,20,half_text + noisy_half_diagram[pixel_noise],OK,AB,parallel_to,CD
60,20,half_text + noisy_half_diagram[pixel_noise],OK,EF,intersects,AB
60,20,half_text + noisy_half_diagram[pixel_noise],OK,EF,intersects,CD
60,20,half_text + noisy_half_diagram[pixel_noise],OK,∠2,is_a,angle
60,20,half_text + noisy_half_diagram[pixel_noise],OK,∠2,has_measure,135_deg
60,20,half_text + noisy_half_diagram[pixel_noise],OK,∠1,is_a,angle
,,,,,,
64,20,half_text + noisy_half_diagram[pixel_noise],OK,O,is_a,point
64,20,half_text + noisy_half_diagram[pixel_noise],OK,A,is_a,point
64,20,half_text + noisy_half_diagram[pixel_noise],OK,B,is_a,point
64,20,half_text + noisy_half_diagram[pixel_noise],OK,AB,is_a,segment
64,20,half_text + noisy_half_diagram[pixel_noise],OK,O,lies_on,AB
64,20,half_text + noisy_half_diagram[pixel_noise],OK,A,lies_on,circle
64,20,half_text + noisy_half_diagram[pixel_noise],OK,B,lies_on,circle
64,20,half_text + noisy_half_diagram[pixel_noise],OK,AB,has_measure,160_units
64,20,half_text + noisy_half_diagram[pixel_noise],OK,diameter_of_circle,has_measure,200_units
64,20,half_text + noisy_half_diagram[pixel_noise],OK,radius_of_circle,has_measure,100_units
,,,,,,
72,20,half_text + noisy_half_diagram[pixel_noise],OK,A,is_a,point
72,20,half_text + noisy_half_diagram[pixel_noise],OK,B,is_a,point
72,20,half_text + noisy_half_diagram[pixel_noise],OK,C,is_a,point
72,20,half_text + noisy_half_diagram[pixel_noise],OK,D,is_a,point
72,20,half_text + noisy_half_diagram[pixel_noise],OK,E,is_a,point
72,20,half_text + noisy_half_diagram[pixel_noise],OK,O,is_a,point
72,20,half_text + noisy_half_diagram[pixel_noise],OK,AB,is_a,segment
72,20,half_text + noisy_half_diagram[pixel_noise],OK,BC,is_a,segment
72,20,half_text + noisy_half_diagram[pixel_noise],OK,CD,is_a,segment
72,20,half_text + noisy_half_diagram[pixel_noise],OK,DA,is_a,segment
72,20,half_text + noisy_half_diagram[pixel_noise],OK,AC,is_a,segment
72,20,half_text + noisy_half_diagram[pixel_noise],OK,BD,is_a,segment
72,20,half_text + noisy_half_diagram[pixel_noise],OK,OE,is_a,segment
72,20,half_text + noisy_half_diagram[pixel_noise],OK,ABCD,is_a,parallelogram
72,20,half_text + noisy_half_diagram[pixel_noise],OK,O,is_a,"intersection_of, BD"
72,20,half_text + noisy_half_diagram[pixel_noise],OK,O,is_a,"intersection_of, AC"
72,20,half_text + noisy_half_diagram[pixel_noise],OK,E,lies_on,AD
72,20,half_text + noisy_half_diagram[pixel_noise],OK,OE,is_perpendicular_to,AC
72,20,half_text + noisy_half_diagram[pixel_noise],OK,AB + BC + CD + DA,has_measure,16_units
,,,,,,
73,20,half_text + noisy_half_diagram[pixel_noise],OK,C,is_a,point
73,20,half_text + noisy_half_diagram[pixel_noise],OK,AB,is_a,segment
73,20,half_text + noisy_half_diagram[pixel_noise],OK,BC,is_a,segment
73,20,half_text + noisy_half_diagram[pixel_noise],OK,AC,is_a,segment
73,20,half_text + noisy_half_diagram[pixel_noise],OK,∠ABC,is_a,angle
73,20,half_text + noisy_half_diagram[pixel_noise],OK,∠ABC,has_measure,70_deg
73,20,half_text + noisy_half_diagram[pixel_noise],OK,A,lies_on,circle
73,20,half_text + noisy_half_diagram[pixel_noise],OK,B,lies_on,circle
73,20,half_text + noisy_half_diagram[pixel_noise],OK,C,lies_on,circle
,,,,,,
78,20,half_text + noisy_half_diagram[pixel_noise],OK,A,is_a,point
78,20,half_text + noisy_half_diagram[pixel_noise],OK,B,is_a,point
78,20,half_text + noisy_half_diagram[pixel_noise],OK,C,is_a,point
78,20,half_text + noisy_half_diagram[pixel_noise],OK,D,is_a,point
78,20,half_text + noisy_half_diagram[pixel_noise],OK,E,is_a,point
78,20,half_text + noisy_half_diagram[pixel_noise],OK,AE,is_a,segment
78,20,half_text + noisy_half_diagram[pixel_noise],OK,AB,is_a,line
78,20,half_text + noisy_half_diagram[pixel_noise],OK,CD,is_a,line
78,20,half_text + noisy_half_diagram[pixel_noise],OK,AB,parallel_to,CD
78,20,half_text + noisy_half_diagram[pixel_noise],OK,AE,intersects,CD
78,20,half_text + noisy_half_diagram[pixel_noise],OK,∠CAB,is_a,angle
78,20,half_text + noisy_half_diagram[pixel_noise],OK,AE,lies_on,∠CAB
78,20,half_text + noisy_half_diagram[pixel_noise],OK,E,lies_on,CD
78,20,half_text + noisy_half_diagram[pixel_noise],OK,∠AED,is_a,angle
78,20,half_text + noisy_half_diagram[pixel_noise],OK,AE,bisects,∠CAB
,,,,,,
79,20,half_text + noisy_half_diagram[pixel_noise],OK,A,is_a,point
79,20,half_text + noisy_half_diagram[pixel_noise],OK,B,is_a,point
79,20,half_text + noisy_half_diagram[pixel_noise],OK,C,is_a,point
79,20,half_text + noisy_half_diagram[pixel_noise],OK,D,is_a,point
79,20,half_text + noisy_half_diagram[pixel_noise],OK,O,is_a,point
79,20,half_text + noisy_half_diagram[pixel_noise],OK,E,is_a,point
79,20,half_text + noisy_half_diagram[pixel_noise],OK,AB,is_a,segment
79,20,half_text + noisy_half_diagram[pixel_noise],OK,BC,is_a,segment
79,20,half_text + noisy_half_diagram[pixel_noise],OK,CD,is_a,segment
79,20,half_text + noisy_half_diagram[pixel_noise],OK,DA,is_a,segment
79,20,half_text + noisy_half_diagram[pixel_noise],OK,AC,is_a,segment
79,20,half_text + noisy_half_diagram[pixel_noise],OK,BD,is_a,segment
79,20,half_text + noisy_half_diagram[pixel_noise],OK,AB,parallel_to,CD
79,20,half_text + noisy_half_diagram[pixel_noise],OK,AD,parallel_to,BC
79,20,half_text + noisy_half_diagram[pixel_noise],OK,AC,intersects,BD
79,20,half_text + noisy_half_diagram[pixel_noise],OK,O,lies_on,AC
79,20,half_text + noisy_half_diagram[pixel_noise],OK,O,lies_on,BD
79,20,half_text + noisy_half_diagram[pixel_noise],OK,AB + BC + CD + DA,has_measure,32_units
,,,,,,
81,20,half_text + noisy_half_diagram[pixel_noise],OK,A,is_a,point
81,20,half_text + noisy_half_diagram[pixel_noise],OK,B,is_a,point
81,20,half_text + noisy_half_diagram[pixel_noise],OK,C,is_a,point
81,20,half_text + noisy_half_diagram[pixel_noise],OK,D,is_a,point
81,20,half_text + noisy_half_diagram[pixel_noise],OK,E,is_a,point
81,20,half_text + noisy_half_diagram[pixel_noise],OK,AB,is_a,segment
81,20,half_text + noisy_half_diagram[pixel_noise],OK,AC,is_a,segment
81,20,half_text + noisy_half_diagram[pixel_noise],OK,AD,is_a,segment
81,20,half_text + noisy_half_diagram[pixel_noise],OK,AE,is_a,segment
81,20,half_text + noisy_half_diagram[pixel_noise],OK,BC,is_a,segment
81,20,half_text + noisy_half_diagram[pixel_noise],OK,∠BAC,is_a,angle
81,20,half_text + noisy_half_diagram[pixel_noise],OK,∠BAC,has_measure,90_deg
81,20,half_text + noisy_half_diagram[pixel_noise],OK,AD,perpendicular_to,BC
81,20,half_text + noisy_half_diagram[pixel_noise],OK,AE,lies_on,segment
81,20,half_text + noisy_half_diagram[pixel_noise],OK,E,lies_on,DC
81,20,half_text + noisy_half_diagram[pixel_noise],OK,AE,bisects,∠DAC
81,20,half_text + noisy_half_diagram[pixel_noise],OK,∠BAD,has_measure,50_deg
,,,,,,
84,20,half_text + noisy_half_diagram[pixel_noise],OK,A,is_a,point
84,20,half_text + noisy_half_diagram[pixel_noise],OK,O,is_a,point
84,20,half_text + noisy_half_diagram[pixel_noise],OK,B,is_a,point
84,20,half_text + noisy_half_diagram[pixel_noise],OK,C,is_a,point
84,20,half_text + noisy_half_diagram[pixel_noise],OK,AO,is_a,segment
84,20,half_text + noisy_half_diagram[pixel_noise],OK,1,has_measure,AO
84,20,half_text + noisy_half_diagram[pixel_noise],OK,∠BAC,is_a,angle
84,20,half_text + noisy_half_diagram[pixel_noise],OK,60_deg,has_measure,∠BAC
,,,,,,
86,20,half_text + noisy_half_diagram[pixel_noise],OK,A,is_a,point
86,20,half_text + noisy_half_diagram[pixel_noise],OK,O,is_a,point
86,20,half_text + noisy_half_diagram[pixel_noise],OK,B,is_a,point
86,20,half_text + noisy_half_diagram[pixel_noise],OK,C,is_a,point
86,20,half_text + noisy_half_diagram[pixel_noise],OK,A,lies_on,circle
86,20,half_text + noisy_half_diagram[pixel_noise],OK,B,lies_on,circle
86,20,half_text + noisy_half_diagram[pixel_noise],OK,C,lies_on,circle
86,20,half_text + noisy_half_diagram[pixel_noise],OK,O,center_of,circle
86,20,half_text + noisy_half_diagram[pixel_noise],OK,AB,is_a,segment
86,20,half_text + noisy_half_diagram[pixel_noise],OK,BC,is_a,segment
86,20,half_text + noisy_half_diagram[pixel_noise],OK,AC,is_a,segment
86,20,half_text + noisy_half_diagram[pixel_noise],OK,∠BAC,is_a,angle
86,20,half_text + noisy_half_diagram[pixel_noise],OK,∠BAC,has_measure,60_deg
86,20,half_text + noisy_half_diagram[pixel_noise],OK,AO,is_a,segment
86,20,half_text + noisy_half_diagram[pixel_noise],OK,OB,is_a,segment
86,20,half_text + noisy_half_diagram[pixel_noise],OK,OC,is_a,segment
86,20,half_text + noisy_half_diagram[pixel_noise],OK,∠BOC,is_a,angle
,,,,,,
88,20,half_text + noisy_half_diagram[pixel_noise],OK,A,is_a,point
88,20,half_text + noisy_half_diagram[pixel_noise],OK,B,is_a,point
88,20,half_text + noisy_half_diagram[pixel_noise],OK,C,is_a,point
88,20,half_text + noisy_half_diagram[pixel_noise],OK,O,is_a,point
88,20,half_text + noisy_half_diagram[pixel_noise],OK,A,lies_on,circle
88,20,half_text + noisy_half_diagram[pixel_noise],OK,B,lies_on,circle
88,20,half_text + noisy_half_diagram[pixel_noise],OK,C,lies_on,circle
88,20,half_text + noisy_half_diagram[pixel_noise],OK,O,center_of,circle
88,20,half_text + noisy_half_diagram[pixel_noise],OK,AB,is_a,segment
88,20,half_text + noisy_half_diagram[pixel_noise],OK,BC,is_a,segment
88,20,half_text + noisy_half_diagram[pixel_noise],OK,AC,is_a,segment
88,20,half_text + noisy_half_diagram[pixel_noise],OK,∠ABO,is_a,angle
88,20,half_text + noisy_half_diagram[pixel_noise],OK,∠ABO,has_measure,22_deg
88,20,half_text + noisy_half_diagram[pixel_noise],OK,∠ACO,is_a,angle
88,20,half_text + noisy_half_diagram[pixel_noise],OK,∠BOC,is_a,angle
,,,,,,
95,20,half_text + noisy_half_diagram[pixel_noise],OK,A,is_a,point
95,20,half_text + noisy_half_diagram[pixel_noise],OK,O,is_a,point
95,20,half_text + noisy_half_diagram[pixel_noise],OK,B,is_a,point
95,20,half_text + noisy_half_diagram[pixel_noise],OK,C,is_a,point
95,20,half_text + noisy_half_diagram[pixel_noise],OK,D,is_a,point
95,20,half_text + noisy_half_diagram[pixel_noise],OK,OA,is_a,segment
95,20,half_text + noisy_half_diagram[pixel_noise],OK,OB,is_a,segment
95,20,half_text + noisy_half_diagram[pixel_noise],OK,OC,is_a,segment
95,20,half_text + noisy_half_diagram[pixel_noise],OK,AB,is_a,segment
95,20,half_text + noisy_half_diagram[pixel_noise],OK,AC,is_a,segment
95,20,half_text + noisy_half_diagram[pixel_noise],OK,BC,is_a,segment
95,20,half_text + noisy_half_diagram[pixel_noise],OK,OD,is_a,segment
95,20,half_text + noisy_half_diagram[pixel_noise],OK,∠OAC,is_a,angle
95,20,half_text + noisy_half_diagram[pixel_noise],OK,∠ADC,is_a,angle
95,20,half_text + noisy_half_diagram[pixel_noise],OK,∠ADC,has_measure,90_deg
95,20,half_text + noisy_half_diagram[pixel_noise],OK,∠OAB,has_measure,60_deg
,,,,,,
99,20,half_text + noisy_half_diagram[pixel_noise],OK,A,is_a,point
99,20,half_text + noisy_half_diagram[pixel_noise],OK,B,is_a,point
99,20,half_text + noisy_half_diagram[pixel_noise],OK,C,is_a,point
99,20,half_text + noisy_half_diagram[pixel_noise],OK,D,is_a,point
99,20,half_text + noisy_half_diagram[pixel_noise],OK,AB,is_a,segment
99,20,half_text + noisy_half_diagram[pixel_noise],OK,CD,is_a,segment
99,20,half_text + noisy_half_diagram[pixel_noise],OK,∠CAD,is_a,angle
99,20,half_text + noisy_half_diagram[pixel_noise],OK,∠CAB,is_a,angle
99,20,half_text + noisy_half_diagram[pixel_noise],OK,∠CDB,has_measure,26_deg
99,20,half_text + noisy_half_diagram[pixel_noise],OK,AB,lies_on,circle
99,20,half_text + noisy_half_diagram[pixel_noise],OK,O,center_of,circle
99,20,half_text + noisy_half_diagram[pixel_noise],OK,AB,diameter_of,circle
,,,,,,
108,20,half_text + noisy_half_diagram[pixel_noise],OK,A,is_a,point
108,20,half_text + noisy_half_diagram[pixel_noise],OK,CD,is_a,segment
108,20,half_text + noisy_half_diagram[pixel_noise],OK,O,is_a,point
108,20,half_text + noisy_half_diagram[pixel_noise],OK,C,is_a,point
108,20,half_text + noisy_half_diagram[pixel_noise],OK,D,is_a,point
108,20,half_text + noisy_half_diagram[pixel_noise],OK,B,is_a,point
108,20,half_text + noisy_half_diagram[pixel_noise],OK,CD,has_measure,8.0_units
108,20,half_text + noisy_half_diagram[pixel_noise],OK,OD,has_measure,5_units
108,20,half_text + noisy_half_diagram[pixel_noise],OK,O,is_a,center_of
,,,,,,
109,20,half_text + noisy_half_diagram[pixel_noise],OK,A,is_a,point
109,20,half_text + noisy_half_diagram[pixel_noise],OK,B,is_a,point
109,20,half_text + noisy_half_diagram[pixel_noise],OK,C,is_a,point
109,20,half_text + noisy_half_diagram[pixel_noise],OK,D,is_a,point
109,20,half_text + noisy_half_diagram[pixel_noise],OK,E,is_a,point
109,20,half_text + noisy_half_diagram[pixel_noise],OK,AB,is_a,segment
109,20,half_text + noisy_half_diagram[pixel_noise],OK,BC,is_a,segment
109,20,half_text + noisy_half_diagram[pixel_noise],OK,DE,is_a,segment
109,20,half_text + noisy_half_diagram[pixel_noise],OK,∠ADB,is_a,angle
109,20,half_text + noisy_half_diagram[pixel_noise],OK,∠ADB,has_measure,130_deg
,,,,,,
112,20,half_text + noisy_half_diagram[pixel_noise],OK,B,is_a,point
112,20,half_text + noisy_half_diagram[pixel_noise],OK,O,is_a,point
112,20,half_text + noisy_half_diagram[pixel_noise],OK,AO,is_a,segment
112,20,half_text + noisy_half_diagram[pixel_noise],OK,AB,is_a,segment
112,20,half_text + noisy_half_diagram[pixel_noise],OK,OB,is_a,segment
112,20,half_text + noisy_half_diagram[pixel_noise],OK,AO,has_measure,?
112,20,half_text + noisy_half_diagram[pixel_noise],OK,AB,has_measure,2.5
112,20,half_text + noisy_half_diagram[pixel_noise],OK,OB,has_measure,0.7
112,20,half_text + noisy_half_diagram[pixel_noise],OK,AB,is_a,"slant_height_of, cone"
,,,,,,
114,20,half_text + noisy_half_diagram[pixel_noise],OK,O,is_a,point
114,20,half_text + noisy_half_diagram[pixel_noise],OK,A,is_a,point
114,20,half_text + noisy_half_diagram[pixel_noise],OK,B,is_a,point
114,20,half_text + noisy_half_diagram[pixel_noise],OK,OA,is_a,segment
114,20,half_text + noisy_half_diagram[pixel_noise],OK,OB,is_a,segment
114,20,half_text + noisy_half_diagram[pixel_noise],OK,∠AOB,is_a,angle
114,20,half_text + noisy_half_diagram[pixel_noise],OK,∠AOB,has_measure,90_deg
114,20,half_text + noisy_half_diagram[pixel_noise],OK,O,lies_on,OA
114,20,half_text + noisy_half_diagram[pixel_noise],OK,O,lies_on,OB
114,20,half_text + noisy_half_diagram[pixel_noise],OK,A,lies_on,OA
114,20,half_text + noisy_half_diagram[pixel_noise],OK,B,lies_on,OB
114,20,half_text + noisy_half_diagram[pixel_noise],OK,OA,has_measure,1_units
114,20,half_text + noisy_half_diagram[pixel_noise],OK,OB,has_measure,1_units
114,20,half_text + noisy_half_diagram[pixel_noise],OK,Area,is_a,query_target
114,20,half_text + noisy_half_diagram[pixel_noise],OK,Area,has_measure,?
,,,,,,
115,20,half_text + noisy_half_diagram[pixel_noise],OK,sector\_length,has\_measure,6\_units
115,20,half_text + noisy_half_diagram[pixel_noise],OK,$\theta$,has\_measure,120\_deg
115,20,half_text + noisy_half_diagram[pixel_noise],OK,bottom\_perimeter,has\_measure,?
115,20,half_text + noisy_half_diagram[pixel_noise],OK,sector,is\_a,sector
115,20,half_text + noisy_half_diagram[pixel_noise],OK,cone,is\_a,cone
115,20,half_text + noisy_half_diagram[pixel_noise],OK,sector,is_a,sector
115,20,half_text + noisy_half_diagram[pixel_noise],OK,$\theta$,has_measure,120_deg
115,20,half_text + noisy_half_diagram[pixel_noise],OK,sector_length,has_measure,6_units
115,20,half_text + noisy_half_diagram[pixel_noise],OK,cone,is_a,cone
115,20,half_text + noisy_half_diagram[pixel_noise],OK,bottom_perimeter,has_measure,?
,,,,,,
117,20,half_text + noisy_half_diagram[pixel_noise],OK,sector,is_a,shape
117,20,half_text + noisy_half_diagram[pixel_noise],OK,paper,is_a,material
117,20,half_text + noisy_half_diagram[pixel_noise],OK,central angle,has_measure,120_deg
117,20,half_text + noisy_half_diagram[pixel_noise],OK,cone,is_a,shape
117,20,half_text + noisy_half_diagram[pixel_noise],OK,cone,has_property,bottomless
117,20,half_text + noisy_half_diagram[pixel_noise],OK,paper cap,is_a,object
117,20,half_text + noisy_half_diagram[pixel_noise],OK,height,is_a,query target
117,20,half_text + noisy_half_diagram[pixel_noise],OK,cone,has_part,sector
117,20,half_text + noisy_half_diagram[pixel_noise],OK,radius,has_measure,3_units
117,20,half_text + noisy_half_diagram[pixel_noise],OK,sector,is_rolled_into,cone
,,,,,,
119,20,half_text + noisy_half_diagram[pixel_noise],OK,24,is_a,number
119,20,half_text + noisy_half_diagram[pixel_noise],OK,10.0,is_a,number
119,20,half_text + noisy_half_diagram[pixel_noise],OK,O,is_a,point
119,20,half_text + noisy_half_diagram[pixel_noise],OK,?,has_measure,area
,,,,,,
120,20,half_text + noisy_half_diagram[pixel_noise],OK,5.0,is_a,length
120,20,half_text + noisy_half_diagram[pixel_noise],OK,generatrix,has_measure,5.0 units
120,20,half_text + noisy_half_diagram[pixel_noise],OK,cone,has_generatrix,5.0 units
120,20,half_text + noisy_half_diagram[pixel_noise],OK,generatrix,has_measure,5.0
120,20,half_text + noisy_half_diagram[pixel_noise],OK,height,has_measure,4 units
120,20,half_text + noisy_half_diagram[pixel_noise],OK,generatrix,is_a,segment
120,20,half_text + noisy_half_diagram[pixel_noise],OK,height,is_a,segment
120,20,half_text + noisy_half_diagram[pixel_noise],OK,generatrix,has_measure,5.0_units
120,20,half_text + noisy_half_diagram[pixel_noise],OK,height,has_measure,4_units
120,20,half_text + noisy_half_diagram[pixel_noise],OK,cone,has_query,bottom_area
,,,,,,
123,20,half_text + noisy_half_diagram[pixel_noise],OK,A,is_a,point
123,20,half_text + noisy_half_diagram[pixel_noise],OK,B,is_a,point
123,20,half_text + noisy_half_diagram[pixel_noise],OK,C,is_a,point
123,20,half_text + noisy_half_diagram[pixel_noise],OK,AB,is_a,segment
123,20,half_text + noisy_half_diagram[pixel_noise],OK,BC,is_a,segment
123,20,half_text + noisy_half_diagram[pixel_noise],OK,AC,is_a,segment
123,20,half_text + noisy_half_diagram[pixel_noise],OK,∠ACB,is_a,angle
123,20,half_text + noisy_half_diagram[pixel_noise],OK,∠ACB,has_measure,90_deg
123,20,half_text + noisy_half_diagram[pixel_noise],OK,BC,has_measure,3_units
123,20,half_text + noisy_half_diagram[pixel_noise],OK,AC,has_measure,4_units
123,20,half_text + noisy_half_diagram[pixel_noise],OK,ABC,is_a,triangle
123,20,half_text + noisy_half_diagram[pixel_noise],OK,Lateral Surface Area,is_a,query_target
,,,,,,
128,20,half_text + noisy_half_diagram[pixel_noise],OK,O,is_a,point
128,20,half_text + noisy_half_diagram[pixel_noise],OK,A,is_a,point
128,20,half_text + noisy_half_diagram[pixel_noise],OK,B,is_a,point
128,20,half_text + noisy_half_diagram[pixel_noise],OK,OA,is_a,segment
128,20,half_text + noisy_half_diagram[pixel_noise],OK,OB,is_a,segment
128,20,half_text + noisy_half_diagram[pixel_noise],OK,AB,is_a,segment
128,20,half_text + noisy_half_diagram[pixel_noise],OK,∠AOB,is_a,angle
128,20,half_text + noisy_half_diagram[pixel_noise],OK,∠AOB,has_measure,120_deg
128,20,half_text + noisy_half_diagram[pixel_noise],OK,OB,has_measure,6_units
,,,,,,
132,20,half_text + noisy_half_diagram[pixel_noise],OK,A,is_a,point
132,20,half_text + noisy_half_diagram[pixel_noise],OK,B,is_a,point
132,20,half_text + noisy_half_diagram[pixel_noise],OK,C,is_a,point
132,20,half_text + noisy_half_diagram[pixel_noise],OK,D,is_a,point
132,20,half_text + noisy_half_diagram[pixel_noise],OK,E,is_a,point
132,20,half_text + noisy_half_diagram[pixel_noise],OK,F,is_a,point
132,20,half_text + noisy_half_diagram[pixel_noise],OK,G,is_a,point
132,20,half_text + noisy_half_diagram[pixel_noise],OK,AB,is_a,segment
132,20,half_text + noisy_half_diagram[pixel_noise],OK,BC,is_a,segment
132,20,half_text + noisy_half_diagram[pixel_noise],OK,DE,is_a,segment
132,20,half_text + noisy_half_diagram[pixel_noise],OK,GE,is_a,segment
132,20,half_text + noisy_half_diagram[pixel_noise],OK,EF,is_a,segment
132,20,half_text + noisy_half_diagram[pixel_noise],OK,A,B,C
132,20,half_text + noisy_half_diagram[pixel_noise],OK,B,lies_on,line_AC
132,20,half_text + noisy_half_diagram[pixel_noise],OK,B,C,collinear_with
132,20,half_text + noisy_half_diagram[pixel_noise],OK,DE,has_measure,0.6_units
132,20,half_text + noisy_half_diagram[pixel_noise],OK,GE,has_measure,2_units
132,20,half_text + noisy_half_diagram[pixel_noise],OK,EF,has_measure,1.6_units
132,20,half_text + noisy_half_diagram[pixel_noise],OK,BD,has_measure,12_units
132,20,half_text + noisy_half_diagram[pixel_noise],OK,A,B,"C, collinear_with"
132,20,half_text + noisy_half_diagram[pixel_noise],OK,B,collinear_with,A
132,20,half_text + noisy_half_diagram[pixel_noise],OK,B,collinear_with,C
132,20,half_text + noisy_half_diagram[pixel_noise],OK,BC,has_measure,0.6_units
132,20,half_text + noisy_half_diagram[pixel_noise],OK,CD,is_a,segment
,,,,,,
133,20,half_text + noisy_half_diagram[pixel_noise],OK,P,is_a,point
133,20,half_text + noisy_half_diagram[pixel_noise],OK,Q,is_a,point
133,20,half_text + noisy_half_diagram[pixel_noise],OK,R,is_a,point
133,20,half_text + noisy_half_diagram[pixel_noise],OK,S,is_a,point
133,20,half_text + noisy_half_diagram[pixel_noise],OK,T,is_a,point
133,20,half_text + noisy_half_diagram[pixel_noise],OK,PQ,is_a,segment
133,20,half_text + noisy_half_diagram[pixel_noise],OK,QR,is_a,segment
133,20,half_text + noisy_half_diagram[pixel_noise],OK,QS,is_a,segment
133,20,half_text + noisy_half_diagram[pixel_noise],OK,ST,is_a,segment
133,20,half_text + noisy_half_diagram[pixel_noise],OK,PQ,has_measure,?
133,20,half_text + noisy_half_diagram[pixel_noise],OK,QR,has_measure,80.0_m
133,20,half_text + noisy_half_diagram[pixel_noise],OK,QS,has_measure,60.0_m
133,20,half_text + noisy_half_diagram[pixel_noise],OK,ST,has_measure,120_m
133,20,half_text + noisy_half_diagram[pixel_noise],OK,PS,is_a,segment
133,20,half_text + noisy_half_diagram[pixel_noise],OK,PS,perpendicular_to,QS
133,20,half_text + noisy_half_diagram[pixel_noise],OK,PQ,perpendicular_to,ST
133,20,half_text + noisy_half_diagram[pixel_noise],OK,Q,lies_on,ST
133,20,half_text + noisy_half_diagram[pixel_noise],OK,R,lies_on,ST
133,20,half_text + noisy_half_diagram[pixel_noise],OK,S,lies_on,ST
133,20,half_text + noisy_half_diagram[pixel_noise],OK,P,lies_on,PS
133,20,half_text + noisy_half_diagram[pixel_noise],OK,Q,lies_on,QR
,,,,,,
149,20,half_text + noisy_half_diagram[pixel_noise],OK,A,is_a,point
149,20,half_text + noisy_half_diagram[pixel_noise],OK,B,is_a,point
149,20,half_text + noisy_half_diagram[pixel_noise],OK,C,is_a,point
149,20,half_text + noisy_half_diagram[pixel_noise],OK,D,is_a,point
149,20,half_text + noisy_half_diagram[pixel_noise],OK,E,is_a,point
149,20,half_text + noisy_half_diagram[pixel_noise],OK,AC,is_a,segment
149,20,half_text + noisy_half_diagram[pixel_noise],OK,BD,is_a,segment
149,20,half_text + noisy_half_diagram[pixel_noise],OK,CD,is_a,segment
149,20,half_text + noisy_half_diagram[pixel_noise],OK,AC,has_measure,3.0_units
149,20,half_text + noisy_half_diagram[pixel_noise],OK,CD,has_measure,10.0_units
149,20,half_text + noisy_half_diagram[pixel_noise],OK,AC,perpendicular_to,CD
149,20,half_text + noisy_half_diagram[pixel_noise],OK,BD,perpendicular_to,CD
,,,,,,
150,20,half_text + noisy_half_diagram[pixel_noise],OK,A,is_a,point
150,20,half_text + noisy_half_diagram[pixel_noise],OK,B,is_a,point
150,20,half_text + noisy_half_diagram[pixel_noise],OK,C,is_a,point
150,20,half_text + noisy_half_diagram[pixel_noise],OK,D,is_a,point
150,20,half_text + noisy_half_diagram[pixel_noise],OK,E,is_a,point
150,20,half_text + noisy_half_diagram[pixel_noise],OK,AB,is_a,segment
150,20,half_text + noisy_half_diagram[pixel_noise],OK,BD,is_a,segment
150,20,half_text + noisy_half_diagram[pixel_noise],OK,BC,is_a,segment
150,20,half_text + noisy_half_diagram[pixel_noise],OK,AC,is_a,segment
150,20,half_text + noisy_half_diagram[pixel_noise],OK,CE,is_a,segment
150,20,half_text + noisy_half_diagram[pixel_noise],OK,A,lies_on,AC
150,20,half_text + noisy_half_diagram[pixel_noise],OK,B,lies_on,AC
150,20,half_text + noisy_half_diagram[pixel_noise],OK,C,lies_on,AC
150,20,half_text + noisy_half_diagram[pixel_noise],OK,B,lies_on,AB
150,20,half_text + noisy_half_diagram[pixel_noise],OK,BD,perpendicular_to,AC
150,20,half_text + noisy_half_diagram[pixel_noise],OK,CE,perpendicular_to,AC
150,20,half_text + noisy_half_diagram[pixel_noise],OK,BD,has_measure,7/3
150,20,half_text + noisy_half_diagram[pixel_noise],OK,AB,has_measure,2.0
150,20,half_text + noisy_half_diagram[pixel_noise],OK,CE,has_measure,9
,,,,,,
151,20,half_text + noisy_half_diagram[pixel_noise],OK,student,is_a,person
151,20,half_text + noisy_half_diagram[pixel_noise],OK,tree,is_a,object
151,20,half_text + noisy_half_diagram[pixel_noise],OK,lake,is_a,reflective_surface
151,20,half_text + noisy_half_diagram[pixel_noise],OK,student_height,has_measure,1.7_units
151,20,half_text + noisy_half_diagram[pixel_noise],OK,distance_to_reflection,has_measure,5_units
151,20,half_text + noisy_half_diagram[pixel_noise],OK,horizontal_distance,has_measure,20_units
151,20,half_text + noisy_half_diagram[pixel_noise],OK,student,lies_on,ground
151,20,half_text + noisy_half_diagram[pixel_noise],OK,tree,lies_on,ground
151,20,half_text + noisy_half_diagram[pixel_noise],OK,reflection,lies_on,lake
151,20,half_text + noisy_half_diagram[pixel_noise],OK,student,is_at,0
151,20,half_text + noisy_half_diagram[pixel_noise],OK,reflection_of_tree,is_a,point
151,20,half_text + noisy_half_diagram[pixel_noise],OK,line_of_sight,connects,"student, reflection_of_tree"
151,20,half_text + noisy_half_diagram[pixel_noise],OK,student,has_line_of_sight,reflection_of_tree
151,20,half_text + noisy_half_diagram[pixel_noise],OK,tree,has_part,top
151,20,half_text + noisy_half_diagram[pixel_noise],OK,reflection_of_tree,has_measure,?
151,20,half_text + noisy_half_diagram[pixel_noise],OK,tree_height,has_measure,?
151,20,half_text + noisy_half_diagram[pixel_noise],OK,student_position,has_measure,1
151,20,half_text + noisy_half_diagram[pixel_noise],OK,distance_between_student_and_tree,has_measure,20_units
151,20,half_text + noisy_half_diagram[pixel_noise],OK,distance_from_student_to_reflection,has_measure,5_units
,,,,,,
152,20,half_text + noisy_half_diagram[pixel_noise],OK,B,is_a,point
152,20,half_text + noisy_half_diagram[pixel_noise],OK,C,is_a,point
152,20,half_text + noisy_half_diagram[pixel_noise],OK,E,is_a,point
152,20,half_text + noisy_half_diagram[pixel_noise],OK,D,is_a,point
152,20,half_text + noisy_half_diagram[pixel_noise],OK,A,is_a,point
152,20,half_text + noisy_half_diagram[pixel_noise],OK,AB,is_a,segment
152,20,half_text + noisy_half_diagram[pixel_noise],OK,BC,is_a,segment
152,20,half_text + noisy_half_diagram[pixel_noise],OK,CD,is_a,segment
152,20,half_text + noisy_half_diagram[pixel_noise],OK,DE,is_a,segment
152,20,half_text + noisy_half_diagram[pixel_noise],OK,CE,is_a,segment
152,20,half_text + noisy_half_diagram[pixel_noise],OK,∠CDE,is_a,angle
152,20,half_text + noisy_half_diagram[pixel_noise],OK,∠CED,is_a,angle
152,20,half_text + noisy_half_diagram[pixel_noise],OK,BC,has_measure,1.6_units
152,20,half_text + noisy_half_diagram[pixel_noise],OK,CE,has_measure,0.5_units
152,20,half_text + noisy_half_diagram[pixel_noise],OK,CD,has_measure,1.4_units
152,20,half_text + noisy_half_diagram[pixel_noise],OK,AB,lies_on,line
152,20,half_text + noisy_half_diagram[pixel_noise],OK,DE,parallel_to,BC
152,20,half_text + noisy_half_diagram[pixel_noise],OK,CE,perpendicular_to,BC
152,20,half_text + noisy_half_diagram[pixel_noise],OK,D,lies_on,AB
152,20,half_text + noisy_half_diagram[pixel_noise],OK,C,lies_on,BC
152,20,half_text + noisy_half_diagram[pixel_noise],OK,E,lies_on,CE
,,,,,,
153,20,half_text + noisy_half_diagram[pixel_noise],OK,A,is_a,point
153,20,half_text + noisy_half_diagram[pixel_noise],OK,B,is_a,point
153,20,half_text + noisy_half_diagram[pixel_noise],OK,C,is_a,point
153,20,half_text + noisy_half_diagram[pixel_noise],OK,D,is_a,point
153,20,half_text + noisy_half_diagram[pixel_noise],OK,E,is_a,point
153,20,half_text + noisy_half_diagram[pixel_noise],OK,AB,is_a,segment
153,20,half_text + noisy_half_diagram[pixel_noise],OK,BC,is_a,segment
153,20,half_text + noisy_half_diagram[pixel_noise],OK,DE,is_a,segment
153,20,half_text + noisy_half_diagram[pixel_noise],OK,EC,is_a,segment
153,20,half_text + noisy_half_diagram[pixel_noise],OK,1.8,has_measure,DE
153,20,half_text + noisy_half_diagram[pixel_noise],OK,1.2,has_measure,EC
153,20,half_text + noisy_half_diagram[pixel_noise],OK,1.0,has_measure,BC
,,,,,,
157,20,half_text + noisy_half_diagram[pixel_noise],OK,A,is_a,point
157,20,half_text + noisy_half_diagram[pixel_noise],OK,B,is_a,point
157,20,half_text + noisy_half_diagram[pixel_noise],OK,C,is_a,point
157,20,half_text + noisy_half_diagram[pixel_noise],OK,ABC,is_a,triangle
157,20,half_text + noisy_half_diagram[pixel_noise],OK,∠ACB,is_a,angle
157,20,half_text + noisy_half_diagram[pixel_noise],OK,∠ACB,has_measure,90_deg
157,20,half_text + noisy_half_diagram[pixel_noise],OK,AC,is_a,segment
157,20,half_text + noisy_half_diagram[pixel_noise],OK,AC,has_measure,4_units
157,20,half_text + noisy_half_diagram[pixel_noise],OK,BC,is_a,segment
157,20,half_text + noisy_half_diagram[pixel_noise],OK,BC,has_measure,3_units
157,20,half_text + noisy_half_diagram[pixel_noise],OK,cos B,is_a,query_target
,,,,,,
165,20,half_text + noisy_half_diagram[pixel_noise],OK,A,is_a,point
165,20,half_text + noisy_half_diagram[pixel_noise],OK,B,is_a,point
165,20,half_text + noisy_half_diagram[pixel_noise],OK,C,is_a,point
165,20,half_text + noisy_half_diagram[pixel_noise],OK,AB,is_a,segment
165,20,half_text + noisy_half_diagram[pixel_noise],OK,AC,is_a,segment
165,20,half_text + noisy_half_diagram[pixel_noise],OK,BC,is_a,segment
165,20,half_text + noisy_half_diagram[pixel_noise],OK,∠ACB,is_a,angle
165,20,half_text + noisy_half_diagram[pixel_noise],OK,∠ABC,is_a,angle
165,20,half_text + noisy_half_diagram[pixel_noise],OK,ACB,has_measure,90_deg
165,20,half_text + noisy_half_diagram[pixel_noise],OK,AB,has_measure,2_units
165,20,half_text + noisy_half_diagram[pixel_noise],OK,BC,has_measure,1_units
165,20,half_text + noisy_half_diagram[pixel_noise],OK,∠ACB,lies_on,ACB
,,,,,,
198,20,half_text + noisy_half_diagram[pixel_noise],OK,Triangle,is_a,triangle
198,20,half_text + noisy_half_diagram[pixel_noise],OK,Triangle,has_measure,?
198,20,half_text + noisy_half_diagram[pixel_noise],OK,Side1,is_a,segment
198,20,half_text + noisy_half_diagram[pixel_noise],OK,Side2,is_a,segment
198,20,half_text + noisy_half_diagram[pixel_noise],OK,Side3,is_a,segment
198,20,half_text + noisy_half_diagram[pixel_noise],OK,Side1,has_measure,13
198,20,half_text + noisy_half_diagram[pixel_noise],OK,Side2,has_measure,13
198,20,half_text + noisy_half_diagram[pixel_noise],OK,Side1,equal_to,Side2
198,20,half_text + noisy_half_diagram[pixel_noise],OK,Base,is_a,segment
198,20,half_text + noisy_half_diagram[pixel_noise],OK,Base,has_measure,10
198,20,half_text + noisy_half_diagram[pixel_noise],OK,Height,is_a,segment
198,20,half_text + noisy_half_diagram[pixel_noise],OK,Height,has_measure,?
198,20,half_text + noisy_half_diagram[pixel_noise],OK,Triangle,is_a,isosceles
198,20,half_text + noisy_half_diagram[pixel_noise],OK,Side1,lies_on,Triangle
198,20,half_text + noisy_half_diagram[pixel_noise],OK,Side2,lies_on,Triangle
198,20,half_text + noisy_half_diagram[pixel_noise],OK,Side3,lies_on,Triangle
198,20,half_text + noisy_half_diagram[pixel_noise],OK,Base,lies_on,Triangle
198,20,half_text + noisy_half_diagram[pixel_noise],OK,Height,lies_on,Triangle
198,20,half_text + noisy_half_diagram[pixel_noise],OK,Area,is_a,?
198,20,half_text + noisy_half_diagram[pixel_noise],OK,Triangle,Area,?
,,,,,,
207,20,half_text + noisy_half_diagram[pixel_noise],OK,A,is_a,point
207,20,half_text + noisy_half_diagram[pixel_noise],OK,O,is_a,point
207,20,half_text + noisy_half_diagram[pixel_noise],OK,AB,is_a,segment
207,20,half_text + noisy_half_diagram[pixel_noise],OK,∠AOB,is_a,angle
207,20,half_text + noisy_half_diagram[pixel_noise],OK,20,has_measure,?
207,20,half_text + noisy_half_diagram[pixel_noise],OK,O,center_of,large_circle
207,20,half_text + noisy_half_diagram[pixel_noise],OK,larger_circle,has_measure,?
207,20,half_text + noisy_half_diagram[pixel_noise],OK,two_small_circles,is_a,circles
207,20,half_text + noisy_half_diagram[pixel_noise],OK,diameter_of_small_circles,has_measure,radius_of_large_circle
,,,,,,
210,20,half_text + noisy_half_diagram[pixel_noise],OK,A,is_a,point
210,20,half_text + noisy_half_diagram[pixel_noise],OK,B,is_a,point
210,20,half_text + noisy_half_diagram[pixel_noise],OK,C,is_a,point
210,20,half_text + noisy_half_diagram[pixel_noise],OK,D,is_a,point
210,20,half_text + noisy_half_diagram[pixel_noise],OK,E,is_a,point
210,20,half_text + noisy_half_diagram[pixel_noise],OK,AB,is_a,segment
210,20,half_text + noisy_half_diagram[pixel_noise],OK,AC,is_a,segment
210,20,half_text + noisy_half_diagram[pixel_noise],OK,AE,is_a,segment
210,20,half_text + noisy_half_diagram[pixel_noise],OK,BE,is_a,segment
210,20,half_text + noisy_half_diagram[pixel_noise],OK,CD,is_a,segment
210,20,half_text + noisy_half_diagram[pixel_noise],OK,BE,parallel_to,CD
210,20,half_text + noisy_half_diagram[pixel_noise],OK,Triangles ABE and ACD,is_a,similar
210,20,half_text + noisy_half_diagram[pixel_noise],OK,AB,has_measure,12
210,20,half_text + noisy_half_diagram[pixel_noise],OK,AC,has_measure,16
210,20,half_text + noisy_half_diagram[pixel_noise],OK,CD,has_measure,5
,,,,,,
211,20,half_text + noisy_half_diagram[pixel_noise],OK,M,is_a,point
211,20,half_text + noisy_half_diagram[pixel_noise],OK,R,is_a,point
211,20,half_text + noisy_half_diagram[pixel_noise],OK,P,is_a,point
211,20,half_text + noisy_half_diagram[pixel_noise],OK,N,is_a,point
211,20,half_text + noisy_half_diagram[pixel_noise],OK,Q,is_a,point
211,20,half_text + noisy_half_diagram[pixel_noise],OK,MNPR,is_a,parallelogram
211,20,half_text + noisy_half_diagram[pixel_noise],OK,MP,is_a,segment
211,20,half_text + noisy_half_diagram[pixel_noise],OK,RN,is_a,segment
211,20,half_text + noisy_half_diagram[pixel_noise],OK,MQ,is_a,segment
211,20,half_text + noisy_half_diagram[pixel_noise],OK,QP,is_a,segment
211,20,half_text + noisy_half_diagram[pixel_noise],OK,RQ,is_a,segment
211,20,half_text + noisy_half_diagram[pixel_noise],OK,QN,is_a,segment
211,20,half_text + noisy_half_diagram[pixel_noise],OK,MP,intersects,RN
211,20,half_text + noisy_half_diagram[pixel_noise],OK,MP,intersects,"RN, at, Q"
211,20,half_text + noisy_half_diagram[pixel_noise],OK,MN,has_measure,3x - 4
211,20,half_text + noisy_half_diagram[pixel_noise],OK,NP,has_measure,2y + 5
211,20,half_text + noisy_half_diagram[pixel_noise],OK,MR,has_measure,17.9
211,20,half_text + noisy_half_diagram[pixel_noise],OK,MQ,has_measure,15.4
211,20,half_text + noisy_half_diagram[pixel_noise],OK,QP,has_measure,11.1
211,20,half_text + noisy_half_diagram[pixel_noise],OK,∠RQP,has_measure,83°
211,20,half_text + noisy_half_diagram[pixel_noise],OK,∠MRP,has_measure,38°
211,20,half_text + noisy_half_diagram[pixel_noise],OK,∠MNQ,has_measure,33°
211,20,half_text + noisy_half_diagram[pixel_noise],OK,RP,has_measure,20
211,20,half_text + noisy_half_diagram[pixel_noise],OK,MR,lies_on,MP
211,20,half_text + noisy_half_diagram[pixel_noise],OK,MQ,lies_on,MP
211,20,half_text + noisy_half_diagram[pixel_noise],OK,QP,lies_on,MP
211,20,half_text + noisy_half_diagram[pixel_noise],OK,RQ,lies_on,RN
211,20,half_text + noisy_half_diagram[pixel_noise],OK,QN,lies_on,RN
211,20,half_text + noisy_half_diagram[pixel_noise],OK,RP,connects,"R, P"
211,20,half_text + noisy_half_diagram[pixel_noise],OK,MN,connects,"M, N"
211,20,half_text + noisy_half_diagram[pixel_noise],OK,MP,connects,"M, P"
211,20,half_text + noisy_half_diagram[pixel_noise],OK,RN,connects,"R, N"
,,,,,,
223,20,half_text + noisy_half_diagram[pixel_noise],OK,A,is_a,point
223,20,half_text + noisy_half_diagram[pixel_noise],OK,B,is_a,point
223,20,half_text + noisy_half_diagram[pixel_noise],OK,C,is_a,point
223,20,half_text + noisy_half_diagram[pixel_noise],OK,AC,is_a,segment
223,20,half_text + noisy_half_diagram[pixel_noise],OK,BC,is_a,segment
223,20,half_text + noisy_half_diagram[pixel_noise],OK,AB,is_a,segment
223,20,half_text + noisy_half_diagram[pixel_noise],OK,AC,has_measure,3\sqrt{2}
223,20,half_text + noisy_half_diagram[pixel_noise],OK,∠ACB,is_a,right_angle
223,20,half_text + noisy_half_diagram[pixel_noise],OK,AC,lies_on,triangle
223,20,half_text + noisy_half_diagram[pixel_noise],OK,BC,lies_on,triangle
223,20,half_text + noisy_half_diagram[pixel_noise],OK,AB,lies_on,triangle
223,20,half_text + noisy_half_diagram[pixel_noise],OK,AB,is_a,hypotenuse
223,20,half_text + noisy_half_diagram[pixel_noise],OK,x,has_measure,?
223,20,half_text + noisy_half_diagram[pixel_noise],OK,BC,has_measure,x
223,20,half_text + noisy_half_diagram[pixel_noise],OK,AB,has_measure,?
223,20,half_text + noisy_half_diagram[pixel_noise],OK,triangle,has_angle,right_angle
,,,,,,
239,20,half_text + noisy_half_diagram[pixel_noise],OK,R,is_a,point
239,20,half_text + noisy_half_diagram[pixel_noise],OK,S,is_a,point
239,20,half_text + noisy_half_diagram[pixel_noise],OK,T,is_a,point
239,20,half_text + noisy_half_diagram[pixel_noise],OK,A,is_a,point
239,20,half_text + noisy_half_diagram[pixel_noise],OK,B,is_a,point
239,20,half_text + noisy_half_diagram[pixel_noise],OK,C,is_a,point
239,20,half_text + noisy_half_diagram[pixel_noise],OK,R,lies_on,AC
239,20,half_text + noisy_half_diagram[pixel_noise],OK,S,lies_on,AB
239,20,half_text + noisy_half_diagram[pixel_noise],OK,T,lies_on,BC
239,20,half_text + noisy_half_diagram[pixel_noise],OK,AT,is_a,segment
239,20,half_text + noisy_half_diagram[pixel_noise],OK,RM,is_a,segment
239,20,half_text + noisy_half_diagram[pixel_noise],OK,MB,is_a,segment
239,20,half_text + noisy_half_diagram[pixel_noise],OK,RM,has_measure,4_units
239,20,half_text + noisy_half_diagram[pixel_noise],OK,AT,has_measure,7_units
239,20,half_text + noisy_half_diagram[pixel_noise],OK,RS,is_a,segment
239,20,half_text + noisy_half_diagram[pixel_noise],OK,M,is_a,point
239,20,half_text + noisy_half_diagram[pixel_noise],OK,M,lies_on,AT
239,20,half_text + noisy_half_diagram[pixel_noise],OK,M,lies_on,BR
239,20,half_text + noisy_half_diagram[pixel_noise],OK,M,lies_on,CS
239,20,half_text + noisy_half_diagram[pixel_noise],OK,M,lies_on,MB
239,20,half_text + noisy_half_diagram[pixel_noise],OK,RS,intersects,AT
239,20,half_text + noisy_half_diagram[pixel_noise],OK,RS,intersects,MB
239,20,half_text + noisy_half_diagram[pixel_noise],OK,MB,intersects,RS
,,,,,,
243,20,half_text + noisy_half_diagram[pixel_noise],OK,Des Moines,is_a,city
243,20,half_text + noisy_half_diagram[pixel_noise],OK,Phoenix,is_a,city
243,20,half_text + noisy_half_diagram[pixel_noise],OK,Atlanta,is_a,city
243,20,half_text + noisy_half_diagram[pixel_noise],OK,Total Trip Distance,has_measure,3482
243,20,half_text + noisy_half_diagram[pixel_noise],OK,Trip,has_measure,110x + 53 miles
243,20,half_text + noisy_half_diagram[pixel_noise],OK,Trip,has_measure,150x + 91 miles
243,20,half_text + noisy_half_diagram[pixel_noise],OK,Trip,has_measure,73.8x miles
243,20,half_text + noisy_half_diagram[pixel_noise],OK,Des Moines to Phoenix,has_measure,110x + 53
243,20,half_text + noisy_half_diagram[pixel_noise],OK,Des Moines to Atlanta,has_measure,73.8x
243,20,half_text + noisy_half_diagram[pixel_noise],OK,Phoenix to Atlanta,has_measure,150x + 91
,,,,,,
257,20,half_text + noisy_half_diagram[pixel_noise],OK,A,is_a,point
257,20,half_text + noisy_half_diagram[pixel_noise],OK,B,is_a,point
257,20,half_text + noisy_half_diagram[pixel_noise],OK,C,is_a,point
257,20,half_text + noisy_half_diagram[pixel_noise],OK,D,is_a,point
257,20,half_text + noisy_half_diagram[pixel_noise],OK,E,is_a,point
257,20,half_text + noisy_half_diagram[pixel_noise],OK,AB,is_a,segment
257,20,half_text + noisy_half_diagram[pixel_noise],OK,BE,is_a,segment
257,20,half_text + noisy_half_diagram[pixel_noise],OK,CD,is_a,segment
257,20,half_text + noisy_half_diagram[pixel_noise],OK,AE,is_a,segment
257,20,half_text + noisy_half_diagram[pixel_noise],OK,ED,is_a,segment
257,20,half_text + noisy_half_diagram[pixel_noise],OK,AD,is_a,segment
257,20,half_text + noisy_half_diagram[pixel_noise],OK,AB,has_measure,16
257,20,half_text + noisy_half_diagram[pixel_noise],OK,ED,has_measure,5
257,20,half_text + noisy_half_diagram[pixel_noise],OK,BE,parallel_to,CD
257,20,half_text + noisy_half_diagram[pixel_noise],OK,ABE,is_a,triangle
257,20,half_text + noisy_half_diagram[pixel_noise],OK,ACD,is_a,triangle
,,,,,,
264,20,half_text + noisy_half_diagram[pixel_noise],OK,M,is_a,point
264,20,half_text + noisy_half_diagram[pixel_noise],OK,N,is_a,point
264,20,half_text + noisy_half_diagram[pixel_noise],OK,P,is_a,point
264,20,half_text + noisy_half_diagram[pixel_noise],OK,Q,is_a,point
264,20,half_text + noisy_half_diagram[pixel_noise],OK,MN,is_a,segment
264,20,half_text + noisy_half_diagram[pixel_noise],OK,NP,is_a,segment
264,20,half_text + noisy_half_diagram[pixel_noise],OK,PQ,is_a,segment
264,20,half_text + noisy_half_diagram[pixel_noise],OK,MQ,is_a,segment
264,20,half_text + noisy_half_diagram[pixel_noise],OK,MNPQ,is_a,parallelogram
264,20,half_text + noisy_half_diagram[pixel_noise],OK,LM,has_measure,10x
264,20,half_text + noisy_half_diagram[pixel_noise],OK,LM,is_a,angle
264,20,half_text + noisy_half_diagram[pixel_noise],OK,LP,has_measure,10x
264,20,half_text + noisy_half_diagram[pixel_noise],OK,LM,equals,LP
264,20,half_text + noisy_half_diagram[pixel_noise],OK,∠N,has_measure,20x
264,20,half_text + noisy_half_diagram[pixel_noise],OK,∠N,equals,∠P
264,20,half_text + noisy_half_diagram[pixel_noise],OK,∠Q,has_measure,?
264,20,half_text + noisy_half_diagram[pixel_noise],OK,∠M,equals,∠Q
,,,,,,
281,20,half_text + noisy_half_diagram[pixel_noise],OK,A,is_a,point
281,20,half_text + noisy_half_diagram[pixel_noise],OK,B,is_a,point
281,20,half_text + noisy_half_diagram[pixel_noise],OK,C,is_a,point
281,20,half_text + noisy_half_diagram[pixel_noise],OK,AB,is_a,segment
281,20,half_text + noisy_half_diagram[pixel_noise],OK,BC,is_a,segment
281,20,half_text + noisy_half_diagram[pixel_noise],OK,AC,is_a,segment
281,20,half_text + noisy_half_diagram[pixel_noise],OK,ABC,is_a,triangle
281,20,half_text + noisy_half_diagram[pixel_noise],OK,BC,has_measure,10_units
281,20,half_text + noisy_half_diagram[pixel_noise],OK,AB,has_measure,26_units
281,20,half_text + noisy_half_diagram[pixel_noise],OK,C,is_a,right_angle
281,20,half_text + noisy_half_diagram[pixel_noise],OK,∠ACB,is_a,right_angle
281,20,half_text + noisy_half_diagram[pixel_noise],OK,AC,lies_on,ABC
281,20,half_text + noisy_half_diagram[pixel_noise],OK,BC,lies_on,ABC
281,20,half_text + noisy_half_diagram[pixel_noise],OK,AB,lies_on,ABC
281,20,half_text + noisy_half_diagram[pixel_noise],OK,A,connects,B
281,20,half_text + noisy_half_diagram[pixel_noise],OK,B,connects,C
281,20,half_text + noisy_half_diagram[pixel_noise],OK,C,connects,A
281,20,half_text + noisy_half_diagram[pixel_noise],OK,∠ACB,has_measure,90_deg
,,,,,,
327,20,half_text + noisy_half_diagram[pixel_noise],OK,X,is_a,point
327,20,half_text + noisy_half_diagram[pixel_noise],OK,Y,is_a,point
327,20,half_text + noisy_half_diagram[pixel_noise],OK,Z,is_a,point
327,20,half_text + noisy_half_diagram[pixel_noise],OK,XY,is_a,segment
327,20,half_text + noisy_half_diagram[pixel_noise],OK,YZ,is_a,segment
327,20,half_text + noisy_half_diagram[pixel_noise],OK,XZ,is_a,segment
327,20,half_text + noisy_half_diagram[pixel_noise],OK,XY,has_measure,b km
327,20,half_text + noisy_half_diagram[pixel_noise],OK,YZ,has_measure,10.7 km
327,20,half_text + noisy_half_diagram[pixel_noise],OK,XZ,has_measure,d km
327,20,half_text + noisy_half_diagram[pixel_noise],OK,Z,lies_on,bearing 335° from X
327,20,half_text + noisy_half_diagram[pixel_noise],OK,Z,rotated_about,X 335°
327,20,half_text + noisy_half_diagram[pixel_noise],OK,b,has_measure,km
327,20,half_text + noisy_half_diagram[pixel_noise],OK,10.7,has_measure,km
327,20,half_text + noisy_half_diagram[pixel_noise],OK,d,has_measure,km
327,20,half_text + noisy_half_diagram[pixel_noise],OK,Z,lies_on,line from X with bearing 335°
,,,,,,
348,20,half_text + noisy_half_diagram[pixel_noise],OK,Helicopter,is_a,point
348,20,half_text + noisy_half_diagram[pixel_noise],OK,Landing Pad,is_a,point
348,20,half_text + noisy_half_diagram[pixel_noise],OK,d,is_a,segment
348,20,half_text + noisy_half_diagram[pixel_noise],OK,198m,has_measure,Helicopter_altitude
348,20,half_text + noisy_half_diagram[pixel_noise],OK,44_deg,has_measure,angle
348,20,half_text + noisy_half_diagram[pixel_noise],OK,angle,lies_on,Helicopter
348,20,half_text + noisy_half_diagram[pixel_noise],OK,Helicopter,lies_on,line
348,20,half_text + noisy_half_diagram[pixel_noise],OK,Landing Pad,lies_on,line
348,20,half_text + noisy_half_diagram[pixel_noise],OK,d,connects,"Helicopter, Landing Pad"
348,20,half_text + noisy_half_diagram[pixel_noise],OK,angle,is_a,∠Helicopter Landing Pad
348,20,half_text + noisy_half_diagram[pixel_noise],OK,∠Helicopter Landing Pad,has_measure,44_deg
348,20,half_text + noisy_half_diagram[pixel_noise],OK,Helicopter_altitude,is_a,segment
348,20,half_text + noisy_half_diagram[pixel_noise],OK,Helicopter_altitude,has_measure,198m
,,,,,,
364,20,half_text + noisy_half_diagram[pixel_noise],OK,A,is_a,point
364,20,half_text + noisy_half_diagram[pixel_noise],OK,B,is_a,point
364,20,half_text + noisy_half_diagram[pixel_noise],OK,O,is_a,point
364,20,half_text + noisy_half_diagram[pixel_noise],OK,AB,is_a,segment
364,20,half_text + noisy_half_diagram[pixel_noise],OK,AO,is_a,segment
364,20,half_text + noisy_half_diagram[pixel_noise],OK,BO,is_a,segment
364,20,half_text + noisy_half_diagram[pixel_noise],OK,∠AOB,is_a,angle
364,20,half_text + noisy_half_diagram[pixel_noise],OK,h,is_a,length
364,20,half_text + noisy_half_diagram[pixel_noise],OK,cable,is_a,object
364,20,half_text + noisy_half_diagram[pixel_noise],OK,tower,is_a,object
364,20,half_text + noisy_half_diagram[pixel_noise],OK,bridge,is_a,object
364,20,half_text + noisy_half_diagram[pixel_noise],OK,O,lies_on,tower
364,20,half_text + noisy_half_diagram[pixel_noise],OK,AB,lies_on,bridge
364,20,half_text + noisy_half_diagram[pixel_noise],OK,AO,intersects,BO
364,20,half_text + noisy_half_diagram[pixel_noise],OK,AO,connects,O
364,20,half_text + noisy_half_diagram[pixel_noise],OK,BO,connects,O
364,20,half_text + noisy_half_diagram[pixel_noise],OK,cable,tangent_to,tower
364,20,half_text + noisy_half_diagram[pixel_noise],OK,h,has_measure,?_units
364,20,half_text + noisy_half_diagram[pixel_noise],OK,bridge,has_measure,65.9_m
364,20,half_text + noisy_half_diagram[pixel_noise],OK,tower,has_measure,35.5_m
,,,,,,
365,20,half_text + noisy_half_diagram[pixel_noise],OK,A,is_a,point
365,20,half_text + noisy_half_diagram[pixel_noise],OK,B,is_a,point
365,20,half_text + noisy_half_diagram[pixel_noise],OK,C,is_a,point
365,20,half_text + noisy_half_diagram[pixel_noise],OK,AB,is_a,segment
365,20,half_text + noisy_half_diagram[pixel_noise],OK,BC,is_a,segment
365,20,half_text + noisy_half_diagram[pixel_noise],OK,AB,has_measure,10369\;m
365,20,half_text + noisy_half_diagram[pixel_noise],OK,BC,has_measure,23444\;m
365,20,half_text + noisy_half_diagram[pixel_noise],OK,\angle ABC,is_a,angle
365,20,half_text + noisy_half_diagram[pixel_noise],OK,\angle ABC,has_measure,\theta^\circ
365,20,half_text + noisy_half_diagram[pixel_noise],OK,A,lies_on,line\;through\;A\;and\;B
365,20,half_text + noisy_half_diagram[pixel_noise],OK,B,lies_on,line\;through\;A\;and\;B
365,20,half_text + noisy_half_diagram[pixel_noise],OK,B,lies_on,BC
365,20,half_text + noisy_half_diagram[pixel_noise],OK,AB,has_measure,10369_m
365,20,half_text + noisy_half_diagram[pixel_noise],OK,BC,has_measure,23444_m
365,20,half_text + noisy_half_diagram[pixel_noise],OK,∠ABC,is_a,angle
365,20,half_text + noisy_half_diagram[pixel_noise],OK,∠ABC,has_measure,θ_deg
,,,,,,
420,20,half_text + noisy_half_diagram[pixel_noise],OK,AB,has_measure,10 cm
420,20,half_text + noisy_half_diagram[pixel_noise],OK,dashed line,has_measure,6 cm
420,20,half_text + noisy_half_diagram[pixel_noise],OK,dashed line,is_a,segment
420,20,half_text + noisy_half_diagram[pixel_noise],OK,10 cm side,is_a,segment
420,20,half_text + noisy_half_diagram[pixel_noise],OK,dashed line,perpendicular_to,10 cm side
420,20,half_text + noisy_half_diagram[pixel_noise],OK,A,is_a,point
420,20,half_text + noisy_half_diagram[pixel_noise],OK,B,is_a,point
420,20,half_text + noisy_half_diagram[pixel_noise],OK,AB,is_a,segment
420,20,half_text + noisy_half_diagram[pixel_noise],OK,10 cm side,has_measure,10 cm
420,20,half_text + noisy_half_diagram[pixel_noise],OK,C,is_a,point
420,20,half_text + noisy_half_diagram[pixel_noise],OK,D,is_a,point
420,20,half_text + noisy_half_diagram[pixel_noise],OK,CD,is_a,segment
420,20,half_text + noisy_half_diagram[pixel_noise],OK,AD,is_a,segment
420,20,half_text + noisy_half_diagram[pixel_noise],OK,BC,is_a,segment
420,20,half_text + noisy_half_diagram[pixel_noise],OK,AD,has_measure,?
420,20,half_text + noisy_half_diagram[pixel_noise],OK,BC,has_measure,?
420,20,half_text + noisy_half_diagram[pixel_noise],OK,CD,has_measure,?
420,20,half_text + noisy_half_diagram[pixel_noise],OK,AD,intersects,CD
420,20,half_text + noisy_half_diagram[pixel_noise],OK,AB,intersects,AD
420,20,half_text + noisy_half_diagram[pixel_noise],OK,AB,intersects,BC
420,20,half_text + noisy_half_diagram[pixel_noise],OK,BC,intersects,CD
420,20,half_text + noisy_half_diagram[pixel_noise],OK,CD,intersects,AD
420,20,half_text + noisy_half_diagram[pixel_noise],OK,dashed line,perpendicular_to,CD
420,20,half_text + noisy_half_diagram[pixel_noise],OK,AB,parallel_to,CD
,,,,,,
432,20,half_text + noisy_half_diagram[pixel_noise],OK,-3,4,"is_a, point"
432,20,half_text + noisy_half_diagram[pixel_noise],OK,5,2,"is_a, point"
432,20,half_text + noisy_half_diagram[pixel_noise],OK,d,is_a,distance
432,20,half_text + noisy_half_diagram[pixel_noise],OK,d,has_measure,?
432,20,half_text + noisy_half_diagram[pixel_noise],OK,A,lies_on,line
432,20,half_text + noisy_half_diagram[pixel_noise],OK,B,lies_on,line
432,20,half_text + noisy_half_diagram[pixel_noise],OK,line,connects,"A, B"
432,20,half_text + noisy_half_diagram[pixel_noise],OK,A,is_a,point
432,20,half_text + noisy_half_diagram[pixel_noise],OK,B,is_a,point
432,20,half_text + noisy_half_diagram[pixel_noise],OK,AB,is_a,segment
432,20,half_text + noisy_half_diagram[pixel_noise],OK,line,intersects,x-axis
432,20,half_text + noisy_half_diagram[pixel_noise],OK,line,intersects,y-axis
432,20,half_text + noisy_half_diagram[pixel_noise],OK,x,is_a,axis
432,20,half_text + noisy_half_diagram[pixel_noise],OK,y,is_a,axis
,,,,,,
438,20,half_text + noisy_half_diagram[pixel_noise],OK,Vertices,is_a,point
438,20,half_text + noisy_half_diagram[pixel_noise],OK,Vertices,has_measure,2
438,20,half_text + noisy_half_diagram[pixel_noise],OK,Vertex1,is_a,point
438,20,half_text + noisy_half_diagram[pixel_noise],OK,Vertex2,is_a,point
438,20,half_text + noisy_half_diagram[pixel_noise],OK,Center,is_a,point
,,,,,,
441,20,half_text + noisy_half_diagram[pixel_noise],OK,a,is_a,angle
441,20,half_text + noisy_half_diagram[pixel_noise],OK,P,is_a,point
441,20,half_text + noisy_half_diagram[pixel_noise],OK,P,lies_on,unit circle
441,20,half_text + noisy_half_diagram[pixel_noise],OK,a,has_measure,a
441,20,half_text + noisy_half_diagram[pixel_noise],OK,unit circle,is_a,circle
441,20,half_text + noisy_half_diagram[pixel_noise],OK,unit circle,has_measure,1
441,20,half_text + noisy_half_diagram[pixel_noise],OK,P,has_x_coordinate,3/5
441,20,half_text + noisy_half_diagram[pixel_noise],OK,a,is_in,standard position
441,20,half_text + noisy_half_diagram[pixel_noise],OK,terminal side of a,intersects,unit circle
441,20,half_text + noisy_half_diagram[pixel_noise],OK,terminal side of a,intersects,P
441,20,half_text + noisy_half_diagram[pixel_noise],OK,unit circle,lies_on,plane
441,20,half_text + noisy_half_diagram[pixel_noise],OK,a,is_part_of,plane
441,20,half_text + noisy_half_diagram[pixel_noise],OK,P,has_y_coordinate,?
441,20,half_text + noisy_half_diagram[pixel_noise],OK,unit circle,has_center,O
441,20,half_text + noisy_half_diagram[pixel_noise],OK,O,is_a,point
441,20,half_text + noisy_half_diagram[pixel_noise],OK,OP,is_a,segment
441,20,half_text + noisy_half_diagram[pixel_noise],OK,OP,has_length,1
441,20,half_text + noisy_half_diagram[pixel_noise],OK,a,is_related_to,sin a
441,20,half_text + noisy_half_diagram[pixel_noise],OK,sin a,is_a,ratio
441,20,half_text + noisy_half_diagram[pixel_noise],OK,sin a,has_value,?
,,,,,,
447,20,half_text + noisy_half_diagram[pixel_noise],OK,P,is_a,point
447,20,half_text + noisy_half_diagram[pixel_noise],OK,a,is_a,angle
447,20,half_text + noisy_half_diagram[pixel_noise],OK,P,lies_on,circle
447,20,half_text + noisy_half_diagram[pixel_noise],OK,circle,center_of,origin
447,20,half_text + noisy_half_diagram[pixel_noise],OK,origin,is_a,point
447,20,half_text + noisy_half_diagram[pixel_noise],OK,x-axis,is_a,line
447,20,half_text + noisy_half_diagram[pixel_noise],OK,y-axis,is_a,line
447,20,half_text + noisy_half_diagram[pixel_noise],OK,a,has_measure,?
447,20,half_text + noisy_half_diagram[pixel_noise],OK,P,has_x_coordinate,20/29
447,20,half_text + noisy_half_diagram[pixel_noise],OK,P,has_y_coordinate,-21/29
447,20,half_text + noisy_half_diagram[pixel_noise],OK,a,intersects,P
,,,,,,
449,20,half_text + noisy_half_diagram[pixel_noise],OK,O,is_a,point
449,20,half_text + noisy_half_diagram[pixel_noise],OK,0,0,"is_a, coordinate"
449,20,half_text + noisy_half_diagram[pixel_noise],OK,circle,is_a,geometric_shape
449,20,half_text + noisy_half_diagram[pixel_noise],OK,circle,center_of,O
449,20,half_text + noisy_half_diagram[pixel_noise],OK,P,is_a,point
449,20,half_text + noisy_half_diagram[pixel_noise],OK,P,lies_on,circle
449,20,half_text + noisy_half_diagram[pixel_noise],OK,x,is_a,coordinate
449,20,half_text + noisy_half_diagram[pixel_noise],OK,y,is_a,coordinate
449,20,half_text + noisy_half_diagram[pixel_noise],OK,θ,is_a,angle
449,20,half_text + noisy_half_diagram[pixel_noise],OK,sec θ,is_a,trigonometric_ratio
449,20,half_text + noisy_half_diagram[pixel_noise],OK,sec θ,has_measure,?
449,20,half_text + noisy_half_diagram[pixel_noise],OK,P,has_measure,?
449,20,half_text + noisy_half_diagram[pixel_noise],OK,x,has_measure,?
449,20,half_text + noisy_half_diagram[pixel_noise],OK,y,has_measure,1
,,,,,,
457,20,half_text + noisy_half_diagram[pixel_noise],OK,1,3,"is_a, point"
457,20,half_text + noisy_half_diagram[pixel_noise],OK,center_of,?,circle
457,20,half_text + noisy_half_diagram[pixel_noise],OK,c,is_a,?
457,20,half_text + noisy_half_diagram[pixel_noise],OK,r,is_a,?
457,20,half_text + noisy_half_diagram[pixel_noise],OK,1,3,"is_a, center"
457,20,half_text + noisy_half_diagram[pixel_noise],OK,equation,has_measure,?
457,20,half_text + noisy_half_diagram[pixel_noise],OK,equation,is_a,?
457,20,half_text + noisy_half_diagram[pixel_noise],OK,circle,has_measure,?
,,,,,,
472,20,half_text + noisy_half_diagram[pixel_noise],OK,A,is_a,point
472,20,half_text + noisy_half_diagram[pixel_noise],OK,B,is_a,point
472,20,half_text + noisy_half_diagram[pixel_noise],OK,C,is_a,point
472,20,half_text + noisy_half_diagram[pixel_noise],OK,AB,is_a,segment
472,20,half_text + noisy_half_diagram[pixel_noise],OK,BC,is_a,segment
472,20,half_text + noisy_half_diagram[pixel_noise],OK,AC,is_a,segment
472,20,half_text + noisy_half_diagram[pixel_noise],OK,-7,0,0
472,20,half_text + noisy_half_diagram[pixel_noise],OK,A,lies_on,x-axis
472,20,half_text + noisy_half_diagram[pixel_noise],OK,C,lies_on,x-axis
472,20,half_text + noisy_half_diagram[pixel_noise],OK,A,has_measure,-7_units
472,20,half_text + noisy_half_diagram[pixel_noise],OK,A,has_measure,0_units
472,20,half_text + noisy_half_diagram[pixel_noise],OK,B,has_measure,5_units
472,20,half_text + noisy_half_diagram[pixel_noise],OK,B,has_measure,-5_units
472,20,half_text + noisy_half_diagram[pixel_noise],OK,C,has_measure,7_units
472,20,half_text + noisy_half_diagram[pixel_noise],OK,C,has_measure,0_units
,,,,,,
