problem_index,case_id,case_label,status,subject,predicate,object
1,9,full_text + noisy_diagram[irr_objects],OK,A,is_a,point
1,9,full_text + noisy_diagram[irr_objects],OK,B,is_a,point
1,9,full_text + noisy_diagram[irr_objects],OK,C,is_a,point
1,9,full_text + noisy_diagram[irr_objects],OK,ABC,is_a,triangle
1,9,full_text + noisy_diagram[irr_objects],OK,∠A,is_a,angle
1,9,full_text + noisy_diagram[irr_objects],OK,∠A,has_measure,80_deg
1,9,full_text + noisy_diagram[irr_objects],OK,∠B,is_a,angle
1,9,full_text + noisy_diagram[irr_objects],OK,∠B,has_measure,60_deg
1,9,full_text + noisy_diagram[irr_objects],OK,D,is_a,point
1,9,full_text + noisy_diagram[irr_objects],OK,E,is_a,point
1,9,full_text + noisy_diagram[irr_objects],OK,AB,is_a,segment
1,9,full_text + noisy_diagram[irr_objects],OK,AC,is_a,segment
1,9,full_text + noisy_diagram[irr_objects],OK,BC,is_a,segment
1,9,full_text + noisy_diagram[irr_objects],OK,DE,is_a,segment
1,9,full_text + noisy_diagram[irr_objects],OK,D,lies_on,AB
1,9,full_text + noisy_diagram[irr_objects],OK,E,lies_on,AC
1,9,full_text + noisy_diagram[irr_objects],OK,DE,parallel_to,BC
1,9,full_text + noisy_diagram[irr_objects],OK,∠CED,is_a,angle
1,9,full_text + noisy_diagram[irr_objects],OK,∠CED,is_a,query_target
,,,,,,
2,9,full_text + noisy_diagram[irr_objects],OK,AB,is_a,line
2,9,full_text + noisy_diagram[irr_objects],OK,CD,is_a,line
2,9,full_text + noisy_diagram[irr_objects],OK,EF,is_a,line
2,9,full_text + noisy_diagram[irr_objects],OK,EG,is_a,line
2,9,full_text + noisy_diagram[irr_objects],OK,AB,parallel_to,CD
2,9,full_text + noisy_diagram[irr_objects],OK,EF,intersects,AB
2,9,full_text + noisy_diagram[irr_objects],OK,EF,intersects,CD
2,9,full_text + noisy_diagram[irr_objects],OK,E,is_a,point
2,9,full_text + noisy_diagram[irr_objects],OK,F,is_a,point
2,9,full_text + noisy_diagram[irr_objects],OK,EG,intersects,CD
2,9,full_text + noisy_diagram[irr_objects],OK,G,is_a,point
2,9,full_text + noisy_diagram[irr_objects],OK,EG,bisects,∠BEF
2,9,full_text + noisy_diagram[irr_objects],OK,∠BEF,has_measure,50_deg
2,9,full_text + noisy_diagram[irr_objects],OK,∠EFG,has_measure,50_deg
2,9,full_text + noisy_diagram[irr_objects],OK,∠EGF,has_measure,?
,,,,,,
3,9,full_text + noisy_diagram[irr_objects],OK,A,is_a,point
3,9,full_text + noisy_diagram[irr_objects],OK,B,is_a,point
3,9,full_text + noisy_diagram[irr_objects],OK,C,is_a,point
3,9,full_text + noisy_diagram[irr_objects],OK,D,is_a,point
3,9,full_text + noisy_diagram[irr_objects],OK,BC,is_a,segment
3,9,full_text + noisy_diagram[irr_objects],OK,BA,is_a,segment
3,9,full_text + noisy_diagram[irr_objects],OK,BD,is_a,segment
3,9,full_text + noisy_diagram[irr_objects],OK,CD,is_a,segment
3,9,full_text + noisy_diagram[irr_objects],OK,AB,is_a,segment
3,9,full_text + noisy_diagram[irr_objects],OK,∠BCD,is_a,angle
3,9,full_text + noisy_diagram[irr_objects],OK,∠CDB,is_a,angle
3,9,full_text + noisy_diagram[irr_objects],OK,∠ABC,is_a,angle
3,9,full_text + noisy_diagram[irr_objects],OK,BC,connects,B
3,9,full_text + noisy_diagram[irr_objects],OK,BC,connects,C
3,9,full_text + noisy_diagram[irr_objects],OK,BA,connects,B
3,9,full_text + noisy_diagram[irr_objects],OK,BA,connects,A
3,9,full_text + noisy_diagram[irr_objects],OK,BD,connects,B
3,9,full_text + noisy_diagram[irr_objects],OK,BD,connects,D
3,9,full_text + noisy_diagram[irr_objects],OK,CD,connects,C
3,9,full_text + noisy_diagram[irr_objects],OK,CD,connects,D
3,9,full_text + noisy_diagram[irr_objects],OK,AB,connects,A
3,9,full_text + noisy_diagram[irr_objects],OK,AB,connects,B
3,9,full_text + noisy_diagram[irr_objects],OK,BC,intersects,B
3,9,full_text + noisy_diagram[irr_objects],OK,BA,intersects,B
3,9,full_text + noisy_diagram[irr_objects],OK,∠BCD,has_measure,70_deg
3,9,full_text + noisy_diagram[irr_objects],OK,CD,parallel_to,AB
3,9,full_text + noisy_diagram[irr_objects],OK,BD,bisects,∠ABC
3,9,full_text + noisy_diagram[irr_objects],OK,∠CDB,is_a,query_target
,,,,,,
4,9,full_text + noisy_diagram[irr_objects],OK,A,is_a,point
4,9,full_text + noisy_diagram[irr_objects],OK,B,is_a,point
4,9,full_text + noisy_diagram[irr_objects],OK,C,is_a,point
4,9,full_text + noisy_diagram[irr_objects],OK,O,is_a,point
4,9,full_text + noisy_diagram[irr_objects],OK,AB,is_a,segment
4,9,full_text + noisy_diagram[irr_objects],OK,AO,is_a,segment
4,9,full_text + noisy_diagram[irr_objects],OK,BC,is_a,segment
4,9,full_text + noisy_diagram[irr_objects],OK,∠A,is_a,angle
4,9,full_text + noisy_diagram[irr_objects],OK,∠OCB,is_a,angle
4,9,full_text + noisy_diagram[irr_objects],OK,AB,tangent_to,circle_O
4,9,full_text + noisy_diagram[irr_objects],OK,AB,intersects,circle_O
4,9,full_text + noisy_diagram[irr_objects],OK,AO,intersects,circle_O
4,9,full_text + noisy_diagram[irr_objects],OK,AO,connects,A
4,9,full_text + noisy_diagram[irr_objects],OK,AO,connects,O
4,9,full_text + noisy_diagram[irr_objects],OK,AB,connects,A
4,9,full_text + noisy_diagram[irr_objects],OK,AB,connects,B
4,9,full_text + noisy_diagram[irr_objects],OK,BC,connects,B
4,9,full_text + noisy_diagram[irr_objects],OK,BC,connects,C
4,9,full_text + noisy_diagram[irr_objects],OK,O,center_of,circle_O
4,9,full_text + noisy_diagram[irr_objects],OK,∠A,has_measure,36_deg
,,,,,,
7,9,full_text + noisy_diagram[irr_objects],OK,A,is_a,point
7,9,full_text + noisy_diagram[irr_objects],OK,B,is_a,point
7,9,full_text + noisy_diagram[irr_objects],OK,C,is_a,point
7,9,full_text + noisy_diagram[irr_objects],OK,D,is_a,point
7,9,full_text + noisy_diagram[irr_objects],OK,E,is_a,point
7,9,full_text + noisy_diagram[irr_objects],OK,ABC,is_a,triangle
7,9,full_text + noisy_diagram[irr_objects],OK,ADE,is_a,triangle
7,9,full_text + noisy_diagram[irr_objects],OK,∠B,is_a,angle
7,9,full_text + noisy_diagram[irr_objects],OK,∠C,is_a,angle
7,9,full_text + noisy_diagram[irr_objects],OK,∠DAC,is_a,angle
7,9,full_text + noisy_diagram[irr_objects],OK,∠EAC,is_a,angle
7,9,full_text + noisy_diagram[irr_objects],OK,∠B,has_measure,70_deg
7,9,full_text + noisy_diagram[irr_objects],OK,∠C,has_measure,30_deg
7,9,full_text + noisy_diagram[irr_objects],OK,∠DAC,has_measure,35_deg
7,9,full_text + noisy_diagram[irr_objects],OK,ABC,is_a,"congruent, ADE"
7,9,full_text + noisy_diagram[irr_objects],OK,A,is_a,"common_vertex, ABC, ADE"
7,9,full_text + noisy_diagram[irr_objects],OK,∠EAC,is_a,query_target
,,,,,,
8,9,full_text + noisy_diagram[irr_objects],OK,A,is_a,point
8,9,full_text + noisy_diagram[irr_objects],OK,B,is_a,point
8,9,full_text + noisy_diagram[irr_objects],OK,C,is_a,point
8,9,full_text + noisy_diagram[irr_objects],OK,D,is_a,point
8,9,full_text + noisy_diagram[irr_objects],OK,E,is_a,point
8,9,full_text + noisy_diagram[irr_objects],OK,F,is_a,point
8,9,full_text + noisy_diagram[irr_objects],OK,ABC,is_a,triangle
8,9,full_text + noisy_diagram[irr_objects],OK,DEF,is_a,triangle
8,9,full_text + noisy_diagram[irr_objects],OK,ABC,is_a,"congruent_to, DEF"
8,9,full_text + noisy_diagram[irr_objects],OK,A,mapped_to,D
8,9,full_text + noisy_diagram[irr_objects],OK,B,mapped_to,E
8,9,full_text + noisy_diagram[irr_objects],OK,C,mapped_to,F
8,9,full_text + noisy_diagram[irr_objects],OK,BC,is_a,segment
8,9,full_text + noisy_diagram[irr_objects],OK,BE,is_a,segment
8,9,full_text + noisy_diagram[irr_objects],OK,EC,is_a,segment
8,9,full_text + noisy_diagram[irr_objects],OK,CF,is_a,segment
8,9,full_text + noisy_diagram[irr_objects],OK,BC,has_measure,5_units
8,9,full_text + noisy_diagram[irr_objects],OK,BF,has_measure,7_units
8,9,full_text + noisy_diagram[irr_objects],OK,EC,has_measure,?
,,,,,,
9,9,full_text + noisy_diagram[irr_objects],OK,A,is_a,point
9,9,full_text + noisy_diagram[irr_objects],OK,B,is_a,point
9,9,full_text + noisy_diagram[irr_objects],OK,C,is_a,point
9,9,full_text + noisy_diagram[irr_objects],OK,D,is_a,point
9,9,full_text + noisy_diagram[irr_objects],OK,E,is_a,point
9,9,full_text + noisy_diagram[irr_objects],OK,ABC,is_a,triangle
9,9,full_text + noisy_diagram[irr_objects],OK,AC,is_a,segment
9,9,full_text + noisy_diagram[irr_objects],OK,BC,is_a,segment
9,9,full_text + noisy_diagram[irr_objects],OK,AB,is_a,segment
9,9,full_text + noisy_diagram[irr_objects],OK,AD,is_a,segment
9,9,full_text + noisy_diagram[irr_objects],OK,DE,is_a,segment
9,9,full_text + noisy_diagram[irr_objects],OK,∠C,is_a,angle
9,9,full_text + noisy_diagram[irr_objects],OK,∠CAB,is_a,angle
9,9,full_text + noisy_diagram[irr_objects],OK,∠C,has_measure,90_deg
9,9,full_text + noisy_diagram[irr_objects],OK,AC,has_measure,?
9,9,full_text + noisy_diagram[irr_objects],OK,BC,has_measure,?
9,9,full_text + noisy_diagram[irr_objects],OK,AB,has_measure,6.0
9,9,full_text + noisy_diagram[irr_objects],OK,AD,intersects,BC
9,9,full_text + noisy_diagram[irr_objects],OK,AD,intersects,"BC, at, D"
9,9,full_text + noisy_diagram[irr_objects],OK,DE,perpendicular_to,AB
9,9,full_text + noisy_diagram[irr_objects],OK,DE,intersects,"AB, at, E"
9,9,full_text + noisy_diagram[irr_objects],OK,AD,bisects,∠CAB
9,9,full_text + noisy_diagram[irr_objects],OK,perimeter_of,DBE,?
,,,,,,
10,9,full_text + noisy_diagram[irr_objects],OK,A,is_a,point
10,9,full_text + noisy_diagram[irr_objects],OK,B,is_a,point
10,9,full_text + noisy_diagram[irr_objects],OK,C,is_a,point
10,9,full_text + noisy_diagram[irr_objects],OK,D,is_a,point
10,9,full_text + noisy_diagram[irr_objects],OK,E,is_a,point
10,9,full_text + noisy_diagram[irr_objects],OK,AB,is_a,segment
10,9,full_text + noisy_diagram[irr_objects],OK,AC,is_a,segment
10,9,full_text + noisy_diagram[irr_objects],OK,BC,is_a,segment
10,9,full_text + noisy_diagram[irr_objects],OK,AD,is_a,segment
10,9,full_text + noisy_diagram[irr_objects],OK,BE,is_a,segment
10,9,full_text + noisy_diagram[irr_objects],OK,DE,is_a,segment
10,9,full_text + noisy_diagram[irr_objects],OK,ABC,is_a,triangle
10,9,full_text + noisy_diagram[irr_objects],OK,AB,has_measure,?
10,9,full_text + noisy_diagram[irr_objects],OK,AC,has_measure,?
10,9,full_text + noisy_diagram[irr_objects],OK,∠BAC,is_a,angle
10,9,full_text + noisy_diagram[irr_objects],OK,∠BAC,has_measure,36_deg
,,,,,,
11,9,full_text + noisy_diagram[irr_objects],OK,A,is_a,point
11,9,full_text + noisy_diagram[irr_objects],OK,B,is_a,point
11,9,full_text + noisy_diagram[irr_objects],OK,C,is_a,point
11,9,full_text + noisy_diagram[irr_objects],OK,D,is_a,point
11,9,full_text + noisy_diagram[irr_objects],OK,E,is_a,point
11,9,full_text + noisy_diagram[irr_objects],OK,F,is_a,point
11,9,full_text + noisy_diagram[irr_objects],OK,ABC,is_a,triangle
11,9,full_text + noisy_diagram[irr_objects],OK,AED,is_a,triangle
11,9,full_text + noisy_diagram[irr_objects],OK,∠C,is_a,angle
11,9,full_text + noisy_diagram[irr_objects],OK,∠C,has_measure,36_deg
11,9,full_text + noisy_diagram[irr_objects],OK,AD,is_a,segment
11,9,full_text + noisy_diagram[irr_objects],OK,BC,is_a,segment
11,9,full_text + noisy_diagram[irr_objects],OK,∠AFC,is_a,angle
11,9,full_text + noisy_diagram[irr_objects],OK,ABC,rotated_about,A
11,9,full_text + noisy_diagram[irr_objects],OK,ABC,mapped_to,AED
11,9,full_text + noisy_diagram[irr_objects],OK,ABC,rotated_about,60_deg
11,9,full_text + noisy_diagram[irr_objects],OK,AD,intersects,BC
11,9,full_text + noisy_diagram[irr_objects],OK,AD,intersects,F
11,9,full_text + noisy_diagram[irr_objects],OK,BC,intersects,F
,,,,,,
14,9,full_text + noisy_diagram[irr_objects],OK,O,is_a,circle
14,9,full_text + noisy_diagram[irr_objects],OK,A,is_a,point
14,9,full_text + noisy_diagram[irr_objects],OK,B,is_a,point
14,9,full_text + noisy_diagram[irr_objects],OK,C,is_a,point
14,9,full_text + noisy_diagram[irr_objects],OK,O,is_a,point
14,9,full_text + noisy_diagram[irr_objects],OK,ABC,is_a,triangle
14,9,full_text + noisy_diagram[irr_objects],OK,OAB,is_a,angle
14,9,full_text + noisy_diagram[irr_objects],OK,ACB,is_a,angle
14,9,full_text + noisy_diagram[irr_objects],OK,A,lies_on,O
14,9,full_text + noisy_diagram[irr_objects],OK,B,lies_on,O
14,9,full_text + noisy_diagram[irr_objects],OK,C,lies_on,O
14,9,full_text + noisy_diagram[irr_objects],OK,A,lies_on,ABC
14,9,full_text + noisy_diagram[irr_objects],OK,B,lies_on,ABC
14,9,full_text + noisy_diagram[irr_objects],OK,C,lies_on,ABC
14,9,full_text + noisy_diagram[irr_objects],OK,OAB,has_measure,35_deg
14,9,full_text + noisy_diagram[irr_objects],OK,O,center_of,O
14,9,full_text + noisy_diagram[irr_objects],OK,A,connects,B
14,9,full_text + noisy_diagram[irr_objects],OK,B,connects,C
14,9,full_text + noisy_diagram[irr_objects],OK,C,connects,A
14,9,full_text + noisy_diagram[irr_objects],OK,A,connects,O
14,9,full_text + noisy_diagram[irr_objects],OK,B,connects,O
14,9,full_text + noisy_diagram[irr_objects],OK,C,connects,O
14,9,full_text + noisy_diagram[irr_objects],OK,ACB,is_a,query_target
,,,,,,
16,9,full_text + noisy_diagram[irr_objects],OK,O,is_a,point
16,9,full_text + noisy_diagram[irr_objects],OK,O,center_of,circle
16,9,full_text + noisy_diagram[irr_objects],OK,A,is_a,point
16,9,full_text + noisy_diagram[irr_objects],OK,B,is_a,point
16,9,full_text + noisy_diagram[irr_objects],OK,C,is_a,point
16,9,full_text + noisy_diagram[irr_objects],OK,AC,is_a,chord
16,9,full_text + noisy_diagram[irr_objects],OK,OB,is_a,radius
16,9,full_text + noisy_diagram[irr_objects],OK,AC,parallel_to,OB
16,9,full_text + noisy_diagram[irr_objects],OK,BOC,is_a,angle
16,9,full_text + noisy_diagram[irr_objects],OK,BOC,has_measure,50_deg
16,9,full_text + noisy_diagram[irr_objects],OK,OAB,is_a,angle
16,9,full_text + noisy_diagram[irr_objects],OK,OAB,has_measure,?
16,9,full_text + noisy_diagram[irr_objects],OK,OAB,is_a,query_target
,,,,,,
17,9,full_text + noisy_diagram[irr_objects],OK,A,is_a,point
17,9,full_text + noisy_diagram[irr_objects],OK,B,is_a,point
17,9,full_text + noisy_diagram[irr_objects],OK,C,is_a,point
17,9,full_text + noisy_diagram[irr_objects],OK,D,is_a,point
17,9,full_text + noisy_diagram[irr_objects],OK,O,is_a,point
17,9,full_text + noisy_diagram[irr_objects],OK,ABCD,is_a,parallelogram
17,9,full_text + noisy_diagram[irr_objects],OK,AC,is_a,diagonal
17,9,full_text + noisy_diagram[irr_objects],OK,BD,is_a,diagonal
17,9,full_text + noisy_diagram[irr_objects],OK,AC,intersects,BD
17,9,full_text + noisy_diagram[irr_objects],OK,AC,intersects,"BD, at, O"
17,9,full_text + noisy_diagram[irr_objects],OK,∠DAC,is_a,angle
17,9,full_text + noisy_diagram[irr_objects],OK,∠DAC,has_measure,42_deg
17,9,full_text + noisy_diagram[irr_objects],OK,∠CBD,is_a,angle
17,9,full_text + noisy_diagram[irr_objects],OK,∠CBD,has_measure,23_deg
17,9,full_text + noisy_diagram[irr_objects],OK,∠COD,is_a,angle
17,9,full_text + noisy_diagram[irr_objects],OK,AB,is_a,segment
17,9,full_text + noisy_diagram[irr_objects],OK,AB,is_a,side
17,9,full_text + noisy_diagram[irr_objects],OK,BC,is_a,segment
17,9,full_text + noisy_diagram[irr_objects],OK,BC,is_a,side
17,9,full_text + noisy_diagram[irr_objects],OK,CD,is_a,segment
17,9,full_text + noisy_diagram[irr_objects],OK,CD,is_a,side
17,9,full_text + noisy_diagram[irr_objects],OK,DA,is_a,segment
17,9,full_text + noisy_diagram[irr_objects],OK,DA,is_a,side
17,9,full_text + noisy_diagram[irr_objects],OK,AB,connects,"A, B"
17,9,full_text + noisy_diagram[irr_objects],OK,BC,connects,"B, C"
17,9,full_text + noisy_diagram[irr_objects],OK,CD,connects,"C, D"
17,9,full_text + noisy_diagram[irr_objects],OK,DA,connects,"D, A"
17,9,full_text + noisy_diagram[irr_objects],OK,AC,connects,"A, C"
17,9,full_text + noisy_diagram[irr_objects],OK,BD,connects,"B, D"
17,9,full_text + noisy_diagram[irr_objects],OK,∠COD,is_a,query_target
,,,,,,
20,9,full_text + noisy_diagram[irr_objects],OK,A,is_a,point
20,9,full_text + noisy_diagram[irr_objects],OK,B,is_a,point
20,9,full_text + noisy_diagram[irr_objects],OK,C,is_a,point
20,9,full_text + noisy_diagram[irr_objects],OK,D,is_a,point
20,9,full_text + noisy_diagram[irr_objects],OK,O,is_a,point
20,9,full_text + noisy_diagram[irr_objects],OK,AB,is_a,segment
20,9,full_text + noisy_diagram[irr_objects],OK,AC,is_a,segment
20,9,full_text + noisy_diagram[irr_objects],OK,BC,is_a,segment
20,9,full_text + noisy_diagram[irr_objects],OK,CD,is_a,segment
20,9,full_text + noisy_diagram[irr_objects],OK,OD,is_a,segment
20,9,full_text + noisy_diagram[irr_objects],OK,AB,is_a,diameter
20,9,full_text + noisy_diagram[irr_objects],OK,AB,center_of,O
20,9,full_text + noisy_diagram[irr_objects],OK,A,lies_on,O
20,9,full_text + noisy_diagram[irr_objects],OK,B,lies_on,O
20,9,full_text + noisy_diagram[irr_objects],OK,C,lies_on,O
20,9,full_text + noisy_diagram[irr_objects],OK,D,lies_on,O
20,9,full_text + noisy_diagram[irr_objects],OK,∠DOB,is_a,angle
20,9,full_text + noisy_diagram[irr_objects],OK,∠DOB,has_measure,140_deg
20,9,full_text + noisy_diagram[irr_objects],OK,∠ACD,is_a,angle
20,9,full_text + noisy_diagram[irr_objects],OK,∠ACD,has_measure,?
20,9,full_text + noisy_diagram[irr_objects],OK,AB,connects,"A, B"
20,9,full_text + noisy_diagram[irr_objects],OK,AC,connects,"A, C"
20,9,full_text + noisy_diagram[irr_objects],OK,BC,connects,"B, C"
20,9,full_text + noisy_diagram[irr_objects],OK,CD,connects,"C, D"
20,9,full_text + noisy_diagram[irr_objects],OK,OD,connects,"O, D"
,,,,,,
22,9,full_text + noisy_diagram[irr_objects],OK,A,is_a,point
22,9,full_text + noisy_diagram[irr_objects],OK,B,is_a,point
22,9,full_text + noisy_diagram[irr_objects],OK,C,is_a,point
22,9,full_text + noisy_diagram[irr_objects],OK,D,is_a,point
22,9,full_text + noisy_diagram[irr_objects],OK,M,is_a,point
22,9,full_text + noisy_diagram[irr_objects],OK,N,is_a,point
22,9,full_text + noisy_diagram[irr_objects],OK,O,is_a,point
22,9,full_text + noisy_diagram[irr_objects],OK,AM,is_a,segment
22,9,full_text + noisy_diagram[irr_objects],OK,CN,is_a,segment
22,9,full_text + noisy_diagram[irr_objects],OK,MN,is_a,segment
22,9,full_text + noisy_diagram[irr_objects],OK,AC,is_a,segment
22,9,full_text + noisy_diagram[irr_objects],OK,BO,is_a,segment
22,9,full_text + noisy_diagram[irr_objects],OK,ABCD,is_a,diamond
22,9,full_text + noisy_diagram[irr_objects],OK,M,lies_on,AB
22,9,full_text + noisy_diagram[irr_objects],OK,N,lies_on,CD
22,9,full_text + noisy_diagram[irr_objects],OK,AM,has_measure,CN
22,9,full_text + noisy_diagram[irr_objects],OK,MN,intersects,AC
22,9,full_text + noisy_diagram[irr_objects],OK,MN,intersects,"AC, at, O"
22,9,full_text + noisy_diagram[irr_objects],OK,BO,connects,"B, O"
22,9,full_text + noisy_diagram[irr_objects],OK,∠DAC,is_a,angle
22,9,full_text + noisy_diagram[irr_objects],OK,∠DAC,has_measure,28_deg
22,9,full_text + noisy_diagram[irr_objects],OK,∠OBC,is_a,angle
22,9,full_text + noisy_diagram[irr_objects],OK,∠OBC,has_measure,?
,,,,,,
25,9,full_text + noisy_diagram[irr_objects],OK,A,is_a,point
25,9,full_text + noisy_diagram[irr_objects],OK,B,is_a,point
25,9,full_text + noisy_diagram[irr_objects],OK,C,is_a,point
25,9,full_text + noisy_diagram[irr_objects],OK,E,is_a,point
25,9,full_text + noisy_diagram[irr_objects],OK,F,is_a,point
25,9,full_text + noisy_diagram[irr_objects],OK,EF,is_a,segment
25,9,full_text + noisy_diagram[irr_objects],OK,BC,is_a,segment
25,9,full_text + noisy_diagram[irr_objects],OK,∠BAF,is_a,angle
25,9,full_text + noisy_diagram[irr_objects],OK,∠B,is_a,angle
25,9,full_text + noisy_diagram[irr_objects],OK,∠C,is_a,angle
25,9,full_text + noisy_diagram[irr_objects],OK,EF,parallel_to,BC
25,9,full_text + noisy_diagram[irr_objects],OK,AC,is_a,angle_bisector
25,9,full_text + noisy_diagram[irr_objects],OK,∠B,has_measure,50_deg
25,9,full_text + noisy_diagram[irr_objects],OK,∠C,has_measure,?
,,,,,,
26,9,full_text + noisy_diagram[irr_objects],OK,bamboo_pole,is_a,object
26,9,full_text + noisy_diagram[irr_objects],OK,bamboo_pole,has_measure,3.2_m
26,9,full_text + noisy_diagram[irr_objects],OK,flagpole,is_a,object
26,9,full_text + noisy_diagram[irr_objects],OK,flagpole,has_measure,?
26,9,full_text + noisy_diagram[irr_objects],OK,bamboo_pole,has_measure,8.0_m
26,9,full_text + noisy_diagram[irr_objects],OK,flagpole,has_measure,22.0_m
26,9,full_text + noisy_diagram[irr_objects],OK,shadow,is_a,point
26,9,full_text + noisy_diagram[irr_objects],OK,bamboo_pole,connects,shadow
26,9,full_text + noisy_diagram[irr_objects],OK,flagpole,connects,shadow
26,9,full_text + noisy_diagram[irr_objects],OK,bamboo_pole,intersects,ground
26,9,full_text + noisy_diagram[irr_objects],OK,flagpole,intersects,ground
26,9,full_text + noisy_diagram[irr_objects],OK,shadow,lies_on,ground
26,9,full_text + noisy_diagram[irr_objects],OK,bamboo_pole,lies_on,ground
26,9,full_text + noisy_diagram[irr_objects],OK,flagpole,lies_on,ground
26,9,full_text + noisy_diagram[irr_objects],OK,bamboo_pole,is_a,measuring_tool
26,9,full_text + noisy_diagram[irr_objects],OK,bamboo_pole,is_a,pole
26,9,full_text + noisy_diagram[irr_objects],OK,flagpole,is_a,pole
,,,,,,
29,9,full_text + noisy_diagram[irr_objects],OK,A,is_a,point
29,9,full_text + noisy_diagram[irr_objects],OK,B,is_a,point
29,9,full_text + noisy_diagram[irr_objects],OK,C,is_a,point
29,9,full_text + noisy_diagram[irr_objects],OK,D,is_a,point
29,9,full_text + noisy_diagram[irr_objects],OK,ABC,is_a,triangle
29,9,full_text + noisy_diagram[irr_objects],OK,BD,is_a,segment
29,9,full_text + noisy_diagram[irr_objects],OK,CD,is_a,segment
29,9,full_text + noisy_diagram[irr_objects],OK,D,is_a,intersection_point
29,9,full_text + noisy_diagram[irr_objects],OK,BD,is_a,angle_bisector
29,9,full_text + noisy_diagram[irr_objects],OK,CD,is_a,angle_bisector
29,9,full_text + noisy_diagram[irr_objects],OK,A,has_measure,50_deg
29,9,full_text + noisy_diagram[irr_objects],OK,∠BDC,is_a,angle
29,9,full_text + noisy_diagram[irr_objects],OK,∠BDC,has_measure,?
29,9,full_text + noisy_diagram[irr_objects],OK,∠A,is_a,angle
29,9,full_text + noisy_diagram[irr_objects],OK,∠A,has_measure,50_deg
,,,,,,
30,9,full_text + noisy_diagram[irr_objects],OK,O,is_a,point
30,9,full_text + noisy_diagram[irr_objects],OK,A,is_a,point
30,9,full_text + noisy_diagram[irr_objects],OK,B,is_a,point
30,9,full_text + noisy_diagram[irr_objects],OK,C,is_a,point
30,9,full_text + noisy_diagram[irr_objects],OK,OA,is_a,segment
30,9,full_text + noisy_diagram[irr_objects],OK,OB,is_a,segment
30,9,full_text + noisy_diagram[irr_objects],OK,OC,is_a,segment
30,9,full_text + noisy_diagram[irr_objects],OK,OA,has_measure,?
30,9,full_text + noisy_diagram[irr_objects],OK,OB,has_measure,?
30,9,full_text + noisy_diagram[irr_objects],OK,OC,has_measure,?
30,9,full_text + noisy_diagram[irr_objects],OK,OA,has_measure,OB
30,9,full_text + noisy_diagram[irr_objects],OK,OA,has_measure,OC
30,9,full_text + noisy_diagram[irr_objects],OK,∠ACB,is_a,angle
30,9,full_text + noisy_diagram[irr_objects],OK,∠ACB,has_measure,30_deg
30,9,full_text + noisy_diagram[irr_objects],OK,∠AOB,is_a,angle
30,9,full_text + noisy_diagram[irr_objects],OK,∠AOB,has_measure,?
,,,,,,
32,9,full_text + noisy_diagram[irr_objects],OK,A,is_a,point
32,9,full_text + noisy_diagram[irr_objects],OK,B,is_a,point
32,9,full_text + noisy_diagram[irr_objects],OK,C,is_a,point
32,9,full_text + noisy_diagram[irr_objects],OK,D,is_a,point
32,9,full_text + noisy_diagram[irr_objects],OK,E,is_a,point
32,9,full_text + noisy_diagram[irr_objects],OK,F,is_a,point
32,9,full_text + noisy_diagram[irr_objects],OK,I,is_a,point
32,9,full_text + noisy_diagram[irr_objects],OK,∠DEF,is_a,angle
32,9,full_text + noisy_diagram[irr_objects],OK,∠A,is_a,angle
32,9,full_text + noisy_diagram[irr_objects],OK,∠A,has_measure,?
32,9,full_text + noisy_diagram[irr_objects],OK,∠DEF,has_measure,52_deg
32,9,full_text + noisy_diagram[irr_objects],OK,ABC,is_a,triangle
32,9,full_text + noisy_diagram[irr_objects],OK,I,is_a,circle
32,9,full_text + noisy_diagram[irr_objects],OK,D,lies_on,ABC
32,9,full_text + noisy_diagram[irr_objects],OK,E,lies_on,ABC
32,9,full_text + noisy_diagram[irr_objects],OK,F,lies_on,ABC
32,9,full_text + noisy_diagram[irr_objects],OK,I,center_of,DEF
32,9,full_text + noisy_diagram[irr_objects],OK,DEF,is_a,triangle
32,9,full_text + noisy_diagram[irr_objects],OK,ABC,has_measure,?
,,,,,,
34,9,full_text + noisy_diagram[irr_objects],OK,A,is_a,point
34,9,full_text + noisy_diagram[irr_objects],OK,B,is_a,point
34,9,full_text + noisy_diagram[irr_objects],OK,C,is_a,point
34,9,full_text + noisy_diagram[irr_objects],OK,D,is_a,point
34,9,full_text + noisy_diagram[irr_objects],OK,E,is_a,point
34,9,full_text + noisy_diagram[irr_objects],OK,F,is_a,point
34,9,full_text + noisy_diagram[irr_objects],OK,P,is_a,point
34,9,full_text + noisy_diagram[irr_objects],OK,Q,is_a,point
34,9,full_text + noisy_diagram[irr_objects],OK,AB,is_a,line
34,9,full_text + noisy_diagram[irr_objects],OK,CD,is_a,line
34,9,full_text + noisy_diagram[irr_objects],OK,EF,is_a,line
34,9,full_text + noisy_diagram[irr_objects],OK,AB,parallel_to,CD
34,9,full_text + noisy_diagram[irr_objects],OK,P,is_a,intersection
34,9,full_text + noisy_diagram[irr_objects],OK,Q,is_a,intersection
34,9,full_text + noisy_diagram[irr_objects],OK,EF,intersects,AB
34,9,full_text + noisy_diagram[irr_objects],OK,EF,intersects,CD
34,9,full_text + noisy_diagram[irr_objects],OK,∠BPF,is_a,angle
34,9,full_text + noisy_diagram[irr_objects],OK,∠CQF,is_a,angle
34,9,full_text + noisy_diagram[irr_objects],OK,∠BPF,has_measure,100_deg
34,9,full_text + noisy_diagram[irr_objects],OK,∠CQF,has_measure,?
,,,,,,
36,9,full_text + noisy_diagram[irr_objects],OK,O,is_a,circle
36,9,full_text + noisy_diagram[irr_objects],OK,AB,is_a,diameter
36,9,full_text + noisy_diagram[irr_objects],OK,AB,lies_on,O
36,9,full_text + noisy_diagram[irr_objects],OK,C,is_a,point
36,9,full_text + noisy_diagram[irr_objects],OK,C,lies_on,O
36,9,full_text + noisy_diagram[irr_objects],OK,D,is_a,point
36,9,full_text + noisy_diagram[irr_objects],OK,AB,intersects,D
36,9,full_text + noisy_diagram[irr_objects],OK,AC,is_a,segment
36,9,full_text + noisy_diagram[irr_objects],OK,DC,is_a,line
36,9,full_text + noisy_diagram[irr_objects],OK,DB,is_a,line
36,9,full_text + noisy_diagram[irr_objects],OK,∠BDC,is_a,angle
36,9,full_text + noisy_diagram[irr_objects],OK,∠BDC,has_measure,50_deg
36,9,full_text + noisy_diagram[irr_objects],OK,∠BAC,is_a,angle
36,9,full_text + noisy_diagram[irr_objects],OK,∠BAC,has_measure,?
36,9,full_text + noisy_diagram[irr_objects],OK,O,center_of,O
36,9,full_text + noisy_diagram[irr_objects],OK,AB,diameter_of,O
36,9,full_text + noisy_diagram[irr_objects],OK,AC,connects,A
36,9,full_text + noisy_diagram[irr_objects],OK,AC,connects,C
36,9,full_text + noisy_diagram[irr_objects],OK,DC,intersects,D
36,9,full_text + noisy_diagram[irr_objects],OK,DB,intersects,D
36,9,full_text + noisy_diagram[irr_objects],OK,AB,connects,A
36,9,full_text + noisy_diagram[irr_objects],OK,AB,connects,B
36,9,full_text + noisy_diagram[irr_objects],OK,O,is_a,point
,,,,,,
37,9,full_text + noisy_diagram[irr_objects],OK,AB,is_a,line
37,9,full_text + noisy_diagram[irr_objects],OK,CD,is_a,line
37,9,full_text + noisy_diagram[irr_objects],OK,AB,parallel_to,CD
37,9,full_text + noisy_diagram[irr_objects],OK,AB,intersects,transversal
37,9,full_text + noisy_diagram[irr_objects],OK,CD,intersects,transversal
37,9,full_text + noisy_diagram[irr_objects],OK,transversal,intersects,"AB, at, O"
37,9,full_text + noisy_diagram[irr_objects],OK,transversal,intersects,"CD, at, C"
37,9,full_text + noisy_diagram[irr_objects],OK,P,is_a,point
37,9,full_text + noisy_diagram[irr_objects],OK,O,is_a,point
37,9,full_text + noisy_diagram[irr_objects],OK,C,is_a,point
37,9,full_text + noisy_diagram[irr_objects],OK,C,collinear_with,O
37,9,full_text + noisy_diagram[irr_objects],OK,O,collinear_with,P
37,9,full_text + noisy_diagram[irr_objects],OK,P,collinear_with,C
37,9,full_text + noisy_diagram[irr_objects],OK,A,is_a,point
37,9,full_text + noisy_diagram[irr_objects],OK,A,lies_on,AB
37,9,full_text + noisy_diagram[irr_objects],OK,AP,is_a,segment
37,9,full_text + noisy_diagram[irr_objects],OK,AO,has_measure,OP
37,9,full_text + noisy_diagram[irr_objects],OK,OCD,has_measure,50_deg
37,9,full_text + noisy_diagram[irr_objects],OK,OAP,is_a,angle
,,,,,,
38,9,full_text + noisy_diagram[irr_objects],OK,A,is_a,point
38,9,full_text + noisy_diagram[irr_objects],OK,B,is_a,point
38,9,full_text + noisy_diagram[irr_objects],OK,C,is_a,point
38,9,full_text + noisy_diagram[irr_objects],OK,D,is_a,point
38,9,full_text + noisy_diagram[irr_objects],OK,AB,is_a,segment
38,9,full_text + noisy_diagram[irr_objects],OK,AC,is_a,segment
38,9,full_text + noisy_diagram[irr_objects],OK,AD,is_a,segment
38,9,full_text + noisy_diagram[irr_objects],OK,ABC,is_a,triangle
38,9,full_text + noisy_diagram[irr_objects],OK,∠CAD,is_a,angle
38,9,full_text + noisy_diagram[irr_objects],OK,AB,has_measure,?
38,9,full_text + noisy_diagram[irr_objects],OK,AC,has_measure,?
38,9,full_text + noisy_diagram[irr_objects],OK,AD,has_measure,?
38,9,full_text + noisy_diagram[irr_objects],OK,∠CAD,has_measure,70_deg
38,9,full_text + noisy_diagram[irr_objects],OK,AB,parallel_to,BC
38,9,full_text + noisy_diagram[irr_objects],OK,D,lies_on,AD
38,9,full_text + noisy_diagram[irr_objects],OK,AD,connects,"A, D"
38,9,full_text + noisy_diagram[irr_objects],OK,AC,connects,"A, C"
38,9,full_text + noisy_diagram[irr_objects],OK,∠BAC,is_a,angle
38,9,full_text + noisy_diagram[irr_objects],OK,∠BAC,has_measure,?
,,,,,,
40,9,full_text + noisy_diagram[irr_objects],OK,a,is_a,line
40,9,full_text + noisy_diagram[irr_objects],OK,b,is_a,line
40,9,full_text + noisy_diagram[irr_objects],OK,c,is_a,line
40,9,full_text + noisy_diagram[irr_objects],OK,a,parallel_to,b
40,9,full_text + noisy_diagram[irr_objects],OK,a,intersects,c
40,9,full_text + noisy_diagram[irr_objects],OK,b,intersects,c
40,9,full_text + noisy_diagram[irr_objects],OK,E,is_a,point
40,9,full_text + noisy_diagram[irr_objects],OK,F,is_a,point
40,9,full_text + noisy_diagram[irr_objects],OK,A,is_a,point
40,9,full_text + noisy_diagram[irr_objects],OK,B,is_a,point
40,9,full_text + noisy_diagram[irr_objects],OK,C,is_a,point
40,9,full_text + noisy_diagram[irr_objects],OK,D,is_a,point
40,9,full_text + noisy_diagram[irr_objects],OK,E,lies_on,a
40,9,full_text + noisy_diagram[irr_objects],OK,E,lies_on,c
40,9,full_text + noisy_diagram[irr_objects],OK,F,lies_on,b
40,9,full_text + noisy_diagram[irr_objects],OK,F,lies_on,c
40,9,full_text + noisy_diagram[irr_objects],OK,A,lies_on,a
40,9,full_text + noisy_diagram[irr_objects],OK,B,lies_on,b
40,9,full_text + noisy_diagram[irr_objects],OK,C,lies_on,c
40,9,full_text + noisy_diagram[irr_objects],OK,D,lies_on,c
,,,,,,
43,9,full_text + noisy_diagram[irr_objects],OK,A,is_a,point
43,9,full_text + noisy_diagram[irr_objects],OK,B,is_a,point
43,9,full_text + noisy_diagram[irr_objects],OK,C,is_a,point
43,9,full_text + noisy_diagram[irr_objects],OK,D,is_a,point
43,9,full_text + noisy_diagram[irr_objects],OK,O,is_a,point
43,9,full_text + noisy_diagram[irr_objects],OK,OAB,is_a,triangle
43,9,full_text + noisy_diagram[irr_objects],OK,OD,is_a,segment
43,9,full_text + noisy_diagram[irr_objects],OK,OC,is_a,segment
43,9,full_text + noisy_diagram[irr_objects],OK,OA,is_a,segment
43,9,full_text + noisy_diagram[irr_objects],OK,OB,is_a,segment
43,9,full_text + noisy_diagram[irr_objects],OK,OAB,rotated_about,O
43,9,full_text + noisy_diagram[irr_objects],OK,OAB,mapped_to,ODC
43,9,full_text + noisy_diagram[irr_objects],OK,A,mapped_to,D
43,9,full_text + noisy_diagram[irr_objects],OK,B,mapped_to,C
43,9,full_text + noisy_diagram[irr_objects],OK,OA,mapped_to,OD
43,9,full_text + noisy_diagram[irr_objects],OK,OB,mapped_to,OC
43,9,full_text + noisy_diagram[irr_objects],OK,OAB,has_measure,30_deg
43,9,full_text + noisy_diagram[irr_objects],OK,AOC,has_measure,100_deg
43,9,full_text + noisy_diagram[irr_objects],OK,DOB,has_measure,?
,,,,,,
44,9,full_text + noisy_diagram[irr_objects],OK,A,is_a,point
44,9,full_text + noisy_diagram[irr_objects],OK,B,is_a,point
44,9,full_text + noisy_diagram[irr_objects],OK,AB,is_a,segment
44,9,full_text + noisy_diagram[irr_objects],OK,AB,has_measure,30_units
44,9,full_text + noisy_diagram[irr_objects],OK,Xiaogang,is_a,person
44,9,full_text + noisy_diagram[irr_objects],OK,Xiaogang,has_measure,1.5_units
44,9,full_text + noisy_diagram[irr_objects],OK,Xiaogang,connects,A
44,9,full_text + noisy_diagram[irr_objects],OK,Xiaogang,connects,B
44,9,full_text + noisy_diagram[irr_objects],OK,A,is_a,street_lamp
44,9,full_text + noisy_diagram[irr_objects],OK,B,is_a,street_lamp
44,9,full_text + noisy_diagram[irr_objects],OK,Xiaogang,has_measure,25_units
44,9,full_text + noisy_diagram[irr_objects],OK,Height,is_a,query_target
,,,,,,
45,9,full_text + noisy_diagram[irr_objects],OK,O,is_a,circle
45,9,full_text + noisy_diagram[irr_objects],OK,A,is_a,point
45,9,full_text + noisy_diagram[irr_objects],OK,B,is_a,point
45,9,full_text + noisy_diagram[irr_objects],OK,C,is_a,point
45,9,full_text + noisy_diagram[irr_objects],OK,O,is_a,center
45,9,full_text + noisy_diagram[irr_objects],OK,A,lies_on,O
45,9,full_text + noisy_diagram[irr_objects],OK,B,lies_on,O
45,9,full_text + noisy_diagram[irr_objects],OK,C,lies_on,O
45,9,full_text + noisy_diagram[irr_objects],OK,AO,is_a,segment
45,9,full_text + noisy_diagram[irr_objects],OK,BO,is_a,segment
45,9,full_text + noisy_diagram[irr_objects],OK,AC,is_a,segment
45,9,full_text + noisy_diagram[irr_objects],OK,BC,is_a,segment
45,9,full_text + noisy_diagram[irr_objects],OK,∠ACB,is_a,angle
45,9,full_text + noisy_diagram[irr_objects],OK,∠ACB,has_measure,35_deg
45,9,full_text + noisy_diagram[irr_objects],OK,∠AOB,is_a,angle
45,9,full_text + noisy_diagram[irr_objects],OK,∠AOB,has_measure,?
45,9,full_text + noisy_diagram[irr_objects],OK,O,center_of,O
,,,,,,
46,9,full_text + noisy_diagram[irr_objects],OK,A,is_a,point
46,9,full_text + noisy_diagram[irr_objects],OK,B,is_a,point
46,9,full_text + noisy_diagram[irr_objects],OK,C,is_a,point
46,9,full_text + noisy_diagram[irr_objects],OK,D,is_a,point
46,9,full_text + noisy_diagram[irr_objects],OK,AB,is_a,segment
46,9,full_text + noisy_diagram[irr_objects],OK,CD,is_a,segment
46,9,full_text + noisy_diagram[irr_objects],OK,AB,parallel_to,CD
46,9,full_text + noisy_diagram[irr_objects],OK,∠CAB,is_a,angle
46,9,full_text + noisy_diagram[irr_objects],OK,∠CAB,has_measure,70_deg
46,9,full_text + noisy_diagram[irr_objects],OK,∠1,is_a,angle
46,9,full_text + noisy_diagram[irr_objects],OK,AB,intersects,CD
46,9,full_text + noisy_diagram[irr_objects],OK,AB,is_a,transversal
46,9,full_text + noisy_diagram[irr_objects],OK,CD,is_a,transversal
46,9,full_text + noisy_diagram[irr_objects],OK,∠1,is_a,query_target
,,,,,,
48,9,full_text + noisy_diagram[irr_objects],OK,A,is_a,point
48,9,full_text + noisy_diagram[irr_objects],OK,B,is_a,point
48,9,full_text + noisy_diagram[irr_objects],OK,C,is_a,point
48,9,full_text + noisy_diagram[irr_objects],OK,O,is_a,point
48,9,full_text + noisy_diagram[irr_objects],OK,A,lies_on,circle
48,9,full_text + noisy_diagram[irr_objects],OK,B,lies_on,circle
48,9,full_text + noisy_diagram[irr_objects],OK,C,lies_on,circle
48,9,full_text + noisy_diagram[irr_objects],OK,O,center_of,circle
48,9,full_text + noisy_diagram[irr_objects],OK,BOC,is_a,angle
48,9,full_text + noisy_diagram[irr_objects],OK,BOC,has_measure,100_deg
48,9,full_text + noisy_diagram[irr_objects],OK,BAC,is_a,angle
48,9,full_text + noisy_diagram[irr_objects],OK,BAC,has_measure,?
48,9,full_text + noisy_diagram[irr_objects],OK,AB,is_a,segment
48,9,full_text + noisy_diagram[irr_objects],OK,BC,is_a,segment
48,9,full_text + noisy_diagram[irr_objects],OK,CA,is_a,segment
48,9,full_text + noisy_diagram[irr_objects],OK,O,connects,B
48,9,full_text + noisy_diagram[irr_objects],OK,O,connects,C
48,9,full_text + noisy_diagram[irr_objects],OK,B,connects,C
48,9,full_text + noisy_diagram[irr_objects],OK,A,connects,B
48,9,full_text + noisy_diagram[irr_objects],OK,A,connects,C
,,,,,,
49,9,full_text + noisy_diagram[irr_objects],OK,A,is_a,point
49,9,full_text + noisy_diagram[irr_objects],OK,B,is_a,point
49,9,full_text + noisy_diagram[irr_objects],OK,C,is_a,point
49,9,full_text + noisy_diagram[irr_objects],OK,D,is_a,point
49,9,full_text + noisy_diagram[irr_objects],OK,E,is_a,point
49,9,full_text + noisy_diagram[irr_objects],OK,O,is_a,point
49,9,full_text + noisy_diagram[irr_objects],OK,ABCDE,is_a,cyclic_pentagon
49,9,full_text + noisy_diagram[irr_objects],OK,A,lies_on,ABCDE
49,9,full_text + noisy_diagram[irr_objects],OK,B,lies_on,ABCDE
49,9,full_text + noisy_diagram[irr_objects],OK,C,lies_on,ABCDE
49,9,full_text + noisy_diagram[irr_objects],OK,D,lies_on,ABCDE
49,9,full_text + noisy_diagram[irr_objects],OK,E,lies_on,ABCDE
49,9,full_text + noisy_diagram[irr_objects],OK,O,center_of,ABCDE
49,9,full_text + noisy_diagram[irr_objects],OK,∠BAC,is_a,angle
49,9,full_text + noisy_diagram[irr_objects],OK,∠BAC,has_measure,35_deg
49,9,full_text + noisy_diagram[irr_objects],OK,∠AED,is_a,angle
49,9,full_text + noisy_diagram[irr_objects],OK,∠AED,has_measure,115_deg
49,9,full_text + noisy_diagram[irr_objects],OK,∠BAE,is_a,angle
49,9,full_text + noisy_diagram[irr_objects],OK,∠BAE,has_measure,30_deg
49,9,full_text + noisy_diagram[irr_objects],OK,∠ABC,is_a,angle
49,9,full_text + noisy_diagram[irr_objects],OK,∠ABC,has_measure,?
,,,,,,
50,9,full_text + noisy_diagram[irr_objects],OK,A,is_a,point
50,9,full_text + noisy_diagram[irr_objects],OK,B,is_a,point
50,9,full_text + noisy_diagram[irr_objects],OK,C,is_a,point
50,9,full_text + noisy_diagram[irr_objects],OK,D,is_a,point
50,9,full_text + noisy_diagram[irr_objects],OK,E,is_a,point
50,9,full_text + noisy_diagram[irr_objects],OK,O,is_a,point
50,9,full_text + noisy_diagram[irr_objects],OK,AB,is_a,segment
50,9,full_text + noisy_diagram[irr_objects],OK,CD,is_a,segment
50,9,full_text + noisy_diagram[irr_objects],OK,EO,is_a,segment
50,9,full_text + noisy_diagram[irr_objects],OK,∠BOD,is_a,angle
50,9,full_text + noisy_diagram[irr_objects],OK,∠COE,is_a,angle
50,9,full_text + noisy_diagram[irr_objects],OK,AB,intersects,CD
50,9,full_text + noisy_diagram[irr_objects],OK,AB,intersects,EO
50,9,full_text + noisy_diagram[irr_objects],OK,CD,intersects,EO
50,9,full_text + noisy_diagram[irr_objects],OK,O,is_a,"intersection_of, AB, CD"
50,9,full_text + noisy_diagram[irr_objects],OK,O,is_a,"intersection_of, AB, EO"
50,9,full_text + noisy_diagram[irr_objects],OK,O,is_a,"intersection_of, CD, EO"
50,9,full_text + noisy_diagram[irr_objects],OK,EO,perpendicular_to,AB
50,9,full_text + noisy_diagram[irr_objects],OK,∠BOD,has_measure,50_deg
50,9,full_text + noisy_diagram[irr_objects],OK,∠COE,has_measure,?
,,,,,,
53,9,full_text + noisy_diagram[irr_objects],OK,AB,is_a,line
53,9,full_text + noisy_diagram[irr_objects],OK,CD,is_a,line
53,9,full_text + noisy_diagram[irr_objects],OK,AB,parallel_to,CD
53,9,full_text + noisy_diagram[irr_objects],OK,transversal,is_a,line
53,9,full_text + noisy_diagram[irr_objects],OK,transversal,intersects,AB
53,9,full_text + noisy_diagram[irr_objects],OK,transversal,intersects,CD
53,9,full_text + noisy_diagram[irr_objects],OK,E,is_a,point
53,9,full_text + noisy_diagram[irr_objects],OK,F,is_a,point
53,9,full_text + noisy_diagram[irr_objects],OK,E,lies_on,AB
53,9,full_text + noisy_diagram[irr_objects],OK,F,lies_on,CD
53,9,full_text + noisy_diagram[irr_objects],OK,C,is_a,point
53,9,full_text + noisy_diagram[irr_objects],OK,D,is_a,point
53,9,full_text + noisy_diagram[irr_objects],OK,C,lies_on,transversal
53,9,full_text + noisy_diagram[irr_objects],OK,D,lies_on,transversal
53,9,full_text + noisy_diagram[irr_objects],OK,C,lies_above,E
53,9,full_text + noisy_diagram[irr_objects],OK,D,lies_below,F
53,9,full_text + noisy_diagram[irr_objects],OK,AEC,is_a,angle
53,9,full_text + noisy_diagram[irr_objects],OK,AEC,has_measure,55_deg
53,9,full_text + noisy_diagram[irr_objects],OK,BFD,is_a,angle
53,9,full_text + noisy_diagram[irr_objects],OK,B,is_a,point
53,9,full_text + noisy_diagram[irr_objects],OK,B,lies_on,CD
,,,,,,
55,9,full_text + noisy_diagram[irr_objects],OK,A,is_a,point
55,9,full_text + noisy_diagram[irr_objects],OK,B,is_a,point
55,9,full_text + noisy_diagram[irr_objects],OK,C,is_a,point
55,9,full_text + noisy_diagram[irr_objects],OK,D,is_a,point
55,9,full_text + noisy_diagram[irr_objects],OK,O,is_a,point
55,9,full_text + noisy_diagram[irr_objects],OK,M,is_a,point
55,9,full_text + noisy_diagram[irr_objects],OK,N,is_a,point
55,9,full_text + noisy_diagram[irr_objects],OK,AB,is_a,line
55,9,full_text + noisy_diagram[irr_objects],OK,CD,is_a,line
55,9,full_text + noisy_diagram[irr_objects],OK,OM,is_a,line
55,9,full_text + noisy_diagram[irr_objects],OK,ON,is_a,line
55,9,full_text + noisy_diagram[irr_objects],OK,AB,intersects,CD
55,9,full_text + noisy_diagram[irr_objects],OK,AB,intersects,O
55,9,full_text + noisy_diagram[irr_objects],OK,CD,intersects,O
55,9,full_text + noisy_diagram[irr_objects],OK,OM,bisects,AOC
55,9,full_text + noisy_diagram[irr_objects],OK,ON,perpendicular_to,OM
55,9,full_text + noisy_diagram[irr_objects],OK,AOC,has_measure,70_deg
55,9,full_text + noisy_diagram[irr_objects],OK,CON,is_a,angle
,,,,,,
56,9,full_text + noisy_diagram[irr_objects],OK,O,is_a,point
56,9,full_text + noisy_diagram[irr_objects],OK,O,center_of,circle
56,9,full_text + noisy_diagram[irr_objects],OK,CD,is_a,diameter
56,9,full_text + noisy_diagram[irr_objects],OK,CD,connects,C
56,9,full_text + noisy_diagram[irr_objects],OK,CD,connects,D
56,9,full_text + noisy_diagram[irr_objects],OK,EF,is_a,chord
56,9,full_text + noisy_diagram[irr_objects],OK,EF,intersects,CD
56,9,full_text + noisy_diagram[irr_objects],OK,EF,intersects,G
56,9,full_text + noisy_diagram[irr_objects],OK,G,is_a,point
56,9,full_text + noisy_diagram[irr_objects],OK,G,is_a,midpoint
56,9,full_text + noisy_diagram[irr_objects],OK,C,is_a,point
56,9,full_text + noisy_diagram[irr_objects],OK,E,is_a,point
56,9,full_text + noisy_diagram[irr_objects],OK,F,is_a,point
56,9,full_text + noisy_diagram[irr_objects],OK,D,is_a,point
56,9,full_text + noisy_diagram[irr_objects],OK,D,lies_on,circle
56,9,full_text + noisy_diagram[irr_objects],OK,C,lies_on,circle
56,9,full_text + noisy_diagram[irr_objects],OK,E,lies_on,circle
56,9,full_text + noisy_diagram[irr_objects],OK,F,lies_on,circle
56,9,full_text + noisy_diagram[irr_objects],OK,∠DCF,is_a,angle
56,9,full_text + noisy_diagram[irr_objects],OK,∠DCF,has_measure,20_deg
56,9,full_text + noisy_diagram[irr_objects],OK,∠EOD,is_a,angle
56,9,full_text + noisy_diagram[irr_objects],OK,∠EOD,has_measure,?
,,,,,,
57,9,full_text + noisy_diagram[irr_objects],OK,A,is_a,point
57,9,full_text + noisy_diagram[irr_objects],OK,B,is_a,point
57,9,full_text + noisy_diagram[irr_objects],OK,C,is_a,point
57,9,full_text + noisy_diagram[irr_objects],OK,D,is_a,point
57,9,full_text + noisy_diagram[irr_objects],OK,E,is_a,point
57,9,full_text + noisy_diagram[irr_objects],OK,AB,is_a,segment
57,9,full_text + noisy_diagram[irr_objects],OK,CD,is_a,segment
57,9,full_text + noisy_diagram[irr_objects],OK,AD,is_a,segment
57,9,full_text + noisy_diagram[irr_objects],OK,BC,is_a,segment
57,9,full_text + noisy_diagram[irr_objects],OK,AB,parallel_to,CD
57,9,full_text + noisy_diagram[irr_objects],OK,AB,is_a,horizontal
57,9,full_text + noisy_diagram[irr_objects],OK,CD,is_a,horizontal
57,9,full_text + noisy_diagram[irr_objects],OK,A,lies_on,AB
57,9,full_text + noisy_diagram[irr_objects],OK,B,lies_on,AB
57,9,full_text + noisy_diagram[irr_objects],OK,C,lies_on,CD
57,9,full_text + noisy_diagram[irr_objects],OK,D,lies_on,CD
57,9,full_text + noisy_diagram[irr_objects],OK,AD,intersects,BC
57,9,full_text + noisy_diagram[irr_objects],OK,AD,connects,E
57,9,full_text + noisy_diagram[irr_objects],OK,BC,connects,E
57,9,full_text + noisy_diagram[irr_objects],OK,∠ABC,has_measure,20_deg
57,9,full_text + noisy_diagram[irr_objects],OK,?,is_a,angle
,,,,,,
58,9,full_text + noisy_diagram[irr_objects],OK,A,is_a,point
58,9,full_text + noisy_diagram[irr_objects],OK,B,is_a,point
58,9,full_text + noisy_diagram[irr_objects],OK,C,is_a,point
58,9,full_text + noisy_diagram[irr_objects],OK,D,is_a,point
58,9,full_text + noisy_diagram[irr_objects],OK,E,is_a,point
58,9,full_text + noisy_diagram[irr_objects],OK,AB,is_a,line
58,9,full_text + noisy_diagram[irr_objects],OK,CD,is_a,line
58,9,full_text + noisy_diagram[irr_objects],OK,EC,is_a,segment
58,9,full_text + noisy_diagram[irr_objects],OK,ED,is_a,segment
58,9,full_text + noisy_diagram[irr_objects],OK,AB,parallel_to,CD
58,9,full_text + noisy_diagram[irr_objects],OK,E,lies_on,AB
58,9,full_text + noisy_diagram[irr_objects],OK,C,lies_on,CD
58,9,full_text + noisy_diagram[irr_objects],OK,D,lies_on,CD
58,9,full_text + noisy_diagram[irr_objects],OK,∠CED,is_a,angle
58,9,full_text + noisy_diagram[irr_objects],OK,∠CED,has_measure,90_deg
58,9,full_text + noisy_diagram[irr_objects],OK,∠AEC,is_a,angle
58,9,full_text + noisy_diagram[irr_objects],OK,∠AEC,has_measure,35_deg
58,9,full_text + noisy_diagram[irr_objects],OK,A,collinear_with,E
58,9,full_text + noisy_diagram[irr_objects],OK,E,collinear_with,B
58,9,full_text + noisy_diagram[irr_objects],OK,A,collinear_with,B
58,9,full_text + noisy_diagram[irr_objects],OK,∠CDE,is_a,angle
58,9,full_text + noisy_diagram[irr_objects],OK,∠CDE,has_measure,?
,,,,,,
59,9,full_text + noisy_diagram[irr_objects],OK,A,is_a,point
59,9,full_text + noisy_diagram[irr_objects],OK,B,is_a,point
59,9,full_text + noisy_diagram[irr_objects],OK,C,is_a,point
59,9,full_text + noisy_diagram[irr_objects],OK,D,is_a,point
59,9,full_text + noisy_diagram[irr_objects],OK,AB,is_a,segment
59,9,full_text + noisy_diagram[irr_objects],OK,CD,is_a,segment
59,9,full_text + noisy_diagram[irr_objects],OK,AC,is_a,segment
59,9,full_text + noisy_diagram[irr_objects],OK,AD,is_a,segment
59,9,full_text + noisy_diagram[irr_objects],OK,AB,parallel_to,CD
59,9,full_text + noisy_diagram[irr_objects],OK,A,lies_on,AB
59,9,full_text + noisy_diagram[irr_objects],OK,B,lies_on,AB
59,9,full_text + noisy_diagram[irr_objects],OK,C,lies_on,CD
59,9,full_text + noisy_diagram[irr_objects],OK,D,lies_on,CD
59,9,full_text + noisy_diagram[irr_objects],OK,AD,bisects,∠BAC
59,9,full_text + noisy_diagram[irr_objects],OK,∠ACD,has_measure,80_deg
59,9,full_text + noisy_diagram[irr_objects],OK,∠CDA,is_a,angle
,,,,,,
60,9,full_text + noisy_diagram[irr_objects],OK,A,is_a,point
60,9,full_text + noisy_diagram[irr_objects],OK,B,is_a,point
60,9,full_text + noisy_diagram[irr_objects],OK,C,is_a,point
60,9,full_text + noisy_diagram[irr_objects],OK,D,is_a,point
60,9,full_text + noisy_diagram[irr_objects],OK,AB,is_a,line
60,9,full_text + noisy_diagram[irr_objects],OK,CD,is_a,line
60,9,full_text + noisy_diagram[irr_objects],OK,AB,parallel_to,CD
60,9,full_text + noisy_diagram[irr_objects],OK,AB,intersects,?
60,9,full_text + noisy_diagram[irr_objects],OK,CD,intersects,?
60,9,full_text + noisy_diagram[irr_objects],OK,∠2,is_a,angle
60,9,full_text + noisy_diagram[irr_objects],OK,∠2,has_measure,135_deg
60,9,full_text + noisy_diagram[irr_objects],OK,∠1,is_a,angle
60,9,full_text + noisy_diagram[irr_objects],OK,∠1,has_measure,?
60,9,full_text + noisy_diagram[irr_objects],OK,AB,is_a,transversal
60,9,full_text + noisy_diagram[irr_objects],OK,CD,is_a,transversal
60,9,full_text + noisy_diagram[irr_objects],OK,∠2,lies_on,CD
60,9,full_text + noisy_diagram[irr_objects],OK,∠1,lies_on,AB
,,,,,,
64,9,full_text + noisy_diagram[irr_objects],OK,A,is_a,point
64,9,full_text + noisy_diagram[irr_objects],OK,B,is_a,point
64,9,full_text + noisy_diagram[irr_objects],OK,O,is_a,point
64,9,full_text + noisy_diagram[irr_objects],OK,AB,is_a,segment
64,9,full_text + noisy_diagram[irr_objects],OK,O,center_of,circle
64,9,full_text + noisy_diagram[irr_objects],OK,AB,intersects,circle
64,9,full_text + noisy_diagram[irr_objects],OK,A,lies_on,circle
64,9,full_text + noisy_diagram[irr_objects],OK,B,lies_on,circle
64,9,full_text + noisy_diagram[irr_objects],OK,O,lies_on,AB
64,9,full_text + noisy_diagram[irr_objects],OK,OA,is_a,segment
64,9,full_text + noisy_diagram[irr_objects],OK,OB,is_a,segment
64,9,full_text + noisy_diagram[irr_objects],OK,OA,has_measure,100_units
64,9,full_text + noisy_diagram[irr_objects],OK,AB,has_measure,160_units
64,9,full_text + noisy_diagram[irr_objects],OK,OA,connects,A
64,9,full_text + noisy_diagram[irr_objects],OK,OA,connects,O
64,9,full_text + noisy_diagram[irr_objects],OK,OB,connects,B
64,9,full_text + noisy_diagram[irr_objects],OK,OB,connects,O
64,9,full_text + noisy_diagram[irr_objects],OK,depth,is_a,query_target
,,,,,,
72,9,full_text + noisy_diagram[irr_objects],OK,A,is_a,point
72,9,full_text + noisy_diagram[irr_objects],OK,B,is_a,point
72,9,full_text + noisy_diagram[irr_objects],OK,C,is_a,point
72,9,full_text + noisy_diagram[irr_objects],OK,D,is_a,point
72,9,full_text + noisy_diagram[irr_objects],OK,E,is_a,point
72,9,full_text + noisy_diagram[irr_objects],OK,O,is_a,point
72,9,full_text + noisy_diagram[irr_objects],OK,AB,is_a,segment
72,9,full_text + noisy_diagram[irr_objects],OK,BC,is_a,segment
72,9,full_text + noisy_diagram[irr_objects],OK,CD,is_a,segment
72,9,full_text + noisy_diagram[irr_objects],OK,DA,is_a,segment
72,9,full_text + noisy_diagram[irr_objects],OK,AC,is_a,segment
72,9,full_text + noisy_diagram[irr_objects],OK,BD,is_a,segment
72,9,full_text + noisy_diagram[irr_objects],OK,EO,is_a,segment
72,9,full_text + noisy_diagram[irr_objects],OK,ABCD,is_a,parallelogram
72,9,full_text + noisy_diagram[irr_objects],OK,AB + BC + CD + DA,has_measure,16
72,9,full_text + noisy_diagram[irr_objects],OK,AC,intersects,BD
72,9,full_text + noisy_diagram[irr_objects],OK,AC,intersects,O
72,9,full_text + noisy_diagram[irr_objects],OK,BD,intersects,O
72,9,full_text + noisy_diagram[irr_objects],OK,EO,perpendicular_to,AC
72,9,full_text + noisy_diagram[irr_objects],OK,EO,intersects,AD
72,9,full_text + noisy_diagram[irr_objects],OK,EO,intersects,E
72,9,full_text + noisy_diagram[irr_objects],OK,DCE,is_a,triangle
72,9,full_text + noisy_diagram[irr_objects],OK,perimeter of DCE,is_a,query_target
,,,,,,
73,9,full_text + noisy_diagram[irr_objects],OK,A,is_a,point
73,9,full_text + noisy_diagram[irr_objects],OK,B,is_a,point
73,9,full_text + noisy_diagram[irr_objects],OK,C,is_a,point
73,9,full_text + noisy_diagram[irr_objects],OK,O,is_a,point
73,9,full_text + noisy_diagram[irr_objects],OK,AB,is_a,segment
73,9,full_text + noisy_diagram[irr_objects],OK,BC,is_a,segment
73,9,full_text + noisy_diagram[irr_objects],OK,CA,is_a,segment
73,9,full_text + noisy_diagram[irr_objects],OK,AO,is_a,segment
73,9,full_text + noisy_diagram[irr_objects],OK,BO,is_a,segment
73,9,full_text + noisy_diagram[irr_objects],OK,CO,is_a,segment
73,9,full_text + noisy_diagram[irr_objects],OK,ABC,is_a,triangle
73,9,full_text + noisy_diagram[irr_objects],OK,O,is_a,circle
73,9,full_text + noisy_diagram[irr_objects],OK,A,lies_on,O
73,9,full_text + noisy_diagram[irr_objects],OK,B,lies_on,O
73,9,full_text + noisy_diagram[irr_objects],OK,C,lies_on,O
73,9,full_text + noisy_diagram[irr_objects],OK,AB,connects,"A, B"
73,9,full_text + noisy_diagram[irr_objects],OK,BC,connects,"B, C"
73,9,full_text + noisy_diagram[irr_objects],OK,CA,connects,"C, A"
73,9,full_text + noisy_diagram[irr_objects],OK,AO,connects,"A, O"
73,9,full_text + noisy_diagram[irr_objects],OK,BO,connects,"B, O"
73,9,full_text + noisy_diagram[irr_objects],OK,CO,connects,"C, O"
73,9,full_text + noisy_diagram[irr_objects],OK,O,center_of,O
73,9,full_text + noisy_diagram[irr_objects],OK,ABC,has_measure,70_deg
73,9,full_text + noisy_diagram[irr_objects],OK,?,is_a,angle
,,,,,,
78,9,full_text + noisy_diagram[irr_objects],OK,A,is_a,point
78,9,full_text + noisy_diagram[irr_objects],OK,B,is_a,point
78,9,full_text + noisy_diagram[irr_objects],OK,C,is_a,point
78,9,full_text + noisy_diagram[irr_objects],OK,D,is_a,point
78,9,full_text + noisy_diagram[irr_objects],OK,E,is_a,point
78,9,full_text + noisy_diagram[irr_objects],OK,AB,is_a,segment
78,9,full_text + noisy_diagram[irr_objects],OK,CD,is_a,segment
78,9,full_text + noisy_diagram[irr_objects],OK,AC,is_a,segment
78,9,full_text + noisy_diagram[irr_objects],OK,AE,is_a,segment
78,9,full_text + noisy_diagram[irr_objects],OK,ACE,is_a,triangle
78,9,full_text + noisy_diagram[irr_objects],OK,∠ACE,is_a,angle
78,9,full_text + noisy_diagram[irr_objects],OK,∠AED,is_a,angle
78,9,full_text + noisy_diagram[irr_objects],OK,AB,parallel_to,CD
78,9,full_text + noisy_diagram[irr_objects],OK,A,lies_on,AB
78,9,full_text + noisy_diagram[irr_objects],OK,B,lies_on,AB
78,9,full_text + noisy_diagram[irr_objects],OK,C,lies_on,CD
78,9,full_text + noisy_diagram[irr_objects],OK,E,lies_on,CD
78,9,full_text + noisy_diagram[irr_objects],OK,D,lies_on,CD
78,9,full_text + noisy_diagram[irr_objects],OK,AC,connects,"A, C"
78,9,full_text + noisy_diagram[irr_objects],OK,AE,connects,"A, E"
78,9,full_text + noisy_diagram[irr_objects],OK,AE,bisects,∠CAB
78,9,full_text + noisy_diagram[irr_objects],OK,AE,intersects,"CD, E"
78,9,full_text + noisy_diagram[irr_objects],OK,∠ACE,has_measure,70_deg
,,,,,,
79,9,full_text + noisy_diagram[irr_objects],OK,A,is_a,point
79,9,full_text + noisy_diagram[irr_objects],OK,B,is_a,point
79,9,full_text + noisy_diagram[irr_objects],OK,C,is_a,point
79,9,full_text + noisy_diagram[irr_objects],OK,D,is_a,point
79,9,full_text + noisy_diagram[irr_objects],OK,E,is_a,point
79,9,full_text + noisy_diagram[irr_objects],OK,O,is_a,point
79,9,full_text + noisy_diagram[irr_objects],OK,AB,is_a,segment
79,9,full_text + noisy_diagram[irr_objects],OK,BC,is_a,segment
79,9,full_text + noisy_diagram[irr_objects],OK,CD,is_a,segment
79,9,full_text + noisy_diagram[irr_objects],OK,DA,is_a,segment
79,9,full_text + noisy_diagram[irr_objects],OK,AC,is_a,segment
79,9,full_text + noisy_diagram[irr_objects],OK,BD,is_a,segment
79,9,full_text + noisy_diagram[irr_objects],OK,CE,is_a,segment
79,9,full_text + noisy_diagram[irr_objects],OK,ED,is_a,segment
79,9,full_text + noisy_diagram[irr_objects],OK,ABCD,is_a,parallelogram
79,9,full_text + noisy_diagram[irr_objects],OK,AB + BC + CD + DA,has_measure,32
79,9,full_text + noisy_diagram[irr_objects],OK,AC,intersects,BD
79,9,full_text + noisy_diagram[irr_objects],OK,AC,intersects,O
79,9,full_text + noisy_diagram[irr_objects],OK,BD,intersects,O
79,9,full_text + noisy_diagram[irr_objects],OK,O,connects,E
79,9,full_text + noisy_diagram[irr_objects],OK,E,lies_on,AD
79,9,full_text + noisy_diagram[irr_objects],OK,CE + ED,has_measure,AD
79,9,full_text + noisy_diagram[irr_objects],OK,perimeter_of_triangle_DCE,is_a,query_target
,,,,,,
81,9,full_text + noisy_diagram[irr_objects],OK,A,is_a,point
81,9,full_text + noisy_diagram[irr_objects],OK,B,is_a,point
81,9,full_text + noisy_diagram[irr_objects],OK,C,is_a,point
81,9,full_text + noisy_diagram[irr_objects],OK,D,is_a,point
81,9,full_text + noisy_diagram[irr_objects],OK,E,is_a,point
81,9,full_text + noisy_diagram[irr_objects],OK,ABC,is_a,triangle
81,9,full_text + noisy_diagram[irr_objects],OK,BAC,is_a,angle
81,9,full_text + noisy_diagram[irr_objects],OK,ABC,is_a,angle
81,9,full_text + noisy_diagram[irr_objects],OK,AD,is_a,segment
81,9,full_text + noisy_diagram[irr_objects],OK,BC,is_a,segment
81,9,full_text + noisy_diagram[irr_objects],OK,AE,is_a,segment
81,9,full_text + noisy_diagram[irr_objects],OK,DAC,is_a,angle
81,9,full_text + noisy_diagram[irr_objects],OK,DAE,is_a,angle
81,9,full_text + noisy_diagram[irr_objects],OK,BAC,has_measure,90_deg
81,9,full_text + noisy_diagram[irr_objects],OK,ABC,has_measure,50_deg
81,9,full_text + noisy_diagram[irr_objects],OK,D,lies_on,BC
81,9,full_text + noisy_diagram[irr_objects],OK,AD,perpendicular_to,BC
81,9,full_text + noisy_diagram[irr_objects],OK,E,lies_on,BC
81,9,full_text + noisy_diagram[irr_objects],OK,AE,bisects,DAC
,,,,,,
84,9,full_text + noisy_diagram[irr_objects],OK,A,is_a,point
84,9,full_text + noisy_diagram[irr_objects],OK,B,is_a,point
84,9,full_text + noisy_diagram[irr_objects],OK,C,is_a,point
84,9,full_text + noisy_diagram[irr_objects],OK,O,is_a,point
84,9,full_text + noisy_diagram[irr_objects],OK,ABC,is_a,triangle
84,9,full_text + noisy_diagram[irr_objects],OK,O,is_a,center
84,9,full_text + noisy_diagram[irr_objects],OK,O,center_of,circle
84,9,full_text + noisy_diagram[irr_objects],OK,AO,is_a,radius
84,9,full_text + noisy_diagram[irr_objects],OK,BO,is_a,radius
84,9,full_text + noisy_diagram[irr_objects],OK,CO,is_a,radius
84,9,full_text + noisy_diagram[irr_objects],OK,AO,has_measure,1_unit
84,9,full_text + noisy_diagram[irr_objects],OK,BO,has_measure,1_unit
84,9,full_text + noisy_diagram[irr_objects],OK,CO,has_measure,1_unit
84,9,full_text + noisy_diagram[irr_objects],OK,∠BAC,is_a,angle
84,9,full_text + noisy_diagram[irr_objects],OK,∠BAC,has_measure,60_deg
84,9,full_text + noisy_diagram[irr_objects],OK,ABC,lies_on,circle
84,9,full_text + noisy_diagram[irr_objects],OK,O,lies_on,circle
84,9,full_text + noisy_diagram[irr_objects],OK,A,connects,B
84,9,full_text + noisy_diagram[irr_objects],OK,B,connects,C
84,9,full_text + noisy_diagram[irr_objects],OK,C,connects,A
84,9,full_text + noisy_diagram[irr_objects],OK,BC,is_a,segment
84,9,full_text + noisy_diagram[irr_objects],OK,BC,has_measure,?
,,,,,,
86,9,full_text + noisy_diagram[irr_objects],OK,A,is_a,point
86,9,full_text + noisy_diagram[irr_objects],OK,B,is_a,point
86,9,full_text + noisy_diagram[irr_objects],OK,C,is_a,point
86,9,full_text + noisy_diagram[irr_objects],OK,O,is_a,point
86,9,full_text + noisy_diagram[irr_objects],OK,AB,is_a,segment
86,9,full_text + noisy_diagram[irr_objects],OK,BC,is_a,segment
86,9,full_text + noisy_diagram[irr_objects],OK,CA,is_a,segment
86,9,full_text + noisy_diagram[irr_objects],OK,OB,is_a,segment
86,9,full_text + noisy_diagram[irr_objects],OK,OC,is_a,segment
86,9,full_text + noisy_diagram[irr_objects],OK,O,is_a,circle
86,9,full_text + noisy_diagram[irr_objects],OK,A,lies_on,O
86,9,full_text + noisy_diagram[irr_objects],OK,B,lies_on,O
86,9,full_text + noisy_diagram[irr_objects],OK,C,lies_on,O
86,9,full_text + noisy_diagram[irr_objects],OK,O,center_of,O
86,9,full_text + noisy_diagram[irr_objects],OK,O,radius_of,OB
86,9,full_text + noisy_diagram[irr_objects],OK,O,radius_of,OC
86,9,full_text + noisy_diagram[irr_objects],OK,O,has_measure,2_units
86,9,full_text + noisy_diagram[irr_objects],OK,∠BAC,is_a,angle
86,9,full_text + noisy_diagram[irr_objects],OK,∠BAC,has_measure,60_deg
86,9,full_text + noisy_diagram[irr_objects],OK,BC,is_a,query_target
,,,,,,
88,9,full_text + noisy_diagram[irr_objects],OK,A,is_a,point
88,9,full_text + noisy_diagram[irr_objects],OK,B,is_a,point
88,9,full_text + noisy_diagram[irr_objects],OK,C,is_a,point
88,9,full_text + noisy_diagram[irr_objects],OK,O,is_a,point
88,9,full_text + noisy_diagram[irr_objects],OK,AB,is_a,segment
88,9,full_text + noisy_diagram[irr_objects],OK,AC,is_a,segment
88,9,full_text + noisy_diagram[irr_objects],OK,BC,is_a,segment
88,9,full_text + noisy_diagram[irr_objects],OK,AO,is_a,segment
88,9,full_text + noisy_diagram[irr_objects],OK,BO,is_a,segment
88,9,full_text + noisy_diagram[irr_objects],OK,CO,is_a,segment
88,9,full_text + noisy_diagram[irr_objects],OK,A,lies_on,O
88,9,full_text + noisy_diagram[irr_objects],OK,B,lies_on,O
88,9,full_text + noisy_diagram[irr_objects],OK,C,lies_on,O
88,9,full_text + noisy_diagram[irr_objects],OK,ABO,is_a,angle
88,9,full_text + noisy_diagram[irr_objects],OK,ACO,is_a,angle
88,9,full_text + noisy_diagram[irr_objects],OK,BOC,is_a,angle
88,9,full_text + noisy_diagram[irr_objects],OK,ABO,has_measure,22_deg
88,9,full_text + noisy_diagram[irr_objects],OK,ACO,has_measure,42_deg
88,9,full_text + noisy_diagram[irr_objects],OK,BOC,has_measure,?
,,,,,,
95,9,full_text + noisy_diagram[irr_objects],OK,O,is_a,circle
95,9,full_text + noisy_diagram[irr_objects],OK,A,is_a,point
95,9,full_text + noisy_diagram[irr_objects],OK,B,is_a,point
95,9,full_text + noisy_diagram[irr_objects],OK,C,is_a,point
95,9,full_text + noisy_diagram[irr_objects],OK,D,is_a,point
95,9,full_text + noisy_diagram[irr_objects],OK,OA,is_a,radius
95,9,full_text + noisy_diagram[irr_objects],OK,BC,is_a,chord
95,9,full_text + noisy_diagram[irr_objects],OK,AB,is_a,segment
95,9,full_text + noisy_diagram[irr_objects],OK,OC,is_a,radius
95,9,full_text + noisy_diagram[irr_objects],OK,∠A,is_a,angle
95,9,full_text + noisy_diagram[irr_objects],OK,∠ADC,is_a,angle
95,9,full_text + noisy_diagram[irr_objects],OK,∠C,is_a,angle
95,9,full_text + noisy_diagram[irr_objects],OK,O,center_of,circle
95,9,full_text + noisy_diagram[irr_objects],OK,A,lies_on,circle
95,9,full_text + noisy_diagram[irr_objects],OK,B,lies_on,circle
95,9,full_text + noisy_diagram[irr_objects],OK,C,lies_on,circle
95,9,full_text + noisy_diagram[irr_objects],OK,D,lies_on,circle
95,9,full_text + noisy_diagram[irr_objects],OK,OA,connects,"O, A"
95,9,full_text + noisy_diagram[irr_objects],OK,BC,connects,"B, C"
95,9,full_text + noisy_diagram[irr_objects],OK,AB,connects,"A, B"
95,9,full_text + noisy_diagram[irr_objects],OK,OC,connects,"O, C"
95,9,full_text + noisy_diagram[irr_objects],OK,∠A,has_measure,60_deg
95,9,full_text + noisy_diagram[irr_objects],OK,∠ADC,has_measure,90_deg
,,,,,,
99,9,full_text + noisy_diagram[irr_objects],OK,O,is_a,point
99,9,full_text + noisy_diagram[irr_objects],OK,AB,is_a,diameter
99,9,full_text + noisy_diagram[irr_objects],OK,CD,is_a,chord
99,9,full_text + noisy_diagram[irr_objects],OK,∠ADC,is_a,angle
99,9,full_text + noisy_diagram[irr_objects],OK,∠ADC,has_measure,26_deg
99,9,full_text + noisy_diagram[irr_objects],OK,∠CAB,is_a,angle
99,9,full_text + noisy_diagram[irr_objects],OK,O,center_of,circle
99,9,full_text + noisy_diagram[irr_objects],OK,AB,connects,A
99,9,full_text + noisy_diagram[irr_objects],OK,AB,connects,B
99,9,full_text + noisy_diagram[irr_objects],OK,CD,connects,C
99,9,full_text + noisy_diagram[irr_objects],OK,CD,connects,D
99,9,full_text + noisy_diagram[irr_objects],OK,A,lies_on,circle
99,9,full_text + noisy_diagram[irr_objects],OK,B,lies_on,circle
99,9,full_text + noisy_diagram[irr_objects],OK,C,lies_on,circle
99,9,full_text + noisy_diagram[irr_objects],OK,D,lies_on,circle
99,9,full_text + noisy_diagram[irr_objects],OK,O,lies_on,AB
99,9,full_text + noisy_diagram[irr_objects],OK,∠ADC,connects,A
99,9,full_text + noisy_diagram[irr_objects],OK,∠ADC,connects,D
99,9,full_text + noisy_diagram[irr_objects],OK,∠ADC,connects,C
99,9,full_text + noisy_diagram[irr_objects],OK,∠CAB,connects,C
99,9,full_text + noisy_diagram[irr_objects],OK,∠CAB,connects,A
99,9,full_text + noisy_diagram[irr_objects],OK,∠CAB,connects,B
,,,,,,
108,9,full_text + noisy_diagram[irr_objects],OK,CD,is_a,segment
108,9,full_text + noisy_diagram[irr_objects],OK,CD,has_measure,8.0
108,9,full_text + noisy_diagram[irr_objects],OK,OC,is_a,segment
108,9,full_text + noisy_diagram[irr_objects],OK,OC,has_measure,5.0
108,9,full_text + noisy_diagram[irr_objects],OK,AB,is_a,segment
108,9,full_text + noisy_diagram[irr_objects],OK,AB,has_measure,?
108,9,full_text + noisy_diagram[irr_objects],OK,O,is_a,point
108,9,full_text + noisy_diagram[irr_objects],OK,C,is_a,point
108,9,full_text + noisy_diagram[irr_objects],OK,D,is_a,point
108,9,full_text + noisy_diagram[irr_objects],OK,A,is_a,point
108,9,full_text + noisy_diagram[irr_objects],OK,B,is_a,point
108,9,full_text + noisy_diagram[irr_objects],OK,OC,connects,O
108,9,full_text + noisy_diagram[irr_objects],OK,OC,connects,C
108,9,full_text + noisy_diagram[irr_objects],OK,CD,connects,C
108,9,full_text + noisy_diagram[irr_objects],OK,CD,connects,D
108,9,full_text + noisy_diagram[irr_objects],OK,AB,connects,A
108,9,full_text + noisy_diagram[irr_objects],OK,AB,connects,B
108,9,full_text + noisy_diagram[irr_objects],OK,O,center_of,circle
108,9,full_text + noisy_diagram[irr_objects],OK,OC,radius_of,circle
108,9,full_text + noisy_diagram[irr_objects],OK,AB,lies_on,circle
108,9,full_text + noisy_diagram[irr_objects],OK,CD,lies_on,circle
108,9,full_text + noisy_diagram[irr_objects],OK,AB,parallel_to,CD
108,9,full_text + noisy_diagram[irr_objects],OK,AB,perpendicular_to,OC
108,9,full_text + noisy_diagram[irr_objects],OK,CD,perpendicular_to,OC
,,,,,,
109,9,full_text + noisy_diagram[irr_objects],OK,α,is_a,angle
109,9,full_text + noisy_diagram[irr_objects],OK,α,has_measure,130_deg
109,9,full_text + noisy_diagram[irr_objects],OK,ABC,is_a,triangle
109,9,full_text + noisy_diagram[irr_objects],OK,BAC,is_a,angle
109,9,full_text + noisy_diagram[irr_objects],OK,BAC,has_measure,90_deg
109,9,full_text + noisy_diagram[irr_objects],OK,D,is_a,point
109,9,full_text + noisy_diagram[irr_objects],OK,E,is_a,point
109,9,full_text + noisy_diagram[irr_objects],OK,DE,is_a,segment
109,9,full_text + noisy_diagram[irr_objects],OK,DE,is_a,horizontal
109,9,full_text + noisy_diagram[irr_objects],OK,AB,is_a,line
109,9,full_text + noisy_diagram[irr_objects],OK,AC,is_a,line
109,9,full_text + noisy_diagram[irr_objects],OK,EC,is_a,line
109,9,full_text + noisy_diagram[irr_objects],OK,β,is_a,angle
109,9,full_text + noisy_diagram[irr_objects],OK,D,lies_on,AB
109,9,full_text + noisy_diagram[irr_objects],OK,E,lies_on,AC
109,9,full_text + noisy_diagram[irr_objects],OK,AB,connects,B
109,9,full_text + noisy_diagram[irr_objects],OK,AB,connects,A
109,9,full_text + noisy_diagram[irr_objects],OK,AC,connects,A
109,9,full_text + noisy_diagram[irr_objects],OK,AC,connects,C
109,9,full_text + noisy_diagram[irr_objects],OK,EC,connects,E
109,9,full_text + noisy_diagram[irr_objects],OK,EC,connects,C
109,9,full_text + noisy_diagram[irr_objects],OK,DE,connects,D
109,9,full_text + noisy_diagram[irr_objects],OK,DE,connects,E
109,9,full_text + noisy_diagram[irr_objects],OK,AB,intersects,DE
109,9,full_text + noisy_diagram[irr_objects],OK,AC,intersects,DE
109,9,full_text + noisy_diagram[irr_objects],OK,β,has_measure,?
,,,,,,
112,9,full_text + noisy_diagram[irr_objects],OK,A,is_a,point
112,9,full_text + noisy_diagram[irr_objects],OK,O,is_a,point
112,9,full_text + noisy_diagram[irr_objects],OK,B,is_a,point
112,9,full_text + noisy_diagram[irr_objects],OK,AO,is_a,segment
112,9,full_text + noisy_diagram[irr_objects],OK,OB,is_a,segment
112,9,full_text + noisy_diagram[irr_objects],OK,AB,is_a,segment
112,9,full_text + noisy_diagram[irr_objects],OK,AO,is_a,height
112,9,full_text + noisy_diagram[irr_objects],OK,OB,is_a,radius
112,9,full_text + noisy_diagram[irr_objects],OK,AB,is_a,slant_height
112,9,full_text + noisy_diagram[irr_objects],OK,AO,has_measure,?
112,9,full_text + noisy_diagram[irr_objects],OK,OB,has_measure,0.7
112,9,full_text + noisy_diagram[irr_objects],OK,AB,has_measure,2.5
112,9,full_text + noisy_diagram[irr_objects],OK,AO,connects,"A, O"
112,9,full_text + noisy_diagram[irr_objects],OK,OB,connects,"O, B"
112,9,full_text + noisy_diagram[irr_objects],OK,AB,connects,"A, B"
,,,,,,
114,9,full_text + noisy_diagram[irr_objects],OK,O,is_a,point
114,9,full_text + noisy_diagram[irr_objects],OK,A,is_a,point
114,9,full_text + noisy_diagram[irr_objects],OK,B,is_a,point
114,9,full_text + noisy_diagram[irr_objects],OK,OA,is_a,diameter
114,9,full_text + noisy_diagram[irr_objects],OK,OB,is_a,diameter
114,9,full_text + noisy_diagram[irr_objects],OK,OAB,is_a,sector
114,9,full_text + noisy_diagram[irr_objects],OK,OAB,has_measure,90_deg
114,9,full_text + noisy_diagram[irr_objects],OK,OA,has_measure,1_unit
114,9,full_text + noisy_diagram[irr_objects],OK,OB,has_measure,1_unit
114,9,full_text + noisy_diagram[irr_objects],OK,OA,connects,O
114,9,full_text + noisy_diagram[irr_objects],OK,OA,connects,A
114,9,full_text + noisy_diagram[irr_objects],OK,OB,connects,O
114,9,full_text + noisy_diagram[irr_objects],OK,OB,connects,B
114,9,full_text + noisy_diagram[irr_objects],OK,OA,center_of,OAB
114,9,full_text + noisy_diagram[irr_objects],OK,OB,center_of,OAB
114,9,full_text + noisy_diagram[irr_objects],OK,OA,radius_of,OAB
114,9,full_text + noisy_diagram[irr_objects],OK,OB,radius_of,OAB
114,9,full_text + noisy_diagram[irr_objects],OK,shaded_part,is_a,area
114,9,full_text + noisy_diagram[irr_objects],OK,shaded_part,is_a,query_target
,,,,,,
115,9,full_text + noisy_diagram[irr_objects],OK,sector,is_a,sector_paper_sheet
115,9,full_text + noisy_diagram[irr_objects],OK,sector,has_measure,120_deg
115,9,full_text + noisy_diagram[irr_objects],OK,sector,has_measure,6_units
115,9,full_text + noisy_diagram[irr_objects],OK,conical_paper_cap,is_a,paper_cap
115,9,full_text + noisy_diagram[irr_objects],OK,conical_paper_cap,is_a,bottomless
115,9,full_text + noisy_diagram[irr_objects],OK,bottom_perimeter,is_a,query_target
115,9,full_text + noisy_diagram[irr_objects],OK,sector,mapped_to,conical_paper_cap
115,9,full_text + noisy_diagram[irr_objects],OK,conical_paper_cap,has_measure,?
115,9,full_text + noisy_diagram[irr_objects],OK,bottom_perimeter,has_measure,?
,,,,,,
117,9,full_text + noisy_diagram[irr_objects],OK,paper,is_a,sector
117,9,full_text + noisy_diagram[irr_objects],OK,paper,has_measure,120_deg
117,9,full_text + noisy_diagram[irr_objects],OK,paper,has_measure,3.0_cm
117,9,full_text + noisy_diagram[irr_objects],OK,cone,is_a,cone
117,9,full_text + noisy_diagram[irr_objects],OK,cone,has_measure,?_cm
117,9,full_text + noisy_diagram[irr_objects],OK,question,is_a,query
117,9,full_text + noisy_diagram[irr_objects],OK,question,has_measure,?_cm
,,,,,,
119,9,full_text + noisy_diagram[irr_objects],OK,sector,is_a,cardboard
119,9,full_text + noisy_diagram[irr_objects],OK,cardboard,has_measure,24.0_cm
119,9,full_text + noisy_diagram[irr_objects],OK,conical_hat,is_a,hat
119,9,full_text + noisy_diagram[irr_objects],OK,conical_hat,has_measure,10.0_cm
119,9,full_text + noisy_diagram[irr_objects],OK,conical_hat,center_of,O
119,9,full_text + noisy_diagram[irr_objects],OK,O,is_a,point
119,9,full_text + noisy_diagram[irr_objects],OK,conical_hat,radius_of,10.0_cm
119,9,full_text + noisy_diagram[irr_objects],OK,sector,radius_of,24.0_cm
119,9,full_text + noisy_diagram[irr_objects],OK,sector,has_measure,?
119,9,full_text + noisy_diagram[irr_objects],OK,conical_hat,bottom_surface_of,sector
119,9,full_text + noisy_diagram[irr_objects],OK,sector,area_of,?
119,9,full_text + noisy_diagram[irr_objects],OK,sector,is_a,sector_cardboard
119,9,full_text + noisy_diagram[irr_objects],OK,conical_hat,is_a,conical_hat
119,9,full_text + noisy_diagram[irr_objects],OK,sector,is_a,sector
,,,,,,
120,9,full_text + noisy_diagram[irr_objects],OK,cone,is_a,cone
120,9,full_text + noisy_diagram[irr_objects],OK,generatrix,is_a,segment
120,9,full_text + noisy_diagram[irr_objects],OK,generatrix,has_measure,5.0
120,9,full_text + noisy_diagram[irr_objects],OK,height_line,is_a,segment
120,9,full_text + noisy_diagram[irr_objects],OK,height_line,has_measure,4.0
120,9,full_text + noisy_diagram[irr_objects],OK,base,is_a,circle
120,9,full_text + noisy_diagram[irr_objects],OK,base,has_measure,?
120,9,full_text + noisy_diagram[irr_objects],OK,cone,has_measure,?
,,,,,,
123,9,full_text + noisy_diagram[irr_objects],OK,A,is_a,point
123,9,full_text + noisy_diagram[irr_objects],OK,B,is_a,point
123,9,full_text + noisy_diagram[irr_objects],OK,C,is_a,point
123,9,full_text + noisy_diagram[irr_objects],OK,ABC,is_a,triangle
123,9,full_text + noisy_diagram[irr_objects],OK,ACB,is_a,angle
123,9,full_text + noisy_diagram[irr_objects],OK,ACB,has_measure,90_deg
123,9,full_text + noisy_diagram[irr_objects],OK,AC,is_a,segment
123,9,full_text + noisy_diagram[irr_objects],OK,BC,is_a,segment
123,9,full_text + noisy_diagram[irr_objects],OK,AC,has_measure,4_units
123,9,full_text + noisy_diagram[irr_objects],OK,BC,has_measure,3_units
123,9,full_text + noisy_diagram[irr_objects],OK,ABC,rotated_about,AC
123,9,full_text + noisy_diagram[irr_objects],OK,ABC,mapped_to,cone
123,9,full_text + noisy_diagram[irr_objects],OK,lateral_surface_area,is_a,query_target
,,,,,,
128,9,full_text + noisy_diagram[irr_objects],OK,O,is_a,point
128,9,full_text + noisy_diagram[irr_objects],OK,A,is_a,point
128,9,full_text + noisy_diagram[irr_objects],OK,B,is_a,point
128,9,full_text + noisy_diagram[irr_objects],OK,OA,is_a,segment
128,9,full_text + noisy_diagram[irr_objects],OK,OB,is_a,segment
128,9,full_text + noisy_diagram[irr_objects],OK,∠AOB,is_a,angle
128,9,full_text + noisy_diagram[irr_objects],OK,∠AOB,has_measure,120_deg
128,9,full_text + noisy_diagram[irr_objects],OK,OA,has_measure,6_units
128,9,full_text + noisy_diagram[irr_objects],OK,OB,has_measure,6_units
128,9,full_text + noisy_diagram[irr_objects],OK,cone,is_a,shape
128,9,full_text + noisy_diagram[irr_objects],OK,cone,center_of,O
128,9,full_text + noisy_diagram[irr_objects],OK,cone,radius_of,6_units
128,9,full_text + noisy_diagram[irr_objects],OK,cone,diameter_of,?
128,9,full_text + noisy_diagram[irr_objects],OK,OA,connects,A
128,9,full_text + noisy_diagram[irr_objects],OK,OA,connects,O
128,9,full_text + noisy_diagram[irr_objects],OK,OB,connects,B
128,9,full_text + noisy_diagram[irr_objects],OK,OB,connects,O
128,9,full_text + noisy_diagram[irr_objects],OK,∠AOB,connects,A
128,9,full_text + noisy_diagram[irr_objects],OK,∠AOB,connects,B
128,9,full_text + noisy_diagram[irr_objects],OK,∠AOB,connects,O
128,9,full_text + noisy_diagram[irr_objects],OK,cone,mapped_to,sector
128,9,full_text + noisy_diagram[irr_objects],OK,sector,is_a,shape
128,9,full_text + noisy_diagram[irr_objects],OK,sector,center_of,O
128,9,full_text + noisy_diagram[irr_objects],OK,sector,radius_of,6_units
128,9,full_text + noisy_diagram[irr_objects],OK,sector,angle_of,120_deg
,,,,,,
132,9,full_text + noisy_diagram[irr_objects],OK,A,is_a,point
132,9,full_text + noisy_diagram[irr_objects],OK,B,is_a,point
132,9,full_text + noisy_diagram[irr_objects],OK,C,is_a,point
132,9,full_text + noisy_diagram[irr_objects],OK,D,is_a,point
132,9,full_text + noisy_diagram[irr_objects],OK,E,is_a,point
132,9,full_text + noisy_diagram[irr_objects],OK,F,is_a,point
132,9,full_text + noisy_diagram[irr_objects],OK,G,is_a,point
132,9,full_text + noisy_diagram[irr_objects],OK,AB,is_a,segment
132,9,full_text + noisy_diagram[irr_objects],OK,BC,is_a,segment
132,9,full_text + noisy_diagram[irr_objects],OK,CG,is_a,segment
132,9,full_text + noisy_diagram[irr_objects],OK,DE,is_a,segment
132,9,full_text + noisy_diagram[irr_objects],OK,EF,is_a,segment
132,9,full_text + noisy_diagram[irr_objects],OK,GE,is_a,segment
132,9,full_text + noisy_diagram[irr_objects],OK,A,connects,B
132,9,full_text + noisy_diagram[irr_objects],OK,B,connects,C
132,9,full_text + noisy_diagram[irr_objects],OK,C,connects,G
132,9,full_text + noisy_diagram[irr_objects],OK,D,connects,E
132,9,full_text + noisy_diagram[irr_objects],OK,E,connects,F
132,9,full_text + noisy_diagram[irr_objects],OK,G,connects,E
132,9,full_text + noisy_diagram[irr_objects],OK,A,collinear_with,B
132,9,full_text + noisy_diagram[irr_objects],OK,A,collinear_with,C
132,9,full_text + noisy_diagram[irr_objects],OK,BC,has_measure,0.6
132,9,full_text + noisy_diagram[irr_objects],OK,CG,has_measure,12.0
132,9,full_text + noisy_diagram[irr_objects],OK,DE,has_measure,0.6
132,9,full_text + noisy_diagram[irr_objects],OK,GE,has_measure,2.0
132,9,full_text + noisy_diagram[irr_objects],OK,EF,has_measure,1.6
132,9,full_text + noisy_diagram[irr_objects],OK,AB,is_a,query_target
,,,,,,
133,9,full_text + noisy_diagram[irr_objects],OK,P,is_a,point
133,9,full_text + noisy_diagram[irr_objects],OK,Q,is_a,point
133,9,full_text + noisy_diagram[irr_objects],OK,S,is_a,point
133,9,full_text + noisy_diagram[irr_objects],OK,T,is_a,point
133,9,full_text + noisy_diagram[irr_objects],OK,PQ,is_a,segment
133,9,full_text + noisy_diagram[irr_objects],OK,QS,is_a,segment
133,9,full_text + noisy_diagram[irr_objects],OK,ST,is_a,segment
133,9,full_text + noisy_diagram[irr_objects],OK,QR,is_a,segment
133,9,full_text + noisy_diagram[irr_objects],OK,QS,has_measure,60.0_m
133,9,full_text + noisy_diagram[irr_objects],OK,ST,has_measure,120.0_m
133,9,full_text + noisy_diagram[irr_objects],OK,QR,has_measure,80.0_m
133,9,full_text + noisy_diagram[irr_objects],OK,P,lies_on,line
133,9,full_text + noisy_diagram[irr_objects],OK,Q,lies_on,line
133,9,full_text + noisy_diagram[irr_objects],OK,S,lies_on,line
133,9,full_text + noisy_diagram[irr_objects],OK,T,lies_on,line
133,9,full_text + noisy_diagram[irr_objects],OK,P,lies_on,line_b
133,9,full_text + noisy_diagram[irr_objects],OK,Q,lies_on,line_b
133,9,full_text + noisy_diagram[irr_objects],OK,R,lies_on,line_b
133,9,full_text + noisy_diagram[irr_objects],OK,line,perpendicular_to,PS
133,9,full_text + noisy_diagram[irr_objects],OK,line_b,perpendicular_to,PS
133,9,full_text + noisy_diagram[irr_objects],OK,P,lies_on,line_a
133,9,full_text + noisy_diagram[irr_objects],OK,S,lies_on,line_a
133,9,full_text + noisy_diagram[irr_objects],OK,T,lies_on,line_a
133,9,full_text + noisy_diagram[irr_objects],OK,line_a,perpendicular_to,PS
,,,,,,
149,9,full_text + noisy_diagram[irr_objects],OK,A,is_a,point
149,9,full_text + noisy_diagram[irr_objects],OK,B,is_a,point
149,9,full_text + noisy_diagram[irr_objects],OK,C,is_a,point
149,9,full_text + noisy_diagram[irr_objects],OK,D,is_a,point
149,9,full_text + noisy_diagram[irr_objects],OK,E,is_a,point
149,9,full_text + noisy_diagram[irr_objects],OK,CD,is_a,segment
149,9,full_text + noisy_diagram[irr_objects],OK,AC,is_a,segment
149,9,full_text + noisy_diagram[irr_objects],OK,BD,is_a,segment
149,9,full_text + noisy_diagram[irr_objects],OK,ED,is_a,segment
149,9,full_text + noisy_diagram[irr_objects],OK,AB,is_a,segment
149,9,full_text + noisy_diagram[irr_objects],OK,α,is_a,angle
149,9,full_text + noisy_diagram[irr_objects],OK,CD,is_a,plane
149,9,full_text + noisy_diagram[irr_objects],OK,AC,perpendicular_to,CD
149,9,full_text + noisy_diagram[irr_objects],OK,BD,perpendicular_to,CD
149,9,full_text + noisy_diagram[irr_objects],OK,C,is_a,foot
149,9,full_text + noisy_diagram[irr_objects],OK,D,is_a,foot
149,9,full_text + noisy_diagram[irr_objects],OK,AC,has_measure,3_units
149,9,full_text + noisy_diagram[irr_objects],OK,BD,has_measure,6_units
149,9,full_text + noisy_diagram[irr_objects],OK,CD,has_measure,10_units
149,9,full_text + noisy_diagram[irr_objects],OK,ED,has_measure,?
149,9,full_text + noisy_diagram[irr_objects],OK,light,is_emitted_from,A
149,9,full_text + noisy_diagram[irr_objects],OK,light,is_reflected_at,E
149,9,full_text + noisy_diagram[irr_objects],OK,light,is_directed_to,B
149,9,full_text + noisy_diagram[irr_objects],OK,incident_angle,is_a,α
,,,,,,
150,9,full_text + noisy_diagram[irr_objects],OK,A,is_a,point
150,9,full_text + noisy_diagram[irr_objects],OK,B,is_a,point
150,9,full_text + noisy_diagram[irr_objects],OK,C,is_a,point
150,9,full_text + noisy_diagram[irr_objects],OK,AB,is_a,segment
150,9,full_text + noisy_diagram[irr_objects],OK,AB,has_measure,2_units
150,9,full_text + noisy_diagram[irr_objects],OK,A,collinear_with,B
150,9,full_text + noisy_diagram[irr_objects],OK,B,collinear_with,C
150,9,full_text + noisy_diagram[irr_objects],OK,A,collinear_with,C
150,9,full_text + noisy_diagram[irr_objects],OK,BD,is_a,segment
150,9,full_text + noisy_diagram[irr_objects],OK,BD,has_measure,7/3_units
150,9,full_text + noisy_diagram[irr_objects],OK,CE,is_a,segment
150,9,full_text + noisy_diagram[irr_objects],OK,CE,has_measure,9_units
150,9,full_text + noisy_diagram[irr_objects],OK,BD,perpendicular_to,AB
150,9,full_text + noisy_diagram[irr_objects],OK,CE,perpendicular_to,BC
150,9,full_text + noisy_diagram[irr_objects],OK,D,is_a,point
150,9,full_text + noisy_diagram[irr_objects],OK,E,is_a,point
150,9,full_text + noisy_diagram[irr_objects],OK,DE,is_a,segment
150,9,full_text + noisy_diagram[irr_objects],OK,BC,is_a,segment
150,9,full_text + noisy_diagram[irr_objects],OK,BC,has_measure,?
,,,,,,
151,9,full_text + noisy_diagram[irr_objects],OK,student,is_a,point
151,9,full_text + noisy_diagram[irr_objects],OK,tree,is_a,point
151,9,full_text + noisy_diagram[irr_objects],OK,lake,is_a,point
151,9,full_text + noisy_diagram[irr_objects],OK,reflection,is_a,point
151,9,full_text + noisy_diagram[irr_objects],OK,student,connects,lake
151,9,full_text + noisy_diagram[irr_objects],OK,lake,connects,tree
151,9,full_text + noisy_diagram[irr_objects],OK,lake,connects,reflection
151,9,full_text + noisy_diagram[irr_objects],OK,student,has_measure,1.7
151,9,full_text + noisy_diagram[irr_objects],OK,student,lies_on,segment
151,9,full_text + noisy_diagram[irr_objects],OK,tree,lies_on,segment
151,9,full_text + noisy_diagram[irr_objects],OK,reflection,lies_on,segment
151,9,full_text + noisy_diagram[irr_objects],OK,lake,lies_on,segment
151,9,full_text + noisy_diagram[irr_objects],OK,student,has_measure,5.0
151,9,full_text + noisy_diagram[irr_objects],OK,student,has_measure,20.0
151,9,full_text + noisy_diagram[irr_objects],OK,tree,has_measure,?
,,,,,,
152,9,full_text + noisy_diagram[irr_objects],OK,A,is_a,point
152,9,full_text + noisy_diagram[irr_objects],OK,B,is_a,point
152,9,full_text + noisy_diagram[irr_objects],OK,C,is_a,point
152,9,full_text + noisy_diagram[irr_objects],OK,D,is_a,point
152,9,full_text + noisy_diagram[irr_objects],OK,AB,is_a,segment
152,9,full_text + noisy_diagram[irr_objects],OK,BC,is_a,segment
152,9,full_text + noisy_diagram[irr_objects],OK,BD,is_a,segment
152,9,full_text + noisy_diagram[irr_objects],OK,AB,connects,A
152,9,full_text + noisy_diagram[irr_objects],OK,AB,connects,B
152,9,full_text + noisy_diagram[irr_objects],OK,BC,connects,B
152,9,full_text + noisy_diagram[irr_objects],OK,BC,connects,C
152,9,full_text + noisy_diagram[irr_objects],OK,BD,connects,B
152,9,full_text + noisy_diagram[irr_objects],OK,BD,connects,D
152,9,full_text + noisy_diagram[irr_objects],OK,D,lies_on,AB
152,9,full_text + noisy_diagram[irr_objects],OK,A,lies_on,AB
152,9,full_text + noisy_diagram[irr_objects],OK,B,lies_on,AB
152,9,full_text + noisy_diagram[irr_objects],OK,C,lies_on,BC
152,9,full_text + noisy_diagram[irr_objects],OK,D,lies_on,BC
152,9,full_text + noisy_diagram[irr_objects],OK,AB,has_measure,?
152,9,full_text + noisy_diagram[irr_objects],OK,BC,has_measure,1.6
152,9,full_text + noisy_diagram[irr_objects],OK,BD,has_measure,0.5
152,9,full_text + noisy_diagram[irr_objects],OK,CD,has_measure,1.4
152,9,full_text + noisy_diagram[irr_objects],OK,AB,is_a,ladder
152,9,full_text + noisy_diagram[irr_objects],OK,AB,leans_against,wall
152,9,full_text + noisy_diagram[irr_objects],OK,BC,is_a,distance
152,9,full_text + noisy_diagram[irr_objects],OK,BD,is_a,distance
152,9,full_text + noisy_diagram[irr_objects],OK,CD,is_a,distance
,,,,,,
153,9,full_text + noisy_diagram[irr_objects],OK,A,is_a,point
153,9,full_text + noisy_diagram[irr_objects],OK,B,is_a,point
153,9,full_text + noisy_diagram[irr_objects],OK,C,is_a,point
153,9,full_text + noisy_diagram[irr_objects],OK,D,is_a,point
153,9,full_text + noisy_diagram[irr_objects],OK,E,is_a,point
153,9,full_text + noisy_diagram[irr_objects],OK,AB,is_a,segment
153,9,full_text + noisy_diagram[irr_objects],OK,BC,is_a,segment
153,9,full_text + noisy_diagram[irr_objects],OK,DE,is_a,segment
153,9,full_text + noisy_diagram[irr_objects],OK,EC,is_a,segment
153,9,full_text + noisy_diagram[irr_objects],OK,A,connects,B
153,9,full_text + noisy_diagram[irr_objects],OK,B,connects,C
153,9,full_text + noisy_diagram[irr_objects],OK,D,connects,E
153,9,full_text + noisy_diagram[irr_objects],OK,E,connects,C
153,9,full_text + noisy_diagram[irr_objects],OK,DE,has_measure,1.8
153,9,full_text + noisy_diagram[irr_objects],OK,BC,has_measure,1.0
153,9,full_text + noisy_diagram[irr_objects],OK,EC,has_measure,1.2
153,9,full_text + noisy_diagram[irr_objects],OK,AB,has_measure,?
153,9,full_text + noisy_diagram[irr_objects],OK,AB,is_a,query_target
,,,,,,
157,9,full_text + noisy_diagram[irr_objects],OK,A,is_a,point
157,9,full_text + noisy_diagram[irr_objects],OK,B,is_a,point
157,9,full_text + noisy_diagram[irr_objects],OK,C,is_a,point
157,9,full_text + noisy_diagram[irr_objects],OK,AC,is_a,segment
157,9,full_text + noisy_diagram[irr_objects],OK,BC,is_a,segment
157,9,full_text + noisy_diagram[irr_objects],OK,AB,is_a,segment
157,9,full_text + noisy_diagram[irr_objects],OK,∠C,is_a,angle
157,9,full_text + noisy_diagram[irr_objects],OK,∠B,is_a,angle
157,9,full_text + noisy_diagram[irr_objects],OK,triangle_ABC,is_a,triangle
157,9,full_text + noisy_diagram[irr_objects],OK,AC,has_measure,4.0
157,9,full_text + noisy_diagram[irr_objects],OK,BC,has_measure,3.0
157,9,full_text + noisy_diagram[irr_objects],OK,∠C,has_measure,90_deg
157,9,full_text + noisy_diagram[irr_objects],OK,cos_B,has_measure,?
157,9,full_text + noisy_diagram[irr_objects],OK,triangle_ABC,connects,A
157,9,full_text + noisy_diagram[irr_objects],OK,triangle_ABC,connects,B
157,9,full_text + noisy_diagram[irr_objects],OK,triangle_ABC,connects,C
157,9,full_text + noisy_diagram[irr_objects],OK,AC,connects,A
157,9,full_text + noisy_diagram[irr_objects],OK,AC,connects,C
157,9,full_text + noisy_diagram[irr_objects],OK,BC,connects,B
157,9,full_text + noisy_diagram[irr_objects],OK,BC,connects,C
157,9,full_text + noisy_diagram[irr_objects],OK,AB,connects,A
157,9,full_text + noisy_diagram[irr_objects],OK,AB,connects,B
157,9,full_text + noisy_diagram[irr_objects],OK,∠C,connects,C
157,9,full_text + noisy_diagram[irr_objects],OK,∠B,connects,B
157,9,full_text + noisy_diagram[irr_objects],OK,∠B,connects,A
157,9,full_text + noisy_diagram[irr_objects],OK,∠B,connects,C
,,,,,,
165,9,full_text + noisy_diagram[irr_objects],OK,A,is_a,point
165,9,full_text + noisy_diagram[irr_objects],OK,B,is_a,point
165,9,full_text + noisy_diagram[irr_objects],OK,C,is_a,point
165,9,full_text + noisy_diagram[irr_objects],OK,ABC,is_a,triangle
165,9,full_text + noisy_diagram[irr_objects],OK,C,is_a,right_angle
165,9,full_text + noisy_diagram[irr_objects],OK,AB,is_a,side
165,9,full_text + noisy_diagram[irr_objects],OK,BC,is_a,side
165,9,full_text + noisy_diagram[irr_objects],OK,AC,is_a,side
165,9,full_text + noisy_diagram[irr_objects],OK,AB,has_measure,2.0_units
165,9,full_text + noisy_diagram[irr_objects],OK,BC,has_measure,1.0_unit
,,,,,,
198,9,full_text + noisy_diagram[irr_objects],OK,A,is_a,point
198,9,full_text + noisy_diagram[irr_objects],OK,B,is_a,point
198,9,full_text + noisy_diagram[irr_objects],OK,C,is_a,point
198,9,full_text + noisy_diagram[irr_objects],OK,AB,is_a,segment
198,9,full_text + noisy_diagram[irr_objects],OK,AC,is_a,segment
198,9,full_text + noisy_diagram[irr_objects],OK,BC,is_a,segment
198,9,full_text + noisy_diagram[irr_objects],OK,AB,has_measure,13_units
198,9,full_text + noisy_diagram[irr_objects],OK,AC,has_measure,13_units
198,9,full_text + noisy_diagram[irr_objects],OK,BC,has_measure,10_units
198,9,full_text + noisy_diagram[irr_objects],OK,ABC,is_a,triangle
198,9,full_text + noisy_diagram[irr_objects],OK,ABC,is_a,isosceles_triangle
198,9,full_text + noisy_diagram[irr_objects],OK,D,is_a,point
198,9,full_text + noisy_diagram[irr_objects],OK,AD,is_a,segment
198,9,full_text + noisy_diagram[irr_objects],OK,BD,is_a,segment
198,9,full_text + noisy_diagram[irr_objects],OK,CD,is_a,segment
198,9,full_text + noisy_diagram[irr_objects],OK,AD,perpendicular_to,BC
198,9,full_text + noisy_diagram[irr_objects],OK,ABC,has_measure,?
198,9,full_text + noisy_diagram[irr_objects],OK,ABC,is_a,query_target
,,,,,,
207,9,full_text + noisy_diagram[irr_objects],OK,area,is_a,query_target
207,9,full_text + noisy_diagram[irr_objects],OK,largest_circle,is_a,circle
207,9,full_text + noisy_diagram[irr_objects],OK,largest_circle,has_measure,20_units
207,9,full_text + noisy_diagram[irr_objects],OK,small_circle,is_a,circle
207,9,full_text + noisy_diagram[irr_objects],OK,small_circle,diameter_of,?
207,9,full_text + noisy_diagram[irr_objects],OK,shaded_region,is_a,region
207,9,full_text + noisy_diagram[irr_objects],OK,largest_circle,connects,small_circle
207,9,full_text + noisy_diagram[irr_objects],OK,small_circle,intersects,small_circle
207,9,full_text + noisy_diagram[irr_objects],OK,shaded_region,is_a,area
207,9,full_text + noisy_diagram[irr_objects],OK,shaded_region,has_measure,?
,,,,,,
210,9,full_text + noisy_diagram[irr_objects],OK,A,is_a,point
210,9,full_text + noisy_diagram[irr_objects],OK,B,is_a,point
210,9,full_text + noisy_diagram[irr_objects],OK,C,is_a,point
210,9,full_text + noisy_diagram[irr_objects],OK,D,is_a,point
210,9,full_text + noisy_diagram[irr_objects],OK,E,is_a,point
210,9,full_text + noisy_diagram[irr_objects],OK,AB,is_a,segment
210,9,full_text + noisy_diagram[irr_objects],OK,AC,is_a,segment
210,9,full_text + noisy_diagram[irr_objects],OK,AD,is_a,segment
210,9,full_text + noisy_diagram[irr_objects],OK,AE,is_a,segment
210,9,full_text + noisy_diagram[irr_objects],OK,BE,is_a,segment
210,9,full_text + noisy_diagram[irr_objects],OK,CD,is_a,segment
210,9,full_text + noisy_diagram[irr_objects],OK,ED,is_a,segment
210,9,full_text + noisy_diagram[irr_objects],OK,Triangles,is_a,shape
210,9,full_text + noisy_diagram[irr_objects],OK,ABE,is_a,triangle
210,9,full_text + noisy_diagram[irr_objects],OK,ACD,is_a,triangle
210,9,full_text + noisy_diagram[irr_objects],OK,Triangles,has_measure,2
210,9,full_text + noisy_diagram[irr_objects],OK,AB,has_measure,12_units
210,9,full_text + noisy_diagram[irr_objects],OK,AC,has_measure,16_units
210,9,full_text + noisy_diagram[irr_objects],OK,ED,has_measure,5_units
210,9,full_text + noisy_diagram[irr_objects],OK,AE,has_measure,?
210,9,full_text + noisy_diagram[irr_objects],OK,BE,parallel_to,CD
210,9,full_text + noisy_diagram[irr_objects],OK,Triangles,share,vertex_A
,,,,,,
211,9,full_text + noisy_diagram[irr_objects],OK,MNPR,is_a,parallelogram
211,9,full_text + noisy_diagram[irr_objects],OK,MP,is_a,diagonal
211,9,full_text + noisy_diagram[irr_objects],OK,RN,is_a,diagonal
211,9,full_text + noisy_diagram[irr_objects],OK,Q,is_a,point
211,9,full_text + noisy_diagram[irr_objects],OK,MN,is_a,segment
211,9,full_text + noisy_diagram[irr_objects],OK,MN,has_measure,3x - 4
211,9,full_text + noisy_diagram[irr_objects],OK,NP,is_a,segment
211,9,full_text + noisy_diagram[irr_objects],OK,NP,has_measure,2y + 5
211,9,full_text + noisy_diagram[irr_objects],OK,RP,is_a,segment
211,9,full_text + noisy_diagram[irr_objects],OK,RP,has_measure,20
211,9,full_text + noisy_diagram[irr_objects],OK,MR,is_a,segment
211,9,full_text + noisy_diagram[irr_objects],OK,MR,has_measure,17.9
211,9,full_text + noisy_diagram[irr_objects],OK,∠RNP,is_a,angle
211,9,full_text + noisy_diagram[irr_objects],OK,∠RNP,has_measure,?
211,9,full_text + noisy_diagram[irr_objects],OK,∠MQR,is_a,angle
211,9,full_text + noisy_diagram[irr_objects],OK,∠MQR,has_measure,83_deg
211,9,full_text + noisy_diagram[irr_objects],OK,∠NQP,is_a,angle
211,9,full_text + noisy_diagram[irr_objects],OK,∠NQP,has_measure,33_deg
211,9,full_text + noisy_diagram[irr_objects],OK,∠PQR,is_a,angle
211,9,full_text + noisy_diagram[irr_objects],OK,∠PQR,has_measure,38_deg
211,9,full_text + noisy_diagram[irr_objects],OK,QR,is_a,segment
211,9,full_text + noisy_diagram[irr_objects],OK,QR,has_measure,15.4
211,9,full_text + noisy_diagram[irr_objects],OK,QP,is_a,segment
211,9,full_text + noisy_diagram[irr_objects],OK,QP,has_measure,11.1
211,9,full_text + noisy_diagram[irr_objects],OK,MQ,is_a,segment
211,9,full_text + noisy_diagram[irr_objects],OK,MQ,has_measure,4w - 3
211,9,full_text + noisy_diagram[irr_objects],OK,QR,has_measure,3z - 3
,,,,,,
223,9,full_text + noisy_diagram[irr_objects],OK,3√2,is_a,length
223,9,full_text + noisy_diagram[irr_objects],OK,5,is_a,length
223,9,full_text + noisy_diagram[irr_objects],OK,x,is_a,length
223,9,full_text + noisy_diagram[irr_objects],OK,triangle,is_a,right_triangle
223,9,full_text + noisy_diagram[irr_objects],OK,triangle,has_measure,5
223,9,full_text + noisy_diagram[irr_objects],OK,triangle,has_measure,3√2
223,9,full_text + noisy_diagram[irr_objects],OK,triangle,has_measure,x
223,9,full_text + noisy_diagram[irr_objects],OK,x,is_a,unknown_value
223,9,full_text + noisy_diagram[irr_objects],OK,?,is_a,value_of_x
223,9,full_text + noisy_diagram[irr_objects],OK,triangle,has_measure,90_deg
223,9,full_text + noisy_diagram[irr_objects],OK,3√2,lies_on,triangle
223,9,full_text + noisy_diagram[irr_objects],OK,5,lies_on,triangle
223,9,full_text + noisy_diagram[irr_objects],OK,x,lies_on,triangle
223,9,full_text + noisy_diagram[irr_objects],OK,?,is_a,hypotenuse
223,9,full_text + noisy_diagram[irr_objects],OK,5,connects,hypotenuse
223,9,full_text + noisy_diagram[irr_objects],OK,3√2,connects,triangle
223,9,full_text + noisy_diagram[irr_objects],OK,x,connects,triangle
223,9,full_text + noisy_diagram[irr_objects],OK,90_deg,connects,triangle
223,9,full_text + noisy_diagram[irr_objects],OK,?,is_a,right_angle
223,9,full_text + noisy_diagram[irr_objects],OK,90_deg,lies_on,triangle
223,9,full_text + noisy_diagram[irr_objects],OK,3√2,is_a,side
223,9,full_text + noisy_diagram[irr_objects],OK,5,is_a,side
223,9,full_text + noisy_diagram[irr_objects],OK,x,is_a,side
,,,,,,
239,9,full_text + noisy_diagram[irr_objects],OK,A,is_a,point
239,9,full_text + noisy_diagram[irr_objects],OK,B,is_a,point
239,9,full_text + noisy_diagram[irr_objects],OK,C,is_a,point
239,9,full_text + noisy_diagram[irr_objects],OK,R,is_a,point
239,9,full_text + noisy_diagram[irr_objects],OK,S,is_a,point
239,9,full_text + noisy_diagram[irr_objects],OK,T,is_a,point
239,9,full_text + noisy_diagram[irr_objects],OK,M,is_a,point
239,9,full_text + noisy_diagram[irr_objects],OK,ABC,is_a,triangle
239,9,full_text + noisy_diagram[irr_objects],OK,AC,is_a,segment
239,9,full_text + noisy_diagram[irr_objects],OK,AB,is_a,segment
239,9,full_text + noisy_diagram[irr_objects],OK,CB,is_a,segment
239,9,full_text + noisy_diagram[irr_objects],OK,R,is_a,midpoint
239,9,full_text + noisy_diagram[irr_objects],OK,S,is_a,midpoint
239,9,full_text + noisy_diagram[irr_objects],OK,T,is_a,midpoint
239,9,full_text + noisy_diagram[irr_objects],OK,AT,is_a,median
239,9,full_text + noisy_diagram[irr_objects],OK,BR,is_a,median
239,9,full_text + noisy_diagram[irr_objects],OK,CS,is_a,median
239,9,full_text + noisy_diagram[irr_objects],OK,AT,intersects,M
239,9,full_text + noisy_diagram[irr_objects],OK,BR,intersects,M
239,9,full_text + noisy_diagram[irr_objects],OK,CS,intersects,M
239,9,full_text + noisy_diagram[irr_objects],OK,MC,has_measure,7_units
239,9,full_text + noisy_diagram[irr_objects],OK,RM,has_measure,4_units
239,9,full_text + noisy_diagram[irr_objects],OK,AT,has_measure,16_units
239,9,full_text + noisy_diagram[irr_objects],OK,MB,has_measure,?
,,,,,,
243,9,full_text + noisy_diagram[irr_objects],OK,Des_Moines,is_a,point
243,9,full_text + noisy_diagram[irr_objects],OK,Phoenix,is_a,point
243,9,full_text + noisy_diagram[irr_objects],OK,Atlanta,is_a,point
243,9,full_text + noisy_diagram[irr_objects],OK,Des_Moines_to_Phoenix,is_a,segment
243,9,full_text + noisy_diagram[irr_objects],OK,Phoenix_to_Atlanta,is_a,segment
243,9,full_text + noisy_diagram[irr_objects],OK,Atlanta_to_Des_Moines,is_a,segment
243,9,full_text + noisy_diagram[irr_objects],OK,Des_Moines_to_Phoenix,has_measure,110x + 53
243,9,full_text + noisy_diagram[irr_objects],OK,Phoenix_to_Atlanta,has_measure,150x + 91
243,9,full_text + noisy_diagram[irr_objects],OK,Atlanta_to_Des_Moines,has_measure,73.8x
243,9,full_text + noisy_diagram[irr_objects],OK,Des_Moines_to_Phoenix,connects,"Des_Moines, Phoenix"
243,9,full_text + noisy_diagram[irr_objects],OK,Phoenix_to_Atlanta,connects,"Phoenix, Atlanta"
243,9,full_text + noisy_diagram[irr_objects],OK,Atlanta_to_Des_Moines,connects,"Atlanta, Des_Moines"
243,9,full_text + noisy_diagram[irr_objects],OK,total_trip_distance,has_measure,3482
243,9,full_text + noisy_diagram[irr_objects],OK,Phoenix_to_Atlanta,has_measure,?
,,,,,,
257,9,full_text + noisy_diagram[irr_objects],OK,A,is_a,point
257,9,full_text + noisy_diagram[irr_objects],OK,B,is_a,point
257,9,full_text + noisy_diagram[irr_objects],OK,C,is_a,point
257,9,full_text + noisy_diagram[irr_objects],OK,D,is_a,point
257,9,full_text + noisy_diagram[irr_objects],OK,E,is_a,point
257,9,full_text + noisy_diagram[irr_objects],OK,AB,is_a,segment
257,9,full_text + noisy_diagram[irr_objects],OK,AC,is_a,segment
257,9,full_text + noisy_diagram[irr_objects],OK,CD,is_a,segment
257,9,full_text + noisy_diagram[irr_objects],OK,BE,is_a,segment
257,9,full_text + noisy_diagram[irr_objects],OK,ED,is_a,segment
257,9,full_text + noisy_diagram[irr_objects],OK,ABE,is_a,triangle
257,9,full_text + noisy_diagram[irr_objects],OK,ACD,is_a,triangle
257,9,full_text + noisy_diagram[irr_objects],OK,AB,connects,"A, B"
257,9,full_text + noisy_diagram[irr_objects],OK,AC,connects,"A, C"
257,9,full_text + noisy_diagram[irr_objects],OK,CD,connects,"C, D"
257,9,full_text + noisy_diagram[irr_objects],OK,BE,connects,"B, E"
257,9,full_text + noisy_diagram[irr_objects],OK,ED,connects,"E, D"
257,9,full_text + noisy_diagram[irr_objects],OK,AB,has_measure,12_units
257,9,full_text + noisy_diagram[irr_objects],OK,AC,has_measure,16_units
257,9,full_text + noisy_diagram[irr_objects],OK,ED,has_measure,5_units
257,9,full_text + noisy_diagram[irr_objects],OK,ABE,shares_vertex,A
257,9,full_text + noisy_diagram[irr_objects],OK,ACD,shares_vertex,A
257,9,full_text + noisy_diagram[irr_objects],OK,BE,parallel_to,CD
257,9,full_text + noisy_diagram[irr_objects],OK,ABE,similar_to,ACD
257,9,full_text + noisy_diagram[irr_objects],OK,AE,is_a,segment
257,9,full_text + noisy_diagram[irr_objects],OK,AE,has_measure,?
257,9,full_text + noisy_diagram[irr_objects],OK,AE,is_a,query_target
,,,,,,
264,9,full_text + noisy_diagram[irr_objects],OK,MNPQ,is_a,parallelogram
264,9,full_text + noisy_diagram[irr_objects],OK,M,is_a,angle
264,9,full_text + noisy_diagram[irr_objects],OK,N,is_a,angle
264,9,full_text + noisy_diagram[irr_objects],OK,P,is_a,angle
264,9,full_text + noisy_diagram[irr_objects],OK,Q,is_a,angle
264,9,full_text + noisy_diagram[irr_objects],OK,M,has_measure,10x
264,9,full_text + noisy_diagram[irr_objects],OK,N,has_measure,20x
264,9,full_text + noisy_diagram[irr_objects],OK,M,equals,P
264,9,full_text + noisy_diagram[irr_objects],OK,N,equals,Q
264,9,full_text + noisy_diagram[irr_objects],OK,?,is_a,query
264,9,full_text + noisy_diagram[irr_objects],OK,?,has_target,measure_of_angle_M
,,,,,,
281,9,full_text + noisy_diagram[irr_objects],OK,A,is_a,point
281,9,full_text + noisy_diagram[irr_objects],OK,B,is_a,point
281,9,full_text + noisy_diagram[irr_objects],OK,C,is_a,point
281,9,full_text + noisy_diagram[irr_objects],OK,AC,is_a,segment
281,9,full_text + noisy_diagram[irr_objects],OK,AB,is_a,segment
281,9,full_text + noisy_diagram[irr_objects],OK,BC,is_a,segment
281,9,full_text + noisy_diagram[irr_objects],OK,∠C,is_a,angle
281,9,full_text + noisy_diagram[irr_objects],OK,ABC,is_a,triangle
281,9,full_text + noisy_diagram[irr_objects],OK,ABC,is_a,right_triangle
281,9,full_text + noisy_diagram[irr_objects],OK,∠C,has_measure,90_deg
281,9,full_text + noisy_diagram[irr_objects],OK,AC,has_measure,24_units
281,9,full_text + noisy_diagram[irr_objects],OK,AB,has_measure,26_units
281,9,full_text + noisy_diagram[irr_objects],OK,BC,has_measure,10_units
281,9,full_text + noisy_diagram[irr_objects],OK,ABC,has_measure,?
281,9,full_text + noisy_diagram[irr_objects],OK,cos_B,has_measure,?
,,,,,,
327,9,full_text + noisy_diagram[irr_objects],OK,X,is_a,point
327,9,full_text + noisy_diagram[irr_objects],OK,Y,is_a,point
327,9,full_text + noisy_diagram[irr_objects],OK,Z,is_a,point
327,9,full_text + noisy_diagram[irr_objects],OK,N,is_a,point
327,9,full_text + noisy_diagram[irr_objects],OK,XY,is_a,segment
327,9,full_text + noisy_diagram[irr_objects],OK,YZ,is_a,segment
327,9,full_text + noisy_diagram[irr_objects],OK,XZ,is_a,segment
327,9,full_text + noisy_diagram[irr_objects],OK,XY,has_measure,b_km
327,9,full_text + noisy_diagram[irr_objects],OK,YZ,has_measure,10.7_km
327,9,full_text + noisy_diagram[irr_objects],OK,XZ,has_measure,d_km
327,9,full_text + noisy_diagram[irr_objects],OK,Y,lies_on,XY
327,9,full_text + noisy_diagram[irr_objects],OK,Z,lies_on,YZ
327,9,full_text + noisy_diagram[irr_objects],OK,X,lies_on,XY
327,9,full_text + noisy_diagram[irr_objects],OK,Z,lies_on,XZ
327,9,full_text + noisy_diagram[irr_objects],OK,X,lies_on,XZ
327,9,full_text + noisy_diagram[irr_objects],OK,Y,lies_on,XZ
327,9,full_text + noisy_diagram[irr_objects],OK,XY,connects,X
327,9,full_text + noisy_diagram[irr_objects],OK,XY,connects,Y
327,9,full_text + noisy_diagram[irr_objects],OK,YZ,connects,Y
327,9,full_text + noisy_diagram[irr_objects],OK,YZ,connects,Z
327,9,full_text + noisy_diagram[irr_objects],OK,XZ,connects,X
327,9,full_text + noisy_diagram[irr_objects],OK,XZ,connects,Z
327,9,full_text + noisy_diagram[irr_objects],OK,X,rotated_about,335_deg
327,9,full_text + noisy_diagram[irr_objects],OK,d_km,is_a,?
,,,,,,
348,9,full_text + noisy_diagram[irr_objects],OK,helicopter,is_a,object
348,9,full_text + noisy_diagram[irr_objects],OK,landing_pad,is_a,object
348,9,full_text + noisy_diagram[irr_objects],OK,altitude,is_a,measurement
348,9,full_text + noisy_diagram[irr_objects],OK,altitude,has_measure,198_metres
348,9,full_text + noisy_diagram[irr_objects],OK,angle_of_depression,is_a,angle
348,9,full_text + noisy_diagram[irr_objects],OK,angle_of_depression,has_measure,44_deg
348,9,full_text + noisy_diagram[irr_objects],OK,d,is_a,distance
348,9,full_text + noisy_diagram[irr_objects],OK,helicopter,has_measure,198_metres
348,9,full_text + noisy_diagram[irr_objects],OK,helicopter,has_measure,44_deg
348,9,full_text + noisy_diagram[irr_objects],OK,helicopter,is_a,point
348,9,full_text + noisy_diagram[irr_objects],OK,landing_pad,is_a,point
348,9,full_text + noisy_diagram[irr_objects],OK,d,connects,helicopter
348,9,full_text + noisy_diagram[irr_objects],OK,d,connects,landing_pad
348,9,full_text + noisy_diagram[irr_objects],OK,altitude,connects,helicopter
348,9,full_text + noisy_diagram[irr_objects],OK,angle_of_depression,connects,helicopter
348,9,full_text + noisy_diagram[irr_objects],OK,angle_of_depression,connects,landing_pad
348,9,full_text + noisy_diagram[irr_objects],OK,d,is_a,?
348,9,full_text + noisy_diagram[irr_objects],OK,helicopter,is_a,?
348,9,full_text + noisy_diagram[irr_objects],OK,landing_pad,is_a,?
,,,,,,
364,9,full_text + noisy_diagram[irr_objects],OK,tower,is_a,object
364,9,full_text + noisy_diagram[irr_objects],OK,bridge,is_a,object
364,9,full_text + noisy_diagram[irr_objects],OK,cable,is_a,object
364,9,full_text + noisy_diagram[irr_objects],OK,tower,connects,bridge
364,9,full_text + noisy_diagram[irr_objects],OK,cable,connects,tower
364,9,full_text + noisy_diagram[irr_objects],OK,cable,connects,bridge
364,9,full_text + noisy_diagram[irr_objects],OK,tower,has_measure,35.5_m
364,9,full_text + noisy_diagram[irr_objects],OK,bridge,has_measure,65.9_m
364,9,full_text + noisy_diagram[irr_objects],OK,h,is_a,length
364,9,full_text + noisy_diagram[irr_objects],OK,h,has_measure,?
364,9,full_text + noisy_diagram[irr_objects],OK,tower,perpendicular_to,bridge
364,9,full_text + noisy_diagram[irr_objects],OK,bridge,is_a,suspension_bridge
364,9,full_text + noisy_diagram[irr_objects],OK,cable,is_a,main_cable
364,9,full_text + noisy_diagram[irr_objects],OK,h,is_a,unknown_value
,,,,,,
365,9,full_text + noisy_diagram[irr_objects],OK,plane,is_a,object
365,9,full_text + noisy_diagram[irr_objects],OK,ground,is_a,surface
365,9,full_text + noisy_diagram[irr_objects],OK,runway,is_a,segment
365,9,full_text + noisy_diagram[irr_objects],OK,plane,lies_on,ground
365,9,full_text + noisy_diagram[irr_objects],OK,plane,has_measure,10369_m
365,9,full_text + noisy_diagram[irr_objects],OK,plane,has_measure,23444_m
365,9,full_text + noisy_diagram[irr_objects],OK,runway,has_measure,23444_m
365,9,full_text + noisy_diagram[irr_objects],OK,theta,is_a,angle
365,9,full_text + noisy_diagram[irr_objects],OK,theta,has_measure,?
,,,,,,
420,9,full_text + noisy_diagram[irr_objects],OK,A,is_a,point
420,9,full_text + noisy_diagram[irr_objects],OK,B,is_a,point
420,9,full_text + noisy_diagram[irr_objects],OK,C,is_a,point
420,9,full_text + noisy_diagram[irr_objects],OK,D,is_a,point
420,9,full_text + noisy_diagram[irr_objects],OK,AB,is_a,segment
420,9,full_text + noisy_diagram[irr_objects],OK,BC,is_a,segment
420,9,full_text + noisy_diagram[irr_objects],OK,CD,is_a,segment
420,9,full_text + noisy_diagram[irr_objects],OK,DA,is_a,segment
420,9,full_text + noisy_diagram[irr_objects],OK,ABCD,is_a,trapezium
420,9,full_text + noisy_diagram[irr_objects],OK,AB,perpendicular_to,CD
420,9,full_text + noisy_diagram[irr_objects],OK,BC,is_a,side
420,9,full_text + noisy_diagram[irr_objects],OK,BC,has_measure,10_cm
420,9,full_text + noisy_diagram[irr_objects],OK,B,is_a,vertex
420,9,full_text + noisy_diagram[irr_objects],OK,AB,is_a,side
420,9,full_text + noisy_diagram[irr_objects],OK,AB,has_measure,?
420,9,full_text + noisy_diagram[irr_objects],OK,AD,is_a,side
420,9,full_text + noisy_diagram[irr_objects],OK,segment,is_a,segment
420,9,full_text + noisy_diagram[irr_objects],OK,segment,has_measure,6_cm
420,9,full_text + noisy_diagram[irr_objects],OK,segment,perpendicular_to,AD
420,9,full_text + noisy_diagram[irr_objects],OK,x,is_a,length
420,9,full_text + noisy_diagram[irr_objects],OK,x,has_measure,?
,,,,,,
432,9,full_text + noisy_diagram[irr_objects],OK,-3,4,"is_a, point"
432,9,full_text + noisy_diagram[irr_objects],OK,5,2,"is_a, point"
432,9,full_text + noisy_diagram[irr_objects],OK,-3,4,"connects, 5, 2"
432,9,full_text + noisy_diagram[irr_objects],OK,d,is_a,distance
432,9,full_text + noisy_diagram[irr_objects],OK,d,has_measure,?
432,9,full_text + noisy_diagram[irr_objects],OK,-3,4,"lies_on, line"
432,9,full_text + noisy_diagram[irr_objects],OK,5,2,"lies_on, line"
432,9,full_text + noisy_diagram[irr_objects],OK,line,is_a,line
432,9,full_text + noisy_diagram[irr_objects],OK,x,is_a,axis
432,9,full_text + noisy_diagram[irr_objects],OK,y,is_a,axis
432,9,full_text + noisy_diagram[irr_objects],OK,0,lies_on,x
432,9,full_text + noisy_diagram[irr_objects],OK,0,lies_on,y
432,9,full_text + noisy_diagram[irr_objects],OK,-3,4,"lies_on, grid"
432,9,full_text + noisy_diagram[irr_objects],OK,5,2,"lies_on, grid"
432,9,full_text + noisy_diagram[irr_objects],OK,grid,is_a,grid
432,9,full_text + noisy_diagram[irr_objects],OK,x,perpendicular_to,y
432,9,full_text + noisy_diagram[irr_objects],OK,line,intersects,grid
432,9,full_text + noisy_diagram[irr_objects],OK,grid,has_measure,5_units
432,9,full_text + noisy_diagram[irr_objects],OK,line,has_measure,?
,,,,,,
438,9,full_text + noisy_diagram[irr_objects],OK,hyperbola,is_a,hyperbola
438,9,full_text + noisy_diagram[irr_objects],OK,hyperbola,has_measure,vertices
438,9,full_text + noisy_diagram[irr_objects],OK,vertices,is_a,point
438,9,full_text + noisy_diagram[irr_objects],OK,hyperbola,has_measure,center
438,9,full_text + noisy_diagram[irr_objects],OK,center,is_a,point
438,9,full_text + noisy_diagram[irr_objects],OK,hyperbola,has_measure,foci
438,9,full_text + noisy_diagram[irr_objects],OK,foci,is_a,point
438,9,full_text + noisy_diagram[irr_objects],OK,hyperbola,has_measure,equation
438,9,full_text + noisy_diagram[irr_objects],OK,equation,is_a,?
,,,,,,
441,9,full_text + noisy_diagram[irr_objects],OK,P,is_a,point
441,9,full_text + noisy_diagram[irr_objects],OK,a,is_a,angle
441,9,full_text + noisy_diagram[irr_objects],OK,a,has_measure,?
441,9,full_text + noisy_diagram[irr_objects],OK,unit_circle,is_a,circle
441,9,full_text + noisy_diagram[irr_objects],OK,unit_circle,radius_of,1_unit
441,9,full_text + noisy_diagram[irr_objects],OK,P,lies_on,unit_circle
441,9,full_text + noisy_diagram[irr_objects],OK,a,terminal_side_intersects,unit_circle
441,9,full_text + noisy_diagram[irr_objects],OK,a,terminal_side_intersects,P
441,9,full_text + noisy_diagram[irr_objects],OK,y,is_a,point
441,9,full_text + noisy_diagram[irr_objects],OK,y,has_measure,?
441,9,full_text + noisy_diagram[irr_objects],OK,x,is_a,point
441,9,full_text + noisy_diagram[irr_objects],OK,x,has_measure,?
441,9,full_text + noisy_diagram[irr_objects],OK,P,connects,x
441,9,full_text + noisy_diagram[irr_objects],OK,P,connects,y
441,9,full_text + noisy_diagram[irr_objects],OK,y,lies_on,unit_circle
441,9,full_text + noisy_diagram[irr_objects],OK,x,lies_on,unit_circle
,,,,,,
447,9,full_text + noisy_diagram[irr_objects],OK,a,is_a,angle
447,9,full_text + noisy_diagram[irr_objects],OK,P,is_a,point
447,9,full_text + noisy_diagram[irr_objects],OK,unit_circle,is_a,circle
447,9,full_text + noisy_diagram[irr_objects],OK,P,lies_on,unit_circle
447,9,full_text + noisy_diagram[irr_objects],OK,a,has_measure,?
447,9,full_text + noisy_diagram[irr_objects],OK,unit_circle,center_of,O
447,9,full_text + noisy_diagram[irr_objects],OK,O,is_a,point
447,9,full_text + noisy_diagram[irr_objects],OK,unit_circle,radius_of,1_unit
447,9,full_text + noisy_diagram[irr_objects],OK,x_axis,is_a,line
447,9,full_text + noisy_diagram[irr_objects],OK,y_axis,is_a,line
447,9,full_text + noisy_diagram[irr_objects],OK,x_axis,intersects,y_axis
447,9,full_text + noisy_diagram[irr_objects],OK,y_axis,intersects,x_axis
447,9,full_text + noisy_diagram[irr_objects],OK,unit_circle,intersects,x_axis
447,9,full_text + noisy_diagram[irr_objects],OK,unit_circle,intersects,y_axis
,,,,,,
449,9,full_text + noisy_diagram[irr_objects],OK,origin,is_a,point
449,9,full_text + noisy_diagram[irr_objects],OK,circle,is_a,circle
449,9,full_text + noisy_diagram[irr_objects],OK,origin,center_of,circle
449,9,full_text + noisy_diagram[irr_objects],OK,circle,radius_of,1_unit
449,9,full_text + noisy_diagram[irr_objects],OK,P,is_a,point
449,9,full_text + noisy_diagram[irr_objects],OK,P,lies_on,circle
449,9,full_text + noisy_diagram[irr_objects],OK,theta,is_a,angle
,,,,,,
457,9,full_text + noisy_diagram[irr_objects],OK,A,is_a,point
457,9,full_text + noisy_diagram[irr_objects],OK,B,is_a,point
457,9,full_text + noisy_diagram[irr_objects],OK,C,is_a,point
457,9,full_text + noisy_diagram[irr_objects],OK,O,is_a,point
457,9,full_text + noisy_diagram[irr_objects],OK,AB,is_a,segment
457,9,full_text + noisy_diagram[irr_objects],OK,∠AOB,is_a,angle
457,9,full_text + noisy_diagram[irr_objects],OK,A,lies_on,circle
457,9,full_text + noisy_diagram[irr_objects],OK,B,lies_on,circle
457,9,full_text + noisy_diagram[irr_objects],OK,C,lies_on,circle
457,9,full_text + noisy_diagram[irr_objects],OK,O,center_of,circle
457,9,full_text + noisy_diagram[irr_objects],OK,AB,connects,A
457,9,full_text + noisy_diagram[irr_objects],OK,AB,connects,B
457,9,full_text + noisy_diagram[irr_objects],OK,∠AOB,has_measure,30_deg
457,9,full_text + noisy_diagram[irr_objects],OK,circle,radius_of,6_units
457,9,full_text + noisy_diagram[irr_objects],OK,circle,has_measure,?
457,9,full_text + noisy_diagram[irr_objects],OK,?,is_a,equation
,,,,,,
472,9,full_text + noisy_diagram[irr_objects],OK,semicircle,is_a,semicircle
472,9,full_text + noisy_diagram[irr_objects],OK,?,is_a,center_of
472,9,full_text + noisy_diagram[irr_objects],OK,?,is_a,semicircle
472,9,full_text + noisy_diagram[irr_objects],OK,?,is_a,question
,,,,,,
