problem_index,case_id,case_label,status,subject,predicate,object
1,16,half_text + noisy_half_diagram[bg_change],OK,A,is_a,point
1,16,half_text + noisy_half_diagram[bg_change],OK,B,is_a,point
1,16,half_text + noisy_half_diagram[bg_change],OK,C,is_a,point
1,16,half_text + noisy_half_diagram[bg_change],OK,ABC,is_a,triangle
1,16,half_text + noisy_half_diagram[bg_change],OK,∠A,is_a,angle
1,16,half_text + noisy_half_diagram[bg_change],OK,∠A,has_measure,80_deg
1,16,half_text + noisy_half_diagram[bg_change],OK,D,is_a,point
1,16,half_text + noisy_half_diagram[bg_change],OK,E,is_a,point
1,16,half_text + noisy_half_diagram[bg_change],OK,D,lies_on,AB
1,16,half_text + noisy_half_diagram[bg_change],OK,E,lies_on,AC
1,16,half_text + noisy_half_diagram[bg_change],OK,DE,is_a,segment
1,16,half_text + noisy_half_diagram[bg_change],OK,BC,is_a,segment
1,16,half_text + noisy_half_diagram[bg_change],OK,DE,parallel_to,BC
1,16,half_text + noisy_half_diagram[bg_change],OK,∠B,is_a,angle
1,16,half_text + noisy_half_diagram[bg_change],OK,∠B,has_measure,60_deg
1,16,half_text + noisy_half_diagram[bg_change],OK,∠CED,is_a,angle
1,16,half_text + noisy_half_diagram[bg_change],OK,∠CED,has_measure,?
,,,,,,
2,16,half_text + noisy_half_diagram[bg_change],OK,A,is_a,point
2,16,half_text + noisy_half_diagram[bg_change],OK,B,is_a,point
2,16,half_text + noisy_half_diagram[bg_change],OK,C,is_a,point
2,16,half_text + noisy_half_diagram[bg_change],OK,D,is_a,point
2,16,half_text + noisy_half_diagram[bg_change],OK,E,is_a,point
2,16,half_text + noisy_half_diagram[bg_change],OK,F,is_a,point
2,16,half_text + noisy_half_diagram[bg_change],OK,G,is_a,point
2,16,half_text + noisy_half_diagram[bg_change],OK,AB,is_a,segment
2,16,half_text + noisy_half_diagram[bg_change],OK,CD,is_a,segment
2,16,half_text + noisy_half_diagram[bg_change],OK,EF,is_a,segment
2,16,half_text + noisy_half_diagram[bg_change],OK,EG,is_a,segment
2,16,half_text + noisy_half_diagram[bg_change],OK,∠BEF,is_a,angle
2,16,half_text + noisy_half_diagram[bg_change],OK,∠EFG,is_a,angle
2,16,half_text + noisy_half_diagram[bg_change],OK,∠EGF,is_a,angle
2,16,half_text + noisy_half_diagram[bg_change],OK,AB,parallel_to,CD
2,16,half_text + noisy_half_diagram[bg_change],OK,EF,intersects,AB
2,16,half_text + noisy_half_diagram[bg_change],OK,EF,intersects,CD
2,16,half_text + noisy_half_diagram[bg_change],OK,EG,bisects,∠BEF
2,16,half_text + noisy_half_diagram[bg_change],OK,EG,intersects,CD
2,16,half_text + noisy_half_diagram[bg_change],OK,∠EFG,has_measure,50_deg
2,16,half_text + noisy_half_diagram[bg_change],OK,?,is_a,query_target
,,,,,,
3,16,half_text + noisy_half_diagram[bg_change],OK,A,is_a,point
3,16,half_text + noisy_half_diagram[bg_change],OK,B,is_a,point
3,16,half_text + noisy_half_diagram[bg_change],OK,C,is_a,point
3,16,half_text + noisy_half_diagram[bg_change],OK,D,is_a,point
3,16,half_text + noisy_half_diagram[bg_change],OK,BC,is_a,segment
3,16,half_text + noisy_half_diagram[bg_change],OK,BA,is_a,segment
3,16,half_text + noisy_half_diagram[bg_change],OK,BD,is_a,segment
3,16,half_text + noisy_half_diagram[bg_change],OK,CD,is_a,segment
3,16,half_text + noisy_half_diagram[bg_change],OK,AB,is_a,segment
3,16,half_text + noisy_half_diagram[bg_change],OK,∠BCD,is_a,angle
3,16,half_text + noisy_half_diagram[bg_change],OK,∠BCD,has_measure,70_deg
3,16,half_text + noisy_half_diagram[bg_change],OK,BC,intersects,BA
3,16,half_text + noisy_half_diagram[bg_change],OK,BC,intersects,"BA, at, B"
3,16,half_text + noisy_half_diagram[bg_change],OK,BD,bisects,∠ABC
3,16,half_text + noisy_half_diagram[bg_change],OK,CD,parallel_to,AB
3,16,half_text + noisy_half_diagram[bg_change],OK,?,is_a,query
3,16,half_text + noisy_half_diagram[bg_change],OK,?,target,∠CDB
,,,,,,
4,16,half_text + noisy_half_diagram[bg_change],OK,A,is_a,point
4,16,half_text + noisy_half_diagram[bg_change],OK,B,is_a,point
4,16,half_text + noisy_half_diagram[bg_change],OK,C,is_a,point
4,16,half_text + noisy_half_diagram[bg_change],OK,O,is_a,point
4,16,half_text + noisy_half_diagram[bg_change],OK,AB,is_a,segment
4,16,half_text + noisy_half_diagram[bg_change],OK,AO,is_a,segment
4,16,half_text + noisy_half_diagram[bg_change],OK,BC,is_a,segment
4,16,half_text + noisy_half_diagram[bg_change],OK,∠A,is_a,angle
4,16,half_text + noisy_half_diagram[bg_change],OK,∠OCB,is_a,angle
4,16,half_text + noisy_half_diagram[bg_change],OK,AB,tangent_to,circle_O
4,16,half_text + noisy_half_diagram[bg_change],OK,B,lies_on,circle_O
4,16,half_text + noisy_half_diagram[bg_change],OK,C,lies_on,circle_O
4,16,half_text + noisy_half_diagram[bg_change],OK,AO,intersects,circle_O
4,16,half_text + noisy_half_diagram[bg_change],OK,AB,connects,"A, B"
4,16,half_text + noisy_half_diagram[bg_change],OK,AO,connects,"A, O"
4,16,half_text + noisy_half_diagram[bg_change],OK,BC,connects,"B, C"
4,16,half_text + noisy_half_diagram[bg_change],OK,∠A,has_measure,36_deg
4,16,half_text + noisy_half_diagram[bg_change],OK,∠OCB,is_a,query_target
,,,,,,
7,16,half_text + noisy_half_diagram[bg_change],OK,A,is_a,point
7,16,half_text + noisy_half_diagram[bg_change],OK,B,is_a,point
7,16,half_text + noisy_half_diagram[bg_change],OK,C,is_a,point
7,16,half_text + noisy_half_diagram[bg_change],OK,D,is_a,point
7,16,half_text + noisy_half_diagram[bg_change],OK,E,is_a,point
7,16,half_text + noisy_half_diagram[bg_change],OK,ABC,is_a,triangle
7,16,half_text + noisy_half_diagram[bg_change],OK,ADE,is_a,triangle
7,16,half_text + noisy_half_diagram[bg_change],OK,∠B,has_measure,70_deg
7,16,half_text + noisy_half_diagram[bg_change],OK,∠C,has_measure,30_deg
7,16,half_text + noisy_half_diagram[bg_change],OK,∠ADC,has_measure,35_deg
7,16,half_text + noisy_half_diagram[bg_change],OK,∠DCA,has_measure,30_deg
7,16,half_text + noisy_half_diagram[bg_change],OK,∠DAC,has_measure,?
7,16,half_text + noisy_half_diagram[bg_change],OK,∠EAC,has_measure,?
7,16,half_text + noisy_half_diagram[bg_change],OK,ABC,is_a,"congruent_to, ADE"
7,16,half_text + noisy_half_diagram[bg_change],OK,A,is_a,"common_vertex_of, ABC, ADE"
7,16,half_text + noisy_half_diagram[bg_change],OK,∠B,is_a,"angle_of, ABC"
7,16,half_text + noisy_half_diagram[bg_change],OK,∠C,is_a,"angle_of, ABC"
7,16,half_text + noisy_half_diagram[bg_change],OK,∠ADC,is_a,"angle_of, ADE"
7,16,half_text + noisy_half_diagram[bg_change],OK,∠DCA,is_a,"angle_of, ADE"
7,16,half_text + noisy_half_diagram[bg_change],OK,∠DAC,is_a,"angle_of, ADE"
7,16,half_text + noisy_half_diagram[bg_change],OK,∠EAC,is_a,"angle_of, ADE"
,,,,,,
8,16,half_text + noisy_half_diagram[bg_change],OK,A,is_a,point
8,16,half_text + noisy_half_diagram[bg_change],OK,B,is_a,point
8,16,half_text + noisy_half_diagram[bg_change],OK,C,is_a,point
8,16,half_text + noisy_half_diagram[bg_change],OK,D,is_a,point
8,16,half_text + noisy_half_diagram[bg_change],OK,E,is_a,point
8,16,half_text + noisy_half_diagram[bg_change],OK,F,is_a,point
8,16,half_text + noisy_half_diagram[bg_change],OK,ABC,is_a,triangle
8,16,half_text + noisy_half_diagram[bg_change],OK,DEF,is_a,triangle
8,16,half_text + noisy_half_diagram[bg_change],OK,ABC,congruent_to,DEF
8,16,half_text + noisy_half_diagram[bg_change],OK,A,corresponds_to,D
8,16,half_text + noisy_half_diagram[bg_change],OK,B,corresponds_to,E
8,16,half_text + noisy_half_diagram[bg_change],OK,C,corresponds_to,F
8,16,half_text + noisy_half_diagram[bg_change],OK,BF,is_a,segment
8,16,half_text + noisy_half_diagram[bg_change],OK,BF,has_measure,7_units
8,16,half_text + noisy_half_diagram[bg_change],OK,BC,is_a,segment
8,16,half_text + noisy_half_diagram[bg_change],OK,EC,is_a,segment
8,16,half_text + noisy_half_diagram[bg_change],OK,BC,has_measure,5_units
8,16,half_text + noisy_half_diagram[bg_change],OK,BC,connects,"B, C"
8,16,half_text + noisy_half_diagram[bg_change],OK,BF,connects,"B, F"
8,16,half_text + noisy_half_diagram[bg_change],OK,DEF,connects,"D, E, F"
8,16,half_text + noisy_half_diagram[bg_change],OK,ABC,connects,"A, B, C"
,,,,,,
9,16,half_text + noisy_half_diagram[bg_change],OK,A,is_a,point
9,16,half_text + noisy_half_diagram[bg_change],OK,B,is_a,point
9,16,half_text + noisy_half_diagram[bg_change],OK,C,is_a,point
9,16,half_text + noisy_half_diagram[bg_change],OK,D,is_a,point
9,16,half_text + noisy_half_diagram[bg_change],OK,E,is_a,point
9,16,half_text + noisy_half_diagram[bg_change],OK,ABC,is_a,triangle
9,16,half_text + noisy_half_diagram[bg_change],OK,∠C,is_a,angle
9,16,half_text + noisy_half_diagram[bg_change],OK,∠C,has_measure,90_deg
9,16,half_text + noisy_half_diagram[bg_change],OK,AC,is_a,segment
9,16,half_text + noisy_half_diagram[bg_change],OK,BC,is_a,segment
9,16,half_text + noisy_half_diagram[bg_change],OK,AC,has_measure,?
9,16,half_text + noisy_half_diagram[bg_change],OK,BC,has_measure,?
9,16,half_text + noisy_half_diagram[bg_change],OK,AD,is_a,segment
9,16,half_text + noisy_half_diagram[bg_change],OK,∠CAB,is_a,angle
9,16,half_text + noisy_half_diagram[bg_change],OK,AD,intersects,BC
9,16,half_text + noisy_half_diagram[bg_change],OK,DE,is_a,segment
9,16,half_text + noisy_half_diagram[bg_change],OK,AB,is_a,segment
9,16,half_text + noisy_half_diagram[bg_change],OK,DE,perpendicular_to,AB
9,16,half_text + noisy_half_diagram[bg_change],OK,AB,has_measure,6_units
9,16,half_text + noisy_half_diagram[bg_change],OK,ADBE,is_a,quadrilateral
9,16,half_text + noisy_half_diagram[bg_change],OK,perimeter_of_ADBE,is_a,query_target
,,,,,,
10,16,half_text + noisy_half_diagram[bg_change],OK,A,is_a,point
10,16,half_text + noisy_half_diagram[bg_change],OK,B,is_a,point
10,16,half_text + noisy_half_diagram[bg_change],OK,C,is_a,point
10,16,half_text + noisy_half_diagram[bg_change],OK,D,is_a,point
10,16,half_text + noisy_half_diagram[bg_change],OK,ABC,is_a,triangle
10,16,half_text + noisy_half_diagram[bg_change],OK,AB,is_a,segment
10,16,half_text + noisy_half_diagram[bg_change],OK,AC,is_a,segment
10,16,half_text + noisy_half_diagram[bg_change],OK,BC,is_a,segment
10,16,half_text + noisy_half_diagram[bg_change],OK,AB,connects,A
10,16,half_text + noisy_half_diagram[bg_change],OK,AB,connects,B
10,16,half_text + noisy_half_diagram[bg_change],OK,AC,connects,A
10,16,half_text + noisy_half_diagram[bg_change],OK,AC,connects,C
10,16,half_text + noisy_half_diagram[bg_change],OK,BC,connects,B
10,16,half_text + noisy_half_diagram[bg_change],OK,BC,connects,C
10,16,half_text + noisy_half_diagram[bg_change],OK,AB,has_measure,AC
10,16,half_text + noisy_half_diagram[bg_change],OK,∠BAC,is_a,angle
10,16,half_text + noisy_half_diagram[bg_change],OK,∠BAC,has_measure,36_deg
10,16,half_text + noisy_half_diagram[bg_change],OK,D,lies_on,AC
10,16,half_text + noisy_half_diagram[bg_change],OK,E,is_a,point
10,16,half_text + noisy_half_diagram[bg_change],OK,E,lies_on,AB
10,16,half_text + noisy_half_diagram[bg_change],OK,BDC,is_a,angle
10,16,half_text + noisy_half_diagram[bg_change],OK,BDC,is_a,query_target
,,,,,,
11,16,half_text + noisy_half_diagram[bg_change],OK,A,is_a,point
11,16,half_text + noisy_half_diagram[bg_change],OK,B,is_a,point
11,16,half_text + noisy_half_diagram[bg_change],OK,C,is_a,point
11,16,half_text + noisy_half_diagram[bg_change],OK,D,is_a,point
11,16,half_text + noisy_half_diagram[bg_change],OK,E,is_a,point
11,16,half_text + noisy_half_diagram[bg_change],OK,F,is_a,point
11,16,half_text + noisy_half_diagram[bg_change],OK,∠C,is_a,angle
11,16,half_text + noisy_half_diagram[bg_change],OK,∠C,has_measure,36_deg
11,16,half_text + noisy_half_diagram[bg_change],OK,∠BAE,is_a,angle
11,16,half_text + noisy_half_diagram[bg_change],OK,∠BAE,has_measure,60_deg
11,16,half_text + noisy_half_diagram[bg_change],OK,ABC,is_a,triangle
11,16,half_text + noisy_half_diagram[bg_change],OK,AED,is_a,triangle
11,16,half_text + noisy_half_diagram[bg_change],OK,AD,is_a,segment
11,16,half_text + noisy_half_diagram[bg_change],OK,BC,is_a,segment
11,16,half_text + noisy_half_diagram[bg_change],OK,AFC,is_a,angle
11,16,half_text + noisy_half_diagram[bg_change],OK,ABC,rotated_about,A
11,16,half_text + noisy_half_diagram[bg_change],OK,ABC,mapped_to,AED
11,16,half_text + noisy_half_diagram[bg_change],OK,AD,intersects,BC
11,16,half_text + noisy_half_diagram[bg_change],OK,AD,intersects,"BC, at, F"
,,,,,,
14,16,half_text + noisy_half_diagram[bg_change],OK,A,is_a,point
14,16,half_text + noisy_half_diagram[bg_change],OK,B,is_a,point
14,16,half_text + noisy_half_diagram[bg_change],OK,C,is_a,point
14,16,half_text + noisy_half_diagram[bg_change],OK,O,is_a,point
14,16,half_text + noisy_half_diagram[bg_change],OK,AB,is_a,segment
14,16,half_text + noisy_half_diagram[bg_change],OK,AC,is_a,segment
14,16,half_text + noisy_half_diagram[bg_change],OK,BC,is_a,segment
14,16,half_text + noisy_half_diagram[bg_change],OK,O,center_of,circle
14,16,half_text + noisy_half_diagram[bg_change],OK,A,lies_on,circle
14,16,half_text + noisy_half_diagram[bg_change],OK,B,lies_on,circle
14,16,half_text + noisy_half_diagram[bg_change],OK,C,lies_on,circle
14,16,half_text + noisy_half_diagram[bg_change],OK,∠AOB,is_a,angle
14,16,half_text + noisy_half_diagram[bg_change],OK,∠AOB,has_measure,35_deg
14,16,half_text + noisy_half_diagram[bg_change],OK,A,connects,B
14,16,half_text + noisy_half_diagram[bg_change],OK,A,connects,C
14,16,half_text + noisy_half_diagram[bg_change],OK,B,connects,C
14,16,half_text + noisy_half_diagram[bg_change],OK,O,connects,A
14,16,half_text + noisy_half_diagram[bg_change],OK,O,connects,B
14,16,half_text + noisy_half_diagram[bg_change],OK,ACB,is_a,angle
14,16,half_text + noisy_half_diagram[bg_change],OK,ACB,is_a,query_target
,,,,,,
16,16,half_text + noisy_half_diagram[bg_change],OK,O,is_a,point
16,16,half_text + noisy_half_diagram[bg_change],OK,O,center_of,circle
16,16,half_text + noisy_half_diagram[bg_change],OK,OB,is_a,radius
16,16,half_text + noisy_half_diagram[bg_change],OK,AC,is_a,chord
16,16,half_text + noisy_half_diagram[bg_change],OK,AC,parallel_to,OB
16,16,half_text + noisy_half_diagram[bg_change],OK,∠BOC,is_a,angle
16,16,half_text + noisy_half_diagram[bg_change],OK,∠BOC,has_measure,50_deg
16,16,half_text + noisy_half_diagram[bg_change],OK,O,connects,B
16,16,half_text + noisy_half_diagram[bg_change],OK,O,connects,C
16,16,half_text + noisy_half_diagram[bg_change],OK,B,connects,C
16,16,half_text + noisy_half_diagram[bg_change],OK,A,connects,C
16,16,half_text + noisy_half_diagram[bg_change],OK,O,connects,A
16,16,half_text + noisy_half_diagram[bg_change],OK,B,connects,A
16,16,half_text + noisy_half_diagram[bg_change],OK,?,is_a,query_target
,,,,,,
17,16,half_text + noisy_half_diagram[bg_change],OK,A,is_a,point
17,16,half_text + noisy_half_diagram[bg_change],OK,B,is_a,point
17,16,half_text + noisy_half_diagram[bg_change],OK,C,is_a,point
17,16,half_text + noisy_half_diagram[bg_change],OK,D,is_a,point
17,16,half_text + noisy_half_diagram[bg_change],OK,O,is_a,point
17,16,half_text + noisy_half_diagram[bg_change],OK,ABCD,is_a,parallelogram
17,16,half_text + noisy_half_diagram[bg_change],OK,AC,is_a,diagonal
17,16,half_text + noisy_half_diagram[bg_change],OK,BD,is_a,diagonal
17,16,half_text + noisy_half_diagram[bg_change],OK,AC,intersects,BD
17,16,half_text + noisy_half_diagram[bg_change],OK,AC,intersects,"BD, at, O"
17,16,half_text + noisy_half_diagram[bg_change],OK,∠DAC,is_a,angle
17,16,half_text + noisy_half_diagram[bg_change],OK,∠DAC,has_measure,42_deg
17,16,half_text + noisy_half_diagram[bg_change],OK,∠CBD,is_a,angle
17,16,half_text + noisy_half_diagram[bg_change],OK,∠CBD,has_measure,23_deg
17,16,half_text + noisy_half_diagram[bg_change],OK,∠COD,is_a,angle
17,16,half_text + noisy_half_diagram[bg_change],OK,∠COD,is_a,query_target
,,,,,,
20,16,half_text + noisy_half_diagram[bg_change],OK,O,is_a,circle
20,16,half_text + noisy_half_diagram[bg_change],OK,AB,is_a,"diameter_of, O"
20,16,half_text + noisy_half_diagram[bg_change],OK,A,is_a,point
20,16,half_text + noisy_half_diagram[bg_change],OK,B,is_a,point
20,16,half_text + noisy_half_diagram[bg_change],OK,C,is_a,point
20,16,half_text + noisy_half_diagram[bg_change],OK,D,is_a,point
20,16,half_text + noisy_half_diagram[bg_change],OK,AB,connects,"A, B"
20,16,half_text + noisy_half_diagram[bg_change],OK,C,lies_on,O
20,16,half_text + noisy_half_diagram[bg_change],OK,D,lies_on,O
20,16,half_text + noisy_half_diagram[bg_change],OK,AC,connects,"A, C"
20,16,half_text + noisy_half_diagram[bg_change],OK,BC,connects,"B, C"
20,16,half_text + noisy_half_diagram[bg_change],OK,CD,connects,"C, D"
20,16,half_text + noisy_half_diagram[bg_change],OK,OD,connects,"O, D"
20,16,half_text + noisy_half_diagram[bg_change],OK,∠DOB,has_measure,140_deg
20,16,half_text + noisy_half_diagram[bg_change],OK,∠ACD,is_a,angle
20,16,half_text + noisy_half_diagram[bg_change],OK,∠ACD,is_a,query_target
,,,,,,
22,16,half_text + noisy_half_diagram[bg_change],OK,A,is_a,point
22,16,half_text + noisy_half_diagram[bg_change],OK,∠DAC,is_a,angle
22,16,half_text + noisy_half_diagram[bg_change],OK,∠DAC,has_measure,?
22,16,half_text + noisy_half_diagram[bg_change],OK,∠OBC,is_a,angle
22,16,half_text + noisy_half_diagram[bg_change],OK,∠OBC,has_measure,?
22,16,half_text + noisy_half_diagram[bg_change],OK,ABCD,is_a,diamond
22,16,half_text + noisy_half_diagram[bg_change],OK,M,is_a,point
22,16,half_text + noisy_half_diagram[bg_change],OK,N,is_a,point
22,16,half_text + noisy_half_diagram[bg_change],OK,AB,is_a,segment
22,16,half_text + noisy_half_diagram[bg_change],OK,CD,is_a,segment
22,16,half_text + noisy_half_diagram[bg_change],OK,M,lies_on,AB
22,16,half_text + noisy_half_diagram[bg_change],OK,N,lies_on,CD
22,16,half_text + noisy_half_diagram[bg_change],OK,AM,is_a,segment
22,16,half_text + noisy_half_diagram[bg_change],OK,CN,is_a,segment
22,16,half_text + noisy_half_diagram[bg_change],OK,AM,has_measure,?
22,16,half_text + noisy_half_diagram[bg_change],OK,CN,has_measure,?
22,16,half_text + noisy_half_diagram[bg_change],OK,MN,is_a,segment
22,16,half_text + noisy_half_diagram[bg_change],OK,AC,is_a,segment
22,16,half_text + noisy_half_diagram[bg_change],OK,MN,intersects,AC
22,16,half_text + noisy_half_diagram[bg_change],OK,O,is_a,point
22,16,half_text + noisy_half_diagram[bg_change],OK,MN,intersects,"AC, at, O"
22,16,half_text + noisy_half_diagram[bg_change],OK,BO,is_a,segment
22,16,half_text + noisy_half_diagram[bg_change],OK,∠MAN,is_a,angle
22,16,half_text + noisy_half_diagram[bg_change],OK,∠MAN,has_measure,28_deg
,,,,,,
25,16,half_text + noisy_half_diagram[bg_change],OK,A,is_a,point
25,16,half_text + noisy_half_diagram[bg_change],OK,B,is_a,point
25,16,half_text + noisy_half_diagram[bg_change],OK,C,is_a,point
25,16,half_text + noisy_half_diagram[bg_change],OK,E,is_a,point
25,16,half_text + noisy_half_diagram[bg_change],OK,F,is_a,point
25,16,half_text + noisy_half_diagram[bg_change],OK,AB,is_a,segment
25,16,half_text + noisy_half_diagram[bg_change],OK,AC,is_a,segment
25,16,half_text + noisy_half_diagram[bg_change],OK,BC,is_a,segment
25,16,half_text + noisy_half_diagram[bg_change],OK,EF,is_a,segment
25,16,half_text + noisy_half_diagram[bg_change],OK,∠B,is_a,angle
25,16,half_text + noisy_half_diagram[bg_change],OK,∠BAF,is_a,angle
25,16,half_text + noisy_half_diagram[bg_change],OK,EF,parallel_to,BC
25,16,half_text + noisy_half_diagram[bg_change],OK,AC,bisects,∠BAF
25,16,half_text + noisy_half_diagram[bg_change],OK,∠B,has_measure,50_deg
25,16,half_text + noisy_half_diagram[bg_change],OK,?,is_a,query_target
,,,,,,
26,16,half_text + noisy_half_diagram[bg_change],OK,A,is_a,point
26,16,half_text + noisy_half_diagram[bg_change],OK,B,is_a,point
26,16,half_text + noisy_half_diagram[bg_change],OK,C,is_a,point
26,16,half_text + noisy_half_diagram[bg_change],OK,AB,is_a,segment
26,16,half_text + noisy_half_diagram[bg_change],OK,BC,is_a,segment
26,16,half_text + noisy_half_diagram[bg_change],OK,AC,is_a,segment
26,16,half_text + noisy_half_diagram[bg_change],OK,∠BAC,is_a,angle
26,16,half_text + noisy_half_diagram[bg_change],OK,AB,has_measure,8.0_units
26,16,half_text + noisy_half_diagram[bg_change],OK,BC,has_measure,22.0_units
26,16,half_text + noisy_half_diagram[bg_change],OK,∠BAC,has_measure,3.2_deg
26,16,half_text + noisy_half_diagram[bg_change],OK,A,connects,B
26,16,half_text + noisy_half_diagram[bg_change],OK,B,connects,C
26,16,half_text + noisy_half_diagram[bg_change],OK,C,connects,A
,,,,,,
29,16,half_text + noisy_half_diagram[bg_change],OK,A,is_a,point
29,16,half_text + noisy_half_diagram[bg_change],OK,B,is_a,point
29,16,half_text + noisy_half_diagram[bg_change],OK,C,is_a,point
29,16,half_text + noisy_half_diagram[bg_change],OK,D,is_a,point
29,16,half_text + noisy_half_diagram[bg_change],OK,ABC,is_a,triangle
29,16,half_text + noisy_half_diagram[bg_change],OK,BD,is_a,segment
29,16,half_text + noisy_half_diagram[bg_change],OK,CD,is_a,segment
29,16,half_text + noisy_half_diagram[bg_change],OK,D,is_a,intersection_point
29,16,half_text + noisy_half_diagram[bg_change],OK,BD,is_a,angle_bisector
29,16,half_text + noisy_half_diagram[bg_change],OK,CD,is_a,angle_bisector
29,16,half_text + noisy_half_diagram[bg_change],OK,A,has_measure,50_deg
29,16,half_text + noisy_half_diagram[bg_change],OK,∠BDC,is_a,angle
29,16,half_text + noisy_half_diagram[bg_change],OK,∠BDC,is_a,query_target
,,,,,,
30,16,half_text + noisy_half_diagram[bg_change],OK,A,is_a,point
30,16,half_text + noisy_half_diagram[bg_change],OK,B,is_a,point
30,16,half_text + noisy_half_diagram[bg_change],OK,C,is_a,point
30,16,half_text + noisy_half_diagram[bg_change],OK,O,is_a,point
30,16,half_text + noisy_half_diagram[bg_change],OK,OA,is_a,segment
30,16,half_text + noisy_half_diagram[bg_change],OK,OB,is_a,segment
30,16,half_text + noisy_half_diagram[bg_change],OK,OC,is_a,segment
30,16,half_text + noisy_half_diagram[bg_change],OK,OA,has_measure,?
30,16,half_text + noisy_half_diagram[bg_change],OK,OB,has_measure,?
30,16,half_text + noisy_half_diagram[bg_change],OK,OC,has_measure,?
30,16,half_text + noisy_half_diagram[bg_change],OK,∠ACB,is_a,angle
30,16,half_text + noisy_half_diagram[bg_change],OK,∠ACB,has_measure,30_deg
30,16,half_text + noisy_half_diagram[bg_change],OK,∠AOB,is_a,angle
30,16,half_text + noisy_half_diagram[bg_change],OK,∠AOB,has_measure,?
30,16,half_text + noisy_half_diagram[bg_change],OK,OA,equals,OB
30,16,half_text + noisy_half_diagram[bg_change],OK,OA,equals,OC
30,16,half_text + noisy_half_diagram[bg_change],OK,OB,equals,OC
30,16,half_text + noisy_half_diagram[bg_change],OK,∠AOB,is_a,query_target
,,,,,,
32,16,half_text + noisy_half_diagram[bg_change],OK,A,is_a,point
32,16,half_text + noisy_half_diagram[bg_change],OK,B,is_a,point
32,16,half_text + noisy_half_diagram[bg_change],OK,C,is_a,point
32,16,half_text + noisy_half_diagram[bg_change],OK,I,is_a,circle
32,16,half_text + noisy_half_diagram[bg_change],OK,D,is_a,point
32,16,half_text + noisy_half_diagram[bg_change],OK,E,is_a,point
32,16,half_text + noisy_half_diagram[bg_change],OK,F,is_a,point
32,16,half_text + noisy_half_diagram[bg_change],OK,ABC,is_a,triangle
32,16,half_text + noisy_half_diagram[bg_change],OK,∠A,is_a,angle
32,16,half_text + noisy_half_diagram[bg_change],OK,∠B,is_a,angle
32,16,half_text + noisy_half_diagram[bg_change],OK,∠C,is_a,angle
32,16,half_text + noisy_half_diagram[bg_change],OK,I,center_of,circle
32,16,half_text + noisy_half_diagram[bg_change],OK,D,lies_on,ABC
32,16,half_text + noisy_half_diagram[bg_change],OK,E,lies_on,ABC
32,16,half_text + noisy_half_diagram[bg_change],OK,F,lies_on,ABC
32,16,half_text + noisy_half_diagram[bg_change],OK,D,lies_on,I
32,16,half_text + noisy_half_diagram[bg_change],OK,E,lies_on,I
32,16,half_text + noisy_half_diagram[bg_change],OK,F,lies_on,I
32,16,half_text + noisy_half_diagram[bg_change],OK,I,is_a,inscribed_circle
32,16,half_text + noisy_half_diagram[bg_change],OK,∠IEF,has_measure,52_deg
32,16,half_text + noisy_half_diagram[bg_change],OK,∠A,is_a,query_target
,,,,,,
34,16,half_text + noisy_half_diagram[bg_change],OK,A,is_a,point
34,16,half_text + noisy_half_diagram[bg_change],OK,B,is_a,point
34,16,half_text + noisy_half_diagram[bg_change],OK,C,is_a,point
34,16,half_text + noisy_half_diagram[bg_change],OK,D,is_a,point
34,16,half_text + noisy_half_diagram[bg_change],OK,E,is_a,point
34,16,half_text + noisy_half_diagram[bg_change],OK,F,is_a,point
34,16,half_text + noisy_half_diagram[bg_change],OK,P,is_a,point
34,16,half_text + noisy_half_diagram[bg_change],OK,Q,is_a,point
34,16,half_text + noisy_half_diagram[bg_change],OK,AB,is_a,line
34,16,half_text + noisy_half_diagram[bg_change],OK,CD,is_a,line
34,16,half_text + noisy_half_diagram[bg_change],OK,EF,is_a,line
34,16,half_text + noisy_half_diagram[bg_change],OK,AB,parallel_to,CD
34,16,half_text + noisy_half_diagram[bg_change],OK,EF,intersects,AB
34,16,half_text + noisy_half_diagram[bg_change],OK,EF,intersects,CD
34,16,half_text + noisy_half_diagram[bg_change],OK,P,is_a,intersection
34,16,half_text + noisy_half_diagram[bg_change],OK,Q,is_a,intersection
34,16,half_text + noisy_half_diagram[bg_change],OK,∠BPQ,is_a,angle
34,16,half_text + noisy_half_diagram[bg_change],OK,∠BPQ,has_measure,100_deg
34,16,half_text + noisy_half_diagram[bg_change],OK,∠CQF,is_a,angle
34,16,half_text + noisy_half_diagram[bg_change],OK,∠CQF,has_measure,?
,,,,,,
36,16,half_text + noisy_half_diagram[bg_change],OK,A,is_a,point
36,16,half_text + noisy_half_diagram[bg_change],OK,B,is_a,point
36,16,half_text + noisy_half_diagram[bg_change],OK,O,is_a,point
36,16,half_text + noisy_half_diagram[bg_change],OK,AB,is_a,diameter
36,16,half_text + noisy_half_diagram[bg_change],OK,C,is_a,point
36,16,half_text + noisy_half_diagram[bg_change],OK,D,is_a,point
36,16,half_text + noisy_half_diagram[bg_change],OK,CD,is_a,line
36,16,half_text + noisy_half_diagram[bg_change],OK,O,is_a,circle
36,16,half_text + noisy_half_diagram[bg_change],OK,AB,lies_on,O
36,16,half_text + noisy_half_diagram[bg_change],OK,C,lies_on,O
36,16,half_text + noisy_half_diagram[bg_change],OK,D,lies_on,O
36,16,half_text + noisy_half_diagram[bg_change],OK,AB,connects,A
36,16,half_text + noisy_half_diagram[bg_change],OK,AB,connects,B
36,16,half_text + noisy_half_diagram[bg_change],OK,CD,connects,C
36,16,half_text + noisy_half_diagram[bg_change],OK,CD,connects,D
36,16,half_text + noisy_half_diagram[bg_change],OK,CD,tangent_to,O
36,16,half_text + noisy_half_diagram[bg_change],OK,∠BCD,has_measure,50_deg
36,16,half_text + noisy_half_diagram[bg_change],OK,O,center_of,AB
36,16,half_text + noisy_half_diagram[bg_change],OK,AB,diameter_of,O
36,16,half_text + noisy_half_diagram[bg_change],OK,CD,tangent_to,C
36,16,half_text + noisy_half_diagram[bg_change],OK,?,is_a,angle
,,,,,,
37,16,half_text + noisy_half_diagram[bg_change],OK,A,is_a,point
37,16,half_text + noisy_half_diagram[bg_change],OK,B,is_a,point
37,16,half_text + noisy_half_diagram[bg_change],OK,C,is_a,point
37,16,half_text + noisy_half_diagram[bg_change],OK,D,is_a,point
37,16,half_text + noisy_half_diagram[bg_change],OK,P,is_a,point
37,16,half_text + noisy_half_diagram[bg_change],OK,O,is_a,point
37,16,half_text + noisy_half_diagram[bg_change],OK,AB,is_a,segment
37,16,half_text + noisy_half_diagram[bg_change],OK,CD,is_a,segment
37,16,half_text + noisy_half_diagram[bg_change],OK,CP,is_a,segment
37,16,half_text + noisy_half_diagram[bg_change],OK,AO,is_a,segment
37,16,half_text + noisy_half_diagram[bg_change],OK,PO,is_a,segment
37,16,half_text + noisy_half_diagram[bg_change],OK,AB,parallel_to,CD
37,16,half_text + noisy_half_diagram[bg_change],OK,CP,intersects,AB
37,16,half_text + noisy_half_diagram[bg_change],OK,CP,intersects,"AB, at, O"
37,16,half_text + noisy_half_diagram[bg_change],OK,AO,has_measure,?
37,16,half_text + noisy_half_diagram[bg_change],OK,PO,has_measure,?
37,16,half_text + noisy_half_diagram[bg_change],OK,AO,has_measure,PO
37,16,half_text + noisy_half_diagram[bg_change],OK,∠PCO,is_a,angle
37,16,half_text + noisy_half_diagram[bg_change],OK,∠PCO,has_measure,50_deg
37,16,half_text + noisy_half_diagram[bg_change],OK,∠A,is_a,angle
37,16,half_text + noisy_half_diagram[bg_change],OK,∠A,has_measure,?
,,,,,,
38,16,half_text + noisy_half_diagram[bg_change],OK,A,is_a,point
38,16,half_text + noisy_half_diagram[bg_change],OK,B,is_a,point
38,16,half_text + noisy_half_diagram[bg_change],OK,C,is_a,point
38,16,half_text + noisy_half_diagram[bg_change],OK,D,is_a,point
38,16,half_text + noisy_half_diagram[bg_change],OK,AB,is_a,segment
38,16,half_text + noisy_half_diagram[bg_change],OK,AC,is_a,segment
38,16,half_text + noisy_half_diagram[bg_change],OK,AD,is_a,segment
38,16,half_text + noisy_half_diagram[bg_change],OK,BC,is_a,segment
38,16,half_text + noisy_half_diagram[bg_change],OK,∠BAC,is_a,angle
38,16,half_text + noisy_half_diagram[bg_change],OK,AB,has_measure,?
38,16,half_text + noisy_half_diagram[bg_change],OK,AC,has_measure,?
38,16,half_text + noisy_half_diagram[bg_change],OK,AD,has_measure,?
38,16,half_text + noisy_half_diagram[bg_change],OK,BC,has_measure,?
38,16,half_text + noisy_half_diagram[bg_change],OK,∠CAD,has_measure,70_deg
38,16,half_text + noisy_half_diagram[bg_change],OK,AD,parallel_to,BC
38,16,half_text + noisy_half_diagram[bg_change],OK,Triangle ABC,is_a,triangle
38,16,half_text + noisy_half_diagram[bg_change],OK,Triangle ABC,has_measure,?
38,16,half_text + noisy_half_diagram[bg_change],OK,∠BAC,has_measure,?
,,,,,,
40,16,half_text + noisy_half_diagram[bg_change],OK,a,is_a,line
40,16,half_text + noisy_half_diagram[bg_change],OK,b,is_a,line
40,16,half_text + noisy_half_diagram[bg_change],OK,c,is_a,line
40,16,half_text + noisy_half_diagram[bg_change],OK,a,parallel_to,b
40,16,half_text + noisy_half_diagram[bg_change],OK,P,is_a,point
40,16,half_text + noisy_half_diagram[bg_change],OK,Q,is_a,point
40,16,half_text + noisy_half_diagram[bg_change],OK,c,intersects,P
40,16,half_text + noisy_half_diagram[bg_change],OK,c,intersects,Q
40,16,half_text + noisy_half_diagram[bg_change],OK,∠1,is_a,angle
40,16,half_text + noisy_half_diagram[bg_change],OK,∠1,has_measure,50_deg
40,16,half_text + noisy_half_diagram[bg_change],OK,∠2,is_a,angle
40,16,half_text + noisy_half_diagram[bg_change],OK,∠2,has_measure,?
,,,,,,
43,16,half_text + noisy_half_diagram[bg_change],OK,A,is_a,point
43,16,half_text + noisy_half_diagram[bg_change],OK,B,is_a,point
43,16,half_text + noisy_half_diagram[bg_change],OK,C,is_a,point
43,16,half_text + noisy_half_diagram[bg_change],OK,D,is_a,point
43,16,half_text + noisy_half_diagram[bg_change],OK,O,is_a,point
43,16,half_text + noisy_half_diagram[bg_change],OK,OAB,is_a,triangle
43,16,half_text + noisy_half_diagram[bg_change],OK,ODC,is_a,triangle
43,16,half_text + noisy_half_diagram[bg_change],OK,AB,is_a,segment
43,16,half_text + noisy_half_diagram[bg_change],OK,OD,is_a,segment
43,16,half_text + noisy_half_diagram[bg_change],OK,DOB,is_a,angle
43,16,half_text + noisy_half_diagram[bg_change],OK,AOD,is_a,angle
43,16,half_text + noisy_half_diagram[bg_change],OK,AOD,has_measure,30_deg
43,16,half_text + noisy_half_diagram[bg_change],OK,OAB,rotated_about,O
43,16,half_text + noisy_half_diagram[bg_change],OK,OAB,mapped_to,ODC
43,16,half_text + noisy_half_diagram[bg_change],OK,D,lies_on,AB
43,16,half_text + noisy_half_diagram[bg_change],OK,∠AOD,has_measure,30_deg
43,16,half_text + noisy_half_diagram[bg_change],OK,∠BOC,has_measure,100_deg
43,16,half_text + noisy_half_diagram[bg_change],OK,DOB,is_a,query_target
,,,,,,
44,16,half_text + noisy_half_diagram[bg_change],OK,A,is_a,point
44,16,half_text + noisy_half_diagram[bg_change],OK,B,is_a,point
44,16,half_text + noisy_half_diagram[bg_change],OK,C,is_a,point
44,16,half_text + noisy_half_diagram[bg_change],OK,Z,is_a,point
44,16,half_text + noisy_half_diagram[bg_change],OK,AB,is_a,segment
44,16,half_text + noisy_half_diagram[bg_change],OK,AZ,is_a,segment
44,16,half_text + noisy_half_diagram[bg_change],OK,BZ,is_a,segment
44,16,half_text + noisy_half_diagram[bg_change],OK,CZ,is_a,segment
44,16,half_text + noisy_half_diagram[bg_change],OK,AC,is_a,segment
44,16,half_text + noisy_half_diagram[bg_change],OK,A,connects,B
44,16,half_text + noisy_half_diagram[bg_change],OK,A,connects,C
44,16,half_text + noisy_half_diagram[bg_change],OK,B,connects,Z
44,16,half_text + noisy_half_diagram[bg_change],OK,C,connects,Z
44,16,half_text + noisy_half_diagram[bg_change],OK,A,connects,Z
44,16,half_text + noisy_half_diagram[bg_change],OK,A,has_measure,25_units
44,16,half_text + noisy_half_diagram[bg_change],OK,B,has_measure,30_units
44,16,half_text + noisy_half_diagram[bg_change],OK,C,has_measure,25_units
44,16,half_text + noisy_half_diagram[bg_change],OK,Xiaogang,has_measure,1.5_units
44,16,half_text + noisy_half_diagram[bg_change],OK,A,is_a,street_lamp
44,16,half_text + noisy_half_diagram[bg_change],OK,B,is_a,street_lamp
44,16,half_text + noisy_half_diagram[bg_change],OK,A,is_a,query_target
,,,,,,
45,16,half_text + noisy_half_diagram[bg_change],OK,A,is_a,point
45,16,half_text + noisy_half_diagram[bg_change],OK,B,is_a,point
45,16,half_text + noisy_half_diagram[bg_change],OK,C,is_a,point
45,16,half_text + noisy_half_diagram[bg_change],OK,O,is_a,point
45,16,half_text + noisy_half_diagram[bg_change],OK,ABC,is_a,triangle
45,16,half_text + noisy_half_diagram[bg_change],OK,O,is_a,circle
45,16,half_text + noisy_half_diagram[bg_change],OK,A,lies_on,O
45,16,half_text + noisy_half_diagram[bg_change],OK,B,lies_on,O
45,16,half_text + noisy_half_diagram[bg_change],OK,C,lies_on,O
45,16,half_text + noisy_half_diagram[bg_change],OK,O,center_of,O
45,16,half_text + noisy_half_diagram[bg_change],OK,OA,is_a,segment
45,16,half_text + noisy_half_diagram[bg_change],OK,OB,is_a,segment
45,16,half_text + noisy_half_diagram[bg_change],OK,OC,is_a,segment
45,16,half_text + noisy_half_diagram[bg_change],OK,∠AOB,is_a,angle
45,16,half_text + noisy_half_diagram[bg_change],OK,∠ACB,is_a,angle
45,16,half_text + noisy_half_diagram[bg_change],OK,∠ACB,has_measure,35_deg
45,16,half_text + noisy_half_diagram[bg_change],OK,∠AOB,has_measure,?
45,16,half_text + noisy_half_diagram[bg_change],OK,measure_of,∠AOB,?
,,,,,,
46,16,half_text + noisy_half_diagram[bg_change],OK,A,is_a,point
46,16,half_text + noisy_half_diagram[bg_change],OK,B,is_a,point
46,16,half_text + noisy_half_diagram[bg_change],OK,C,is_a,point
46,16,half_text + noisy_half_diagram[bg_change],OK,D,is_a,point
46,16,half_text + noisy_half_diagram[bg_change],OK,E,is_a,point
46,16,half_text + noisy_half_diagram[bg_change],OK,O,is_a,point
46,16,half_text + noisy_half_diagram[bg_change],OK,AB,is_a,segment
46,16,half_text + noisy_half_diagram[bg_change],OK,CD,is_a,segment
46,16,half_text + noisy_half_diagram[bg_change],OK,AE,is_a,segment
46,16,half_text + noisy_half_diagram[bg_change],OK,∠EAB,is_a,angle
46,16,half_text + noisy_half_diagram[bg_change],OK,∠EAB,has_measure,70_deg
46,16,half_text + noisy_half_diagram[bg_change],OK,AB,parallel_to,CD
46,16,half_text + noisy_half_diagram[bg_change],OK,AE,intersects,AB
46,16,half_text + noisy_half_diagram[bg_change],OK,AE,intersects,CD
46,16,half_text + noisy_half_diagram[bg_change],OK,AE,intersects,"AB, at, A"
46,16,half_text + noisy_half_diagram[bg_change],OK,AE,intersects,"CD, at, O"
46,16,half_text + noisy_half_diagram[bg_change],OK,∠EOC,is_a,angle
46,16,half_text + noisy_half_diagram[bg_change],OK,∠EOC,is_a,query_target
,,,,,,
48,16,half_text + noisy_half_diagram[bg_change],OK,O,is_a,point
48,16,half_text + noisy_half_diagram[bg_change],OK,A,is_a,point
48,16,half_text + noisy_half_diagram[bg_change],OK,B,is_a,point
48,16,half_text + noisy_half_diagram[bg_change],OK,C,is_a,point
48,16,half_text + noisy_half_diagram[bg_change],OK,O,center_of,circle
48,16,half_text + noisy_half_diagram[bg_change],OK,A,lies_on,circle
48,16,half_text + noisy_half_diagram[bg_change],OK,B,lies_on,circle
48,16,half_text + noisy_half_diagram[bg_change],OK,C,lies_on,circle
48,16,half_text + noisy_half_diagram[bg_change],OK,O,connects,A
48,16,half_text + noisy_half_diagram[bg_change],OK,O,connects,B
48,16,half_text + noisy_half_diagram[bg_change],OK,O,connects,C
48,16,half_text + noisy_half_diagram[bg_change],OK,∠BOC,is_a,angle
48,16,half_text + noisy_half_diagram[bg_change],OK,∠BOC,has_measure,100_deg
48,16,half_text + noisy_half_diagram[bg_change],OK,A,lies_on,arc
48,16,half_text + noisy_half_diagram[bg_change],OK,B,lies_on,arc
48,16,half_text + noisy_half_diagram[bg_change],OK,C,lies_on,arc
48,16,half_text + noisy_half_diagram[bg_change],OK,B,connects,A
48,16,half_text + noisy_half_diagram[bg_change],OK,A,connects,C
48,16,half_text + noisy_half_diagram[bg_change],OK,B,connects,C
48,16,half_text + noisy_half_diagram[bg_change],OK,∠BAC,is_a,angle
48,16,half_text + noisy_half_diagram[bg_change],OK,∠BAC,has_measure,?
,,,,,,
49,16,half_text + noisy_half_diagram[bg_change],OK,O,is_a,circle
49,16,half_text + noisy_half_diagram[bg_change],OK,A,is_a,point
49,16,half_text + noisy_half_diagram[bg_change],OK,B,is_a,point
49,16,half_text + noisy_half_diagram[bg_change],OK,C,is_a,point
49,16,half_text + noisy_half_diagram[bg_change],OK,D,is_a,point
49,16,half_text + noisy_half_diagram[bg_change],OK,E,is_a,point
49,16,half_text + noisy_half_diagram[bg_change],OK,ABCDE,is_a,pentagon
49,16,half_text + noisy_half_diagram[bg_change],OK,O,center_of,circle
49,16,half_text + noisy_half_diagram[bg_change],OK,ABCDE,lies_on,circle
49,16,half_text + noisy_half_diagram[bg_change],OK,∠AED,is_a,angle
49,16,half_text + noisy_half_diagram[bg_change],OK,∠AED,has_measure,115_deg
49,16,half_text + noisy_half_diagram[bg_change],OK,∠BAE,is_a,angle
49,16,half_text + noisy_half_diagram[bg_change],OK,∠BAE,has_measure,30_deg
49,16,half_text + noisy_half_diagram[bg_change],OK,∠ABC,is_a,angle
49,16,half_text + noisy_half_diagram[bg_change],OK,∠ABC,has_measure,?
49,16,half_text + noisy_half_diagram[bg_change],OK,A,connects,B
49,16,half_text + noisy_half_diagram[bg_change],OK,B,connects,C
49,16,half_text + noisy_half_diagram[bg_change],OK,C,connects,D
49,16,half_text + noisy_half_diagram[bg_change],OK,D,connects,E
49,16,half_text + noisy_half_diagram[bg_change],OK,E,connects,A
49,16,half_text + noisy_half_diagram[bg_change],OK,A,connects,E
49,16,half_text + noisy_half_diagram[bg_change],OK,E,connects,D
49,16,half_text + noisy_half_diagram[bg_change],OK,D,connects,C
49,16,half_text + noisy_half_diagram[bg_change],OK,C,connects,B
49,16,half_text + noisy_half_diagram[bg_change],OK,B,connects,A
,,,,,,
50,16,half_text + noisy_half_diagram[bg_change],OK,A,is_a,point
50,16,half_text + noisy_half_diagram[bg_change],OK,B,is_a,point
50,16,half_text + noisy_half_diagram[bg_change],OK,C,is_a,point
50,16,half_text + noisy_half_diagram[bg_change],OK,D,is_a,point
50,16,half_text + noisy_half_diagram[bg_change],OK,E,is_a,point
50,16,half_text + noisy_half_diagram[bg_change],OK,O,is_a,point
50,16,half_text + noisy_half_diagram[bg_change],OK,AB,is_a,line
50,16,half_text + noisy_half_diagram[bg_change],OK,CD,is_a,line
50,16,half_text + noisy_half_diagram[bg_change],OK,EO,is_a,line
50,16,half_text + noisy_half_diagram[bg_change],OK,AB,intersects,CD
50,16,half_text + noisy_half_diagram[bg_change],OK,AB,intersects,EO
50,16,half_text + noisy_half_diagram[bg_change],OK,CD,intersects,AB
50,16,half_text + noisy_half_diagram[bg_change],OK,EO,intersects,AB
50,16,half_text + noisy_half_diagram[bg_change],OK,O,is_a,intersection
50,16,half_text + noisy_half_diagram[bg_change],OK,∠AOB,is_a,angle
50,16,half_text + noisy_half_diagram[bg_change],OK,∠AOB,has_measure,50_deg
50,16,half_text + noisy_half_diagram[bg_change],OK,EO,perpendicular_to,AB
50,16,half_text + noisy_half_diagram[bg_change],OK,COE,is_a,angle
50,16,half_text + noisy_half_diagram[bg_change],OK,COE,has_measure,?
,,,,,,
53,16,half_text + noisy_half_diagram[bg_change],OK,a,is_a,line
53,16,half_text + noisy_half_diagram[bg_change],OK,b,is_a,line
53,16,half_text + noisy_half_diagram[bg_change],OK,c,is_a,line
53,16,half_text + noisy_half_diagram[bg_change],OK,a,parallel_to,b
53,16,half_text + noisy_half_diagram[bg_change],OK,P,is_a,point
53,16,half_text + noisy_half_diagram[bg_change],OK,Q,is_a,point
53,16,half_text + noisy_half_diagram[bg_change],OK,c,intersects,a
53,16,half_text + noisy_half_diagram[bg_change],OK,c,intersects,b
53,16,half_text + noisy_half_diagram[bg_change],OK,c,intersects,P
53,16,half_text + noisy_half_diagram[bg_change],OK,c,intersects,Q
53,16,half_text + noisy_half_diagram[bg_change],OK,∠1,is_a,angle
53,16,half_text + noisy_half_diagram[bg_change],OK,∠1,has_measure,55_deg
53,16,half_text + noisy_half_diagram[bg_change],OK,∠2,is_a,angle
53,16,half_text + noisy_half_diagram[bg_change],OK,∠2,is_a,query_target
,,,,,,
55,16,half_text + noisy_half_diagram[bg_change],OK,A,is_a,point
55,16,half_text + noisy_half_diagram[bg_change],OK,B,is_a,point
55,16,half_text + noisy_half_diagram[bg_change],OK,C,is_a,point
55,16,half_text + noisy_half_diagram[bg_change],OK,D,is_a,point
55,16,half_text + noisy_half_diagram[bg_change],OK,O,is_a,point
55,16,half_text + noisy_half_diagram[bg_change],OK,M,is_a,point
55,16,half_text + noisy_half_diagram[bg_change],OK,N,is_a,point
55,16,half_text + noisy_half_diagram[bg_change],OK,AB,is_a,line
55,16,half_text + noisy_half_diagram[bg_change],OK,CD,is_a,line
55,16,half_text + noisy_half_diagram[bg_change],OK,OM,is_a,line
55,16,half_text + noisy_half_diagram[bg_change],OK,ON,is_a,line
55,16,half_text + noisy_half_diagram[bg_change],OK,AB,intersects,CD
55,16,half_text + noisy_half_diagram[bg_change],OK,AB,intersects,O
55,16,half_text + noisy_half_diagram[bg_change],OK,CD,intersects,O
55,16,half_text + noisy_half_diagram[bg_change],OK,OM,bisects,∠AOC
55,16,half_text + noisy_half_diagram[bg_change],OK,ON,perpendicular_to,OM
55,16,half_text + noisy_half_diagram[bg_change],OK,∠AOC,has_measure,70_deg
55,16,half_text + noisy_half_diagram[bg_change],OK,∠CON,is_a,angle
55,16,half_text + noisy_half_diagram[bg_change],OK,∠CON,has_measure,?
,,,,,,
56,16,half_text + noisy_half_diagram[bg_change],OK,O,is_a,point
56,16,half_text + noisy_half_diagram[bg_change],OK,C,is_a,point
56,16,half_text + noisy_half_diagram[bg_change],OK,D,is_a,point
56,16,half_text + noisy_half_diagram[bg_change],OK,E,is_a,point
56,16,half_text + noisy_half_diagram[bg_change],OK,F,is_a,point
56,16,half_text + noisy_half_diagram[bg_change],OK,G,is_a,point
56,16,half_text + noisy_half_diagram[bg_change],OK,CD,is_a,diameter
56,16,half_text + noisy_half_diagram[bg_change],OK,EF,is_a,chord
56,16,half_text + noisy_half_diagram[bg_change],OK,O,center_of,Circle
56,16,half_text + noisy_half_diagram[bg_change],OK,CD,connects,O
56,16,half_text + noisy_half_diagram[bg_change],OK,EF,connects,O
56,16,half_text + noisy_half_diagram[bg_change],OK,CD,intersects,EF
56,16,half_text + noisy_half_diagram[bg_change],OK,G,is_a,midpoint
56,16,half_text + noisy_half_diagram[bg_change],OK,CD,intersects,G
56,16,half_text + noisy_half_diagram[bg_change],OK,EF,intersects,G
56,16,half_text + noisy_half_diagram[bg_change],OK,∠EOD,is_a,angle
56,16,half_text + noisy_half_diagram[bg_change],OK,∠EOD,has_measure,?
56,16,half_text + noisy_half_diagram[bg_change],OK,∠EOC,is_a,angle
56,16,half_text + noisy_half_diagram[bg_change],OK,∠EOC,has_measure,20_deg
,,,,,,
57,16,half_text + noisy_half_diagram[bg_change],OK,A,is_a,point
57,16,half_text + noisy_half_diagram[bg_change],OK,B,is_a,point
57,16,half_text + noisy_half_diagram[bg_change],OK,C,is_a,point
57,16,half_text + noisy_half_diagram[bg_change],OK,D,is_a,point
57,16,half_text + noisy_half_diagram[bg_change],OK,AB,is_a,segment
57,16,half_text + noisy_half_diagram[bg_change],OK,CD,is_a,segment
57,16,half_text + noisy_half_diagram[bg_change],OK,AD,is_a,segment
57,16,half_text + noisy_half_diagram[bg_change],OK,BC,is_a,segment
57,16,half_text + noisy_half_diagram[bg_change],OK,AB,parallel_to,CD
57,16,half_text + noisy_half_diagram[bg_change],OK,AD,intersects,A
57,16,half_text + noisy_half_diagram[bg_change],OK,AD,intersects,D
57,16,half_text + noisy_half_diagram[bg_change],OK,BC,intersects,B
57,16,half_text + noisy_half_diagram[bg_change],OK,BC,intersects,C
57,16,half_text + noisy_half_diagram[bg_change],OK,∠B,is_a,angle
57,16,half_text + noisy_half_diagram[bg_change],OK,∠B,has_measure,20_deg
57,16,half_text + noisy_half_diagram[bg_change],OK,∠C,is_a,angle
57,16,half_text + noisy_half_diagram[bg_change],OK,∠C,has_measure,?
,,,,,,
58,16,half_text + noisy_half_diagram[bg_change],OK,A,is_a,point
58,16,half_text + noisy_half_diagram[bg_change],OK,B,is_a,point
58,16,half_text + noisy_half_diagram[bg_change],OK,C,is_a,point
58,16,half_text + noisy_half_diagram[bg_change],OK,D,is_a,point
58,16,half_text + noisy_half_diagram[bg_change],OK,E,is_a,point
58,16,half_text + noisy_half_diagram[bg_change],OK,AB,is_a,line
58,16,half_text + noisy_half_diagram[bg_change],OK,CD,is_a,line
58,16,half_text + noisy_half_diagram[bg_change],OK,EC,is_a,segment
58,16,half_text + noisy_half_diagram[bg_change],OK,ED,is_a,segment
58,16,half_text + noisy_half_diagram[bg_change],OK,AB,parallel_to,CD
58,16,half_text + noisy_half_diagram[bg_change],OK,E,lies_on,AB
58,16,half_text + noisy_half_diagram[bg_change],OK,EC,intersects,CD
58,16,half_text + noisy_half_diagram[bg_change],OK,ED,intersects,CD
58,16,half_text + noisy_half_diagram[bg_change],OK,∠AEC,is_a,angle
58,16,half_text + noisy_half_diagram[bg_change],OK,∠CED,is_a,angle
58,16,half_text + noisy_half_diagram[bg_change],OK,∠CED,has_measure,90_deg
58,16,half_text + noisy_half_diagram[bg_change],OK,∠AEC,has_measure,35_deg
58,16,half_text + noisy_half_diagram[bg_change],OK,∠EDC,is_a,angle
58,16,half_text + noisy_half_diagram[bg_change],OK,∠EDC,has_measure,?
,,,,,,
59,16,half_text + noisy_half_diagram[bg_change],OK,A,is_a,point
59,16,half_text + noisy_half_diagram[bg_change],OK,B,is_a,point
59,16,half_text + noisy_half_diagram[bg_change],OK,C,is_a,point
59,16,half_text + noisy_half_diagram[bg_change],OK,D,is_a,point
59,16,half_text + noisy_half_diagram[bg_change],OK,AB,is_a,segment
59,16,half_text + noisy_half_diagram[bg_change],OK,CD,is_a,segment
59,16,half_text + noisy_half_diagram[bg_change],OK,AD,is_a,segment
59,16,half_text + noisy_half_diagram[bg_change],OK,AC,is_a,segment
59,16,half_text + noisy_half_diagram[bg_change],OK,BC,is_a,segment
59,16,half_text + noisy_half_diagram[bg_change],OK,AB,parallel_to,CD
59,16,half_text + noisy_half_diagram[bg_change],OK,AD,bisects,∠BAC
59,16,half_text + noisy_half_diagram[bg_change],OK,∠ACD,has_measure,80_deg
59,16,half_text + noisy_half_diagram[bg_change],OK,?,is_a,query_target
,,,,,,
60,16,half_text + noisy_half_diagram[bg_change],OK,AB,is_a,line
60,16,half_text + noisy_half_diagram[bg_change],OK,CD,is_a,line
60,16,half_text + noisy_half_diagram[bg_change],OK,EF,is_a,line
60,16,half_text + noisy_half_diagram[bg_change],OK,AB,parallel_to,CD
60,16,half_text + noisy_half_diagram[bg_change],OK,EF,intersects,AB
60,16,half_text + noisy_half_diagram[bg_change],OK,EF,intersects,CD
60,16,half_text + noisy_half_diagram[bg_change],OK,∠2,is_a,angle
60,16,half_text + noisy_half_diagram[bg_change],OK,∠2,has_measure,135_deg
60,16,half_text + noisy_half_diagram[bg_change],OK,∠1,is_a,angle
60,16,half_text + noisy_half_diagram[bg_change],OK,AB,intersects,"EF, at, P"
60,16,half_text + noisy_half_diagram[bg_change],OK,CD,intersects,"EF, at, P"
60,16,half_text + noisy_half_diagram[bg_change],OK,AB,connects,"A, B"
60,16,half_text + noisy_half_diagram[bg_change],OK,CD,connects,"C, D"
60,16,half_text + noisy_half_diagram[bg_change],OK,EF,connects,"E, F"
60,16,half_text + noisy_half_diagram[bg_change],OK,∠1,is_a,query_target
,,,,,,
64,16,half_text + noisy_half_diagram[bg_change],OK,A,is_a,point
64,16,half_text + noisy_half_diagram[bg_change],OK,B,is_a,point
64,16,half_text + noisy_half_diagram[bg_change],OK,O,is_a,point
64,16,half_text + noisy_half_diagram[bg_change],OK,AB,is_a,segment
64,16,half_text + noisy_half_diagram[bg_change],OK,AB,connects,A
64,16,half_text + noisy_half_diagram[bg_change],OK,AB,connects,B
64,16,half_text + noisy_half_diagram[bg_change],OK,O,center_of,circle
64,16,half_text + noisy_half_diagram[bg_change],OK,AB,has_measure,160.0
64,16,half_text + noisy_half_diagram[bg_change],OK,circle,has_measure,200
64,16,half_text + noisy_half_diagram[bg_change],OK,?depth,is_a,query_target
,,,,,,
72,16,half_text + noisy_half_diagram[bg_change],OK,A,is_a,point
72,16,half_text + noisy_half_diagram[bg_change],OK,B,is_a,point
72,16,half_text + noisy_half_diagram[bg_change],OK,C,is_a,point
72,16,half_text + noisy_half_diagram[bg_change],OK,D,is_a,point
72,16,half_text + noisy_half_diagram[bg_change],OK,E,is_a,point
72,16,half_text + noisy_half_diagram[bg_change],OK,O,is_a,point
72,16,half_text + noisy_half_diagram[bg_change],OK,AB,is_a,segment
72,16,half_text + noisy_half_diagram[bg_change],OK,BC,is_a,segment
72,16,half_text + noisy_half_diagram[bg_change],OK,CD,is_a,segment
72,16,half_text + noisy_half_diagram[bg_change],OK,DA,is_a,segment
72,16,half_text + noisy_half_diagram[bg_change],OK,AC,is_a,segment
72,16,half_text + noisy_half_diagram[bg_change],OK,BD,is_a,segment
72,16,half_text + noisy_half_diagram[bg_change],OK,ABCD,is_a,parallelogram
72,16,half_text + noisy_half_diagram[bg_change],OK,O,intersects,AC
72,16,half_text + noisy_half_diagram[bg_change],OK,O,intersects,BD
72,16,half_text + noisy_half_diagram[bg_change],OK,OE,is_a,segment
72,16,half_text + noisy_half_diagram[bg_change],OK,OE,perpendicular_to,AC
72,16,half_text + noisy_half_diagram[bg_change],OK,E,lies_on,AD
72,16,half_text + noisy_half_diagram[bg_change],OK,AB + BC + CD + DA,has_measure,16_units
72,16,half_text + noisy_half_diagram[bg_change],OK,perimeter_of_triangle_DCE,is_a,query_target
,,,,,,
73,16,half_text + noisy_half_diagram[bg_change],OK,A,is_a,point
73,16,half_text + noisy_half_diagram[bg_change],OK,B,is_a,point
73,16,half_text + noisy_half_diagram[bg_change],OK,C,is_a,point
73,16,half_text + noisy_half_diagram[bg_change],OK,O,is_a,point
73,16,half_text + noisy_half_diagram[bg_change],OK,AB,is_a,segment
73,16,half_text + noisy_half_diagram[bg_change],OK,AC,is_a,segment
73,16,half_text + noisy_half_diagram[bg_change],OK,BC,is_a,segment
73,16,half_text + noisy_half_diagram[bg_change],OK,O,center_of,circle
73,16,half_text + noisy_half_diagram[bg_change],OK,A,lies_on,circle
73,16,half_text + noisy_half_diagram[bg_change],OK,B,lies_on,circle
73,16,half_text + noisy_half_diagram[bg_change],OK,C,lies_on,circle
73,16,half_text + noisy_half_diagram[bg_change],OK,ABC,is_a,triangle
73,16,half_text + noisy_half_diagram[bg_change],OK,ABC,lies_on,circle
73,16,half_text + noisy_half_diagram[bg_change],OK,∠ABC,is_a,angle
73,16,half_text + noisy_half_diagram[bg_change],OK,∠ABC,has_measure,70_deg
73,16,half_text + noisy_half_diagram[bg_change],OK,?,is_a,angle
73,16,half_text + noisy_half_diagram[bg_change],OK,?,has_measure,?
,,,,,,
78,16,half_text + noisy_half_diagram[bg_change],OK,A,is_a,point
78,16,half_text + noisy_half_diagram[bg_change],OK,B,is_a,point
78,16,half_text + noisy_half_diagram[bg_change],OK,C,is_a,point
78,16,half_text + noisy_half_diagram[bg_change],OK,D,is_a,point
78,16,half_text + noisy_half_diagram[bg_change],OK,E,is_a,point
78,16,half_text + noisy_half_diagram[bg_change],OK,AB,is_a,segment
78,16,half_text + noisy_half_diagram[bg_change],OK,CD,is_a,segment
78,16,half_text + noisy_half_diagram[bg_change],OK,AE,is_a,segment
78,16,half_text + noisy_half_diagram[bg_change],OK,∠CAB,is_a,angle
78,16,half_text + noisy_half_diagram[bg_change],OK,∠AED,is_a,angle
78,16,half_text + noisy_half_diagram[bg_change],OK,AB,parallel_to,CD
78,16,half_text + noisy_half_diagram[bg_change],OK,E,lies_on,CD
78,16,half_text + noisy_half_diagram[bg_change],OK,AE,bisects,∠CAB
78,16,half_text + noisy_half_diagram[bg_change],OK,AB,connects,"A, B"
78,16,half_text + noisy_half_diagram[bg_change],OK,AB,connects,"C, D"
78,16,half_text + noisy_half_diagram[bg_change],OK,AE,connects,"A, E"
78,16,half_text + noisy_half_diagram[bg_change],OK,∠AED,has_measure,?
,,,,,,
79,16,half_text + noisy_half_diagram[bg_change],OK,A,is_a,point
79,16,half_text + noisy_half_diagram[bg_change],OK,B,is_a,point
79,16,half_text + noisy_half_diagram[bg_change],OK,C,is_a,point
79,16,half_text + noisy_half_diagram[bg_change],OK,D,is_a,point
79,16,half_text + noisy_half_diagram[bg_change],OK,O,is_a,point
79,16,half_text + noisy_half_diagram[bg_change],OK,E,is_a,point
79,16,half_text + noisy_half_diagram[bg_change],OK,AB,is_a,segment
79,16,half_text + noisy_half_diagram[bg_change],OK,BC,is_a,segment
79,16,half_text + noisy_half_diagram[bg_change],OK,CD,is_a,segment
79,16,half_text + noisy_half_diagram[bg_change],OK,DA,is_a,segment
79,16,half_text + noisy_half_diagram[bg_change],OK,AC,is_a,segment
79,16,half_text + noisy_half_diagram[bg_change],OK,BD,is_a,segment
79,16,half_text + noisy_half_diagram[bg_change],OK,ABCD,is_a,parallelogram
79,16,half_text + noisy_half_diagram[bg_change],OK,AC,intersects,BD
79,16,half_text + noisy_half_diagram[bg_change],OK,AC,intersects,O
79,16,half_text + noisy_half_diagram[bg_change],OK,BD,intersects,O
79,16,half_text + noisy_half_diagram[bg_change],OK,O,lies_on,AC
79,16,half_text + noisy_half_diagram[bg_change],OK,O,lies_on,BD
79,16,half_text + noisy_half_diagram[bg_change],OK,E,lies_on,AD
79,16,half_text + noisy_half_diagram[bg_change],OK,AC,perpendicular_to,OE
79,16,half_text + noisy_half_diagram[bg_change],OK,AB + BC + CD + DA,has_measure,32_units
79,16,half_text + noisy_half_diagram[bg_change],OK,perimeter_of_triangle_DCE,is_a,query_target
,,,,,,
81,16,half_text + noisy_half_diagram[bg_change],OK,A,is_a,point
81,16,half_text + noisy_half_diagram[bg_change],OK,B,is_a,point
81,16,half_text + noisy_half_diagram[bg_change],OK,C,is_a,point
81,16,half_text + noisy_half_diagram[bg_change],OK,D,is_a,point
81,16,half_text + noisy_half_diagram[bg_change],OK,E,is_a,point
81,16,half_text + noisy_half_diagram[bg_change],OK,ABC,is_a,triangle
81,16,half_text + noisy_half_diagram[bg_change],OK,∠BAC,is_a,angle
81,16,half_text + noisy_half_diagram[bg_change],OK,∠BAC,has_measure,90_deg
81,16,half_text + noisy_half_diagram[bg_change],OK,AD,is_a,segment
81,16,half_text + noisy_half_diagram[bg_change],OK,AD,perpendicular_to,BC
81,16,half_text + noisy_half_diagram[bg_change],OK,AE,is_a,segment
81,16,half_text + noisy_half_diagram[bg_change],OK,∠DAC,is_a,angle
81,16,half_text + noisy_half_diagram[bg_change],OK,E,lies_on,DC
81,16,half_text + noisy_half_diagram[bg_change],OK,∠DAE,is_a,angle
81,16,half_text + noisy_half_diagram[bg_change],OK,∠ABC,is_a,angle
81,16,half_text + noisy_half_diagram[bg_change],OK,∠ABC,has_measure,50_deg
81,16,half_text + noisy_half_diagram[bg_change],OK,BC,is_a,segment
81,16,half_text + noisy_half_diagram[bg_change],OK,AB,is_a,segment
81,16,half_text + noisy_half_diagram[bg_change],OK,AC,is_a,segment
81,16,half_text + noisy_half_diagram[bg_change],OK,AD,connects,"A, D"
81,16,half_text + noisy_half_diagram[bg_change],OK,AE,connects,"A, E"
81,16,half_text + noisy_half_diagram[bg_change],OK,BC,connects,"B, C"
81,16,half_text + noisy_half_diagram[bg_change],OK,AB,connects,"A, B"
81,16,half_text + noisy_half_diagram[bg_change],OK,AC,connects,"A, C"
81,16,half_text + noisy_half_diagram[bg_change],OK,∠DAE,is_a,query_target
,,,,,,
84,16,half_text + noisy_half_diagram[bg_change],OK,A,is_a,point
84,16,half_text + noisy_half_diagram[bg_change],OK,B,is_a,point
84,16,half_text + noisy_half_diagram[bg_change],OK,C,is_a,point
84,16,half_text + noisy_half_diagram[bg_change],OK,O,is_a,point
84,16,half_text + noisy_half_diagram[bg_change],OK,ABC,is_a,triangle
84,16,half_text + noisy_half_diagram[bg_change],OK,O,is_a,circle
84,16,half_text + noisy_half_diagram[bg_change],OK,ABC,lies_on,O
84,16,half_text + noisy_half_diagram[bg_change],OK,∠BAC,is_a,angle
84,16,half_text + noisy_half_diagram[bg_change],OK,∠BAC,has_measure,60_deg
84,16,half_text + noisy_half_diagram[bg_change],OK,AB,is_a,segment
84,16,half_text + noisy_half_diagram[bg_change],OK,BC,is_a,segment
84,16,half_text + noisy_half_diagram[bg_change],OK,AC,is_a,segment
84,16,half_text + noisy_half_diagram[bg_change],OK,O,center_of,O
84,16,half_text + noisy_half_diagram[bg_change],OK,1,is_a,segment
84,16,half_text + noisy_half_diagram[bg_change],OK,O,center_of,1
84,16,half_text + noisy_half_diagram[bg_change],OK,1,connects,A
84,16,half_text + noisy_half_diagram[bg_change],OK,1,connects,O
84,16,half_text + noisy_half_diagram[bg_change],OK,?,is_a,segment
84,16,half_text + noisy_half_diagram[bg_change],OK,?,connects,B
84,16,half_text + noisy_half_diagram[bg_change],OK,?,connects,C
84,16,half_text + noisy_half_diagram[bg_change],OK,BC,is_a,?
,,,,,,
86,16,half_text + noisy_half_diagram[bg_change],OK,A,is_a,point
86,16,half_text + noisy_half_diagram[bg_change],OK,B,is_a,point
86,16,half_text + noisy_half_diagram[bg_change],OK,C,is_a,point
86,16,half_text + noisy_half_diagram[bg_change],OK,O,is_a,point
86,16,half_text + noisy_half_diagram[bg_change],OK,AB,is_a,segment
86,16,half_text + noisy_half_diagram[bg_change],OK,AC,is_a,segment
86,16,half_text + noisy_half_diagram[bg_change],OK,BC,is_a,segment
86,16,half_text + noisy_half_diagram[bg_change],OK,OA,is_a,segment
86,16,half_text + noisy_half_diagram[bg_change],OK,OB,is_a,segment
86,16,half_text + noisy_half_diagram[bg_change],OK,OC,is_a,segment
86,16,half_text + noisy_half_diagram[bg_change],OK,∠BAC,is_a,angle
86,16,half_text + noisy_half_diagram[bg_change],OK,∠BOC,is_a,angle
86,16,half_text + noisy_half_diagram[bg_change],OK,O,center_of,Circle_O
86,16,half_text + noisy_half_diagram[bg_change],OK,A,lies_on,Circle_O
86,16,half_text + noisy_half_diagram[bg_change],OK,B,lies_on,Circle_O
86,16,half_text + noisy_half_diagram[bg_change],OK,C,lies_on,Circle_O
86,16,half_text + noisy_half_diagram[bg_change],OK,∠BAC,has_measure,60_deg
86,16,half_text + noisy_half_diagram[bg_change],OK,∠BOC,has_measure,2_deg
86,16,half_text + noisy_half_diagram[bg_change],OK,OA,perpendicular_to,BC
86,16,half_text + noisy_half_diagram[bg_change],OK,Circle_O,is_a,"circumscribed_circle_of, triangle_ABC"
,,,,,,
88,16,half_text + noisy_half_diagram[bg_change],OK,A,is_a,point
88,16,half_text + noisy_half_diagram[bg_change],OK,B,is_a,point
88,16,half_text + noisy_half_diagram[bg_change],OK,C,is_a,point
88,16,half_text + noisy_half_diagram[bg_change],OK,O,is_a,point
88,16,half_text + noisy_half_diagram[bg_change],OK,A,lies_on,circle
88,16,half_text + noisy_half_diagram[bg_change],OK,B,lies_on,circle
88,16,half_text + noisy_half_diagram[bg_change],OK,C,lies_on,circle
88,16,half_text + noisy_half_diagram[bg_change],OK,O,center_of,circle
88,16,half_text + noisy_half_diagram[bg_change],OK,∠ACO,is_a,angle
88,16,half_text + noisy_half_diagram[bg_change],OK,∠ACO,has_measure,42_deg
88,16,half_text + noisy_half_diagram[bg_change],OK,∠ABO,is_a,angle
88,16,half_text + noisy_half_diagram[bg_change],OK,∠ABO,has_measure,22_deg
88,16,half_text + noisy_half_diagram[bg_change],OK,∠BOC,is_a,angle
88,16,half_text + noisy_half_diagram[bg_change],OK,∠BOC,has_measure,?
88,16,half_text + noisy_half_diagram[bg_change],OK,AB,is_a,segment
88,16,half_text + noisy_half_diagram[bg_change],OK,AC,is_a,segment
88,16,half_text + noisy_half_diagram[bg_change],OK,BC,is_a,segment
88,16,half_text + noisy_half_diagram[bg_change],OK,AO,is_a,segment
88,16,half_text + noisy_half_diagram[bg_change],OK,BO,is_a,segment
88,16,half_text + noisy_half_diagram[bg_change],OK,CO,is_a,segment
88,16,half_text + noisy_half_diagram[bg_change],OK,AB,connects,A
88,16,half_text + noisy_half_diagram[bg_change],OK,AB,connects,B
88,16,half_text + noisy_half_diagram[bg_change],OK,AC,connects,A
88,16,half_text + noisy_half_diagram[bg_change],OK,AC,connects,C
88,16,half_text + noisy_half_diagram[bg_change],OK,BC,connects,B
88,16,half_text + noisy_half_diagram[bg_change],OK,BC,connects,C
88,16,half_text + noisy_half_diagram[bg_change],OK,AO,connects,A
88,16,half_text + noisy_half_diagram[bg_change],OK,AO,connects,O
88,16,half_text + noisy_half_diagram[bg_change],OK,BO,connects,B
88,16,half_text + noisy_half_diagram[bg_change],OK,BO,connects,O
88,16,half_text + noisy_half_diagram[bg_change],OK,CO,connects,C
88,16,half_text + noisy_half_diagram[bg_change],OK,CO,connects,O
88,16,half_text + noisy_half_diagram[bg_change],OK,angle BOC,is_a,query_target
,,,,,,
95,16,half_text + noisy_half_diagram[bg_change],OK,O,is_a,point
95,16,half_text + noisy_half_diagram[bg_change],OK,O,center_of,circle
95,16,half_text + noisy_half_diagram[bg_change],OK,A,is_a,point
95,16,half_text + noisy_half_diagram[bg_change],OK,B,is_a,point
95,16,half_text + noisy_half_diagram[bg_change],OK,C,is_a,point
95,16,half_text + noisy_half_diagram[bg_change],OK,D,is_a,point
95,16,half_text + noisy_half_diagram[bg_change],OK,OA,is_a,radius
95,16,half_text + noisy_half_diagram[bg_change],OK,OA,has_measure,?
95,16,half_text + noisy_half_diagram[bg_change],OK,BC,is_a,chord
95,16,half_text + noisy_half_diagram[bg_change],OK,AB,is_a,segment
95,16,half_text + noisy_half_diagram[bg_change],OK,OC,is_a,radius
95,16,half_text + noisy_half_diagram[bg_change],OK,OC,has_measure,?
95,16,half_text + noisy_half_diagram[bg_change],OK,∠BAD,is_a,angle
95,16,half_text + noisy_half_diagram[bg_change],OK,∠BAD,has_measure,60_deg
95,16,half_text + noisy_half_diagram[bg_change],OK,∠ADC,is_a,angle
95,16,half_text + noisy_half_diagram[bg_change],OK,∠ADC,has_measure,90_deg
95,16,half_text + noisy_half_diagram[bg_change],OK,OA,intersects,BC
95,16,half_text + noisy_half_diagram[bg_change],OK,OA,intersects,"BC, at, D"
95,16,half_text + noisy_half_diagram[bg_change],OK,AB,connects,"B, A"
95,16,half_text + noisy_half_diagram[bg_change],OK,OC,connects,"O, C"
95,16,half_text + noisy_half_diagram[bg_change],OK,?,is_a,angle
,,,,,,
99,16,half_text + noisy_half_diagram[bg_change],OK,O,is_a,circle
99,16,half_text + noisy_half_diagram[bg_change],OK,AB,is_a,diameter
99,16,half_text + noisy_half_diagram[bg_change],OK,AB,center_of,O
99,16,half_text + noisy_half_diagram[bg_change],OK,CD,is_a,chord
99,16,half_text + noisy_half_diagram[bg_change],OK,∠CAD,is_a,angle
99,16,half_text + noisy_half_diagram[bg_change],OK,∠CAD,has_measure,26_deg
99,16,half_text + noisy_half_diagram[bg_change],OK,∠CAB,is_a,angle
99,16,half_text + noisy_half_diagram[bg_change],OK,∠CAB,has_measure,?
99,16,half_text + noisy_half_diagram[bg_change],OK,A,is_a,point
99,16,half_text + noisy_half_diagram[bg_change],OK,B,is_a,point
99,16,half_text + noisy_half_diagram[bg_change],OK,C,is_a,point
99,16,half_text + noisy_half_diagram[bg_change],OK,D,is_a,point
99,16,half_text + noisy_half_diagram[bg_change],OK,AB,connects,A
99,16,half_text + noisy_half_diagram[bg_change],OK,AB,connects,B
99,16,half_text + noisy_half_diagram[bg_change],OK,CD,connects,C
99,16,half_text + noisy_half_diagram[bg_change],OK,CD,connects,D
99,16,half_text + noisy_half_diagram[bg_change],OK,A,lies_on,O
99,16,half_text + noisy_half_diagram[bg_change],OK,B,lies_on,O
99,16,half_text + noisy_half_diagram[bg_change],OK,C,lies_on,O
99,16,half_text + noisy_half_diagram[bg_change],OK,D,lies_on,O
99,16,half_text + noisy_half_diagram[bg_change],OK,∠CAB,is_a,query_target
,,,,,,
108,16,half_text + noisy_half_diagram[bg_change],OK,A,is_a,point
108,16,half_text + noisy_half_diagram[bg_change],OK,B,is_a,point
108,16,half_text + noisy_half_diagram[bg_change],OK,C,is_a,point
108,16,half_text + noisy_half_diagram[bg_change],OK,D,is_a,point
108,16,half_text + noisy_half_diagram[bg_change],OK,O,is_a,point
108,16,half_text + noisy_half_diagram[bg_change],OK,AB,is_a,segment
108,16,half_text + noisy_half_diagram[bg_change],OK,CD,is_a,segment
108,16,half_text + noisy_half_diagram[bg_change],OK,A,lies_on,AB
108,16,half_text + noisy_half_diagram[bg_change],OK,B,lies_on,AB
108,16,half_text + noisy_half_diagram[bg_change],OK,C,lies_on,CO
108,16,half_text + noisy_half_diagram[bg_change],OK,D,lies_on,CD
108,16,half_text + noisy_half_diagram[bg_change],OK,O,center_of,arch
108,16,half_text + noisy_half_diagram[bg_change],OK,O,lies_on,CD
108,16,half_text + noisy_half_diagram[bg_change],OK,O,lies_on,CO
108,16,half_text + noisy_half_diagram[bg_change],OK,CD,has_measure,8.0_units
108,16,half_text + noisy_half_diagram[bg_change],OK,CO,has_measure,5.0_units
108,16,half_text + noisy_half_diagram[bg_change],OK,AB,is_a,query_target
,,,,,,
109,16,half_text + noisy_half_diagram[bg_change],OK,A,is_a,point
109,16,half_text + noisy_half_diagram[bg_change],OK,B,is_a,point
109,16,half_text + noisy_half_diagram[bg_change],OK,C,is_a,point
109,16,half_text + noisy_half_diagram[bg_change],OK,D,is_a,point
109,16,half_text + noisy_half_diagram[bg_change],OK,E,is_a,point
109,16,half_text + noisy_half_diagram[bg_change],OK,AB,is_a,segment
109,16,half_text + noisy_half_diagram[bg_change],OK,BC,is_a,segment
109,16,half_text + noisy_half_diagram[bg_change],OK,DE,is_a,segment
109,16,half_text + noisy_half_diagram[bg_change],OK,ADB,is_a,angle
109,16,half_text + noisy_half_diagram[bg_change],OK,BEC,is_a,angle
109,16,half_text + noisy_half_diagram[bg_change],OK,DE,intersects,AB
109,16,half_text + noisy_half_diagram[bg_change],OK,DE,intersects,BC
109,16,half_text + noisy_half_diagram[bg_change],OK,ADB,has_measure,130_deg
109,16,half_text + noisy_half_diagram[bg_change],OK,Target,is_a,angle
109,16,half_text + noisy_half_diagram[bg_change],OK,Target,is_a,BEC
,,,,,,
112,16,half_text + noisy_half_diagram[bg_change],OK,A,is_a,point
112,16,half_text + noisy_half_diagram[bg_change],OK,B,is_a,point
112,16,half_text + noisy_half_diagram[bg_change],OK,O,is_a,point
112,16,half_text + noisy_half_diagram[bg_change],OK,AO,is_a,segment
112,16,half_text + noisy_half_diagram[bg_change],OK,AB,is_a,segment
112,16,half_text + noisy_half_diagram[bg_change],OK,OB,is_a,segment
112,16,half_text + noisy_half_diagram[bg_change],OK,AO,connects,A
112,16,half_text + noisy_half_diagram[bg_change],OK,AO,connects,O
112,16,half_text + noisy_half_diagram[bg_change],OK,AB,connects,A
112,16,half_text + noisy_half_diagram[bg_change],OK,AB,connects,B
112,16,half_text + noisy_half_diagram[bg_change],OK,OB,connects,O
112,16,half_text + noisy_half_diagram[bg_change],OK,OB,connects,B
112,16,half_text + noisy_half_diagram[bg_change],OK,AB,has_measure,2.5_units
112,16,half_text + noisy_half_diagram[bg_change],OK,OB,has_measure,0.7_units
112,16,half_text + noisy_half_diagram[bg_change],OK,AO,is_a,height
112,16,half_text + noisy_half_diagram[bg_change],OK,AB,is_a,slant_height
112,16,half_text + noisy_half_diagram[bg_change],OK,AO,is_a,query_target
,,,,,,
114,16,half_text + noisy_half_diagram[bg_change],OK,O,is_a,point
114,16,half_text + noisy_half_diagram[bg_change],OK,A,is_a,point
114,16,half_text + noisy_half_diagram[bg_change],OK,B,is_a,point
114,16,half_text + noisy_half_diagram[bg_change],OK,OA,is_a,diameter
114,16,half_text + noisy_half_diagram[bg_change],OK,OB,is_a,diameter
114,16,half_text + noisy_half_diagram[bg_change],OK,OAB,is_a,sector
114,16,half_text + noisy_half_diagram[bg_change],OK,OA,has_measure,1.0
114,16,half_text + noisy_half_diagram[bg_change],OK,OB,has_measure,1.0
114,16,half_text + noisy_half_diagram[bg_change],OK,∠AOB,has_measure,90_deg
114,16,half_text + noisy_half_diagram[bg_change],OK,OA,connects,A
114,16,half_text + noisy_half_diagram[bg_change],OK,OB,connects,B
114,16,half_text + noisy_half_diagram[bg_change],OK,O,center_of,OAB
114,16,half_text + noisy_half_diagram[bg_change],OK,OA,radius_of,OAB
114,16,half_text + noisy_half_diagram[bg_change],OK,OB,radius_of,OAB
114,16,half_text + noisy_half_diagram[bg_change],OK,OA,collinear_with,OB
114,16,half_text + noisy_half_diagram[bg_change],OK,OA,perpendicular_to,OB
114,16,half_text + noisy_half_diagram[bg_change],OK,OA,tangent_to,OAB
114,16,half_text + noisy_half_diagram[bg_change],OK,OB,tangent_to,OAB
114,16,half_text + noisy_half_diagram[bg_change],OK,Area,is_a,query_target
,,,,,,
115,16,half_text + noisy_half_diagram[bg_change],OK,paper_sheet,is_a,sector
115,16,half_text + noisy_half_diagram[bg_change],OK,paper_sheet,has_measure,120_deg
115,16,half_text + noisy_half_diagram[bg_change],OK,paper_sheet,has_measure,6_units
115,16,half_text + noisy_half_diagram[bg_change],OK,conical_cap,is_a,cone
115,16,half_text + noisy_half_diagram[bg_change],OK,conical_cap,has_measure,?
115,16,half_text + noisy_half_diagram[bg_change],OK,paper_sheet,mapped_to,conical_cap
115,16,half_text + noisy_half_diagram[bg_change],OK,perimeter,is_a,target
,,,,,,
117,16,half_text + noisy_half_diagram[bg_change],OK,paper,is_a,sector
117,16,half_text + noisy_half_diagram[bg_change],OK,paper,has_measure,120_deg
117,16,half_text + noisy_half_diagram[bg_change],OK,paper,is_a,cone
117,16,half_text + noisy_half_diagram[bg_change],OK,cone,is_a,bottomless
117,16,half_text + noisy_half_diagram[bg_change],OK,cone,has_measure,3_units
117,16,half_text + noisy_half_diagram[bg_change],OK,cone,is_a,paper_cap
117,16,half_text + noisy_half_diagram[bg_change],OK,?,is_a,height
117,16,half_text + noisy_half_diagram[bg_change],OK,?,is_a,query_target
,,,,,,
119,16,half_text + noisy_half_diagram[bg_change],OK,Area,is_a,query_target
119,16,half_text + noisy_half_diagram[bg_change],OK,sector_cardboard,is_a,object
119,16,half_text + noisy_half_diagram[bg_change],OK,conical_hat,is_a,object
119,16,half_text + noisy_half_diagram[bg_change],OK,sector_cardboard,mapped_to,conical_hat
119,16,half_text + noisy_half_diagram[bg_change],OK,bottom_surface,is_a,surface
119,16,half_text + noisy_half_diagram[bg_change],OK,bottom_surface,has_measure,10.0_cm
119,16,half_text + noisy_half_diagram[bg_change],OK,radius,is_a,attribute
119,16,half_text + noisy_half_diagram[bg_change],OK,bottom_surface,has_measure,radius
119,16,half_text + noisy_half_diagram[bg_change],OK,sector_cardboard,has_measure,24
119,16,half_text + noisy_half_diagram[bg_change],OK,sector_cardboard,is_a,cardboard
119,16,half_text + noisy_half_diagram[bg_change],OK,conical_hat,is_a,hat
119,16,half_text + noisy_half_diagram[bg_change],OK,bottom_surface,center_of,conical_hat
119,16,half_text + noisy_half_diagram[bg_change],OK,conical_hat,has_measure,?
119,16,half_text + noisy_half_diagram[bg_change],OK,sector_cardboard,has_measure,?
,,,,,,
120,16,half_text + noisy_half_diagram[bg_change],OK,cone,is_a,cone
120,16,half_text + noisy_half_diagram[bg_change],OK,generatrix,is_a,segment
120,16,half_text + noisy_half_diagram[bg_change],OK,generatrix,has_measure,5.0_units
120,16,half_text + noisy_half_diagram[bg_change],OK,bottom_area,is_a,area
120,16,half_text + noisy_half_diagram[bg_change],OK,bottom_area,has_measure,?
120,16,half_text + noisy_half_diagram[bg_change],OK,cone,has_measure,4_units
120,16,half_text + noisy_half_diagram[bg_change],OK,cone,has_measure,5.0_units
120,16,half_text + noisy_half_diagram[bg_change],OK,cone,has_measure,?
,,,,,,
123,16,half_text + noisy_half_diagram[bg_change],OK,A,is_a,point
123,16,half_text + noisy_half_diagram[bg_change],OK,B,is_a,point
123,16,half_text + noisy_half_diagram[bg_change],OK,C,is_a,point
123,16,half_text + noisy_half_diagram[bg_change],OK,AC,is_a,segment
123,16,half_text + noisy_half_diagram[bg_change],OK,BC,is_a,segment
123,16,half_text + noisy_half_diagram[bg_change],OK,AB,is_a,segment
123,16,half_text + noisy_half_diagram[bg_change],OK,ABC,is_a,triangle
123,16,half_text + noisy_half_diagram[bg_change],OK,∠ACB,is_a,angle
123,16,half_text + noisy_half_diagram[bg_change],OK,∠ACB,has_measure,90_deg
123,16,half_text + noisy_half_diagram[bg_change],OK,AC,has_measure,4_units
123,16,half_text + noisy_half_diagram[bg_change],OK,BC,has_measure,3_units
123,16,half_text + noisy_half_diagram[bg_change],OK,ABC,rotated_about,AC
123,16,half_text + noisy_half_diagram[bg_change],OK,Lateral Surface Area,is_a,query_target
,,,,,,
128,16,half_text + noisy_half_diagram[bg_change],OK,O,is_a,point
128,16,half_text + noisy_half_diagram[bg_change],OK,A,is_a,point
128,16,half_text + noisy_half_diagram[bg_change],OK,B,is_a,point
128,16,half_text + noisy_half_diagram[bg_change],OK,OA,is_a,segment
128,16,half_text + noisy_half_diagram[bg_change],OK,OB,is_a,segment
128,16,half_text + noisy_half_diagram[bg_change],OK,OA,has_measure,6_units
128,16,half_text + noisy_half_diagram[bg_change],OK,OB,has_measure,6_units
128,16,half_text + noisy_half_diagram[bg_change],OK,OA,connects,A
128,16,half_text + noisy_half_diagram[bg_change],OK,O,connects,A
128,16,half_text + noisy_half_diagram[bg_change],OK,O,connects,B
128,16,half_text + noisy_half_diagram[bg_change],OK,OB,connects,B
128,16,half_text + noisy_half_diagram[bg_change],OK,∠AOB,is_a,angle
128,16,half_text + noisy_half_diagram[bg_change],OK,∠AOB,has_measure,120_deg
128,16,half_text + noisy_half_diagram[bg_change],OK,?,is_a,point
128,16,half_text + noisy_half_diagram[bg_change],OK,?,is_a,segment
128,16,half_text + noisy_half_diagram[bg_change],OK,?,has_measure,?
128,16,half_text + noisy_half_diagram[bg_change],OK,?,is_a,diameter
128,16,half_text + noisy_half_diagram[bg_change],OK,?,is_a,bottom
128,16,half_text + noisy_half_diagram[bg_change],OK,?,is_a,cone
,,,,,,
132,16,half_text + noisy_half_diagram[bg_change],OK,A,is_a,point
132,16,half_text + noisy_half_diagram[bg_change],OK,B,is_a,point
132,16,half_text + noisy_half_diagram[bg_change],OK,C,is_a,point
132,16,half_text + noisy_half_diagram[bg_change],OK,D,is_a,point
132,16,half_text + noisy_half_diagram[bg_change],OK,E,is_a,point
132,16,half_text + noisy_half_diagram[bg_change],OK,F,is_a,point
132,16,half_text + noisy_half_diagram[bg_change],OK,G,is_a,point
132,16,half_text + noisy_half_diagram[bg_change],OK,AB,is_a,segment
132,16,half_text + noisy_half_diagram[bg_change],OK,BC,is_a,segment
132,16,half_text + noisy_half_diagram[bg_change],OK,DE,is_a,segment
132,16,half_text + noisy_half_diagram[bg_change],OK,EF,is_a,segment
132,16,half_text + noisy_half_diagram[bg_change],OK,GE,is_a,segment
132,16,half_text + noisy_half_diagram[bg_change],OK,A,lies_on,AB
132,16,half_text + noisy_half_diagram[bg_change],OK,B,lies_on,AB
132,16,half_text + noisy_half_diagram[bg_change],OK,C,lies_on,AB
132,16,half_text + noisy_half_diagram[bg_change],OK,D,lies_on,DE
132,16,half_text + noisy_half_diagram[bg_change],OK,E,lies_on,DE
132,16,half_text + noisy_half_diagram[bg_change],OK,F,lies_on,EF
132,16,half_text + noisy_half_diagram[bg_change],OK,G,lies_on,GE
132,16,half_text + noisy_half_diagram[bg_change],OK,AB,has_measure,?
132,16,half_text + noisy_half_diagram[bg_change],OK,BC,has_measure,0.6
132,16,half_text + noisy_half_diagram[bg_change],OK,DE,has_measure,0.6
132,16,half_text + noisy_half_diagram[bg_change],OK,EF,has_measure,1.6
132,16,half_text + noisy_half_diagram[bg_change],OK,GE,has_measure,2.0
,,,,,,
133,16,half_text + noisy_half_diagram[bg_change],OK,P,is_a,point
133,16,half_text + noisy_half_diagram[bg_change],OK,Q,is_a,point
133,16,half_text + noisy_half_diagram[bg_change],OK,S,is_a,point
133,16,half_text + noisy_half_diagram[bg_change],OK,T,is_a,point
133,16,half_text + noisy_half_diagram[bg_change],OK,R,is_a,point
133,16,half_text + noisy_half_diagram[bg_change],OK,PQ,is_a,segment
133,16,half_text + noisy_half_diagram[bg_change],OK,QS,is_a,segment
133,16,half_text + noisy_half_diagram[bg_change],OK,QR,is_a,segment
133,16,half_text + noisy_half_diagram[bg_change],OK,ST,is_a,segment
133,16,half_text + noisy_half_diagram[bg_change],OK,PS,is_a,segment
133,16,half_text + noisy_half_diagram[bg_change],OK,QR,has_measure,80.0_units
133,16,half_text + noisy_half_diagram[bg_change],OK,QS,has_measure,60.0_units
133,16,half_text + noisy_half_diagram[bg_change],OK,ST,has_measure,120_units
133,16,half_text + noisy_half_diagram[bg_change],OK,Q,lies_on,PS
133,16,half_text + noisy_half_diagram[bg_change],OK,S,lies_on,PS
133,16,half_text + noisy_half_diagram[bg_change],OK,T,lies_on,ST
133,16,half_text + noisy_half_diagram[bg_change],OK,P,lies_on,PS
133,16,half_text + noisy_half_diagram[bg_change],OK,Q,lies_on,ST
133,16,half_text + noisy_half_diagram[bg_change],OK,R,lies_on,ST
133,16,half_text + noisy_half_diagram[bg_change],OK,PS,perpendicular_to,ST
133,16,half_text + noisy_half_diagram[bg_change],OK,QS,connects,"Q, S"
133,16,half_text + noisy_half_diagram[bg_change],OK,QR,connects,"Q, R"
133,16,half_text + noisy_half_diagram[bg_change],OK,ST,connects,"S, T"
133,16,half_text + noisy_half_diagram[bg_change],OK,PS,connects,"P, S"
133,16,half_text + noisy_half_diagram[bg_change],OK,PQ,connects,"P, Q"
133,16,half_text + noisy_half_diagram[bg_change],OK,PS,perpendicular_to,river
,,,,,,
149,16,half_text + noisy_half_diagram[bg_change],OK,A,is_a,point
149,16,half_text + noisy_half_diagram[bg_change],OK,B,is_a,point
149,16,half_text + noisy_half_diagram[bg_change],OK,C,is_a,point
149,16,half_text + noisy_half_diagram[bg_change],OK,D,is_a,point
149,16,half_text + noisy_half_diagram[bg_change],OK,E,is_a,point
149,16,half_text + noisy_half_diagram[bg_change],OK,AB,is_a,segment
149,16,half_text + noisy_half_diagram[bg_change],OK,AC,is_a,segment
149,16,half_text + noisy_half_diagram[bg_change],OK,BD,is_a,segment
149,16,half_text + noisy_half_diagram[bg_change],OK,CD,is_a,segment
149,16,half_text + noisy_half_diagram[bg_change],OK,ED,is_a,segment
149,16,half_text + noisy_half_diagram[bg_change],OK,CD,is_a,plane_mirror
149,16,half_text + noisy_half_diagram[bg_change],OK,AC,perpendicular_to,CD
149,16,half_text + noisy_half_diagram[bg_change],OK,BD,perpendicular_to,CD
149,16,half_text + noisy_half_diagram[bg_change],OK,AC,has_measure,3.0
149,16,half_text + noisy_half_diagram[bg_change],OK,BD,has_measure,6.0
149,16,half_text + noisy_half_diagram[bg_change],OK,CD,has_measure,10.0
149,16,half_text + noisy_half_diagram[bg_change],OK,ED,has_measure,?
149,16,half_text + noisy_half_diagram[bg_change],OK,ED,is_a,query_target
,,,,,,
150,16,half_text + noisy_half_diagram[bg_change],OK,A,is_a,point
150,16,half_text + noisy_half_diagram[bg_change],OK,B,is_a,point
150,16,half_text + noisy_half_diagram[bg_change],OK,C,is_a,point
150,16,half_text + noisy_half_diagram[bg_change],OK,AB,is_a,segment
150,16,half_text + noisy_half_diagram[bg_change],OK,BD,is_a,segment
150,16,half_text + noisy_half_diagram[bg_change],OK,CE,is_a,segment
,,,,,,
151,16,half_text + noisy_half_diagram[bg_change],OK,student,is_a,point
151,16,half_text + noisy_half_diagram[bg_change],OK,tree,is_a,point
151,16,half_text + noisy_half_diagram[bg_change],OK,lake,is_a,point
151,16,half_text + noisy_half_diagram[bg_change],OK,reflection,is_a,point
151,16,half_text + noisy_half_diagram[bg_change],OK,height,is_a,segment
151,16,half_text + noisy_half_diagram[bg_change],OK,tree,is_a,segment
151,16,half_text + noisy_half_diagram[bg_change],OK,reflection,is_a,segment
151,16,half_text + noisy_half_diagram[bg_change],OK,student,is_a,segment
151,16,half_text + noisy_half_diagram[bg_change],OK,height,has_measure,1.7_units
151,16,half_text + noisy_half_diagram[bg_change],OK,reflection,has_measure,5.0_units
151,16,half_text + noisy_half_diagram[bg_change],OK,tree,has_measure,20_units
,,,,,,
152,16,half_text + noisy_half_diagram[bg_change],OK,A,is_a,point
152,16,half_text + noisy_half_diagram[bg_change],OK,B,is_a,point
152,16,half_text + noisy_half_diagram[bg_change],OK,C,is_a,point
152,16,half_text + noisy_half_diagram[bg_change],OK,D,is_a,point
152,16,half_text + noisy_half_diagram[bg_change],OK,AB,is_a,segment
152,16,half_text + noisy_half_diagram[bg_change],OK,BC,is_a,segment
152,16,half_text + noisy_half_diagram[bg_change],OK,CD,is_a,segment
152,16,half_text + noisy_half_diagram[bg_change],OK,CE,is_a,segment
152,16,half_text + noisy_half_diagram[bg_change],OK,AB,connects,A
152,16,half_text + noisy_half_diagram[bg_change],OK,AB,connects,B
152,16,half_text + noisy_half_diagram[bg_change],OK,BC,connects,B
152,16,half_text + noisy_half_diagram[bg_change],OK,BC,connects,C
152,16,half_text + noisy_half_diagram[bg_change],OK,CD,connects,C
152,16,half_text + noisy_half_diagram[bg_change],OK,CD,connects,D
152,16,half_text + noisy_half_diagram[bg_change],OK,CE,connects,C
152,16,half_text + noisy_half_diagram[bg_change],OK,CE,connects,E
152,16,half_text + noisy_half_diagram[bg_change],OK,AB,has_measure,?
152,16,half_text + noisy_half_diagram[bg_change],OK,BC,has_measure,1.6_units
152,16,half_text + noisy_half_diagram[bg_change],OK,CD,has_measure,1.4_units
152,16,half_text + noisy_half_diagram[bg_change],OK,CE,has_measure,0.5_units
152,16,half_text + noisy_half_diagram[bg_change],OK,AB,is_a,ladder
152,16,half_text + noisy_half_diagram[bg_change],OK,AB,leans_against,wall
152,16,half_text + noisy_half_diagram[bg_change],OK,D,lies_on,AB
152,16,half_text + noisy_half_diagram[bg_change],OK,AB,is_a,climbing_ladder
,,,,,,
153,16,half_text + noisy_half_diagram[bg_change],OK,A,is_a,point
153,16,half_text + noisy_half_diagram[bg_change],OK,B,is_a,point
153,16,half_text + noisy_half_diagram[bg_change],OK,C,is_a,point
153,16,half_text + noisy_half_diagram[bg_change],OK,D,is_a,point
153,16,half_text + noisy_half_diagram[bg_change],OK,E,is_a,point
153,16,half_text + noisy_half_diagram[bg_change],OK,AB,is_a,segment
153,16,half_text + noisy_half_diagram[bg_change],OK,BC,is_a,segment
153,16,half_text + noisy_half_diagram[bg_change],OK,DE,is_a,segment
153,16,half_text + noisy_half_diagram[bg_change],OK,DE,has_measure,1.8_units
153,16,half_text + noisy_half_diagram[bg_change],OK,BC,has_measure,1.0_units
153,16,half_text + noisy_half_diagram[bg_change],OK,EC,has_measure,1.2_units
153,16,half_text + noisy_half_diagram[bg_change],OK,AB,is_a,height
153,16,half_text + noisy_half_diagram[bg_change],OK,AB,has_measure,?
153,16,half_text + noisy_half_diagram[bg_change],OK,DE,is_a,shadow
153,16,half_text + noisy_half_diagram[bg_change],OK,AB,is_a,window_frame
153,16,half_text + noisy_half_diagram[bg_change],OK,BC,is_a,distance
153,16,half_text + noisy_half_diagram[bg_change],OK,AB,is_a,height_of_window
153,16,half_text + noisy_half_diagram[bg_change],OK,DE,is_a,length_of_shadow
153,16,half_text + noisy_half_diagram[bg_change],OK,BC,is_a,distance_from_lower_eaves_to_ground
153,16,half_text + noisy_half_diagram[bg_change],OK,D,is_a,point_on_ground
153,16,half_text + noisy_half_diagram[bg_change],OK,E,is_a,point_on_ground
153,16,half_text + noisy_half_diagram[bg_change],OK,C,is_a,point_on_ground
153,16,half_text + noisy_half_diagram[bg_change],OK,A,is_a,top_of_window
153,16,half_text + noisy_half_diagram[bg_change],OK,B,is_a,bottom_of_window
153,16,half_text + noisy_half_diagram[bg_change],OK,AB,connects,"A, B"
153,16,half_text + noisy_half_diagram[bg_change],OK,BC,connects,"B, C"
153,16,half_text + noisy_half_diagram[bg_change],OK,DE,connects,"D, E"
153,16,half_text + noisy_half_diagram[bg_change],OK,EC,connects,"E, C"
153,16,half_text + noisy_half_diagram[bg_change],OK,AB,is_a,vertical_segment
153,16,half_text + noisy_half_diagram[bg_change],OK,BC,is_a,vertical_segment
153,16,half_text + noisy_half_diagram[bg_change],OK,DE,is_a,horizontal_segment
153,16,half_text + noisy_half_diagram[bg_change],OK,EC,is_a,horizontal_segment
,,,,,,
157,16,half_text + noisy_half_diagram[bg_change],OK,A,is_a,point
157,16,half_text + noisy_half_diagram[bg_change],OK,B,is_a,point
157,16,half_text + noisy_half_diagram[bg_change],OK,C,is_a,point
157,16,half_text + noisy_half_diagram[bg_change],OK,ABC,is_a,triangle
157,16,half_text + noisy_half_diagram[bg_change],OK,AC,is_a,segment
157,16,half_text + noisy_half_diagram[bg_change],OK,BC,is_a,segment
157,16,half_text + noisy_half_diagram[bg_change],OK,AB,is_a,segment
157,16,half_text + noisy_half_diagram[bg_change],OK,angle C,is_a,angle
157,16,half_text + noisy_half_diagram[bg_change],OK,angle C,has_measure,90_deg
157,16,half_text + noisy_half_diagram[bg_change],OK,AC,has_measure,4_units
157,16,half_text + noisy_half_diagram[bg_change],OK,BC,has_measure,3_units
157,16,half_text + noisy_half_diagram[bg_change],OK,cos B,is_a,query_target
,,,,,,
165,16,half_text + noisy_half_diagram[bg_change],OK,A,is_a,point
165,16,half_text + noisy_half_diagram[bg_change],OK,B,is_a,point
165,16,half_text + noisy_half_diagram[bg_change],OK,C,is_a,point
165,16,half_text + noisy_half_diagram[bg_change],OK,AB,is_a,segment
165,16,half_text + noisy_half_diagram[bg_change],OK,BC,is_a,segment
165,16,half_text + noisy_half_diagram[bg_change],OK,AC,is_a,segment
165,16,half_text + noisy_half_diagram[bg_change],OK,ABC,is_a,triangle
165,16,half_text + noisy_half_diagram[bg_change],OK,∠ACB,is_a,angle
165,16,half_text + noisy_half_diagram[bg_change],OK,AB,has_measure,2_units
165,16,half_text + noisy_half_diagram[bg_change],OK,BC,has_measure,1_unit
165,16,half_text + noisy_half_diagram[bg_change],OK,∠ACB,has_measure,90_deg
,,,,,,
198,16,half_text + noisy_half_diagram[bg_change],OK,A,is_a,point
198,16,half_text + noisy_half_diagram[bg_change],OK,B,is_a,point
198,16,half_text + noisy_half_diagram[bg_change],OK,C,is_a,point
198,16,half_text + noisy_half_diagram[bg_change],OK,AB,is_a,segment
198,16,half_text + noisy_half_diagram[bg_change],OK,BC,is_a,segment
198,16,half_text + noisy_half_diagram[bg_change],OK,CA,is_a,segment
198,16,half_text + noisy_half_diagram[bg_change],OK,ABC,is_a,triangle
198,16,half_text + noisy_half_diagram[bg_change],OK,ABC,is_a,isosceles_triangle
198,16,half_text + noisy_half_diagram[bg_change],OK,AB,has_measure,10_units
198,16,half_text + noisy_half_diagram[bg_change],OK,AC,has_measure,13_units
198,16,half_text + noisy_half_diagram[bg_change],OK,BC,has_measure,13_units
198,16,half_text + noisy_half_diagram[bg_change],OK,AB,perpendicular_to,height
198,16,half_text + noisy_half_diagram[bg_change],OK,ABC,has_measure,?
198,16,half_text + noisy_half_diagram[bg_change],OK,Area,is_a,query_target
,,,,,,
207,16,half_text + noisy_half_diagram[bg_change],OK,large_circle,is_a,circle
207,16,half_text + noisy_half_diagram[bg_change],OK,small_circle1,is_a,circle
207,16,half_text + noisy_half_diagram[bg_change],OK,small_circle2,is_a,circle
207,16,half_text + noisy_half_diagram[bg_change],OK,small_circle1,diameter_of,?
207,16,half_text + noisy_half_diagram[bg_change],OK,small_circle2,diameter_of,?
207,16,half_text + noisy_half_diagram[bg_change],OK,large_circle,radius_of,?
207,16,half_text + noisy_half_diagram[bg_change],OK,small_circle1,diameter_of,large_circle_radius
207,16,half_text + noisy_half_diagram[bg_change],OK,small_circle2,diameter_of,large_circle_radius
207,16,half_text + noisy_half_diagram[bg_change],OK,large_circle,has_measure,20_units
207,16,half_text + noisy_half_diagram[bg_change],OK,shaded_region,is_a,region
207,16,half_text + noisy_half_diagram[bg_change],OK,large_circle,contains,small_circle1
207,16,half_text + noisy_half_diagram[bg_change],OK,large_circle,contains,small_circle2
207,16,half_text + noisy_half_diagram[bg_change],OK,small_circle1,congruent_to,small_circle2
207,16,half_text + noisy_half_diagram[bg_change],OK,shaded_region,is_a,target
,,,,,,
210,16,half_text + noisy_half_diagram[bg_change],OK,A,is_a,point
210,16,half_text + noisy_half_diagram[bg_change],OK,B,is_a,point
210,16,half_text + noisy_half_diagram[bg_change],OK,E,is_a,point
210,16,half_text + noisy_half_diagram[bg_change],OK,ABE,is_a,triangle
210,16,half_text + noisy_half_diagram[bg_change],OK,C,is_a,point
210,16,half_text + noisy_half_diagram[bg_change],OK,D,is_a,point
210,16,half_text + noisy_half_diagram[bg_change],OK,ACD,is_a,triangle
210,16,half_text + noisy_half_diagram[bg_change],OK,BE,is_a,segment
210,16,half_text + noisy_half_diagram[bg_change],OK,BE,parallel_to,CD
210,16,half_text + noisy_half_diagram[bg_change],OK,AB,is_a,segment
210,16,half_text + noisy_half_diagram[bg_change],OK,AB,has_measure,12_units
210,16,half_text + noisy_half_diagram[bg_change],OK,AC,is_a,segment
210,16,half_text + noisy_half_diagram[bg_change],OK,AC,has_measure,16_units
210,16,half_text + noisy_half_diagram[bg_change],OK,AE,is_a,segment
210,16,half_text + noisy_half_diagram[bg_change],OK,CD,is_a,segment
210,16,half_text + noisy_half_diagram[bg_change],OK,CD,has_measure,5_units
210,16,half_text + noisy_half_diagram[bg_change],OK,Triangles,ABE,ACD
210,16,half_text + noisy_half_diagram[bg_change],OK,Triangles,ABE,"ACD, similar"
210,16,half_text + noisy_half_diagram[bg_change],OK,Triangles,ABE,"ACD, share, vertex, A"
210,16,half_text + noisy_half_diagram[bg_change],OK,AE,is_a,query_target
,,,,,,
211,16,half_text + noisy_half_diagram[bg_change],OK,MNPR,is_a,parallelogram
211,16,half_text + noisy_half_diagram[bg_change],OK,MP,is_a,diagonal
211,16,half_text + noisy_half_diagram[bg_change],OK,RN,is_a,diagonal
211,16,half_text + noisy_half_diagram[bg_change],OK,Q,is_a,point
211,16,half_text + noisy_half_diagram[bg_change],OK,MN,has_measure,3x - 4
211,16,half_text + noisy_half_diagram[bg_change],OK,NP,has_measure,2y + 5
211,16,half_text + noisy_half_diagram[bg_change],OK,MR,has_measure,17.9
211,16,half_text + noisy_half_diagram[bg_change],OK,∠MQR,has_measure,33_deg
211,16,half_text + noisy_half_diagram[bg_change],OK,∠QNP,has_measure,?
211,16,half_text + noisy_half_diagram[bg_change],OK,∠QPN,has_measure,83_deg
211,16,half_text + noisy_half_diagram[bg_change],OK,∠NQP,has_measure,33_deg
211,16,half_text + noisy_half_diagram[bg_change],OK,∠QPR,has_measure,38_deg
211,16,half_text + noisy_half_diagram[bg_change],OK,∠RQP,has_measure,3z - 3
211,16,half_text + noisy_half_diagram[bg_change],OK,QP,has_measure,11.1
211,16,half_text + noisy_half_diagram[bg_change],OK,QN,has_measure,15.4
211,16,half_text + noisy_half_diagram[bg_change],OK,∠QMR,has_measure,4w - 3
211,16,half_text + noisy_half_diagram[bg_change],OK,PR,has_measure,20
211,16,half_text + noisy_half_diagram[bg_change],OK,MQ,has_measure,?
211,16,half_text + noisy_half_diagram[bg_change],OK,NQ,has_measure,?
211,16,half_text + noisy_half_diagram[bg_change],OK,PQ,has_measure,?
211,16,half_text + noisy_half_diagram[bg_change],OK,RQ,has_measure,?
,,,,,,
223,16,half_text + noisy_half_diagram[bg_change],OK,A,is_a,point
223,16,half_text + noisy_half_diagram[bg_change],OK,B,is_a,point
223,16,half_text + noisy_half_diagram[bg_change],OK,C,is_a,point
223,16,half_text + noisy_half_diagram[bg_change],OK,AB,is_a,segment
223,16,half_text + noisy_half_diagram[bg_change],OK,BC,is_a,segment
223,16,half_text + noisy_half_diagram[bg_change],OK,AC,is_a,segment
223,16,half_text + noisy_half_diagram[bg_change],OK,AC,has_measure,5_units
223,16,half_text + noisy_half_diagram[bg_change],OK,AB,has_measure,3√2_units
223,16,half_text + noisy_half_diagram[bg_change],OK,ABC,is_a,triangle
223,16,half_text + noisy_half_diagram[bg_change],OK,ABC,is_a,right_triangle
223,16,half_text + noisy_half_diagram[bg_change],OK,∠ABC,is_a,angle
223,16,half_text + noisy_half_diagram[bg_change],OK,∠ABC,has_measure,90_deg
223,16,half_text + noisy_half_diagram[bg_change],OK,x,is_a,?
223,16,half_text + noisy_half_diagram[bg_change],OK,?,is_a,segment
223,16,half_text + noisy_half_diagram[bg_change],OK,?,has_measure,?_units
223,16,half_text + noisy_half_diagram[bg_change],OK,?,is_a,query_target
,,,,,,
239,16,half_text + noisy_half_diagram[bg_change],OK,A,is_a,point
239,16,half_text + noisy_half_diagram[bg_change],OK,B,is_a,point
239,16,half_text + noisy_half_diagram[bg_change],OK,C,is_a,point
239,16,half_text + noisy_half_diagram[bg_change],OK,R,is_a,point
239,16,half_text + noisy_half_diagram[bg_change],OK,S,is_a,point
239,16,half_text + noisy_half_diagram[bg_change],OK,T,is_a,point
239,16,half_text + noisy_half_diagram[bg_change],OK,M,is_a,point
239,16,half_text + noisy_half_diagram[bg_change],OK,AT,is_a,segment
239,16,half_text + noisy_half_diagram[bg_change],OK,BR,is_a,segment
239,16,half_text + noisy_half_diagram[bg_change],OK,CS,is_a,segment
239,16,half_text + noisy_half_diagram[bg_change],OK,ABC,is_a,triangle
239,16,half_text + noisy_half_diagram[bg_change],OK,RS,is_a,segment
239,16,half_text + noisy_half_diagram[bg_change],OK,RM,is_a,segment
239,16,half_text + noisy_half_diagram[bg_change],OK,AT,is_a,median
239,16,half_text + noisy_half_diagram[bg_change],OK,BR,is_a,median
239,16,half_text + noisy_half_diagram[bg_change],OK,CS,is_a,median
239,16,half_text + noisy_half_diagram[bg_change],OK,R,is_a,midpoint
239,16,half_text + noisy_half_diagram[bg_change],OK,S,is_a,midpoint
239,16,half_text + noisy_half_diagram[bg_change],OK,T,is_a,midpoint
239,16,half_text + noisy_half_diagram[bg_change],OK,R,lies_on,AB
239,16,half_text + noisy_half_diagram[bg_change],OK,S,lies_on,AB
239,16,half_text + noisy_half_diagram[bg_change],OK,T,lies_on,AB
239,16,half_text + noisy_half_diagram[bg_change],OK,RM,has_measure,4_units
239,16,half_text + noisy_half_diagram[bg_change],OK,AT,has_measure,16_units
239,16,half_text + noisy_half_diagram[bg_change],OK,AT,connects,"A, T"
239,16,half_text + noisy_half_diagram[bg_change],OK,BR,connects,"B, R"
239,16,half_text + noisy_half_diagram[bg_change],OK,CS,connects,"C, S"
239,16,half_text + noisy_half_diagram[bg_change],OK,RS,connects,"R, S"
239,16,half_text + noisy_half_diagram[bg_change],OK,RM,connects,"R, M"
239,16,half_text + noisy_half_diagram[bg_change],OK,A,connects,"B, C"
239,16,half_text + noisy_half_diagram[bg_change],OK,A,connects,C
239,16,half_text + noisy_half_diagram[bg_change],OK,B,connects,"A, C"
239,16,half_text + noisy_half_diagram[bg_change],OK,C,connects,"A, B"
239,16,half_text + noisy_half_diagram[bg_change],OK,R,connects,"S, T"
239,16,half_text + noisy_half_diagram[bg_change],OK,M,is_a,intersection
239,16,half_text + noisy_half_diagram[bg_change],OK,M,connects,"R, S, T"
239,16,half_text + noisy_half_diagram[bg_change],OK,MB,is_a,segment
,,,,,,
243,16,half_text + noisy_half_diagram[bg_change],OK,Phoenix,is_a,point
243,16,half_text + noisy_half_diagram[bg_change],OK,Des Moines,is_a,point
243,16,half_text + noisy_half_diagram[bg_change],OK,Atlanta,is_a,point
243,16,half_text + noisy_half_diagram[bg_change],OK,Phoenix,connects,Des Moines
243,16,half_text + noisy_half_diagram[bg_change],OK,Des Moines,connects,Atlanta
243,16,half_text + noisy_half_diagram[bg_change],OK,Phoenix,connects,Atlanta
243,16,half_text + noisy_half_diagram[bg_change],OK,Phoenix,connects,"Des Moines, is_a, segment"
243,16,half_text + noisy_half_diagram[bg_change],OK,Des Moines,connects,"Atlanta, is_a, segment"
243,16,half_text + noisy_half_diagram[bg_change],OK,Phoenix,connects,"Atlanta, is_a, segment"
243,16,half_text + noisy_half_diagram[bg_change],OK,Phoenix,connects,"Des Moines, has_measure, 110x + 53"
243,16,half_text + noisy_half_diagram[bg_change],OK,Des Moines,connects,"Atlanta, has_measure, 150x + 91"
243,16,half_text + noisy_half_diagram[bg_change],OK,Phoenix,connects,"Atlanta, has_measure, 73.8x"
243,16,half_text + noisy_half_diagram[bg_change],OK,Phoenix,connects,"Des Moines, connects, Atlanta, has_measure, 3482"
243,16,half_text + noisy_half_diagram[bg_change],OK,Phoenix,connects,"Atlanta, is_a, query_target"
,,,,,,
257,16,half_text + noisy_half_diagram[bg_change],OK,A,is_a,point
257,16,half_text + noisy_half_diagram[bg_change],OK,B,is_a,point
257,16,half_text + noisy_half_diagram[bg_change],OK,C,is_a,point
257,16,half_text + noisy_half_diagram[bg_change],OK,D,is_a,point
257,16,half_text + noisy_half_diagram[bg_change],OK,E,is_a,point
257,16,half_text + noisy_half_diagram[bg_change],OK,AB,is_a,segment
257,16,half_text + noisy_half_diagram[bg_change],OK,AC,is_a,segment
257,16,half_text + noisy_half_diagram[bg_change],OK,AD,is_a,segment
257,16,half_text + noisy_half_diagram[bg_change],OK,BE,is_a,segment
257,16,half_text + noisy_half_diagram[bg_change],OK,CD,is_a,segment
257,16,half_text + noisy_half_diagram[bg_change],OK,AE,is_a,segment
257,16,half_text + noisy_half_diagram[bg_change],OK,ED,is_a,segment
257,16,half_text + noisy_half_diagram[bg_change],OK,ABE,is_a,triangle
257,16,half_text + noisy_half_diagram[bg_change],OK,ACD,is_a,triangle
257,16,half_text + noisy_half_diagram[bg_change],OK,A,connects,B
257,16,half_text + noisy_half_diagram[bg_change],OK,A,connects,C
257,16,half_text + noisy_half_diagram[bg_change],OK,A,connects,D
257,16,half_text + noisy_half_diagram[bg_change],OK,A,connects,E
257,16,half_text + noisy_half_diagram[bg_change],OK,B,connects,E
257,16,half_text + noisy_half_diagram[bg_change],OK,C,connects,D
257,16,half_text + noisy_half_diagram[bg_change],OK,D,connects,E
257,16,half_text + noisy_half_diagram[bg_change],OK,ABE,shares,A
257,16,half_text + noisy_half_diagram[bg_change],OK,ACD,shares,A
257,16,half_text + noisy_half_diagram[bg_change],OK,BE,parallel_to,CD
257,16,half_text + noisy_half_diagram[bg_change],OK,AB,has_measure,12_units
257,16,half_text + noisy_half_diagram[bg_change],OK,ED,has_measure,5_units
257,16,half_text + noisy_half_diagram[bg_change],OK,AC,has_measure,16_units
257,16,half_text + noisy_half_diagram[bg_change],OK,AE,is_a,query_target
,,,,,,
264,16,half_text + noisy_half_diagram[bg_change],OK,MNPQ,is_a,parallelogram
264,16,half_text + noisy_half_diagram[bg_change],OK,M,is_a,point
264,16,half_text + noisy_half_diagram[bg_change],OK,N,is_a,point
264,16,half_text + noisy_half_diagram[bg_change],OK,P,is_a,point
264,16,half_text + noisy_half_diagram[bg_change],OK,Q,is_a,point
264,16,half_text + noisy_half_diagram[bg_change],OK,L,is_a,point
264,16,half_text + noisy_half_diagram[bg_change],OK,MN,is_a,segment
264,16,half_text + noisy_half_diagram[bg_change],OK,NP,is_a,segment
264,16,half_text + noisy_half_diagram[bg_change],OK,PQ,is_a,segment
264,16,half_text + noisy_half_diagram[bg_change],OK,QM,is_a,segment
264,16,half_text + noisy_half_diagram[bg_change],OK,LM,is_a,segment
264,16,half_text + noisy_half_diagram[bg_change],OK,LP,is_a,segment
264,16,half_text + noisy_half_diagram[bg_change],OK,∠M,is_a,angle
264,16,half_text + noisy_half_diagram[bg_change],OK,∠N,is_a,angle
264,16,half_text + noisy_half_diagram[bg_change],OK,∠P,is_a,angle
264,16,half_text + noisy_half_diagram[bg_change],OK,∠Q,is_a,angle
264,16,half_text + noisy_half_diagram[bg_change],OK,LM,has_measure,10x
264,16,half_text + noisy_half_diagram[bg_change],OK,LM,equals,LP
264,16,half_text + noisy_half_diagram[bg_change],OK,2N,equals,∠Q
264,16,half_text + noisy_half_diagram[bg_change],OK,∠N,has_measure,20x
,,,,,,
281,16,half_text + noisy_half_diagram[bg_change],OK,A,is_a,point
281,16,half_text + noisy_half_diagram[bg_change],OK,B,is_a,point
281,16,half_text + noisy_half_diagram[bg_change],OK,C,is_a,point
281,16,half_text + noisy_half_diagram[bg_change],OK,ABC,is_a,triangle
281,16,half_text + noisy_half_diagram[bg_change],OK,∠C,is_a,angle
281,16,half_text + noisy_half_diagram[bg_change],OK,∠C,has_measure,90_deg
281,16,half_text + noisy_half_diagram[bg_change],OK,AC,is_a,segment
281,16,half_text + noisy_half_diagram[bg_change],OK,BC,is_a,segment
281,16,half_text + noisy_half_diagram[bg_change],OK,AC,has_measure,24_units
281,16,half_text + noisy_half_diagram[bg_change],OK,BC,has_measure,10_units
281,16,half_text + noisy_half_diagram[bg_change],OK,AB,is_a,segment
281,16,half_text + noisy_half_diagram[bg_change],OK,AB,has_measure,26_units
281,16,half_text + noisy_half_diagram[bg_change],OK,∠B,is_a,angle
281,16,half_text + noisy_half_diagram[bg_change],OK,ratio,is_a,query_target
,,,,,,
327,16,half_text + noisy_half_diagram[bg_change],OK,X,is_a,point
327,16,half_text + noisy_half_diagram[bg_change],OK,Y,is_a,point
327,16,half_text + noisy_half_diagram[bg_change],OK,Z,is_a,point
327,16,half_text + noisy_half_diagram[bg_change],OK,N,is_a,point
327,16,half_text + noisy_half_diagram[bg_change],OK,XY,parallel_to,?
327,16,half_text + noisy_half_diagram[bg_change],OK,YZ,parallel_to,?
327,16,half_text + noisy_half_diagram[bg_change],OK,XZ,parallel_to,?
327,16,half_text + noisy_half_diagram[bg_change],OK,XY,perpendicular_to,?
327,16,half_text + noisy_half_diagram[bg_change],OK,YZ,perpendicular_to,?
327,16,half_text + noisy_half_diagram[bg_change],OK,XZ,perpendicular_to,?
327,16,half_text + noisy_half_diagram[bg_change],OK,XY,is_a,segment)
327,16,half_text + noisy_half_diagram[bg_change],OK,YZ,is_a,segment)
327,16,half_text + noisy_half_diagram[bg_change],OK,XZ,is_a,segment)
327,16,half_text + noisy_half_diagram[bg_change],OK,XY,has_measure,10.7_km)
327,16,half_text + noisy_half_diagram[bg_change],OK,XZ,has_measure,?)
327,16,half_text + noisy_half_diagram[bg_change],OK,XY,perpendicular_to,YZ)
327,16,half_text + noisy_half_diagram[bg_change],OK,Z,lies_on,XZ)
327,16,half_text + noisy_half_diagram[bg_change],OK,Y,lies_on,XY)
327,16,half_text + noisy_half_diagram[bg_change],OK,X,lies_on,XY)
327,16,half_text + noisy_half_diagram[bg_change],OK,N,lies_on,XZ)
,,,,,,
348,16,half_text + noisy_half_diagram[bg_change],OK,helicopter,is_a,point
348,16,half_text + noisy_half_diagram[bg_change],OK,landing_pad,is_a,point
348,16,half_text + noisy_half_diagram[bg_change],OK,helicopter_altitude,is_a,segment
348,16,half_text + noisy_half_diagram[bg_change],OK,helicopter_altitude,has_measure,198_units
348,16,half_text + noisy_half_diagram[bg_change],OK,angle_of_depression,is_a,angle
348,16,half_text + noisy_half_diagram[bg_change],OK,angle_of_depression,has_measure,44_deg
348,16,half_text + noisy_half_diagram[bg_change],OK,d,is_a,segment
348,16,half_text + noisy_half_diagram[bg_change],OK,d,connects,helicopter
348,16,half_text + noisy_half_diagram[bg_change],OK,d,connects,landing_pad
348,16,half_text + noisy_half_diagram[bg_change],OK,helicopter_altitude,connects,helicopter
348,16,half_text + noisy_half_diagram[bg_change],OK,helicopter_altitude,perpendicular_to,d
348,16,half_text + noisy_half_diagram[bg_change],OK,helicopter_altitude,connects,landing_pad
348,16,half_text + noisy_half_diagram[bg_change],OK,helicopter,is_a,helicopter
348,16,half_text + noisy_half_diagram[bg_change],OK,landing_pad,is_a,landing_pad
348,16,half_text + noisy_half_diagram[bg_change],OK,d,has_measure,?
348,16,half_text + noisy_half_diagram[bg_change],OK,angle_of_depression,center_of,helicopter
348,16,half_text + noisy_half_diagram[bg_change],OK,angle_of_depression,center_of,landing_pad
348,16,half_text + noisy_half_diagram[bg_change],OK,angle_of_depression,connects,helicopter
348,16,half_text + noisy_half_diagram[bg_change],OK,angle_of_depression,connects,landing_pad
,,,,,,
364,16,half_text + noisy_half_diagram[bg_change],OK,tower,is_a,concrete_tower
364,16,half_text + noisy_half_diagram[bg_change],OK,tower,is_a,point
364,16,half_text + noisy_half_diagram[bg_change],OK,bridge,is_a,suspension_bridge
364,16,half_text + noisy_half_diagram[bg_change],OK,connection_point,is_a,point
364,16,half_text + noisy_half_diagram[bg_change],OK,cable,is_a,segment
364,16,half_text + noisy_half_diagram[bg_change],OK,tower,connects,bridge
364,16,half_text + noisy_half_diagram[bg_change],OK,tower,connects,connection_point
364,16,half_text + noisy_half_diagram[bg_change],OK,bridge,has_measure,65.9_metres
364,16,half_text + noisy_half_diagram[bg_change],OK,tower,has_measure,35.5_metres
364,16,half_text + noisy_half_diagram[bg_change],OK,cable,has_measure,?
364,16,half_text + noisy_half_diagram[bg_change],OK,tower,perpendicular_to,bridge
364,16,half_text + noisy_half_diagram[bg_change],OK,h,is_a,length
364,16,half_text + noisy_half_diagram[bg_change],OK,h,has_measure,?
,,,,,,
365,16,half_text + noisy_half_diagram[bg_change],OK,plane,is_a,object
365,16,half_text + noisy_half_diagram[bg_change],OK,airport_runway,is_a,object
365,16,half_text + noisy_half_diagram[bg_change],OK,theta,is_a,angle
365,16,half_text + noisy_half_diagram[bg_change],OK,plane,has_measure,10369_metres
365,16,half_text + noisy_half_diagram[bg_change],OK,plane,is_a,object_above_ground
365,16,half_text + noisy_half_diagram[bg_change],OK,plane,has_measure,23444_metres
365,16,half_text + noisy_half_diagram[bg_change],OK,airport_runway,is_a,object_on_ground
365,16,half_text + noisy_half_diagram[bg_change],OK,theta,is_a,angle_of_approach
365,16,half_text + noisy_half_diagram[bg_change],OK,theta,has_measure,?
365,16,half_text + noisy_half_diagram[bg_change],OK,plane,is_a,object_in_air
365,16,half_text + noisy_half_diagram[bg_change],OK,plane,is_a,object_with_distance
365,16,half_text + noisy_half_diagram[bg_change],OK,airport_runway,is_a,object_with_distance
365,16,half_text + noisy_half_diagram[bg_change],OK,theta,is_a,angle_to_be_calculated
365,16,half_text + noisy_half_diagram[bg_change],OK,plane,is_a,object_with_height
365,16,half_text + noisy_half_diagram[bg_change],OK,airport_runway,is_a,object_with_length
365,16,half_text + noisy_half_diagram[bg_change],OK,theta,is_a,angle_to_one_decimal_place
,,,,,,
420,16,half_text + noisy_half_diagram[bg_change],OK,A,is_a,point
420,16,half_text + noisy_half_diagram[bg_change],OK,B,is_a,point
420,16,half_text + noisy_half_diagram[bg_change],OK,C,is_a,point
420,16,half_text + noisy_half_diagram[bg_change],OK,D,is_a,point
420,16,half_text + noisy_half_diagram[bg_change],OK,AB,is_a,segment
420,16,half_text + noisy_half_diagram[bg_change],OK,BC,is_a,segment
420,16,half_text + noisy_half_diagram[bg_change],OK,CD,is_a,segment
420,16,half_text + noisy_half_diagram[bg_change],OK,DA,is_a,segment
420,16,half_text + noisy_half_diagram[bg_change],OK,ABCD,is_a,trapezoid
420,16,half_text + noisy_half_diagram[bg_change],OK,AB,parallel_to,CD
420,16,half_text + noisy_half_diagram[bg_change],OK,AD,is_a,segment
420,16,half_text + noisy_half_diagram[bg_change],OK,AD,has_measure,10_cm
420,16,half_text + noisy_half_diagram[bg_change],OK,BC,has_measure,6_cm
420,16,half_text + noisy_half_diagram[bg_change],OK,AD,perpendicular_to,BC
420,16,half_text + noisy_half_diagram[bg_change],OK,Find,is_a,query
420,16,half_text + noisy_half_diagram[bg_change],OK,Find,connects,DA
,,,,,,
432,16,half_text + noisy_half_diagram[bg_change],OK,A,is_a,point
432,16,half_text + noisy_half_diagram[bg_change],OK,B,is_a,point
432,16,half_text + noisy_half_diagram[bg_change],OK,d,is_a,distance
432,16,half_text + noisy_half_diagram[bg_change],OK,d,has_measure,?
432,16,half_text + noisy_half_diagram[bg_change],OK,?,is_a,distance_formula
432,16,half_text + noisy_half_diagram[bg_change],OK,?,has_measure,three_decimal_places
,,,,,,
438,16,half_text + noisy_half_diagram[bg_change],OK,hyperbola,is_a,hyperbola
438,16,half_text + noisy_half_diagram[bg_change],OK,vertices,is_a,point
438,16,half_text + noisy_half_diagram[bg_change],OK,center,is_a,point
438,16,half_text + noisy_half_diagram[bg_change],OK,foci,is_a,point
438,16,half_text + noisy_half_diagram[bg_change],OK,hyperbola,center_of,center
438,16,half_text + noisy_half_diagram[bg_change],OK,hyperbola,has_measure,?
438,16,half_text + noisy_half_diagram[bg_change],OK,hyperbola,is_a,?
,,,,,,
441,16,half_text + noisy_half_diagram[bg_change],OK,a,is_a,angle
441,16,half_text + noisy_half_diagram[bg_change],OK,P,is_a,point
441,16,half_text + noisy_half_diagram[bg_change],OK,P,lies_on,unit_circle
441,16,half_text + noisy_half_diagram[bg_change],OK,a,has_measure,?
441,16,half_text + noisy_half_diagram[bg_change],OK,unit_circle,radius_of,1_unit
441,16,half_text + noisy_half_diagram[bg_change],OK,x,is_a,axis
441,16,half_text + noisy_half_diagram[bg_change],OK,y,is_a,axis
441,16,half_text + noisy_half_diagram[bg_change],OK,x,perpendicular_to,y
441,16,half_text + noisy_half_diagram[bg_change],OK,a,intersects,P
441,16,half_text + noisy_half_diagram[bg_change],OK,a,intersects,unit_circle
441,16,half_text + noisy_half_diagram[bg_change],OK,unit_circle,intersects,x
441,16,half_text + noisy_half_diagram[bg_change],OK,unit_circle,intersects,y
441,16,half_text + noisy_half_diagram[bg_change],OK,x,connects,-1
441,16,half_text + noisy_half_diagram[bg_change],OK,x,connects,1
441,16,half_text + noisy_half_diagram[bg_change],OK,y,connects,-1
441,16,half_text + noisy_half_diagram[bg_change],OK,y,connects,1
441,16,half_text + noisy_half_diagram[bg_change],OK,sin,is_a,function
441,16,half_text + noisy_half_diagram[bg_change],OK,sin,mapped_to,a
441,16,half_text + noisy_half_diagram[bg_change],OK,sin,has_measure,?
,,,,,,
447,16,half_text + noisy_half_diagram[bg_change],OK,P,is_a,point
447,16,half_text + noisy_half_diagram[bg_change],OK,a,is_a,angle
447,16,half_text + noisy_half_diagram[bg_change],OK,P,lies_on,circle
447,16,half_text + noisy_half_diagram[bg_change],OK,a,has_measure,?
447,16,half_text + noisy_half_diagram[bg_change],OK,circle,center_of,origin
447,16,half_text + noisy_half_diagram[bg_change],OK,origin,is_a,point
447,16,half_text + noisy_half_diagram[bg_change],OK,origin,connects,x_axis
447,16,half_text + noisy_half_diagram[bg_change],OK,origin,connects,y_axis
447,16,half_text + noisy_half_diagram[bg_change],OK,x_axis,is_a,line
447,16,half_text + noisy_half_diagram[bg_change],OK,y_axis,is_a,line
447,16,half_text + noisy_half_diagram[bg_change],OK,x_axis,has_measure,1_unit
447,16,half_text + noisy_half_diagram[bg_change],OK,y_axis,has_measure,1_unit
447,16,half_text + noisy_half_diagram[bg_change],OK,circle,radius_of,1_unit
447,16,half_text + noisy_half_diagram[bg_change],OK,a,intersects,circle
447,16,half_text + noisy_half_diagram[bg_change],OK,a,intersects,P
,,,,,,
449,16,half_text + noisy_half_diagram[bg_change],OK,O,is_a,point
449,16,half_text + noisy_half_diagram[bg_change],OK,O,center_of,circle
449,16,half_text + noisy_half_diagram[bg_change],OK,P,is_a,point
449,16,half_text + noisy_half_diagram[bg_change],OK,P,lies_on,circle
449,16,half_text + noisy_half_diagram[bg_change],OK,circle,is_a,circle
449,16,half_text + noisy_half_diagram[bg_change],OK,O,is_a,origin
449,16,half_text + noisy_half_diagram[bg_change],OK,θ,is_a,angle
,,,,,,
457,16,half_text + noisy_half_diagram[bg_change],OK,A,is_a,point
457,16,half_text + noisy_half_diagram[bg_change],OK,B,is_a,point
457,16,half_text + noisy_half_diagram[bg_change],OK,C,is_a,point
457,16,half_text + noisy_half_diagram[bg_change],OK,O,is_a,point
457,16,half_text + noisy_half_diagram[bg_change],OK,AB,is_a,segment
457,16,half_text + noisy_half_diagram[bg_change],OK,BC,is_a,segment
457,16,half_text + noisy_half_diagram[bg_change],OK,AC,is_a,segment
457,16,half_text + noisy_half_diagram[bg_change],OK,∠AOB,is_a,angle
457,16,half_text + noisy_half_diagram[bg_change],OK,∠BOC,is_a,angle
457,16,half_text + noisy_half_diagram[bg_change],OK,∠COA,is_a,angle
457,16,half_text + noisy_half_diagram[bg_change],OK,O,center_of,circle
457,16,half_text + noisy_half_diagram[bg_change],OK,A,lies_on,circle
457,16,half_text + noisy_half_diagram[bg_change],OK,B,lies_on,circle
457,16,half_text + noisy_half_diagram[bg_change],OK,C,lies_on,circle
457,16,half_text + noisy_half_diagram[bg_change],OK,O,lies_on,circle
457,16,half_text + noisy_half_diagram[bg_change],OK,OA,radius_of,circle
457,16,half_text + noisy_half_diagram[bg_change],OK,OB,radius_of,circle
457,16,half_text + noisy_half_diagram[bg_change],OK,OC,radius_of,circle
457,16,half_text + noisy_half_diagram[bg_change],OK,OA,has_measure,5_units
457,16,half_text + noisy_half_diagram[bg_change],OK,OB,has_measure,5_units
457,16,half_text + noisy_half_diagram[bg_change],OK,OC,has_measure,5_units
457,16,half_text + noisy_half_diagram[bg_change],OK,∠AOB,has_measure,120_deg
457,16,half_text + noisy_half_diagram[bg_change],OK,∠BOC,has_measure,120_deg
457,16,half_text + noisy_half_diagram[bg_change],OK,∠COA,has_measure,120_deg
457,16,half_text + noisy_half_diagram[bg_change],OK,A,mapped_to,point
457,16,half_text + noisy_half_diagram[bg_change],OK,B,mapped_to,point
457,16,half_text + noisy_half_diagram[bg_change],OK,C,mapped_to,point
457,16,half_text + noisy_half_diagram[bg_change],OK,O,mapped_to,point
457,16,half_text + noisy_half_diagram[bg_change],OK,AB,mapped_to,segment
457,16,half_text + noisy_half_diagram[bg_change],OK,BC,mapped_to,segment
457,16,half_text + noisy_half_diagram[bg_change],OK,AC,mapped_to,segment
457,16,half_text + noisy_half_diagram[bg_change],OK,∠AOB,mapped_to,angle
457,16,half_text + noisy_half_diagram[bg_change],OK,∠BOC,mapped_to,angle
457,16,half_text + noisy_half_diagram[bg_change],OK,∠COA,mapped_to,angle
457,16,half_text + noisy_half_diagram[bg_change],OK,O,rotated_about,O
457,16,half_text + noisy_half_diagram[bg_change],OK,A,rotated_about,O
457,16,half_text + noisy_half_diagram[bg_change],OK,B,rotated_about,O
457,16,half_text + noisy_half_diagram[bg_change],OK,C,rotated_about,O
457,16,half_text + noisy_half_diagram[bg_change],OK,AB,rotated_about,O
457,16,half_text + noisy_half_diagram[bg_change],OK,BC,rotated_about,O
457,16,half_text + noisy_half_diagram[bg_change],OK,AC,rotated_about,O
457,16,half_text + noisy_half_diagram[bg_change],OK,∠AOB,rotated_about,O
457,16,half_text + noisy_half_diagram[bg_change],OK,∠BOC,rotated_about,O
457,16,half_text + noisy_half_diagram[bg_change],OK,∠COA,rotated_about,O
457,16,half_text + noisy_half_diagram[bg_change],OK,A,mapped_to,A
457,16,half_text + noisy_half_diagram[bg_change],OK,B,mapped_to,B
457,16,half_text + noisy_half_diagram[bg_change],OK,C,mapped_to,C
457,16,half_text + noisy_half_diagram[bg_change],OK,O,mapped_to,O
457,16,half_text + noisy_half_diagram[bg_change],OK,AB,mapped_to,AB
457,16,half_text + noisy_half_diagram[bg_change],OK,BC,mapped_to,BC
457,16,half_text + noisy_half_diagram[bg_change],OK,AC,mapped_to,AC
457,16,half_text + noisy_half_diagram[bg_change],OK,∠AOB,mapped_to,∠AOB
457,16,half_text + noisy_half_diagram[bg_change],OK,∠BOC,mapped_to,∠BOC
457,16,half_text + noisy_half_diagram[bg_change],OK,∠COA,mapped_to,∠COA
,,,,,,
472,16,half_text + noisy_half_diagram[bg_change],OK,-7,0,"is_a, point"
472,16,half_text + noisy_half_diagram[bg_change],OK,5,-5,"is_a, point"
472,16,half_text + noisy_half_diagram[bg_change],OK,7,0,"is_a, point"
472,16,half_text + noisy_half_diagram[bg_change],OK,semicircle,is_a,semicircle
472,16,half_text + noisy_half_diagram[bg_change],OK,?,is_a,"center_of, semicircle"
472,16,half_text + noisy_half_diagram[bg_change],OK,?,is_a,query_target
,,,,,,
