problem_index,case_id,case_label,status,subject,predicate,object
1,3,noisy_text[punctuation] + full_diagram,OK,A,is_a,point
1,3,noisy_text[punctuation] + full_diagram,OK,B,is_a,point
1,3,noisy_text[punctuation] + full_diagram,OK,C,is_a,point
1,3,noisy_text[punctuation] + full_diagram,OK,ABC,is_a,triangle
1,3,noisy_text[punctuation] + full_diagram,OK,A,is_a,angle
1,3,noisy_text[punctuation] + full_diagram,OK,A,has_measure,80_deg
1,3,noisy_text[punctuation] + full_diagram,OK,B,is_a,angle
1,3,noisy_text[punctuation] + full_diagram,OK,B,has_measure,60_deg
1,3,noisy_text[punctuation] + full_diagram,OK,D,is_a,point
1,3,noisy_text[punctuation] + full_diagram,OK,E,is_a,point
1,3,noisy_text[punctuation] + full_diagram,OK,D,lies_on,AB
1,3,noisy_text[punctuation] + full_diagram,OK,E,lies_on,AC
1,3,noisy_text[punctuation] + full_diagram,OK,DE,is_a,segment
1,3,noisy_text[punctuation] + full_diagram,OK,BC,is_a,segment
1,3,noisy_text[punctuation] + full_diagram,OK,DE,parallel_to,BC
1,3,noisy_text[punctuation] + full_diagram,OK,∠CED,is_a,angle
,,,,,,
2,3,noisy_text[punctuation] + full_diagram,OK,A,is_a,point
2,3,noisy_text[punctuation] + full_diagram,OK,B,is_a,point
2,3,noisy_text[punctuation] + full_diagram,OK,C,is_a,point
2,3,noisy_text[punctuation] + full_diagram,OK,D,is_a,point
2,3,noisy_text[punctuation] + full_diagram,OK,E,is_a,point
2,3,noisy_text[punctuation] + full_diagram,OK,F,is_a,point
2,3,noisy_text[punctuation] + full_diagram,OK,G,is_a,point
2,3,noisy_text[punctuation] + full_diagram,OK,AB,is_a,segment
2,3,noisy_text[punctuation] + full_diagram,OK,CD,is_a,segment
2,3,noisy_text[punctuation] + full_diagram,OK,EF,is_a,segment
2,3,noisy_text[punctuation] + full_diagram,OK,EG,is_a,segment
2,3,noisy_text[punctuation] + full_diagram,OK,∠BEF,is_a,angle
2,3,noisy_text[punctuation] + full_diagram,OK,∠EFG,is_a,angle
2,3,noisy_text[punctuation] + full_diagram,OK,∠EGF,is_a,angle
2,3,noisy_text[punctuation] + full_diagram,OK,AB,parallel_to,CD
2,3,noisy_text[punctuation] + full_diagram,OK,EF,intersects,AB
2,3,noisy_text[punctuation] + full_diagram,OK,EF,intersects,CD
2,3,noisy_text[punctuation] + full_diagram,OK,EG,intersects,CD
2,3,noisy_text[punctuation] + full_diagram,OK,EG,bisects,∠BEF
2,3,noisy_text[punctuation] + full_diagram,OK,∠EFG,has_measure,50_deg
2,3,noisy_text[punctuation] + full_diagram,OK,∠EGF,has_measure,?
,,,,,,
3,3,noisy_text[punctuation] + full_diagram,OK,BC,is_a,segment
3,3,noisy_text[punctuation] + full_diagram,OK,BA,is_a,segment
3,3,noisy_text[punctuation] + full_diagram,OK,B,is_a,point
3,3,noisy_text[punctuation] + full_diagram,OK,BC,intersects,B
3,3,noisy_text[punctuation] + full_diagram,OK,BA,intersects,B
3,3,noisy_text[punctuation] + full_diagram,OK,BD,is_a,segment
3,3,noisy_text[punctuation] + full_diagram,OK,angle ABC,is_a,angle
3,3,noisy_text[punctuation] + full_diagram,OK,BD,bisects,angle ABC
3,3,noisy_text[punctuation] + full_diagram,OK,CD,is_a,segment
3,3,noisy_text[punctuation] + full_diagram,OK,AB,is_a,segment
3,3,noisy_text[punctuation] + full_diagram,OK,CD,parallel_to,AB
3,3,noisy_text[punctuation] + full_diagram,OK,angle BCD,is_a,angle
3,3,noisy_text[punctuation] + full_diagram,OK,angle BCD,has_measure,70_deg
3,3,noisy_text[punctuation] + full_diagram,OK,D,is_a,point
3,3,noisy_text[punctuation] + full_diagram,OK,angle CDB,is_a,angle
3,3,noisy_text[punctuation] + full_diagram,OK,angle CDB,has_measure,?
,,,,,,
4,3,noisy_text[punctuation] + full_diagram,OK,AB,is_a,segment
4,3,noisy_text[punctuation] + full_diagram,OK,O,is_a,point
4,3,noisy_text[punctuation] + full_diagram,OK,AB,tangent_to,O
4,3,noisy_text[punctuation] + full_diagram,OK,AB,tangent_to,circle
4,3,noisy_text[punctuation] + full_diagram,OK,B,is_a,point
4,3,noisy_text[punctuation] + full_diagram,OK,A,is_a,point
4,3,noisy_text[punctuation] + full_diagram,OK,AO,is_a,segment
4,3,noisy_text[punctuation] + full_diagram,OK,AO,intersects,O
4,3,noisy_text[punctuation] + full_diagram,OK,C,is_a,point
4,3,noisy_text[punctuation] + full_diagram,OK,BC,is_a,segment
4,3,noisy_text[punctuation] + full_diagram,OK,∠A,is_a,angle
4,3,noisy_text[punctuation] + full_diagram,OK,∠A,has_measure,36_deg
4,3,noisy_text[punctuation] + full_diagram,OK,∠C,is_a,angle
4,3,noisy_text[punctuation] + full_diagram,OK,∠OCB,is_a,angle
4,3,noisy_text[punctuation] + full_diagram,OK,AB,tangent_to,"O, at, B"
4,3,noisy_text[punctuation] + full_diagram,OK,AO,intersects,"O, at, C"
4,3,noisy_text[punctuation] + full_diagram,OK,AB,tangent_to,"circle, O"
4,3,noisy_text[punctuation] + full_diagram,OK,AO,intersects,"circle, O"
4,3,noisy_text[punctuation] + full_diagram,OK,AB,connects,"A, B"
4,3,noisy_text[punctuation] + full_diagram,OK,AO,connects,"A, O"
4,3,noisy_text[punctuation] + full_diagram,OK,BC,connects,"B, C"
4,3,noisy_text[punctuation] + full_diagram,OK,O,center_of,circle
4,3,noisy_text[punctuation] + full_diagram,OK,AB,tangent_to,"circle, O, at, B"
4,3,noisy_text[punctuation] + full_diagram,OK,AO,intersects,"circle, O, at, C"
,,,,,,
7,3,noisy_text[punctuation] + full_diagram,OK,A,is_a,point
7,3,noisy_text[punctuation] + full_diagram,OK,B,is_a,point
7,3,noisy_text[punctuation] + full_diagram,OK,C,is_a,point
7,3,noisy_text[punctuation] + full_diagram,OK,D,is_a,point
7,3,noisy_text[punctuation] + full_diagram,OK,E,is_a,point
7,3,noisy_text[punctuation] + full_diagram,OK,ABC,is_a,triangle
7,3,noisy_text[punctuation] + full_diagram,OK,ADE,is_a,triangle
7,3,noisy_text[punctuation] + full_diagram,OK,ABC,is_a,"congruent_to, ADE"
7,3,noisy_text[punctuation] + full_diagram,OK,A,is_a,common_vertex
7,3,noisy_text[punctuation] + full_diagram,OK,∠B,has_measure,70_deg
7,3,noisy_text[punctuation] + full_diagram,OK,∠C,has_measure,30_deg
7,3,noisy_text[punctuation] + full_diagram,OK,∠DAC,has_measure,35_deg
7,3,noisy_text[punctuation] + full_diagram,OK,∠EAC,is_a,angle
7,3,noisy_text[punctuation] + full_diagram,OK,∠EAC,has_measure,?
,,,,,,
8,3,noisy_text[punctuation] + full_diagram,OK,A,is_a,point
8,3,noisy_text[punctuation] + full_diagram,OK,B,is_a,point
8,3,noisy_text[punctuation] + full_diagram,OK,C,is_a,point
8,3,noisy_text[punctuation] + full_diagram,OK,D,is_a,point
8,3,noisy_text[punctuation] + full_diagram,OK,E,is_a,point
8,3,noisy_text[punctuation] + full_diagram,OK,F,is_a,point
8,3,noisy_text[punctuation] + full_diagram,OK,ABC,is_a,triangle
8,3,noisy_text[punctuation] + full_diagram,OK,DEF,is_a,triangle
8,3,noisy_text[punctuation] + full_diagram,OK,ABC,is_a,"congruent_to, DEF"
8,3,noisy_text[punctuation] + full_diagram,OK,A,mapped_to,D
8,3,noisy_text[punctuation] + full_diagram,OK,B,mapped_to,E
8,3,noisy_text[punctuation] + full_diagram,OK,BC,is_a,segment
8,3,noisy_text[punctuation] + full_diagram,OK,BE,is_a,segment
8,3,noisy_text[punctuation] + full_diagram,OK,EC,is_a,segment
8,3,noisy_text[punctuation] + full_diagram,OK,CF,is_a,segment
8,3,noisy_text[punctuation] + full_diagram,OK,BF,is_a,segment
8,3,noisy_text[punctuation] + full_diagram,OK,BC,has_measure,5.0
8,3,noisy_text[punctuation] + full_diagram,OK,BF,has_measure,7.0
8,3,noisy_text[punctuation] + full_diagram,OK,EC,has_measure,?
,,,,,,
9,3,noisy_text[punctuation] + full_diagram,OK,A,is_a,point
9,3,noisy_text[punctuation] + full_diagram,OK,B,is_a,point
9,3,noisy_text[punctuation] + full_diagram,OK,C,is_a,point
9,3,noisy_text[punctuation] + full_diagram,OK,D,is_a,point
9,3,noisy_text[punctuation] + full_diagram,OK,E,is_a,point
9,3,noisy_text[punctuation] + full_diagram,OK,AB,is_a,segment
9,3,noisy_text[punctuation] + full_diagram,OK,AC,is_a,segment
9,3,noisy_text[punctuation] + full_diagram,OK,AD,is_a,segment
9,3,noisy_text[punctuation] + full_diagram,OK,BC,is_a,segment
9,3,noisy_text[punctuation] + full_diagram,OK,BD,is_a,segment
9,3,noisy_text[punctuation] + full_diagram,OK,CD,is_a,segment
9,3,noisy_text[punctuation] + full_diagram,OK,DE,is_a,segment
9,3,noisy_text[punctuation] + full_diagram,OK,∠CAB,is_a,angle
9,3,noisy_text[punctuation] + full_diagram,OK,∠ACB,is_a,angle
9,3,noisy_text[punctuation] + full_diagram,OK,∠ADB,is_a,angle
9,3,noisy_text[punctuation] + full_diagram,OK,∠CDE,is_a,angle
9,3,noisy_text[punctuation] + full_diagram,OK,∠AEB,is_a,angle
9,3,noisy_text[punctuation] + full_diagram,OK,A,connects,B
9,3,noisy_text[punctuation] + full_diagram,OK,A,connects,C
9,3,noisy_text[punctuation] + full_diagram,OK,A,connects,D
9,3,noisy_text[punctuation] + full_diagram,OK,B,connects,C
9,3,noisy_text[punctuation] + full_diagram,OK,B,connects,D
9,3,noisy_text[punctuation] + full_diagram,OK,B,connects,E
9,3,noisy_text[punctuation] + full_diagram,OK,C,connects,D
9,3,noisy_text[punctuation] + full_diagram,OK,D,connects,E
9,3,noisy_text[punctuation] + full_diagram,OK,AC,perpendicular_to,BC
9,3,noisy_text[punctuation] + full_diagram,OK,DE,perpendicular_to,AB
9,3,noisy_text[punctuation] + full_diagram,OK,AD,bisects,∠CAB
9,3,noisy_text[punctuation] + full_diagram,OK,AB,has_measure,6.0
,,,,,,
10,3,noisy_text[punctuation] + full_diagram,OK,A,is_a,point
10,3,noisy_text[punctuation] + full_diagram,OK,B,is_a,point
10,3,noisy_text[punctuation] + full_diagram,OK,C,is_a,point
10,3,noisy_text[punctuation] + full_diagram,OK,AB,is_a,segment
10,3,noisy_text[punctuation] + full_diagram,OK,AC,is_a,segment
10,3,noisy_text[punctuation] + full_diagram,OK,BC,is_a,segment
10,3,noisy_text[punctuation] + full_diagram,OK,ABC,is_a,triangle
10,3,noisy_text[punctuation] + full_diagram,OK,AB,connects,A
10,3,noisy_text[punctuation] + full_diagram,OK,AB,connects,B
10,3,noisy_text[punctuation] + full_diagram,OK,AC,connects,A
10,3,noisy_text[punctuation] + full_diagram,OK,AC,connects,C
10,3,noisy_text[punctuation] + full_diagram,OK,BC,connects,B
10,3,noisy_text[punctuation] + full_diagram,OK,BC,connects,C
10,3,noisy_text[punctuation] + full_diagram,OK,AB,has_measure,?
10,3,noisy_text[punctuation] + full_diagram,OK,AC,has_measure,?
10,3,noisy_text[punctuation] + full_diagram,OK,BC,has_measure,?
10,3,noisy_text[punctuation] + full_diagram,OK,∠A,is_a,angle
10,3,noisy_text[punctuation] + full_diagram,OK,∠A,has_measure,36_deg
10,3,noisy_text[punctuation] + full_diagram,OK,D,is_a,point
10,3,noisy_text[punctuation] + full_diagram,OK,E,is_a,point
10,3,noisy_text[punctuation] + full_diagram,OK,DE,is_a,segment
10,3,noisy_text[punctuation] + full_diagram,OK,DE,perpendicular_to,AB
10,3,noisy_text[punctuation] + full_diagram,OK,DE,intersects,AC
10,3,noisy_text[punctuation] + full_diagram,OK,DE,intersects,AB
10,3,noisy_text[punctuation] + full_diagram,OK,DE,connects,D
10,3,noisy_text[punctuation] + full_diagram,OK,DE,connects,E
10,3,noisy_text[punctuation] + full_diagram,OK,BD,is_a,segment
10,3,noisy_text[punctuation] + full_diagram,OK,BD,connects,B
10,3,noisy_text[punctuation] + full_diagram,OK,BD,connects,D
10,3,noisy_text[punctuation] + full_diagram,OK,BDC,is_a,angle
10,3,noisy_text[punctuation] + full_diagram,OK,BDC,has_measure,?
,,,,,,
11,3,noisy_text[punctuation] + full_diagram,OK,A,is_a,point
11,3,noisy_text[punctuation] + full_diagram,OK,B,is_a,point
11,3,noisy_text[punctuation] + full_diagram,OK,C,is_a,point
11,3,noisy_text[punctuation] + full_diagram,OK,D,is_a,point
11,3,noisy_text[punctuation] + full_diagram,OK,E,is_a,point
11,3,noisy_text[punctuation] + full_diagram,OK,F,is_a,point
11,3,noisy_text[punctuation] + full_diagram,OK,AB,is_a,segment
11,3,noisy_text[punctuation] + full_diagram,OK,BC,is_a,segment
11,3,noisy_text[punctuation] + full_diagram,OK,CA,is_a,segment
11,3,noisy_text[punctuation] + full_diagram,OK,AD,is_a,segment
11,3,noisy_text[punctuation] + full_diagram,OK,AE,is_a,segment
11,3,noisy_text[punctuation] + full_diagram,OK,ED,is_a,segment
11,3,noisy_text[punctuation] + full_diagram,OK,∠C,is_a,angle
11,3,noisy_text[punctuation] + full_diagram,OK,∠C,has_measure,36_deg
11,3,noisy_text[punctuation] + full_diagram,OK,∠E,is_a,angle
11,3,noisy_text[punctuation] + full_diagram,OK,∠E,has_measure,60_deg
11,3,noisy_text[punctuation] + full_diagram,OK,∠DFC,is_a,angle
11,3,noisy_text[punctuation] + full_diagram,OK,ABC,is_a,triangle
11,3,noisy_text[punctuation] + full_diagram,OK,AED,is_a,triangle
11,3,noisy_text[punctuation] + full_diagram,OK,A,center_of,rotation
11,3,noisy_text[punctuation] + full_diagram,OK,A,rotated_about,60_deg
11,3,noisy_text[punctuation] + full_diagram,OK,AD,intersects,BC
11,3,noisy_text[punctuation] + full_diagram,OK,AD,intersects,"BC, at, F"
11,3,noisy_text[punctuation] + full_diagram,OK,∠AFC,is_a,angle
11,3,noisy_text[punctuation] + full_diagram,OK,∠AFC,is_a,query_target
,,,,,,
14,3,noisy_text[punctuation] + full_diagram,OK,O,is_a,circle
14,3,noisy_text[punctuation] + full_diagram,OK,A,is_a,point
14,3,noisy_text[punctuation] + full_diagram,OK,B,is_a,point
14,3,noisy_text[punctuation] + full_diagram,OK,C,is_a,point
14,3,noisy_text[punctuation] + full_diagram,OK,OAB,is_a,angle
14,3,noisy_text[punctuation] + full_diagram,OK,ABC,is_a,triangle
14,3,noisy_text[punctuation] + full_diagram,OK,OAB,has_measure,35_deg
14,3,noisy_text[punctuation] + full_diagram,OK,A,lies_on,O
14,3,noisy_text[punctuation] + full_diagram,OK,B,lies_on,O
14,3,noisy_text[punctuation] + full_diagram,OK,C,lies_on,O
14,3,noisy_text[punctuation] + full_diagram,OK,A,connects,B
14,3,noisy_text[punctuation] + full_diagram,OK,B,connects,C
14,3,noisy_text[punctuation] + full_diagram,OK,C,connects,A
14,3,noisy_text[punctuation] + full_diagram,OK,O,center_of,O
14,3,noisy_text[punctuation] + full_diagram,OK,OAB,lies_on,O
14,3,noisy_text[punctuation] + full_diagram,OK,A,lies_on,OAB
14,3,noisy_text[punctuation] + full_diagram,OK,B,lies_on,OAB
14,3,noisy_text[punctuation] + full_diagram,OK,O,lies_on,OAB
14,3,noisy_text[punctuation] + full_diagram,OK,A,lies_on,ABC
14,3,noisy_text[punctuation] + full_diagram,OK,B,lies_on,ABC
14,3,noisy_text[punctuation] + full_diagram,OK,C,lies_on,ABC
14,3,noisy_text[punctuation] + full_diagram,OK,O,is_a,point
,,,,,,
16,3,noisy_text[punctuation] + full_diagram,OK,O,is_a,point
16,3,noisy_text[punctuation] + full_diagram,OK,O,center_of,circle
16,3,noisy_text[punctuation] + full_diagram,OK,AC,is_a,chord
16,3,noisy_text[punctuation] + full_diagram,OK,OB,is_a,radius
16,3,noisy_text[punctuation] + full_diagram,OK,AC,parallel_to,OB
16,3,noisy_text[punctuation] + full_diagram,OK,BOC,is_a,angle
16,3,noisy_text[punctuation] + full_diagram,OK,BOC,has_measure,50_deg
16,3,noisy_text[punctuation] + full_diagram,OK,OAB,is_a,angle
16,3,noisy_text[punctuation] + full_diagram,OK,A,is_a,point
16,3,noisy_text[punctuation] + full_diagram,OK,B,is_a,point
16,3,noisy_text[punctuation] + full_diagram,OK,C,is_a,point
16,3,noisy_text[punctuation] + full_diagram,OK,AC,connects,A
16,3,noisy_text[punctuation] + full_diagram,OK,AC,connects,C
16,3,noisy_text[punctuation] + full_diagram,OK,OB,connects,O
16,3,noisy_text[punctuation] + full_diagram,OK,OB,connects,B
16,3,noisy_text[punctuation] + full_diagram,OK,OAB,connects,O
16,3,noisy_text[punctuation] + full_diagram,OK,OAB,connects,A
16,3,noisy_text[punctuation] + full_diagram,OK,OAB,connects,B
16,3,noisy_text[punctuation] + full_diagram,OK,BOC,connects,B
16,3,noisy_text[punctuation] + full_diagram,OK,BOC,connects,O
16,3,noisy_text[punctuation] + full_diagram,OK,BOC,connects,C
16,3,noisy_text[punctuation] + full_diagram,OK,∠AOB,is_a,angle
16,3,noisy_text[punctuation] + full_diagram,OK,∠AOB,has_measure,?
16,3,noisy_text[punctuation] + full_diagram,OK,∠OAB,is_a,angle
16,3,noisy_text[punctuation] + full_diagram,OK,∠OAB,has_measure,?
,,,,,,
17,3,noisy_text[punctuation] + full_diagram,OK,A,is_a,point
17,3,noisy_text[punctuation] + full_diagram,OK,B,is_a,point
17,3,noisy_text[punctuation] + full_diagram,OK,C,is_a,point
17,3,noisy_text[punctuation] + full_diagram,OK,D,is_a,point
17,3,noisy_text[punctuation] + full_diagram,OK,O,is_a,point
17,3,noisy_text[punctuation] + full_diagram,OK,AC,is_a,segment
17,3,noisy_text[punctuation] + full_diagram,OK,BD,is_a,segment
17,3,noisy_text[punctuation] + full_diagram,OK,AB,is_a,segment
17,3,noisy_text[punctuation] + full_diagram,OK,BC,is_a,segment
17,3,noisy_text[punctuation] + full_diagram,OK,CD,is_a,segment
17,3,noisy_text[punctuation] + full_diagram,OK,DA,is_a,segment
17,3,noisy_text[punctuation] + full_diagram,OK,∠DAC,is_a,angle
17,3,noisy_text[punctuation] + full_diagram,OK,∠CBD,is_a,angle
17,3,noisy_text[punctuation] + full_diagram,OK,∠COD,is_a,angle
17,3,noisy_text[punctuation] + full_diagram,OK,ABCD,is_a,parallelogram
17,3,noisy_text[punctuation] + full_diagram,OK,AC,intersects,BD
17,3,noisy_text[punctuation] + full_diagram,OK,O,is_a,intersection_point
17,3,noisy_text[punctuation] + full_diagram,OK,AC,connects,A
17,3,noisy_text[punctuation] + full_diagram,OK,AC,connects,C
17,3,noisy_text[punctuation] + full_diagram,OK,BD,connects,B
17,3,noisy_text[punctuation] + full_diagram,OK,BD,connects,D
17,3,noisy_text[punctuation] + full_diagram,OK,∠DAC,has_measure,42_deg
17,3,noisy_text[punctuation] + full_diagram,OK,∠CBD,has_measure,23_deg
17,3,noisy_text[punctuation] + full_diagram,OK,∠COD,has_measure,?
,,,,,,
20,3,noisy_text[punctuation] + full_diagram,OK,AB,is_a,diameter
20,3,noisy_text[punctuation] + full_diagram,OK,O,is_a,circle
20,3,noisy_text[punctuation] + full_diagram,OK,A,is_a,point
20,3,noisy_text[punctuation] + full_diagram,OK,B,is_a,point
20,3,noisy_text[punctuation] + full_diagram,OK,C,is_a,point
20,3,noisy_text[punctuation] + full_diagram,OK,D,is_a,point
20,3,noisy_text[punctuation] + full_diagram,OK,AB,center_of,O
20,3,noisy_text[punctuation] + full_diagram,OK,AB,lies_on,O
20,3,noisy_text[punctuation] + full_diagram,OK,C,lies_on,O
20,3,noisy_text[punctuation] + full_diagram,OK,D,lies_on,O
20,3,noisy_text[punctuation] + full_diagram,OK,AC,is_a,segment
20,3,noisy_text[punctuation] + full_diagram,OK,BC,is_a,segment
20,3,noisy_text[punctuation] + full_diagram,OK,CD,is_a,segment
20,3,noisy_text[punctuation] + full_diagram,OK,OD,is_a,segment
20,3,noisy_text[punctuation] + full_diagram,OK,∠DOB,is_a,angle
20,3,noisy_text[punctuation] + full_diagram,OK,∠DOB,has_measure,140_deg
20,3,noisy_text[punctuation] + full_diagram,OK,∠ACD,is_a,angle
20,3,noisy_text[punctuation] + full_diagram,OK,∠ACD,has_measure,?
,,,,,,
22,3,noisy_text[punctuation] + full_diagram,OK,A,is_a,point
22,3,noisy_text[punctuation] + full_diagram,OK,B,is_a,point
22,3,noisy_text[punctuation] + full_diagram,OK,C,is_a,point
22,3,noisy_text[punctuation] + full_diagram,OK,D,is_a,point
22,3,noisy_text[punctuation] + full_diagram,OK,M,is_a,point
22,3,noisy_text[punctuation] + full_diagram,OK,N,is_a,point
22,3,noisy_text[punctuation] + full_diagram,OK,O,is_a,point
22,3,noisy_text[punctuation] + full_diagram,OK,AB,is_a,segment
22,3,noisy_text[punctuation] + full_diagram,OK,AC,is_a,segment
22,3,noisy_text[punctuation] + full_diagram,OK,AD,is_a,segment
22,3,noisy_text[punctuation] + full_diagram,OK,AM,is_a,segment
22,3,noisy_text[punctuation] + full_diagram,OK,CN,is_a,segment
22,3,noisy_text[punctuation] + full_diagram,OK,MN,is_a,segment
22,3,noisy_text[punctuation] + full_diagram,OK,BO,is_a,segment
22,3,noisy_text[punctuation] + full_diagram,OK,BC,is_a,segment
22,3,noisy_text[punctuation] + full_diagram,OK,CD,is_a,segment
22,3,noisy_text[punctuation] + full_diagram,OK,∠DAC,is_a,angle
22,3,noisy_text[punctuation] + full_diagram,OK,∠OBC,is_a,angle
22,3,noisy_text[punctuation] + full_diagram,OK,ABCD,is_a,diamond
22,3,noisy_text[punctuation] + full_diagram,OK,M,lies_on,AB
22,3,noisy_text[punctuation] + full_diagram,OK,N,lies_on,CD
22,3,noisy_text[punctuation] + full_diagram,OK,AM,connects,M
22,3,noisy_text[punctuation] + full_diagram,OK,CN,connects,N
22,3,noisy_text[punctuation] + full_diagram,OK,MN,intersects,AC
22,3,noisy_text[punctuation] + full_diagram,OK,MN,intersects,O
22,3,noisy_text[punctuation] + full_diagram,OK,BO,intersects,O
22,3,noisy_text[punctuation] + full_diagram,OK,∠DAC,has_measure,28_deg
22,3,noisy_text[punctuation] + full_diagram,OK,∠OBC,has_measure,?
,,,,,,
25,3,noisy_text[punctuation] + full_diagram,OK,EF,is_a,segment
25,3,noisy_text[punctuation] + full_diagram,OK,B,is_a,point
25,3,noisy_text[punctuation] + full_diagram,OK,C,is_a,point
25,3,noisy_text[punctuation] + full_diagram,OK,A,is_a,point
25,3,noisy_text[punctuation] + full_diagram,OK,F,is_a,point
25,3,noisy_text[punctuation] + full_diagram,OK,E,is_a,point
25,3,noisy_text[punctuation] + full_diagram,OK,EF,parallel_to,BC
25,3,noisy_text[punctuation] + full_diagram,OK,AC,is_a,segment
25,3,noisy_text[punctuation] + full_diagram,OK,∠BAF,is_a,angle
25,3,noisy_text[punctuation] + full_diagram,OK,AC,bisects,∠BAF
25,3,noisy_text[punctuation] + full_diagram,OK,∠B,is_a,angle
25,3,noisy_text[punctuation] + full_diagram,OK,∠B,has_measure,50_deg
25,3,noisy_text[punctuation] + full_diagram,OK,∠C,is_a,angle
25,3,noisy_text[punctuation] + full_diagram,OK,EF,connects,A
25,3,noisy_text[punctuation] + full_diagram,OK,EF,connects,F
25,3,noisy_text[punctuation] + full_diagram,OK,EF,connects,E
25,3,noisy_text[punctuation] + full_diagram,OK,BC,is_a,segment
25,3,noisy_text[punctuation] + full_diagram,OK,BC,connects,B
25,3,noisy_text[punctuation] + full_diagram,OK,BC,connects,C
25,3,noisy_text[punctuation] + full_diagram,OK,AB,is_a,segment
25,3,noisy_text[punctuation] + full_diagram,OK,AB,connects,A
25,3,noisy_text[punctuation] + full_diagram,OK,AB,connects,B
25,3,noisy_text[punctuation] + full_diagram,OK,AC,connects,A
25,3,noisy_text[punctuation] + full_diagram,OK,AC,connects,C
25,3,noisy_text[punctuation] + full_diagram,OK,BAF,is_a,angle
25,3,noisy_text[punctuation] + full_diagram,OK,BAF,connects,B
25,3,noisy_text[punctuation] + full_diagram,OK,BAF,connects,A
25,3,noisy_text[punctuation] + full_diagram,OK,BAF,connects,F
25,3,noisy_text[punctuation] + full_diagram,OK,∠C,connects,C
25,3,noisy_text[punctuation] + full_diagram,OK,∠C,connects,B
25,3,noisy_text[punctuation] + full_diagram,OK,∠C,connects,A
,,,,,,
26,3,noisy_text[punctuation] + full_diagram,OK,bamboo_pole,is_a,object
26,3,noisy_text[punctuation] + full_diagram,OK,bamboo_pole,has_measure,3.2_m
26,3,noisy_text[punctuation] + full_diagram,OK,flagpole,is_a,object
26,3,noisy_text[punctuation] + full_diagram,OK,flagpole_height,is_a,height
26,3,noisy_text[punctuation] + full_diagram,OK,flagpole,has_measure,?
26,3,noisy_text[punctuation] + full_diagram,OK,distance_between_bamboo_pole_and_point,is_a,distance
26,3,noisy_text[punctuation] + full_diagram,OK,distance_between_bamboo_pole_and_point,has_measure,8.0_m
26,3,noisy_text[punctuation] + full_diagram,OK,distance_between_flagpole_and_point,is_a,distance
26,3,noisy_text[punctuation] + full_diagram,OK,distance_between_flagpole_and_point,has_measure,22.0_m
26,3,noisy_text[punctuation] + full_diagram,OK,top_bamboo_pole,is_a,point
26,3,noisy_text[punctuation] + full_diagram,OK,top_flagpole,is_a,point
26,3,noisy_text[punctuation] + full_diagram,OK,shadow_top_flagpole,is_a,point
26,3,noisy_text[punctuation] + full_diagram,OK,top_bamboo_pole,lies_on,ground
26,3,noisy_text[punctuation] + full_diagram,OK,shadow_top_flagpole,lies_on,ground
26,3,noisy_text[punctuation] + full_diagram,OK,top_bamboo_pole,collinear_with,shadow_top_flagpole
26,3,noisy_text[punctuation] + full_diagram,OK,bamboo_pole,connects,top_bamboo_pole
26,3,noisy_text[punctuation] + full_diagram,OK,flagpole,connects,top_flagpole
26,3,noisy_text[punctuation] + full_diagram,OK,flagpole,connects,flagpole_base
26,3,noisy_text[punctuation] + full_diagram,OK,flagpole_base,lies_on,ground
26,3,noisy_text[punctuation] + full_diagram,OK,distance_between_bamboo_pole_and_point,connects,bamboo_pole
26,3,noisy_text[punctuation] + full_diagram,OK,distance_between_bamboo_pole_and_point,connects,point
26,3,noisy_text[punctuation] + full_diagram,OK,distance_between_flagpole_and_point,connects,flagpole
26,3,noisy_text[punctuation] + full_diagram,OK,distance_between_flagpole_and_point,connects,point
,,,,,,
29,3,noisy_text[punctuation] + full_diagram,OK,A,is_a,point
29,3,noisy_text[punctuation] + full_diagram,OK,B,is_a,point
29,3,noisy_text[punctuation] + full_diagram,OK,C,is_a,point
29,3,noisy_text[punctuation] + full_diagram,OK,D,is_a,point
29,3,noisy_text[punctuation] + full_diagram,OK,ABC,is_a,triangle
29,3,noisy_text[punctuation] + full_diagram,OK,BD,is_a,segment
29,3,noisy_text[punctuation] + full_diagram,OK,CD,is_a,segment
29,3,noisy_text[punctuation] + full_diagram,OK,D,is_a,intersection_point
29,3,noisy_text[punctuation] + full_diagram,OK,D,lies_on,BD
29,3,noisy_text[punctuation] + full_diagram,OK,D,lies_on,CD
29,3,noisy_text[punctuation] + full_diagram,OK,A,connects,B
29,3,noisy_text[punctuation] + full_diagram,OK,A,connects,C
29,3,noisy_text[punctuation] + full_diagram,OK,B,connects,C
29,3,noisy_text[punctuation] + full_diagram,OK,B,connects,D
29,3,noisy_text[punctuation] + full_diagram,OK,C,connects,D
29,3,noisy_text[punctuation] + full_diagram,OK,∠BAC,is_a,angle
29,3,noisy_text[punctuation] + full_diagram,OK,∠BAC,has_measure,50_deg
29,3,noisy_text[punctuation] + full_diagram,OK,∠BDC,is_a,angle
29,3,noisy_text[punctuation] + full_diagram,OK,∠BDC,has_measure,?
29,3,noisy_text[punctuation] + full_diagram,OK,∠BDC,is_a,query_target
,,,,,,
30,3,noisy_text[punctuation] + full_diagram,OK,O,is_a,point
30,3,noisy_text[punctuation] + full_diagram,OK,A,is_a,point
30,3,noisy_text[punctuation] + full_diagram,OK,B,is_a,point
30,3,noisy_text[punctuation] + full_diagram,OK,C,is_a,point
30,3,noisy_text[punctuation] + full_diagram,OK,OA,is_a,segment
30,3,noisy_text[punctuation] + full_diagram,OK,OB,is_a,segment
30,3,noisy_text[punctuation] + full_diagram,OK,OC,is_a,segment
30,3,noisy_text[punctuation] + full_diagram,OK,AC,is_a,segment
30,3,noisy_text[punctuation] + full_diagram,OK,AB,is_a,segment
30,3,noisy_text[punctuation] + full_diagram,OK,OA,has_measure,?
30,3,noisy_text[punctuation] + full_diagram,OK,OB,has_measure,?
30,3,noisy_text[punctuation] + full_diagram,OK,OC,has_measure,?
30,3,noisy_text[punctuation] + full_diagram,OK,OA,parallel_to,OB
30,3,noisy_text[punctuation] + full_diagram,OK,OA,parallel_to,OC
30,3,noisy_text[punctuation] + full_diagram,OK,OA,parallel_to,AB
30,3,noisy_text[punctuation] + full_diagram,OK,OA,parallel_to,AC
30,3,noisy_text[punctuation] + full_diagram,OK,OB,parallel_to,OC
30,3,noisy_text[punctuation] + full_diagram,OK,OB,parallel_to,AB
30,3,noisy_text[punctuation] + full_diagram,OK,OB,parallel_to,AC
30,3,noisy_text[punctuation] + full_diagram,OK,OC,parallel_to,AB
30,3,noisy_text[punctuation] + full_diagram,OK,OC,parallel_to,AC
30,3,noisy_text[punctuation] + full_diagram,OK,AB,parallel_to,AC
30,3,noisy_text[punctuation] + full_diagram,OK,OA,parallel_to,?
30,3,noisy_text[punctuation] + full_diagram,OK,OB,parallel_to,?
30,3,noisy_text[punctuation] + full_diagram,OK,OC,parallel_to,?
30,3,noisy_text[punctuation] + full_diagram,OK,AB,parallel_to,?
30,3,noisy_text[punctuation] + full_diagram,OK,AC,parallel_to,?
30,3,noisy_text[punctuation] + full_diagram,OK,∠ACB,is_a,angle
30,3,noisy_text[punctuation] + full_diagram,OK,∠ACB,has_measure,30_deg
30,3,noisy_text[punctuation] + full_diagram,OK,∠AOB,is_a,angle
30,3,noisy_text[punctuation] + full_diagram,OK,∠AOB,has_measure,?
,,,,,,
32,3,noisy_text[punctuation] + full_diagram,OK,A,is_a,point
32,3,noisy_text[punctuation] + full_diagram,OK,B,is_a,point
32,3,noisy_text[punctuation] + full_diagram,OK,C,is_a,point
32,3,noisy_text[punctuation] + full_diagram,OK,D,is_a,point
32,3,noisy_text[punctuation] + full_diagram,OK,E,is_a,point
32,3,noisy_text[punctuation] + full_diagram,OK,F,is_a,point
32,3,noisy_text[punctuation] + full_diagram,OK,I,is_a,point
32,3,noisy_text[punctuation] + full_diagram,OK,AB,is_a,segment
32,3,noisy_text[punctuation] + full_diagram,OK,BC,is_a,segment
32,3,noisy_text[punctuation] + full_diagram,OK,CA,is_a,segment
32,3,noisy_text[punctuation] + full_diagram,OK,DE,is_a,segment
32,3,noisy_text[punctuation] + full_diagram,OK,DF,is_a,segment
32,3,noisy_text[punctuation] + full_diagram,OK,E,is_a,segment
32,3,noisy_text[punctuation] + full_diagram,OK,F,is_a,segment
32,3,noisy_text[punctuation] + full_diagram,OK,DEF,is_a,triangle
32,3,noisy_text[punctuation] + full_diagram,OK,ABC,is_a,triangle
32,3,noisy_text[punctuation] + full_diagram,OK,I,is_a,circle
32,3,noisy_text[punctuation] + full_diagram,OK,∠DEF,is_a,angle
32,3,noisy_text[punctuation] + full_diagram,OK,∠DEF,has_measure,52_deg
32,3,noisy_text[punctuation] + full_diagram,OK,D,lies_on,AB
32,3,noisy_text[punctuation] + full_diagram,OK,E,lies_on,BC
32,3,noisy_text[punctuation] + full_diagram,OK,F,lies_on,CA
32,3,noisy_text[punctuation] + full_diagram,OK,I,center_of,circle
32,3,noisy_text[punctuation] + full_diagram,OK,I,lies_on,DEF
32,3,noisy_text[punctuation] + full_diagram,OK,I,lies_on,ABC
32,3,noisy_text[punctuation] + full_diagram,OK,D,tangent_to,circle
32,3,noisy_text[punctuation] + full_diagram,OK,E,tangent_to,circle
32,3,noisy_text[punctuation] + full_diagram,OK,F,tangent_to,circle
,,,,,,
34,3,noisy_text[punctuation] + full_diagram,OK,A,is_a,point
34,3,noisy_text[punctuation] + full_diagram,OK,B,is_a,point
34,3,noisy_text[punctuation] + full_diagram,OK,C,is_a,point
34,3,noisy_text[punctuation] + full_diagram,OK,D,is_a,point
34,3,noisy_text[punctuation] + full_diagram,OK,E,is_a,point
34,3,noisy_text[punctuation] + full_diagram,OK,F,is_a,point
34,3,noisy_text[punctuation] + full_diagram,OK,P,is_a,point
34,3,noisy_text[punctuation] + full_diagram,OK,Q,is_a,point
34,3,noisy_text[punctuation] + full_diagram,OK,AB,is_a,line
34,3,noisy_text[punctuation] + full_diagram,OK,CD,is_a,line
34,3,noisy_text[punctuation] + full_diagram,OK,EF,is_a,line
34,3,noisy_text[punctuation] + full_diagram,OK,AB,parallel_to,CD
34,3,noisy_text[punctuation] + full_diagram,OK,P,is_a,intersection
34,3,noisy_text[punctuation] + full_diagram,OK,Q,is_a,intersection
34,3,noisy_text[punctuation] + full_diagram,OK,EF,intersects,AB
34,3,noisy_text[punctuation] + full_diagram,OK,EF,intersects,CD
34,3,noisy_text[punctuation] + full_diagram,OK,∠BPF,is_a,angle
34,3,noisy_text[punctuation] + full_diagram,OK,∠BPF,has_measure,100_deg
34,3,noisy_text[punctuation] + full_diagram,OK,∠CQF,is_a,angle
34,3,noisy_text[punctuation] + full_diagram,OK,∠CQF,has_measure,?
,,,,,,
36,3,noisy_text[punctuation] + full_diagram,OK,O,is_a,circle
36,3,noisy_text[punctuation] + full_diagram,OK,AB,is_a,diameter
36,3,noisy_text[punctuation] + full_diagram,OK,AB,lies_on,O
36,3,noisy_text[punctuation] + full_diagram,OK,C,is_a,point
36,3,noisy_text[punctuation] + full_diagram,OK,C,lies_on,O
36,3,noisy_text[punctuation] + full_diagram,OK,AB,connects,D
36,3,noisy_text[punctuation] + full_diagram,OK,D,is_a,point
36,3,noisy_text[punctuation] + full_diagram,OK,DC,is_a,line
36,3,noisy_text[punctuation] + full_diagram,OK,DB,is_a,line
36,3,noisy_text[punctuation] + full_diagram,OK,∠CDB,has_measure,50_deg
36,3,noisy_text[punctuation] + full_diagram,OK,AC,is_a,segment
36,3,noisy_text[punctuation] + full_diagram,OK,∠BAC,is_a,angle
36,3,noisy_text[punctuation] + full_diagram,OK,CD,is_a,tangent
36,3,noisy_text[punctuation] + full_diagram,OK,CD,tangent_to,O
,,,,,,
37,3,noisy_text[punctuation] + full_diagram,OK,AB,is_a,line
37,3,noisy_text[punctuation] + full_diagram,OK,CD,is_a,line
37,3,noisy_text[punctuation] + full_diagram,OK,AB,parallel_to,CD
37,3,noisy_text[punctuation] + full_diagram,OK,AB,intersects,transversal
37,3,noisy_text[punctuation] + full_diagram,OK,CD,intersects,transversal
37,3,noisy_text[punctuation] + full_diagram,OK,transversal,intersects,"AB, at, O"
37,3,noisy_text[punctuation] + full_diagram,OK,transversal,intersects,"CD, at, C"
37,3,noisy_text[punctuation] + full_diagram,OK,P,is_a,point
37,3,noisy_text[punctuation] + full_diagram,OK,C,is_a,point
37,3,noisy_text[punctuation] + full_diagram,OK,O,is_a,point
37,3,noisy_text[punctuation] + full_diagram,OK,A,is_a,point
37,3,noisy_text[punctuation] + full_diagram,OK,AP,is_a,segment
37,3,noisy_text[punctuation] + full_diagram,OK,AO,has_measure,OP
37,3,noisy_text[punctuation] + full_diagram,OK,OCD,has_measure,50_deg
37,3,noisy_text[punctuation] + full_diagram,OK,C,collinear_with,O
37,3,noisy_text[punctuation] + full_diagram,OK,C,collinear_with,P
37,3,noisy_text[punctuation] + full_diagram,OK,O,collinear_with,P
37,3,noisy_text[punctuation] + full_diagram,OK,A,lies_on,AB
37,3,noisy_text[punctuation] + full_diagram,OK,transversal,extends,P
,,,,,,
38,3,noisy_text[punctuation] + full_diagram,OK,A,is_a,point
38,3,noisy_text[punctuation] + full_diagram,OK,B,is_a,point
38,3,noisy_text[punctuation] + full_diagram,OK,C,is_a,point
38,3,noisy_text[punctuation] + full_diagram,OK,D,is_a,point
38,3,noisy_text[punctuation] + full_diagram,OK,AB,is_a,segment
38,3,noisy_text[punctuation] + full_diagram,OK,AC,is_a,segment
38,3,noisy_text[punctuation] + full_diagram,OK,AD,is_a,segment
38,3,noisy_text[punctuation] + full_diagram,OK,ABC,is_a,triangle
38,3,noisy_text[punctuation] + full_diagram,OK,AB,connects,A
38,3,noisy_text[punctuation] + full_diagram,OK,AB,connects,B
38,3,noisy_text[punctuation] + full_diagram,OK,AC,connects,A
38,3,noisy_text[punctuation] + full_diagram,OK,AC,connects,C
38,3,noisy_text[punctuation] + full_diagram,OK,AD,connects,A
38,3,noisy_text[punctuation] + full_diagram,OK,AD,connects,D
38,3,noisy_text[punctuation] + full_diagram,OK,AD,parallel_to,BC
38,3,noisy_text[punctuation] + full_diagram,OK,∠CAD,is_a,angle
38,3,noisy_text[punctuation] + full_diagram,OK,∠CAD,has_measure,70_deg
38,3,noisy_text[punctuation] + full_diagram,OK,∠BAC,is_a,angle
38,3,noisy_text[punctuation] + full_diagram,OK,AB,has_measure,?
38,3,noisy_text[punctuation] + full_diagram,OK,AC,has_measure,?
38,3,noisy_text[punctuation] + full_diagram,OK,AD,has_measure,?
38,3,noisy_text[punctuation] + full_diagram,OK,BC,is_a,segment
38,3,noisy_text[punctuation] + full_diagram,OK,BC,has_measure,?
,,,,,,
40,3,noisy_text[punctuation] + full_diagram,OK,a,is_a,line
40,3,noisy_text[punctuation] + full_diagram,OK,b,is_a,line
40,3,noisy_text[punctuation] + full_diagram,OK,c,is_a,line
40,3,noisy_text[punctuation] + full_diagram,OK,a,parallel_to,b
40,3,noisy_text[punctuation] + full_diagram,OK,a,intersects,c
40,3,noisy_text[punctuation] + full_diagram,OK,b,intersects,c
40,3,noisy_text[punctuation] + full_diagram,OK,E,is_a,point
40,3,noisy_text[punctuation] + full_diagram,OK,F,is_a,point
40,3,noisy_text[punctuation] + full_diagram,OK,A,is_a,point
40,3,noisy_text[punctuation] + full_diagram,OK,B,is_a,point
40,3,noisy_text[punctuation] + full_diagram,OK,C,is_a,point
40,3,noisy_text[punctuation] + full_diagram,OK,D,is_a,point
40,3,noisy_text[punctuation] + full_diagram,OK,E,lies_on,a
40,3,noisy_text[punctuation] + full_diagram,OK,E,lies_on,c
40,3,noisy_text[punctuation] + full_diagram,OK,F,lies_on,b
40,3,noisy_text[punctuation] + full_diagram,OK,F,lies_on,c
40,3,noisy_text[punctuation] + full_diagram,OK,A,lies_on,a
40,3,noisy_text[punctuation] + full_diagram,OK,B,lies_on,b
40,3,noisy_text[punctuation] + full_diagram,OK,C,lies_on,c
40,3,noisy_text[punctuation] + full_diagram,OK,D,lies_on,c
40,3,noisy_text[punctuation] + full_diagram,OK,AEC,is_a,angle
40,3,noisy_text[punctuation] + full_diagram,OK,AEC,has_measure,50_deg
40,3,noisy_text[punctuation] + full_diagram,OK,?,is_a,angle
,,,,,,
43,3,noisy_text[punctuation] + full_diagram,OK,A,is_a,point
43,3,noisy_text[punctuation] + full_diagram,OK,B,is_a,point
43,3,noisy_text[punctuation] + full_diagram,OK,O,is_a,point
43,3,noisy_text[punctuation] + full_diagram,OK,D,is_a,point
43,3,noisy_text[punctuation] + full_diagram,OK,C,is_a,point
43,3,noisy_text[punctuation] + full_diagram,OK,OAB,is_a,triangle
43,3,noisy_text[punctuation] + full_diagram,OK,A,mapped_to,D
43,3,noisy_text[punctuation] + full_diagram,OK,B,mapped_to,C
43,3,noisy_text[punctuation] + full_diagram,OK,OD,is_a,segment
43,3,noisy_text[punctuation] + full_diagram,OK,OC,is_a,segment
43,3,noisy_text[punctuation] + full_diagram,OK,OA,is_a,segment
43,3,noisy_text[punctuation] + full_diagram,OK,OB,is_a,segment
43,3,noisy_text[punctuation] + full_diagram,OK,OAB,rotated_about,O
43,3,noisy_text[punctuation] + full_diagram,OK,OAB,rotated_about,30_deg
43,3,noisy_text[punctuation] + full_diagram,OK,AOC,is_a,angle
43,3,noisy_text[punctuation] + full_diagram,OK,AOC,has_measure,100_deg
43,3,noisy_text[punctuation] + full_diagram,OK,DOB,is_a,angle
,,,,,,
44,3,noisy_text[punctuation] + full_diagram,OK,A,is_a,point
44,3,noisy_text[punctuation] + full_diagram,OK,B,is_a,point
44,3,noisy_text[punctuation] + full_diagram,OK,A,is_a,street_lamp
44,3,noisy_text[punctuation] + full_diagram,OK,B,is_a,street_lamp
,,,,,,
45,3,noisy_text[punctuation] + full_diagram,OK,O,is_a,circle
45,3,noisy_text[punctuation] + full_diagram,OK,A,is_a,point
45,3,noisy_text[punctuation] + full_diagram,OK,B,is_a,point
45,3,noisy_text[punctuation] + full_diagram,OK,C,is_a,point
45,3,noisy_text[punctuation] + full_diagram,OK,A,lies_on,O
45,3,noisy_text[punctuation] + full_diagram,OK,B,lies_on,O
45,3,noisy_text[punctuation] + full_diagram,OK,C,lies_on,O
45,3,noisy_text[punctuation] + full_diagram,OK,O,center_of,O
45,3,noisy_text[punctuation] + full_diagram,OK,AO,is_a,segment
45,3,noisy_text[punctuation] + full_diagram,OK,BO,is_a,segment
45,3,noisy_text[punctuation] + full_diagram,OK,AC,is_a,segment
45,3,noisy_text[punctuation] + full_diagram,OK,BC,is_a,segment
45,3,noisy_text[punctuation] + full_diagram,OK,∠ACB,is_a,angle
45,3,noisy_text[punctuation] + full_diagram,OK,∠ACB,has_measure,35_deg
45,3,noisy_text[punctuation] + full_diagram,OK,∠AOB,is_a,angle
45,3,noisy_text[punctuation] + full_diagram,OK,∠AOB,has_measure,?
,,,,,,
46,3,noisy_text[punctuation] + full_diagram,OK,A,is_a,point
46,3,noisy_text[punctuation] + full_diagram,OK,B,is_a,point
46,3,noisy_text[punctuation] + full_diagram,OK,C,is_a,point
46,3,noisy_text[punctuation] + full_diagram,OK,D,is_a,point
46,3,noisy_text[punctuation] + full_diagram,OK,AB,is_a,line
46,3,noisy_text[punctuation] + full_diagram,OK,CD,is_a,line
46,3,noisy_text[punctuation] + full_diagram,OK,AB,parallel_to,CD
46,3,noisy_text[punctuation] + full_diagram,OK,transversal,is_a,line
46,3,noisy_text[punctuation] + full_diagram,OK,transversal,intersects,AB
46,3,noisy_text[punctuation] + full_diagram,OK,transversal,intersects,CD
46,3,noisy_text[punctuation] + full_diagram,OK,A,lies_on,AB
46,3,noisy_text[punctuation] + full_diagram,OK,C,lies_on,CD
46,3,noisy_text[punctuation] + full_diagram,OK,angle,is_a,angle
46,3,noisy_text[punctuation] + full_diagram,OK,angle,has_measure,70_deg
46,3,noisy_text[punctuation] + full_diagram,OK,angle1,is_a,angle
46,3,noisy_text[punctuation] + full_diagram,OK,angle1,has_measure,?
46,3,noisy_text[punctuation] + full_diagram,OK,transversal,intersects,"AB, at, A"
46,3,noisy_text[punctuation] + full_diagram,OK,transversal,intersects,"CD, at, C"
46,3,noisy_text[punctuation] + full_diagram,OK,angle,formed_by,"transversal, AB"
46,3,noisy_text[punctuation] + full_diagram,OK,angle1,formed_by,"transversal, CD"
,,,,,,
48,3,noisy_text[punctuation] + full_diagram,OK,A,is_a,point
48,3,noisy_text[punctuation] + full_diagram,OK,B,is_a,point
48,3,noisy_text[punctuation] + full_diagram,OK,C,is_a,point
48,3,noisy_text[punctuation] + full_diagram,OK,O,is_a,point
48,3,noisy_text[punctuation] + full_diagram,OK,A,lies_on,circle
48,3,noisy_text[punctuation] + full_diagram,OK,B,lies_on,circle
48,3,noisy_text[punctuation] + full_diagram,OK,C,lies_on,circle
48,3,noisy_text[punctuation] + full_diagram,OK,O,center_of,circle
48,3,noisy_text[punctuation] + full_diagram,OK,∠BOC,is_a,angle
48,3,noisy_text[punctuation] + full_diagram,OK,∠BOC,has_measure,100_deg
48,3,noisy_text[punctuation] + full_diagram,OK,∠BAC,is_a,angle
48,3,noisy_text[punctuation] + full_diagram,OK,∠BAC,has_measure,?
48,3,noisy_text[punctuation] + full_diagram,OK,∠BOC,connects,"B, O, C"
48,3,noisy_text[punctuation] + full_diagram,OK,∠BAC,connects,"B, A, C"
,,,,,,
49,3,noisy_text[punctuation] + full_diagram,OK,A,is_a,point
49,3,noisy_text[punctuation] + full_diagram,OK,B,is_a,point
49,3,noisy_text[punctuation] + full_diagram,OK,C,is_a,point
49,3,noisy_text[punctuation] + full_diagram,OK,D,is_a,point
49,3,noisy_text[punctuation] + full_diagram,OK,E,is_a,point
49,3,noisy_text[punctuation] + full_diagram,OK,O,is_a,point
49,3,noisy_text[punctuation] + full_diagram,OK,ABCDE,is_a,cyclic_pentagon
49,3,noisy_text[punctuation] + full_diagram,OK,A,lies_on,ABCDE
49,3,noisy_text[punctuation] + full_diagram,OK,B,lies_on,ABCDE
49,3,noisy_text[punctuation] + full_diagram,OK,C,lies_on,ABCDE
49,3,noisy_text[punctuation] + full_diagram,OK,D,lies_on,ABCDE
49,3,noisy_text[punctuation] + full_diagram,OK,E,lies_on,ABCDE
49,3,noisy_text[punctuation] + full_diagram,OK,O,center_of,ABCDE
49,3,noisy_text[punctuation] + full_diagram,OK,∠BAC,has_measure,35_deg
49,3,noisy_text[punctuation] + full_diagram,OK,∠AED,has_measure,115_deg
49,3,noisy_text[punctuation] + full_diagram,OK,∠BAE,has_measure,30_deg
49,3,noisy_text[punctuation] + full_diagram,OK,∠ABC,is_a,angle
49,3,noisy_text[punctuation] + full_diagram,OK,∠ABC,has_measure,?
,,,,,,
50,3,noisy_text[punctuation] + full_diagram,OK,A,is_a,point
50,3,noisy_text[punctuation] + full_diagram,OK,B,is_a,point
50,3,noisy_text[punctuation] + full_diagram,OK,C,is_a,point
50,3,noisy_text[punctuation] + full_diagram,OK,D,is_a,point
50,3,noisy_text[punctuation] + full_diagram,OK,E,is_a,point
50,3,noisy_text[punctuation] + full_diagram,OK,O,is_a,point
50,3,noisy_text[punctuation] + full_diagram,OK,AB,is_a,segment
50,3,noisy_text[punctuation] + full_diagram,OK,CD,is_a,segment
50,3,noisy_text[punctuation] + full_diagram,OK,EO,is_a,segment
50,3,noisy_text[punctuation] + full_diagram,OK,∠BOD,is_a,angle
50,3,noisy_text[punctuation] + full_diagram,OK,∠COE,is_a,angle
50,3,noisy_text[punctuation] + full_diagram,OK,AB,intersects,CD
50,3,noisy_text[punctuation] + full_diagram,OK,AB,intersects,EO
50,3,noisy_text[punctuation] + full_diagram,OK,CD,intersects,AB
50,3,noisy_text[punctuation] + full_diagram,OK,EO,intersects,AB
50,3,noisy_text[punctuation] + full_diagram,OK,AB,connects,A
50,3,noisy_text[punctuation] + full_diagram,OK,AB,connects,B
50,3,noisy_text[punctuation] + full_diagram,OK,CD,connects,C
50,3,noisy_text[punctuation] + full_diagram,OK,CD,connects,D
50,3,noisy_text[punctuation] + full_diagram,OK,EO,connects,E
50,3,noisy_text[punctuation] + full_diagram,OK,EO,connects,O
50,3,noisy_text[punctuation] + full_diagram,OK,∠BOD,has_measure,50_deg
50,3,noisy_text[punctuation] + full_diagram,OK,EO,perpendicular_to,AB
,,,,,,
53,3,noisy_text[punctuation] + full_diagram,OK,AB,is_a,line
53,3,noisy_text[punctuation] + full_diagram,OK,CD,is_a,line
53,3,noisy_text[punctuation] + full_diagram,OK,AB,parallel_to,CD
53,3,noisy_text[punctuation] + full_diagram,OK,transversal,is_a,line
53,3,noisy_text[punctuation] + full_diagram,OK,transversal,intersects,AB
53,3,noisy_text[punctuation] + full_diagram,OK,transversal,intersects,CD
53,3,noisy_text[punctuation] + full_diagram,OK,E,lies_on,AB
53,3,noisy_text[punctuation] + full_diagram,OK,F,lies_on,CD
53,3,noisy_text[punctuation] + full_diagram,OK,C,lies_on,transversal
53,3,noisy_text[punctuation] + full_diagram,OK,D,lies_on,transversal
53,3,noisy_text[punctuation] + full_diagram,OK,C,lies_above,E
53,3,noisy_text[punctuation] + full_diagram,OK,D,lies_below,F
53,3,noisy_text[punctuation] + full_diagram,OK,AEC,is_a,angle
53,3,noisy_text[punctuation] + full_diagram,OK,AEC,has_measure,55_deg
53,3,noisy_text[punctuation] + full_diagram,OK,B,lies_on,CD
53,3,noisy_text[punctuation] + full_diagram,OK,BFD,is_a,angle
53,3,noisy_text[punctuation] + full_diagram,OK,BFD,is_a,query_target
,,,,,,
55,3,noisy_text[punctuation] + full_diagram,OK,A,is_a,point
55,3,noisy_text[punctuation] + full_diagram,OK,B,is_a,point
55,3,noisy_text[punctuation] + full_diagram,OK,AB,is_a,line
55,3,noisy_text[punctuation] + full_diagram,OK,C,is_a,point
55,3,noisy_text[punctuation] + full_diagram,OK,D,is_a,point
55,3,noisy_text[punctuation] + full_diagram,OK,CD,is_a,line
55,3,noisy_text[punctuation] + full_diagram,OK,O,is_a,point
55,3,noisy_text[punctuation] + full_diagram,OK,AB,intersects,CD
55,3,noisy_text[punctuation] + full_diagram,OK,AB,intersects,O
55,3,noisy_text[punctuation] + full_diagram,OK,CD,intersects,O
55,3,noisy_text[punctuation] + full_diagram,OK,AOC,is_a,angle
55,3,noisy_text[punctuation] + full_diagram,OK,OM,is_a,line
55,3,noisy_text[punctuation] + full_diagram,OK,OM,bisects,AOC
55,3,noisy_text[punctuation] + full_diagram,OK,ON,is_a,line
55,3,noisy_text[punctuation] + full_diagram,OK,ON,perpendicular_to,OM
55,3,noisy_text[punctuation] + full_diagram,OK,AOC,has_measure,70_deg
55,3,noisy_text[punctuation] + full_diagram,OK,CON,is_a,angle
55,3,noisy_text[punctuation] + full_diagram,OK,CON,has_measure,?
,,,,,,
56,3,noisy_text[punctuation] + full_diagram,OK,O,is_a,circle
56,3,noisy_text[punctuation] + full_diagram,OK,CD,is_a,diameter
56,3,noisy_text[punctuation] + full_diagram,OK,CD,center_of,O
56,3,noisy_text[punctuation] + full_diagram,OK,EF,is_a,chord
56,3,noisy_text[punctuation] + full_diagram,OK,CD,intersects,EF
56,3,noisy_text[punctuation] + full_diagram,OK,G,is_a,point
56,3,noisy_text[punctuation] + full_diagram,OK,EF,intersects,"CD, at, G"
56,3,noisy_text[punctuation] + full_diagram,OK,G,is_a,midpoint
56,3,noisy_text[punctuation] + full_diagram,OK,G,is_a,"midpoint, of, EF"
56,3,noisy_text[punctuation] + full_diagram,OK,C,is_a,point
56,3,noisy_text[punctuation] + full_diagram,OK,E,is_a,point
56,3,noisy_text[punctuation] + full_diagram,OK,F,is_a,point
56,3,noisy_text[punctuation] + full_diagram,OK,C,lies_on,O
56,3,noisy_text[punctuation] + full_diagram,OK,E,lies_on,O
56,3,noisy_text[punctuation] + full_diagram,OK,F,lies_on,O
56,3,noisy_text[punctuation] + full_diagram,OK,∠DCF,is_a,angle
56,3,noisy_text[punctuation] + full_diagram,OK,∠DCF,has_measure,20_deg
56,3,noisy_text[punctuation] + full_diagram,OK,∠EOD,is_a,angle
56,3,noisy_text[punctuation] + full_diagram,OK,∠EOD,has_measure,?
,,,,,,
57,3,noisy_text[punctuation] + full_diagram,OK,A,is_a,point
57,3,noisy_text[punctuation] + full_diagram,OK,B,is_a,point
57,3,noisy_text[punctuation] + full_diagram,OK,C,is_a,point
57,3,noisy_text[punctuation] + full_diagram,OK,D,is_a,point
57,3,noisy_text[punctuation] + full_diagram,OK,E,is_a,point
57,3,noisy_text[punctuation] + full_diagram,OK,AB,is_a,segment
57,3,noisy_text[punctuation] + full_diagram,OK,CD,is_a,segment
57,3,noisy_text[punctuation] + full_diagram,OK,AD,is_a,segment
57,3,noisy_text[punctuation] + full_diagram,OK,BC,is_a,segment
57,3,noisy_text[punctuation] + full_diagram,OK,∠ABC,is_a,angle
57,3,noisy_text[punctuation] + full_diagram,OK,∠DCB,is_a,angle
57,3,noisy_text[punctuation] + full_diagram,OK,AB,parallel_to,CD
57,3,noisy_text[punctuation] + full_diagram,OK,A,lies_on,AB
57,3,noisy_text[punctuation] + full_diagram,OK,B,lies_on,AB
57,3,noisy_text[punctuation] + full_diagram,OK,C,lies_on,CD
57,3,noisy_text[punctuation] + full_diagram,OK,D,lies_on,CD
57,3,noisy_text[punctuation] + full_diagram,OK,AD,intersects,BC
57,3,noisy_text[punctuation] + full_diagram,OK,AD,intersects,AB
57,3,noisy_text[punctuation] + full_diagram,OK,AD,intersects,CD
57,3,noisy_text[punctuation] + full_diagram,OK,BC,intersects,AD
57,3,noisy_text[punctuation] + full_diagram,OK,BC,intersects,AB
57,3,noisy_text[punctuation] + full_diagram,OK,BC,intersects,CD
57,3,noisy_text[punctuation] + full_diagram,OK,AB,connects,A
57,3,noisy_text[punctuation] + full_diagram,OK,AB,connects,B
57,3,noisy_text[punctuation] + full_diagram,OK,CD,connects,C
57,3,noisy_text[punctuation] + full_diagram,OK,CD,connects,D
57,3,noisy_text[punctuation] + full_diagram,OK,AD,connects,A
57,3,noisy_text[punctuation] + full_diagram,OK,AD,connects,D
57,3,noisy_text[punctuation] + full_diagram,OK,BC,connects,B
57,3,noisy_text[punctuation] + full_diagram,OK,BC,connects,C
57,3,noisy_text[punctuation] + full_diagram,OK,∠ABC,has_measure,20_deg
,,,,,,
58,3,noisy_text[punctuation] + full_diagram,OK,A,is_a,point
58,3,noisy_text[punctuation] + full_diagram,OK,B,is_a,point
58,3,noisy_text[punctuation] + full_diagram,OK,C,is_a,point
58,3,noisy_text[punctuation] + full_diagram,OK,D,is_a,point
58,3,noisy_text[punctuation] + full_diagram,OK,E,is_a,point
58,3,noisy_text[punctuation] + full_diagram,OK,AB,is_a,segment
58,3,noisy_text[punctuation] + full_diagram,OK,CD,is_a,segment
58,3,noisy_text[punctuation] + full_diagram,OK,EC,is_a,segment
58,3,noisy_text[punctuation] + full_diagram,OK,ED,is_a,segment
58,3,noisy_text[punctuation] + full_diagram,OK,∠CED,is_a,angle
58,3,noisy_text[punctuation] + full_diagram,OK,∠AEC,is_a,angle
58,3,noisy_text[punctuation] + full_diagram,OK,∠CDE,is_a,angle
58,3,noisy_text[punctuation] + full_diagram,OK,AB,parallel_to,CD
58,3,noisy_text[punctuation] + full_diagram,OK,E,lies_on,AB
58,3,noisy_text[punctuation] + full_diagram,OK,C,lies_on,CD
58,3,noisy_text[punctuation] + full_diagram,OK,D,lies_on,CD
58,3,noisy_text[punctuation] + full_diagram,OK,∠CED,has_measure,90_deg
58,3,noisy_text[punctuation] + full_diagram,OK,∠AEC,has_measure,35_deg
58,3,noisy_text[punctuation] + full_diagram,OK,A,collinear_with,E
58,3,noisy_text[punctuation] + full_diagram,OK,E,collinear_with,B
58,3,noisy_text[punctuation] + full_diagram,OK,∠CDE,is_a,query_target
,,,,,,
59,3,noisy_text[punctuation] + full_diagram,OK,A,is_a,point
59,3,noisy_text[punctuation] + full_diagram,OK,B,is_a,point
59,3,noisy_text[punctuation] + full_diagram,OK,C,is_a,point
59,3,noisy_text[punctuation] + full_diagram,OK,D,is_a,point
59,3,noisy_text[punctuation] + full_diagram,OK,AB,is_a,segment
59,3,noisy_text[punctuation] + full_diagram,OK,CD,is_a,segment
59,3,noisy_text[punctuation] + full_diagram,OK,AC,is_a,segment
59,3,noisy_text[punctuation] + full_diagram,OK,AD,is_a,segment
59,3,noisy_text[punctuation] + full_diagram,OK,AB,parallel_to,CD
59,3,noisy_text[punctuation] + full_diagram,OK,A,lies_on,AB
59,3,noisy_text[punctuation] + full_diagram,OK,B,lies_on,AB
59,3,noisy_text[punctuation] + full_diagram,OK,C,lies_on,CD
59,3,noisy_text[punctuation] + full_diagram,OK,D,lies_on,CD
59,3,noisy_text[punctuation] + full_diagram,OK,AD,bisects,∠BAC
59,3,noisy_text[punctuation] + full_diagram,OK,∠ACD,has_measure,80_deg
59,3,noisy_text[punctuation] + full_diagram,OK,∠CDA,has_measure,?
,,,,,,
60,3,noisy_text[punctuation] + full_diagram,OK,A,is_a,point
60,3,noisy_text[punctuation] + full_diagram,OK,B,is_a,point
60,3,noisy_text[punctuation] + full_diagram,OK,C,is_a,point
60,3,noisy_text[punctuation] + full_diagram,OK,D,is_a,point
60,3,noisy_text[punctuation] + full_diagram,OK,AB,is_a,segment
60,3,noisy_text[punctuation] + full_diagram,OK,CD,is_a,segment
60,3,noisy_text[punctuation] + full_diagram,OK,AB,parallel_to,CD
60,3,noisy_text[punctuation] + full_diagram,OK,∠2,is_a,angle
60,3,noisy_text[punctuation] + full_diagram,OK,∠2,has_measure,135_deg
60,3,noisy_text[punctuation] + full_diagram,OK,∠1,is_a,angle
60,3,noisy_text[punctuation] + full_diagram,OK,∠1,has_measure,?
60,3,noisy_text[punctuation] + full_diagram,OK,AB,intersects,CD
60,3,noisy_text[punctuation] + full_diagram,OK,AB,connects,A
60,3,noisy_text[punctuation] + full_diagram,OK,AB,connects,B
60,3,noisy_text[punctuation] + full_diagram,OK,CD,connects,C
60,3,noisy_text[punctuation] + full_diagram,OK,CD,connects,D
,,,,,,
64,3,noisy_text[punctuation] + full_diagram,OK,tank,is_a,oil_tank
64,3,noisy_text[punctuation] + full_diagram,OK,tank,is_a,cylindrical
64,3,noisy_text[punctuation] + full_diagram,OK,tank,has_measure,200_units
64,3,noisy_text[punctuation] + full_diagram,OK,AB,is_a,chord
64,3,noisy_text[punctuation] + full_diagram,OK,AB,has_measure,160_units
64,3,noisy_text[punctuation] + full_diagram,OK,O,is_a,point
64,3,noisy_text[punctuation] + full_diagram,OK,O,center_of,tank
64,3,noisy_text[punctuation] + full_diagram,OK,AB,connects,A
64,3,noisy_text[punctuation] + full_diagram,OK,AB,connects,B
64,3,noisy_text[punctuation] + full_diagram,OK,A,is_a,point
64,3,noisy_text[punctuation] + full_diagram,OK,B,is_a,point
64,3,noisy_text[punctuation] + full_diagram,OK,O,lies_on,AB
64,3,noisy_text[punctuation] + full_diagram,OK,depth,is_a,?
,,,,,,
72,3,noisy_text[punctuation] + full_diagram,OK,A,is_a,point
72,3,noisy_text[punctuation] + full_diagram,OK,B,is_a,point
72,3,noisy_text[punctuation] + full_diagram,OK,C,is_a,point
72,3,noisy_text[punctuation] + full_diagram,OK,D,is_a,point
72,3,noisy_text[punctuation] + full_diagram,OK,E,is_a,point
72,3,noisy_text[punctuation] + full_diagram,OK,O,is_a,point
72,3,noisy_text[punctuation] + full_diagram,OK,AB,is_a,segment
72,3,noisy_text[punctuation] + full_diagram,OK,BC,is_a,segment
72,3,noisy_text[punctuation] + full_diagram,OK,CD,is_a,segment
72,3,noisy_text[punctuation] + full_diagram,OK,DA,is_a,segment
72,3,noisy_text[punctuation] + full_diagram,OK,AC,is_a,segment
72,3,noisy_text[punctuation] + full_diagram,OK,BD,is_a,segment
72,3,noisy_text[punctuation] + full_diagram,OK,EO,is_a,segment
72,3,noisy_text[punctuation] + full_diagram,OK,AB,has_measure,?
72,3,noisy_text[punctuation] + full_diagram,OK,BC,has_measure,?
72,3,noisy_text[punctuation] + full_diagram,OK,CD,has_measure,?
72,3,noisy_text[punctuation] + full_diagram,OK,DA,has_measure,?
72,3,noisy_text[punctuation] + full_diagram,OK,AB + BC + CD + DA,has_measure,16_units
72,3,noisy_text[punctuation] + full_diagram,OK,ABCD,is_a,parallelogram
72,3,noisy_text[punctuation] + full_diagram,OK,AC,intersects,BD
72,3,noisy_text[punctuation] + full_diagram,OK,AC,intersects,O
72,3,noisy_text[punctuation] + full_diagram,OK,BD,intersects,O
72,3,noisy_text[punctuation] + full_diagram,OK,EO,perpendicular_to,AC
72,3,noisy_text[punctuation] + full_diagram,OK,EO,intersects,AD
72,3,noisy_text[punctuation] + full_diagram,OK,EO,intersects,E
72,3,noisy_text[punctuation] + full_diagram,OK,perimeter_of_DCE,is_a,query_target
,,,,,,
73,3,noisy_text[punctuation] + full_diagram,OK,A,is_a,point
73,3,noisy_text[punctuation] + full_diagram,OK,B,is_a,point
73,3,noisy_text[punctuation] + full_diagram,OK,C,is_a,point
73,3,noisy_text[punctuation] + full_diagram,OK,O,is_a,point
73,3,noisy_text[punctuation] + full_diagram,OK,AB,is_a,segment
73,3,noisy_text[punctuation] + full_diagram,OK,BC,is_a,segment
73,3,noisy_text[punctuation] + full_diagram,OK,CA,is_a,segment
73,3,noisy_text[punctuation] + full_diagram,OK,AO,is_a,segment
73,3,noisy_text[punctuation] + full_diagram,OK,BO,is_a,segment
73,3,noisy_text[punctuation] + full_diagram,OK,CO,is_a,segment
73,3,noisy_text[punctuation] + full_diagram,OK,ABC,is_a,triangle
73,3,noisy_text[punctuation] + full_diagram,OK,O,is_a,circle
73,3,noisy_text[punctuation] + full_diagram,OK,A,lies_on,O
73,3,noisy_text[punctuation] + full_diagram,OK,B,lies_on,O
73,3,noisy_text[punctuation] + full_diagram,OK,C,lies_on,O
73,3,noisy_text[punctuation] + full_diagram,OK,AB,connects,A
73,3,noisy_text[punctuation] + full_diagram,OK,AB,connects,B
73,3,noisy_text[punctuation] + full_diagram,OK,BC,connects,B
73,3,noisy_text[punctuation] + full_diagram,OK,BC,connects,C
73,3,noisy_text[punctuation] + full_diagram,OK,CA,connects,C
73,3,noisy_text[punctuation] + full_diagram,OK,CA,connects,A
73,3,noisy_text[punctuation] + full_diagram,OK,AO,connects,A
73,3,noisy_text[punctuation] + full_diagram,OK,AO,connects,O
73,3,noisy_text[punctuation] + full_diagram,OK,BO,connects,B
73,3,noisy_text[punctuation] + full_diagram,OK,BO,connects,O
73,3,noisy_text[punctuation] + full_diagram,OK,CO,connects,C
73,3,noisy_text[punctuation] + full_diagram,OK,CO,connects,O
73,3,noisy_text[punctuation] + full_diagram,OK,∠ABC,has_measure,70_deg
73,3,noisy_text[punctuation] + full_diagram,OK,O,center_of,O
73,3,noisy_text[punctuation] + full_diagram,OK,ABC,inscribed_in,O
73,3,noisy_text[punctuation] + full_diagram,OK,∠AOC,has_measure,?
,,,,,,
78,3,noisy_text[punctuation] + full_diagram,OK,A,is_a,point
78,3,noisy_text[punctuation] + full_diagram,OK,B,is_a,point
78,3,noisy_text[punctuation] + full_diagram,OK,C,is_a,point
78,3,noisy_text[punctuation] + full_diagram,OK,D,is_a,point
78,3,noisy_text[punctuation] + full_diagram,OK,E,is_a,point
78,3,noisy_text[punctuation] + full_diagram,OK,AB,is_a,segment
78,3,noisy_text[punctuation] + full_diagram,OK,CD,is_a,segment
78,3,noisy_text[punctuation] + full_diagram,OK,AC,is_a,segment
78,3,noisy_text[punctuation] + full_diagram,OK,AE,is_a,segment
78,3,noisy_text[punctuation] + full_diagram,OK,ACE,is_a,triangle
78,3,noisy_text[punctuation] + full_diagram,OK,∠ACE,is_a,angle
78,3,noisy_text[punctuation] + full_diagram,OK,∠AED,is_a,angle
78,3,noisy_text[punctuation] + full_diagram,OK,AB,parallel_to,CD
78,3,noisy_text[punctuation] + full_diagram,OK,A,lies_on,AB
78,3,noisy_text[punctuation] + full_diagram,OK,B,lies_on,AB
78,3,noisy_text[punctuation] + full_diagram,OK,C,lies_on,CD
78,3,noisy_text[punctuation] + full_diagram,OK,E,lies_on,CD
78,3,noisy_text[punctuation] + full_diagram,OK,D,lies_on,CD
78,3,noisy_text[punctuation] + full_diagram,OK,AC,connects,"A, C"
78,3,noisy_text[punctuation] + full_diagram,OK,AE,connects,"A, E"
78,3,noisy_text[punctuation] + full_diagram,OK,CD,connects,"C, D"
78,3,noisy_text[punctuation] + full_diagram,OK,AB,connects,"A, B"
78,3,noisy_text[punctuation] + full_diagram,OK,∠ACE,has_measure,70_deg
,,,,,,
79,3,noisy_text[punctuation] + full_diagram,OK,A,is_a,point
79,3,noisy_text[punctuation] + full_diagram,OK,B,is_a,point
79,3,noisy_text[punctuation] + full_diagram,OK,C,is_a,point
79,3,noisy_text[punctuation] + full_diagram,OK,D,is_a,point
79,3,noisy_text[punctuation] + full_diagram,OK,E,is_a,point
79,3,noisy_text[punctuation] + full_diagram,OK,O,is_a,point
79,3,noisy_text[punctuation] + full_diagram,OK,AB,is_a,segment
79,3,noisy_text[punctuation] + full_diagram,OK,BC,is_a,segment
79,3,noisy_text[punctuation] + full_diagram,OK,CD,is_a,segment
79,3,noisy_text[punctuation] + full_diagram,OK,DA,is_a,segment
79,3,noisy_text[punctuation] + full_diagram,OK,AC,is_a,segment
79,3,noisy_text[punctuation] + full_diagram,OK,BD,is_a,segment
79,3,noisy_text[punctuation] + full_diagram,OK,CE,is_a,segment
79,3,noisy_text[punctuation] + full_diagram,OK,ED,is_a,segment
79,3,noisy_text[punctuation] + full_diagram,OK,ABCD,is_a,parallelogram
79,3,noisy_text[punctuation] + full_diagram,OK,AB + BC + CD + DA,has_measure,32
79,3,noisy_text[punctuation] + full_diagram,OK,AC,intersects,BD
79,3,noisy_text[punctuation] + full_diagram,OK,AC,intersects,O
79,3,noisy_text[punctuation] + full_diagram,OK,BD,intersects,O
79,3,noisy_text[punctuation] + full_diagram,OK,O,lies_on,AC
79,3,noisy_text[punctuation] + full_diagram,OK,O,lies_on,BD
79,3,noisy_text[punctuation] + full_diagram,OK,E,lies_on,AD
79,3,noisy_text[punctuation] + full_diagram,OK,CE + ED,has_measure,AD
79,3,noisy_text[punctuation] + full_diagram,OK,Perimeter of triangle DCE,is_a,query_target
,,,,,,
81,3,noisy_text[punctuation] + full_diagram,OK,A,is_a,point
81,3,noisy_text[punctuation] + full_diagram,OK,B,is_a,point
81,3,noisy_text[punctuation] + full_diagram,OK,C,is_a,point
81,3,noisy_text[punctuation] + full_diagram,OK,D,is_a,point
81,3,noisy_text[punctuation] + full_diagram,OK,E,is_a,point
81,3,noisy_text[punctuation] + full_diagram,OK,ABC,is_a,triangle
81,3,noisy_text[punctuation] + full_diagram,OK,BAC,is_a,angle
81,3,noisy_text[punctuation] + full_diagram,OK,ABC,is_a,angle
81,3,noisy_text[punctuation] + full_diagram,OK,AD,is_a,segment
81,3,noisy_text[punctuation] + full_diagram,OK,AE,is_a,segment
81,3,noisy_text[punctuation] + full_diagram,OK,BC,is_a,segment
81,3,noisy_text[punctuation] + full_diagram,OK,BAC,has_measure,90_deg
81,3,noisy_text[punctuation] + full_diagram,OK,ABC,has_measure,50_deg
81,3,noisy_text[punctuation] + full_diagram,OK,D,lies_on,BC
81,3,noisy_text[punctuation] + full_diagram,OK,AD,perpendicular_to,BC
81,3,noisy_text[punctuation] + full_diagram,OK,E,lies_on,BC
81,3,noisy_text[punctuation] + full_diagram,OK,AE,bisects,DAC
81,3,noisy_text[punctuation] + full_diagram,OK,DAE,is_a,angle
81,3,noisy_text[punctuation] + full_diagram,OK,DAE,has_measure,?
,,,,,,
84,3,noisy_text[punctuation] + full_diagram,OK,A,is_a,point
84,3,noisy_text[punctuation] + full_diagram,OK,B,is_a,point
84,3,noisy_text[punctuation] + full_diagram,OK,C,is_a,point
84,3,noisy_text[punctuation] + full_diagram,OK,O,is_a,point
84,3,noisy_text[punctuation] + full_diagram,OK,ABC,is_a,triangle
84,3,noisy_text[punctuation] + full_diagram,OK,O,is_a,circle
84,3,noisy_text[punctuation] + full_diagram,OK,O,center_of,circle
84,3,noisy_text[punctuation] + full_diagram,OK,AO,is_a,radius
84,3,noisy_text[punctuation] + full_diagram,OK,BO,is_a,radius
84,3,noisy_text[punctuation] + full_diagram,OK,CO,is_a,radius
84,3,noisy_text[punctuation] + full_diagram,OK,AO,has_measure,1.0
84,3,noisy_text[punctuation] + full_diagram,OK,BO,has_measure,1.0
84,3,noisy_text[punctuation] + full_diagram,OK,CO,has_measure,1.0
84,3,noisy_text[punctuation] + full_diagram,OK,∠BAC,has_measure,60_deg
84,3,noisy_text[punctuation] + full_diagram,OK,A,lies_on,circle
84,3,noisy_text[punctuation] + full_diagram,OK,B,lies_on,circle
84,3,noisy_text[punctuation] + full_diagram,OK,C,lies_on,circle
84,3,noisy_text[punctuation] + full_diagram,OK,ABC,inscribed_in,circle
84,3,noisy_text[punctuation] + full_diagram,OK,BC,is_a,segment
84,3,noisy_text[punctuation] + full_diagram,OK,BC,has_measure,?
,,,,,,
86,3,noisy_text[punctuation] + full_diagram,OK,O,is_a,circle
86,3,noisy_text[punctuation] + full_diagram,OK,A,is_a,point
86,3,noisy_text[punctuation] + full_diagram,OK,B,is_a,point
86,3,noisy_text[punctuation] + full_diagram,OK,C,is_a,point
86,3,noisy_text[punctuation] + full_diagram,OK,O,center_of,circle
86,3,noisy_text[punctuation] + full_diagram,OK,A,lies_on,circle
86,3,noisy_text[punctuation] + full_diagram,OK,B,lies_on,circle
86,3,noisy_text[punctuation] + full_diagram,OK,C,lies_on,circle
86,3,noisy_text[punctuation] + full_diagram,OK,AB,is_a,segment
86,3,noisy_text[punctuation] + full_diagram,OK,BC,is_a,segment
86,3,noisy_text[punctuation] + full_diagram,OK,CA,is_a,segment
86,3,noisy_text[punctuation] + full_diagram,OK,O,connects,B
86,3,noisy_text[punctuation] + full_diagram,OK,O,connects,C
86,3,noisy_text[punctuation] + full_diagram,OK,O,radius_of,circle
86,3,noisy_text[punctuation] + full_diagram,OK,O,has_measure,2_units
86,3,noisy_text[punctuation] + full_diagram,OK,∠BAC,is_a,angle
86,3,noisy_text[punctuation] + full_diagram,OK,∠BAC,has_measure,60_deg
86,3,noisy_text[punctuation] + full_diagram,OK,BC,has_measure,?
,,,,,,
88,3,noisy_text[punctuation] + full_diagram,OK,A,is_a,point
88,3,noisy_text[punctuation] + full_diagram,OK,B,is_a,point
88,3,noisy_text[punctuation] + full_diagram,OK,C,is_a,point
88,3,noisy_text[punctuation] + full_diagram,OK,O,is_a,point
88,3,noisy_text[punctuation] + full_diagram,OK,AB,is_a,segment
88,3,noisy_text[punctuation] + full_diagram,OK,AC,is_a,segment
88,3,noisy_text[punctuation] + full_diagram,OK,BC,is_a,segment
88,3,noisy_text[punctuation] + full_diagram,OK,AO,is_a,segment
88,3,noisy_text[punctuation] + full_diagram,OK,BO,is_a,segment
88,3,noisy_text[punctuation] + full_diagram,OK,CO,is_a,segment
88,3,noisy_text[punctuation] + full_diagram,OK,A,lies_on,circle_O
88,3,noisy_text[punctuation] + full_diagram,OK,B,lies_on,circle_O
88,3,noisy_text[punctuation] + full_diagram,OK,C,lies_on,circle_O
88,3,noisy_text[punctuation] + full_diagram,OK,O,center_of,circle_O
88,3,noisy_text[punctuation] + full_diagram,OK,∠ABO,is_a,angle
88,3,noisy_text[punctuation] + full_diagram,OK,∠ACO,is_a,angle
88,3,noisy_text[punctuation] + full_diagram,OK,∠BOC,is_a,angle
88,3,noisy_text[punctuation] + full_diagram,OK,∠ABO,has_measure,22_deg
88,3,noisy_text[punctuation] + full_diagram,OK,∠ACO,has_measure,42_deg
88,3,noisy_text[punctuation] + full_diagram,OK,∠BOC,has_measure,?
88,3,noisy_text[punctuation] + full_diagram,OK,∠BOC,is_a,query_target
,,,,,,
95,3,noisy_text[punctuation] + full_diagram,OK,O,is_a,circle
95,3,noisy_text[punctuation] + full_diagram,OK,O,center_of,circle
95,3,noisy_text[punctuation] + full_diagram,OK,A,is_a,point
95,3,noisy_text[punctuation] + full_diagram,OK,B,is_a,point
95,3,noisy_text[punctuation] + full_diagram,OK,C,is_a,point
95,3,noisy_text[punctuation] + full_diagram,OK,D,is_a,point
95,3,noisy_text[punctuation] + full_diagram,OK,OA,is_a,radius
95,3,noisy_text[punctuation] + full_diagram,OK,OA,connects,A
95,3,noisy_text[punctuation] + full_diagram,OK,OA,connects,O
95,3,noisy_text[punctuation] + full_diagram,OK,BC,is_a,chord
95,3,noisy_text[punctuation] + full_diagram,OK,BC,connects,B
95,3,noisy_text[punctuation] + full_diagram,OK,BC,connects,C
95,3,noisy_text[punctuation] + full_diagram,OK,OA,intersects,BC
95,3,noisy_text[punctuation] + full_diagram,OK,OA,intersects,"BC, at, D"
95,3,noisy_text[punctuation] + full_diagram,OK,AB,is_a,segment
95,3,noisy_text[punctuation] + full_diagram,OK,AB,connects,A
95,3,noisy_text[punctuation] + full_diagram,OK,AB,connects,B
95,3,noisy_text[punctuation] + full_diagram,OK,OC,is_a,segment
95,3,noisy_text[punctuation] + full_diagram,OK,OC,connects,O
95,3,noisy_text[punctuation] + full_diagram,OK,OC,connects,C
95,3,noisy_text[punctuation] + full_diagram,OK,∠A,is_a,angle
95,3,noisy_text[punctuation] + full_diagram,OK,∠A,has_measure,60_deg
95,3,noisy_text[punctuation] + full_diagram,OK,∠ADC,is_a,angle
95,3,noisy_text[punctuation] + full_diagram,OK,∠ADC,has_measure,90_deg
95,3,noisy_text[punctuation] + full_diagram,OK,∠C,is_a,angle
95,3,noisy_text[punctuation] + full_diagram,OK,∠C,has_measure,?
,,,,,,
99,3,noisy_text[punctuation] + full_diagram,OK,O,is_a,circle
99,3,noisy_text[punctuation] + full_diagram,OK,AB,is_a,diameter
99,3,noisy_text[punctuation] + full_diagram,OK,AB,lies_on,O
99,3,noisy_text[punctuation] + full_diagram,OK,CD,is_a,chord
99,3,noisy_text[punctuation] + full_diagram,OK,CD,lies_on,O
99,3,noisy_text[punctuation] + full_diagram,OK,A,is_a,point
99,3,noisy_text[punctuation] + full_diagram,OK,B,is_a,point
99,3,noisy_text[punctuation] + full_diagram,OK,C,is_a,point
99,3,noisy_text[punctuation] + full_diagram,OK,D,is_a,point
99,3,noisy_text[punctuation] + full_diagram,OK,O,is_a,point
99,3,noisy_text[punctuation] + full_diagram,OK,AB,connects,"A, B"
99,3,noisy_text[punctuation] + full_diagram,OK,CD,connects,"C, D"
99,3,noisy_text[punctuation] + full_diagram,OK,∠ADC,is_a,angle
99,3,noisy_text[punctuation] + full_diagram,OK,∠ADC,has_measure,26_deg
99,3,noisy_text[punctuation] + full_diagram,OK,∠CAB,is_a,angle
99,3,noisy_text[punctuation] + full_diagram,OK,O,center_of,O
99,3,noisy_text[punctuation] + full_diagram,OK,AB,diameter_of,O
99,3,noisy_text[punctuation] + full_diagram,OK,A,lies_on,O
99,3,noisy_text[punctuation] + full_diagram,OK,B,lies_on,O
99,3,noisy_text[punctuation] + full_diagram,OK,C,lies_on,O
99,3,noisy_text[punctuation] + full_diagram,OK,D,lies_on,O
,,,,,,
108,3,noisy_text[punctuation] + full_diagram,OK,CD,is_a,segment
108,3,noisy_text[punctuation] + full_diagram,OK,CD,has_measure,8_units
108,3,noisy_text[punctuation] + full_diagram,OK,OC,is_a,segment
108,3,noisy_text[punctuation] + full_diagram,OK,OC,has_measure,5_units
108,3,noisy_text[punctuation] + full_diagram,OK,O,is_a,point
108,3,noisy_text[punctuation] + full_diagram,OK,C,is_a,point
108,3,noisy_text[punctuation] + full_diagram,OK,D,is_a,point
108,3,noisy_text[punctuation] + full_diagram,OK,AB,is_a,segment
108,3,noisy_text[punctuation] + full_diagram,OK,AB,has_measure,?
108,3,noisy_text[punctuation] + full_diagram,OK,A,is_a,point
108,3,noisy_text[punctuation] + full_diagram,OK,B,is_a,point
108,3,noisy_text[punctuation] + full_diagram,OK,OC,connects,"O, C"
108,3,noisy_text[punctuation] + full_diagram,OK,CD,connects,"C, D"
108,3,noisy_text[punctuation] + full_diagram,OK,AB,connects,"A, B"
108,3,noisy_text[punctuation] + full_diagram,OK,O,center_of,circle
108,3,noisy_text[punctuation] + full_diagram,OK,OC,radius_of,circle
108,3,noisy_text[punctuation] + full_diagram,OK,AB,lies_on,circle
108,3,noisy_text[punctuation] + full_diagram,OK,CD,lies_on,circle
108,3,noisy_text[punctuation] + full_diagram,OK,CD,perpendicular_to,AB
108,3,noisy_text[punctuation] + full_diagram,OK,AB,parallel_to,?
108,3,noisy_text[punctuation] + full_diagram,OK,OC,perpendicular_to,AB
108,3,noisy_text[punctuation] + full_diagram,OK,CD,intersects,AB
,,,,,,
109,3,noisy_text[punctuation] + full_diagram,OK,A,is_a,point
109,3,noisy_text[punctuation] + full_diagram,OK,B,is_a,point
109,3,noisy_text[punctuation] + full_diagram,OK,C,is_a,point
109,3,noisy_text[punctuation] + full_diagram,OK,D,is_a,point
109,3,noisy_text[punctuation] + full_diagram,OK,E,is_a,point
109,3,noisy_text[punctuation] + full_diagram,OK,AB,is_a,segment
109,3,noisy_text[punctuation] + full_diagram,OK,AC,is_a,segment
109,3,noisy_text[punctuation] + full_diagram,OK,BC,is_a,segment
109,3,noisy_text[punctuation] + full_diagram,OK,DE,is_a,segment
109,3,noisy_text[punctuation] + full_diagram,OK,EC,is_a,segment
109,3,noisy_text[punctuation] + full_diagram,OK,Triangle_ABC,is_a,triangle
109,3,noisy_text[punctuation] + full_diagram,OK,∠BAC,is_a,angle
109,3,noisy_text[punctuation] + full_diagram,OK,∠α,is_a,angle
109,3,noisy_text[punctuation] + full_diagram,OK,∠β,is_a,angle
109,3,noisy_text[punctuation] + full_diagram,OK,D,lies_on,AB
109,3,noisy_text[punctuation] + full_diagram,OK,E,lies_on,AC
109,3,noisy_text[punctuation] + full_diagram,OK,DE,is_a,horizontal
109,3,noisy_text[punctuation] + full_diagram,OK,∠α,has_measure,130_deg
109,3,noisy_text[punctuation] + full_diagram,OK,∠BAC,has_measure,90_deg
109,3,noisy_text[punctuation] + full_diagram,OK,β,is_a,query_target
,,,,,,
112,3,noisy_text[punctuation] + full_diagram,OK,A,is_a,point
112,3,noisy_text[punctuation] + full_diagram,OK,B,is_a,point
112,3,noisy_text[punctuation] + full_diagram,OK,O,is_a,point
112,3,noisy_text[punctuation] + full_diagram,OK,AB,is_a,segment
112,3,noisy_text[punctuation] + full_diagram,OK,AO,is_a,segment
112,3,noisy_text[punctuation] + full_diagram,OK,OB,is_a,segment
112,3,noisy_text[punctuation] + full_diagram,OK,AO,is_a,height
112,3,noisy_text[punctuation] + full_diagram,OK,AB,is_a,slant_height
112,3,noisy_text[punctuation] + full_diagram,OK,OB,is_a,radius
112,3,noisy_text[punctuation] + full_diagram,OK,AO,has_measure,?
112,3,noisy_text[punctuation] + full_diagram,OK,OB,has_measure,0.7
112,3,noisy_text[punctuation] + full_diagram,OK,AB,has_measure,2.5
112,3,noisy_text[punctuation] + full_diagram,OK,A,connects,B
112,3,noisy_text[punctuation] + full_diagram,OK,A,connects,O
112,3,noisy_text[punctuation] + full_diagram,OK,B,connects,O
112,3,noisy_text[punctuation] + full_diagram,OK,AO,connects,A
112,3,noisy_text[punctuation] + full_diagram,OK,AO,connects,O
112,3,noisy_text[punctuation] + full_diagram,OK,OB,connects,O
112,3,noisy_text[punctuation] + full_diagram,OK,OB,connects,B
112,3,noisy_text[punctuation] + full_diagram,OK,AB,connects,A
112,3,noisy_text[punctuation] + full_diagram,OK,AB,connects,B
,,,,,,
114,3,noisy_text[punctuation] + full_diagram,OK,O,is_a,point
114,3,noisy_text[punctuation] + full_diagram,OK,A,is_a,point
114,3,noisy_text[punctuation] + full_diagram,OK,B,is_a,point
114,3,noisy_text[punctuation] + full_diagram,OK,OA,is_a,segment
114,3,noisy_text[punctuation] + full_diagram,OK,OA,has_measure,1.0_units
114,3,noisy_text[punctuation] + full_diagram,OK,OB,is_a,segment
114,3,noisy_text[punctuation] + full_diagram,OK,OB,has_measure,1.0_units
114,3,noisy_text[punctuation] + full_diagram,OK,OAB,is_a,sector
114,3,noisy_text[punctuation] + full_diagram,OK,OAB,has_measure,90_deg
114,3,noisy_text[punctuation] + full_diagram,OK,OA,connects,"O, A"
114,3,noisy_text[punctuation] + full_diagram,OK,OB,connects,"O, B"
114,3,noisy_text[punctuation] + full_diagram,OK,OA,perpendicular_to,OB
114,3,noisy_text[punctuation] + full_diagram,OK,OA,is_a,diameter
114,3,noisy_text[punctuation] + full_diagram,OK,OB,is_a,diameter
114,3,noisy_text[punctuation] + full_diagram,OK,shaded_part,is_a,area
114,3,noisy_text[punctuation] + full_diagram,OK,shaded_part,is_a,query_target
,,,,,,
115,3,noisy_text[punctuation] + full_diagram,OK,sector,is_a,paper_sheet
115,3,noisy_text[punctuation] + full_diagram,OK,sector,has_measure,120_deg
115,3,noisy_text[punctuation] + full_diagram,OK,sector,has_measure,6_units
115,3,noisy_text[punctuation] + full_diagram,OK,sector,is_a,sector
115,3,noisy_text[punctuation] + full_diagram,OK,conical_bottomless_paper_cap,is_a,paper_cap
115,3,noisy_text[punctuation] + full_diagram,OK,bottom_perimeter,is_a,perimeter
115,3,noisy_text[punctuation] + full_diagram,OK,bottom_perimeter,has_measure,?
,,,,,,
117,3,noisy_text[punctuation] + full_diagram,OK,sector,is_a,piece_of_paper
117,3,noisy_text[punctuation] + full_diagram,OK,sector,has_measure,120_deg
117,3,noisy_text[punctuation] + full_diagram,OK,sector,has_measure,3.0_cm
117,3,noisy_text[punctuation] + full_diagram,OK,cone,is_a,bottomless_paper_cap
117,3,noisy_text[punctuation] + full_diagram,OK,cone,has_measure,?_cm
117,3,noisy_text[punctuation] + full_diagram,OK,cone,has_measure,3_cm
,,,,,,
119,3,noisy_text[punctuation] + full_diagram,OK,sector,is_a,cardboard
119,3,noisy_text[punctuation] + full_diagram,OK,sector,has_measure,24.0_cm
119,3,noisy_text[punctuation] + full_diagram,OK,conical_hat,is_a,hat
119,3,noisy_text[punctuation] + full_diagram,OK,conical_hat,has_measure,10.0_cm
119,3,noisy_text[punctuation] + full_diagram,OK,conical_hat,center_of,O
119,3,noisy_text[punctuation] + full_diagram,OK,O,is_a,point
119,3,noisy_text[punctuation] + full_diagram,OK,sector,mapped_to,conical_hat
119,3,noisy_text[punctuation] + full_diagram,OK,Area,is_a,?
,,,,,,
120,3,noisy_text[punctuation] + full_diagram,OK,Cone,is_a,cone
120,3,noisy_text[punctuation] + full_diagram,OK,generatrix,is_a,segment
120,3,noisy_text[punctuation] + full_diagram,OK,height,is_a,segment
120,3,noisy_text[punctuation] + full_diagram,OK,generatrix,has_measure,5_units
120,3,noisy_text[punctuation] + full_diagram,OK,height,has_measure,4_units
120,3,noisy_text[punctuation] + full_diagram,OK,base,is_a,circle
120,3,noisy_text[punctuation] + full_diagram,OK,base,has_measure,?
120,3,noisy_text[punctuation] + full_diagram,OK,Cone,connects,generatrix
120,3,noisy_text[punctuation] + full_diagram,OK,Cone,connects,height
120,3,noisy_text[punctuation] + full_diagram,OK,Cone,connects,base
120,3,noisy_text[punctuation] + full_diagram,OK,height,connects,base
120,3,noisy_text[punctuation] + full_diagram,OK,generatrix,connects,base
120,3,noisy_text[punctuation] + full_diagram,OK,base,center_of,Cone
120,3,noisy_text[punctuation] + full_diagram,OK,height,center_of,Cone
120,3,noisy_text[punctuation] + full_diagram,OK,generatrix,center_of,Cone
120,3,noisy_text[punctuation] + full_diagram,OK,base,radius_of,Cone
120,3,noisy_text[punctuation] + full_diagram,OK,height,perpendicular_to,base
120,3,noisy_text[punctuation] + full_diagram,OK,generatrix,tangent_to,base
120,3,noisy_text[punctuation] + full_diagram,OK,base,is_a,area
,,,,,,
123,3,noisy_text[punctuation] + full_diagram,OK,A,is_a,point
123,3,noisy_text[punctuation] + full_diagram,OK,B,is_a,point
123,3,noisy_text[punctuation] + full_diagram,OK,C,is_a,point
123,3,noisy_text[punctuation] + full_diagram,OK,AC,is_a,segment
123,3,noisy_text[punctuation] + full_diagram,OK,BC,is_a,segment
123,3,noisy_text[punctuation] + full_diagram,OK,AB,is_a,segment
123,3,noisy_text[punctuation] + full_diagram,OK,∠ACB,is_a,angle
123,3,noisy_text[punctuation] + full_diagram,OK,∠ACB,has_measure,90_deg
123,3,noisy_text[punctuation] + full_diagram,OK,AC,has_measure,4_units
123,3,noisy_text[punctuation] + full_diagram,OK,BC,has_measure,3_units
123,3,noisy_text[punctuation] + full_diagram,OK,ABC,is_a,triangle
123,3,noisy_text[punctuation] + full_diagram,OK,ABC,is_a,right_triangle
123,3,noisy_text[punctuation] + full_diagram,OK,ABC,rotated_about,AC
123,3,noisy_text[punctuation] + full_diagram,OK,Lateral Surface Area of Cone,is_a,query_target
,,,,,,
128,3,noisy_text[punctuation] + full_diagram,OK,O,is_a,point
128,3,noisy_text[punctuation] + full_diagram,OK,A,is_a,point
128,3,noisy_text[punctuation] + full_diagram,OK,B,is_a,point
128,3,noisy_text[punctuation] + full_diagram,OK,OA,is_a,segment
128,3,noisy_text[punctuation] + full_diagram,OK,OB,is_a,segment
128,3,noisy_text[punctuation] + full_diagram,OK,OA,has_measure,6_units
128,3,noisy_text[punctuation] + full_diagram,OK,OB,has_measure,6_units
128,3,noisy_text[punctuation] + full_diagram,OK,∠AOB,is_a,angle
128,3,noisy_text[punctuation] + full_diagram,OK,∠AOB,has_measure,120_deg
128,3,noisy_text[punctuation] + full_diagram,OK,O,center_of,sector
128,3,noisy_text[punctuation] + full_diagram,OK,OA,radius_of,sector
128,3,noisy_text[punctuation] + full_diagram,OK,OB,radius_of,sector
128,3,noisy_text[punctuation] + full_diagram,OK,OA,connects,A
128,3,noisy_text[punctuation] + full_diagram,OK,OB,connects,B
128,3,noisy_text[punctuation] + full_diagram,OK,OA,rotated_about,O
128,3,noisy_text[punctuation] + full_diagram,OK,OB,rotated_about,O
128,3,noisy_text[punctuation] + full_diagram,OK,OA,mapped_to,cone_side
128,3,noisy_text[punctuation] + full_diagram,OK,OB,mapped_to,cone_side
128,3,noisy_text[punctuation] + full_diagram,OK,Diameter,is_a,?
,,,,,,
132,3,noisy_text[punctuation] + full_diagram,OK,AB,is_a,segment
132,3,noisy_text[punctuation] + full_diagram,OK,A,is_a,point
132,3,noisy_text[punctuation] + full_diagram,OK,B,is_a,point
132,3,noisy_text[punctuation] + full_diagram,OK,DE,is_a,segment
132,3,noisy_text[punctuation] + full_diagram,OK,D,is_a,point
132,3,noisy_text[punctuation] + full_diagram,OK,E,is_a,point
132,3,noisy_text[punctuation] + full_diagram,OK,BC,is_a,segment
132,3,noisy_text[punctuation] + full_diagram,OK,C,is_a,point
132,3,noisy_text[punctuation] + full_diagram,OK,G,is_a,point
132,3,noisy_text[punctuation] + full_diagram,OK,F,is_a,point
132,3,noisy_text[punctuation] + full_diagram,OK,AB,is_a,height
132,3,noisy_text[punctuation] + full_diagram,OK,DE,has_measure,0.6
132,3,noisy_text[punctuation] + full_diagram,OK,BC,has_measure,0.6
132,3,noisy_text[punctuation] + full_diagram,OK,GE,has_measure,2.0
132,3,noisy_text[punctuation] + full_diagram,OK,EF,has_measure,1.6
132,3,noisy_text[punctuation] + full_diagram,OK,A,lies_on,AB
132,3,noisy_text[punctuation] + full_diagram,OK,B,lies_on,AB
132,3,noisy_text[punctuation] + full_diagram,OK,D,lies_on,DE
132,3,noisy_text[punctuation] + full_diagram,OK,E,lies_on,DE
132,3,noisy_text[punctuation] + full_diagram,OK,B,lies_on,BC
132,3,noisy_text[punctuation] + full_diagram,OK,C,lies_on,BC
132,3,noisy_text[punctuation] + full_diagram,OK,G,lies_on,DE
132,3,noisy_text[punctuation] + full_diagram,OK,E,lies_on,EF
132,3,noisy_text[punctuation] + full_diagram,OK,F,lies_on,EF
132,3,noisy_text[punctuation] + full_diagram,OK,A,lies_on,AF
132,3,noisy_text[punctuation] + full_diagram,OK,F,lies_on,AF
132,3,noisy_text[punctuation] + full_diagram,OK,A,collinear_with,B
132,3,noisy_text[punctuation] + full_diagram,OK,C,collinear_with,B
,,,,,,
133,3,noisy_text[punctuation] + full_diagram,OK,P,is_a,point
133,3,noisy_text[punctuation] + full_diagram,OK,Q,is_a,point
133,3,noisy_text[punctuation] + full_diagram,OK,S,is_a,point
133,3,noisy_text[punctuation] + full_diagram,OK,T,is_a,point
133,3,noisy_text[punctuation] + full_diagram,OK,R,is_a,point
133,3,noisy_text[punctuation] + full_diagram,OK,PQ,is_a,segment
133,3,noisy_text[punctuation] + full_diagram,OK,QS,is_a,segment
133,3,noisy_text[punctuation] + full_diagram,OK,ST,is_a,segment
133,3,noisy_text[punctuation] + full_diagram,OK,QR,is_a,segment
133,3,noisy_text[punctuation] + full_diagram,OK,PT,is_a,segment
133,3,noisy_text[punctuation] + full_diagram,OK,line a,is_a,line
133,3,noisy_text[punctuation] + full_diagram,OK,line b,is_a,line
133,3,noisy_text[punctuation] + full_diagram,OK,Q,lies_on,line a
133,3,noisy_text[punctuation] + full_diagram,OK,S,lies_on,line a
133,3,noisy_text[punctuation] + full_diagram,OK,T,lies_on,line a
133,3,noisy_text[punctuation] + full_diagram,OK,Q,lies_on,line b
133,3,noisy_text[punctuation] + full_diagram,OK,P,lies_on,line b
133,3,noisy_text[punctuation] + full_diagram,OK,R,lies_on,line b
133,3,noisy_text[punctuation] + full_diagram,OK,QS,has_measure,60.0_m
133,3,noisy_text[punctuation] + full_diagram,OK,ST,has_measure,120.0_m
133,3,noisy_text[punctuation] + full_diagram,OK,QR,has_measure,80.0_m
133,3,noisy_text[punctuation] + full_diagram,OK,QS,perpendicular_to,line a
133,3,noisy_text[punctuation] + full_diagram,OK,PT,perpendicular_to,line a
133,3,noisy_text[punctuation] + full_diagram,OK,line b,perpendicular_to,line a
,,,,,,
149,3,noisy_text[punctuation] + full_diagram,OK,A,is_a,point
149,3,noisy_text[punctuation] + full_diagram,OK,B,is_a,point
149,3,noisy_text[punctuation] + full_diagram,OK,C,is_a,point
149,3,noisy_text[punctuation] + full_diagram,OK,D,is_a,point
149,3,noisy_text[punctuation] + full_diagram,OK,E,is_a,point
149,3,noisy_text[punctuation] + full_diagram,OK,CD,is_a,segment
149,3,noisy_text[punctuation] + full_diagram,OK,AC,is_a,segment
149,3,noisy_text[punctuation] + full_diagram,OK,BD,is_a,segment
149,3,noisy_text[punctuation] + full_diagram,OK,ED,is_a,segment
149,3,noisy_text[punctuation] + full_diagram,OK,AB,is_a,segment
149,3,noisy_text[punctuation] + full_diagram,OK,α,is_a,angle
149,3,noisy_text[punctuation] + full_diagram,OK,CD,is_a,mirror
149,3,noisy_text[punctuation] + full_diagram,OK,AC,perpendicular_to,CD
149,3,noisy_text[punctuation] + full_diagram,OK,BD,perpendicular_to,CD
149,3,noisy_text[punctuation] + full_diagram,OK,AC,has_measure,3_units
149,3,noisy_text[punctuation] + full_diagram,OK,BD,has_measure,6_units
149,3,noisy_text[punctuation] + full_diagram,OK,CD,has_measure,10_units
149,3,noisy_text[punctuation] + full_diagram,OK,ED,has_measure,?
149,3,noisy_text[punctuation] + full_diagram,OK,Light,is_emitted_from,A
149,3,noisy_text[punctuation] + full_diagram,OK,Light,is_reflected_at,E
149,3,noisy_text[punctuation] + full_diagram,OK,Light,is_directed_to,B
,,,,,,
150,3,noisy_text[punctuation] + full_diagram,OK,A,is_a,point
150,3,noisy_text[punctuation] + full_diagram,OK,B,is_a,point
150,3,noisy_text[punctuation] + full_diagram,OK,C,is_a,point
150,3,noisy_text[punctuation] + full_diagram,OK,AB,is_a,segment
150,3,noisy_text[punctuation] + full_diagram,OK,AB,has_measure,2_units
150,3,noisy_text[punctuation] + full_diagram,OK,A,collinear_with,B
150,3,noisy_text[punctuation] + full_diagram,OK,B,collinear_with,C
150,3,noisy_text[punctuation] + full_diagram,OK,A,collinear_with,C
150,3,noisy_text[punctuation] + full_diagram,OK,BD,is_a,segment
150,3,noisy_text[punctuation] + full_diagram,OK,BD,has_measure,7/3_units
150,3,noisy_text[punctuation] + full_diagram,OK,CE,is_a,segment
150,3,noisy_text[punctuation] + full_diagram,OK,CE,has_measure,9_units
150,3,noisy_text[punctuation] + full_diagram,OK,D,is_a,point
150,3,noisy_text[punctuation] + full_diagram,OK,E,is_a,point
150,3,noisy_text[punctuation] + full_diagram,OK,DE,is_a,segment
150,3,noisy_text[punctuation] + full_diagram,OK,BC,is_a,segment
150,3,noisy_text[punctuation] + full_diagram,OK,BC,has_measure,?
150,3,noisy_text[punctuation] + full_diagram,OK,BD,perpendicular_to,AC
150,3,noisy_text[punctuation] + full_diagram,OK,CE,perpendicular_to,AC
,,,,,,
151,3,noisy_text[punctuation] + full_diagram,OK,student,is_a,person
151,3,noisy_text[punctuation] + full_diagram,OK,student,has_measure,1.7_units
151,3,noisy_text[punctuation] + full_diagram,OK,tree,is_a,object
151,3,noisy_text[punctuation] + full_diagram,OK,student,is_a,point
151,3,noisy_text[punctuation] + full_diagram,OK,tree,is_a,point
,,,,,,
152,3,noisy_text[punctuation] + full_diagram,OK,A,is_a,point
152,3,noisy_text[punctuation] + full_diagram,OK,B,is_a,point
152,3,noisy_text[punctuation] + full_diagram,OK,C,is_a,point
152,3,noisy_text[punctuation] + full_diagram,OK,D,is_a,point
152,3,noisy_text[punctuation] + full_diagram,OK,AB,is_a,segment
152,3,noisy_text[punctuation] + full_diagram,OK,BC,is_a,segment
152,3,noisy_text[punctuation] + full_diagram,OK,AC,is_a,segment
152,3,noisy_text[punctuation] + full_diagram,OK,BD,is_a,segment
152,3,noisy_text[punctuation] + full_diagram,OK,AB,connects,A
152,3,noisy_text[punctuation] + full_diagram,OK,AB,connects,B
152,3,noisy_text[punctuation] + full_diagram,OK,BC,connects,B
152,3,noisy_text[punctuation] + full_diagram,OK,BC,connects,C
152,3,noisy_text[punctuation] + full_diagram,OK,AC,connects,A
152,3,noisy_text[punctuation] + full_diagram,OK,AC,connects,C
152,3,noisy_text[punctuation] + full_diagram,OK,BD,connects,B
152,3,noisy_text[punctuation] + full_diagram,OK,BD,connects,D
152,3,noisy_text[punctuation] + full_diagram,OK,AB,has_measure,?
152,3,noisy_text[punctuation] + full_diagram,OK,BC,has_measure,1.6_units
152,3,noisy_text[punctuation] + full_diagram,OK,BD,has_measure,0.5_units
152,3,noisy_text[punctuation] + full_diagram,OK,D,has_measure,1.4_units
,,,,,,
153,3,noisy_text[punctuation] + full_diagram,OK,AB,is_a,segment
153,3,noisy_text[punctuation] + full_diagram,OK,DE,is_a,segment
153,3,noisy_text[punctuation] + full_diagram,OK,BC,is_a,segment
153,3,noisy_text[punctuation] + full_diagram,OK,EC,is_a,segment
153,3,noisy_text[punctuation] + full_diagram,OK,DE,has_measure,1.8
153,3,noisy_text[punctuation] + full_diagram,OK,BC,has_measure,1.0
153,3,noisy_text[punctuation] + full_diagram,OK,EC,has_measure,1.2
153,3,noisy_text[punctuation] + full_diagram,OK,A,is_a,point
153,3,noisy_text[punctuation] + full_diagram,OK,B,is_a,point
153,3,noisy_text[punctuation] + full_diagram,OK,C,is_a,point
153,3,noisy_text[punctuation] + full_diagram,OK,D,is_a,point
153,3,noisy_text[punctuation] + full_diagram,OK,E,is_a,point
153,3,noisy_text[punctuation] + full_diagram,OK,AB,connects,A
153,3,noisy_text[punctuation] + full_diagram,OK,AB,connects,B
153,3,noisy_text[punctuation] + full_diagram,OK,DE,connects,D
153,3,noisy_text[punctuation] + full_diagram,OK,DE,connects,E
153,3,noisy_text[punctuation] + full_diagram,OK,BC,connects,B
153,3,noisy_text[punctuation] + full_diagram,OK,BC,connects,C
153,3,noisy_text[punctuation] + full_diagram,OK,EC,connects,E
153,3,noisy_text[punctuation] + full_diagram,OK,EC,connects,C
153,3,noisy_text[punctuation] + full_diagram,OK,AB,is_a,?
153,3,noisy_text[punctuation] + full_diagram,OK,DE,is_a,?
153,3,noisy_text[punctuation] + full_diagram,OK,BC,is_a,?
153,3,noisy_text[punctuation] + full_diagram,OK,EC,is_a,?
,,,,,,
157,3,noisy_text[punctuation] + full_diagram,OK,ABC,is_a,triangle
157,3,noisy_text[punctuation] + full_diagram,OK,C,is_a,point
157,3,noisy_text[punctuation] + full_diagram,OK,A,is_a,point
157,3,noisy_text[punctuation] + full_diagram,OK,B,is_a,point
157,3,noisy_text[punctuation] + full_diagram,OK,AC,is_a,segment
157,3,noisy_text[punctuation] + full_diagram,OK,BC,is_a,segment
157,3,noisy_text[punctuation] + full_diagram,OK,AB,is_a,segment
157,3,noisy_text[punctuation] + full_diagram,OK,∠C,is_a,angle
157,3,noisy_text[punctuation] + full_diagram,OK,∠C,has_measure,90_deg
157,3,noisy_text[punctuation] + full_diagram,OK,AC,has_measure,4_units
157,3,noisy_text[punctuation] + full_diagram,OK,BC,has_measure,3_units
157,3,noisy_text[punctuation] + full_diagram,OK,A,connects,C
157,3,noisy_text[punctuation] + full_diagram,OK,C,connects,B
157,3,noisy_text[punctuation] + full_diagram,OK,B,connects,A
157,3,noisy_text[punctuation] + full_diagram,OK,∠C,center_of,C
157,3,noisy_text[punctuation] + full_diagram,OK,cos B,is_a,query_target
,,,,,,
165,3,noisy_text[punctuation] + full_diagram,OK,A,is_a,point
165,3,noisy_text[punctuation] + full_diagram,OK,B,is_a,point
165,3,noisy_text[punctuation] + full_diagram,OK,C,is_a,point
165,3,noisy_text[punctuation] + full_diagram,OK,AB,is_a,segment
165,3,noisy_text[punctuation] + full_diagram,OK,BC,is_a,segment
165,3,noisy_text[punctuation] + full_diagram,OK,AC,is_a,segment
165,3,noisy_text[punctuation] + full_diagram,OK,ABC,is_a,triangle
165,3,noisy_text[punctuation] + full_diagram,OK,C,is_a,right_angle
165,3,noisy_text[punctuation] + full_diagram,OK,AB,has_measure,2_units
165,3,noisy_text[punctuation] + full_diagram,OK,BC,has_measure,1_unit
,,,,,,
198,3,noisy_text[punctuation] + full_diagram,OK,A,is_a,point
198,3,noisy_text[punctuation] + full_diagram,OK,B,is_a,point
198,3,noisy_text[punctuation] + full_diagram,OK,C,is_a,point
198,3,noisy_text[punctuation] + full_diagram,OK,AB,is_a,segment
198,3,noisy_text[punctuation] + full_diagram,OK,BC,is_a,segment
198,3,noisy_text[punctuation] + full_diagram,OK,CA,is_a,segment
198,3,noisy_text[punctuation] + full_diagram,OK,ABC,is_a,triangle
198,3,noisy_text[punctuation] + full_diagram,OK,ABC,is_a,isosceles_triangle
198,3,noisy_text[punctuation] + full_diagram,OK,AB,has_measure,13_units
198,3,noisy_text[punctuation] + full_diagram,OK,BC,has_measure,13_units
198,3,noisy_text[punctuation] + full_diagram,OK,CA,has_measure,10_units
198,3,noisy_text[punctuation] + full_diagram,OK,Area,is_a,query_target
,,,,,,
207,3,noisy_text[punctuation] + full_diagram,OK,largest_circle,is_a,circle
207,3,noisy_text[punctuation] + full_diagram,OK,small_circle1,is_a,circle
207,3,noisy_text[punctuation] + full_diagram,OK,small_circle2,is_a,circle
207,3,noisy_text[punctuation] + full_diagram,OK,largest_circle,diameter_of,20_units
207,3,noisy_text[punctuation] + full_diagram,OK,largest_circle,has_measure,20_units
207,3,noisy_text[punctuation] + full_diagram,OK,shaded_region,is_a,region
207,3,noisy_text[punctuation] + full_diagram,OK,shaded_region,has_measure,?
207,3,noisy_text[punctuation] + full_diagram,OK,shaded_region,is_a,area
207,3,noisy_text[punctuation] + full_diagram,OK,largest_circle,contains,small_circle1
207,3,noisy_text[punctuation] + full_diagram,OK,largest_circle,contains,small_circle2
207,3,noisy_text[punctuation] + full_diagram,OK,small_circle1,intersects,small_circle2
207,3,noisy_text[punctuation] + full_diagram,OK,small_circle1,intersects,largest_circle
207,3,noisy_text[punctuation] + full_diagram,OK,small_circle2,intersects,largest_circle
207,3,noisy_text[punctuation] + full_diagram,OK,largest_circle,contains,shaded_region
207,3,noisy_text[punctuation] + full_diagram,OK,small_circle1,lies_on,largest_circle
207,3,noisy_text[punctuation] + full_diagram,OK,small_circle2,lies_on,largest_circle
,,,,,,
210,3,noisy_text[punctuation] + full_diagram,OK,A,is_a,point
210,3,noisy_text[punctuation] + full_diagram,OK,B,is_a,point
210,3,noisy_text[punctuation] + full_diagram,OK,C,is_a,point
210,3,noisy_text[punctuation] + full_diagram,OK,D,is_a,point
210,3,noisy_text[punctuation] + full_diagram,OK,E,is_a,point
210,3,noisy_text[punctuation] + full_diagram,OK,AB,is_a,segment
210,3,noisy_text[punctuation] + full_diagram,OK,AC,is_a,segment
210,3,noisy_text[punctuation] + full_diagram,OK,CD,is_a,segment
210,3,noisy_text[punctuation] + full_diagram,OK,ED,is_a,segment
210,3,noisy_text[punctuation] + full_diagram,OK,AE,is_a,segment
210,3,noisy_text[punctuation] + full_diagram,OK,BE,is_a,segment
210,3,noisy_text[punctuation] + full_diagram,OK,ABE,is_a,triangle
210,3,noisy_text[punctuation] + full_diagram,OK,ACD,is_a,triangle
210,3,noisy_text[punctuation] + full_diagram,OK,AB,has_measure,12_units
210,3,noisy_text[punctuation] + full_diagram,OK,AC,has_measure,16_units
210,3,noisy_text[punctuation] + full_diagram,OK,ED,has_measure,5_units
210,3,noisy_text[punctuation] + full_diagram,OK,BE,parallel_to,CD
210,3,noisy_text[punctuation] + full_diagram,OK,AE,is_a,query_target
,,,,,,
211,3,noisy_text[punctuation] + full_diagram,OK,MNPR,is_a,parallelogram
211,3,noisy_text[punctuation] + full_diagram,OK,MP,is_a,diagonal
211,3,noisy_text[punctuation] + full_diagram,OK,RN,is_a,diagonal
211,3,noisy_text[punctuation] + full_diagram,OK,Q,is_a,point
211,3,noisy_text[punctuation] + full_diagram,OK,MP,intersects,RN
211,3,noisy_text[punctuation] + full_diagram,OK,MP,intersects_at,Q
211,3,noisy_text[punctuation] + full_diagram,OK,RN,intersects_at,Q
211,3,noisy_text[punctuation] + full_diagram,OK,MN,has_measure,3x - 4
211,3,noisy_text[punctuation] + full_diagram,OK,NP,has_measure,2y + 5
211,3,noisy_text[punctuation] + full_diagram,OK,RP,has_measure,20
211,3,noisy_text[punctuation] + full_diagram,OK,MR,has_measure,17.9
211,3,noisy_text[punctuation] + full_diagram,OK,∠RNP,has_measure,?
211,3,noisy_text[punctuation] + full_diagram,OK,∠M,has_measure,38_deg
211,3,noisy_text[punctuation] + full_diagram,OK,∠N,has_measure,33_deg
211,3,noisy_text[punctuation] + full_diagram,OK,∠QRP,has_measure,83_deg
211,3,noisy_text[punctuation] + full_diagram,OK,MQ,has_measure,4w - 3
211,3,noisy_text[punctuation] + full_diagram,OK,QP,has_measure,11.1
211,3,noisy_text[punctuation] + full_diagram,OK,QR,has_measure,3z - 3
211,3,noisy_text[punctuation] + full_diagram,OK,NP,has_measure,15.4
,,,,,,
223,3,noisy_text[punctuation] + full_diagram,OK,5,is_a,length
223,3,noisy_text[punctuation] + full_diagram,OK,5,has_measure,5_units
223,3,noisy_text[punctuation] + full_diagram,OK,x,is_a,length
223,3,noisy_text[punctuation] + full_diagram,OK,3√2,is_a,length
223,3,noisy_text[punctuation] + full_diagram,OK,3√2,has_measure,3√2_units
223,3,noisy_text[punctuation] + full_diagram,OK,triangle,is_a,right_triangle
223,3,noisy_text[punctuation] + full_diagram,OK,triangle,has_measure,90_deg
223,3,noisy_text[punctuation] + full_diagram,OK,triangle,has_measure,5_units
223,3,noisy_text[punctuation] + full_diagram,OK,triangle,has_measure,x_units
223,3,noisy_text[punctuation] + full_diagram,OK,triangle,has_measure,3√2_units
223,3,noisy_text[punctuation] + full_diagram,OK,x,is_a,?
223,3,noisy_text[punctuation] + full_diagram,OK,?,is_a,x
223,3,noisy_text[punctuation] + full_diagram,OK,?,is_a,length
223,3,noisy_text[punctuation] + full_diagram,OK,?,has_measure,x_units
,,,,,,
239,3,noisy_text[punctuation] + full_diagram,OK,A,is_a,point
239,3,noisy_text[punctuation] + full_diagram,OK,B,is_a,point
239,3,noisy_text[punctuation] + full_diagram,OK,C,is_a,point
239,3,noisy_text[punctuation] + full_diagram,OK,M,is_a,point
239,3,noisy_text[punctuation] + full_diagram,OK,R,is_a,point
239,3,noisy_text[punctuation] + full_diagram,OK,S,is_a,point
239,3,noisy_text[punctuation] + full_diagram,OK,T,is_a,point
239,3,noisy_text[punctuation] + full_diagram,OK,AB,is_a,segment
239,3,noisy_text[punctuation] + full_diagram,OK,AC,is_a,segment
239,3,noisy_text[punctuation] + full_diagram,OK,BC,is_a,segment
239,3,noisy_text[punctuation] + full_diagram,OK,AT,is_a,segment
239,3,noisy_text[punctuation] + full_diagram,OK,BR,is_a,segment
239,3,noisy_text[punctuation] + full_diagram,OK,CS,is_a,segment
239,3,noisy_text[punctuation] + full_diagram,OK,RM,is_a,segment
239,3,noisy_text[punctuation] + full_diagram,OK,MC,is_a,segment
239,3,noisy_text[punctuation] + full_diagram,OK,R,is_a,midpoint
239,3,noisy_text[punctuation] + full_diagram,OK,S,is_a,midpoint
239,3,noisy_text[punctuation] + full_diagram,OK,T,is_a,midpoint
239,3,noisy_text[punctuation] + full_diagram,OK,R,lies_on,AC
239,3,noisy_text[punctuation] + full_diagram,OK,S,lies_on,AB
239,3,noisy_text[punctuation] + full_diagram,OK,T,lies_on,CB
239,3,noisy_text[punctuation] + full_diagram,OK,AT,connects,"A, T"
239,3,noisy_text[punctuation] + full_diagram,OK,BR,connects,"B, R"
239,3,noisy_text[punctuation] + full_diagram,OK,CS,connects,"C, S"
239,3,noisy_text[punctuation] + full_diagram,OK,AT,intersects,"BR, M"
239,3,noisy_text[punctuation] + full_diagram,OK,AT,intersects,"CS, M"
239,3,noisy_text[punctuation] + full_diagram,OK,BR,intersects,"CS, M"
239,3,noisy_text[punctuation] + full_diagram,OK,MC,has_measure,7_units
239,3,noisy_text[punctuation] + full_diagram,OK,RM,has_measure,4_units
239,3,noisy_text[punctuation] + full_diagram,OK,AT,has_measure,16_units
,,,,,,
243,3,noisy_text[punctuation] + full_diagram,OK,Des_Moines,is_a,point
243,3,noisy_text[punctuation] + full_diagram,OK,Phoenix,is_a,point
243,3,noisy_text[punctuation] + full_diagram,OK,Atlanta,is_a,point
243,3,noisy_text[punctuation] + full_diagram,OK,Des_Moines_Phoenix,is_a,segment
243,3,noisy_text[punctuation] + full_diagram,OK,Des_Moines_Phoenix,connects,Des_Moines
243,3,noisy_text[punctuation] + full_diagram,OK,Des_Moines_Phoenix,connects,Phoenix
243,3,noisy_text[punctuation] + full_diagram,OK,Phoenix_Atlanta,is_a,segment
243,3,noisy_text[punctuation] + full_diagram,OK,Phoenix_Atlanta,connects,Phoenix
243,3,noisy_text[punctuation] + full_diagram,OK,Phoenix_Atlanta,connects,Atlanta
243,3,noisy_text[punctuation] + full_diagram,OK,Atlanta_Des_Moines,is_a,segment
243,3,noisy_text[punctuation] + full_diagram,OK,Atlanta_Des_Moines,connects,Atlanta
243,3,noisy_text[punctuation] + full_diagram,OK,Atlanta_Des_Moines,connects,Des_Moines
243,3,noisy_text[punctuation] + full_diagram,OK,Des_Moines_Phoenix,has_measure,110x + 53
243,3,noisy_text[punctuation] + full_diagram,OK,Phoenix_Atlanta,has_measure,150x + 91
243,3,noisy_text[punctuation] + full_diagram,OK,Atlanta_Des_Moines,has_measure,73.8x
243,3,noisy_text[punctuation] + full_diagram,OK,Des_Moines_Phoenix,is_a,distance
243,3,noisy_text[punctuation] + full_diagram,OK,Phoenix_Atlanta,is_a,distance
243,3,noisy_text[punctuation] + full_diagram,OK,Atlanta_Des_Moines,is_a,distance
243,3,noisy_text[punctuation] + full_diagram,OK,total_trip_distance,has_measure,3482
,,,,,,
257,3,noisy_text[punctuation] + full_diagram,OK,ABE,is_a,triangle
257,3,noisy_text[punctuation] + full_diagram,OK,ACD,is_a,triangle
257,3,noisy_text[punctuation] + full_diagram,OK,ABE,shares_vertex_with,ACD
257,3,noisy_text[punctuation] + full_diagram,OK,BE,is_a,segment
257,3,noisy_text[punctuation] + full_diagram,OK,CD,is_a,segment
257,3,noisy_text[punctuation] + full_diagram,OK,BE,parallel_to,CD
257,3,noisy_text[punctuation] + full_diagram,OK,AB,is_a,segment
257,3,noisy_text[punctuation] + full_diagram,OK,AC,is_a,segment
257,3,noisy_text[punctuation] + full_diagram,OK,ED,is_a,segment
257,3,noisy_text[punctuation] + full_diagram,OK,AB,has_measure,12_units
257,3,noisy_text[punctuation] + full_diagram,OK,AC,has_measure,16_units
257,3,noisy_text[punctuation] + full_diagram,OK,ED,has_measure,5_units
257,3,noisy_text[punctuation] + full_diagram,OK,AE,is_a,segment
257,3,noisy_text[punctuation] + full_diagram,OK,A,is_a,point
257,3,noisy_text[punctuation] + full_diagram,OK,B,is_a,point
257,3,noisy_text[punctuation] + full_diagram,OK,C,is_a,point
257,3,noisy_text[punctuation] + full_diagram,OK,D,is_a,point
257,3,noisy_text[punctuation] + full_diagram,OK,E,is_a,point
257,3,noisy_text[punctuation] + full_diagram,OK,ABE,connects,A
257,3,noisy_text[punctuation] + full_diagram,OK,ABE,connects,B
257,3,noisy_text[punctuation] + full_diagram,OK,ABE,connects,E
257,3,noisy_text[punctuation] + full_diagram,OK,ACD,connects,A
257,3,noisy_text[punctuation] + full_diagram,OK,ACD,connects,C
257,3,noisy_text[punctuation] + full_diagram,OK,ACD,connects,D
257,3,noisy_text[punctuation] + full_diagram,OK,AB,connects,A
257,3,noisy_text[punctuation] + full_diagram,OK,AB,connects,B
257,3,noisy_text[punctuation] + full_diagram,OK,AC,connects,A
257,3,noisy_text[punctuation] + full_diagram,OK,AC,connects,C
257,3,noisy_text[punctuation] + full_diagram,OK,ED,connects,E
257,3,noisy_text[punctuation] + full_diagram,OK,ED,connects,D
257,3,noisy_text[punctuation] + full_diagram,OK,AE,connects,A
257,3,noisy_text[punctuation] + full_diagram,OK,AE,connects,E
,,,,,,
264,3,noisy_text[punctuation] + full_diagram,OK,M,is_a,point
264,3,noisy_text[punctuation] + full_diagram,OK,N,is_a,point
264,3,noisy_text[punctuation] + full_diagram,OK,P,is_a,point
264,3,noisy_text[punctuation] + full_diagram,OK,Q,is_a,point
264,3,noisy_text[punctuation] + full_diagram,OK,MN,is_a,segment
264,3,noisy_text[punctuation] + full_diagram,OK,NP,is_a,segment
264,3,noisy_text[punctuation] + full_diagram,OK,PQ,is_a,segment
264,3,noisy_text[punctuation] + full_diagram,OK,QM,is_a,segment
264,3,noisy_text[punctuation] + full_diagram,OK,MNPQ,is_a,parallelogram
264,3,noisy_text[punctuation] + full_diagram,OK,∠M,is_a,angle
264,3,noisy_text[punctuation] + full_diagram,OK,∠N,is_a,angle
264,3,noisy_text[punctuation] + full_diagram,OK,∠P,is_a,angle
264,3,noisy_text[punctuation] + full_diagram,OK,∠Q,is_a,angle
264,3,noisy_text[punctuation] + full_diagram,OK,∠M,has_measure,10x
264,3,noisy_text[punctuation] + full_diagram,OK,∠N,has_measure,20x
264,3,noisy_text[punctuation] + full_diagram,OK,∠M,equals,∠P
264,3,noisy_text[punctuation] + full_diagram,OK,∠N,equals,∠Q
264,3,noisy_text[punctuation] + full_diagram,OK,?,is_a,query
264,3,noisy_text[punctuation] + full_diagram,OK,?,has_target,∠M
,,,,,,
281,3,noisy_text[punctuation] + full_diagram,OK,ABC,is_a,triangle
281,3,noisy_text[punctuation] + full_diagram,OK,A,is_a,point
281,3,noisy_text[punctuation] + full_diagram,OK,B,is_a,point
281,3,noisy_text[punctuation] + full_diagram,OK,C,is_a,point
281,3,noisy_text[punctuation] + full_diagram,OK,AC,is_a,segment
281,3,noisy_text[punctuation] + full_diagram,OK,AB,is_a,segment
281,3,noisy_text[punctuation] + full_diagram,OK,BC,is_a,segment
281,3,noisy_text[punctuation] + full_diagram,OK,∠C,is_a,angle
281,3,noisy_text[punctuation] + full_diagram,OK,∠C,has_measure,90_deg
281,3,noisy_text[punctuation] + full_diagram,OK,AC,has_measure,24_units
281,3,noisy_text[punctuation] + full_diagram,OK,AB,has_measure,26_units
281,3,noisy_text[punctuation] + full_diagram,OK,BC,has_measure,10_units
281,3,noisy_text[punctuation] + full_diagram,OK,A,connects,B
281,3,noisy_text[punctuation] + full_diagram,OK,B,connects,C
281,3,noisy_text[punctuation] + full_diagram,OK,C,connects,A
281,3,noisy_text[punctuation] + full_diagram,OK,∠C,center_of,B
281,3,noisy_text[punctuation] + full_diagram,OK,∠C,center_of,A
281,3,noisy_text[punctuation] + full_diagram,OK,∠C,center_of,C
281,3,noisy_text[punctuation] + full_diagram,OK,cos B,is_a,ratio
,,,,,,
327,3,noisy_text[punctuation] + full_diagram,OK,X,is_a,point
327,3,noisy_text[punctuation] + full_diagram,OK,Y,is_a,point
327,3,noisy_text[punctuation] + full_diagram,OK,Z,is_a,point
327,3,noisy_text[punctuation] + full_diagram,OK,N,is_a,point
327,3,noisy_text[punctuation] + full_diagram,OK,XY,is_a,segment
327,3,noisy_text[punctuation] + full_diagram,OK,YZ,is_a,segment
327,3,noisy_text[punctuation] + full_diagram,OK,XZ,is_a,segment
327,3,noisy_text[punctuation] + full_diagram,OK,YZ,has_measure,10.7_km
327,3,noisy_text[punctuation] + full_diagram,OK,XY,has_measure,b_km
327,3,noisy_text[punctuation] + full_diagram,OK,XZ,has_measure,d_km
327,3,noisy_text[punctuation] + full_diagram,OK,Z,lies_on,XY
327,3,noisy_text[punctuation] + full_diagram,OK,N,lies_on,XZ
327,3,noisy_text[punctuation] + full_diagram,OK,XY,perpendicular_to,XZ
327,3,noisy_text[punctuation] + full_diagram,OK,X,is_a,angle
327,3,noisy_text[punctuation] + full_diagram,OK,X,has_measure,335_deg
,,,,,,
348,3,noisy_text[punctuation] + full_diagram,OK,helicopter,is_a,helicopter
348,3,noisy_text[punctuation] + full_diagram,OK,helicopter,has_measure,198_metres
348,3,noisy_text[punctuation] + full_diagram,OK,helicopter,has_measure,44_deg
348,3,noisy_text[punctuation] + full_diagram,OK,landing_pad,is_a,landing_pad
348,3,noisy_text[punctuation] + full_diagram,OK,helicopter,connects,landing_pad
348,3,noisy_text[punctuation] + full_diagram,OK,d,is_a,distance
348,3,noisy_text[punctuation] + full_diagram,OK,helicopter,has_measure,?
348,3,noisy_text[punctuation] + full_diagram,OK,helicopter,connects,?
,,,,,,
364,3,noisy_text[punctuation] + full_diagram,OK,cable,is_a,cable
364,3,noisy_text[punctuation] + full_diagram,OK,tower,is_a,tower
364,3,noisy_text[punctuation] + full_diagram,OK,bridge,is_a,bridge
364,3,noisy_text[punctuation] + full_diagram,OK,tower,connects,bridge
364,3,noisy_text[punctuation] + full_diagram,OK,cable,connects,tower
364,3,noisy_text[punctuation] + full_diagram,OK,cable,connects,bridge
364,3,noisy_text[punctuation] + full_diagram,OK,tower,has_measure,35.5_m
364,3,noisy_text[punctuation] + full_diagram,OK,connection_point,has_measure,65.9_m
364,3,noisy_text[punctuation] + full_diagram,OK,connection_point,lies_on,bridge
364,3,noisy_text[punctuation] + full_diagram,OK,h,is_a,?
364,3,noisy_text[punctuation] + full_diagram,OK,h,has_measure,?
364,3,noisy_text[punctuation] + full_diagram,OK,bridge,perpendicular_to,tower
364,3,noisy_text[punctuation] + full_diagram,OK,tower,is_a,concrete_tower
364,3,noisy_text[punctuation] + full_diagram,OK,cable,is_a,main_cable
,,,,,,
365,3,noisy_text[punctuation] + full_diagram,OK,plane,is_a,object
365,3,noisy_text[punctuation] + full_diagram,OK,ground,is_a,surface
365,3,noisy_text[punctuation] + full_diagram,OK,runway,is_a,segment
365,3,noisy_text[punctuation] + full_diagram,OK,plane,lies_on,?
365,3,noisy_text[punctuation] + full_diagram,OK,ground,lies_on,?
365,3,noisy_text[punctuation] + full_diagram,OK,runway,connects,airport
365,3,noisy_text[punctuation] + full_diagram,OK,plane,has_measure,10369_m
365,3,noisy_text[punctuation] + full_diagram,OK,plane,has_measure,23444_m
365,3,noisy_text[punctuation] + full_diagram,OK,theta,is_a,angle
365,3,noisy_text[punctuation] + full_diagram,OK,theta,has_measure,?
365,3,noisy_text[punctuation] + full_diagram,OK,theta,is_a,angle_of_approach
365,3,noisy_text[punctuation] + full_diagram,OK,question,is_a,query
365,3,noisy_text[punctuation] + full_diagram,OK,question,has_measure,?
365,3,noisy_text[punctuation] + full_diagram,OK,question,has_measure,1_decimal_place
,,,,,,
420,3,noisy_text[punctuation] + full_diagram,OK,A,is_a,point
420,3,noisy_text[punctuation] + full_diagram,OK,B,is_a,point
420,3,noisy_text[punctuation] + full_diagram,OK,C,is_a,point
420,3,noisy_text[punctuation] + full_diagram,OK,D,is_a,point
420,3,noisy_text[punctuation] + full_diagram,OK,AB,is_a,segment
420,3,noisy_text[punctuation] + full_diagram,OK,BC,is_a,segment
420,3,noisy_text[punctuation] + full_diagram,OK,CD,is_a,segment
420,3,noisy_text[punctuation] + full_diagram,OK,DA,is_a,segment
420,3,noisy_text[punctuation] + full_diagram,OK,ABCD,is_a,trapezoid
420,3,noisy_text[punctuation] + full_diagram,OK,AB,parallel_to,CD
420,3,noisy_text[punctuation] + full_diagram,OK,BC,has_measure,10_cm
420,3,noisy_text[punctuation] + full_diagram,OK,B,is_a,vertex
420,3,noisy_text[punctuation] + full_diagram,OK,B,connects,AB
420,3,noisy_text[punctuation] + full_diagram,OK,B,connects,BC
420,3,noisy_text[punctuation] + full_diagram,OK,AD,is_a,segment
420,3,noisy_text[punctuation] + full_diagram,OK,AD,connects,A
420,3,noisy_text[punctuation] + full_diagram,OK,AD,connects,D
420,3,noisy_text[punctuation] + full_diagram,OK,6_cm_segment,is_a,segment
420,3,noisy_text[punctuation] + full_diagram,OK,6_cm_segment,perpendicular_to,AD
420,3,noisy_text[punctuation] + full_diagram,OK,6_cm_segment,connects,B
420,3,noisy_text[punctuation] + full_diagram,OK,AB,has_measure,x
420,3,noisy_text[punctuation] + full_diagram,OK,x,is_a,?
420,3,noisy_text[punctuation] + full_diagram,OK,AB,is_a,?
,,,,,,
432,3,noisy_text[punctuation] + full_diagram,OK,-3,4,"is_a, point"
432,3,noisy_text[punctuation] + full_diagram,OK,5,2,"is_a, point"
432,3,noisy_text[punctuation] + full_diagram,OK,-3,4,"connects, 5, 2"
432,3,noisy_text[punctuation] + full_diagram,OK,d,is_a,distance
432,3,noisy_text[punctuation] + full_diagram,OK,d,connects,"-3, 4"
432,3,noisy_text[punctuation] + full_diagram,OK,d,connects,"5, 2"
432,3,noisy_text[punctuation] + full_diagram,OK,-3,4,"has_measure, -3"
432,3,noisy_text[punctuation] + full_diagram,OK,-3,4,"has_measure, 4"
432,3,noisy_text[punctuation] + full_diagram,OK,5,2,"has_measure, 5"
432,3,noisy_text[punctuation] + full_diagram,OK,5,2,"has_measure, 2"
432,3,noisy_text[punctuation] + full_diagram,OK,x,is_a,axis
432,3,noisy_text[punctuation] + full_diagram,OK,y,is_a,axis
432,3,noisy_text[punctuation] + full_diagram,OK,x,perpendicular_to,y
432,3,noisy_text[punctuation] + full_diagram,OK,-3,4,"lies_on, y"
432,3,noisy_text[punctuation] + full_diagram,OK,5,2,"lies_on, y"
432,3,noisy_text[punctuation] + full_diagram,OK,-3,4,"lies_on, x"
432,3,noisy_text[punctuation] + full_diagram,OK,5,2,"lies_on, x"
,,,,,,
438,3,noisy_text[punctuation] + full_diagram,OK,hyperbola,is_a,hyperbola
438,3,noisy_text[punctuation] + full_diagram,OK,center,is_a,point
438,3,noisy_text[punctuation] + full_diagram,OK,vertex_1,is_a,point
438,3,noisy_text[punctuation] + full_diagram,OK,vertex_2,is_a,point
438,3,noisy_text[punctuation] + full_diagram,OK,focus_1,is_a,point
438,3,noisy_text[punctuation] + full_diagram,OK,focus_2,is_a,point
438,3,noisy_text[punctuation] + full_diagram,OK,hyperbola,center_of,center
438,3,noisy_text[punctuation] + full_diagram,OK,hyperbola,has_measure,vertices
438,3,noisy_text[punctuation] + full_diagram,OK,hyperbola,has_measure,foci
438,3,noisy_text[punctuation] + full_diagram,OK,vertices,connects,vertex_1
438,3,noisy_text[punctuation] + full_diagram,OK,vertices,connects,vertex_2
438,3,noisy_text[punctuation] + full_diagram,OK,foci,connects,focus_1
438,3,noisy_text[punctuation] + full_diagram,OK,foci,connects,focus_2
438,3,noisy_text[punctuation] + full_diagram,OK,center,lies_on,vertices
438,3,noisy_text[punctuation] + full_diagram,OK,center,lies_on,foci
438,3,noisy_text[punctuation] + full_diagram,OK,hyperbola,has_measure,?
438,3,noisy_text[punctuation] + full_diagram,OK,hyperbola,is_a,?
,,,,,,
441,3,noisy_text[punctuation] + full_diagram,OK,P,is_a,point
441,3,noisy_text[punctuation] + full_diagram,OK,a,is_a,angle
441,3,noisy_text[punctuation] + full_diagram,OK,a,has_measure,?
441,3,noisy_text[punctuation] + full_diagram,OK,unit_circle,is_a,circle
441,3,noisy_text[punctuation] + full_diagram,OK,P,lies_on,unit_circle
441,3,noisy_text[punctuation] + full_diagram,OK,unit_circle,radius_of,1_unit
441,3,noisy_text[punctuation] + full_diagram,OK,y,is_a,axis
441,3,noisy_text[punctuation] + full_diagram,OK,P,connects,y
,,,,,,
447,3,noisy_text[punctuation] + full_diagram,OK,a,is_a,angle
447,3,noisy_text[punctuation] + full_diagram,OK,P,is_a,point
447,3,noisy_text[punctuation] + full_diagram,OK,P,lies_on,unit_circle
447,3,noisy_text[punctuation] + full_diagram,OK,a,is_a,standard_position
447,3,noisy_text[punctuation] + full_diagram,OK,unit_circle,center_of,origin
447,3,noisy_text[punctuation] + full_diagram,OK,unit_circle,radius_of,1_unit
447,3,noisy_text[punctuation] + full_diagram,OK,x,is_a,axis
447,3,noisy_text[punctuation] + full_diagram,OK,y,is_a,axis
447,3,noisy_text[punctuation] + full_diagram,OK,origin,is_a,point
447,3,noisy_text[punctuation] + full_diagram,OK,x,is_a,x_axis
447,3,noisy_text[punctuation] + full_diagram,OK,y,is_a,y_axis
447,3,noisy_text[punctuation] + full_diagram,OK,origin,center_of,unit_circle
447,3,noisy_text[punctuation] + full_diagram,OK,a,connects,"origin, P"
,,,,,,
449,3,noisy_text[punctuation] + full_diagram,OK,O,is_a,point
449,3,noisy_text[punctuation] + full_diagram,OK,O,center_of,circle
449,3,noisy_text[punctuation] + full_diagram,OK,circle,is_a,unit_circle
449,3,noisy_text[punctuation] + full_diagram,OK,circle,center_of,O
449,3,noisy_text[punctuation] + full_diagram,OK,P,is_a,point
449,3,noisy_text[punctuation] + full_diagram,OK,P,lies_on,circle
449,3,noisy_text[punctuation] + full_diagram,OK,θ,is_a,angle
449,3,noisy_text[punctuation] + full_diagram,OK,O,is_a,origin
,,,,,,
457,3,noisy_text[punctuation] + full_diagram,OK,C,is_a,circle
457,3,noisy_text[punctuation] + full_diagram,OK,C,radius_of,6
457,3,noisy_text[punctuation] + full_diagram,OK,?,is_a,point
457,3,noisy_text[punctuation] + full_diagram,OK,?,lies_on,C
457,3,noisy_text[punctuation] + full_diagram,OK,?,is_a,question
457,3,noisy_text[punctuation] + full_diagram,OK,?,is_a,coordinate_system
457,3,noisy_text[punctuation] + full_diagram,OK,?,has_measure,10
457,3,noisy_text[punctuation] + full_diagram,OK,?,is_a,x_axis
457,3,noisy_text[punctuation] + full_diagram,OK,?,is_a,y_axis
457,3,noisy_text[punctuation] + full_diagram,OK,?,is_a,grid
457,3,noisy_text[punctuation] + full_diagram,OK,?,is_a,label
457,3,noisy_text[punctuation] + full_diagram,OK,?,is_a,text
,,,,,,
472,3,noisy_text[punctuation] + full_diagram,OK,-7,0,"is_a, point"
472,3,noisy_text[punctuation] + full_diagram,OK,-5,-5,"is_a, point"
472,3,noisy_text[punctuation] + full_diagram,OK,0,7,"is_a, point"
472,3,noisy_text[punctuation] + full_diagram,OK,5,-5,"is_a, point"
472,3,noisy_text[punctuation] + full_diagram,OK,7,0,"is_a, point"
472,3,noisy_text[punctuation] + full_diagram,OK,semicircle,is_a,semicircle
472,3,noisy_text[punctuation] + full_diagram,OK,?,is_a,"center_of, semicircle"
472,3,noisy_text[punctuation] + full_diagram,OK,?,is_a,point
472,3,noisy_text[punctuation] + full_diagram,OK,?,is_a,query_target
,,,,,,
