problem_index,case_id,case_label,status,subject,predicate,object
1,5,noisy_text[typo] + full_diagram,OK,A,is_a,point
1,5,noisy_text[typo] + full_diagram,OK,B,is_a,point
1,5,noisy_text[typo] + full_diagram,OK,C,is_a,point
1,5,noisy_text[typo] + full_diagram,OK,D,is_a,point
1,5,noisy_text[typo] + full_diagram,OK,E,is_a,point
1,5,noisy_text[typo] + full_diagram,OK,ABC,is_a,triangle
1,5,noisy_text[typo] + full_diagram,OK,AB,is_a,segment
1,5,noisy_text[typo] + full_diagram,OK,AC,is_a,segment
1,5,noisy_text[typo] + full_diagram,OK,BC,is_a,segment
1,5,noisy_text[typo] + full_diagram,OK,DE,is_a,segment
1,5,noisy_text[typo] + full_diagram,OK,∠A,is_a,angle
1,5,noisy_text[typo] + full_diagram,OK,∠B,is_a,angle
1,5,noisy_text[typo] + full_diagram,OK,∠C,is_a,angle
1,5,noisy_text[typo] + full_diagram,OK,∠CED,is_a,angle
1,5,noisy_text[typo] + full_diagram,OK,∠A,has_measure,80_deg
1,5,noisy_text[typo] + full_diagram,OK,∠B,has_measure,60_deg
1,5,noisy_text[typo] + full_diagram,OK,D,lies_on,AB
1,5,noisy_text[typo] + full_diagram,OK,E,lies_on,AC
1,5,noisy_text[typo] + full_diagram,OK,DE,parallel_to,BC
,,,,,,
2,5,noisy_text[typo] + full_diagram,OK,A,is_a,point
2,5,noisy_text[typo] + full_diagram,OK,B,is_a,point
2,5,noisy_text[typo] + full_diagram,OK,C,is_a,point
2,5,noisy_text[typo] + full_diagram,OK,D,is_a,point
2,5,noisy_text[typo] + full_diagram,OK,E,is_a,point
2,5,noisy_text[typo] + full_diagram,OK,F,is_a,point
2,5,noisy_text[typo] + full_diagram,OK,G,is_a,point
2,5,noisy_text[typo] + full_diagram,OK,AB,is_a,segment
2,5,noisy_text[typo] + full_diagram,OK,CD,is_a,segment
2,5,noisy_text[typo] + full_diagram,OK,EF,is_a,segment
2,5,noisy_text[typo] + full_diagram,OK,EG,is_a,segment
2,5,noisy_text[typo] + full_diagram,OK,∠BEF,is_a,angle
2,5,noisy_text[typo] + full_diagram,OK,∠EFG,is_a,angle
2,5,noisy_text[typo] + full_diagram,OK,∠EGF,is_a,angle
2,5,noisy_text[typo] + full_diagram,OK,AB,parallel_to,CD
2,5,noisy_text[typo] + full_diagram,OK,EF,intersects,AB
2,5,noisy_text[typo] + full_diagram,OK,EF,intersects,CD
2,5,noisy_text[typo] + full_diagram,OK,EG,intersects,CD
2,5,noisy_text[typo] + full_diagram,OK,EG,bisects,∠BEF
2,5,noisy_text[typo] + full_diagram,OK,∠EFG,has_measure,50_deg
2,5,noisy_text[typo] + full_diagram,OK,∠EGF,has_measure,?
,,,,,,
3,5,noisy_text[typo] + full_diagram,OK,BC,is_a,segment
3,5,noisy_text[typo] + full_diagram,OK,BA,is_a,segment
3,5,noisy_text[typo] + full_diagram,OK,BC,intersects,B
3,5,noisy_text[typo] + full_diagram,OK,BA,intersects,B
3,5,noisy_text[typo] + full_diagram,OK,BD,is_a,segment
3,5,noisy_text[typo] + full_diagram,OK,angle ABC,is_a,angle
3,5,noisy_text[typo] + full_diagram,OK,BD,bisects,angle ABC
3,5,noisy_text[typo] + full_diagram,OK,CD,is_a,segment
3,5,noisy_text[typo] + full_diagram,OK,AB,is_a,segment
3,5,noisy_text[typo] + full_diagram,OK,CD,parallel_to,AB
3,5,noisy_text[typo] + full_diagram,OK,angle BCD,is_a,angle
3,5,noisy_text[typo] + full_diagram,OK,angle BCD,has_measure,70_deg
3,5,noisy_text[typo] + full_diagram,OK,angle CDB,is_a,angle
3,5,noisy_text[typo] + full_diagram,OK,angle CDB,has_measure,?
3,5,noisy_text[typo] + full_diagram,OK,angle DBC,is_a,angle
3,5,noisy_text[typo] + full_diagram,OK,angle DBC,has_measure,?
,,,,,,
4,5,noisy_text[typo] + full_diagram,OK,AB,is_a,segment
4,5,noisy_text[typo] + full_diagram,OK,AB,tangent_to,circle_O
4,5,noisy_text[typo] + full_diagram,OK,O,is_a,point
4,5,noisy_text[typo] + full_diagram,OK,O,center_of,circle_O
4,5,noisy_text[typo] + full_diagram,OK,B,is_a,point
4,5,noisy_text[typo] + full_diagram,OK,B,lies_on,circle_O
4,5,noisy_text[typo] + full_diagram,OK,A,is_a,point
4,5,noisy_text[typo] + full_diagram,OK,A,connects,B
4,5,noisy_text[typo] + full_diagram,OK,AO,is_a,segment
4,5,noisy_text[typo] + full_diagram,OK,AO,intersects,circle_O
4,5,noisy_text[typo] + full_diagram,OK,C,is_a,point
4,5,noisy_text[typo] + full_diagram,OK,C,lies_on,circle_O
4,5,noisy_text[typo] + full_diagram,OK,AO,connects,C
4,5,noisy_text[typo] + full_diagram,OK,BC,is_a,segment
4,5,noisy_text[typo] + full_diagram,OK,BC,connects,B
4,5,noisy_text[typo] + full_diagram,OK,BC,connects,C
4,5,noisy_text[typo] + full_diagram,OK,angle_A,is_a,angle
4,5,noisy_text[typo] + full_diagram,OK,angle_A,has_measure,36_deg
4,5,noisy_text[typo] + full_diagram,OK,angle_C,is_a,angle
4,5,noisy_text[typo] + full_diagram,OK,angle_OCB,is_a,angle
4,5,noisy_text[typo] + full_diagram,OK,angle_A,connects,A
4,5,noisy_text[typo] + full_diagram,OK,angle_A,connects,B
4,5,noisy_text[typo] + full_diagram,OK,angle_C,connects,C
4,5,noisy_text[typo] + full_diagram,OK,angle_OCB,connects,O
4,5,noisy_text[typo] + full_diagram,OK,angle_OCB,connects,C
4,5,noisy_text[typo] + full_diagram,OK,angle_OCB,connects,B
,,,,,,
7,5,noisy_text[typo] + full_diagram,OK,A,is_a,point
7,5,noisy_text[typo] + full_diagram,OK,B,is_a,point
7,5,noisy_text[typo] + full_diagram,OK,C,is_a,point
7,5,noisy_text[typo] + full_diagram,OK,D,is_a,point
7,5,noisy_text[typo] + full_diagram,OK,E,is_a,point
7,5,noisy_text[typo] + full_diagram,OK,ABC,is_a,triangle
7,5,noisy_text[typo] + full_diagram,OK,ADE,is_a,triangle
7,5,noisy_text[typo] + full_diagram,OK,ABC,is_a,congruent
7,5,noisy_text[typo] + full_diagram,OK,ADE,is_a,congruent
7,5,noisy_text[typo] + full_diagram,OK,A,is_a,vertex
7,5,noisy_text[typo] + full_diagram,OK,B,is_a,vertex
7,5,noisy_text[typo] + full_diagram,OK,C,is_a,vertex
7,5,noisy_text[typo] + full_diagram,OK,D,is_a,vertex
7,5,noisy_text[typo] + full_diagram,OK,E,is_a,vertex
7,5,noisy_text[typo] + full_diagram,OK,∠B,is_a,angle
7,5,noisy_text[typo] + full_diagram,OK,∠C,is_a,angle
7,5,noisy_text[typo] + full_diagram,OK,∠DAC,is_a,angle
7,5,noisy_text[typo] + full_diagram,OK,∠EAC,is_a,angle
7,5,noisy_text[typo] + full_diagram,OK,∠B,has_measure,70_deg
7,5,noisy_text[typo] + full_diagram,OK,∠C,has_measure,30_deg
7,5,noisy_text[typo] + full_diagram,OK,∠DAC,has_measure,35_deg
7,5,noisy_text[typo] + full_diagram,OK,ABC,connects,A
7,5,noisy_text[typo] + full_diagram,OK,ABC,connects,B
7,5,noisy_text[typo] + full_diagram,OK,ABC,connects,C
7,5,noisy_text[typo] + full_diagram,OK,ADE,connects,A
7,5,noisy_text[typo] + full_diagram,OK,ADE,connects,D
7,5,noisy_text[typo] + full_diagram,OK,ADE,connects,E
7,5,noisy_text[typo] + full_diagram,OK,A,is_a,common_vertex
7,5,noisy_text[typo] + full_diagram,OK,∠EAC,is_a,query_target
,,,,,,
8,5,noisy_text[typo] + full_diagram,OK,A,is_a,point
8,5,noisy_text[typo] + full_diagram,OK,B,is_a,point
8,5,noisy_text[typo] + full_diagram,OK,C,is_a,point
8,5,noisy_text[typo] + full_diagram,OK,D,is_a,point
8,5,noisy_text[typo] + full_diagram,OK,E,is_a,point
8,5,noisy_text[typo] + full_diagram,OK,F,is_a,point
8,5,noisy_text[typo] + full_diagram,OK,ABC,is_a,triangle
8,5,noisy_text[typo] + full_diagram,OK,DEF,is_a,triangle
8,5,noisy_text[typo] + full_diagram,OK,ABC,is_a,"congruent_to, DEF"
8,5,noisy_text[typo] + full_diagram,OK,A,mapped_to,D
8,5,noisy_text[typo] + full_diagram,OK,B,mapped_to,E
8,5,noisy_text[typo] + full_diagram,OK,BC,is_a,segment
8,5,noisy_text[typo] + full_diagram,OK,BE,is_a,segment
8,5,noisy_text[typo] + full_diagram,OK,EC,is_a,segment
8,5,noisy_text[typo] + full_diagram,OK,BF,is_a,segment
8,5,noisy_text[typo] + full_diagram,OK,BC,has_measure,5.0
8,5,noisy_text[typo] + full_diagram,OK,BF,has_measure,7.0
8,5,noisy_text[typo] + full_diagram,OK,EC,has_measure,?
,,,,,,
9,5,noisy_text[typo] + full_diagram,OK,A,is_a,point
9,5,noisy_text[typo] + full_diagram,OK,B,is_a,point
9,5,noisy_text[typo] + full_diagram,OK,C,is_a,point
9,5,noisy_text[typo] + full_diagram,OK,D,is_a,point
9,5,noisy_text[typo] + full_diagram,OK,E,is_a,point
9,5,noisy_text[typo] + full_diagram,OK,AB,is_a,segment
9,5,noisy_text[typo] + full_diagram,OK,AC,is_a,segment
9,5,noisy_text[typo] + full_diagram,OK,AD,is_a,segment
9,5,noisy_text[typo] + full_diagram,OK,AE,is_a,segment
9,5,noisy_text[typo] + full_diagram,OK,BC,is_a,segment
9,5,noisy_text[typo] + full_diagram,OK,BD,is_a,segment
9,5,noisy_text[typo] + full_diagram,OK,CD,is_a,segment
9,5,noisy_text[typo] + full_diagram,OK,DE,is_a,segment
9,5,noisy_text[typo] + full_diagram,OK,∠CAB,is_a,angle
9,5,noisy_text[typo] + full_diagram,OK,∠ACB,is_a,angle
9,5,noisy_text[typo] + full_diagram,OK,∠BDC,is_a,angle
9,5,noisy_text[typo] + full_diagram,OK,∠CDE,is_a,angle
9,5,noisy_text[typo] + full_diagram,OK,∠DEB,is_a,angle
9,5,noisy_text[typo] + full_diagram,OK,A,connects,B
9,5,noisy_text[typo] + full_diagram,OK,A,connects,C
9,5,noisy_text[typo] + full_diagram,OK,A,connects,D
9,5,noisy_text[typo] + full_diagram,OK,A,connects,E
9,5,noisy_text[typo] + full_diagram,OK,B,connects,C
9,5,noisy_text[typo] + full_diagram,OK,B,connects,D
9,5,noisy_text[typo] + full_diagram,OK,B,connects,E
9,5,noisy_text[typo] + full_diagram,OK,C,connects,D
9,5,noisy_text[typo] + full_diagram,OK,D,connects,E
9,5,noisy_text[typo] + full_diagram,OK,AC,has_measure,?
9,5,noisy_text[typo] + full_diagram,OK,BC,has_measure,?
9,5,noisy_text[typo] + full_diagram,OK,AB,has_measure,6.0
9,5,noisy_text[typo] + full_diagram,OK,∠ACB,has_measure,90_deg
9,5,noisy_text[typo] + full_diagram,OK,AD,intersects,BC
9,5,noisy_text[typo] + full_diagram,OK,DE,perpendicular_to,AB
9,5,noisy_text[typo] + full_diagram,OK,AD,bisects,∠CAB
,,,,,,
10,5,noisy_text[typo] + full_diagram,OK,A,is_a,point
10,5,noisy_text[typo] + full_diagram,OK,B,is_a,point
10,5,noisy_text[typo] + full_diagram,OK,C,is_a,point
10,5,noisy_text[typo] + full_diagram,OK,AB,is_a,segment
10,5,noisy_text[typo] + full_diagram,OK,AC,is_a,segment
10,5,noisy_text[typo] + full_diagram,OK,BC,is_a,segment
10,5,noisy_text[typo] + full_diagram,OK,∠A,is_a,angle
10,5,noisy_text[typo] + full_diagram,OK,∠A,has_measure,36_deg
10,5,noisy_text[typo] + full_diagram,OK,AB,is_a,triangle_side
10,5,noisy_text[typo] + full_diagram,OK,AC,is_a,triangle_side
10,5,noisy_text[typo] + full_diagram,OK,BC,is_a,triangle_side
10,5,noisy_text[typo] + full_diagram,OK,ABC,is_a,triangle
,,,,,,
11,5,noisy_text[typo] + full_diagram,OK,A,is_a,point
11,5,noisy_text[typo] + full_diagram,OK,B,is_a,point
11,5,noisy_text[typo] + full_diagram,OK,C,is_a,point
11,5,noisy_text[typo] + full_diagram,OK,D,is_a,point
11,5,noisy_text[typo] + full_diagram,OK,E,is_a,point
11,5,noisy_text[typo] + full_diagram,OK,F,is_a,point
11,5,noisy_text[typo] + full_diagram,OK,AB,is_a,segment
11,5,noisy_text[typo] + full_diagram,OK,BC,is_a,segment
11,5,noisy_text[typo] + full_diagram,OK,CA,is_a,segment
11,5,noisy_text[typo] + full_diagram,OK,AD,is_a,segment
11,5,noisy_text[typo] + full_diagram,OK,AE,is_a,segment
11,5,noisy_text[typo] + full_diagram,OK,ED,is_a,segment
11,5,noisy_text[typo] + full_diagram,OK,∠C,is_a,angle
11,5,noisy_text[typo] + full_diagram,OK,∠C,has_measure,36_deg
11,5,noisy_text[typo] + full_diagram,OK,∠E,is_a,angle
11,5,noisy_text[typo] + full_diagram,OK,∠E,has_measure,60_deg
11,5,noisy_text[typo] + full_diagram,OK,∠DFC,is_a,angle
11,5,noisy_text[typo] + full_diagram,OK,triangle_ABC,is_a,triangle
11,5,noisy_text[typo] + full_diagram,OK,triangle_AED,is_a,triangle
11,5,noisy_text[typo] + full_diagram,OK,triangle_ABC,rotated_about,A
11,5,noisy_text[typo] + full_diagram,OK,triangle_ABC,mapped_to,triangle_AED
11,5,noisy_text[typo] + full_diagram,OK,AD,intersects,BC
11,5,noisy_text[typo] + full_diagram,OK,AD,intersects,"BC, at, F"
,,,,,,
14,5,noisy_text[typo] + full_diagram,OK,O,is_a,circle
14,5,noisy_text[typo] + full_diagram,OK,A,is_a,point
14,5,noisy_text[typo] + full_diagram,OK,B,is_a,point
14,5,noisy_text[typo] + full_diagram,OK,C,is_a,point
14,5,noisy_text[typo] + full_diagram,OK,ABC,is_a,triangle
14,5,noisy_text[typo] + full_diagram,OK,OAB,is_a,angle
14,5,noisy_text[typo] + full_diagram,OK,OAB,has_measure,35_deg
14,5,noisy_text[typo] + full_diagram,OK,AOB,is_a,angle
14,5,noisy_text[typo] + full_diagram,OK,AOB,has_measure,?
14,5,noisy_text[typo] + full_diagram,OK,O,center_of,circle
14,5,noisy_text[typo] + full_diagram,OK,A,lies_on,circle
14,5,noisy_text[typo] + full_diagram,OK,B,lies_on,circle
14,5,noisy_text[typo] + full_diagram,OK,C,lies_on,circle
14,5,noisy_text[typo] + full_diagram,OK,A,connects,B
14,5,noisy_text[typo] + full_diagram,OK,B,connects,C
14,5,noisy_text[typo] + full_diagram,OK,C,connects,A
14,5,noisy_text[typo] + full_diagram,OK,A,connects,O
14,5,noisy_text[typo] + full_diagram,OK,B,connects,O
14,5,noisy_text[typo] + full_diagram,OK,C,connects,O
14,5,noisy_text[typo] + full_diagram,OK,ABC,inscribed_in,circle
14,5,noisy_text[typo] + full_diagram,OK,ACB,is_a,angle
,,,,,,
16,5,noisy_text[typo] + full_diagram,OK,O,is_a,point
16,5,noisy_text[typo] + full_diagram,OK,O,center_of,circle
16,5,noisy_text[typo] + full_diagram,OK,AC,is_a,chord
16,5,noisy_text[typo] + full_diagram,OK,AC,parallel_to,OB
16,5,noisy_text[typo] + full_diagram,OK,OB,is_a,radius
16,5,noisy_text[typo] + full_diagram,OK,BOC,is_a,angle
16,5,noisy_text[typo] + full_diagram,OK,BOC,has_measure,50_deg
16,5,noisy_text[typo] + full_diagram,OK,OAB,is_a,angle
16,5,noisy_text[typo] + full_diagram,OK,A,is_a,point
16,5,noisy_text[typo] + full_diagram,OK,B,is_a,point
16,5,noisy_text[typo] + full_diagram,OK,C,is_a,point
16,5,noisy_text[typo] + full_diagram,OK,AC,connects,A
16,5,noisy_text[typo] + full_diagram,OK,AC,connects,C
16,5,noisy_text[typo] + full_diagram,OK,O,connects,B
16,5,noisy_text[typo] + full_diagram,OK,O,connects,A
16,5,noisy_text[typo] + full_diagram,OK,O,connects,C
16,5,noisy_text[typo] + full_diagram,OK,B,connects,C
16,5,noisy_text[typo] + full_diagram,OK,A,connects,B
16,5,noisy_text[typo] + full_diagram,OK,OAB,connects,A
16,5,noisy_text[typo] + full_diagram,OK,OAB,connects,B
16,5,noisy_text[typo] + full_diagram,OK,OAB,connects,O
,,,,,,
17,5,noisy_text[typo] + full_diagram,OK,A,is_a,point
17,5,noisy_text[typo] + full_diagram,OK,B,is_a,point
17,5,noisy_text[typo] + full_diagram,OK,C,is_a,point
17,5,noisy_text[typo] + full_diagram,OK,D,is_a,point
17,5,noisy_text[typo] + full_diagram,OK,O,is_a,point
17,5,noisy_text[typo] + full_diagram,OK,AC,is_a,segment
17,5,noisy_text[typo] + full_diagram,OK,BD,is_a,segment
17,5,noisy_text[typo] + full_diagram,OK,AB,is_a,segment
17,5,noisy_text[typo] + full_diagram,OK,BC,is_a,segment
17,5,noisy_text[typo] + full_diagram,OK,CD,is_a,segment
17,5,noisy_text[typo] + full_diagram,OK,DA,is_a,segment
17,5,noisy_text[typo] + full_diagram,OK,AC,intersects,BD
17,5,noisy_text[typo] + full_diagram,OK,AC,intersects,"BD, at, O"
17,5,noisy_text[typo] + full_diagram,OK,∠DAC,is_a,angle
17,5,noisy_text[typo] + full_diagram,OK,∠DAC,has_measure,42_deg
17,5,noisy_text[typo] + full_diagram,OK,∠CBD,is_a,angle
17,5,noisy_text[typo] + full_diagram,OK,∠CBD,has_measure,23_deg
17,5,noisy_text[typo] + full_diagram,OK,ACD,is_a,parallelogram
17,5,noisy_text[typo] + full_diagram,OK,AB,parallel_to,CD
17,5,noisy_text[typo] + full_diagram,OK,AD,parallel_to,BC
17,5,noisy_text[typo] + full_diagram,OK,∠COD,is_a,angle
17,5,noisy_text[typo] + full_diagram,OK,∠COD,has_measure,?
,,,,,,
20,5,noisy_text[typo] + full_diagram,OK,AB,is_a,diameter
20,5,noisy_text[typo] + full_diagram,OK,O,is_a,circle
20,5,noisy_text[typo] + full_diagram,OK,AB,center_of,O
20,5,noisy_text[typo] + full_diagram,OK,C,is_a,point
20,5,noisy_text[typo] + full_diagram,OK,D,is_a,point
20,5,noisy_text[typo] + full_diagram,OK,AB,connects,"A, B"
20,5,noisy_text[typo] + full_diagram,OK,AC,connects,"A, C"
20,5,noisy_text[typo] + full_diagram,OK,BC,connects,"B, C"
20,5,noisy_text[typo] + full_diagram,OK,CD,connects,"C, D"
20,5,noisy_text[typo] + full_diagram,OK,OD,connects,"O, D"
20,5,noisy_text[typo] + full_diagram,OK,∠DOB,has_measure,140_deg
20,5,noisy_text[typo] + full_diagram,OK,ACD,is_a,angle
20,5,noisy_text[typo] + full_diagram,OK,ACD,is_a,query_target
,,,,,,
22,5,noisy_text[typo] + full_diagram,OK,A,is_a,point
22,5,noisy_text[typo] + full_diagram,OK,B,is_a,point
22,5,noisy_text[typo] + full_diagram,OK,C,is_a,point
22,5,noisy_text[typo] + full_diagram,OK,D,is_a,point
22,5,noisy_text[typo] + full_diagram,OK,M,is_a,point
22,5,noisy_text[typo] + full_diagram,OK,N,is_a,point
22,5,noisy_text[typo] + full_diagram,OK,O,is_a,point
22,5,noisy_text[typo] + full_diagram,OK,AM,is_a,segment
22,5,noisy_text[typo] + full_diagram,OK,CN,is_a,segment
22,5,noisy_text[typo] + full_diagram,OK,MN,is_a,segment
22,5,noisy_text[typo] + full_diagram,OK,AC,is_a,segment
22,5,noisy_text[typo] + full_diagram,OK,BO,is_a,segment
22,5,noisy_text[typo] + full_diagram,OK,∠DAC,is_a,angle
22,5,noisy_text[typo] + full_diagram,OK,∠OBC,is_a,angle
22,5,noisy_text[typo] + full_diagram,OK,ABCD,is_a,diamond
22,5,noisy_text[typo] + full_diagram,OK,M,lies_on,AB
22,5,noisy_text[typo] + full_diagram,OK,N,lies_on,CD
22,5,noisy_text[typo] + full_diagram,OK,AM,connects,"M, A"
22,5,noisy_text[typo] + full_diagram,OK,CN,connects,"N, C"
22,5,noisy_text[typo] + full_diagram,OK,MN,connects,"M, N"
22,5,noisy_text[typo] + full_diagram,OK,AC,connects,"A, C"
22,5,noisy_text[typo] + full_diagram,OK,BO,connects,"B, O"
22,5,noisy_text[typo] + full_diagram,OK,∠DAC,has_measure,28_deg
22,5,noisy_text[typo] + full_diagram,OK,AM,has_measure,CN
22,5,noisy_text[typo] + full_diagram,OK,MN,intersects,"AC, at, O"
22,5,noisy_text[typo] + full_diagram,OK,BO,intersects,"MN, at, O"
,,,,,,
25,5,noisy_text[typo] + full_diagram,OK,A,is_a,point
25,5,noisy_text[typo] + full_diagram,OK,B,is_a,point
25,5,noisy_text[typo] + full_diagram,OK,C,is_a,point
25,5,noisy_text[typo] + full_diagram,OK,E,is_a,point
25,5,noisy_text[typo] + full_diagram,OK,F,is_a,point
25,5,noisy_text[typo] + full_diagram,OK,AB,is_a,segment
25,5,noisy_text[typo] + full_diagram,OK,AC,is_a,segment
25,5,noisy_text[typo] + full_diagram,OK,BC,is_a,segment
25,5,noisy_text[typo] + full_diagram,OK,EF,is_a,segment
25,5,noisy_text[typo] + full_diagram,OK,∠BAF,is_a,angle
25,5,noisy_text[typo] + full_diagram,OK,∠BAC,is_a,angle
25,5,noisy_text[typo] + full_diagram,OK,∠ACF,is_a,angle
25,5,noisy_text[typo] + full_diagram,OK,EF,parallel_to,BC
25,5,noisy_text[typo] + full_diagram,OK,AC,intersects,EF
25,5,noisy_text[typo] + full_diagram,OK,AC,intersects,BC
25,5,noisy_text[typo] + full_diagram,OK,AC,bisects,∠BAF
25,5,noisy_text[typo] + full_diagram,OK,∠B,has_measure,50_deg
,,,,,,
26,5,noisy_text[typo] + full_diagram,OK,bamboo_pole,is_a,object
26,5,noisy_text[typo] + full_diagram,OK,8m,is_a,distance
26,5,noisy_text[typo] + full_diagram,OK,22m,is_a,distance
26,5,noisy_text[typo] + full_diagram,OK,bamboo_pole,has_measure,3.2_m
26,5,noisy_text[typo] + full_diagram,OK,bamboo_pole,is_a,measuring_tool
26,5,noisy_text[typo] + full_diagram,OK,flagpole,is_a,object
26,5,noisy_text[typo] + full_diagram,OK,flagpole,has_measure,?
26,5,noisy_text[typo] + full_diagram,OK,bamboo_pole,connects,ground
26,5,noisy_text[typo] + full_diagram,OK,flagpole,connects,ground
,,,,,,
29,5,noisy_text[typo] + full_diagram,OK,A,is_a,point
29,5,noisy_text[typo] + full_diagram,OK,B,is_a,point
29,5,noisy_text[typo] + full_diagram,OK,C,is_a,point
29,5,noisy_text[typo] + full_diagram,OK,D,is_a,point
29,5,noisy_text[typo] + full_diagram,OK,ABC,is_a,triangle
29,5,noisy_text[typo] + full_diagram,OK,BD,is_a,segment
29,5,noisy_text[typo] + full_diagram,OK,CD,is_a,segment
29,5,noisy_text[typo] + full_diagram,OK,D,is_a,intersection_point
29,5,noisy_text[typo] + full_diagram,OK,BD,is_a,angle_bisector
29,5,noisy_text[typo] + full_diagram,OK,CD,is_a,angle_bisector
29,5,noisy_text[typo] + full_diagram,OK,∠A,is_a,angle
29,5,noisy_text[typo] + full_diagram,OK,∠A,has_measure,50_deg
29,5,noisy_text[typo] + full_diagram,OK,∠BDC,is_a,angle
29,5,noisy_text[typo] + full_diagram,OK,∠BDC,has_measure,?
29,5,noisy_text[typo] + full_diagram,OK,∠BDC,is_a,query_target
,,,,,,
30,5,noisy_text[typo] + full_diagram,OK,O,is_a,point
30,5,noisy_text[typo] + full_diagram,OK,A,is_a,point
30,5,noisy_text[typo] + full_diagram,OK,B,is_a,point
30,5,noisy_text[typo] + full_diagram,OK,C,is_a,point
30,5,noisy_text[typo] + full_diagram,OK,OA,is_a,segment
30,5,noisy_text[typo] + full_diagram,OK,OB,is_a,segment
30,5,noisy_text[typo] + full_diagram,OK,OC,is_a,segment
30,5,noisy_text[typo] + full_diagram,OK,AC,is_a,segment
30,5,noisy_text[typo] + full_diagram,OK,AB,is_a,segment
30,5,noisy_text[typo] + full_diagram,OK,BC,is_a,segment
30,5,noisy_text[typo] + full_diagram,OK,OA,has_measure,?
30,5,noisy_text[typo] + full_diagram,OK,OB,has_measure,?
30,5,noisy_text[typo] + full_diagram,OK,OC,has_measure,?
30,5,noisy_text[typo] + full_diagram,OK,OA,has_measure,OB
30,5,noisy_text[typo] + full_diagram,OK,OA,has_measure,OC
30,5,noisy_text[typo] + full_diagram,OK,∠ACB,is_a,angle
30,5,noisy_text[typo] + full_diagram,OK,∠ACB,has_measure,30_deg
30,5,noisy_text[typo] + full_diagram,OK,∠AOB,is_a,angle
30,5,noisy_text[typo] + full_diagram,OK,∠AOB,has_measure,?
,,,,,,
32,5,noisy_text[typo] + full_diagram,OK,A,is_a,point
32,5,noisy_text[typo] + full_diagram,OK,B,is_a,point
32,5,noisy_text[typo] + full_diagram,OK,C,is_a,point
32,5,noisy_text[typo] + full_diagram,OK,D,is_a,point
32,5,noisy_text[typo] + full_diagram,OK,E,is_a,point
32,5,noisy_text[typo] + full_diagram,OK,F,is_a,point
32,5,noisy_text[typo] + full_diagram,OK,I,is_a,point
32,5,noisy_text[typo] + full_diagram,OK,AB,is_a,segment
32,5,noisy_text[typo] + full_diagram,OK,BC,is_a,segment
32,5,noisy_text[typo] + full_diagram,OK,CA,is_a,segment
32,5,noisy_text[typo] + full_diagram,OK,DEF,is_a,angle
32,5,noisy_text[typo] + full_diagram,OK,∠DEF,has_measure,52_deg
32,5,noisy_text[typo] + full_diagram,OK,I,is_a,circle
32,5,noisy_text[typo] + full_diagram,OK,I,center_of,circle
32,5,noisy_text[typo] + full_diagram,OK,D,lies_on,circle
32,5,noisy_text[typo] + full_diagram,OK,E,lies_on,circle
32,5,noisy_text[typo] + full_diagram,OK,F,lies_on,circle
32,5,noisy_text[typo] + full_diagram,OK,ABC,is_a,triangle
32,5,noisy_text[typo] + full_diagram,OK,I,is_a,inscribed_circle
32,5,noisy_text[typo] + full_diagram,OK,I,is_a,"inscribed_circle, ABC"
32,5,noisy_text[typo] + full_diagram,OK,D,is_a,tangent_point
32,5,noisy_text[typo] + full_diagram,OK,E,is_a,tangent_point
32,5,noisy_text[typo] + full_diagram,OK,F,is_a,tangent_point
,,,,,,
34,5,noisy_text[typo] + full_diagram,OK,A,is_a,point
34,5,noisy_text[typo] + full_diagram,OK,B,is_a,point
34,5,noisy_text[typo] + full_diagram,OK,C,is_a,point
34,5,noisy_text[typo] + full_diagram,OK,D,is_a,point
34,5,noisy_text[typo] + full_diagram,OK,E,is_a,point
34,5,noisy_text[typo] + full_diagram,OK,F,is_a,point
34,5,noisy_text[typo] + full_diagram,OK,P,is_a,point
34,5,noisy_text[typo] + full_diagram,OK,Q,is_a,point
34,5,noisy_text[typo] + full_diagram,OK,AB,is_a,line
34,5,noisy_text[typo] + full_diagram,OK,CD,is_a,line
34,5,noisy_text[typo] + full_diagram,OK,EF,is_a,line
34,5,noisy_text[typo] + full_diagram,OK,AB,parallel_to,CD
34,5,noisy_text[typo] + full_diagram,OK,P,is_a,intersection
34,5,noisy_text[typo] + full_diagram,OK,Q,is_a,intersection
34,5,noisy_text[typo] + full_diagram,OK,EF,intersects,AB
34,5,noisy_text[typo] + full_diagram,OK,EF,intersects,CD
34,5,noisy_text[typo] + full_diagram,OK,∠BPF,is_a,angle
34,5,noisy_text[typo] + full_diagram,OK,∠BPF,has_measure,100_deg
34,5,noisy_text[typo] + full_diagram,OK,∠CQF,is_a,angle
,,,,,,
36,5,noisy_text[typo] + full_diagram,OK,O,is_a,circle
36,5,noisy_text[typo] + full_diagram,OK,AB,is_a,diameter
36,5,noisy_text[typo] + full_diagram,OK,AB,lies_on,O
36,5,noisy_text[typo] + full_diagram,OK,C,is_a,point
36,5,noisy_text[typo] + full_diagram,OK,C,lies_on,O
36,5,noisy_text[typo] + full_diagram,OK,AB,connects,"A, B"
36,5,noisy_text[typo] + full_diagram,OK,CD,is_a,tangent
36,5,noisy_text[typo] + full_diagram,OK,CD,tangent_to,O
36,5,noisy_text[typo] + full_diagram,OK,C,lies_on,CD
36,5,noisy_text[typo] + full_diagram,OK,D,is_a,point
36,5,noisy_text[typo] + full_diagram,OK,AB,intersects,D
36,5,noisy_text[typo] + full_diagram,OK,DC,is_a,line
36,5,noisy_text[typo] + full_diagram,OK,DB,is_a,line
36,5,noisy_text[typo] + full_diagram,OK,∠BDC,is_a,angle
36,5,noisy_text[typo] + full_diagram,OK,∠BDC,has_measure,50_deg
36,5,noisy_text[typo] + full_diagram,OK,AC,is_a,segment
36,5,noisy_text[typo] + full_diagram,OK,AC,connects,"A, C"
36,5,noisy_text[typo] + full_diagram,OK,∠BAC,is_a,angle
36,5,noisy_text[typo] + full_diagram,OK,∠BAC,has_measure,?
36,5,noisy_text[typo] + full_diagram,OK,A,is_a,point
36,5,noisy_text[typo] + full_diagram,OK,B,is_a,point
36,5,noisy_text[typo] + full_diagram,OK,O,is_a,point
,,,,,,
37,5,noisy_text[typo] + full_diagram,OK,A,is_a,point
37,5,noisy_text[typo] + full_diagram,OK,B,is_a,point
37,5,noisy_text[typo] + full_diagram,OK,C,is_a,point
37,5,noisy_text[typo] + full_diagram,OK,D,is_a,point
37,5,noisy_text[typo] + full_diagram,OK,O,is_a,point
37,5,noisy_text[typo] + full_diagram,OK,P,is_a,point
37,5,noisy_text[typo] + full_diagram,OK,AB,is_a,line
37,5,noisy_text[typo] + full_diagram,OK,CD,is_a,line
37,5,noisy_text[typo] + full_diagram,OK,AP,is_a,segment
37,5,noisy_text[typo] + full_diagram,OK,AO,is_a,segment
37,5,noisy_text[typo] + full_diagram,OK,OP,is_a,segment
37,5,noisy_text[typo] + full_diagram,OK,AB,parallel_to,CD
37,5,noisy_text[typo] + full_diagram,OK,AB,intersects,AP
37,5,noisy_text[typo] + full_diagram,OK,CD,intersects,AP
37,5,noisy_text[typo] + full_diagram,OK,C,lies_on,CD
37,5,noisy_text[typo] + full_diagram,OK,O,lies_on,AB
37,5,noisy_text[typo] + full_diagram,OK,P,lies_on,AP
37,5,noisy_text[typo] + full_diagram,OK,C,collinear_with,O
37,5,noisy_text[typo] + full_diagram,OK,C,collinear_with,P
37,5,noisy_text[typo] + full_diagram,OK,O,collinear_with,P
37,5,noisy_text[typo] + full_diagram,OK,A,lies_on,AB
37,5,noisy_text[typo] + full_diagram,OK,AO,has_measure,?
37,5,noisy_text[typo] + full_diagram,OK,OP,has_measure,?
37,5,noisy_text[typo] + full_diagram,OK,OCD,has_measure,50_deg
,,,,,,
38,5,noisy_text[typo] + full_diagram,OK,A,is_a,point
38,5,noisy_text[typo] + full_diagram,OK,B,is_a,point
38,5,noisy_text[typo] + full_diagram,OK,C,is_a,point
38,5,noisy_text[typo] + full_diagram,OK,D,is_a,point
38,5,noisy_text[typo] + full_diagram,OK,AB,is_a,segment
38,5,noisy_text[typo] + full_diagram,OK,AC,is_a,segment
38,5,noisy_text[typo] + full_diagram,OK,AD,is_a,segment
38,5,noisy_text[typo] + full_diagram,OK,BC,is_a,segment
38,5,noisy_text[typo] + full_diagram,OK,∠CAD,is_a,angle
38,5,noisy_text[typo] + full_diagram,OK,∠BAC,is_a,angle
38,5,noisy_text[typo] + full_diagram,OK,AB,parallel_to,BC
38,5,noisy_text[typo] + full_diagram,OK,AD,parallel_to,BC
38,5,noisy_text[typo] + full_diagram,OK,D,lies_on,AD
38,5,noisy_text[typo] + full_diagram,OK,AC,connects,"A, C"
38,5,noisy_text[typo] + full_diagram,OK,AD,connects,"A, D"
38,5,noisy_text[typo] + full_diagram,OK,∠CAD,has_measure,70_deg
38,5,noisy_text[typo] + full_diagram,OK,AB,equals,AC
38,5,noisy_text[typo] + full_diagram,OK,∠BAC,has_measure,?
,,,,,,
40,5,noisy_text[typo] + full_diagram,OK,a,is_a,line
40,5,noisy_text[typo] + full_diagram,OK,b,is_a,line
40,5,noisy_text[typo] + full_diagram,OK,c,is_a,line
40,5,noisy_text[typo] + full_diagram,OK,a,parallel_to,b
40,5,noisy_text[typo] + full_diagram,OK,a,intersects,c
40,5,noisy_text[typo] + full_diagram,OK,b,intersects,c
40,5,noisy_text[typo] + full_diagram,OK,c,intersects,a
40,5,noisy_text[typo] + full_diagram,OK,c,intersects,b
40,5,noisy_text[typo] + full_diagram,OK,E,is_a,point
40,5,noisy_text[typo] + full_diagram,OK,F,is_a,point
40,5,noisy_text[typo] + full_diagram,OK,A,is_a,point
40,5,noisy_text[typo] + full_diagram,OK,B,is_a,point
40,5,noisy_text[typo] + full_diagram,OK,C,is_a,point
40,5,noisy_text[typo] + full_diagram,OK,D,is_a,point
40,5,noisy_text[typo] + full_diagram,OK,a,connects,E
40,5,noisy_text[typo] + full_diagram,OK,a,connects,A
40,5,noisy_text[typo] + full_diagram,OK,b,connects,F
40,5,noisy_text[typo] + full_diagram,OK,b,connects,B
40,5,noisy_text[typo] + full_diagram,OK,c,connects,E
40,5,noisy_text[typo] + full_diagram,OK,c,connects,F
40,5,noisy_text[typo] + full_diagram,OK,c,connects,C
40,5,noisy_text[typo] + full_diagram,OK,c,connects,D
40,5,noisy_text[typo] + full_diagram,OK,A,lies_on,a
40,5,noisy_text[typo] + full_diagram,OK,B,lies_on,b
40,5,noisy_text[typo] + full_diagram,OK,C,lies_on,c
40,5,noisy_text[typo] + full_diagram,OK,D,lies_on,c
40,5,noisy_text[typo] + full_diagram,OK,E,lies_on,a
40,5,noisy_text[typo] + full_diagram,OK,E,lies_on,c
40,5,noisy_text[typo] + full_diagram,OK,F,lies_on,b
40,5,noisy_text[typo] + full_diagram,OK,F,lies_on,c
40,5,noisy_text[typo] + full_diagram,OK,∠AEC,is_a,angle
40,5,noisy_text[typo] + full_diagram,OK,∠AEC,has_measure,50_deg
40,5,noisy_text[typo] + full_diagram,OK,BFD,is_a,angle
,,,,,,
43,5,noisy_text[typo] + full_diagram,OK,A,is_a,point
43,5,noisy_text[typo] + full_diagram,OK,B,is_a,point
43,5,noisy_text[typo] + full_diagram,OK,O,is_a,point
43,5,noisy_text[typo] + full_diagram,OK,D,is_a,point
43,5,noisy_text[typo] + full_diagram,OK,C,is_a,point
43,5,noisy_text[typo] + full_diagram,OK,OAB,is_a,triangle
43,5,noisy_text[typo] + full_diagram,OK,OD,is_a,segment
43,5,noisy_text[typo] + full_diagram,OK,OC,is_a,segment
43,5,noisy_text[typo] + full_diagram,OK,OA,is_a,segment
43,5,noisy_text[typo] + full_diagram,OK,OB,is_a,segment
43,5,noisy_text[typo] + full_diagram,OK,∠AOC,is_a,angle
43,5,noisy_text[typo] + full_diagram,OK,∠DOB,is_a,angle
43,5,noisy_text[typo] + full_diagram,OK,OAB,rotated_about,O
43,5,noisy_text[typo] + full_diagram,OK,A,mapped_to,D
43,5,noisy_text[typo] + full_diagram,OK,B,mapped_to,C
43,5,noisy_text[typo] + full_diagram,OK,OD,is_a,"image_of, OA"
43,5,noisy_text[typo] + full_diagram,OK,OC,is_a,"image_of, OB"
43,5,noisy_text[typo] + full_diagram,OK,∠AOC,has_measure,100_deg
43,5,noisy_text[typo] + full_diagram,OK,OAB,rotated_about,30_deg
,,,,,,
44,5,noisy_text[typo] + full_diagram,OK,A,is_a,point
44,5,noisy_text[typo] + full_diagram,OK,B,is_a,point
44,5,noisy_text[typo] + full_diagram,OK,AB,is_a,segment
44,5,noisy_text[typo] + full_diagram,OK,AB,has_measure,30.0
44,5,noisy_text[typo] + full_diagram,OK,Xiaogang,is_a,person
44,5,noisy_text[typo] + full_diagram,OK,Xiaogang,has_measure,1.5
44,5,noisy_text[typo] + full_diagram,OK,A,is_a,street_lamp
44,5,noisy_text[typo] + full_diagram,OK,B,is_a,street_lamp
44,5,noisy_text[typo] + full_diagram,OK,Xiaogang,connects,A
44,5,noisy_text[typo] + full_diagram,OK,Xiaogang,connects,B
44,5,noisy_text[typo] + full_diagram,OK,Xiaogang,has_measure,25.0
44,5,noisy_text[typo] + full_diagram,OK,Height,is_a,measure
44,5,noisy_text[typo] + full_diagram,OK,Height,has_measure,?
,,,,,,
45,5,noisy_text[typo] + full_diagram,OK,O,is_a,circle
45,5,noisy_text[typo] + full_diagram,OK,A,is_a,point
45,5,noisy_text[typo] + full_diagram,OK,B,is_a,point
45,5,noisy_text[typo] + full_diagram,OK,C,is_a,point
45,5,noisy_text[typo] + full_diagram,OK,A,lies_on,O
45,5,noisy_text[typo] + full_diagram,OK,B,lies_on,O
45,5,noisy_text[typo] + full_diagram,OK,C,lies_on,O
45,5,noisy_text[typo] + full_diagram,OK,O,is_a,center
45,5,noisy_text[typo] + full_diagram,OK,AO,is_a,segment
45,5,noisy_text[typo] + full_diagram,OK,BO,is_a,segment
45,5,noisy_text[typo] + full_diagram,OK,AC,is_a,segment
45,5,noisy_text[typo] + full_diagram,OK,BC,is_a,segment
45,5,noisy_text[typo] + full_diagram,OK,∠ACB,is_a,angle
45,5,noisy_text[typo] + full_diagram,OK,∠ACB,has_measure,35_deg
45,5,noisy_text[typo] + full_diagram,OK,∠AOB,is_a,angle
45,5,noisy_text[typo] + full_diagram,OK,∠AOB,has_measure,?
,,,,,,
46,5,noisy_text[typo] + full_diagram,OK,A,is_a,point
46,5,noisy_text[typo] + full_diagram,OK,B,is_a,point
46,5,noisy_text[typo] + full_diagram,OK,C,is_a,point
46,5,noisy_text[typo] + full_diagram,OK,D,is_a,point
46,5,noisy_text[typo] + full_diagram,OK,AB,is_a,line
46,5,noisy_text[typo] + full_diagram,OK,CD,is_a,line
46,5,noisy_text[typo] + full_diagram,OK,AB,parallel_to,CD
46,5,noisy_text[typo] + full_diagram,OK,AB,intersects,transversal
46,5,noisy_text[typo] + full_diagram,OK,CD,intersects,transversal
46,5,noisy_text[typo] + full_diagram,OK,transversal,intersects,AB
46,5,noisy_text[typo] + full_diagram,OK,transversal,intersects,CD
46,5,noisy_text[typo] + full_diagram,OK,A,lies_on,AB
46,5,noisy_text[typo] + full_diagram,OK,B,lies_on,AB
46,5,noisy_text[typo] + full_diagram,OK,C,lies_on,CD
46,5,noisy_text[typo] + full_diagram,OK,D,lies_on,CD
46,5,noisy_text[typo] + full_diagram,OK,∠CAB,is_a,angle
46,5,noisy_text[typo] + full_diagram,OK,∠CAB,has_measure,70_deg
46,5,noisy_text[typo] + full_diagram,OK,∠1,is_a,angle
46,5,noisy_text[typo] + full_diagram,OK,∠1,has_measure,?
46,5,noisy_text[typo] + full_diagram,OK,∠1,is_a,query_target
,,,,,,
48,5,noisy_text[typo] + full_diagram,OK,A,is_a,point
48,5,noisy_text[typo] + full_diagram,OK,B,is_a,point
48,5,noisy_text[typo] + full_diagram,OK,C,is_a,point
48,5,noisy_text[typo] + full_diagram,OK,O,is_a,point
48,5,noisy_text[typo] + full_diagram,OK,A,lies_on,circle
48,5,noisy_text[typo] + full_diagram,OK,B,lies_on,circle
48,5,noisy_text[typo] + full_diagram,OK,C,lies_on,circle
48,5,noisy_text[typo] + full_diagram,OK,O,center_of,circle
48,5,noisy_text[typo] + full_diagram,OK,BOC,is_a,angle
48,5,noisy_text[typo] + full_diagram,OK,BOC,has_measure,100_deg
48,5,noisy_text[typo] + full_diagram,OK,BAC,is_a,angle
48,5,noisy_text[typo] + full_diagram,OK,BAC,has_measure,?
,,,,,,
49,5,noisy_text[typo] + full_diagram,OK,A,is_a,point
49,5,noisy_text[typo] + full_diagram,OK,B,is_a,point
49,5,noisy_text[typo] + full_diagram,OK,C,is_a,point
49,5,noisy_text[typo] + full_diagram,OK,D,is_a,point
49,5,noisy_text[typo] + full_diagram,OK,E,is_a,point
49,5,noisy_text[typo] + full_diagram,OK,O,is_a,point
49,5,noisy_text[typo] + full_diagram,OK,ABCDE,is_a,pentagon
49,5,noisy_text[typo] + full_diagram,OK,ABCDE,is_a,cyclic
49,5,noisy_text[typo] + full_diagram,OK,∠BAC,is_a,angle
49,5,noisy_text[typo] + full_diagram,OK,∠BAC,has_measure,35_deg
49,5,noisy_text[typo] + full_diagram,OK,∠AED,is_a,angle
49,5,noisy_text[typo] + full_diagram,OK,∠AED,has_measure,115_deg
49,5,noisy_text[typo] + full_diagram,OK,∠BAE,is_a,angle
49,5,noisy_text[typo] + full_diagram,OK,∠BAE,has_measure,30_deg
49,5,noisy_text[typo] + full_diagram,OK,A,lies_on,ABCDE
49,5,noisy_text[typo] + full_diagram,OK,B,lies_on,ABCDE
49,5,noisy_text[typo] + full_diagram,OK,C,lies_on,ABCDE
49,5,noisy_text[typo] + full_diagram,OK,D,lies_on,ABCDE
49,5,noisy_text[typo] + full_diagram,OK,E,lies_on,ABCDE
49,5,noisy_text[typo] + full_diagram,OK,O,center_of,ABCDE
49,5,noisy_text[typo] + full_diagram,OK,AB,connects,"A, B"
49,5,noisy_text[typo] + full_diagram,OK,AC,connects,"A, C"
49,5,noisy_text[typo] + full_diagram,OK,AE,connects,"A, E"
49,5,noisy_text[typo] + full_diagram,OK,AD,connects,"A, D"
49,5,noisy_text[typo] + full_diagram,OK,BC,connects,"B, C"
49,5,noisy_text[typo] + full_diagram,OK,CD,connects,"C, D"
49,5,noisy_text[typo] + full_diagram,OK,DE,connects,"D, E"
49,5,noisy_text[typo] + full_diagram,OK,EA,connects,"E, A"
49,5,noisy_text[typo] + full_diagram,OK,∠ABC,is_a,angle
49,5,noisy_text[typo] + full_diagram,OK,∠ABC,has_measure,?
,,,,,,
50,5,noisy_text[typo] + full_diagram,OK,A,is_a,point
50,5,noisy_text[typo] + full_diagram,OK,B,is_a,point
50,5,noisy_text[typo] + full_diagram,OK,C,is_a,point
50,5,noisy_text[typo] + full_diagram,OK,D,is_a,point
50,5,noisy_text[typo] + full_diagram,OK,E,is_a,point
50,5,noisy_text[typo] + full_diagram,OK,O,is_a,point
50,5,noisy_text[typo] + full_diagram,OK,AB,is_a,segment
50,5,noisy_text[typo] + full_diagram,OK,CD,is_a,segment
50,5,noisy_text[typo] + full_diagram,OK,EO,is_a,segment
50,5,noisy_text[typo] + full_diagram,OK,∠BOD,is_a,angle
50,5,noisy_text[typo] + full_diagram,OK,∠COE,is_a,angle
50,5,noisy_text[typo] + full_diagram,OK,AB,intersects,CD
50,5,noisy_text[typo] + full_diagram,OK,AB,intersects,EO
50,5,noisy_text[typo] + full_diagram,OK,CD,intersects,AB
50,5,noisy_text[typo] + full_diagram,OK,EO,intersects,AB
50,5,noisy_text[typo] + full_diagram,OK,∠BOD,has_measure,50_deg
50,5,noisy_text[typo] + full_diagram,OK,EO,perpendicular_to,AB
,,,,,,
53,5,noisy_text[typo] + full_diagram,OK,AB,is_a,line
53,5,noisy_text[typo] + full_diagram,OK,CD,is_a,line
53,5,noisy_text[typo] + full_diagram,OK,AB,parallel_to,CD
53,5,noisy_text[typo] + full_diagram,OK,E,is_a,point
53,5,noisy_text[typo] + full_diagram,OK,F,is_a,point
53,5,noisy_text[typo] + full_diagram,OK,AB,intersects,E
53,5,noisy_text[typo] + full_diagram,OK,CD,intersects,F
53,5,noisy_text[typo] + full_diagram,OK,E,lies_on,AB
53,5,noisy_text[typo] + full_diagram,OK,F,lies_on,CD
53,5,noisy_text[typo] + full_diagram,OK,C,is_a,point
53,5,noisy_text[typo] + full_diagram,OK,D,is_a,point
53,5,noisy_text[typo] + full_diagram,OK,C,lies_on,transversal
53,5,noisy_text[typo] + full_diagram,OK,D,lies_on,transversal
53,5,noisy_text[typo] + full_diagram,OK,AEC,is_a,angle
53,5,noisy_text[typo] + full_diagram,OK,AEC,has_measure,55_deg
53,5,noisy_text[typo] + full_diagram,OK,BFD,is_a,angle
53,5,noisy_text[typo] + full_diagram,OK,B,is_a,point
53,5,noisy_text[typo] + full_diagram,OK,B,lies_on,CD
53,5,noisy_text[typo] + full_diagram,OK,transversal,intersects,AB
53,5,noisy_text[typo] + full_diagram,OK,transversal,intersects,CD
,,,,,,
55,5,noisy_text[typo] + full_diagram,OK,A,is_a,point
55,5,noisy_text[typo] + full_diagram,OK,B,is_a,point
55,5,noisy_text[typo] + full_diagram,OK,C,is_a,point
55,5,noisy_text[typo] + full_diagram,OK,D,is_a,point
55,5,noisy_text[typo] + full_diagram,OK,O,is_a,point
55,5,noisy_text[typo] + full_diagram,OK,M,is_a,point
55,5,noisy_text[typo] + full_diagram,OK,N,is_a,point
55,5,noisy_text[typo] + full_diagram,OK,AB,is_a,line
55,5,noisy_text[typo] + full_diagram,OK,CD,is_a,line
55,5,noisy_text[typo] + full_diagram,OK,OM,is_a,line
55,5,noisy_text[typo] + full_diagram,OK,ON,is_a,line
55,5,noisy_text[typo] + full_diagram,OK,AB,intersects,O
55,5,noisy_text[typo] + full_diagram,OK,CD,intersects,O
55,5,noisy_text[typo] + full_diagram,OK,OM,bisects,AOC
55,5,noisy_text[typo] + full_diagram,OK,ON,perpendicular_to,OM
55,5,noisy_text[typo] + full_diagram,OK,AOC,has_measure,70_deg
55,5,noisy_text[typo] + full_diagram,OK,CON,is_a,angle
55,5,noisy_text[typo] + full_diagram,OK,CON,has_measure,?
,,,,,,
56,5,noisy_text[typo] + full_diagram,OK,O,is_a,point
56,5,noisy_text[typo] + full_diagram,OK,CD,is_a,diameter
56,5,noisy_text[typo] + full_diagram,OK,CD,center_of,O
56,5,noisy_text[typo] + full_diagram,OK,EF,is_a,chord
56,5,noisy_text[typo] + full_diagram,OK,G,is_a,point
56,5,noisy_text[typo] + full_diagram,OK,EF,intersects,CD
56,5,noisy_text[typo] + full_diagram,OK,EF,intersects,G
56,5,noisy_text[typo] + full_diagram,OK,G,is_a,midpoint
56,5,noisy_text[typo] + full_diagram,OK,G,is_a,"midpoint_of, EF"
56,5,noisy_text[typo] + full_diagram,OK,C,is_a,point
56,5,noisy_text[typo] + full_diagram,OK,E,is_a,point
56,5,noisy_text[typo] + full_diagram,OK,F,is_a,point
56,5,noisy_text[typo] + full_diagram,OK,C,lies_on,circle
56,5,noisy_text[typo] + full_diagram,OK,E,lies_on,circle
56,5,noisy_text[typo] + full_diagram,OK,F,lies_on,circle
56,5,noisy_text[typo] + full_diagram,OK,∠DCF,is_a,angle
56,5,noisy_text[typo] + full_diagram,OK,∠DCF,has_measure,20_deg
56,5,noisy_text[typo] + full_diagram,OK,∠EOD,is_a,angle
56,5,noisy_text[typo] + full_diagram,OK,∠EOD,has_measure,?
,,,,,,
57,5,noisy_text[typo] + full_diagram,OK,A,is_a,point
57,5,noisy_text[typo] + full_diagram,OK,B,is_a,point
57,5,noisy_text[typo] + full_diagram,OK,C,is_a,point
57,5,noisy_text[typo] + full_diagram,OK,D,is_a,point
57,5,noisy_text[typo] + full_diagram,OK,E,is_a,point
57,5,noisy_text[typo] + full_diagram,OK,AB,is_a,segment
57,5,noisy_text[typo] + full_diagram,OK,CD,is_a,segment
57,5,noisy_text[typo] + full_diagram,OK,AD,is_a,segment
57,5,noisy_text[typo] + full_diagram,OK,BC,is_a,segment
57,5,noisy_text[typo] + full_diagram,OK,∠ABC,is_a,angle
57,5,noisy_text[typo] + full_diagram,OK,∠DCB,is_a,angle
57,5,noisy_text[typo] + full_diagram,OK,AB,parallel_to,CD
57,5,noisy_text[typo] + full_diagram,OK,A,lies_on,AB
57,5,noisy_text[typo] + full_diagram,OK,B,lies_on,AB
57,5,noisy_text[typo] + full_diagram,OK,C,lies_on,CD
57,5,noisy_text[typo] + full_diagram,OK,D,lies_on,CD
57,5,noisy_text[typo] + full_diagram,OK,AD,intersects,BC
57,5,noisy_text[typo] + full_diagram,OK,AD,intersects,AB
57,5,noisy_text[typo] + full_diagram,OK,AD,intersects,CD
57,5,noisy_text[typo] + full_diagram,OK,BC,intersects,AD
57,5,noisy_text[typo] + full_diagram,OK,BC,intersects,AB
57,5,noisy_text[typo] + full_diagram,OK,BC,intersects,CD
57,5,noisy_text[typo] + full_diagram,OK,AB,connects,A
57,5,noisy_text[typo] + full_diagram,OK,AB,connects,B
57,5,noisy_text[typo] + full_diagram,OK,CD,connects,C
57,5,noisy_text[typo] + full_diagram,OK,CD,connects,D
57,5,noisy_text[typo] + full_diagram,OK,AD,connects,A
57,5,noisy_text[typo] + full_diagram,OK,AD,connects,D
57,5,noisy_text[typo] + full_diagram,OK,BC,connects,B
57,5,noisy_text[typo] + full_diagram,OK,BC,connects,C
57,5,noisy_text[typo] + full_diagram,OK,∠ABC,has_measure,20_deg
,,,,,,
58,5,noisy_text[typo] + full_diagram,OK,A,is_a,point
58,5,noisy_text[typo] + full_diagram,OK,B,is_a,point
58,5,noisy_text[typo] + full_diagram,OK,C,is_a,point
58,5,noisy_text[typo] + full_diagram,OK,D,is_a,point
58,5,noisy_text[typo] + full_diagram,OK,E,is_a,point
58,5,noisy_text[typo] + full_diagram,OK,AB,is_a,segment
58,5,noisy_text[typo] + full_diagram,OK,CD,is_a,segment
58,5,noisy_text[typo] + full_diagram,OK,EC,is_a,segment
58,5,noisy_text[typo] + full_diagram,OK,ED,is_a,segment
58,5,noisy_text[typo] + full_diagram,OK,∠CED,is_a,angle
58,5,noisy_text[typo] + full_diagram,OK,∠AEC,is_a,angle
58,5,noisy_text[typo] + full_diagram,OK,∠CDE,is_a,angle
58,5,noisy_text[typo] + full_diagram,OK,AB,parallel_to,CD
58,5,noisy_text[typo] + full_diagram,OK,E,lies_on,AB
58,5,noisy_text[typo] + full_diagram,OK,C,lies_on,CD
58,5,noisy_text[typo] + full_diagram,OK,D,lies_on,CD
58,5,noisy_text[typo] + full_diagram,OK,∠CED,has_measure,90_deg
58,5,noisy_text[typo] + full_diagram,OK,∠AEC,has_measure,35_deg
58,5,noisy_text[typo] + full_diagram,OK,A,collinear_with,E
58,5,noisy_text[typo] + full_diagram,OK,E,collinear_with,B
58,5,noisy_text[typo] + full_diagram,OK,A,collinear_with,B
58,5,noisy_text[typo] + full_diagram,OK,∠CDE,has_measure,?
,,,,,,
59,5,noisy_text[typo] + full_diagram,OK,A,is_a,point
59,5,noisy_text[typo] + full_diagram,OK,B,is_a,point
59,5,noisy_text[typo] + full_diagram,OK,C,is_a,point
59,5,noisy_text[typo] + full_diagram,OK,D,is_a,point
59,5,noisy_text[typo] + full_diagram,OK,AB,is_a,segment
59,5,noisy_text[typo] + full_diagram,OK,CD,is_a,segment
59,5,noisy_text[typo] + full_diagram,OK,AC,is_a,segment
59,5,noisy_text[typo] + full_diagram,OK,AD,is_a,segment
59,5,noisy_text[typo] + full_diagram,OK,AB,parallel_to,CD
59,5,noisy_text[typo] + full_diagram,OK,A,lies_on,AB
59,5,noisy_text[typo] + full_diagram,OK,B,lies_on,AB
59,5,noisy_text[typo] + full_diagram,OK,C,lies_on,CD
59,5,noisy_text[typo] + full_diagram,OK,D,lies_on,CD
59,5,noisy_text[typo] + full_diagram,OK,AC,connects,"A, C"
59,5,noisy_text[typo] + full_diagram,OK,AD,connects,"A, D"
59,5,noisy_text[typo] + full_diagram,OK,AD,bisects,∠BAC
59,5,noisy_text[typo] + full_diagram,OK,∠ACD,has_measure,80_deg
59,5,noisy_text[typo] + full_diagram,OK,?,is_a,query_target
,,,,,,
60,5,noisy_text[typo] + full_diagram,OK,A,is_a,point
60,5,noisy_text[typo] + full_diagram,OK,B,is_a,point
60,5,noisy_text[typo] + full_diagram,OK,C,is_a,point
60,5,noisy_text[typo] + full_diagram,OK,D,is_a,point
60,5,noisy_text[typo] + full_diagram,OK,AB,is_a,segment
60,5,noisy_text[typo] + full_diagram,OK,CD,is_a,segment
60,5,noisy_text[typo] + full_diagram,OK,AB,parallel_to,CD
60,5,noisy_text[typo] + full_diagram,OK,∠2,is_a,angle
60,5,noisy_text[typo] + full_diagram,OK,∠2,has_measure,135_deg
60,5,noisy_text[typo] + full_diagram,OK,∠1,is_a,angle
60,5,noisy_text[typo] + full_diagram,OK,∠1,has_measure,?
60,5,noisy_text[typo] + full_diagram,OK,AB,intersects,CD
60,5,noisy_text[typo] + full_diagram,OK,AB,is_a,transversal
60,5,noisy_text[typo] + full_diagram,OK,CD,is_a,transversal
60,5,noisy_text[typo] + full_diagram,OK,∠1,is_a,target
,,,,,,
64,5,noisy_text[typo] + full_diagram,OK,tank,is_a,cylindrical_oil_tank
64,5,noisy_text[typo] + full_diagram,OK,tank,has_measure,200.0_units
64,5,noisy_text[typo] + full_diagram,OK,tank,contains,oil
64,5,noisy_text[typo] + full_diagram,OK,oil_surface,is_a,chord
64,5,noisy_text[typo] + full_diagram,OK,oil_surface,has_measure,160.0_units
64,5,noisy_text[typo] + full_diagram,OK,AB,is_a,chord
64,5,noisy_text[typo] + full_diagram,OK,AB,has_measure,160.0_units
64,5,noisy_text[typo] + full_diagram,OK,O,is_a,center
64,5,noisy_text[typo] + full_diagram,OK,O,center_of,tank
64,5,noisy_text[typo] + full_diagram,OK,O,connects,AB
64,5,noisy_text[typo] + full_diagram,OK,A,is_a,point
64,5,noisy_text[typo] + full_diagram,OK,B,is_a,point
64,5,noisy_text[typo] + full_diagram,OK,AB,connects,A
64,5,noisy_text[typo] + full_diagram,OK,AB,connects,B
64,5,noisy_text[typo] + full_diagram,OK,depth,is_a,?
64,5,noisy_text[typo] + full_diagram,OK,depth,is_a,maximum_depth
64,5,noisy_text[typo] + full_diagram,OK,depth,is_a,oil
,,,,,,
72,5,noisy_text[typo] + full_diagram,OK,A,is_a,point
72,5,noisy_text[typo] + full_diagram,OK,B,is_a,point
72,5,noisy_text[typo] + full_diagram,OK,C,is_a,point
72,5,noisy_text[typo] + full_diagram,OK,D,is_a,point
72,5,noisy_text[typo] + full_diagram,OK,E,is_a,point
72,5,noisy_text[typo] + full_diagram,OK,O,is_a,point
72,5,noisy_text[typo] + full_diagram,OK,AB,is_a,segment
72,5,noisy_text[typo] + full_diagram,OK,BC,is_a,segment
72,5,noisy_text[typo] + full_diagram,OK,CD,is_a,segment
72,5,noisy_text[typo] + full_diagram,OK,DA,is_a,segment
72,5,noisy_text[typo] + full_diagram,OK,AC,is_a,segment
72,5,noisy_text[typo] + full_diagram,OK,BD,is_a,segment
72,5,noisy_text[typo] + full_diagram,OK,EO,is_a,segment
72,5,noisy_text[typo] + full_diagram,OK,ABCD,is_a,parallelogram
72,5,noisy_text[typo] + full_diagram,OK,AB + BC + CD + DA,has_measure,16
72,5,noisy_text[typo] + full_diagram,OK,AC,intersects,BD
72,5,noisy_text[typo] + full_diagram,OK,AC,intersects,EO
72,5,noisy_text[typo] + full_diagram,OK,BD,intersects,O
72,5,noisy_text[typo] + full_diagram,OK,EO,perpendicular_to,AC
72,5,noisy_text[typo] + full_diagram,OK,Perimeter of DCE,is_a,query_target
,,,,,,
73,5,noisy_text[typo] + full_diagram,OK,A,is_a,point
73,5,noisy_text[typo] + full_diagram,OK,B,is_a,point
73,5,noisy_text[typo] + full_diagram,OK,C,is_a,point
73,5,noisy_text[typo] + full_diagram,OK,O,is_a,point
73,5,noisy_text[typo] + full_diagram,OK,AB,is_a,segment
73,5,noisy_text[typo] + full_diagram,OK,BC,is_a,segment
73,5,noisy_text[typo] + full_diagram,OK,CA,is_a,segment
73,5,noisy_text[typo] + full_diagram,OK,AO,is_a,segment
73,5,noisy_text[typo] + full_diagram,OK,BO,is_a,segment
73,5,noisy_text[typo] + full_diagram,OK,CO,is_a,segment
73,5,noisy_text[typo] + full_diagram,OK,ABC,is_a,triangle
73,5,noisy_text[typo] + full_diagram,OK,O,is_a,circle
73,5,noisy_text[typo] + full_diagram,OK,A,lies_on,O
73,5,noisy_text[typo] + full_diagram,OK,B,lies_on,O
73,5,noisy_text[typo] + full_diagram,OK,C,lies_on,O
73,5,noisy_text[typo] + full_diagram,OK,AB,connects,A
73,5,noisy_text[typo] + full_diagram,OK,AB,connects,B
73,5,noisy_text[typo] + full_diagram,OK,BC,connects,B
73,5,noisy_text[typo] + full_diagram,OK,BC,connects,C
73,5,noisy_text[typo] + full_diagram,OK,CA,connects,C
73,5,noisy_text[typo] + full_diagram,OK,CA,connects,A
73,5,noisy_text[typo] + full_diagram,OK,AO,connects,A
73,5,noisy_text[typo] + full_diagram,OK,AO,connects,O
73,5,noisy_text[typo] + full_diagram,OK,BO,connects,B
73,5,noisy_text[typo] + full_diagram,OK,BO,connects,O
73,5,noisy_text[typo] + full_diagram,OK,CO,connects,C
73,5,noisy_text[typo] + full_diagram,OK,CO,connects,O
73,5,noisy_text[typo] + full_diagram,OK,∠ABC,has_measure,70_deg
73,5,noisy_text[typo] + full_diagram,OK,?,is_a,angle
,,,,,,
78,5,noisy_text[typo] + full_diagram,OK,A,is_a,point
78,5,noisy_text[typo] + full_diagram,OK,B,is_a,point
78,5,noisy_text[typo] + full_diagram,OK,C,is_a,point
78,5,noisy_text[typo] + full_diagram,OK,D,is_a,point
78,5,noisy_text[typo] + full_diagram,OK,E,is_a,point
78,5,noisy_text[typo] + full_diagram,OK,AB,is_a,segment
78,5,noisy_text[typo] + full_diagram,OK,CD,is_a,segment
78,5,noisy_text[typo] + full_diagram,OK,AC,is_a,segment
78,5,noisy_text[typo] + full_diagram,OK,AE,is_a,segment
78,5,noisy_text[typo] + full_diagram,OK,ACE,is_a,angle
78,5,noisy_text[typo] + full_diagram,OK,AED,is_a,angle
78,5,noisy_text[typo] + full_diagram,OK,AB,parallel_to,CD
78,5,noisy_text[typo] + full_diagram,OK,A,lies_on,AB
78,5,noisy_text[typo] + full_diagram,OK,B,lies_on,AB
78,5,noisy_text[typo] + full_diagram,OK,C,lies_on,CD
78,5,noisy_text[typo] + full_diagram,OK,E,lies_on,CD
78,5,noisy_text[typo] + full_diagram,OK,D,lies_on,CD
78,5,noisy_text[typo] + full_diagram,OK,AC,connects,"A, C"
78,5,noisy_text[typo] + full_diagram,OK,AE,connects,"A, E"
78,5,noisy_text[typo] + full_diagram,OK,AB,above,CD
78,5,noisy_text[typo] + full_diagram,OK,ACE,has_measure,70_deg
78,5,noisy_text[typo] + full_diagram,OK,AE,intersects,"CD, E"
78,5,noisy_text[typo] + full_diagram,OK,AE,bisects,CAB
78,5,noisy_text[typo] + full_diagram,OK,ACE,is_a,query_target
,,,,,,
79,5,noisy_text[typo] + full_diagram,OK,AB,is_a,segment
79,5,noisy_text[typo] + full_diagram,OK,BC,is_a,segment
79,5,noisy_text[typo] + full_diagram,OK,CD,is_a,segment
79,5,noisy_text[typo] + full_diagram,OK,DA,is_a,segment
79,5,noisy_text[typo] + full_diagram,OK,AB+BC+CD+DA,has_measure,32
79,5,noisy_text[typo] + full_diagram,OK,A,is_a,point
79,5,noisy_text[typo] + full_diagram,OK,B,is_a,point
79,5,noisy_text[typo] + full_diagram,OK,C,is_a,point
79,5,noisy_text[typo] + full_diagram,OK,D,is_a,point
79,5,noisy_text[typo] + full_diagram,OK,E,is_a,point
79,5,noisy_text[typo] + full_diagram,OK,O,is_a,point
79,5,noisy_text[typo] + full_diagram,OK,BACD,is_a,parallelogram
79,5,noisy_text[typo] + full_diagram,OK,AC,is_a,diagonal
79,5,noisy_text[typo] + full_diagram,OK,BD,is_a,diagonal
79,5,noisy_text[typo] + full_diagram,OK,AC,intersects,BD
79,5,noisy_text[typo] + full_diagram,OK,AC,intersects,O
79,5,noisy_text[typo] + full_diagram,OK,BD,intersects,O
79,5,noisy_text[typo] + full_diagram,OK,AC,is_a,line
79,5,noisy_text[typo] + full_diagram,OK,AD,is_a,side
79,5,noisy_text[typo] + full_diagram,OK,E,lies_on,AD
79,5,noisy_text[typo] + full_diagram,OK,CE,is_a,segment
79,5,noisy_text[typo] + full_diagram,OK,ED,is_a,segment
79,5,noisy_text[typo] + full_diagram,OK,CE+ED,has_measure,?
79,5,noisy_text[typo] + full_diagram,OK,DCE,is_a,triangle
79,5,noisy_text[typo] + full_diagram,OK,perimeter_of,query_target,DCE
,,,,,,
81,5,noisy_text[typo] + full_diagram,OK,A,is_a,point
81,5,noisy_text[typo] + full_diagram,OK,B,is_a,point
81,5,noisy_text[typo] + full_diagram,OK,C,is_a,point
81,5,noisy_text[typo] + full_diagram,OK,D,is_a,point
81,5,noisy_text[typo] + full_diagram,OK,E,is_a,point
81,5,noisy_text[typo] + full_diagram,OK,ABC,is_a,triangle
81,5,noisy_text[typo] + full_diagram,OK,∠BAC,is_a,angle
81,5,noisy_text[typo] + full_diagram,OK,∠ABC,is_a,angle
81,5,noisy_text[typo] + full_diagram,OK,∠BAC,has_measure,90_deg
81,5,noisy_text[typo] + full_diagram,OK,∠ABC,has_measure,50_deg
81,5,noisy_text[typo] + full_diagram,OK,D,lies_on,BC
81,5,noisy_text[typo] + full_diagram,OK,AD,is_a,segment
81,5,noisy_text[typo] + full_diagram,OK,AD,perpendicular_to,BC
81,5,noisy_text[typo] + full_diagram,OK,E,lies_on,BC
81,5,noisy_text[typo] + full_diagram,OK,AE,is_a,segment
81,5,noisy_text[typo] + full_diagram,OK,AE,bisects,∠DAC
81,5,noisy_text[typo] + full_diagram,OK,DAE,is_a,angle
81,5,noisy_text[typo] + full_diagram,OK,DAE,has_measure,?
,,,,,,
84,5,noisy_text[typo] + full_diagram,OK,A,is_a,point
84,5,noisy_text[typo] + full_diagram,OK,B,is_a,point
84,5,noisy_text[typo] + full_diagram,OK,C,is_a,point
84,5,noisy_text[typo] + full_diagram,OK,O,is_a,point
84,5,noisy_text[typo] + full_diagram,OK,ABC,is_a,triangle
84,5,noisy_text[typo] + full_diagram,OK,O,is_a,circle
84,5,noisy_text[typo] + full_diagram,OK,O,center_of,circle
84,5,noisy_text[typo] + full_diagram,OK,AO,is_a,segment
84,5,noisy_text[typo] + full_diagram,OK,BO,is_a,segment
84,5,noisy_text[typo] + full_diagram,OK,CO,is_a,segment
84,5,noisy_text[typo] + full_diagram,OK,AO,has_measure,1_unit
84,5,noisy_text[typo] + full_diagram,OK,BO,has_measure,1_unit
84,5,noisy_text[typo] + full_diagram,OK,CO,has_measure,1_unit
84,5,noisy_text[typo] + full_diagram,OK,∠BAC,is_a,angle
84,5,noisy_text[typo] + full_diagram,OK,∠BAC,has_measure,60_deg
84,5,noisy_text[typo] + full_diagram,OK,ABC,lies_on,circle
84,5,noisy_text[typo] + full_diagram,OK,A,lies_on,circle
84,5,noisy_text[typo] + full_diagram,OK,B,lies_on,circle
84,5,noisy_text[typo] + full_diagram,OK,C,lies_on,circle
84,5,noisy_text[typo] + full_diagram,OK,BC,is_a,segment
84,5,noisy_text[typo] + full_diagram,OK,BC,has_measure,?
,,,,,,
86,5,noisy_text[typo] + full_diagram,OK,A,is_a,point
86,5,noisy_text[typo] + full_diagram,OK,B,is_a,point
86,5,noisy_text[typo] + full_diagram,OK,C,is_a,point
86,5,noisy_text[typo] + full_diagram,OK,O,is_a,point
86,5,noisy_text[typo] + full_diagram,OK,AB,is_a,segment
86,5,noisy_text[typo] + full_diagram,OK,BC,is_a,segment
86,5,noisy_text[typo] + full_diagram,OK,CA,is_a,segment
86,5,noisy_text[typo] + full_diagram,OK,OB,is_a,segment
86,5,noisy_text[typo] + full_diagram,OK,OC,is_a,segment
86,5,noisy_text[typo] + full_diagram,OK,A,lies_on,circle_O
86,5,noisy_text[typo] + full_diagram,OK,B,lies_on,circle_O
86,5,noisy_text[typo] + full_diagram,OK,C,lies_on,circle_O
86,5,noisy_text[typo] + full_diagram,OK,O,center_of,circle_O
86,5,noisy_text[typo] + full_diagram,OK,AB,connects,A
86,5,noisy_text[typo] + full_diagram,OK,AB,connects,B
86,5,noisy_text[typo] + full_diagram,OK,BC,connects,B
86,5,noisy_text[typo] + full_diagram,OK,BC,connects,C
86,5,noisy_text[typo] + full_diagram,OK,CA,connects,C
86,5,noisy_text[typo] + full_diagram,OK,CA,connects,A
86,5,noisy_text[typo] + full_diagram,OK,O,connects,B
86,5,noisy_text[typo] + full_diagram,OK,O,connects,C
86,5,noisy_text[typo] + full_diagram,OK,OB,has_measure,2_units
86,5,noisy_text[typo] + full_diagram,OK,OC,has_measure,2_units
86,5,noisy_text[typo] + full_diagram,OK,∠BAC,is_a,angle
86,5,noisy_text[typo] + full_diagram,OK,∠BAC,has_measure,60_deg
86,5,noisy_text[typo] + full_diagram,OK,BC,is_a,?
,,,,,,
88,5,noisy_text[typo] + full_diagram,OK,A,is_a,point
88,5,noisy_text[typo] + full_diagram,OK,B,is_a,point
88,5,noisy_text[typo] + full_diagram,OK,C,is_a,point
88,5,noisy_text[typo] + full_diagram,OK,O,is_a,point
88,5,noisy_text[typo] + full_diagram,OK,AB,is_a,segment
88,5,noisy_text[typo] + full_diagram,OK,AC,is_a,segment
88,5,noisy_text[typo] + full_diagram,OK,BC,is_a,segment
88,5,noisy_text[typo] + full_diagram,OK,AO,is_a,segment
88,5,noisy_text[typo] + full_diagram,OK,BO,is_a,segment
88,5,noisy_text[typo] + full_diagram,OK,CO,is_a,segment
88,5,noisy_text[typo] + full_diagram,OK,A,lies_on,circle_O
88,5,noisy_text[typo] + full_diagram,OK,B,lies_on,circle_O
88,5,noisy_text[typo] + full_diagram,OK,C,lies_on,circle_O
88,5,noisy_text[typo] + full_diagram,OK,O,center_of,circle_O
88,5,noisy_text[typo] + full_diagram,OK,∠ABO,is_a,angle
88,5,noisy_text[typo] + full_diagram,OK,∠ACO,is_a,angle
88,5,noisy_text[typo] + full_diagram,OK,∠BOC,is_a,angle
88,5,noisy_text[typo] + full_diagram,OK,∠ABO,has_measure,22_deg
88,5,noisy_text[typo] + full_diagram,OK,∠ACO,has_measure,42_deg
88,5,noisy_text[typo] + full_diagram,OK,∠BOC,has_measure,?
88,5,noisy_text[typo] + full_diagram,OK,?,is_a,query_target
,,,,,,
95,5,noisy_text[typo] + full_diagram,OK,O,is_a,circle
95,5,noisy_text[typo] + full_diagram,OK,A,is_a,point
95,5,noisy_text[typo] + full_diagram,OK,B,is_a,point
95,5,noisy_text[typo] + full_diagram,OK,C,is_a,point
95,5,noisy_text[typo] + full_diagram,OK,D,is_a,point
95,5,noisy_text[typo] + full_diagram,OK,OA,is_a,radius
95,5,noisy_text[typo] + full_diagram,OK,BC,is_a,chord
95,5,noisy_text[typo] + full_diagram,OK,A,lies_on,O
95,5,noisy_text[typo] + full_diagram,OK,B,lies_on,O
95,5,noisy_text[typo] + full_diagram,OK,C,lies_on,O
95,5,noisy_text[typo] + full_diagram,OK,D,lies_on,O
95,5,noisy_text[typo] + full_diagram,OK,OA,intersects,BC
95,5,noisy_text[typo] + full_diagram,OK,AB,connects,B
95,5,noisy_text[typo] + full_diagram,OK,OC,connects,C
95,5,noisy_text[typo] + full_diagram,OK,∠A,has_measure,60_deg
95,5,noisy_text[typo] + full_diagram,OK,∠ADC,has_measure,90_deg
95,5,noisy_text[typo] + full_diagram,OK,∠C,is_a,query_target
,,,,,,
99,5,noisy_text[typo] + full_diagram,OK,O,is_a,point
99,5,noisy_text[typo] + full_diagram,OK,A,is_a,point
99,5,noisy_text[typo] + full_diagram,OK,B,is_a,point
99,5,noisy_text[typo] + full_diagram,OK,C,is_a,point
99,5,noisy_text[typo] + full_diagram,OK,D,is_a,point
99,5,noisy_text[typo] + full_diagram,OK,AB,is_a,segment
99,5,noisy_text[typo] + full_diagram,OK,CD,is_a,segment
99,5,noisy_text[typo] + full_diagram,OK,O,center_of,circle
99,5,noisy_text[typo] + full_diagram,OK,AB,diameter_of,circle
99,5,noisy_text[typo] + full_diagram,OK,CD,is_a,chord
99,5,noisy_text[typo] + full_diagram,OK,∠ADC,is_a,angle
99,5,noisy_text[typo] + full_diagram,OK,∠CAB,is_a,angle
99,5,noisy_text[typo] + full_diagram,OK,∠ADC,has_measure,26_deg
99,5,noisy_text[typo] + full_diagram,OK,O,lies_on,AB
99,5,noisy_text[typo] + full_diagram,OK,A,lies_on,circle
99,5,noisy_text[typo] + full_diagram,OK,B,lies_on,circle
99,5,noisy_text[typo] + full_diagram,OK,C,lies_on,circle
99,5,noisy_text[typo] + full_diagram,OK,D,lies_on,circle
99,5,noisy_text[typo] + full_diagram,OK,AB,connects,A
99,5,noisy_text[typo] + full_diagram,OK,AB,connects,B
99,5,noisy_text[typo] + full_diagram,OK,CD,connects,C
99,5,noisy_text[typo] + full_diagram,OK,CD,connects,D
99,5,noisy_text[typo] + full_diagram,OK,∠ADC,connects,A
99,5,noisy_text[typo] + full_diagram,OK,∠ADC,connects,D
99,5,noisy_text[typo] + full_diagram,OK,∠ADC,connects,C
99,5,noisy_text[typo] + full_diagram,OK,∠CAB,connects,C
99,5,noisy_text[typo] + full_diagram,OK,∠CAB,connects,A
99,5,noisy_text[typo] + full_diagram,OK,∠CAB,connects,B
,,,,,,
108,5,noisy_text[typo] + full_diagram,OK,CD,is_a,segment
108,5,noisy_text[typo] + full_diagram,OK,CD,has_measure,8.0_units
108,5,noisy_text[typo] + full_diagram,OK,OC,is_a,segment
108,5,noisy_text[typo] + full_diagram,OK,OC,has_measure,5.0_units
108,5,noisy_text[typo] + full_diagram,OK,AB,is_a,segment
108,5,noisy_text[typo] + full_diagram,OK,AB,has_measure,?
108,5,noisy_text[typo] + full_diagram,OK,O,is_a,point
108,5,noisy_text[typo] + full_diagram,OK,C,is_a,point
108,5,noisy_text[typo] + full_diagram,OK,D,is_a,point
108,5,noisy_text[typo] + full_diagram,OK,A,is_a,point
108,5,noisy_text[typo] + full_diagram,OK,B,is_a,point
108,5,noisy_text[typo] + full_diagram,OK,AB,connects,A
108,5,noisy_text[typo] + full_diagram,OK,AB,connects,B
108,5,noisy_text[typo] + full_diagram,OK,CD,connects,C
108,5,noisy_text[typo] + full_diagram,OK,CD,connects,D
108,5,noisy_text[typo] + full_diagram,OK,OC,connects,O
108,5,noisy_text[typo] + full_diagram,OK,OC,connects,C
108,5,noisy_text[typo] + full_diagram,OK,O,center_of,circle
108,5,noisy_text[typo] + full_diagram,OK,C,lies_on,circle
108,5,noisy_text[typo] + full_diagram,OK,D,lies_on,circle
108,5,noisy_text[typo] + full_diagram,OK,A,lies_on,circle
108,5,noisy_text[typo] + full_diagram,OK,B,lies_on,circle
108,5,noisy_text[typo] + full_diagram,OK,AB,lies_on,circle
108,5,noisy_text[typo] + full_diagram,OK,CD,perpendicular_to,AB
108,5,noisy_text[typo] + full_diagram,OK,AB,is_a,"diameter_of, circle"
,,,,,,
109,5,noisy_text[typo] + full_diagram,OK,α,is_a,angle
109,5,noisy_text[typo] + full_diagram,OK,α,has_measure,130_deg
109,5,noisy_text[typo] + full_diagram,OK,A,is_a,point
109,5,noisy_text[typo] + full_diagram,OK,B,is_a,point
109,5,noisy_text[typo] + full_diagram,OK,C,is_a,point
109,5,noisy_text[typo] + full_diagram,OK,D,is_a,point
109,5,noisy_text[typo] + full_diagram,OK,E,is_a,point
109,5,noisy_text[typo] + full_diagram,OK,AB,is_a,segment
109,5,noisy_text[typo] + full_diagram,OK,AC,is_a,segment
109,5,noisy_text[typo] + full_diagram,OK,DE,is_a,segment
109,5,noisy_text[typo] + full_diagram,OK,EC,is_a,segment
109,5,noisy_text[typo] + full_diagram,OK,Triangle_ABC,is_a,triangle
109,5,noisy_text[typo] + full_diagram,OK,∠BAC,is_a,angle
109,5,noisy_text[typo] + full_diagram,OK,∠BAC,has_measure,90_deg
109,5,noisy_text[typo] + full_diagram,OK,D,lies_on,AB
109,5,noisy_text[typo] + full_diagram,OK,E,lies_on,AC
109,5,noisy_text[typo] + full_diagram,OK,DE,is_a,horizontal
109,5,noisy_text[typo] + full_diagram,OK,β,is_a,angle
,,,,,,
112,5,noisy_text[typo] + full_diagram,OK,A,is_a,point
112,5,noisy_text[typo] + full_diagram,OK,B,is_a,point
112,5,noisy_text[typo] + full_diagram,OK,O,is_a,point
112,5,noisy_text[typo] + full_diagram,OK,AB,is_a,segment
112,5,noisy_text[typo] + full_diagram,OK,AO,is_a,segment
112,5,noisy_text[typo] + full_diagram,OK,OB,is_a,segment
112,5,noisy_text[typo] + full_diagram,OK,AO,has_measure,?
112,5,noisy_text[typo] + full_diagram,OK,OB,has_measure,0.7
112,5,noisy_text[typo] + full_diagram,OK,AB,has_measure,2.5
112,5,noisy_text[typo] + full_diagram,OK,A,connects,B
112,5,noisy_text[typo] + full_diagram,OK,A,connects,O
112,5,noisy_text[typo] + full_diagram,OK,B,connects,O
112,5,noisy_text[typo] + full_diagram,OK,AO,is_a,height
112,5,noisy_text[typo] + full_diagram,OK,OB,is_a,radius
112,5,noisy_text[typo] + full_diagram,OK,AB,is_a,slant_height
112,5,noisy_text[typo] + full_diagram,OK,AO,is_a,"height_of, one"
112,5,noisy_text[typo] + full_diagram,OK,OB,is_a,"radius_of, bottom"
112,5,noisy_text[typo] + full_diagram,OK,AB,is_a,"slant_height_of, bottom"
112,5,noisy_text[typo] + full_diagram,OK,AO,is_a,query_target
,,,,,,
114,5,noisy_text[typo] + full_diagram,OK,O,is_a,point
114,5,noisy_text[typo] + full_diagram,OK,A,is_a,point
114,5,noisy_text[typo] + full_diagram,OK,B,is_a,point
114,5,noisy_text[typo] + full_diagram,OK,OA,is_a,segment
114,5,noisy_text[typo] + full_diagram,OK,OB,is_a,segment
114,5,noisy_text[typo] + full_diagram,OK,OA,has_measure,1_unit
114,5,noisy_text[typo] + full_diagram,OK,OB,has_measure,1_unit
114,5,noisy_text[typo] + full_diagram,OK,OA,perpendicular_to,OB
114,5,noisy_text[typo] + full_diagram,OK,OA,connects,O
114,5,noisy_text[typo] + full_diagram,OK,OA,connects,A
114,5,noisy_text[typo] + full_diagram,OK,OB,connects,O
114,5,noisy_text[typo] + full_diagram,OK,OB,connects,B
114,5,noisy_text[typo] + full_diagram,OK,OAB,is_a,sector
114,5,noisy_text[typo] + full_diagram,OK,OAB,has_measure,90_deg
114,5,noisy_text[typo] + full_diagram,OK,OAB,radius_of,1_unit
114,5,noisy_text[typo] + full_diagram,OK,shaded_part,is_a,area
114,5,noisy_text[typo] + full_diagram,OK,shaded_part,is_a,?
,,,,,,
115,5,noisy_text[typo] + full_diagram,OK,sector,is_a,papre_sheet
115,5,noisy_text[typo] + full_diagram,OK,sector,has_measure,120_deg
115,5,noisy_text[typo] + full_diagram,OK,sector,has_measure,6_units
115,5,noisy_text[typo] + full_diagram,OK,conic,is_a,bottomless_paper_cap
115,5,noisy_text[typo] + full_diagram,OK,conic,is_a,paper_cap
115,5,noisy_text[typo] + full_diagram,OK,paper_cap,has_measure,?
115,5,noisy_text[typo] + full_diagram,OK,paper_cap,is_a,bottomless_paper_cap
,,,,,,
117,5,noisy_text[typo] + full_diagram,OK,sector,is_a,piece_of_paper
117,5,noisy_text[typo] + full_diagram,OK,sector,has_measure,120_deg
117,5,noisy_text[typo] + full_diagram,OK,sector,has_measure,3.0_cm
117,5,noisy_text[typo] + full_diagram,OK,cone,is_a,bottomless_paper_cap
117,5,noisy_text[typo] + full_diagram,OK,cone,has_measure,?_cm
117,5,noisy_text[typo] + full_diagram,OK,sector,is_a,esctor
117,5,noisy_text[typo] + full_diagram,OK,cone,is_a,cone-shaped
117,5,noisy_text[typo] + full_diagram,OK,cone,is_a,paper_cap
,,,,,,
119,5,noisy_text[typo] + full_diagram,OK,sector,is_a,cardboard
119,5,noisy_text[typo] + full_diagram,OK,sector,has_measure,24.0_cm
119,5,noisy_text[typo] + full_diagram,OK,conical_hat,is_a,hat
119,5,noisy_text[typo] + full_diagram,OK,conical_hat,has_measure,10.0_cm
119,5,noisy_text[typo] + full_diagram,OK,conical_hat,center_of,O
119,5,noisy_text[typo] + full_diagram,OK,O,is_a,point
119,5,noisy_text[typo] + full_diagram,OK,sector,radius_of,24.0_cm
119,5,noisy_text[typo] + full_diagram,OK,conical_hat,radius_of,10.0_cm
119,5,noisy_text[typo] + full_diagram,OK,sector,mapped_to,conical_hat
119,5,noisy_text[typo] + full_diagram,OK,sector,has_measure,?
119,5,noisy_text[typo] + full_diagram,OK,conical_hat,has_measure,?
,,,,,,
120,5,noisy_text[typo] + full_diagram,OK,cone,is_a,cone
120,5,noisy_text[typo] + full_diagram,OK,generatrix,is_a,segment
120,5,noisy_text[typo] + full_diagram,OK,generatrix,has_measure,5.0
120,5,noisy_text[typo] + full_diagram,OK,height,is_a,segment
120,5,noisy_text[typo] + full_diagram,OK,height,has_measure,4.0
120,5,noisy_text[typo] + full_diagram,OK,base,is_a,circle
120,5,noisy_text[typo] + full_diagram,OK,base,has_measure,?
120,5,noisy_text[typo] + full_diagram,OK,cone,connects,generatrix
120,5,noisy_text[typo] + full_diagram,OK,cone,connects,height
120,5,noisy_text[typo] + full_diagram,OK,cone,connects,base
,,,,,,
123,5,noisy_text[typo] + full_diagram,OK,A,is_a,point
123,5,noisy_text[typo] + full_diagram,OK,B,is_a,point
123,5,noisy_text[typo] + full_diagram,OK,C,is_a,point
123,5,noisy_text[typo] + full_diagram,OK,AC,is_a,segment
123,5,noisy_text[typo] + full_diagram,OK,BC,is_a,segment
123,5,noisy_text[typo] + full_diagram,OK,AB,is_a,segment
123,5,noisy_text[typo] + full_diagram,OK,∠ACB,is_a,angle
123,5,noisy_text[typo] + full_diagram,OK,ABC,is_a,triangle
123,5,noisy_text[typo] + full_diagram,OK,ABC,is_a,right_triangle
123,5,noisy_text[typo] + full_diagram,OK,AC,has_measure,4_units
123,5,noisy_text[typo] + full_diagram,OK,BC,has_measure,3_units
123,5,noisy_text[typo] + full_diagram,OK,∠ACB,has_measure,90_deg
123,5,noisy_text[typo] + full_diagram,OK,ABC,rotated_about,AC
123,5,noisy_text[typo] + full_diagram,OK,Lateral Surface Area of Cone,is_a,query_target
,,,,,,
128,5,noisy_text[typo] + full_diagram,OK,O,is_a,point
128,5,noisy_text[typo] + full_diagram,OK,A,is_a,point
128,5,noisy_text[typo] + full_diagram,OK,B,is_a,point
128,5,noisy_text[typo] + full_diagram,OK,OA,is_a,segment
128,5,noisy_text[typo] + full_diagram,OK,OB,is_a,segment
128,5,noisy_text[typo] + full_diagram,OK,OA,has_measure,6_units
128,5,noisy_text[typo] + full_diagram,OK,OB,has_measure,6_units
128,5,noisy_text[typo] + full_diagram,OK,∠AOB,is_a,angle
128,5,noisy_text[typo] + full_diagram,OK,∠AOB,has_measure,120_deg
128,5,noisy_text[typo] + full_diagram,OK,OA,connects,A
128,5,noisy_text[typo] + full_diagram,OK,OA,connects,O
128,5,noisy_text[typo] + full_diagram,OK,OB,connects,B
128,5,noisy_text[typo] + full_diagram,OK,OB,connects,O
128,5,noisy_text[typo] + full_diagram,OK,O,center_of,sector
128,5,noisy_text[typo] + full_diagram,OK,A,lies_on,sector
128,5,noisy_text[typo] + full_diagram,OK,B,lies_on,sector
128,5,noisy_text[typo] + full_diagram,OK,OA,lies_on,sector
128,5,noisy_text[typo] + full_diagram,OK,OB,lies_on,sector
128,5,noisy_text[typo] + full_diagram,OK,?,is_a,diameter
128,5,noisy_text[typo] + full_diagram,OK,?,query_target,?
,,,,,,
132,5,noisy_text[typo] + full_diagram,OK,AB,is_a,segment
132,5,noisy_text[typo] + full_diagram,OK,A,is_a,point
132,5,noisy_text[typo] + full_diagram,OK,B,is_a,point
132,5,noisy_text[typo] + full_diagram,OK,BD,is_a,segment
132,5,noisy_text[typo] + full_diagram,OK,DE,is_a,segment
132,5,noisy_text[typo] + full_diagram,OK,BC,is_a,segment
132,5,noisy_text[typo] + full_diagram,OK,GE,is_a,segment
132,5,noisy_text[typo] + full_diagram,OK,EF,is_a,segment
132,5,noisy_text[typo] + full_diagram,OK,CG,is_a,segment
132,5,noisy_text[typo] + full_diagram,OK,C,is_a,point
132,5,noisy_text[typo] + full_diagram,OK,D,is_a,point
132,5,noisy_text[typo] + full_diagram,OK,E,is_a,point
132,5,noisy_text[typo] + full_diagram,OK,F,is_a,point
132,5,noisy_text[typo] + full_diagram,OK,G,is_a,point
132,5,noisy_text[typo] + full_diagram,OK,A,lies_on,AB
132,5,noisy_text[typo] + full_diagram,OK,B,lies_on,AB
132,5,noisy_text[typo] + full_diagram,OK,D,lies_on,BD
132,5,noisy_text[typo] + full_diagram,OK,E,lies_on,DE
132,5,noisy_text[typo] + full_diagram,OK,B,lies_on,BC
132,5,noisy_text[typo] + full_diagram,OK,C,lies_on,BC
132,5,noisy_text[typo] + full_diagram,OK,G,lies_on,GE
132,5,noisy_text[typo] + full_diagram,OK,E,lies_on,EF
132,5,noisy_text[typo] + full_diagram,OK,C,lies_on,CG
132,5,noisy_text[typo] + full_diagram,OK,A,collinear_with,B
132,5,noisy_text[typo] + full_diagram,OK,A,collinear_with,C
132,5,noisy_text[typo] + full_diagram,OK,B,collinear_with,C
132,5,noisy_text[typo] + full_diagram,OK,DE,has_measure,0.6
132,5,noisy_text[typo] + full_diagram,OK,GE,has_measure,2.0
132,5,noisy_text[typo] + full_diagram,OK,EF,has_measure,1.6
132,5,noisy_text[typo] + full_diagram,OK,CG,has_measure,12.0
,,,,,,
133,5,noisy_text[typo] + full_diagram,OK,P,is_a,point
133,5,noisy_text[typo] + full_diagram,OK,Q,is_a,point
133,5,noisy_text[typo] + full_diagram,OK,S,is_a,point
133,5,noisy_text[typo] + full_diagram,OK,T,is_a,point
133,5,noisy_text[typo] + full_diagram,OK,R,is_a,point
133,5,noisy_text[typo] + full_diagram,OK,PQ,is_a,segment
133,5,noisy_text[typo] + full_diagram,OK,QS,is_a,segment
133,5,noisy_text[typo] + full_diagram,OK,ST,is_a,segment
133,5,noisy_text[typo] + full_diagram,OK,PT,is_a,segment
133,5,noisy_text[typo] + full_diagram,OK,QR,is_a,segment
133,5,noisy_text[typo] + full_diagram,OK,PS,is_a,segment
133,5,noisy_text[typo] + full_diagram,OK,PS,perpendicular_to,river
133,5,noisy_text[typo] + full_diagram,OK,ST,perpendicular_to,PS
133,5,noisy_text[typo] + full_diagram,OK,PT,intersects,line_b
133,5,noisy_text[typo] + full_diagram,OK,line_b,passes_through,Q
133,5,noisy_text[typo] + full_diagram,OK,line_b,perpendicular_to,PS
133,5,noisy_text[typo] + full_diagram,OK,QS,has_measure,60.0_m
133,5,noisy_text[typo] + full_diagram,OK,ST,has_measure,120.0_m
133,5,noisy_text[typo] + full_diagram,OK,QR,has_measure,80.0_m
133,5,noisy_text[typo] + full_diagram,OK,PQ,is_a,query_target
,,,,,,
149,5,noisy_text[typo] + full_diagram,OK,A,is_a,point
149,5,noisy_text[typo] + full_diagram,OK,B,is_a,point
149,5,noisy_text[typo] + full_diagram,OK,C,is_a,point
149,5,noisy_text[typo] + full_diagram,OK,D,is_a,point
149,5,noisy_text[typo] + full_diagram,OK,E,is_a,point
149,5,noisy_text[typo] + full_diagram,OK,CD,is_a,segment
149,5,noisy_text[typo] + full_diagram,OK,AC,is_a,segment
149,5,noisy_text[typo] + full_diagram,OK,BD,is_a,segment
149,5,noisy_text[typo] + full_diagram,OK,ED,is_a,segment
149,5,noisy_text[typo] + full_diagram,OK,α,is_a,angle
149,5,noisy_text[typo] + full_diagram,OK,CD,is_a,mirror
149,5,noisy_text[typo] + full_diagram,OK,AC,perpendicular_to,CD
149,5,noisy_text[typo] + full_diagram,OK,BD,perpendicular_to,CD
149,5,noisy_text[typo] + full_diagram,OK,AC,has_measure,3_units
149,5,noisy_text[typo] + full_diagram,OK,BD,has_measure,6_units
149,5,noisy_text[typo] + full_diagram,OK,CD,has_measure,10_units
149,5,noisy_text[typo] + full_diagram,OK,ED,has_measure,?
149,5,noisy_text[typo] + full_diagram,OK,light,is_emitted_from,A
149,5,noisy_text[typo] + full_diagram,OK,light,is_reflected_at,E
149,5,noisy_text[typo] + full_diagram,OK,light,is_directed_to,B
149,5,noisy_text[typo] + full_diagram,OK,incident_angle,is_a,α
,,,,,,
150,5,noisy_text[typo] + full_diagram,OK,A,is_a,point
150,5,noisy_text[typo] + full_diagram,OK,B,is_a,point
150,5,noisy_text[typo] + full_diagram,OK,C,is_a,point
150,5,noisy_text[typo] + full_diagram,OK,AB,is_a,segment
150,5,noisy_text[typo] + full_diagram,OK,AB,has_measure,2_units
150,5,noisy_text[typo] + full_diagram,OK,BD,is_a,segment
150,5,noisy_text[typo] + full_diagram,OK,BD,has_measure,7/3_units
150,5,noisy_text[typo] + full_diagram,OK,CE,is_a,segment
150,5,noisy_text[typo] + full_diagram,OK,CE,has_measure,9_units
150,5,noisy_text[typo] + full_diagram,OK,D,is_a,point
150,5,noisy_text[typo] + full_diagram,OK,E,is_a,point
150,5,noisy_text[typo] + full_diagram,OK,BC,is_a,segment
150,5,noisy_text[typo] + full_diagram,OK,BC,has_measure,?
,,,,,,
151,5,noisy_text[typo] + full_diagram,OK,A,is_a,point
151,5,noisy_text[typo] + full_diagram,OK,B,is_a,point
151,5,noisy_text[typo] + full_diagram,OK,C,is_a,point
151,5,noisy_text[typo] + full_diagram,OK,D,is_a,point
151,5,noisy_text[typo] + full_diagram,OK,AB,is_a,segment
151,5,noisy_text[typo] + full_diagram,OK,CD,is_a,segment
151,5,noisy_text[typo] + full_diagram,OK,A,has_measure,1.7_units
151,5,noisy_text[typo] + full_diagram,OK,BC,has_measure,5_units
151,5,noisy_text[typo] + full_diagram,OK,BD,has_measure,20_units
151,5,noisy_text[typo] + full_diagram,OK,BD,is_a,segment
,,,,,,
152,5,noisy_text[typo] + full_diagram,OK,A,is_a,point
152,5,noisy_text[typo] + full_diagram,OK,B,is_a,point
152,5,noisy_text[typo] + full_diagram,OK,C,is_a,point
152,5,noisy_text[typo] + full_diagram,OK,D,is_a,point
152,5,noisy_text[typo] + full_diagram,OK,AB,is_a,segment
152,5,noisy_text[typo] + full_diagram,OK,BC,is_a,segment
152,5,noisy_text[typo] + full_diagram,OK,BD,is_a,segment
152,5,noisy_text[typo] + full_diagram,OK,AB,connects,A
152,5,noisy_text[typo] + full_diagram,OK,AB,connects,B
152,5,noisy_text[typo] + full_diagram,OK,BC,connects,B
152,5,noisy_text[typo] + full_diagram,OK,BC,connects,C
152,5,noisy_text[typo] + full_diagram,OK,BD,connects,B
152,5,noisy_text[typo] + full_diagram,OK,BD,connects,D
152,5,noisy_text[typo] + full_diagram,OK,B,lies_on,BC
152,5,noisy_text[typo] + full_diagram,OK,B,lies_on,BD
152,5,noisy_text[typo] + full_diagram,OK,C,lies_on,BC
152,5,noisy_text[typo] + full_diagram,OK,D,lies_on,BD
152,5,noisy_text[typo] + full_diagram,OK,D,lies_on,AB
152,5,noisy_text[typo] + full_diagram,OK,BC,has_measure,1.6_units
152,5,noisy_text[typo] + full_diagram,OK,BD,has_measure,0.5_units
152,5,noisy_text[typo] + full_diagram,OK,D,distance_to,"wall, 1.4_units"
152,5,noisy_text[typo] + full_diagram,OK,AB,length_of,?
,,,,,,
153,5,noisy_text[typo] + full_diagram,OK,AB,is_a,segment
153,5,noisy_text[typo] + full_diagram,OK,AB,has_measure,?
153,5,noisy_text[typo] + full_diagram,OK,DE,is_a,segment
153,5,noisy_text[typo] + full_diagram,OK,DE,has_measure,1.8
153,5,noisy_text[typo] + full_diagram,OK,BC,is_a,segment
153,5,noisy_text[typo] + full_diagram,OK,BC,has_measure,1.0
153,5,noisy_text[typo] + full_diagram,OK,EC,is_a,segment
153,5,noisy_text[typo] + full_diagram,OK,EC,has_measure,1.2
153,5,noisy_text[typo] + full_diagram,OK,D,is_a,point
153,5,noisy_text[typo] + full_diagram,OK,E,is_a,point
153,5,noisy_text[typo] + full_diagram,OK,C,is_a,point
153,5,noisy_text[typo] + full_diagram,OK,A,is_a,point
153,5,noisy_text[typo] + full_diagram,OK,B,is_a,point
153,5,noisy_text[typo] + full_diagram,OK,AB,connects,A
153,5,noisy_text[typo] + full_diagram,OK,AB,connects,B
153,5,noisy_text[typo] + full_diagram,OK,DE,connects,D
153,5,noisy_text[typo] + full_diagram,OK,DE,connects,E
153,5,noisy_text[typo] + full_diagram,OK,BC,connects,B
153,5,noisy_text[typo] + full_diagram,OK,BC,connects,C
153,5,noisy_text[typo] + full_diagram,OK,EC,connects,E
153,5,noisy_text[typo] + full_diagram,OK,EC,connects,C
153,5,noisy_text[typo] + full_diagram,OK,D,lies_on,ground
153,5,noisy_text[typo] + full_diagram,OK,E,lies_on,ground
153,5,noisy_text[typo] + full_diagram,OK,C,lies_on,ground
153,5,noisy_text[typo] + full_diagram,OK,A,lies_on,window
153,5,noisy_text[typo] + full_diagram,OK,B,lies_on,window
153,5,noisy_text[typo] + full_diagram,OK,AB,lies_on,window
153,5,noisy_text[typo] + full_diagram,OK,DE,lies_on,ground
153,5,noisy_text[typo] + full_diagram,OK,BC,lies_on,window
153,5,noisy_text[typo] + full_diagram,OK,EC,lies_on,ground
153,5,noisy_text[typo] + full_diagram,OK,AB,is_a,height
153,5,noisy_text[typo] + full_diagram,OK,DE,is_a,shadow
,,,,,,
157,5,noisy_text[typo] + full_diagram,OK,A,is_a,point
157,5,noisy_text[typo] + full_diagram,OK,B,is_a,point
157,5,noisy_text[typo] + full_diagram,OK,C,is_a,point
157,5,noisy_text[typo] + full_diagram,OK,ABC,is_a,triangle
157,5,noisy_text[typo] + full_diagram,OK,∠C,is_a,angle
157,5,noisy_text[typo] + full_diagram,OK,∠C,has_measure,90_deg
157,5,noisy_text[typo] + full_diagram,OK,AC,is_a,segment
157,5,noisy_text[typo] + full_diagram,OK,BC,is_a,segment
157,5,noisy_text[typo] + full_diagram,OK,AB,is_a,segment
157,5,noisy_text[typo] + full_diagram,OK,AC,has_measure,4_units
157,5,noisy_text[typo] + full_diagram,OK,BC,has_measure,3_units
157,5,noisy_text[typo] + full_diagram,OK,A,connects,C
157,5,noisy_text[typo] + full_diagram,OK,C,connects,B
157,5,noisy_text[typo] + full_diagram,OK,B,connects,A
157,5,noisy_text[typo] + full_diagram,OK,∠C,center_of,C
157,5,noisy_text[typo] + full_diagram,OK,∠C,rotated_about,C
157,5,noisy_text[typo] + full_diagram,OK,cos,mapped_to,B
157,5,noisy_text[typo] + full_diagram,OK,?,is_a,cos
,,,,,,
165,5,noisy_text[typo] + full_diagram,OK,A,is_a,point
165,5,noisy_text[typo] + full_diagram,OK,B,is_a,point
165,5,noisy_text[typo] + full_diagram,OK,C,is_a,point
165,5,noisy_text[typo] + full_diagram,OK,AB,is_a,segment
165,5,noisy_text[typo] + full_diagram,OK,BC,is_a,segment
165,5,noisy_text[typo] + full_diagram,OK,AC,is_a,segment
165,5,noisy_text[typo] + full_diagram,OK,ABC,is_a,triangle
165,5,noisy_text[typo] + full_diagram,OK,ABC,is_a,right_triangle
165,5,noisy_text[typo] + full_diagram,OK,C,is_a,right_angle
165,5,noisy_text[typo] + full_diagram,OK,AB,has_measure,2_units
165,5,noisy_text[typo] + full_diagram,OK,BC,has_measure,1_unit
,,,,,,
198,5,noisy_text[typo] + full_diagram,OK,triangle,is_a,isosceles_triangle
198,5,noisy_text[typo] + full_diagram,OK,triangle,has_measure,13_units
198,5,noisy_text[typo] + full_diagram,OK,triangle,has_measure,10_units
198,5,noisy_text[typo] + full_diagram,OK,triangle,has_measure,?
198,5,noisy_text[typo] + full_diagram,OK,base,is_a,segment
198,5,noisy_text[typo] + full_diagram,OK,base,has_measure,10_units
198,5,noisy_text[typo] + full_diagram,OK,side,is_a,segment
198,5,noisy_text[typo] + full_diagram,OK,side,has_measure,13_units
198,5,noisy_text[typo] + full_diagram,OK,height,is_a,segment
198,5,noisy_text[typo] + full_diagram,OK,height,has_measure,?
198,5,noisy_text[typo] + full_diagram,OK,area,is_a,query_target
198,5,noisy_text[typo] + full_diagram,OK,area,has_measure,?
198,5,noisy_text[typo] + full_diagram,OK,triangle,connects,base
198,5,noisy_text[typo] + full_diagram,OK,triangle,connects,side
198,5,noisy_text[typo] + full_diagram,OK,base,connects,side
198,5,noisy_text[typo] + full_diagram,OK,side,connects,side
198,5,noisy_text[typo] + full_diagram,OK,height,perpendicular_to,base
198,5,noisy_text[typo] + full_diagram,OK,height,connects,side
,,,,,,
207,5,noisy_text[typo] + full_diagram,OK,largest_circle,is_a,circle
207,5,noisy_text[typo] + full_diagram,OK,small_circle1,is_a,circle
207,5,noisy_text[typo] + full_diagram,OK,small_circle2,is_a,circle
207,5,noisy_text[typo] + full_diagram,OK,largest_circle,has_measure,20_units
207,5,noisy_text[typo] + full_diagram,OK,largest_circle,is_a,largest_circle
207,5,noisy_text[typo] + full_diagram,OK,small_circle1,is_a,small_circle
207,5,noisy_text[typo] + full_diagram,OK,small_circle2,is_a,small_circle
207,5,noisy_text[typo] + full_diagram,OK,largest_circle,center_of,center_point
207,5,noisy_text[typo] + full_diagram,OK,small_circle1,center_of,center_point
207,5,noisy_text[typo] + full_diagram,OK,small_circle2,center_of,center_point
207,5,noisy_text[typo] + full_diagram,OK,largest_circle,diameter_of,20_units
207,5,noisy_text[typo] + full_diagram,OK,small_circle1,diameter_of,?
207,5,noisy_text[typo] + full_diagram,OK,small_circle2,diameter_of,?
207,5,noisy_text[typo] + full_diagram,OK,largest_circle,contains,small_circle1
207,5,noisy_text[typo] + full_diagram,OK,largest_circle,contains,small_circle2
207,5,noisy_text[typo] + full_diagram,OK,shaded_region,is_a,region
207,5,noisy_text[typo] + full_diagram,OK,shaded_region,area_of,?
,,,,,,
210,5,noisy_text[typo] + full_diagram,OK,A,is_a,point
210,5,noisy_text[typo] + full_diagram,OK,B,is_a,point
210,5,noisy_text[typo] + full_diagram,OK,C,is_a,point
210,5,noisy_text[typo] + full_diagram,OK,D,is_a,point
210,5,noisy_text[typo] + full_diagram,OK,E,is_a,point
210,5,noisy_text[typo] + full_diagram,OK,AB,is_a,segment
210,5,noisy_text[typo] + full_diagram,OK,AC,is_a,segment
210,5,noisy_text[typo] + full_diagram,OK,AD,is_a,segment
210,5,noisy_text[typo] + full_diagram,OK,AE,is_a,segment
210,5,noisy_text[typo] + full_diagram,OK,CD,is_a,segment
210,5,noisy_text[typo] + full_diagram,OK,ED,is_a,segment
210,5,noisy_text[typo] + full_diagram,OK,BE,is_a,segment
210,5,noisy_text[typo] + full_diagram,OK,Triangel_ABE,is_a,triangle
210,5,noisy_text[typo] + full_diagram,OK,Triangel_ACD,is_a,triangle
210,5,noisy_text[typo] + full_diagram,OK,A,connects,B
210,5,noisy_text[typo] + full_diagram,OK,A,connects,C
210,5,noisy_text[typo] + full_diagram,OK,A,connects,D
210,5,noisy_text[typo] + full_diagram,OK,A,connects,E
210,5,noisy_text[typo] + full_diagram,OK,C,connects,D
210,5,noisy_text[typo] + full_diagram,OK,E,connects,D
210,5,noisy_text[typo] + full_diagram,OK,B,connects,E
210,5,noisy_text[typo] + full_diagram,OK,C,connects,B
210,5,noisy_text[typo] + full_diagram,OK,AB,has_measure,12_units
210,5,noisy_text[typo] + full_diagram,OK,AC,has_measure,16_units
210,5,noisy_text[typo] + full_diagram,OK,ED,has_measure,5_units
210,5,noisy_text[typo] + full_diagram,OK,Triangel_ABE,parallel_to,Triangel_ACD
210,5,noisy_text[typo] + full_diagram,OK,Triangel_ABE,shares,A
210,5,noisy_text[typo] + full_diagram,OK,BE,parallel_to,CD
210,5,noisy_text[typo] + full_diagram,OK,AE,has_measure,?
,,,,,,
211,5,noisy_text[typo] + full_diagram,OK,MNPR,is_a,parallelogram
211,5,noisy_text[typo] + full_diagram,OK,MP,is_a,diagonal
211,5,noisy_text[typo] + full_diagram,OK,RN,is_a,diagonal
211,5,noisy_text[typo] + full_diagram,OK,Q,is_a,point
211,5,noisy_text[typo] + full_diagram,OK,MN,is_a,segment
211,5,noisy_text[typo] + full_diagram,OK,NP,is_a,segment
211,5,noisy_text[typo] + full_diagram,OK,RP,is_a,segment
211,5,noisy_text[typo] + full_diagram,OK,MR,is_a,segment
211,5,noisy_text[typo] + full_diagram,OK,MN,has_measure,3x - 4
211,5,noisy_text[typo] + full_diagram,OK,NP,has_measure,2y + 5
211,5,noisy_text[typo] + full_diagram,OK,RP,has_measure,20
211,5,noisy_text[typo] + full_diagram,OK,MR,has_measure,17.9
211,5,noisy_text[typo] + full_diagram,OK,∠RNP,is_a,angle
211,5,noisy_text[typo] + full_diagram,OK,∠RNP,has_measure,?
211,5,noisy_text[typo] + full_diagram,OK,∠M,is_a,angle
211,5,noisy_text[typo] + full_diagram,OK,∠M,has_measure,33_deg
211,5,noisy_text[typo] + full_diagram,OK,∠Q,is_a,angle
211,5,noisy_text[typo] + full_diagram,OK,∠Q,has_measure,83_deg
211,5,noisy_text[typo] + full_diagram,OK,∠R,is_a,angle
211,5,noisy_text[typo] + full_diagram,OK,∠R,has_measure,38_deg
211,5,noisy_text[typo] + full_diagram,OK,QR,is_a,segment
211,5,noisy_text[typo] + full_diagram,OK,QR,has_measure,3z - 3
211,5,noisy_text[typo] + full_diagram,OK,QP,is_a,segment
211,5,noisy_text[typo] + full_diagram,OK,QP,has_measure,11.1
211,5,noisy_text[typo] + full_diagram,OK,QM,is_a,segment
211,5,noisy_text[typo] + full_diagram,OK,QM,has_measure,4w - 3
211,5,noisy_text[typo] + full_diagram,OK,QN,is_a,segment
211,5,noisy_text[typo] + full_diagram,OK,QN,has_measure,15.4
,,,,,,
223,5,noisy_text[typo] + full_diagram,OK,5,is_a,length
223,5,noisy_text[typo] + full_diagram,OK,5,has_measure,5_units
223,5,noisy_text[typo] + full_diagram,OK,x,is_a,length
223,5,noisy_text[typo] + full_diagram,OK,3√2,is_a,length
223,5,noisy_text[typo] + full_diagram,OK,3√2,has_measure,3√2_units
223,5,noisy_text[typo] + full_diagram,OK,triangle,is_a,right_triangle
223,5,noisy_text[typo] + full_diagram,OK,triangle,has_measure,90_deg
223,5,noisy_text[typo] + full_diagram,OK,triangle,has_measure,5_units
223,5,noisy_text[typo] + full_diagram,OK,triangle,has_measure,x_units
223,5,noisy_text[typo] + full_diagram,OK,triangle,has_measure,3√2_units
223,5,noisy_text[typo] + full_diagram,OK,x,is_a,?
223,5,noisy_text[typo] + full_diagram,OK,?,is_a,value
223,5,noisy_text[typo] + full_diagram,OK,?,is_a,x
,,,,,,
239,5,noisy_text[typo] + full_diagram,OK,ABC,is_a,triangle
239,5,noisy_text[typo] + full_diagram,OK,R,is_a,midpoint
239,5,noisy_text[typo] + full_diagram,OK,S,is_a,midpoint
239,5,noisy_text[typo] + full_diagram,OK,T,is_a,midpoint
239,5,noisy_text[typo] + full_diagram,OK,R,lies_on,AC
239,5,noisy_text[typo] + full_diagram,OK,S,lies_on,AB
239,5,noisy_text[typo] + full_diagram,OK,T,lies_on,CB
239,5,noisy_text[typo] + full_diagram,OK,AT,is_a,median
239,5,noisy_text[typo] + full_diagram,OK,BR,is_a,median
239,5,noisy_text[typo] + full_diagram,OK,CS,is_a,median
239,5,noisy_text[typo] + full_diagram,OK,AT,intersects,BR
239,5,noisy_text[typo] + full_diagram,OK,BR,intersects,CS
239,5,noisy_text[typo] + full_diagram,OK,CS,intersects,AT
239,5,noisy_text[typo] + full_diagram,OK,M,is_a,point
239,5,noisy_text[typo] + full_diagram,OK,AT,connects,T
239,5,noisy_text[typo] + full_diagram,OK,BR,connects,R
239,5,noisy_text[typo] + full_diagram,OK,CS,connects,S
239,5,noisy_text[typo] + full_diagram,OK,AT,intersects,"BR, at, M"
239,5,noisy_text[typo] + full_diagram,OK,BR,intersects,"CS, at, M"
239,5,noisy_text[typo] + full_diagram,OK,CS,intersects,"AT, at, M"
239,5,noisy_text[typo] + full_diagram,OK,M,lies_on,AT
239,5,noisy_text[typo] + full_diagram,OK,M,lies_on,BR
239,5,noisy_text[typo] + full_diagram,OK,M,lies_on,CS
239,5,noisy_text[typo] + full_diagram,OK,MC,has_measure,7_units
239,5,noisy_text[typo] + full_diagram,OK,RM,has_measure,4_units
239,5,noisy_text[typo] + full_diagram,OK,AT,has_measure,16_units
,,,,,,
243,5,noisy_text[typo] + full_diagram,OK,Des_Moines,is_a,point
243,5,noisy_text[typo] + full_diagram,OK,Phoenix,is_a,point
243,5,noisy_text[typo] + full_diagram,OK,Atlanta,is_a,point
243,5,noisy_text[typo] + full_diagram,OK,Des_Moines,connects,Phoenix
243,5,noisy_text[typo] + full_diagram,OK,Phoenix,connects,Atlanta
243,5,noisy_text[typo] + full_diagram,OK,Atlanta,connects,Des_Moines
243,5,noisy_text[typo] + full_diagram,OK,Des_Moines_Phoenix,is_a,segment
243,5,noisy_text[typo] + full_diagram,OK,Phoenix_Atlanta,is_a,segment
243,5,noisy_text[typo] + full_diagram,OK,Atlanta_Des_Moines,is_a,segment
243,5,noisy_text[typo] + full_diagram,OK,Des_Moines_Phoenix,has_measure,110x + 53
243,5,noisy_text[typo] + full_diagram,OK,Phoenix_Atlanta,has_measure,150x + 91
243,5,noisy_text[typo] + full_diagram,OK,Atlanta_Des_Moines,has_measure,73.8x
243,5,noisy_text[typo] + full_diagram,OK,total_trip_distance,has_measure,3482
243,5,noisy_text[typo] + full_diagram,OK,Phoenix_Atlanta,has_measure,?
,,,,,,
257,5,noisy_text[typo] + full_diagram,OK,A,is_a,point
257,5,noisy_text[typo] + full_diagram,OK,B,is_a,point
257,5,noisy_text[typo] + full_diagram,OK,C,is_a,point
257,5,noisy_text[typo] + full_diagram,OK,D,is_a,point
257,5,noisy_text[typo] + full_diagram,OK,E,is_a,point
257,5,noisy_text[typo] + full_diagram,OK,AB,is_a,segment
257,5,noisy_text[typo] + full_diagram,OK,AC,is_a,segment
257,5,noisy_text[typo] + full_diagram,OK,AD,is_a,segment
257,5,noisy_text[typo] + full_diagram,OK,BE,is_a,segment
257,5,noisy_text[typo] + full_diagram,OK,CD,is_a,segment
257,5,noisy_text[typo] + full_diagram,OK,AE,is_a,segment
257,5,noisy_text[typo] + full_diagram,OK,AB,has_measure,12_units
257,5,noisy_text[typo] + full_diagram,OK,AC,has_measure,16_units
257,5,noisy_text[typo] + full_diagram,OK,ED,has_measure,5_units
257,5,noisy_text[typo] + full_diagram,OK,BE,parallel_to,CD
257,5,noisy_text[typo] + full_diagram,OK,A,is_a,vertex
257,5,noisy_text[typo] + full_diagram,OK,B,is_a,vertex
257,5,noisy_text[typo] + full_diagram,OK,C,is_a,vertex
257,5,noisy_text[typo] + full_diagram,OK,D,is_a,vertex
257,5,noisy_text[typo] + full_diagram,OK,E,is_a,vertex
257,5,noisy_text[typo] + full_diagram,OK,ABE,is_a,triangle
257,5,noisy_text[typo] + full_diagram,OK,ACD,is_a,triangle
257,5,noisy_text[typo] + full_diagram,OK,ABE,similar_to,ACD
,,,,,,
264,5,noisy_text[typo] + full_diagram,OK,M,is_a,point
264,5,noisy_text[typo] + full_diagram,OK,N,is_a,point
264,5,noisy_text[typo] + full_diagram,OK,P,is_a,point
264,5,noisy_text[typo] + full_diagram,OK,Q,is_a,point
264,5,noisy_text[typo] + full_diagram,OK,MN,is_a,segment
264,5,noisy_text[typo] + full_diagram,OK,NP,is_a,segment
264,5,noisy_text[typo] + full_diagram,OK,PQ,is_a,segment
264,5,noisy_text[typo] + full_diagram,OK,QM,is_a,segment
264,5,noisy_text[typo] + full_diagram,OK,NMPQ,is_a,parallelogram
264,5,noisy_text[typo] + full_diagram,OK,∠M,is_a,angle
264,5,noisy_text[typo] + full_diagram,OK,∠N,is_a,angle
264,5,noisy_text[typo] + full_diagram,OK,∠P,is_a,angle
264,5,noisy_text[typo] + full_diagram,OK,∠Q,is_a,angle
264,5,noisy_text[typo] + full_diagram,OK,∠M,has_measure,10x
264,5,noisy_text[typo] + full_diagram,OK,∠N,has_measure,20x
264,5,noisy_text[typo] + full_diagram,OK,∠M,equals,∠P
264,5,noisy_text[typo] + full_diagram,OK,∠N,equals,∠Q
264,5,noisy_text[typo] + full_diagram,OK,∠M,is_a,query_target
,,,,,,
281,5,noisy_text[typo] + full_diagram,OK,A,is_a,point
281,5,noisy_text[typo] + full_diagram,OK,B,is_a,point
281,5,noisy_text[typo] + full_diagram,OK,C,is_a,point
281,5,noisy_text[typo] + full_diagram,OK,ABC,is_a,triangle
281,5,noisy_text[typo] + full_diagram,OK,∠C,is_a,angle
281,5,noisy_text[typo] + full_diagram,OK,∠C,has_measure,90_deg
281,5,noisy_text[typo] + full_diagram,OK,AC,is_a,segment
281,5,noisy_text[typo] + full_diagram,OK,AB,is_a,segment
281,5,noisy_text[typo] + full_diagram,OK,BC,is_a,segment
281,5,noisy_text[typo] + full_diagram,OK,AC,has_measure,24_units
281,5,noisy_text[typo] + full_diagram,OK,AB,has_measure,26_units
281,5,noisy_text[typo] + full_diagram,OK,BC,has_measure,10_units
281,5,noisy_text[typo] + full_diagram,OK,cos B,is_a,ratio
281,5,noisy_text[typo] + full_diagram,OK,cos B,has_measure,?
,,,,,,
327,5,noisy_text[typo] + full_diagram,OK,Z,is_a,point
327,5,noisy_text[typo] + full_diagram,OK,Y,is_a,point
327,5,noisy_text[typo] + full_diagram,OK,X,is_a,point
327,5,noisy_text[typo] + full_diagram,OK,N,is_a,point
327,5,noisy_text[typo] + full_diagram,OK,ZY,is_a,segment
327,5,noisy_text[typo] + full_diagram,OK,YX,is_a,segment
327,5,noisy_text[typo] + full_diagram,OK,XN,is_a,segment
327,5,noisy_text[typo] + full_diagram,OK,ZY,has_measure,10.7_units
327,5,noisy_text[typo] + full_diagram,OK,YX,has_measure,b_units
327,5,noisy_text[typo] + full_diagram,OK,XZ,has_measure,d_units
327,5,noisy_text[typo] + full_diagram,OK,∠ZXY,is_a,angle
327,5,noisy_text[typo] + full_diagram,OK,∠ZXY,has_measure,335_deg
327,5,noisy_text[typo] + full_diagram,OK,Y,lies_on,YX
327,5,noisy_text[typo] + full_diagram,OK,X,lies_on,YX
327,5,noisy_text[typo] + full_diagram,OK,X,lies_on,XN
327,5,noisy_text[typo] + full_diagram,OK,Z,lies_on,ZY
327,5,noisy_text[typo] + full_diagram,OK,N,lies_on,XN
327,5,noisy_text[typo] + full_diagram,OK,YX,perpendicular_to,XN
327,5,noisy_text[typo] + full_diagram,OK,ZY,perpendicular_to,YX
,,,,,,
348,5,noisy_text[typo] + full_diagram,OK,helicopter,is_a,helicopter
348,5,noisy_text[typo] + full_diagram,OK,landing_pad,is_a,landing_pad
348,5,noisy_text[typo] + full_diagram,OK,altitude,is_a,measurement
348,5,noisy_text[typo] + full_diagram,OK,altitude,has_measure,198_metres
348,5,noisy_text[typo] + full_diagram,OK,angle_of_depression,is_a,angle
348,5,noisy_text[typo] + full_diagram,OK,angle_of_depression,has_measure,44_deg
348,5,noisy_text[typo] + full_diagram,OK,d,is_a,distance
348,5,noisy_text[typo] + full_diagram,OK,d,has_measure,?
348,5,noisy_text[typo] + full_diagram,OK,helicopter,has_measure,198_metres
348,5,noisy_text[typo] + full_diagram,OK,helicopter,is_a,point
348,5,noisy_text[typo] + full_diagram,OK,landing_pad,is_a,point
348,5,noisy_text[typo] + full_diagram,OK,angle_of_depression,connects,helicopter
348,5,noisy_text[typo] + full_diagram,OK,angle_of_depression,connects,landing_pad
348,5,noisy_text[typo] + full_diagram,OK,d,connects,helicopter
348,5,noisy_text[typo] + full_diagram,OK,d,connects,landing_pad
348,5,noisy_text[typo] + full_diagram,OK,altitude,connects,helicopter
348,5,noisy_text[typo] + full_diagram,OK,altitude,connects,landing_pad
,,,,,,
364,5,noisy_text[typo] + full_diagram,OK,tower,is_a,object
364,5,noisy_text[typo] + full_diagram,OK,bridge,is_a,object
364,5,noisy_text[typo] + full_diagram,OK,cable,is_a,object
364,5,noisy_text[typo] + full_diagram,OK,tower,connects,bridge
364,5,noisy_text[typo] + full_diagram,OK,cable,connects,tower
364,5,noisy_text[typo] + full_diagram,OK,cable,connects,bridge
364,5,noisy_text[typo] + full_diagram,OK,tower,has_measure,35.5_m
364,5,noisy_text[typo] + full_diagram,OK,connection_point,has_measure,65.9_m
364,5,noisy_text[typo] + full_diagram,OK,connection_point,lies_on,bridge
364,5,noisy_text[typo] + full_diagram,OK,h,is_a,length
364,5,noisy_text[typo] + full_diagram,OK,h,has_measure,?
364,5,noisy_text[typo] + full_diagram,OK,tower,perpendicular_to,bridge
,,,,,,
365,5,noisy_text[typo] + full_diagram,OK,A,is_a,point
365,5,noisy_text[typo] + full_diagram,OK,B,is_a,point
365,5,noisy_text[typo] + full_diagram,OK,C,is_a,point
365,5,noisy_text[typo] + full_diagram,OK,AC,is_a,segment
365,5,noisy_text[typo] + full_diagram,OK,BC,is_a,segment
365,5,noisy_text[typo] + full_diagram,OK,AB,is_a,segment
365,5,noisy_text[typo] + full_diagram,OK,∠BAC,is_a,angle
,,,,,,
420,5,noisy_text[typo] + full_diagram,OK,ABCD,is_a,trapezium
420,5,noisy_text[typo] + full_diagram,OK,AB,is_a,side
420,5,noisy_text[typo] + full_diagram,OK,CD,is_a,side
420,5,noisy_text[typo] + full_diagram,OK,AB,perpendicular_to,CD
420,5,noisy_text[typo] + full_diagram,OK,BC,is_a,side
420,5,noisy_text[typo] + full_diagram,OK,BC,has_measure,10_cm
420,5,noisy_text[typo] + full_diagram,OK,B,is_a,vertex
420,5,noisy_text[typo] + full_diagram,OK,B,connects,AB
420,5,noisy_text[typo] + full_diagram,OK,B,connects,BC
420,5,noisy_text[typo] + full_diagram,OK,segment,is_a,perpendicular
420,5,noisy_text[typo] + full_diagram,OK,segment,has_measure,6_cm
420,5,noisy_text[typo] + full_diagram,OK,segment,connects,B
420,5,noisy_text[typo] + full_diagram,OK,segment,connects,AD
420,5,noisy_text[typo] + full_diagram,OK,AD,is_a,side
420,5,noisy_text[typo] + full_diagram,OK,AB,has_measure,x
420,5,noisy_text[typo] + full_diagram,OK,x,is_a,?
420,5,noisy_text[typo] + full_diagram,OK,A,is_a,vertex
420,5,noisy_text[typo] + full_diagram,OK,D,is_a,vertex
420,5,noisy_text[typo] + full_diagram,OK,C,is_a,vertex
420,5,noisy_text[typo] + full_diagram,OK,A,connects,AD
420,5,noisy_text[typo] + full_diagram,OK,D,connects,AD
420,5,noisy_text[typo] + full_diagram,OK,D,connects,DC
420,5,noisy_text[typo] + full_diagram,OK,C,connects,DC
420,5,noisy_text[typo] + full_diagram,OK,C,connects,CB
420,5,noisy_text[typo] + full_diagram,OK,A,connects,AB
,,,,,,
432,5,noisy_text[typo] + full_diagram,OK,-3,4,"is_a, point"
432,5,noisy_text[typo] + full_diagram,OK,5,2,"is_a, point"
432,5,noisy_text[typo] + full_diagram,OK,-3,4,"connects, 5, 2"
432,5,noisy_text[typo] + full_diagram,OK,d,is_a,distance
432,5,noisy_text[typo] + full_diagram,OK,d,has_measure,?
432,5,noisy_text[typo] + full_diagram,OK,-3,4,"lies_on, x_axis"
432,5,noisy_text[typo] + full_diagram,OK,-3,4,"lies_on, y_axis"
432,5,noisy_text[typo] + full_diagram,OK,5,2,"lies_on, x_axis"
432,5,noisy_text[typo] + full_diagram,OK,5,2,"lies_on, y_axis"
432,5,noisy_text[typo] + full_diagram,OK,x_axis,is_a,line
432,5,noisy_text[typo] + full_diagram,OK,y_axis,is_a,line
432,5,noisy_text[typo] + full_diagram,OK,x_axis,perpendicular_to,y_axis
432,5,noisy_text[typo] + full_diagram,OK,y_axis,perpendicular_to,x_axis
432,5,noisy_text[typo] + full_diagram,OK,-3,4,"has_measure, -3_units"
432,5,noisy_text[typo] + full_diagram,OK,-3,4,"has_measure, 4_units"
432,5,noisy_text[typo] + full_diagram,OK,5,2,"has_measure, 5_units"
432,5,noisy_text[typo] + full_diagram,OK,5,2,"has_measure, 2_units"
432,5,noisy_text[typo] + full_diagram,OK,d,is_a,query_target
,,,,,,
438,5,noisy_text[typo] + full_diagram,OK,hyperbola,is_a,hyperbola
438,5,noisy_text[typo] + full_diagram,OK,center,is_a,point
438,5,noisy_text[typo] + full_diagram,OK,vertex1,is_a,point
438,5,noisy_text[typo] + full_diagram,OK,vertex2,is_a,point
438,5,noisy_text[typo] + full_diagram,OK,focus1,is_a,point
438,5,noisy_text[typo] + full_diagram,OK,focus2,is_a,point
438,5,noisy_text[typo] + full_diagram,OK,hyperbola,center_of,center
438,5,noisy_text[typo] + full_diagram,OK,hyperbola,connects,vertex1
438,5,noisy_text[typo] + full_diagram,OK,hyperbola,connects,vertex2
438,5,noisy_text[typo] + full_diagram,OK,hyperbola,connects,focus1
438,5,noisy_text[typo] + full_diagram,OK,hyperbola,connects,focus2
438,5,noisy_text[typo] + full_diagram,OK,center,lies_on,hyperbola
438,5,noisy_text[typo] + full_diagram,OK,vertex1,lies_on,hyperbola
438,5,noisy_text[typo] + full_diagram,OK,vertex2,lies_on,hyperbola
438,5,noisy_text[typo] + full_diagram,OK,focus1,lies_on,hyperbola
438,5,noisy_text[typo] + full_diagram,OK,focus2,lies_on,hyperbola
438,5,noisy_text[typo] + full_diagram,OK,hyperbola,has_measure,?
438,5,noisy_text[typo] + full_diagram,OK,hyperbola,is_a,?
,,,,,,
441,5,noisy_text[typo] + full_diagram,OK,P,is_a,point
441,5,noisy_text[typo] + full_diagram,OK,a,is_a,angle
441,5,noisy_text[typo] + full_diagram,OK,a,has_measure,?
441,5,noisy_text[typo] + full_diagram,OK,y,is_a,point
441,5,noisy_text[typo] + full_diagram,OK,unit_circle,is_a,circle
441,5,noisy_text[typo] + full_diagram,OK,P,lies_on,unit_circle
441,5,noisy_text[typo] + full_diagram,OK,x,is_a,point
441,5,noisy_text[typo] + full_diagram,OK,P,connects,x
441,5,noisy_text[typo] + full_diagram,OK,y,connects,x
441,5,noisy_text[typo] + full_diagram,OK,unit_circle,center_of,x
441,5,noisy_text[typo] + full_diagram,OK,unit_circle,radius_of,1
,,,,,,
447,5,noisy_text[typo] + full_diagram,OK,a,is_a,angle
447,5,noisy_text[typo] + full_diagram,OK,a,has_measure,?
447,5,noisy_text[typo] + full_diagram,OK,P,is_a,point
447,5,noisy_text[typo] + full_diagram,OK,circle,is_a,unit_circle
447,5,noisy_text[typo] + full_diagram,OK,P,lies_on,circle
447,5,noisy_text[typo] + full_diagram,OK,a,is_a,angle_in_standard_position
447,5,noisy_text[typo] + full_diagram,OK,a,intersects,circle
447,5,noisy_text[typo] + full_diagram,OK,a,intersects,P
447,5,noisy_text[typo] + full_diagram,OK,x,is_a,axis
447,5,noisy_text[typo] + full_diagram,OK,y,is_a,axis
447,5,noisy_text[typo] + full_diagram,OK,x,intersects,y
447,5,noisy_text[typo] + full_diagram,OK,x,intersects,circle
447,5,noisy_text[typo] + full_diagram,OK,y,intersects,circle
447,5,noisy_text[typo] + full_diagram,OK,circle,radius_of,1_unit
447,5,noisy_text[typo] + full_diagram,OK,x,is_a,x_axis
447,5,noisy_text[typo] + full_diagram,OK,y,is_a,y_axis
,,,,,,
449,5,noisy_text[typo] + full_diagram,OK,O,is_a,point
449,5,noisy_text[typo] + full_diagram,OK,O,center_of,circle
449,5,noisy_text[typo] + full_diagram,OK,circle,is_a,unit_circle
449,5,noisy_text[typo] + full_diagram,OK,circle,radius_of,1_unit
449,5,noisy_text[typo] + full_diagram,OK,P,is_a,point
449,5,noisy_text[typo] + full_diagram,OK,P,lies_on,circle
449,5,noisy_text[typo] + full_diagram,OK,θ,is_a,angle
449,5,noisy_text[typo] + full_diagram,OK,sec_θ,is_a,query_target
,,,,,,
457,5,noisy_text[typo] + full_diagram,OK,C,is_a,circle
457,5,noisy_text[typo] + full_diagram,OK,C,radius_of,6
457,5,noisy_text[typo] + full_diagram,OK,?,is_a,point
457,5,noisy_text[typo] + full_diagram,OK,?,lies_on,C
457,5,noisy_text[typo] + full_diagram,OK,?,has_measure,6
457,5,noisy_text[typo] + full_diagram,OK,?,is_a,question
457,5,noisy_text[typo] + full_diagram,OK,?,is_a,coordinate_system
457,5,noisy_text[typo] + full_diagram,OK,?,has_measure,10
457,5,noisy_text[typo] + full_diagram,OK,?,has_measure,-10
457,5,noisy_text[typo] + full_diagram,OK,?,has_measure,-5
457,5,noisy_text[typo] + full_diagram,OK,?,has_measure,5
,,,,,,
472,5,noisy_text[typo] + full_diagram,OK,-7_0,is_a,point
472,5,noisy_text[typo] + full_diagram,OK,-5_-5,is_a,point
472,5,noisy_text[typo] + full_diagram,OK,0_7,is_a,point
472,5,noisy_text[typo] + full_diagram,OK,5_-5,is_a,point
472,5,noisy_text[typo] + full_diagram,OK,7_0,is_a,point
472,5,noisy_text[typo] + full_diagram,OK,semicircle,is_a,semicircle
472,5,noisy_text[typo] + full_diagram,OK,semicircle,passes_through,-7_0
472,5,noisy_text[typo] + full_diagram,OK,semicircle,passes_through,-5_-5
472,5,noisy_text[typo] + full_diagram,OK,semicircle,passes_through,0_7
472,5,noisy_text[typo] + full_diagram,OK,semicircle,passes_through,5_-5
472,5,noisy_text[typo] + full_diagram,OK,semicircle,passes_through,7_0
472,5,noisy_text[typo] + full_diagram,OK,?,is_a,center_of
472,5,noisy_text[typo] + full_diagram,OK,?,is_a,semicircle
,,,,,,
