problem_index,case_id,case_label,status,subject,predicate,object
1,15,noisy_half_text[typo] + half_diagram,OK,A,is_a,point
1,15,noisy_half_text[typo] + half_diagram,OK,B,is_a,point
1,15,noisy_half_text[typo] + half_diagram,OK,C,is_a,point
1,15,noisy_half_text[typo] + half_diagram,OK,ABC,is_a,triangle
1,15,noisy_half_text[typo] + half_diagram,OK,∠A,is_a,angle
1,15,noisy_half_text[typo] + half_diagram,OK,∠A,has_measure,80_deg
1,15,noisy_half_text[typo] + half_diagram,OK,∠B,is_a,angle
1,15,noisy_half_text[typo] + half_diagram,OK,∠B,has_measure,60_deg
1,15,noisy_half_text[typo] + half_diagram,OK,D,is_a,point
1,15,noisy_half_text[typo] + half_diagram,OK,E,is_a,point
1,15,noisy_half_text[typo] + half_diagram,OK,D,lies_on,AB
1,15,noisy_half_text[typo] + half_diagram,OK,E,lies_on,AC
1,15,noisy_half_text[typo] + half_diagram,OK,DE,is_a,segment
1,15,noisy_half_text[typo] + half_diagram,OK,BC,is_a,segment
1,15,noisy_half_text[typo] + half_diagram,OK,DE,parallel_to,BC
1,15,noisy_half_text[typo] + half_diagram,OK,∠CED,is_a,angle
1,15,noisy_half_text[typo] + half_diagram,OK,∠CED,has_measure,?
,,,,,,
2,15,noisy_half_text[typo] + half_diagram,OK,AB,is_a,line
2,15,noisy_half_text[typo] + half_diagram,OK,CD,is_a,line
2,15,noisy_half_text[typo] + half_diagram,OK,EF,is_a,line
2,15,noisy_half_text[typo] + half_diagram,OK,EG,is_a,line
2,15,noisy_half_text[typo] + half_diagram,OK,AB,parallel_to,CD
2,15,noisy_half_text[typo] + half_diagram,OK,EF,intersects,AB
2,15,noisy_half_text[typo] + half_diagram,OK,EF,intersects,CD
2,15,noisy_half_text[typo] + half_diagram,OK,E,is_a,point
2,15,noisy_half_text[typo] + half_diagram,OK,F,is_a,point
2,15,noisy_half_text[typo] + half_diagram,OK,EG,intersects,CD
2,15,noisy_half_text[typo] + half_diagram,OK,G,is_a,point
2,15,noisy_half_text[typo] + half_diagram,OK,∠BEF,is_a,angle
2,15,noisy_half_text[typo] + half_diagram,OK,EG,bisects,∠BEF
2,15,noisy_half_text[typo] + half_diagram,OK,∠EFG,is_a,angle
2,15,noisy_half_text[typo] + half_diagram,OK,∠EGF,is_a,angle
2,15,noisy_half_text[typo] + half_diagram,OK,∠CFG,has_measure,50_deg
2,15,noisy_half_text[typo] + half_diagram,OK,∠CFG,is_a,angle
,,,,,,
3,15,noisy_half_text[typo] + half_diagram,OK,A,is_a,point
3,15,noisy_half_text[typo] + half_diagram,OK,B,is_a,point
3,15,noisy_half_text[typo] + half_diagram,OK,C,is_a,point
3,15,noisy_half_text[typo] + half_diagram,OK,D,is_a,point
3,15,noisy_half_text[typo] + half_diagram,OK,BC,is_a,segment
3,15,noisy_half_text[typo] + half_diagram,OK,BA,is_a,segment
3,15,noisy_half_text[typo] + half_diagram,OK,BD,is_a,segment
3,15,noisy_half_text[typo] + half_diagram,OK,CD,is_a,segment
3,15,noisy_half_text[typo] + half_diagram,OK,AB,is_a,segment
3,15,noisy_half_text[typo] + half_diagram,OK,∠BCD,is_a,angle
3,15,noisy_half_text[typo] + half_diagram,OK,∠BCD,has_measure,70_deg
3,15,noisy_half_text[typo] + half_diagram,OK,BC,intersects,BA
3,15,noisy_half_text[typo] + half_diagram,OK,BC,intersects,"BA, at, B"
3,15,noisy_half_text[typo] + half_diagram,OK,BD,bisects,∠ABC
3,15,noisy_half_text[typo] + half_diagram,OK,CD,parallel_to,AB
3,15,noisy_half_text[typo] + half_diagram,OK,∠CDB,is_a,query_target
,,,,,,
4,15,noisy_half_text[typo] + half_diagram,OK,A,is_a,point
4,15,noisy_half_text[typo] + half_diagram,OK,B,is_a,point
4,15,noisy_half_text[typo] + half_diagram,OK,C,is_a,point
4,15,noisy_half_text[typo] + half_diagram,OK,O,is_a,point
4,15,noisy_half_text[typo] + half_diagram,OK,AB,is_a,segment
4,15,noisy_half_text[typo] + half_diagram,OK,AO,is_a,segment
4,15,noisy_half_text[typo] + half_diagram,OK,BC,is_a,segment
4,15,noisy_half_text[typo] + half_diagram,OK,∠A,is_a,angle
4,15,noisy_half_text[typo] + half_diagram,OK,∠OCB,is_a,angle
4,15,noisy_half_text[typo] + half_diagram,OK,AB,tangent_to,circle_O
4,15,noisy_half_text[typo] + half_diagram,OK,AO,intersects,circle_O
4,15,noisy_half_text[typo] + half_diagram,OK,AO,intersects,"circle_O_at, point_C"
4,15,noisy_half_text[typo] + half_diagram,OK,AB,tangent_to,"circle_O_at, point_B"
4,15,noisy_half_text[typo] + half_diagram,OK,∠A,has_measure,36_deg
4,15,noisy_half_text[typo] + half_diagram,OK,?,query_target,∠OCB
,,,,,,
7,15,noisy_half_text[typo] + half_diagram,OK,A,is_a,point
7,15,noisy_half_text[typo] + half_diagram,OK,B,is_a,point
7,15,noisy_half_text[typo] + half_diagram,OK,C,is_a,point
7,15,noisy_half_text[typo] + half_diagram,OK,D,is_a,point
7,15,noisy_half_text[typo] + half_diagram,OK,E,is_a,point
7,15,noisy_half_text[typo] + half_diagram,OK,ABC,is_a,triangle
7,15,noisy_half_text[typo] + half_diagram,OK,ADE,is_a,triangle
7,15,noisy_half_text[typo] + half_diagram,OK,A,is_a,vertex
7,15,noisy_half_text[typo] + half_diagram,OK,B,is_a,vertex
7,15,noisy_half_text[typo] + half_diagram,OK,C,is_a,vertex
7,15,noisy_half_text[typo] + half_diagram,OK,D,is_a,vertex
7,15,noisy_half_text[typo] + half_diagram,OK,E,is_a,vertex
7,15,noisy_half_text[typo] + half_diagram,OK,ABC,is_a,"congruent_to, ADE"
7,15,noisy_half_text[typo] + half_diagram,OK,A,is_a,common_vertex
7,15,noisy_half_text[typo] + half_diagram,OK,∠B,has_measure,70_deg
7,15,noisy_half_text[typo] + half_diagram,OK,∠C,has_measure,30_deg
7,15,noisy_half_text[typo] + half_diagram,OK,∠DAC,has_measure,?
7,15,noisy_half_text[typo] + half_diagram,OK,∠EAC,has_measure,?
,,,,,,
8,15,noisy_half_text[typo] + half_diagram,OK,A,is_a,point
8,15,noisy_half_text[typo] + half_diagram,OK,B,is_a,point
8,15,noisy_half_text[typo] + half_diagram,OK,C,is_a,point
8,15,noisy_half_text[typo] + half_diagram,OK,ABC,is_a,triangle
8,15,noisy_half_text[typo] + half_diagram,OK,D,is_a,point
8,15,noisy_half_text[typo] + half_diagram,OK,E,is_a,point
8,15,noisy_half_text[typo] + half_diagram,OK,F,is_a,point
8,15,noisy_half_text[typo] + half_diagram,OK,DEF,is_a,triangle
8,15,noisy_half_text[typo] + half_diagram,OK,A,corresponds_to,D
8,15,noisy_half_text[typo] + half_diagram,OK,B,corresponds_to,E
8,15,noisy_half_text[typo] + half_diagram,OK,BF,is_a,segment
8,15,noisy_half_text[typo] + half_diagram,OK,BF,has_measure,7_units
8,15,noisy_half_text[typo] + half_diagram,OK,EF,is_a,segment
8,15,noisy_half_text[typo] + half_diagram,OK,EF,has_measure,5_units
8,15,noisy_half_text[typo] + half_diagram,OK,ABC,congruent_to,DEF
8,15,noisy_half_text[typo] + half_diagram,OK,EC,is_a,segment
8,15,noisy_half_text[typo] + half_diagram,OK,EC,has_measure,?
,,,,,,
9,15,noisy_half_text[typo] + half_diagram,OK,A,is_a,point
9,15,noisy_half_text[typo] + half_diagram,OK,B,is_a,point
9,15,noisy_half_text[typo] + half_diagram,OK,C,is_a,point
9,15,noisy_half_text[typo] + half_diagram,OK,D,is_a,point
9,15,noisy_half_text[typo] + half_diagram,OK,E,is_a,point
9,15,noisy_half_text[typo] + half_diagram,OK,ABC,is_a,triangle
9,15,noisy_half_text[typo] + half_diagram,OK,∠C,is_a,angle
9,15,noisy_half_text[typo] + half_diagram,OK,∠C,has_measure,90_deg
9,15,noisy_half_text[typo] + half_diagram,OK,AC,is_a,segment
9,15,noisy_half_text[typo] + half_diagram,OK,BC,is_a,segment
9,15,noisy_half_text[typo] + half_diagram,OK,AC,has_measure,?
9,15,noisy_half_text[typo] + half_diagram,OK,BC,has_measure,?
9,15,noisy_half_text[typo] + half_diagram,OK,AD,is_a,segment
9,15,noisy_half_text[typo] + half_diagram,OK,AB,is_a,segment
9,15,noisy_half_text[typo] + half_diagram,OK,AB,has_measure,6.0
9,15,noisy_half_text[typo] + half_diagram,OK,AD,intersects,BC
9,15,noisy_half_text[typo] + half_diagram,OK,DE,is_a,segment
9,15,noisy_half_text[typo] + half_diagram,OK,DE,perpendicular_to,AB
9,15,noisy_half_text[typo] + half_diagram,OK,AD,bisects,∠CAB
,,,,,,
10,15,noisy_half_text[typo] + half_diagram,OK,A,is_a,point
10,15,noisy_half_text[typo] + half_diagram,OK,B,is_a,point
10,15,noisy_half_text[typo] + half_diagram,OK,C,is_a,point
10,15,noisy_half_text[typo] + half_diagram,OK,D,is_a,point
10,15,noisy_half_text[typo] + half_diagram,OK,E,is_a,point
10,15,noisy_half_text[typo] + half_diagram,OK,AB,is_a,segment
10,15,noisy_half_text[typo] + half_diagram,OK,AC,is_a,segment
10,15,noisy_half_text[typo] + half_diagram,OK,BC,is_a,segment
10,15,noisy_half_text[typo] + half_diagram,OK,AD,is_a,segment
10,15,noisy_half_text[typo] + half_diagram,OK,BE,is_a,segment
10,15,noisy_half_text[typo] + half_diagram,OK,BD,is_a,segment
10,15,noisy_half_text[typo] + half_diagram,OK,CD,is_a,segment
10,15,noisy_half_text[typo] + half_diagram,OK,ABC,is_a,triangle
10,15,noisy_half_text[typo] + half_diagram,OK,∠BAC,is_a,angle
10,15,noisy_half_text[typo] + half_diagram,OK,∠BAC,has_measure,36_deg
10,15,noisy_half_text[typo] + half_diagram,OK,AB,equals,AC
10,15,noisy_half_text[typo] + half_diagram,OK,AB,intersects,E
10,15,noisy_half_text[typo] + half_diagram,OK,AC,intersects,D
10,15,noisy_half_text[typo] + half_diagram,OK,BE,is_a,perpendicular_bisector
10,15,noisy_half_text[typo] + half_diagram,OK,BE,intersects,AB
10,15,noisy_half_text[typo] + half_diagram,OK,BE,intersects,AC
10,15,noisy_half_text[typo] + half_diagram,OK,BDC,is_a,angle
10,15,noisy_half_text[typo] + half_diagram,OK,BDC,is_a,query_target
,,,,,,
11,15,noisy_half_text[typo] + half_diagram,OK,A,is_a,point
11,15,noisy_half_text[typo] + half_diagram,OK,B,is_a,point
11,15,noisy_half_text[typo] + half_diagram,OK,C,is_a,point
11,15,noisy_half_text[typo] + half_diagram,OK,ABC,is_a,triangle
11,15,noisy_half_text[typo] + half_diagram,OK,∠C,is_a,angle
11,15,noisy_half_text[typo] + half_diagram,OK,∠C,has_measure,36_deg
11,15,noisy_half_text[typo] + half_diagram,OK,ABC,rotated_about,A
11,15,noisy_half_text[typo] + half_diagram,OK,AED,is_a,triangle
11,15,noisy_half_text[typo] + half_diagram,OK,D,is_a,point
11,15,noisy_half_text[typo] + half_diagram,OK,E,is_a,point
11,15,noisy_half_text[typo] + half_diagram,OK,AD,is_a,segment
11,15,noisy_half_text[typo] + half_diagram,OK,BC,is_a,segment
11,15,noisy_half_text[typo] + half_diagram,OK,AD,intersects,BC
11,15,noisy_half_text[typo] + half_diagram,OK,F,is_a,point
11,15,noisy_half_text[typo] + half_diagram,OK,AD,intersects,"BC, at, F"
11,15,noisy_half_text[typo] + half_diagram,OK,∠BAE,is_a,angle
11,15,noisy_half_text[typo] + half_diagram,OK,∠BAE,has_measure,60_deg
11,15,noisy_half_text[typo] + half_diagram,OK,∠AFC,is_a,angle
,,,,,,
14,15,noisy_half_text[typo] + half_diagram,OK,O,is_a,circle
14,15,noisy_half_text[typo] + half_diagram,OK,A,is_a,point
14,15,noisy_half_text[typo] + half_diagram,OK,B,is_a,point
14,15,noisy_half_text[typo] + half_diagram,OK,C,is_a,point
14,15,noisy_half_text[typo] + half_diagram,OK,O,center_of,circle
14,15,noisy_half_text[typo] + half_diagram,OK,A,lies_on,circle
14,15,noisy_half_text[typo] + half_diagram,OK,B,lies_on,circle
14,15,noisy_half_text[typo] + half_diagram,OK,C,lies_on,circle
14,15,noisy_half_text[typo] + half_diagram,OK,A,connects,B
14,15,noisy_half_text[typo] + half_diagram,OK,B,connects,C
14,15,noisy_half_text[typo] + half_diagram,OK,C,connects,A
14,15,noisy_half_text[typo] + half_diagram,OK,A,connects,O
14,15,noisy_half_text[typo] + half_diagram,OK,B,connects,O
14,15,noisy_half_text[typo] + half_diagram,OK,C,connects,O
14,15,noisy_half_text[typo] + half_diagram,OK,∠AOB,is_a,angle
14,15,noisy_half_text[typo] + half_diagram,OK,∠AOB,has_measure,35_deg
14,15,noisy_half_text[typo] + half_diagram,OK,ABC,is_a,triangle
14,15,noisy_half_text[typo] + half_diagram,OK,ABC,is_a,incribed_triangle
14,15,noisy_half_text[typo] + half_diagram,OK,∠ACB,is_a,angle
14,15,noisy_half_text[typo] + half_diagram,OK,∠ACB,has_measure,?
14,15,noisy_half_text[typo] + half_diagram,OK,∠ACB,is_a,query_target
,,,,,,
16,15,noisy_half_text[typo] + half_diagram,OK,O,is_a,point
16,15,noisy_half_text[typo] + half_diagram,OK,O,center_of,circle
16,15,noisy_half_text[typo] + half_diagram,OK,OB,is_a,radius
16,15,noisy_half_text[typo] + half_diagram,OK,AC,is_a,chord
16,15,noisy_half_text[typo] + half_diagram,OK,AC,parallel_to,OB
16,15,noisy_half_text[typo] + half_diagram,OK,BOC,is_a,angle
16,15,noisy_half_text[typo] + half_diagram,OK,BOC,has_measure,50_deg
16,15,noisy_half_text[typo] + half_diagram,OK,OAB,is_a,angle
16,15,noisy_half_text[typo] + half_diagram,OK,OAB,is_a,query_target
,,,,,,
17,15,noisy_half_text[typo] + half_diagram,OK,A,is_a,point
17,15,noisy_half_text[typo] + half_diagram,OK,B,is_a,point
17,15,noisy_half_text[typo] + half_diagram,OK,C,is_a,point
17,15,noisy_half_text[typo] + half_diagram,OK,D,is_a,point
17,15,noisy_half_text[typo] + half_diagram,OK,O,is_a,point
17,15,noisy_half_text[typo] + half_diagram,OK,ABCD,is_a,parallelogram
17,15,noisy_half_text[typo] + half_diagram,OK,AC,is_a,diagonal
17,15,noisy_half_text[typo] + half_diagram,OK,BD,is_a,diagonal
17,15,noisy_half_text[typo] + half_diagram,OK,AC,intersects,BD
17,15,noisy_half_text[typo] + half_diagram,OK,AC,intersects,"BD, at, O"
17,15,noisy_half_text[typo] + half_diagram,OK,∠DAC,is_a,angle
17,15,noisy_half_text[typo] + half_diagram,OK,∠DAC,has_measure,42_deg
17,15,noisy_half_text[typo] + half_diagram,OK,∠CBD,is_a,angle
17,15,noisy_half_text[typo] + half_diagram,OK,∠COD,is_a,angle
17,15,noisy_half_text[typo] + half_diagram,OK,∠CBD,has_measure,23_deg
,,,,,,
20,15,noisy_half_text[typo] + half_diagram,OK,O,is_a,circle
20,15,noisy_half_text[typo] + half_diagram,OK,AB,is_a,diameter
20,15,noisy_half_text[typo] + half_diagram,OK,AB,diameter_of,O
20,15,noisy_half_text[typo] + half_diagram,OK,C,is_a,point
20,15,noisy_half_text[typo] + half_diagram,OK,D,is_a,point
20,15,noisy_half_text[typo] + half_diagram,OK,C,lies_on,O
20,15,noisy_half_text[typo] + half_diagram,OK,D,lies_on,O
20,15,noisy_half_text[typo] + half_diagram,OK,AC,is_a,segment
20,15,noisy_half_text[typo] + half_diagram,OK,BC,is_a,segment
20,15,noisy_half_text[typo] + half_diagram,OK,CD,is_a,segment
20,15,noisy_half_text[typo] + half_diagram,OK,OD,is_a,segment
20,15,noisy_half_text[typo] + half_diagram,OK,∠DOB,is_a,angle
20,15,noisy_half_text[typo] + half_diagram,OK,∠DOB,has_measure,?
20,15,noisy_half_text[typo] + half_diagram,OK,∠ACD,is_a,angle
20,15,noisy_half_text[typo] + half_diagram,OK,AB,connects,O
20,15,noisy_half_text[typo] + half_diagram,OK,AC,connects,C
20,15,noisy_half_text[typo] + half_diagram,OK,BC,connects,C
20,15,noisy_half_text[typo] + half_diagram,OK,CD,connects,D
20,15,noisy_half_text[typo] + half_diagram,OK,OD,connects,D
20,15,noisy_half_text[typo] + half_diagram,OK,140_deg,is_a,angle
20,15,noisy_half_text[typo] + half_diagram,OK,140_deg,has_measure,140_deg
,,,,,,
22,15,noisy_half_text[typo] + half_diagram,OK,A,is_a,point
22,15,noisy_half_text[typo] + half_diagram,OK,N,is_a,point
22,15,noisy_half_text[typo] + half_diagram,OK,ABD,is_a,diaomnd
22,15,noisy_half_text[typo] + half_diagram,OK,M,is_a,point
22,15,noisy_half_text[typo] + half_diagram,OK,AB,is_a,segment
22,15,noisy_half_text[typo] + half_diagram,OK,CD,is_a,segment
22,15,noisy_half_text[typo] + half_diagram,OK,M,lies_on,AB
22,15,noisy_half_text[typo] + half_diagram,OK,N,lies_on,CD
22,15,noisy_half_text[typo] + half_diagram,OK,AM,has_measure,CN
22,15,noisy_half_text[typo] + half_diagram,OK,MN,is_a,segment
22,15,noisy_half_text[typo] + half_diagram,OK,AC,is_a,segment
22,15,noisy_half_text[typo] + half_diagram,OK,MN,intersects,AC
22,15,noisy_half_text[typo] + half_diagram,OK,O,is_a,point
22,15,noisy_half_text[typo] + half_diagram,OK,MN,intersects,"AC, at, O"
22,15,noisy_half_text[typo] + half_diagram,OK,BO,is_a,segment
22,15,noisy_half_text[typo] + half_diagram,OK,DAC,is_a,angle
22,15,noisy_half_text[typo] + half_diagram,OK,OBC,is_a,angle
22,15,noisy_half_text[typo] + half_diagram,OK,DAC,has_measure,?
22,15,noisy_half_text[typo] + half_diagram,OK,OBC,has_measure,?
,,,,,,
25,15,noisy_half_text[typo] + half_diagram,OK,A,is_a,point
25,15,noisy_half_text[typo] + half_diagram,OK,B,is_a,point
25,15,noisy_half_text[typo] + half_diagram,OK,C,is_a,point
25,15,noisy_half_text[typo] + half_diagram,OK,E,is_a,point
25,15,noisy_half_text[typo] + half_diagram,OK,F,is_a,point
25,15,noisy_half_text[typo] + half_diagram,OK,AB,is_a,segment
25,15,noisy_half_text[typo] + half_diagram,OK,AC,is_a,segment
25,15,noisy_half_text[typo] + half_diagram,OK,BC,is_a,segment
25,15,noisy_half_text[typo] + half_diagram,OK,EF,is_a,segment
25,15,noisy_half_text[typo] + half_diagram,OK,∠B,is_a,angle
25,15,noisy_half_text[typo] + half_diagram,OK,∠B,has_measure,50_deg
25,15,noisy_half_text[typo] + half_diagram,OK,EF,parallel_to,BC
25,15,noisy_half_text[typo] + half_diagram,OK,AC,bisects,∠BAF
25,15,noisy_half_text[typo] + half_diagram,OK,∠C,is_a,angle
25,15,noisy_half_text[typo] + half_diagram,OK,∠C,has_measure,?
,,,,,,
26,15,noisy_half_text[typo] + half_diagram,OK,A,is_a,point
26,15,noisy_half_text[typo] + half_diagram,OK,B,is_a,point
26,15,noisy_half_text[typo] + half_diagram,OK,C,is_a,point
26,15,noisy_half_text[typo] + half_diagram,OK,AB,is_a,segment
26,15,noisy_half_text[typo] + half_diagram,OK,BC,is_a,segment
26,15,noisy_half_text[typo] + half_diagram,OK,AC,is_a,segment
26,15,noisy_half_text[typo] + half_diagram,OK,AB,has_measure,8.0_units
26,15,noisy_half_text[typo] + half_diagram,OK,BC,has_measure,22.0_units
26,15,noisy_half_text[typo] + half_diagram,OK,∠BAC,is_a,angle
26,15,noisy_half_text[typo] + half_diagram,OK,∠BAC,has_measure,3.2_deg
26,15,noisy_half_text[typo] + half_diagram,OK,heigt,is_a,query_target
,,,,,,
29,15,noisy_half_text[typo] + half_diagram,OK,A,is_a,point
29,15,noisy_half_text[typo] + half_diagram,OK,B,is_a,point
29,15,noisy_half_text[typo] + half_diagram,OK,C,is_a,point
29,15,noisy_half_text[typo] + half_diagram,OK,D,is_a,point
29,15,noisy_half_text[typo] + half_diagram,OK,ABC,is_a,triangle
29,15,noisy_half_text[typo] + half_diagram,OK,BD,is_a,segment
29,15,noisy_half_text[typo] + half_diagram,OK,CD,is_a,segment
29,15,noisy_half_text[typo] + half_diagram,OK,D,is_a,intersection_point
29,15,noisy_half_text[typo] + half_diagram,OK,BD,is_a,angle_bisector
29,15,noisy_half_text[typo] + half_diagram,OK,CD,is_a,angle_bisector
29,15,noisy_half_text[typo] + half_diagram,OK,∠BAC,is_a,angle
29,15,noisy_half_text[typo] + half_diagram,OK,∠BDC,is_a,angle
29,15,noisy_half_text[typo] + half_diagram,OK,∠BAC,has_measure,50_deg
29,15,noisy_half_text[typo] + half_diagram,OK,∠BDC,has_measure,?
29,15,noisy_half_text[typo] + half_diagram,OK,∠BDC,is_a,query_target
,,,,,,
30,15,noisy_half_text[typo] + half_diagram,OK,A,is_a,point
30,15,noisy_half_text[typo] + half_diagram,OK,B,is_a,point
30,15,noisy_half_text[typo] + half_diagram,OK,C,is_a,point
30,15,noisy_half_text[typo] + half_diagram,OK,O,is_a,point
30,15,noisy_half_text[typo] + half_diagram,OK,AB,is_a,segment
30,15,noisy_half_text[typo] + half_diagram,OK,AC,is_a,segment
30,15,noisy_half_text[typo] + half_diagram,OK,BC,is_a,segment
30,15,noisy_half_text[typo] + half_diagram,OK,OA,is_a,segment
30,15,noisy_half_text[typo] + half_diagram,OK,OB,is_a,segment
30,15,noisy_half_text[typo] + half_diagram,OK,OC,is_a,segment
30,15,noisy_half_text[typo] + half_diagram,OK,OA,has_measure,?
30,15,noisy_half_text[typo] + half_diagram,OK,OB,has_measure,?
30,15,noisy_half_text[typo] + half_diagram,OK,OC,has_measure,?
30,15,noisy_half_text[typo] + half_diagram,OK,∠ACB,is_a,angle
30,15,noisy_half_text[typo] + half_diagram,OK,∠ACB,has_measure,30_deg
30,15,noisy_half_text[typo] + half_diagram,OK,∠AOB,is_a,angle
30,15,noisy_half_text[typo] + half_diagram,OK,O,center_of,?
30,15,noisy_half_text[typo] + half_diagram,OK,OA,has_measure,OB
30,15,noisy_half_text[typo] + half_diagram,OK,OA,has_measure,OC
30,15,noisy_half_text[typo] + half_diagram,OK,OB,has_measure,OC
30,15,noisy_half_text[typo] + half_diagram,OK,∠AOB,is_a,query_target
,,,,,,
32,15,noisy_half_text[typo] + half_diagram,OK,A,is_a,point
32,15,noisy_half_text[typo] + half_diagram,OK,B,is_a,point
32,15,noisy_half_text[typo] + half_diagram,OK,C,is_a,point
32,15,noisy_half_text[typo] + half_diagram,OK,D,is_a,point
32,15,noisy_half_text[typo] + half_diagram,OK,E,is_a,point
32,15,noisy_half_text[typo] + half_diagram,OK,F,is_a,point
32,15,noisy_half_text[typo] + half_diagram,OK,I,is_a,point
32,15,noisy_half_text[typo] + half_diagram,OK,ABC,is_a,triangle
32,15,noisy_half_text[typo] + half_diagram,OK,I,is_a,circle
32,15,noisy_half_text[typo] + half_diagram,OK,D,is_a,tangent_point
32,15,noisy_half_text[typo] + half_diagram,OK,E,is_a,tangent_point
32,15,noisy_half_text[typo] + half_diagram,OK,F,is_a,tangent_point
32,15,noisy_half_text[typo] + half_diagram,OK,I,center_of,circle
32,15,noisy_half_text[typo] + half_diagram,OK,A,connects,B
32,15,noisy_half_text[typo] + half_diagram,OK,B,connects,C
32,15,noisy_half_text[typo] + half_diagram,OK,C,connects,A
32,15,noisy_half_text[typo] + half_diagram,OK,D,lies_on,AB
32,15,noisy_half_text[typo] + half_diagram,OK,E,lies_on,BC
32,15,noisy_half_text[typo] + half_diagram,OK,F,lies_on,AC
32,15,noisy_half_text[typo] + half_diagram,OK,I,lies_on,triangle
32,15,noisy_half_text[typo] + half_diagram,OK,D,tangent_to,circle
32,15,noisy_half_text[typo] + half_diagram,OK,E,tangent_to,circle
32,15,noisy_half_text[typo] + half_diagram,OK,F,tangent_to,circle
32,15,noisy_half_text[typo] + half_diagram,OK,∠DIE,is_a,angle
32,15,noisy_half_text[typo] + half_diagram,OK,∠DIE,has_measure,52_deg
32,15,noisy_half_text[typo] + half_diagram,OK,angle_A,is_a,angle
32,15,noisy_half_text[typo] + half_diagram,OK,angle_A,has_measure,?
,,,,,,
34,15,noisy_half_text[typo] + half_diagram,OK,A,is_a,point
34,15,noisy_half_text[typo] + half_diagram,OK,B,is_a,point
34,15,noisy_half_text[typo] + half_diagram,OK,C,is_a,point
34,15,noisy_half_text[typo] + half_diagram,OK,D,is_a,point
34,15,noisy_half_text[typo] + half_diagram,OK,E,is_a,point
34,15,noisy_half_text[typo] + half_diagram,OK,F,is_a,point
34,15,noisy_half_text[typo] + half_diagram,OK,P,is_a,point
34,15,noisy_half_text[typo] + half_diagram,OK,Q,is_a,point
34,15,noisy_half_text[typo] + half_diagram,OK,AB,is_a,segment
34,15,noisy_half_text[typo] + half_diagram,OK,CD,is_a,segment
34,15,noisy_half_text[typo] + half_diagram,OK,EF,is_a,segment
34,15,noisy_half_text[typo] + half_diagram,OK,∠APB,is_a,angle
34,15,noisy_half_text[typo] + half_diagram,OK,∠CQF,is_a,angle
34,15,noisy_half_text[typo] + half_diagram,OK,AB,parallel_to,CD
34,15,noisy_half_text[typo] + half_diagram,OK,EF,intersects,AB
34,15,noisy_half_text[typo] + half_diagram,OK,EF,intersects,CD
34,15,noisy_half_text[typo] + half_diagram,OK,P,is_a,intersection
34,15,noisy_half_text[typo] + half_diagram,OK,Q,is_a,intersection
34,15,noisy_half_text[typo] + half_diagram,OK,∠APB,has_measure,100_deg
34,15,noisy_half_text[typo] + half_diagram,OK,∠CQF,has_measure,?
,,,,,,
36,15,noisy_half_text[typo] + half_diagram,OK,O,is_a,circle
36,15,noisy_half_text[typo] + half_diagram,OK,AB,is_a,diameter
36,15,noisy_half_text[typo] + half_diagram,OK,AB,connects,O
36,15,noisy_half_text[typo] + half_diagram,OK,AB,connects,D
36,15,noisy_half_text[typo] + half_diagram,OK,C,is_a,point
36,15,noisy_half_text[typo] + half_diagram,OK,CD,is_a,line
36,15,noisy_half_text[typo] + half_diagram,OK,CD,tangent_to,C
36,15,noisy_half_text[typo] + half_diagram,OK,C,lies_on,O
36,15,noisy_half_text[typo] + half_diagram,OK,D,is_a,point
36,15,noisy_half_text[typo] + half_diagram,OK,∠BCD,is_a,angle
36,15,noisy_half_text[typo] + half_diagram,OK,∠BCD,has_measure,50_deg
36,15,noisy_half_text[typo] + half_diagram,OK,∠CAB,is_a,angle
36,15,noisy_half_text[typo] + half_diagram,OK,∠CAB,has_measure,?
36,15,noisy_half_text[typo] + half_diagram,OK,A,is_a,point
36,15,noisy_half_text[typo] + half_diagram,OK,B,is_a,point
36,15,noisy_half_text[typo] + half_diagram,OK,AB,is_a,segment
36,15,noisy_half_text[typo] + half_diagram,OK,CD,is_a,segment
36,15,noisy_half_text[typo] + half_diagram,OK,O,center_of,O
36,15,noisy_half_text[typo] + half_diagram,OK,AB,diameter_of,O
36,15,noisy_half_text[typo] + half_diagram,OK,CD,tangent_to,O
,,,,,,
37,15,noisy_half_text[typo] + half_diagram,OK,A,is_a,point
37,15,noisy_half_text[typo] + half_diagram,OK,B,is_a,point
37,15,noisy_half_text[typo] + half_diagram,OK,C,is_a,point
37,15,noisy_half_text[typo] + half_diagram,OK,D,is_a,point
37,15,noisy_half_text[typo] + half_diagram,OK,P,is_a,point
37,15,noisy_half_text[typo] + half_diagram,OK,O,is_a,point
37,15,noisy_half_text[typo] + half_diagram,OK,AB,is_a,segment
37,15,noisy_half_text[typo] + half_diagram,OK,CD,is_a,segment
37,15,noisy_half_text[typo] + half_diagram,OK,CP,is_a,segment
37,15,noisy_half_text[typo] + half_diagram,OK,∠AOP,is_a,angle
37,15,noisy_half_text[typo] + half_diagram,OK,∠COP,is_a,angle
37,15,noisy_half_text[typo] + half_diagram,OK,AB,parallel_to,CD
37,15,noisy_half_text[typo] + half_diagram,OK,CP,intersects,AB
37,15,noisy_half_text[typo] + half_diagram,OK,CP,intersects,"AB, at, O"
37,15,noisy_half_text[typo] + half_diagram,OK,AO,has_measure,?
37,15,noisy_half_text[typo] + half_diagram,OK,PO,has_measure,?
37,15,noisy_half_text[typo] + half_diagram,OK,AO,has_measure,PO
37,15,noisy_half_text[typo] + half_diagram,OK,∠COP,has_measure,50_deg
37,15,noisy_half_text[typo] + half_diagram,OK,AB,is_a,line
37,15,noisy_half_text[typo] + half_diagram,OK,CD,is_a,line
37,15,noisy_half_text[typo] + half_diagram,OK,CP,is_a,line
,,,,,,
38,15,noisy_half_text[typo] + half_diagram,OK,A,is_a,point
38,15,noisy_half_text[typo] + half_diagram,OK,B,is_a,point
38,15,noisy_half_text[typo] + half_diagram,OK,C,is_a,point
38,15,noisy_half_text[typo] + half_diagram,OK,D,is_a,point
38,15,noisy_half_text[typo] + half_diagram,OK,AB,is_a,segment
38,15,noisy_half_text[typo] + half_diagram,OK,AC,is_a,segment
38,15,noisy_half_text[typo] + half_diagram,OK,AD,is_a,segment
38,15,noisy_half_text[typo] + half_diagram,OK,BC,is_a,segment
38,15,noisy_half_text[typo] + half_diagram,OK,∠BAD,is_a,angle
38,15,noisy_half_text[typo] + half_diagram,OK,∠BAD,has_measure,70_deg
38,15,noisy_half_text[typo] + half_diagram,OK,AB,is_a,side
38,15,noisy_half_text[typo] + half_diagram,OK,AC,is_a,side
38,15,noisy_half_text[typo] + half_diagram,OK,BC,is_a,side
38,15,noisy_half_text[typo] + half_diagram,OK,AD,is_a,line
38,15,noisy_half_text[typo] + half_diagram,OK,AD,parallel_to,BC
38,15,noisy_half_text[typo] + half_diagram,OK,Triangle ABC,is_a,triangle
38,15,noisy_half_text[typo] + half_diagram,OK,Triangle ABC,has,AB
38,15,noisy_half_text[typo] + half_diagram,OK,Triangle ABC,has,AC
38,15,noisy_half_text[typo] + half_diagram,OK,Triangle ABC,has,BC
38,15,noisy_half_text[typo] + half_diagram,OK,AB,equals,AC
38,15,noisy_half_text[typo] + half_diagram,OK,∠BAC,is_a,angle
38,15,noisy_half_text[typo] + half_diagram,OK,∠BAC,is_a,query_target
,,,,,,
40,15,noisy_half_text[typo] + half_diagram,OK,a,is_a,line
40,15,noisy_half_text[typo] + half_diagram,OK,b,is_a,line
40,15,noisy_half_text[typo] + half_diagram,OK,c,is_a,line
40,15,noisy_half_text[typo] + half_diagram,OK,a,parallel_to,b
40,15,noisy_half_text[typo] + half_diagram,OK,P,is_a,point
40,15,noisy_half_text[typo] + half_diagram,OK,Q,is_a,point
40,15,noisy_half_text[typo] + half_diagram,OK,c,intersects,a
40,15,noisy_half_text[typo] + half_diagram,OK,c,intersects,b
40,15,noisy_half_text[typo] + half_diagram,OK,∠1,is_a,angle
40,15,noisy_half_text[typo] + half_diagram,OK,∠2,is_a,angle
40,15,noisy_half_text[typo] + half_diagram,OK,∠1,has_measure,50_deg
40,15,noisy_half_text[typo] + half_diagram,OK,a,above,b
40,15,noisy_half_text[typo] + half_diagram,OK,c,right_of,a
40,15,noisy_half_text[typo] + half_diagram,OK,c,intersects,"a, at, P"
40,15,noisy_half_text[typo] + half_diagram,OK,c,intersects,"b, at, Q"
,,,,,,
43,15,noisy_half_text[typo] + half_diagram,OK,A,is_a,point
43,15,noisy_half_text[typo] + half_diagram,OK,B,is_a,point
43,15,noisy_half_text[typo] + half_diagram,OK,C,is_a,point
43,15,noisy_half_text[typo] + half_diagram,OK,O,is_a,point
43,15,noisy_half_text[typo] + half_diagram,OK,D,is_a,point
43,15,noisy_half_text[typo] + half_diagram,OK,AB,is_a,segment
43,15,noisy_half_text[typo] + half_diagram,OK,AC,is_a,segment
43,15,noisy_half_text[typo] + half_diagram,OK,BC,is_a,segment
43,15,noisy_half_text[typo] + half_diagram,OK,OD,is_a,segment
43,15,noisy_half_text[typo] + half_diagram,OK,OA,is_a,segment
43,15,noisy_half_text[typo] + half_diagram,OK,OB,is_a,segment
43,15,noisy_half_text[typo] + half_diagram,OK,OC,is_a,segment
43,15,noisy_half_text[typo] + half_diagram,OK,∠AOB,is_a,angle
43,15,noisy_half_text[typo] + half_diagram,OK,∠AOD,is_a,angle
43,15,noisy_half_text[typo] + half_diagram,OK,∠BOC,is_a,angle
43,15,noisy_half_text[typo] + half_diagram,OK,∠DOB,is_a,angle
43,15,noisy_half_text[typo] + half_diagram,OK,A,lies_on,AB
43,15,noisy_half_text[typo] + half_diagram,OK,B,lies_on,AB
43,15,noisy_half_text[typo] + half_diagram,OK,C,lies_on,AC
43,15,noisy_half_text[typo] + half_diagram,OK,C,lies_on,BC
43,15,noisy_half_text[typo] + half_diagram,OK,D,lies_on,AB
43,15,noisy_half_text[typo] + half_diagram,OK,O,lies_on,OA
43,15,noisy_half_text[typo] + half_diagram,OK,O,lies_on,OB
43,15,noisy_half_text[typo] + half_diagram,OK,O,lies_on,OC
43,15,noisy_half_text[typo] + half_diagram,OK,O,lies_on,OD
43,15,noisy_half_text[typo] + half_diagram,OK,OA,connects,A
43,15,noisy_half_text[typo] + half_diagram,OK,OA,connects,O
43,15,noisy_half_text[typo] + half_diagram,OK,OB,connects,B
43,15,noisy_half_text[typo] + half_diagram,OK,OB,connects,O
43,15,noisy_half_text[typo] + half_diagram,OK,OC,connects,C
43,15,noisy_half_text[typo] + half_diagram,OK,OC,connects,O
43,15,noisy_half_text[typo] + half_diagram,OK,OD,connects,D
43,15,noisy_half_text[typo] + half_diagram,OK,OD,connects,O
43,15,noisy_half_text[typo] + half_diagram,OK,AB,connects,A
43,15,noisy_half_text[typo] + half_diagram,OK,AB,connects,B
43,15,noisy_half_text[typo] + half_diagram,OK,AC,connects,A
43,15,noisy_half_text[typo] + half_diagram,OK,AC,connects,C
43,15,noisy_half_text[typo] + half_diagram,OK,BC,connects,B
43,15,noisy_half_text[typo] + half_diagram,OK,BC,connects,C
43,15,noisy_half_text[typo] + half_diagram,OK,∠AOB,has_measure,100_deg
43,15,noisy_half_text[typo] + half_diagram,OK,∠AOD,has_measure,30_deg
43,15,noisy_half_text[typo] + half_diagram,OK,OAB,is_a,triangle
43,15,noisy_half_text[typo] + half_diagram,OK,ODC,is_a,triangle
43,15,noisy_half_text[typo] + half_diagram,OK,OAB,rotated_about,O
43,15,noisy_half_text[typo] + half_diagram,OK,ODC,mapped_to,OAB
43,15,noisy_half_text[typo] + half_diagram,OK,30_deg,is_a,angle
,,,,,,
44,15,noisy_half_text[typo] + half_diagram,OK,A,is_a,point
44,15,noisy_half_text[typo] + half_diagram,OK,B,is_a,point
44,15,noisy_half_text[typo] + half_diagram,OK,A,is_a,street_lamp
44,15,noisy_half_text[typo] + half_diagram,OK,B,is_a,street_lamp
44,15,noisy_half_text[typo] + half_diagram,OK,A,connects,B
44,15,noisy_half_text[typo] + half_diagram,OK,AB,is_a,segment
44,15,noisy_half_text[typo] + half_diagram,OK,AB,has_measure,30_units
44,15,noisy_half_text[typo] + half_diagram,OK,Xiaogang,is_a,person
44,15,noisy_half_text[typo] + half_diagram,OK,Xiaogang,has_measure,1.5_units
44,15,noisy_half_text[typo] + half_diagram,OK,?height,is_a,query_target
,,,,,,
45,15,noisy_half_text[typo] + half_diagram,OK,A,is_a,point
45,15,noisy_half_text[typo] + half_diagram,OK,B,is_a,point
45,15,noisy_half_text[typo] + half_diagram,OK,C,is_a,point
45,15,noisy_half_text[typo] + half_diagram,OK,O,is_a,point
45,15,noisy_half_text[typo] + half_diagram,OK,ABC,is_a,triangle
45,15,noisy_half_text[typo] + half_diagram,OK,O,is_a,circle
45,15,noisy_half_text[typo] + half_diagram,OK,A,lies_on,O
45,15,noisy_half_text[typo] + half_diagram,OK,B,lies_on,O
45,15,noisy_half_text[typo] + half_diagram,OK,C,lies_on,O
45,15,noisy_half_text[typo] + half_diagram,OK,O,center_of,O
45,15,noisy_half_text[typo] + half_diagram,OK,∠ACB,is_a,angle
45,15,noisy_half_text[typo] + half_diagram,OK,∠ACB,has_measure,35_deg
45,15,noisy_half_text[typo] + half_diagram,OK,∠AOB,is_a,angle
45,15,noisy_half_text[typo] + half_diagram,OK,∠AOB,has_measure,?
45,15,noisy_half_text[typo] + half_diagram,OK,?,is_a,query_target
,,,,,,
46,15,noisy_half_text[typo] + half_diagram,OK,A,is_a,point
46,15,noisy_half_text[typo] + half_diagram,OK,B,is_a,point
46,15,noisy_half_text[typo] + half_diagram,OK,AB,is_a,segment
46,15,noisy_half_text[typo] + half_diagram,OK,AB,connects,A
46,15,noisy_half_text[typo] + half_diagram,OK,AB,connects,B
46,15,noisy_half_text[typo] + half_diagram,OK,C,is_a,point
46,15,noisy_half_text[typo] + half_diagram,OK,D,is_a,point
46,15,noisy_half_text[typo] + half_diagram,OK,CD,is_a,segment
46,15,noisy_half_text[typo] + half_diagram,OK,CD,connects,C
46,15,noisy_half_text[typo] + half_diagram,OK,CD,connects,D
46,15,noisy_half_text[typo] + half_diagram,OK,AB,parallel_to,CD
46,15,noisy_half_text[typo] + half_diagram,OK,AE,is_a,segment
46,15,noisy_half_text[typo] + half_diagram,OK,AE,connects,A
46,15,noisy_half_text[typo] + half_diagram,OK,E,is_a,point
46,15,noisy_half_text[typo] + half_diagram,OK,O,is_a,point
46,15,noisy_half_text[typo] + half_diagram,OK,AE,connects,E
46,15,noisy_half_text[typo] + half_diagram,OK,AE,connects,O
46,15,noisy_half_text[typo] + half_diagram,OK,AE,intersects,AB
46,15,noisy_half_text[typo] + half_diagram,OK,AE,intersects,CD
46,15,noisy_half_text[typo] + half_diagram,OK,∠EAB,is_a,angle
46,15,noisy_half_text[typo] + half_diagram,OK,∠EAB,has_measure,70_deg
46,15,noisy_half_text[typo] + half_diagram,OK,∠EOC,is_a,angle
46,15,noisy_half_text[typo] + half_diagram,OK,∠EOC,has_measure,?
,,,,,,
48,15,noisy_half_text[typo] + half_diagram,OK,O,is_a,circle
48,15,noisy_half_text[typo] + half_diagram,OK,A,is_a,point
48,15,noisy_half_text[typo] + half_diagram,OK,B,is_a,point
48,15,noisy_half_text[typo] + half_diagram,OK,C,is_a,point
48,15,noisy_half_text[typo] + half_diagram,OK,A,lies_on,O
48,15,noisy_half_text[typo] + half_diagram,OK,B,lies_on,O
48,15,noisy_half_text[typo] + half_diagram,OK,C,lies_on,O
48,15,noisy_half_text[typo] + half_diagram,OK,O,center_of,O
48,15,noisy_half_text[typo] + half_diagram,OK,∠BOC,is_a,angle
48,15,noisy_half_text[typo] + half_diagram,OK,∠BOC,has_measure,100_deg
48,15,noisy_half_text[typo] + half_diagram,OK,A,lies_on,arc_BC
48,15,noisy_half_text[typo] + half_diagram,OK,∠BAC,is_a,angle
48,15,noisy_half_text[typo] + half_diagram,OK,∠BAC,is_a,inscribed_angle
48,15,noisy_half_text[typo] + half_diagram,OK,∠BAC,is_a,query_target
,,,,,,
49,15,noisy_half_text[typo] + half_diagram,OK,O,is_a,circle
49,15,noisy_half_text[typo] + half_diagram,OK,A,is_a,point
49,15,noisy_half_text[typo] + half_diagram,OK,B,is_a,point
49,15,noisy_half_text[typo] + half_diagram,OK,C,is_a,point
49,15,noisy_half_text[typo] + half_diagram,OK,D,is_a,point
49,15,noisy_half_text[typo] + half_diagram,OK,E,is_a,point
49,15,noisy_half_text[typo] + half_diagram,OK,ABCDE,is_a,pentagon
49,15,noisy_half_text[typo] + half_diagram,OK,O,center_of,circle
49,15,noisy_half_text[typo] + half_diagram,OK,ABCDE,lies_on,circle
49,15,noisy_half_text[typo] + half_diagram,OK,A,connects,B
49,15,noisy_half_text[typo] + half_diagram,OK,B,connects,C
49,15,noisy_half_text[typo] + half_diagram,OK,C,connects,D
49,15,noisy_half_text[typo] + half_diagram,OK,D,connects,E
49,15,noisy_half_text[typo] + half_diagram,OK,E,connects,A
49,15,noisy_half_text[typo] + half_diagram,OK,∠AED,is_a,angle
49,15,noisy_half_text[typo] + half_diagram,OK,∠AED,has_measure,115_deg
49,15,noisy_half_text[typo] + half_diagram,OK,∠BAE,is_a,angle
49,15,noisy_half_text[typo] + half_diagram,OK,∠BAE,has_measure,30_deg
49,15,noisy_half_text[typo] + half_diagram,OK,∠ABC,is_a,angle
,,,,,,
50,15,noisy_half_text[typo] + half_diagram,OK,A,is_a,point
50,15,noisy_half_text[typo] + half_diagram,OK,B,is_a,point
50,15,noisy_half_text[typo] + half_diagram,OK,C,is_a,point
50,15,noisy_half_text[typo] + half_diagram,OK,D,is_a,point
50,15,noisy_half_text[typo] + half_diagram,OK,E,is_a,point
50,15,noisy_half_text[typo] + half_diagram,OK,O,is_a,point
50,15,noisy_half_text[typo] + half_diagram,OK,AB,is_a,segment
50,15,noisy_half_text[typo] + half_diagram,OK,CD,is_a,segment
50,15,noisy_half_text[typo] + half_diagram,OK,EO,is_a,segment
50,15,noisy_half_text[typo] + half_diagram,OK,∠AOC,is_a,angle
50,15,noisy_half_text[typo] + half_diagram,OK,∠COE,is_a,angle
50,15,noisy_half_text[typo] + half_diagram,OK,∠EOD,is_a,angle
50,15,noisy_half_text[typo] + half_diagram,OK,AB,intersects,CD
50,15,noisy_half_text[typo] + half_diagram,OK,AB,intersects,EO
50,15,noisy_half_text[typo] + half_diagram,OK,CD,intersects,EO
50,15,noisy_half_text[typo] + half_diagram,OK,O,is_a,intersection
50,15,noisy_half_text[typo] + half_diagram,OK,AB,connects,A
50,15,noisy_half_text[typo] + half_diagram,OK,AB,connects,B
50,15,noisy_half_text[typo] + half_diagram,OK,CD,connects,C
50,15,noisy_half_text[typo] + half_diagram,OK,CD,connects,D
50,15,noisy_half_text[typo] + half_diagram,OK,EO,connects,E
50,15,noisy_half_text[typo] + half_diagram,OK,EO,connects,O
50,15,noisy_half_text[typo] + half_diagram,OK,∠AOC,has_measure,50_deg
50,15,noisy_half_text[typo] + half_diagram,OK,∠COE,is_a,query_target
,,,,,,
53,15,noisy_half_text[typo] + half_diagram,OK,a,is_a,line
53,15,noisy_half_text[typo] + half_diagram,OK,b,is_a,line
53,15,noisy_half_text[typo] + half_diagram,OK,c,is_a,line
53,15,noisy_half_text[typo] + half_diagram,OK,a,parallel_to,b
53,15,noisy_half_text[typo] + half_diagram,OK,c,intersects,a
53,15,noisy_half_text[typo] + half_diagram,OK,c,intersects,b
53,15,noisy_half_text[typo] + half_diagram,OK,a,intersects,"c, at, P"
53,15,noisy_half_text[typo] + half_diagram,OK,b,intersects,"c, at, Q"
53,15,noisy_half_text[typo] + half_diagram,OK,P,is_a,point
53,15,noisy_half_text[typo] + half_diagram,OK,Q,is_a,point
53,15,noisy_half_text[typo] + half_diagram,OK,∠aPc,is_a,angle
53,15,noisy_half_text[typo] + half_diagram,OK,∠aPc,has_measure,155_deg
53,15,noisy_half_text[typo] + half_diagram,OK,∠bQc,is_a,angle
53,15,noisy_half_text[typo] + half_diagram,OK,∠bQc,has_measure,2
53,15,noisy_half_text[typo] + half_diagram,OK,∠bQc,is_a,query_target
,,,,,,
55,15,noisy_half_text[typo] + half_diagram,OK,A,is_a,point
55,15,noisy_half_text[typo] + half_diagram,OK,B,is_a,point
55,15,noisy_half_text[typo] + half_diagram,OK,C,is_a,point
55,15,noisy_half_text[typo] + half_diagram,OK,D,is_a,point
55,15,noisy_half_text[typo] + half_diagram,OK,O,is_a,point
55,15,noisy_half_text[typo] + half_diagram,OK,M,is_a,point
55,15,noisy_half_text[typo] + half_diagram,OK,N,is_a,point
55,15,noisy_half_text[typo] + half_diagram,OK,AB,is_a,line
55,15,noisy_half_text[typo] + half_diagram,OK,CD,is_a,line
55,15,noisy_half_text[typo] + half_diagram,OK,OM,is_a,line
55,15,noisy_half_text[typo] + half_diagram,OK,ON,is_a,line
55,15,noisy_half_text[typo] + half_diagram,OK,AB,intersects,CD
55,15,noisy_half_text[typo] + half_diagram,OK,AB,intersects,OM
55,15,noisy_half_text[typo] + half_diagram,OK,CD,intersects,OM
55,15,noisy_half_text[typo] + half_diagram,OK,O,is_a,intersection_point
,,,,,,
56,15,noisy_half_text[typo] + half_diagram,OK,O,is_a,point
56,15,noisy_half_text[typo] + half_diagram,OK,C,is_a,point
56,15,noisy_half_text[typo] + half_diagram,OK,D,is_a,point
56,15,noisy_half_text[typo] + half_diagram,OK,E,is_a,point
56,15,noisy_half_text[typo] + half_diagram,OK,F,is_a,point
56,15,noisy_half_text[typo] + half_diagram,OK,G,is_a,point
56,15,noisy_half_text[typo] + half_diagram,OK,CD,is_a,diameter
56,15,noisy_half_text[typo] + half_diagram,OK,EF,is_a,chord
56,15,noisy_half_text[typo] + half_diagram,OK,O,center_of,Circle_O
56,15,noisy_half_text[typo] + half_diagram,OK,CD,diameter_of,Circle_O
56,15,noisy_half_text[typo] + half_diagram,OK,EF,intersects,CD
56,15,noisy_half_text[typo] + half_diagram,OK,G,is_a,midpoint
56,15,noisy_half_text[typo] + half_diagram,OK,∠EOD,is_a,angle
56,15,noisy_half_text[typo] + half_diagram,OK,∠EOD,has_measure,?
56,15,noisy_half_text[typo] + half_diagram,OK,∠EOC,has_measure,20_deg
56,15,noisy_half_text[typo] + half_diagram,OK,C,lies_on,Circle_O
56,15,noisy_half_text[typo] + half_diagram,OK,D,lies_on,Circle_O
56,15,noisy_half_text[typo] + half_diagram,OK,E,lies_on,Circle_O
56,15,noisy_half_text[typo] + half_diagram,OK,F,lies_on,Circle_O
56,15,noisy_half_text[typo] + half_diagram,OK,G,lies_on,CD
56,15,noisy_half_text[typo] + half_diagram,OK,G,lies_on,EF
56,15,noisy_half_text[typo] + half_diagram,OK,CD,connects,C
56,15,noisy_half_text[typo] + half_diagram,OK,CD,connects,D
56,15,noisy_half_text[typo] + half_diagram,OK,EF,connects,E
56,15,noisy_half_text[typo] + half_diagram,OK,EF,connects,F
56,15,noisy_half_text[typo] + half_diagram,OK,∠EOC,is_a,angle
,,,,,,
57,15,noisy_half_text[typo] + half_diagram,OK,A,is_a,point
57,15,noisy_half_text[typo] + half_diagram,OK,B,is_a,point
57,15,noisy_half_text[typo] + half_diagram,OK,C,is_a,point
57,15,noisy_half_text[typo] + half_diagram,OK,D,is_a,point
57,15,noisy_half_text[typo] + half_diagram,OK,AB,is_a,segment
57,15,noisy_half_text[typo] + half_diagram,OK,CD,is_a,segment
57,15,noisy_half_text[typo] + half_diagram,OK,AD,is_a,segment
57,15,noisy_half_text[typo] + half_diagram,OK,BC,is_a,segment
57,15,noisy_half_text[typo] + half_diagram,OK,AB,parallel_to,CD
57,15,noisy_half_text[typo] + half_diagram,OK,AD,intersects,A
57,15,noisy_half_text[typo] + half_diagram,OK,AD,intersects,D
57,15,noisy_half_text[typo] + half_diagram,OK,BC,intersects,B
57,15,noisy_half_text[typo] + half_diagram,OK,BC,intersects,C
57,15,noisy_half_text[typo] + half_diagram,OK,∠B,is_a,angle
57,15,noisy_half_text[typo] + half_diagram,OK,∠B,has_measure,20_deg
57,15,noisy_half_text[typo] + half_diagram,OK,∠C,is_a,angle
57,15,noisy_half_text[typo] + half_diagram,OK,∠C,has_measure,?
,,,,,,
58,15,noisy_half_text[typo] + half_diagram,OK,A,is_a,point
58,15,noisy_half_text[typo] + half_diagram,OK,B,is_a,point
58,15,noisy_half_text[typo] + half_diagram,OK,C,is_a,point
58,15,noisy_half_text[typo] + half_diagram,OK,D,is_a,point
58,15,noisy_half_text[typo] + half_diagram,OK,E,is_a,point
58,15,noisy_half_text[typo] + half_diagram,OK,AB,is_a,segment
58,15,noisy_half_text[typo] + half_diagram,OK,CD,is_a,segment
58,15,noisy_half_text[typo] + half_diagram,OK,EC,is_a,segment
58,15,noisy_half_text[typo] + half_diagram,OK,ED,is_a,segment
58,15,noisy_half_text[typo] + half_diagram,OK,∠CEB,is_a,angle
58,15,noisy_half_text[typo] + half_diagram,OK,AB,parallel_to,CD
58,15,noisy_half_text[typo] + half_diagram,OK,E,lies_on,AB
58,15,noisy_half_text[typo] + half_diagram,OK,EC,intersects,CD
58,15,noisy_half_text[typo] + half_diagram,OK,ED,intersects,CD
58,15,noisy_half_text[typo] + half_diagram,OK,∠AEC,has_measure,35_deg
58,15,noisy_half_text[typo] + half_diagram,OK,∠CEB,has_measure,90_deg
58,15,noisy_half_text[typo] + half_diagram,OK,D,is_a,query_target
,,,,,,
59,15,noisy_half_text[typo] + half_diagram,OK,A,is_a,point
59,15,noisy_half_text[typo] + half_diagram,OK,B,is_a,point
59,15,noisy_half_text[typo] + half_diagram,OK,C,is_a,point
59,15,noisy_half_text[typo] + half_diagram,OK,D,is_a,point
59,15,noisy_half_text[typo] + half_diagram,OK,AB,is_a,segment
59,15,noisy_half_text[typo] + half_diagram,OK,CD,is_a,segment
59,15,noisy_half_text[typo] + half_diagram,OK,AD,is_a,segment
59,15,noisy_half_text[typo] + half_diagram,OK,AC,is_a,segment
59,15,noisy_half_text[typo] + half_diagram,OK,BC,is_a,segment
59,15,noisy_half_text[typo] + half_diagram,OK,AB,parallel_to,CD
59,15,noisy_half_text[typo] + half_diagram,OK,AD,bisects,∠BAC
59,15,noisy_half_text[typo] + half_diagram,OK,∠ACD,has_measure,80_deg
59,15,noisy_half_text[typo] + half_diagram,OK,∠D,is_a,angle
59,15,noisy_half_text[typo] + half_diagram,OK,∠D,has_measure,?
59,15,noisy_half_text[typo] + half_diagram,OK,∠BAC,is_a,angle
,,,,,,
60,15,noisy_half_text[typo] + half_diagram,OK,AB,is_a,line
60,15,noisy_half_text[typo] + half_diagram,OK,CD,is_a,line
60,15,noisy_half_text[typo] + half_diagram,OK,EF,is_a,line
60,15,noisy_half_text[typo] + half_diagram,OK,AB,parallel_to,CD
60,15,noisy_half_text[typo] + half_diagram,OK,EF,intersects,AB
60,15,noisy_half_text[typo] + half_diagram,OK,EF,intersects,CD
60,15,noisy_half_text[typo] + half_diagram,OK,∠2,is_a,angle
60,15,noisy_half_text[typo] + half_diagram,OK,∠2,has_measure,135_deg
60,15,noisy_half_text[typo] + half_diagram,OK,∠1,is_a,angle
60,15,noisy_half_text[typo] + half_diagram,OK,∠1,has_measure,?
60,15,noisy_half_text[typo] + half_diagram,OK,P,is_a,point
60,15,noisy_half_text[typo] + half_diagram,OK,A,is_a,point
60,15,noisy_half_text[typo] + half_diagram,OK,B,is_a,point
60,15,noisy_half_text[typo] + half_diagram,OK,C,is_a,point
60,15,noisy_half_text[typo] + half_diagram,OK,D,is_a,point
60,15,noisy_half_text[typo] + half_diagram,OK,E,is_a,point
60,15,noisy_half_text[typo] + half_diagram,OK,F,is_a,point
60,15,noisy_half_text[typo] + half_diagram,OK,AB,connects,A
60,15,noisy_half_text[typo] + half_diagram,OK,AB,connects,B
60,15,noisy_half_text[typo] + half_diagram,OK,CD,connects,C
60,15,noisy_half_text[typo] + half_diagram,OK,CD,connects,D
60,15,noisy_half_text[typo] + half_diagram,OK,EF,connects,E
60,15,noisy_half_text[typo] + half_diagram,OK,EF,connects,F
60,15,noisy_half_text[typo] + half_diagram,OK,EF,intersects,"AB, at, P"
60,15,noisy_half_text[typo] + half_diagram,OK,EF,intersects,"CD, at, E"
60,15,noisy_half_text[typo] + half_diagram,OK,∠2,lies_on,CD
60,15,noisy_half_text[typo] + half_diagram,OK,∠1,lies_on,AB
,,,,,,
64,15,noisy_half_text[typo] + half_diagram,OK,A,is_a,point
64,15,noisy_half_text[typo] + half_diagram,OK,B,is_a,point
64,15,noisy_half_text[typo] + half_diagram,OK,O,is_a,point
64,15,noisy_half_text[typo] + half_diagram,OK,AB,is_a,segment
64,15,noisy_half_text[typo] + half_diagram,OK,AB,has_measure,160_units
64,15,noisy_half_text[typo] + half_diagram,OK,O,center_of,circle
64,15,noisy_half_text[typo] + half_diagram,OK,AB,connects,A
64,15,noisy_half_text[typo] + half_diagram,OK,AB,connects,B
64,15,noisy_half_text[typo] + half_diagram,OK,O,lies_on,AB
64,15,noisy_half_text[typo] + half_diagram,OK,circle,has_measure,200_units
64,15,noisy_half_text[typo] + half_diagram,OK,?,is_a,query_target
,,,,,,
72,15,noisy_half_text[typo] + half_diagram,OK,AB,is_a,segment
72,15,noisy_half_text[typo] + half_diagram,OK,BC,is_a,segment
72,15,noisy_half_text[typo] + half_diagram,OK,CD,is_a,segment
72,15,noisy_half_text[typo] + half_diagram,OK,DA,is_a,segment
72,15,noisy_half_text[typo] + half_diagram,OK,AB+BC+CD+DA,has_measure,16
72,15,noisy_half_text[typo] + half_diagram,OK,A,is_a,point
72,15,noisy_half_text[typo] + half_diagram,OK,B,is_a,point
72,15,noisy_half_text[typo] + half_diagram,OK,C,is_a,point
72,15,noisy_half_text[typo] + half_diagram,OK,D,is_a,point
72,15,noisy_half_text[typo] + half_diagram,OK,O,is_a,point
72,15,noisy_half_text[typo] + half_diagram,OK,E,is_a,point
72,15,noisy_half_text[typo] + half_diagram,OK,BCD,is_a,parallelogram
72,15,noisy_half_text[typo] + half_diagram,OK,O,intersects,BCD
72,15,noisy_half_text[typo] + half_diagram,OK,O,intersects,diagonals
72,15,noisy_half_text[typo] + half_diagram,OK,O,lies_on,diagonals
72,15,noisy_half_text[typo] + half_diagram,OK,OE,is_a,segment
72,15,noisy_half_text[typo] + half_diagram,OK,AC,is_a,segment
72,15,noisy_half_text[typo] + half_diagram,OK,OE,perpendicular_to,AC
72,15,noisy_half_text[typo] + half_diagram,OK,E,lies_on,AD
72,15,noisy_half_text[typo] + half_diagram,OK,DCE,is_a,triangle
72,15,noisy_half_text[typo] + half_diagram,OK,perimeter_of,query_target,DCE
,,,,,,
73,15,noisy_half_text[typo] + half_diagram,OK,O,is_a,circle
73,15,noisy_half_text[typo] + half_diagram,OK,A,is_a,point
73,15,noisy_half_text[typo] + half_diagram,OK,B,is_a,point
73,15,noisy_half_text[typo] + half_diagram,OK,C,is_a,point
73,15,noisy_half_text[typo] + half_diagram,OK,ABC,is_a,triangle
73,15,noisy_half_text[typo] + half_diagram,OK,O,center_of,ABC
73,15,noisy_half_text[typo] + half_diagram,OK,∠ABC,is_a,angle
73,15,noisy_half_text[typo] + half_diagram,OK,∠ABC,has_measure,70_deg
73,15,noisy_half_text[typo] + half_diagram,OK,A,lies_on,O
73,15,noisy_half_text[typo] + half_diagram,OK,B,lies_on,O
73,15,noisy_half_text[typo] + half_diagram,OK,C,lies_on,O
73,15,noisy_half_text[typo] + half_diagram,OK,AB,is_a,segment
73,15,noisy_half_text[typo] + half_diagram,OK,BC,is_a,segment
73,15,noisy_half_text[typo] + half_diagram,OK,CA,is_a,segment
73,15,noisy_half_text[typo] + half_diagram,OK,AB,connects,A
73,15,noisy_half_text[typo] + half_diagram,OK,AB,connects,B
73,15,noisy_half_text[typo] + half_diagram,OK,BC,connects,B
73,15,noisy_half_text[typo] + half_diagram,OK,BC,connects,C
73,15,noisy_half_text[typo] + half_diagram,OK,CA,connects,C
73,15,noisy_half_text[typo] + half_diagram,OK,CA,connects,A
73,15,noisy_half_text[typo] + half_diagram,OK,O,is_a,point
73,15,noisy_half_text[typo] + half_diagram,OK,∠AOB,is_a,angle
73,15,noisy_half_text[typo] + half_diagram,OK,∠AOB,has_measure,?
,,,,,,
78,15,noisy_half_text[typo] + half_diagram,OK,A,is_a,point
78,15,noisy_half_text[typo] + half_diagram,OK,B,is_a,point
78,15,noisy_half_text[typo] + half_diagram,OK,C,is_a,point
78,15,noisy_half_text[typo] + half_diagram,OK,D,is_a,point
78,15,noisy_half_text[typo] + half_diagram,OK,E,is_a,point
78,15,noisy_half_text[typo] + half_diagram,OK,AB,is_a,segment
78,15,noisy_half_text[typo] + half_diagram,OK,CD,is_a,segment
78,15,noisy_half_text[typo] + half_diagram,OK,AE,is_a,segment
78,15,noisy_half_text[typo] + half_diagram,OK,CAB,is_a,angle
78,15,noisy_half_text[typo] + half_diagram,OK,AED,is_a,angle
78,15,noisy_half_text[typo] + half_diagram,OK,AB,parallel_to,CD
78,15,noisy_half_text[typo] + half_diagram,OK,E,lies_on,CD
78,15,noisy_half_text[typo] + half_diagram,OK,AE,bisects,CAB
78,15,noisy_half_text[typo] + half_diagram,OK,AED,has_measure,?
,,,,,,
79,15,noisy_half_text[typo] + half_diagram,OK,AB,is_a,segment
79,15,noisy_half_text[typo] + half_diagram,OK,BC,is_a,segment
79,15,noisy_half_text[typo] + half_diagram,OK,CD,is_a,segment
79,15,noisy_half_text[typo] + half_diagram,OK,DA,is_a,segment
79,15,noisy_half_text[typo] + half_diagram,OK,AC,is_a,segment
79,15,noisy_half_text[typo] + half_diagram,OK,BD,is_a,segment
79,15,noisy_half_text[typo] + half_diagram,OK,AC,intersects,BD
79,15,noisy_half_text[typo] + half_diagram,OK,O,is_a,point
79,15,noisy_half_text[typo] + half_diagram,OK,O,lies_on,AC
79,15,noisy_half_text[typo] + half_diagram,OK,O,lies_on,BD
79,15,noisy_half_text[typo] + half_diagram,OK,E,is_a,point
79,15,noisy_half_text[typo] + half_diagram,OK,E,lies_on,AD
79,15,noisy_half_text[typo] + half_diagram,OK,AC,perpendicular_to,OE
79,15,noisy_half_text[typo] + half_diagram,OK,ACBD,is_a,parallelogram
79,15,noisy_half_text[typo] + half_diagram,OK,DCE,is_a,triangle
79,15,noisy_half_text[typo] + half_diagram,OK,AB + BC + CD + DA,has_measure,32_units
,,,,,,
81,15,noisy_half_text[typo] + half_diagram,OK,A,is_a,point
81,15,noisy_half_text[typo] + half_diagram,OK,B,is_a,point
81,15,noisy_half_text[typo] + half_diagram,OK,C,is_a,point
81,15,noisy_half_text[typo] + half_diagram,OK,D,is_a,point
81,15,noisy_half_text[typo] + half_diagram,OK,E,is_a,point
81,15,noisy_half_text[typo] + half_diagram,OK,ABC,is_a,triangle
81,15,noisy_half_text[typo] + half_diagram,OK,∠BAC,is_a,angle
81,15,noisy_half_text[typo] + half_diagram,OK,∠BAC,has_measure,90_deg
81,15,noisy_half_text[typo] + half_diagram,OK,AD,is_a,segment
81,15,noisy_half_text[typo] + half_diagram,OK,AD,perpendicular_to,BC
81,15,noisy_half_text[typo] + half_diagram,OK,AE,is_a,segment
81,15,noisy_half_text[typo] + half_diagram,OK,∠DAC,is_a,angle
81,15,noisy_half_text[typo] + half_diagram,OK,E,lies_on,DC
81,15,noisy_half_text[typo] + half_diagram,OK,∠DAE,is_a,angle
81,15,noisy_half_text[typo] + half_diagram,OK,∠B,is_a,angle
81,15,noisy_half_text[typo] + half_diagram,OK,∠B,has_measure,50_deg
,,,,,,
84,15,noisy_half_text[typo] + half_diagram,OK,A,is_a,point
84,15,noisy_half_text[typo] + half_diagram,OK,B,is_a,point
84,15,noisy_half_text[typo] + half_diagram,OK,C,is_a,point
84,15,noisy_half_text[typo] + half_diagram,OK,O,is_a,point
84,15,noisy_half_text[typo] + half_diagram,OK,AB,is_a,segment
84,15,noisy_half_text[typo] + half_diagram,OK,AC,is_a,segment
84,15,noisy_half_text[typo] + half_diagram,OK,BC,is_a,segment
84,15,noisy_half_text[typo] + half_diagram,OK,∠BAC,is_a,angle
84,15,noisy_half_text[typo] + half_diagram,OK,O,is_a,circle
84,15,noisy_half_text[typo] + half_diagram,OK,A,lies_on,O
84,15,noisy_half_text[typo] + half_diagram,OK,B,lies_on,O
84,15,noisy_half_text[typo] + half_diagram,OK,C,lies_on,O
84,15,noisy_half_text[typo] + half_diagram,OK,O,center_of,O
84,15,noisy_half_text[typo] + half_diagram,OK,AC,has_measure,1_unit
84,15,noisy_half_text[typo] + half_diagram,OK,∠BAC,has_measure,60_deg
84,15,noisy_half_text[typo] + half_diagram,OK,BC,has_measure,?
84,15,noisy_half_text[typo] + half_diagram,OK,Triangle ABC,is_a,triangle
84,15,noisy_half_text[typo] + half_diagram,OK,Triangle ABC,is_inscribed_in,O
84,15,noisy_half_text[typo] + half_diagram,OK,?,is_a,query_target
,,,,,,
86,15,noisy_half_text[typo] + half_diagram,OK,A,is_a,point
86,15,noisy_half_text[typo] + half_diagram,OK,B,is_a,point
86,15,noisy_half_text[typo] + half_diagram,OK,C,is_a,point
86,15,noisy_half_text[typo] + half_diagram,OK,O,is_a,point
86,15,noisy_half_text[typo] + half_diagram,OK,ABC,is_a,triangle
86,15,noisy_half_text[typo] + half_diagram,OK,O,is_a,circle
86,15,noisy_half_text[typo] + half_diagram,OK,O,center_of,ABC
86,15,noisy_half_text[typo] + half_diagram,OK,∠BAC,is_a,angle
86,15,noisy_half_text[typo] + half_diagram,OK,∠BAC,has_measure,60_deg
86,15,noisy_half_text[typo] + half_diagram,OK,BC,is_a,segment
86,15,noisy_half_text[typo] + half_diagram,OK,O,is_a,circumscibed_circle
86,15,noisy_half_text[typo] + half_diagram,OK,BC,has_measure,?
,,,,,,
88,15,noisy_half_text[typo] + half_diagram,OK,A,is_a,point
88,15,noisy_half_text[typo] + half_diagram,OK,B,is_a,point
88,15,noisy_half_text[typo] + half_diagram,OK,C,is_a,point
88,15,noisy_half_text[typo] + half_diagram,OK,O,is_a,point
88,15,noisy_half_text[typo] + half_diagram,OK,AB,is_a,segment
88,15,noisy_half_text[typo] + half_diagram,OK,AC,is_a,segment
88,15,noisy_half_text[typo] + half_diagram,OK,BC,is_a,segment
88,15,noisy_half_text[typo] + half_diagram,OK,∠ACB,is_a,angle
88,15,noisy_half_text[typo] + half_diagram,OK,∠ABO,is_a,angle
88,15,noisy_half_text[typo] + half_diagram,OK,∠BOC,is_a,angle
88,15,noisy_half_text[typo] + half_diagram,OK,A,lies_on,circle
88,15,noisy_half_text[typo] + half_diagram,OK,B,lies_on,circle
88,15,noisy_half_text[typo] + half_diagram,OK,C,lies_on,circle
88,15,noisy_half_text[typo] + half_diagram,OK,O,center_of,circle
88,15,noisy_half_text[typo] + half_diagram,OK,∠ACB,has_measure,42_deg
88,15,noisy_half_text[typo] + half_diagram,OK,∠ABO,has_measure,22_deg
88,15,noisy_half_text[typo] + half_diagram,OK,∠BOC,has_measure,?
,,,,,,
95,15,noisy_half_text[typo] + half_diagram,OK,O,is_a,point
95,15,noisy_half_text[typo] + half_diagram,OK,O,center_of,circle
95,15,noisy_half_text[typo] + half_diagram,OK,A,is_a,point
95,15,noisy_half_text[typo] + half_diagram,OK,B,is_a,point
95,15,noisy_half_text[typo] + half_diagram,OK,C,is_a,point
95,15,noisy_half_text[typo] + half_diagram,OK,D,is_a,point
95,15,noisy_half_text[typo] + half_diagram,OK,OA,is_a,radius
95,15,noisy_half_text[typo] + half_diagram,OK,OA,has_measure,?
95,15,noisy_half_text[typo] + half_diagram,OK,O,connects,A
95,15,noisy_half_text[typo] + half_diagram,OK,O,connects,C
95,15,noisy_half_text[typo] + half_diagram,OK,A,connects,B
95,15,noisy_half_text[typo] + half_diagram,OK,B,connects,C
95,15,noisy_half_text[typo] + half_diagram,OK,C,connects,D
95,15,noisy_half_text[typo] + half_diagram,OK,A,connects,D
95,15,noisy_half_text[typo] + half_diagram,OK,B,lies_on,circle
95,15,noisy_half_text[typo] + half_diagram,OK,C,lies_on,circle
95,15,noisy_half_text[typo] + half_diagram,OK,OA,lies_on,circle
95,15,noisy_half_text[typo] + half_diagram,OK,BC,is_a,chord
95,15,noisy_half_text[typo] + half_diagram,OK,BC,has_measure,?
95,15,noisy_half_text[typo] + half_diagram,OK,∠BAC,is_a,angle
95,15,noisy_half_text[typo] + half_diagram,OK,∠BAC,has_measure,60_deg
95,15,noisy_half_text[typo] + half_diagram,OK,∠ADC,is_a,angle
95,15,noisy_half_text[typo] + half_diagram,OK,∠ADC,has_measure,90_deg
,,,,,,
99,15,noisy_half_text[typo] + half_diagram,OK,O,is_a,circle
99,15,noisy_half_text[typo] + half_diagram,OK,AB,is_a,diameter
99,15,noisy_half_text[typo] + half_diagram,OK,AB,diameter_of,O
99,15,noisy_half_text[typo] + half_diagram,OK,CD,is_a,chord
99,15,noisy_half_text[typo] + half_diagram,OK,∠CAD,is_a,angle
99,15,noisy_half_text[typo] + half_diagram,OK,∠CAD,has_measure,26_deg
99,15,noisy_half_text[typo] + half_diagram,OK,∠CAB,is_a,angle
99,15,noisy_half_text[typo] + half_diagram,OK,∠CAB,has_measure,?
99,15,noisy_half_text[typo] + half_diagram,OK,A,is_a,point
99,15,noisy_half_text[typo] + half_diagram,OK,B,is_a,point
99,15,noisy_half_text[typo] + half_diagram,OK,C,is_a,point
99,15,noisy_half_text[typo] + half_diagram,OK,D,is_a,point
99,15,noisy_half_text[typo] + half_diagram,OK,AB,connects,A
99,15,noisy_half_text[typo] + half_diagram,OK,AB,connects,B
99,15,noisy_half_text[typo] + half_diagram,OK,CD,connects,C
99,15,noisy_half_text[typo] + half_diagram,OK,CD,connects,D
99,15,noisy_half_text[typo] + half_diagram,OK,A,lies_on,O
99,15,noisy_half_text[typo] + half_diagram,OK,B,lies_on,O
99,15,noisy_half_text[typo] + half_diagram,OK,C,lies_on,O
99,15,noisy_half_text[typo] + half_diagram,OK,D,lies_on,O
99,15,noisy_half_text[typo] + half_diagram,OK,∠CAB,is_a,query_target
,,,,,,
108,15,noisy_half_text[typo] + half_diagram,OK,A,is_a,point
108,15,noisy_half_text[typo] + half_diagram,OK,B,is_a,point
108,15,noisy_half_text[typo] + half_diagram,OK,C,is_a,point
108,15,noisy_half_text[typo] + half_diagram,OK,D,is_a,point
108,15,noisy_half_text[typo] + half_diagram,OK,O,is_a,point
108,15,noisy_half_text[typo] + half_diagram,OK,AB,is_a,segment
108,15,noisy_half_text[typo] + half_diagram,OK,CD,is_a,segment
108,15,noisy_half_text[typo] + half_diagram,OK,CD,has_measure,8.0_units
108,15,noisy_half_text[typo] + half_diagram,OK,CD,connects,"C, D"
108,15,noisy_half_text[typo] + half_diagram,OK,AB,connects,"A, B"
108,15,noisy_half_text[typo] + half_diagram,OK,C,lies_on,arch
108,15,noisy_half_text[typo] + half_diagram,OK,D,lies_on,arch
108,15,noisy_half_text[typo] + half_diagram,OK,A,lies_on,water_surface
108,15,noisy_half_text[typo] + half_diagram,OK,B,lies_on,water_surface
108,15,noisy_half_text[typo] + half_diagram,OK,O,is_a,"center_of, arch"
108,15,noisy_half_text[typo] + half_diagram,OK,arch,is_a,circular_arch
108,15,noisy_half_text[typo] + half_diagram,OK,?,is_a,"width_of, water_surface"
108,15,noisy_half_text[typo] + half_diagram,OK,?,is_a,query_target
,,,,,,
109,15,noisy_half_text[typo] + half_diagram,OK,ABC,is_a,triangle
109,15,noisy_half_text[typo] + half_diagram,OK,DE,is_a,segment
109,15,noisy_half_text[typo] + half_diagram,OK,DE,intersects,AB
109,15,noisy_half_text[typo] + half_diagram,OK,DE,intersects,BC
109,15,noisy_half_text[typo] + half_diagram,OK,ADB,is_a,angle
109,15,noisy_half_text[typo] + half_diagram,OK,ADB,has_measure,130_deg
109,15,noisy_half_text[typo] + half_diagram,OK,BEC,is_a,angle
109,15,noisy_half_text[typo] + half_diagram,OK,α,is_a,angle
109,15,noisy_half_text[typo] + half_diagram,OK,β,is_a,angle
,,,,,,
112,15,noisy_half_text[typo] + half_diagram,OK,A,is_a,point
112,15,noisy_half_text[typo] + half_diagram,OK,B,is_a,point
112,15,noisy_half_text[typo] + half_diagram,OK,O,is_a,point
112,15,noisy_half_text[typo] + half_diagram,OK,AB,is_a,segment
112,15,noisy_half_text[typo] + half_diagram,OK,AO,is_a,segment
112,15,noisy_half_text[typo] + half_diagram,OK,∠AOB,is_a,angle
112,15,noisy_half_text[typo] + half_diagram,OK,AO,connects,A
112,15,noisy_half_text[typo] + half_diagram,OK,AO,connects,O
112,15,noisy_half_text[typo] + half_diagram,OK,AB,connects,A
112,15,noisy_half_text[typo] + half_diagram,OK,AB,connects,B
112,15,noisy_half_text[typo] + half_diagram,OK,O,lies_on,AB
112,15,noisy_half_text[typo] + half_diagram,OK,AO,is_a,height
112,15,noisy_half_text[typo] + half_diagram,OK,AB,is_a,slant_height
112,15,noisy_half_text[typo] + half_diagram,OK,AB,has_measure,2.5_units
112,15,noisy_half_text[typo] + half_diagram,OK,O,has_measure,0.7_units
112,15,noisy_half_text[typo] + half_diagram,OK,AO,has_measure,?
112,15,noisy_half_text[typo] + half_diagram,OK,AO,is_a,query_target
,,,,,,
114,15,noisy_half_text[typo] + half_diagram,OK,B,is_a,point
114,15,noisy_half_text[typo] + half_diagram,OK,A,is_a,point
114,15,noisy_half_text[typo] + half_diagram,OK,O,is_a,point
114,15,noisy_half_text[typo] + half_diagram,OK,OAB,is_a,sector
114,15,noisy_half_text[typo] + half_diagram,OK,OA,is_a,diameter
114,15,noisy_half_text[typo] + half_diagram,OK,OB,is_a,diameter
114,15,noisy_half_text[typo] + half_diagram,OK,OA,has_measure,1.0
114,15,noisy_half_text[typo] + half_diagram,OK,OB,has_measure,1.0
114,15,noisy_half_text[typo] + half_diagram,OK,O,center_of,OAB
114,15,noisy_half_text[typo] + half_diagram,OK,∠AOB,is_a,angle
114,15,noisy_half_text[typo] + half_diagram,OK,∠AOB,has_measure,90_deg
114,15,noisy_half_text[typo] + half_diagram,OK,Area,is_a,query_target
,,,,,,
115,15,noisy_half_text[typo] + half_diagram,OK,sector,is_a,shape
115,15,noisy_half_text[typo] + half_diagram,OK,sector,has_measure,120_deg
115,15,noisy_half_text[typo] + half_diagram,OK,sector,radius_of,6_units
115,15,noisy_half_text[typo] + half_diagram,OK,conical_papr_cap,is_a,shape
115,15,noisy_half_text[typo] + half_diagram,OK,conical_papr_cap,has_measure,?
115,15,noisy_half_text[typo] + half_diagram,OK,conical_papr_cap,bottom_perimeter,?
115,15,noisy_half_text[typo] + half_diagram,OK,sector,mapped_to,conical_papr_cap
,,,,,,
117,15,noisy_half_text[typo] + half_diagram,OK,piece_of_paper,is_a,sector
117,15,noisy_half_text[typo] + half_diagram,OK,piece_of_paper,has_measure,120_deg
117,15,noisy_half_text[typo] + half_diagram,OK,piece_of_paper,mapped_to,cone
117,15,noisy_half_text[typo] + half_diagram,OK,cone,is_a,cone
117,15,noisy_half_text[typo] + half_diagram,OK,cone,has_measure,3_units
117,15,noisy_half_text[typo] + half_diagram,OK,?,is_a,height
117,15,noisy_half_text[typo] + half_diagram,OK,?,is_a,query_target
,,,,,,
119,15,noisy_half_text[typo] + half_diagram,OK,sector,is_a,cardboard
119,15,noisy_half_text[typo] + half_diagram,OK,sector,has_measure,24
119,15,noisy_half_text[typo] + half_diagram,OK,conical_hat,is_a,hat
119,15,noisy_half_text[typo] + half_diagram,OK,conical_hat,has_measure,10.0_cm
119,15,noisy_half_text[typo] + half_diagram,OK,conical_hat,center_of,O
119,15,noisy_half_text[typo] + half_diagram,OK,Area,is_a,query_target
119,15,noisy_half_text[typo] + half_diagram,OK,Area,is_a,sector
119,15,noisy_half_text[typo] + half_diagram,OK,conical_hat,radius_of,10.0_cm
119,15,noisy_half_text[typo] + half_diagram,OK,sector,mapped_to,conical_hat
,,,,,,
120,15,noisy_half_text[typo] + half_diagram,OK,cone,is_a,cone
120,15,noisy_half_text[typo] + half_diagram,OK,generatrix,is_a,segment
120,15,noisy_half_text[typo] + half_diagram,OK,generatrix,has_measure,5.0_units
120,15,noisy_half_text[typo] + half_diagram,OK,bottom_area,is_a,area
120,15,noisy_half_text[typo] + half_diagram,OK,bottom_area,has_measure,?
120,15,noisy_half_text[typo] + half_diagram,OK,cone,has_measure,4_units
120,15,noisy_half_text[typo] + half_diagram,OK,generatrix,connects,"cone, bottom"
120,15,noisy_half_text[typo] + half_diagram,OK,bottom,is_a,circle
,,,,,,
123,15,noisy_half_text[typo] + half_diagram,OK,A,is_a,point
123,15,noisy_half_text[typo] + half_diagram,OK,B,is_a,point
123,15,noisy_half_text[typo] + half_diagram,OK,C,is_a,point
123,15,noisy_half_text[typo] + half_diagram,OK,AC,is_a,segment
123,15,noisy_half_text[typo] + half_diagram,OK,BC,is_a,segment
123,15,noisy_half_text[typo] + half_diagram,OK,AB,is_a,segment
123,15,noisy_half_text[typo] + half_diagram,OK,ABC,is_a,triangle
123,15,noisy_half_text[typo] + half_diagram,OK,ABC,has_measure,90_deg
123,15,noisy_half_text[typo] + half_diagram,OK,BC,has_measure,3_units
123,15,noisy_half_text[typo] + half_diagram,OK,AC,has_measure,4_units
123,15,noisy_half_text[typo] + half_diagram,OK,Lateral Surface Area,is_a,query_target
,,,,,,
128,15,noisy_half_text[typo] + half_diagram,OK,O,is_a,point
128,15,noisy_half_text[typo] + half_diagram,OK,A,is_a,point
128,15,noisy_half_text[typo] + half_diagram,OK,B,is_a,point
128,15,noisy_half_text[typo] + half_diagram,OK,OA,is_a,segment
128,15,noisy_half_text[typo] + half_diagram,OK,OB,is_a,segment
128,15,noisy_half_text[typo] + half_diagram,OK,OA,has_measure,6_units
128,15,noisy_half_text[typo] + half_diagram,OK,∠AOB,is_a,angle
128,15,noisy_half_text[typo] + half_diagram,OK,∠AOB,has_measure,120_deg
128,15,noisy_half_text[typo] + half_diagram,OK,?,is_a,diameter
128,15,noisy_half_text[typo] + half_diagram,OK,?,is_a,bottom
128,15,noisy_half_text[typo] + half_diagram,OK,?,is_a,cone
128,15,noisy_half_text[typo] + half_diagram,OK,cone,is_a,cone
128,15,noisy_half_text[typo] + half_diagram,OK,cone,has_measure,?
128,15,noisy_half_text[typo] + half_diagram,OK,OA,connects,A
128,15,noisy_half_text[typo] + half_diagram,OK,OA,connects,O
128,15,noisy_half_text[typo] + half_diagram,OK,OB,connects,B
128,15,noisy_half_text[typo] + half_diagram,OK,OB,connects,O
128,15,noisy_half_text[typo] + half_diagram,OK,cone,center_of,O
128,15,noisy_half_text[typo] + half_diagram,OK,cone,radius_of,OA
128,15,noisy_half_text[typo] + half_diagram,OK,cone,radius_of,OB
128,15,noisy_half_text[typo] + half_diagram,OK,cone,diameter_of,?
,,,,,,
132,15,noisy_half_text[typo] + half_diagram,OK,A,is_a,point
132,15,noisy_half_text[typo] + half_diagram,OK,B,is_a,point
132,15,noisy_half_text[typo] + half_diagram,OK,C,is_a,point
132,15,noisy_half_text[typo] + half_diagram,OK,D,is_a,point
132,15,noisy_half_text[typo] + half_diagram,OK,E,is_a,point
132,15,noisy_half_text[typo] + half_diagram,OK,F,is_a,point
132,15,noisy_half_text[typo] + half_diagram,OK,G,is_a,point
132,15,noisy_half_text[typo] + half_diagram,OK,DE,is_a,segment
132,15,noisy_half_text[typo] + half_diagram,OK,AB,is_a,segment
132,15,noisy_half_text[typo] + half_diagram,OK,BC,is_a,segment
132,15,noisy_half_text[typo] + half_diagram,OK,GE,is_a,segment
132,15,noisy_half_text[typo] + half_diagram,OK,EF,is_a,segment
132,15,noisy_half_text[typo] + half_diagram,OK,A,lies_on,AB
132,15,noisy_half_text[typo] + half_diagram,OK,B,lies_on,AB
132,15,noisy_half_text[typo] + half_diagram,OK,C,lies_on,AB
132,15,noisy_half_text[typo] + half_diagram,OK,D,lies_on,BD
132,15,noisy_half_text[typo] + half_diagram,OK,E,lies_on,DE
132,15,noisy_half_text[typo] + half_diagram,OK,F,lies_on,EF
132,15,noisy_half_text[typo] + half_diagram,OK,G,lies_on,GE
132,15,noisy_half_text[typo] + half_diagram,OK,A,connects,B
132,15,noisy_half_text[typo] + half_diagram,OK,B,connects,C
132,15,noisy_half_text[typo] + half_diagram,OK,D,connects,E
132,15,noisy_half_text[typo] + half_diagram,OK,E,connects,F
132,15,noisy_half_text[typo] + half_diagram,OK,G,connects,E
132,15,noisy_half_text[typo] + half_diagram,OK,F,connects,E
132,15,noisy_half_text[typo] + half_diagram,OK,A,collinear_with,B
132,15,noisy_half_text[typo] + half_diagram,OK,A,collinear_with,C
132,15,noisy_half_text[typo] + half_diagram,OK,B,collinear_with,C
132,15,noisy_half_text[typo] + half_diagram,OK,DE,has_measure,0.6_units
132,15,noisy_half_text[typo] + half_diagram,OK,BC,has_measure,0.6_units
132,15,noisy_half_text[typo] + half_diagram,OK,GE,has_measure,2.0_units
132,15,noisy_half_text[typo] + half_diagram,OK,EF,has_measure,1.6_units
,,,,,,
133,15,noisy_half_text[typo] + half_diagram,OK,P,is_a,point
133,15,noisy_half_text[typo] + half_diagram,OK,Q,is_a,point
133,15,noisy_half_text[typo] + half_diagram,OK,S,is_a,point
133,15,noisy_half_text[typo] + half_diagram,OK,T,is_a,point
133,15,noisy_half_text[typo] + half_diagram,OK,R,is_a,point
133,15,noisy_half_text[typo] + half_diagram,OK,PQ,is_a,segment
133,15,noisy_half_text[typo] + half_diagram,OK,QS,is_a,segment
133,15,noisy_half_text[typo] + half_diagram,OK,QR,is_a,segment
133,15,noisy_half_text[typo] + half_diagram,OK,ST,is_a,segment
133,15,noisy_half_text[typo] + half_diagram,OK,PS,is_a,segment
133,15,noisy_half_text[typo] + half_diagram,OK,QS,has_measure,60.0_m
133,15,noisy_half_text[typo] + half_diagram,OK,QR,has_measure,80.0_m
133,15,noisy_half_text[typo] + half_diagram,OK,ST,has_measure,120.0_m
133,15,noisy_half_text[typo] + half_diagram,OK,PS,perpendicular_to,ST
133,15,noisy_half_text[typo] + half_diagram,OK,QS,perpendicular_to,ST
133,15,noisy_half_text[typo] + half_diagram,OK,PQ,perpendicular_to,ST
133,15,noisy_half_text[typo] + half_diagram,OK,Q,lies_on,ST
133,15,noisy_half_text[typo] + half_diagram,OK,S,lies_on,ST
133,15,noisy_half_text[typo] + half_diagram,OK,T,lies_on,ST
133,15,noisy_half_text[typo] + half_diagram,OK,P,lies_on,PS
133,15,noisy_half_text[typo] + half_diagram,OK,Q,lies_on,PQ
133,15,noisy_half_text[typo] + half_diagram,OK,Q,lies_on,QS
133,15,noisy_half_text[typo] + half_diagram,OK,Q,lies_on,QR
133,15,noisy_half_text[typo] + half_diagram,OK,S,lies_on,QS
133,15,noisy_half_text[typo] + half_diagram,OK,R,lies_on,QR
133,15,noisy_half_text[typo] + half_diagram,OK,PQ,connects,P
133,15,noisy_half_text[typo] + half_diagram,OK,PQ,connects,Q
133,15,noisy_half_text[typo] + half_diagram,OK,QS,connects,Q
133,15,noisy_half_text[typo] + half_diagram,OK,QS,connects,S
133,15,noisy_half_text[typo] + half_diagram,OK,QR,connects,Q
133,15,noisy_half_text[typo] + half_diagram,OK,QR,connects,R
133,15,noisy_half_text[typo] + half_diagram,OK,ST,connects,S
133,15,noisy_half_text[typo] + half_diagram,OK,ST,connects,T
133,15,noisy_half_text[typo] + half_diagram,OK,PS,connects,P
133,15,noisy_half_text[typo] + half_diagram,OK,PS,connects,S
133,15,noisy_half_text[typo] + half_diagram,OK,?,is_a,query_target
,,,,,,
149,15,noisy_half_text[typo] + half_diagram,OK,A,is_a,point
149,15,noisy_half_text[typo] + half_diagram,OK,B,is_a,point
149,15,noisy_half_text[typo] + half_diagram,OK,C,is_a,point
149,15,noisy_half_text[typo] + half_diagram,OK,D,is_a,point
149,15,noisy_half_text[typo] + half_diagram,OK,E,is_a,point
149,15,noisy_half_text[typo] + half_diagram,OK,CD,is_a,segment
149,15,noisy_half_text[typo] + half_diagram,OK,AC,is_a,segment
149,15,noisy_half_text[typo] + half_diagram,OK,BD,is_a,segment
149,15,noisy_half_text[typo] + half_diagram,OK,ED,is_a,segment
149,15,noisy_half_text[typo] + half_diagram,OK,CD,has_measure,10.0
149,15,noisy_half_text[typo] + half_diagram,OK,AC,has_measure,3.0
149,15,noisy_half_text[typo] + half_diagram,OK,BD,has_measure,6.0
149,15,noisy_half_text[typo] + half_diagram,OK,CD,is_a,plane_mirror
149,15,noisy_half_text[typo] + half_diagram,OK,AC,perpendicular_to,CD
149,15,noisy_half_text[typo] + half_diagram,OK,BD,perpendicular_to,CD
149,15,noisy_half_text[typo] + half_diagram,OK,ED,is_a,query_target
,,,,,,
150,15,noisy_half_text[typo] + half_diagram,OK,A,is_a,point
150,15,noisy_half_text[typo] + half_diagram,OK,B,is_a,point
150,15,noisy_half_text[typo] + half_diagram,OK,C,is_a,point
150,15,noisy_half_text[typo] + half_diagram,OK,E,is_a,point
150,15,noisy_half_text[typo] + half_diagram,OK,D,is_a,point
150,15,noisy_half_text[typo] + half_diagram,OK,AB,is_a,segment
150,15,noisy_half_text[typo] + half_diagram,OK,BD,is_a,segment
150,15,noisy_half_text[typo] + half_diagram,OK,CE,is_a,segment
150,15,noisy_half_text[typo] + half_diagram,OK,AC,is_a,segment
150,15,noisy_half_text[typo] + half_diagram,OK,BC,is_a,segment
150,15,noisy_half_text[typo] + half_diagram,OK,A,lies_on,AC
150,15,noisy_half_text[typo] + half_diagram,OK,B,lies_on,AC
150,15,noisy_half_text[typo] + half_diagram,OK,C,lies_on,AC
150,15,noisy_half_text[typo] + half_diagram,OK,A,lies_on,AB
150,15,noisy_half_text[typo] + half_diagram,OK,B,lies_on,AB
150,15,noisy_half_text[typo] + half_diagram,OK,C,lies_on,CE
150,15,noisy_half_text[typo] + half_diagram,OK,E,lies_on,CE
150,15,noisy_half_text[typo] + half_diagram,OK,B,lies_on,BD
150,15,noisy_half_text[typo] + half_diagram,OK,D,lies_on,BD
150,15,noisy_half_text[typo] + half_diagram,OK,A,B,"C, are, colinear"
150,15,noisy_half_text[typo] + half_diagram,OK,BD,is,"perpendicular_to, AC"
150,15,noisy_half_text[typo] + half_diagram,OK,CE,is,"perpendicular_to, AC"
150,15,noisy_half_text[typo] + half_diagram,OK,AB,has_measure,2.0
150,15,noisy_half_text[typo] + half_diagram,OK,BD,has_measure,7/3
150,15,noisy_half_text[typo] + half_diagram,OK,CE,has_measure,9
150,15,noisy_half_text[typo] + half_diagram,OK,BC,is,?
,,,,,,
151,15,noisy_half_text[typo] + half_diagram,OK,student,is_a,point
151,15,noisy_half_text[typo] + half_diagram,OK,tree,is_a,point
151,15,noisy_half_text[typo] + half_diagram,OK,lake,is_a,point
151,15,noisy_half_text[typo] + half_diagram,OK,student,connects,lake
151,15,noisy_half_text[typo] + half_diagram,OK,lake,connects,tree
151,15,noisy_half_text[typo] + half_diagram,OK,student,has_measure,1.7
151,15,noisy_half_text[typo] + half_diagram,OK,reflection,is_a,point
151,15,noisy_half_text[typo] + half_diagram,OK,reflection,has_measure,5.0
151,15,noisy_half_text[typo] + half_diagram,OK,reflection,connects,student
,,,,,,
152,15,noisy_half_text[typo] + half_diagram,OK,A,is_a,point
152,15,noisy_half_text[typo] + half_diagram,OK,B,is_a,point
152,15,noisy_half_text[typo] + half_diagram,OK,C,is_a,point
152,15,noisy_half_text[typo] + half_diagram,OK,D,is_a,point
152,15,noisy_half_text[typo] + half_diagram,OK,E,is_a,point
152,15,noisy_half_text[typo] + half_diagram,OK,AB,is_a,segment
152,15,noisy_half_text[typo] + half_diagram,OK,BC,is_a,segment
152,15,noisy_half_text[typo] + half_diagram,OK,DE,is_a,segment
152,15,noisy_half_text[typo] + half_diagram,OK,AB,connects,A
152,15,noisy_half_text[typo] + half_diagram,OK,AB,connects,B
152,15,noisy_half_text[typo] + half_diagram,OK,BC,connects,B
152,15,noisy_half_text[typo] + half_diagram,OK,BC,connects,C
152,15,noisy_half_text[typo] + half_diagram,OK,DE,connects,D
152,15,noisy_half_text[typo] + half_diagram,OK,DE,connects,E
152,15,noisy_half_text[typo] + half_diagram,OK,BC,has_measure,1.6_units
152,15,noisy_half_text[typo] + half_diagram,OK,DE,has_measure,0.5_units
152,15,noisy_half_text[typo] + half_diagram,OK,AB,is_a,ladder
,,,,,,
153,15,noisy_half_text[typo] + half_diagram,OK,A,is_a,point
153,15,noisy_half_text[typo] + half_diagram,OK,B,is_a,point
153,15,noisy_half_text[typo] + half_diagram,OK,C,is_a,point
153,15,noisy_half_text[typo] + half_diagram,OK,D,is_a,point
153,15,noisy_half_text[typo] + half_diagram,OK,E,is_a,point
153,15,noisy_half_text[typo] + half_diagram,OK,AB,is_a,segment
153,15,noisy_half_text[typo] + half_diagram,OK,BC,is_a,segment
153,15,noisy_half_text[typo] + half_diagram,OK,DE,is_a,segment
153,15,noisy_half_text[typo] + half_diagram,OK,DE,has_measure,1.8_units
153,15,noisy_half_text[typo] + half_diagram,OK,BC,has_measure,1.2_units
153,15,noisy_half_text[typo] + half_diagram,OK,A,connects,B
153,15,noisy_half_text[typo] + half_diagram,OK,B,connects,C
153,15,noisy_half_text[typo] + half_diagram,OK,C,connects,D
153,15,noisy_half_text[typo] + half_diagram,OK,D,connects,E
153,15,noisy_half_text[typo] + half_diagram,OK,E,connects,C
153,15,noisy_half_text[typo] + half_diagram,OK,AB,is_a,height
153,15,noisy_half_text[typo] + half_diagram,OK,AB,has_measure,?
153,15,noisy_half_text[typo] + half_diagram,OK,DE,is_a,shadow
153,15,noisy_half_text[typo] + half_diagram,OK,AB,is_a,window_frame
,,,,,,
157,15,noisy_half_text[typo] + half_diagram,OK,A,is_a,point
157,15,noisy_half_text[typo] + half_diagram,OK,B,is_a,point
157,15,noisy_half_text[typo] + half_diagram,OK,C,is_a,point
157,15,noisy_half_text[typo] + half_diagram,OK,ABC,is_a,triangle
157,15,noisy_half_text[typo] + half_diagram,OK,∠C,is_a,angle
157,15,noisy_half_text[typo] + half_diagram,OK,∠C,has_measure,90_deg
157,15,noisy_half_text[typo] + half_diagram,OK,AC,is_a,segment
157,15,noisy_half_text[typo] + half_diagram,OK,BC,is_a,segment
157,15,noisy_half_text[typo] + half_diagram,OK,AB,is_a,segment
157,15,noisy_half_text[typo] + half_diagram,OK,AC,has_measure,4_units
157,15,noisy_half_text[typo] + half_diagram,OK,BC,has_measure,3_units
157,15,noisy_half_text[typo] + half_diagram,OK,angle,is_a,query_target
157,15,noisy_half_text[typo] + half_diagram,OK,angle,is_a,cos
157,15,noisy_half_text[typo] + half_diagram,OK,angle,is_a,B
,,,,,,
165,15,noisy_half_text[typo] + half_diagram,OK,A,is_a,point
165,15,noisy_half_text[typo] + half_diagram,OK,B,is_a,point
165,15,noisy_half_text[typo] + half_diagram,OK,C,is_a,point
165,15,noisy_half_text[typo] + half_diagram,OK,AB,is_a,segment
165,15,noisy_half_text[typo] + half_diagram,OK,BC,is_a,segment
165,15,noisy_half_text[typo] + half_diagram,OK,AC,is_a,segment
165,15,noisy_half_text[typo] + half_diagram,OK,ABC,is_a,triangle
165,15,noisy_half_text[typo] + half_diagram,OK,∠ACB,is_a,angle
165,15,noisy_half_text[typo] + half_diagram,OK,∠ACB,has_measure,90_deg
165,15,noisy_half_text[typo] + half_diagram,OK,AB,has_measure,2_units
165,15,noisy_half_text[typo] + half_diagram,OK,BC,has_measure,1_unit
,,,,,,
198,15,noisy_half_text[typo] + half_diagram,OK,A,is_a,point
198,15,noisy_half_text[typo] + half_diagram,OK,B,is_a,point
198,15,noisy_half_text[typo] + half_diagram,OK,C,is_a,point
198,15,noisy_half_text[typo] + half_diagram,OK,AB,is_a,segment
198,15,noisy_half_text[typo] + half_diagram,OK,BC,is_a,segment
198,15,noisy_half_text[typo] + half_diagram,OK,CA,is_a,segment
198,15,noisy_half_text[typo] + half_diagram,OK,ABC,is_a,triangle
198,15,noisy_half_text[typo] + half_diagram,OK,ABC,is_a,isosceles_triangle
198,15,noisy_half_text[typo] + half_diagram,OK,AB,has_measure,10_units
198,15,noisy_half_text[typo] + half_diagram,OK,AC,has_measure,13_units
198,15,noisy_half_text[typo] + half_diagram,OK,BC,has_measure,13_units
198,15,noisy_half_text[typo] + half_diagram,OK,Area,is_a,query_target
,,,,,,
207,15,noisy_half_text[typo] + half_diagram,OK,larger_circle,is_a,circle
207,15,noisy_half_text[typo] + half_diagram,OK,small_circle1,is_a,circle
207,15,noisy_half_text[typo] + half_diagram,OK,small_circle2,is_a,circle
207,15,noisy_half_text[typo] + half_diagram,OK,small_circle1,is_a,congruent
207,15,noisy_half_text[typo] + half_diagram,OK,small_circle2,is_a,congruent
207,15,noisy_half_text[typo] + half_diagram,OK,larger_circle,has_measure,20_units
207,15,noisy_half_text[typo] + half_diagram,OK,small_circle1,diameter_of,10_units
207,15,noisy_half_text[typo] + half_diagram,OK,small_circle2,diameter_of,10_units
207,15,noisy_half_text[typo] + half_diagram,OK,larger_circle,radius_of,10_units
207,15,noisy_half_text[typo] + half_diagram,OK,small_circle1,inscribed_in,larger_circle
207,15,noisy_half_text[typo] + half_diagram,OK,small_circle2,inscribed_in,larger_circle
207,15,noisy_half_text[typo] + half_diagram,OK,shaded_region,is_a,region
207,15,noisy_half_text[typo] + half_diagram,OK,larger_circle,contains,shaded_region
207,15,noisy_half_text[typo] + half_diagram,OK,shaded_region,contains,small_circle1
207,15,noisy_half_text[typo] + half_diagram,OK,shaded_region,contains,small_circle2
207,15,noisy_half_text[typo] + half_diagram,OK,shaded_region,is_a,target
,,,,,,
210,15,noisy_half_text[typo] + half_diagram,OK,A,is_a,point
210,15,noisy_half_text[typo] + half_diagram,OK,B,is_a,point
210,15,noisy_half_text[typo] + half_diagram,OK,C,is_a,point
210,15,noisy_half_text[typo] + half_diagram,OK,D,is_a,point
210,15,noisy_half_text[typo] + half_diagram,OK,E,is_a,point
210,15,noisy_half_text[typo] + half_diagram,OK,AB,is_a,segment
210,15,noisy_half_text[typo] + half_diagram,OK,AC,is_a,segment
210,15,noisy_half_text[typo] + half_diagram,OK,AE,is_a,segment
210,15,noisy_half_text[typo] + half_diagram,OK,CD,is_a,segment
210,15,noisy_half_text[typo] + half_diagram,OK,DE,is_a,segment
210,15,noisy_half_text[typo] + half_diagram,OK,Triangle_ABE,is_a,triangle
210,15,noisy_half_text[typo] + half_diagram,OK,Triangle_ACD,is_a,triangle
210,15,noisy_half_text[typo] + half_diagram,OK,A,connects,B
210,15,noisy_half_text[typo] + half_diagram,OK,A,connects,C
210,15,noisy_half_text[typo] + half_diagram,OK,A,connects,E
210,15,noisy_half_text[typo] + half_diagram,OK,B,connects,E
210,15,noisy_half_text[typo] + half_diagram,OK,C,connects,D
210,15,noisy_half_text[typo] + half_diagram,OK,D,connects,E
210,15,noisy_half_text[typo] + half_diagram,OK,AB,parallel_to,CD
210,15,noisy_half_text[typo] + half_diagram,OK,Triangle_ABE,shares_vertex,A
210,15,noisy_half_text[typo] + half_diagram,OK,Triangle_ACD,shares_vertex,A
210,15,noisy_half_text[typo] + half_diagram,OK,AB,has_measure,12_units
210,15,noisy_half_text[typo] + half_diagram,OK,AC,has_measure,16_units
210,15,noisy_half_text[typo] + half_diagram,OK,DE,has_measure,5_units
210,15,noisy_half_text[typo] + half_diagram,OK,Triangle_ABE,similar_to,Triangle_ACD
,,,,,,
211,15,noisy_half_text[typo] + half_diagram,OK,MNPR,is_a,parallelogram
211,15,noisy_half_text[typo] + half_diagram,OK,MP,is_a,diagonal
211,15,noisy_half_text[typo] + half_diagram,OK,RN,is_a,diagonal
211,15,noisy_half_text[typo] + half_diagram,OK,Q,is_a,point
211,15,noisy_half_text[typo] + half_diagram,OK,MN,is_a,side
211,15,noisy_half_text[typo] + half_diagram,OK,MN,has_measure,3x - 4
211,15,noisy_half_text[typo] + half_diagram,OK,NP,is_a,side
211,15,noisy_half_text[typo] + half_diagram,OK,NP,has_measure,2y + 5
211,15,noisy_half_text[typo] + half_diagram,OK,MR,is_a,side
211,15,noisy_half_text[typo] + half_diagram,OK,MR,has_measure,17.9
211,15,noisy_half_text[typo] + half_diagram,OK,MP,connects,M
211,15,noisy_half_text[typo] + half_diagram,OK,MP,connects,P
211,15,noisy_half_text[typo] + half_diagram,OK,RN,connects,R
211,15,noisy_half_text[typo] + half_diagram,OK,RN,connects,N
211,15,noisy_half_text[typo] + half_diagram,OK,MP,intersects,RN
211,15,noisy_half_text[typo] + half_diagram,OK,MP,intersects,"RN, at, Q"
211,15,noisy_half_text[typo] + half_diagram,OK,∠MNR,has_measure,33_deg
211,15,noisy_half_text[typo] + half_diagram,OK,∠RNP,has_measure,?
211,15,noisy_half_text[typo] + half_diagram,OK,∠QNP,has_measure,83_deg
211,15,noisy_half_text[typo] + half_diagram,OK,∠QPN,has_measure,33_deg
211,15,noisy_half_text[typo] + half_diagram,OK,NQ,has_measure,15.4
211,15,noisy_half_text[typo] + half_diagram,OK,QP,has_measure,11.1
211,15,noisy_half_text[typo] + half_diagram,OK,∠QRP,has_measure,38_deg
211,15,noisy_half_text[typo] + half_diagram,OK,QR,has_measure,3z - 3
211,15,noisy_half_text[typo] + half_diagram,OK,RP,has_measure,20
,,,,,,
223,15,noisy_half_text[typo] + half_diagram,OK,3√2,is_a,number
223,15,noisy_half_text[typo] + half_diagram,OK,triangle,is_a,right_triangle
223,15,noisy_half_text[typo] + half_diagram,OK,triangle,has_measure,5
223,15,noisy_half_text[typo] + half_diagram,OK,triangle,has_measure,x
223,15,noisy_half_text[typo] + half_diagram,OK,triangle,has_measure,?
223,15,noisy_half_text[typo] + half_diagram,OK,x,is_a,side
223,15,noisy_half_text[typo] + half_diagram,OK,?,is_a,side
223,15,noisy_half_text[typo] + half_diagram,OK,triangle,has_measure,90_deg
223,15,noisy_half_text[typo] + half_diagram,OK,3√2,is_a,side
223,15,noisy_half_text[typo] + half_diagram,OK,3√2,has_measure,3√2
223,15,noisy_half_text[typo] + half_diagram,OK,x,is_a,question_target
,,,,,,
239,15,noisy_half_text[typo] + half_diagram,OK,A,is_a,point
239,15,noisy_half_text[typo] + half_diagram,OK,B,is_a,point
239,15,noisy_half_text[typo] + half_diagram,OK,C,is_a,point
239,15,noisy_half_text[typo] + half_diagram,OK,R,is_a,point
239,15,noisy_half_text[typo] + half_diagram,OK,S,is_a,point
239,15,noisy_half_text[typo] + half_diagram,OK,T,is_a,point
239,15,noisy_half_text[typo] + half_diagram,OK,M,is_a,point
239,15,noisy_half_text[typo] + half_diagram,OK,AB,is_a,segment
239,15,noisy_half_text[typo] + half_diagram,OK,AC,is_a,segment
239,15,noisy_half_text[typo] + half_diagram,OK,AT,is_a,segment
239,15,noisy_half_text[typo] + half_diagram,OK,BR,is_a,segment
239,15,noisy_half_text[typo] + half_diagram,OK,CS,is_a,segment
239,15,noisy_half_text[typo] + half_diagram,OK,RM,is_a,segment
239,15,noisy_half_text[typo] + half_diagram,OK,MB,is_a,segment
239,15,noisy_half_text[typo] + half_diagram,OK,R,lies_on,AB
239,15,noisy_half_text[typo] + half_diagram,OK,S,lies_on,AC
239,15,noisy_half_text[typo] + half_diagram,OK,T,lies_on,BC
239,15,noisy_half_text[typo] + half_diagram,OK,M,lies_on,AT
239,15,noisy_half_text[typo] + half_diagram,OK,M,lies_on,BR
239,15,noisy_half_text[typo] + half_diagram,OK,M,lies_on,CS
239,15,noisy_half_text[typo] + half_diagram,OK,RM,has_measure,4_units
239,15,noisy_half_text[typo] + half_diagram,OK,AT,has_measure,16_units
239,15,noisy_half_text[typo] + half_diagram,OK,MB,has_measure,?
,,,,,,
243,15,noisy_half_text[typo] + half_diagram,OK,Des Moines,is_a,point
243,15,noisy_half_text[typo] + half_diagram,OK,Phoenix,is_a,point
243,15,noisy_half_text[typo] + half_diagram,OK,Atlanta,is_a,point
243,15,noisy_half_text[typo] + half_diagram,OK,Phoenix,connects,Des Moines
243,15,noisy_half_text[typo] + half_diagram,OK,Des Moines,connects,Atlanta
243,15,noisy_half_text[typo] + half_diagram,OK,Phoenix,connects,Atlanta
243,15,noisy_half_text[typo] + half_diagram,OK,PhoenixAtlanta,is_a,segment
243,15,noisy_half_text[typo] + half_diagram,OK,PhoenixAtlanta,has_measure,150x + 91
243,15,noisy_half_text[typo] + half_diagram,OK,Trip,is_a,path
243,15,noisy_half_text[typo] + half_diagram,OK,Trip,connects,Phoenix
243,15,noisy_half_text[typo] + half_diagram,OK,Trip,connects,Des Moines
243,15,noisy_half_text[typo] + half_diagram,OK,Trip,connects,Atlanta
243,15,noisy_half_text[typo] + half_diagram,OK,Trip,has_measure,110x + 53
243,15,noisy_half_text[typo] + half_diagram,OK,Trip,has_measure,150x + 91
243,15,noisy_half_text[typo] + half_diagram,OK,Trip,has_measure,73.8x
243,15,noisy_half_text[typo] + half_diagram,OK,Trip,has_measure,?
,,,,,,
257,15,noisy_half_text[typo] + half_diagram,OK,A,is_a,point
257,15,noisy_half_text[typo] + half_diagram,OK,B,is_a,point
257,15,noisy_half_text[typo] + half_diagram,OK,C,is_a,point
257,15,noisy_half_text[typo] + half_diagram,OK,D,is_a,point
257,15,noisy_half_text[typo] + half_diagram,OK,E,is_a,point
257,15,noisy_half_text[typo] + half_diagram,OK,AB,is_a,segment
257,15,noisy_half_text[typo] + half_diagram,OK,AC,is_a,segment
257,15,noisy_half_text[typo] + half_diagram,OK,AD,is_a,segment
257,15,noisy_half_text[typo] + half_diagram,OK,BE,is_a,segment
257,15,noisy_half_text[typo] + half_diagram,OK,CD,is_a,segment
257,15,noisy_half_text[typo] + half_diagram,OK,ED,is_a,segment
257,15,noisy_half_text[typo] + half_diagram,OK,AE,is_a,segment
257,15,noisy_half_text[typo] + half_diagram,OK,ABE,is_a,triangle
257,15,noisy_half_text[typo] + half_diagram,OK,ACD,is_a,triangle
257,15,noisy_half_text[typo] + half_diagram,OK,AB,connects,"A, B"
257,15,noisy_half_text[typo] + half_diagram,OK,AC,connects,"A, C"
257,15,noisy_half_text[typo] + half_diagram,OK,AD,connects,"A, D"
257,15,noisy_half_text[typo] + half_diagram,OK,AB,has_measure,12_units
257,15,noisy_half_text[typo] + half_diagram,OK,ED,has_measure,5_units
257,15,noisy_half_text[typo] + half_diagram,OK,AB,parallel_to,CD
257,15,noisy_half_text[typo] + half_diagram,OK,BE,parallel_to,CD
257,15,noisy_half_text[typo] + half_diagram,OK,ABE,shares_vertex_with,ACD
257,15,noisy_half_text[typo] + half_diagram,OK,ABE,similar_to,ACD
,,,,,,
264,15,noisy_half_text[typo] + half_diagram,OK,MNPQ,is_a,parallelogram
264,15,noisy_half_text[typo] + half_diagram,OK,M,is_a,point
264,15,noisy_half_text[typo] + half_diagram,OK,N,is_a,point
264,15,noisy_half_text[typo] + half_diagram,OK,P,is_a,point
264,15,noisy_half_text[typo] + half_diagram,OK,Q,is_a,point
264,15,noisy_half_text[typo] + half_diagram,OK,LM,is_a,segment
264,15,noisy_half_text[typo] + half_diagram,OK,LM,has_measure,10x
264,15,noisy_half_text[typo] + half_diagram,OK,LP,is_a,segment
264,15,noisy_half_text[typo] + half_diagram,OK,LM,has_measure,LP
264,15,noisy_half_text[typo] + half_diagram,OK,2N,is_a,angle
264,15,noisy_half_text[typo] + half_diagram,OK,Q,is_a,angle
264,15,noisy_half_text[typo] + half_diagram,OK,2N,has_measure,Q
,,,,,,
281,15,noisy_half_text[typo] + half_diagram,OK,A,is_a,point
281,15,noisy_half_text[typo] + half_diagram,OK,B,is_a,point
281,15,noisy_half_text[typo] + half_diagram,OK,C,is_a,point
281,15,noisy_half_text[typo] + half_diagram,OK,ABC,is_a,triangle
281,15,noisy_half_text[typo] + half_diagram,OK,∠C,is_a,angle
281,15,noisy_half_text[typo] + half_diagram,OK,∠C,has_measure,90_deg
281,15,noisy_half_text[typo] + half_diagram,OK,AC,is_a,segment
281,15,noisy_half_text[typo] + half_diagram,OK,BC,is_a,segment
281,15,noisy_half_text[typo] + half_diagram,OK,AB,is_a,segment
281,15,noisy_half_text[typo] + half_diagram,OK,AC,has_measure,24_units
281,15,noisy_half_text[typo] + half_diagram,OK,BC,has_measure,10_units
281,15,noisy_half_text[typo] + half_diagram,OK,AB,has_measure,26_units
281,15,noisy_half_text[typo] + half_diagram,OK,A,connects,B
281,15,noisy_half_text[typo] + half_diagram,OK,B,connects,C
281,15,noisy_half_text[typo] + half_diagram,OK,C,connects,A
281,15,noisy_half_text[typo] + half_diagram,OK,∠C,lies_on,ABC
281,15,noisy_half_text[typo] + half_diagram,OK,AC,connects,C
281,15,noisy_half_text[typo] + half_diagram,OK,AC,connects,A
281,15,noisy_half_text[typo] + half_diagram,OK,BC,connects,B
281,15,noisy_half_text[typo] + half_diagram,OK,BC,connects,C
281,15,noisy_half_text[typo] + half_diagram,OK,AB,connects,A
281,15,noisy_half_text[typo] + half_diagram,OK,AB,connects,B
281,15,noisy_half_text[typo] + half_diagram,OK,ratio,is_a,query_target
281,15,noisy_half_text[typo] + half_diagram,OK,ratio,has_measure,?
,,,,,,
327,15,noisy_half_text[typo] + half_diagram,OK,Z,is_a,point
327,15,noisy_half_text[typo] + half_diagram,OK,Y,is_a,point
327,15,noisy_half_text[typo] + half_diagram,OK,X,is_a,point
327,15,noisy_half_text[typo] + half_diagram,OK,N,is_a,point
327,15,noisy_half_text[typo] + half_diagram,OK,ZY,is_a,segment
327,15,noisy_half_text[typo] + half_diagram,OK,YX,is_a,segment
327,15,noisy_half_text[typo] + half_diagram,OK,XZ,is_a,segment
327,15,noisy_half_text[typo] + half_diagram,OK,YX,has_measure,b_km
327,15,noisy_half_text[typo] + half_diagram,OK,ZY,has_measure,10.7_km
327,15,noisy_half_text[typo] + half_diagram,OK,XZ,has_measure,d_km
327,15,noisy_half_text[typo] + half_diagram,OK,Y,lies_on,XZ
327,15,noisy_half_text[typo] + half_diagram,OK,Z,lies_on,XZ
327,15,noisy_half_text[typo] + half_diagram,OK,Y,lies_on,ZY
327,15,noisy_half_text[typo] + half_diagram,OK,Z,lies_on,ZY
327,15,noisy_half_text[typo] + half_diagram,OK,Y,lies_on,YX
327,15,noisy_half_text[typo] + half_diagram,OK,X,lies_on,YX
327,15,noisy_half_text[typo] + half_diagram,OK,X,lies_on,XZ
327,15,noisy_half_text[typo] + half_diagram,OK,N,lies_on,YX
327,15,noisy_half_text[typo] + half_diagram,OK,N,lies_on,XZ
,,,,,,
348,15,noisy_half_text[typo] + half_diagram,OK,helicopter,is_a,point
348,15,noisy_half_text[typo] + half_diagram,OK,landing_pad,is_a,point
348,15,noisy_half_text[typo] + half_diagram,OK,helicopter_altitude,is_a,segment
348,15,noisy_half_text[typo] + half_diagram,OK,helicopter_altitude,has_measure,198_units
348,15,noisy_half_text[typo] + half_diagram,OK,angle_of_depression,is_a,angle
348,15,noisy_half_text[typo] + half_diagram,OK,angle_of_depression,has_measure,44_deg
348,15,noisy_half_text[typo] + half_diagram,OK,distance_to_landing_pad,is_a,segment
348,15,noisy_half_text[typo] + half_diagram,OK,distance_to_landing_pad,has_measure,?
348,15,noisy_half_text[typo] + half_diagram,OK,helicopter_altitude,connects,helicopter
348,15,noisy_half_text[typo] + half_diagram,OK,helicopter_altitude,connects,landing_pad
348,15,noisy_half_text[typo] + half_diagram,OK,angle_of_depression,connects,helicopter
348,15,noisy_half_text[typo] + half_diagram,OK,angle_of_depression,connects,landing_pad
348,15,noisy_half_text[typo] + half_diagram,OK,distance_to_landing_pad,connects,helicopter
348,15,noisy_half_text[typo] + half_diagram,OK,distance_to_landing_pad,connects,landing_pad
,,,,,,
364,15,noisy_half_text[typo] + half_diagram,OK,tower,is_a,concrete_tower
364,15,noisy_half_text[typo] + half_diagram,OK,tower,has_measure,35.5_metres
364,15,noisy_half_text[typo] + half_diagram,OK,bridge,is_a,suspension_bridge
364,15,noisy_half_text[typo] + half_diagram,OK,cable,connects,tower
364,15,noisy_half_text[typo] + half_diagram,OK,cable,connects,bridge
364,15,noisy_half_text[typo] + half_diagram,OK,bridge,has_measure,65.9_metres
364,15,noisy_half_text[typo] + half_diagram,OK,h,is_a,length
364,15,noisy_half_text[typo] + half_diagram,OK,h,is_a,?
364,15,noisy_half_text[typo] + half_diagram,OK,tower,perpendicular_to,bridge
364,15,noisy_half_text[typo] + half_diagram,OK,cable,is_a,main_cable
364,15,noisy_half_text[typo] + half_diagram,OK,h,is_a,cable
,,,,,,
365,15,noisy_half_text[typo] + half_diagram,OK,plane,is_a,object
365,15,noisy_half_text[typo] + half_diagram,OK,ground,is_a,surface
365,15,noisy_half_text[typo] + half_diagram,OK,runway,is_a,surface
365,15,noisy_half_text[typo] + half_diagram,OK,theta,is_a,angle
365,15,noisy_half_text[typo] + half_diagram,OK,plane,lies_on,ground
365,15,noisy_half_text[typo] + half_diagram,OK,plane,has_measure,10369_metres
365,15,noisy_half_text[typo] + half_diagram,OK,runway,has_measure,23444_metres
365,15,noisy_half_text[typo] + half_diagram,OK,theta,has_measure,?
365,15,noisy_half_text[typo] + half_diagram,OK,theta,is_a,angle_of_approach
,,,,,,
420,15,noisy_half_text[typo] + half_diagram,OK,A,is_a,point
420,15,noisy_half_text[typo] + half_diagram,OK,B,is_a,point
420,15,noisy_half_text[typo] + half_diagram,OK,C,is_a,point
420,15,noisy_half_text[typo] + half_diagram,OK,D,is_a,point
420,15,noisy_half_text[typo] + half_diagram,OK,AB,is_a,segment
420,15,noisy_half_text[typo] + half_diagram,OK,BC,is_a,segment
420,15,noisy_half_text[typo] + half_diagram,OK,CD,is_a,segment
420,15,noisy_half_text[typo] + half_diagram,OK,DA,is_a,segment
420,15,noisy_half_text[typo] + half_diagram,OK,AB,has_measure,10_units
420,15,noisy_half_text[typo] + half_diagram,OK,AC,is_a,segment
420,15,noisy_half_text[typo] + half_diagram,OK,AC,has_measure,6_units
420,15,noisy_half_text[typo] + half_diagram,OK,∠BAC,is_a,angle
420,15,noisy_half_text[typo] + half_diagram,OK,∠BAC,has_measure,90_deg
420,15,noisy_half_text[typo] + half_diagram,OK,ABCD,is_a,trapezius
420,15,noisy_half_text[typo] + half_diagram,OK,AC,is_a,height
420,15,noisy_half_text[typo] + half_diagram,OK,AB,is_a,base
420,15,noisy_half_text[typo] + half_diagram,OK,CD,is_a,base
420,15,noisy_half_text[typo] + half_diagram,OK,AB,is_a,"parallel_to, CD"
420,15,noisy_half_text[typo] + half_diagram,OK,AC,is_a,"perpendicular_to, AB"
420,15,noisy_half_text[typo] + half_diagram,OK,AC,is_a,"perpendicular_to, CD"
420,15,noisy_half_text[typo] + half_diagram,OK,CD,has_measure,?
420,15,noisy_half_text[typo] + half_diagram,OK,ABCD,is_a,quadrilateral
420,15,noisy_half_text[typo] + half_diagram,OK,ABCD,is_a,parallelogram
420,15,noisy_half_text[typo] + half_diagram,OK,ABCD,is_a,rectangle
,,,,,,
432,15,noisy_half_text[typo] + half_diagram,OK,A,is_a,point
432,15,noisy_half_text[typo] + half_diagram,OK,B,is_a,point
432,15,noisy_half_text[typo] + half_diagram,OK,AB,is_a,segment
432,15,noisy_half_text[typo] + half_diagram,OK,A,has_measure,-3
432,15,noisy_half_text[typo] + half_diagram,OK,A,has_measure,4
432,15,noisy_half_text[typo] + half_diagram,OK,B,has_measure,5
432,15,noisy_half_text[typo] + half_diagram,OK,B,has_measure,2
432,15,noisy_half_text[typo] + half_diagram,OK,d,is_a,distance
432,15,noisy_half_text[typo] + half_diagram,OK,d,has_measure,?
432,15,noisy_half_text[typo] + half_diagram,OK,?,is_a,distance_formula
432,15,noisy_half_text[typo] + half_diagram,OK,?,has_measure,3
432,15,noisy_half_text[typo] + half_diagram,OK,?,is_a,decimal_places
,,,,,,
438,15,noisy_half_text[typo] + half_diagram,OK,A,is_a,point
438,15,noisy_half_text[typo] + half_diagram,OK,B,is_a,point
438,15,noisy_half_text[typo] + half_diagram,OK,C,is_a,point
438,15,noisy_half_text[typo] + half_diagram,OK,D,is_a,point
438,15,noisy_half_text[typo] + half_diagram,OK,E,is_a,point
438,15,noisy_half_text[typo] + half_diagram,OK,F,is_a,point
438,15,noisy_half_text[typo] + half_diagram,OK,A,is_a,vertex
438,15,noisy_half_text[typo] + half_diagram,OK,B,is_a,vertex
438,15,noisy_half_text[typo] + half_diagram,OK,C,is_a,center
438,15,noisy_half_text[typo] + half_diagram,OK,D,is_a,foci
438,15,noisy_half_text[typo] + half_diagram,OK,E,is_a,foci
438,15,noisy_half_text[typo] + half_diagram,OK,F,has_measure,?
438,15,noisy_half_text[typo] + half_diagram,OK,hyperbola,is_a,hyperbola
438,15,noisy_half_text[typo] + half_diagram,OK,hyperbola,has_measure,?
,,,,,,
441,15,noisy_half_text[typo] + half_diagram,OK,a,is_a,angle
441,15,noisy_half_text[typo] + half_diagram,OK,P,is_a,point
441,15,noisy_half_text[typo] + half_diagram,OK,?,is_a,circle
441,15,noisy_half_text[typo] + half_diagram,OK,P,lies_on,?
441,15,noisy_half_text[typo] + half_diagram,OK,?,center_of,?
441,15,noisy_half_text[typo] + half_diagram,OK,?,is_a,unit_circle
441,15,noisy_half_text[typo] + half_diagram,OK,?,has_measure,1_unit
441,15,noisy_half_text[typo] + half_diagram,OK,?,is_a,x_axis
441,15,noisy_half_text[typo] + half_diagram,OK,?,is_a,y_axis
441,15,noisy_half_text[typo] + half_diagram,OK,?,perpendicular_to,?
441,15,noisy_half_text[typo] + half_diagram,OK,?,intersects,?
441,15,noisy_half_text[typo] + half_diagram,OK,?,is_a,coordinate_system
441,15,noisy_half_text[typo] + half_diagram,OK,?,is_a,diagram
441,15,noisy_half_text[typo] + half_diagram,OK,?,is_a,math_problem
441,15,noisy_half_text[typo] + half_diagram,OK,?,is_a,query
441,15,noisy_half_text[typo] + half_diagram,OK,?,is_a,value
441,15,noisy_half_text[typo] + half_diagram,OK,?,is_a,sin
,,,,,,
447,15,noisy_half_text[typo] + half_diagram,OK,a,is_a,angle
447,15,noisy_half_text[typo] + half_diagram,OK,P,is_a,point
447,15,noisy_half_text[typo] + half_diagram,OK,a,intersects,P
447,15,noisy_half_text[typo] + half_diagram,OK,x,is_a,axis
447,15,noisy_half_text[typo] + half_diagram,OK,y,is_a,axis
447,15,noisy_half_text[typo] + half_diagram,OK,x,intersects,y
447,15,noisy_half_text[typo] + half_diagram,OK,circle,is_a,circle
447,15,noisy_half_text[typo] + half_diagram,OK,circle,radius_of,1
447,15,noisy_half_text[typo] + half_diagram,OK,P,lies_on,circle
,,,,,,
449,15,noisy_half_text[typo] + half_diagram,OK,O,is_a,point
449,15,noisy_half_text[typo] + half_diagram,OK,O,center_of,circle
449,15,noisy_half_text[typo] + half_diagram,OK,P,is_a,point
449,15,noisy_half_text[typo] + half_diagram,OK,P,lies_on,circle
449,15,noisy_half_text[typo] + half_diagram,OK,circle,is_a,circle
449,15,noisy_half_text[typo] + half_diagram,OK,O,is_a,origin
449,15,noisy_half_text[typo] + half_diagram,OK,θ,is_a,angle
449,15,noisy_half_text[typo] + half_diagram,OK,θ,has_measure,?
,,,,,,
457,15,noisy_half_text[typo] + half_diagram,OK,A,is_a,point
457,15,noisy_half_text[typo] + half_diagram,OK,B,is_a,point
457,15,noisy_half_text[typo] + half_diagram,OK,C,is_a,point
457,15,noisy_half_text[typo] + half_diagram,OK,O,is_a,point
457,15,noisy_half_text[typo] + half_diagram,OK,AB,is_a,segment
457,15,noisy_half_text[typo] + half_diagram,OK,∠AOB,is_a,angle
457,15,noisy_half_text[typo] + half_diagram,OK,A,is_a,center
,,,,,,
472,15,noisy_half_text[typo] + half_diagram,OK,-7,0,"is_a, point"
472,15,noisy_half_text[typo] + half_diagram,OK,5,-5,"is_a, point"
472,15,noisy_half_text[typo] + half_diagram,OK,7,0,"is_a, point"
472,15,noisy_half_text[typo] + half_diagram,OK,semicircle,is_a,semicircle
472,15,noisy_half_text[typo] + half_diagram,OK,?,is_a,"center_of, semicircle"
472,15,noisy_half_text[typo] + half_diagram,OK,?,is_a,query_target
,,,,,,
