problem_index,case_id,case_label,status,subject,predicate,object
1,13,noisy_half_text[punctuation] + half_diagram,OK,A,is_a,point
1,13,noisy_half_text[punctuation] + half_diagram,OK,B,is_a,point
1,13,noisy_half_text[punctuation] + half_diagram,OK,C,is_a,point
1,13,noisy_half_text[punctuation] + half_diagram,OK,ABC,is_a,triangle
1,13,noisy_half_text[punctuation] + half_diagram,OK,∠B,is_a,angle
1,13,noisy_half_text[punctuation] + half_diagram,OK,∠B,has_measure,60_deg
1,13,noisy_half_text[punctuation] + half_diagram,OK,∠A,is_a,angle
1,13,noisy_half_text[punctuation] + half_diagram,OK,∠A,has_measure,80_deg
1,13,noisy_half_text[punctuation] + half_diagram,OK,D,is_a,point
1,13,noisy_half_text[punctuation] + half_diagram,OK,E,is_a,point
1,13,noisy_half_text[punctuation] + half_diagram,OK,D,lies_on,AB
1,13,noisy_half_text[punctuation] + half_diagram,OK,E,lies_on,AC
1,13,noisy_half_text[punctuation] + half_diagram,OK,DE,is_a,segment
1,13,noisy_half_text[punctuation] + half_diagram,OK,BC,is_a,segment
1,13,noisy_half_text[punctuation] + half_diagram,OK,DE,parallel_to,BC
1,13,noisy_half_text[punctuation] + half_diagram,OK,∠CED,is_a,angle
1,13,noisy_half_text[punctuation] + half_diagram,OK,∠CED,has_measure,?
,,,,,,
2,13,noisy_half_text[punctuation] + half_diagram,OK,A,is_a,point
2,13,noisy_half_text[punctuation] + half_diagram,OK,B,is_a,point
2,13,noisy_half_text[punctuation] + half_diagram,OK,C,is_a,point
2,13,noisy_half_text[punctuation] + half_diagram,OK,D,is_a,point
2,13,noisy_half_text[punctuation] + half_diagram,OK,E,is_a,point
2,13,noisy_half_text[punctuation] + half_diagram,OK,F,is_a,point
2,13,noisy_half_text[punctuation] + half_diagram,OK,G,is_a,point
2,13,noisy_half_text[punctuation] + half_diagram,OK,AB,is_a,segment
2,13,noisy_half_text[punctuation] + half_diagram,OK,CD,is_a,segment
2,13,noisy_half_text[punctuation] + half_diagram,OK,EF,is_a,segment
2,13,noisy_half_text[punctuation] + half_diagram,OK,EG,is_a,segment
2,13,noisy_half_text[punctuation] + half_diagram,OK,∠BEF,is_a,angle
2,13,noisy_half_text[punctuation] + half_diagram,OK,∠BEF,has_measure,50_deg
2,13,noisy_half_text[punctuation] + half_diagram,OK,AB,parallel_to,CD
2,13,noisy_half_text[punctuation] + half_diagram,OK,EF,intersects,AB
2,13,noisy_half_text[punctuation] + half_diagram,OK,EF,intersects,CD
2,13,noisy_half_text[punctuation] + half_diagram,OK,EF,intersects,"AB, at, E"
2,13,noisy_half_text[punctuation] + half_diagram,OK,EF,intersects,"CD, at, F"
2,13,noisy_half_text[punctuation] + half_diagram,OK,EG,intersects,"CD, at, G"
2,13,noisy_half_text[punctuation] + half_diagram,OK,EG,bisects,∠BEF
2,13,noisy_half_text[punctuation] + half_diagram,OK,∠EFG,is_a,angle
2,13,noisy_half_text[punctuation] + half_diagram,OK,∠EGF,is_a,angle
2,13,noisy_half_text[punctuation] + half_diagram,OK,∠EFG,has_measure,?
2,13,noisy_half_text[punctuation] + half_diagram,OK,∠EGF,has_measure,?
,,,,,,
3,13,noisy_half_text[punctuation] + half_diagram,OK,A,is_a,point
3,13,noisy_half_text[punctuation] + half_diagram,OK,B,is_a,point
3,13,noisy_half_text[punctuation] + half_diagram,OK,C,is_a,point
3,13,noisy_half_text[punctuation] + half_diagram,OK,D,is_a,point
3,13,noisy_half_text[punctuation] + half_diagram,OK,BC,is_a,segment
3,13,noisy_half_text[punctuation] + half_diagram,OK,BA,is_a,segment
3,13,noisy_half_text[punctuation] + half_diagram,OK,BD,is_a,segment
3,13,noisy_half_text[punctuation] + half_diagram,OK,CD,is_a,segment
3,13,noisy_half_text[punctuation] + half_diagram,OK,AB,is_a,segment
3,13,noisy_half_text[punctuation] + half_diagram,OK,∠BCD,is_a,angle
3,13,noisy_half_text[punctuation] + half_diagram,OK,∠BCD,has_measure,70_deg
3,13,noisy_half_text[punctuation] + half_diagram,OK,BC,intersects,BA
3,13,noisy_half_text[punctuation] + half_diagram,OK,BC,intersects,B
3,13,noisy_half_text[punctuation] + half_diagram,OK,BA,intersects,B
3,13,noisy_half_text[punctuation] + half_diagram,OK,BD,bisects,∠ABC
3,13,noisy_half_text[punctuation] + half_diagram,OK,CD,parallel_to,AB
3,13,noisy_half_text[punctuation] + half_diagram,OK,∠CDB,is_a,angle
,,,,,,
4,13,noisy_half_text[punctuation] + half_diagram,OK,AB,is_a,tangent
4,13,noisy_half_text[punctuation] + half_diagram,OK,O,is_a,circle
4,13,noisy_half_text[punctuation] + half_diagram,OK,B,is_a,point
4,13,noisy_half_text[punctuation] + half_diagram,OK,AB,tangent_to,O
4,13,noisy_half_text[punctuation] + half_diagram,OK,AB,tangent_to,"O, at, B"
4,13,noisy_half_text[punctuation] + half_diagram,OK,AO,is_a,line
4,13,noisy_half_text[punctuation] + half_diagram,OK,AO,intersects,O
4,13,noisy_half_text[punctuation] + half_diagram,OK,AO,intersects,"O, at, C"
4,13,noisy_half_text[punctuation] + half_diagram,OK,C,is_a,point
4,13,noisy_half_text[punctuation] + half_diagram,OK,BC,is_a,segment
4,13,noisy_half_text[punctuation] + half_diagram,OK,A,is_a,point
4,13,noisy_half_text[punctuation] + half_diagram,OK,angle,A,"has_measure, 36_deg"
4,13,noisy_half_text[punctuation] + half_diagram,OK,∠A,is_a,angle
4,13,noisy_half_text[punctuation] + half_diagram,OK,∠OCB,is_a,angle
4,13,noisy_half_text[punctuation] + half_diagram,OK,∠OCB,is_a,query_target
,,,,,,
7,13,noisy_half_text[punctuation] + half_diagram,OK,A,is_a,point
7,13,noisy_half_text[punctuation] + half_diagram,OK,B,is_a,point
7,13,noisy_half_text[punctuation] + half_diagram,OK,C,is_a,point
7,13,noisy_half_text[punctuation] + half_diagram,OK,D,is_a,point
7,13,noisy_half_text[punctuation] + half_diagram,OK,E,is_a,point
7,13,noisy_half_text[punctuation] + half_diagram,OK,ABC,is_a,triangle
7,13,noisy_half_text[punctuation] + half_diagram,OK,ADE,is_a,triangle
7,13,noisy_half_text[punctuation] + half_diagram,OK,ABC,is_a,"congruent_to, ADE"
7,13,noisy_half_text[punctuation] + half_diagram,OK,A,is_a,common_vertex
7,13,noisy_half_text[punctuation] + half_diagram,OK,∠B,has_measure,70_deg
7,13,noisy_half_text[punctuation] + half_diagram,OK,∠C,has_measure,30_deg
7,13,noisy_half_text[punctuation] + half_diagram,OK,∠DAC,has_measure,?
7,13,noisy_half_text[punctuation] + half_diagram,OK,∠EAC,has_measure,?
7,13,noisy_half_text[punctuation] + half_diagram,OK,AB,is_a,segment
7,13,noisy_half_text[punctuation] + half_diagram,OK,AC,is_a,segment
7,13,noisy_half_text[punctuation] + half_diagram,OK,AD,is_a,segment
7,13,noisy_half_text[punctuation] + half_diagram,OK,AE,is_a,segment
7,13,noisy_half_text[punctuation] + half_diagram,OK,BC,is_a,segment
7,13,noisy_half_text[punctuation] + half_diagram,OK,DE,is_a,segment
7,13,noisy_half_text[punctuation] + half_diagram,OK,∠ADC,has_measure,35_deg
7,13,noisy_half_text[punctuation] + half_diagram,OK,∠ACD,has_measure,30_deg
,,,,,,
8,13,noisy_half_text[punctuation] + half_diagram,OK,A,is_a,point
8,13,noisy_half_text[punctuation] + half_diagram,OK,B,is_a,point
8,13,noisy_half_text[punctuation] + half_diagram,OK,C,is_a,point
8,13,noisy_half_text[punctuation] + half_diagram,OK,D,is_a,point
8,13,noisy_half_text[punctuation] + half_diagram,OK,E,is_a,point
8,13,noisy_half_text[punctuation] + half_diagram,OK,F,is_a,point
8,13,noisy_half_text[punctuation] + half_diagram,OK,ABC,is_a,triangle
8,13,noisy_half_text[punctuation] + half_diagram,OK,DEF,is_a,triangle
8,13,noisy_half_text[punctuation] + half_diagram,OK,ABC,is_a,"congruent_to, DEF"
8,13,noisy_half_text[punctuation] + half_diagram,OK,A,mapped_to,D
8,13,noisy_half_text[punctuation] + half_diagram,OK,B,mapped_to,E
8,13,noisy_half_text[punctuation] + half_diagram,OK,BF,is_a,segment
8,13,noisy_half_text[punctuation] + half_diagram,OK,BF,has_measure,7_units
8,13,noisy_half_text[punctuation] + half_diagram,OK,BEFC,is_a,quadrilateral
8,13,noisy_half_text[punctuation] + half_diagram,OK,BE,is_a,segment
8,13,noisy_half_text[punctuation] + half_diagram,OK,EC,is_a,segment
8,13,noisy_half_text[punctuation] + half_diagram,OK,CF,is_a,segment
8,13,noisy_half_text[punctuation] + half_diagram,OK,BE,has_measure,5_units
8,13,noisy_half_text[punctuation] + half_diagram,OK,EC,is_a,?
8,13,noisy_half_text[punctuation] + half_diagram,OK,EC,has_measure,?
,,,,,,
9,13,noisy_half_text[punctuation] + half_diagram,OK,A,is_a,point
9,13,noisy_half_text[punctuation] + half_diagram,OK,B,is_a,point
9,13,noisy_half_text[punctuation] + half_diagram,OK,C,is_a,point
9,13,noisy_half_text[punctuation] + half_diagram,OK,D,is_a,point
9,13,noisy_half_text[punctuation] + half_diagram,OK,E,is_a,point
9,13,noisy_half_text[punctuation] + half_diagram,OK,ABC,is_a,triangle
9,13,noisy_half_text[punctuation] + half_diagram,OK,AC,is_a,segment
9,13,noisy_half_text[punctuation] + half_diagram,OK,BC,is_a,segment
9,13,noisy_half_text[punctuation] + half_diagram,OK,AB,is_a,segment
9,13,noisy_half_text[punctuation] + half_diagram,OK,AD,is_a,segment
9,13,noisy_half_text[punctuation] + half_diagram,OK,DE,is_a,segment
9,13,noisy_half_text[punctuation] + half_diagram,OK,∠C,is_a,angle
9,13,noisy_half_text[punctuation] + half_diagram,OK,∠C,has_measure,90_deg
9,13,noisy_half_text[punctuation] + half_diagram,OK,AC,has_measure,?
9,13,noisy_half_text[punctuation] + half_diagram,OK,BC,has_measure,?
9,13,noisy_half_text[punctuation] + half_diagram,OK,AB,has_measure,6.0
9,13,noisy_half_text[punctuation] + half_diagram,OK,AD,intersects,BC
9,13,noisy_half_text[punctuation] + half_diagram,OK,AD,bisects,∠CAB
9,13,noisy_half_text[punctuation] + half_diagram,OK,DE,perpendicular_to,AB
9,13,noisy_half_text[punctuation] + half_diagram,OK,DE,intersects,AB
,,,,,,
10,13,noisy_half_text[punctuation] + half_diagram,OK,A,is_a,point
10,13,noisy_half_text[punctuation] + half_diagram,OK,B,is_a,point
10,13,noisy_half_text[punctuation] + half_diagram,OK,C,is_a,point
10,13,noisy_half_text[punctuation] + half_diagram,OK,D,is_a,point
10,13,noisy_half_text[punctuation] + half_diagram,OK,E,is_a,point
10,13,noisy_half_text[punctuation] + half_diagram,OK,AB,is_a,segment
10,13,noisy_half_text[punctuation] + half_diagram,OK,AC,is_a,segment
10,13,noisy_half_text[punctuation] + half_diagram,OK,BC,is_a,segment
10,13,noisy_half_text[punctuation] + half_diagram,OK,ABC,is_a,triangle
10,13,noisy_half_text[punctuation] + half_diagram,OK,AB,has_measure,?
10,13,noisy_half_text[punctuation] + half_diagram,OK,AC,has_measure,?
10,13,noisy_half_text[punctuation] + half_diagram,OK,BC,has_measure,?
10,13,noisy_half_text[punctuation] + half_diagram,OK,∠BAC,is_a,angle
10,13,noisy_half_text[punctuation] + half_diagram,OK,∠BAC,has_measure,36_deg
10,13,noisy_half_text[punctuation] + half_diagram,OK,AB,equals,AC
10,13,noisy_half_text[punctuation] + half_diagram,OK,D,lies_on,AC
10,13,noisy_half_text[punctuation] + half_diagram,OK,E,lies_on,AB
10,13,noisy_half_text[punctuation] + half_diagram,OK,DE,is_a,segment
10,13,noisy_half_text[punctuation] + half_diagram,OK,DE,is_a,perpendicular_bisector
10,13,noisy_half_text[punctuation] + half_diagram,OK,DE,intersects,AB
10,13,noisy_half_text[punctuation] + half_diagram,OK,DE,intersects,AC
10,13,noisy_half_text[punctuation] + half_diagram,OK,BDC,is_a,angle
10,13,noisy_half_text[punctuation] + half_diagram,OK,BDC,has_measure,?
,,,,,,
11,13,noisy_half_text[punctuation] + half_diagram,OK,A,is_a,point
11,13,noisy_half_text[punctuation] + half_diagram,OK,B,is_a,point
11,13,noisy_half_text[punctuation] + half_diagram,OK,C,is_a,point
11,13,noisy_half_text[punctuation] + half_diagram,OK,ABC,is_a,triangle
11,13,noisy_half_text[punctuation] + half_diagram,OK,∠C,is_a,angle
11,13,noisy_half_text[punctuation] + half_diagram,OK,∠C,has_measure,36_deg
11,13,noisy_half_text[punctuation] + half_diagram,OK,D,is_a,point
11,13,noisy_half_text[punctuation] + half_diagram,OK,E,is_a,point
11,13,noisy_half_text[punctuation] + half_diagram,OK,AED,is_a,triangle
11,13,noisy_half_text[punctuation] + half_diagram,OK,ABC,rotated_about,A
11,13,noisy_half_text[punctuation] + half_diagram,OK,AD,is_a,segment
11,13,noisy_half_text[punctuation] + half_diagram,OK,BC,is_a,segment
11,13,noisy_half_text[punctuation] + half_diagram,OK,F,is_a,point
11,13,noisy_half_text[punctuation] + half_diagram,OK,AD,intersects,BC
11,13,noisy_half_text[punctuation] + half_diagram,OK,AD,intersects,"BC, at, F"
11,13,noisy_half_text[punctuation] + half_diagram,OK,∠BAE,is_a,angle
11,13,noisy_half_text[punctuation] + half_diagram,OK,∠BAE,has_measure,60_deg
,,,,,,
14,13,noisy_half_text[punctuation] + half_diagram,OK,O,is_a,circle
14,13,noisy_half_text[punctuation] + half_diagram,OK,A,is_a,point
14,13,noisy_half_text[punctuation] + half_diagram,OK,B,is_a,point
14,13,noisy_half_text[punctuation] + half_diagram,OK,C,is_a,point
14,13,noisy_half_text[punctuation] + half_diagram,OK,O,center_of,circle
14,13,noisy_half_text[punctuation] + half_diagram,OK,A,lies_on,circle
14,13,noisy_half_text[punctuation] + half_diagram,OK,B,lies_on,circle
14,13,noisy_half_text[punctuation] + half_diagram,OK,C,lies_on,circle
14,13,noisy_half_text[punctuation] + half_diagram,OK,A,connects,B
14,13,noisy_half_text[punctuation] + half_diagram,OK,B,connects,C
14,13,noisy_half_text[punctuation] + half_diagram,OK,C,connects,A
14,13,noisy_half_text[punctuation] + half_diagram,OK,A,connects,O
14,13,noisy_half_text[punctuation] + half_diagram,OK,B,connects,O
14,13,noisy_half_text[punctuation] + half_diagram,OK,C,connects,O
14,13,noisy_half_text[punctuation] + half_diagram,OK,∠AOB,is_a,angle
14,13,noisy_half_text[punctuation] + half_diagram,OK,∠AOB,has_measure,35_deg
14,13,noisy_half_text[punctuation] + half_diagram,OK,ABC,is_a,triangle
14,13,noisy_half_text[punctuation] + half_diagram,OK,ABC,is_a,inscribed_triangle
14,13,noisy_half_text[punctuation] + half_diagram,OK,∠ACB,is_a,angle
,,,,,,
16,13,noisy_half_text[punctuation] + half_diagram,OK,O,is_a,point
16,13,noisy_half_text[punctuation] + half_diagram,OK,OB,is_a,radius
16,13,noisy_half_text[punctuation] + half_diagram,OK,AC,is_a,chord
16,13,noisy_half_text[punctuation] + half_diagram,OK,AC,parallel_to,OB
16,13,noisy_half_text[punctuation] + half_diagram,OK,∠BOC,is_a,angle
16,13,noisy_half_text[punctuation] + half_diagram,OK,∠BOC,has_measure,50_deg
16,13,noisy_half_text[punctuation] + half_diagram,OK,O,center_of,circle
16,13,noisy_half_text[punctuation] + half_diagram,OK,OB,connects,"O, B"
16,13,noisy_half_text[punctuation] + half_diagram,OK,AC,connects,"A, C"
16,13,noisy_half_text[punctuation] + half_diagram,OK,∠BOC,connects,"B, O, C"
16,13,noisy_half_text[punctuation] + half_diagram,OK,OAB,is_a,angle
16,13,noisy_half_text[punctuation] + half_diagram,OK,OAB,is_a,query_target
,,,,,,
17,13,noisy_half_text[punctuation] + half_diagram,OK,A,is_a,point
17,13,noisy_half_text[punctuation] + half_diagram,OK,B,is_a,point
17,13,noisy_half_text[punctuation] + half_diagram,OK,C,is_a,point
17,13,noisy_half_text[punctuation] + half_diagram,OK,D,is_a,point
17,13,noisy_half_text[punctuation] + half_diagram,OK,O,is_a,point
17,13,noisy_half_text[punctuation] + half_diagram,OK,ABCD,is_a,parallelogram
17,13,noisy_half_text[punctuation] + half_diagram,OK,AC,is_a,diagonal
17,13,noisy_half_text[punctuation] + half_diagram,OK,BD,is_a,diagonal
17,13,noisy_half_text[punctuation] + half_diagram,OK,AC,intersects,BD
17,13,noisy_half_text[punctuation] + half_diagram,OK,AC,intersects,"BD, at, O"
17,13,noisy_half_text[punctuation] + half_diagram,OK,∠DAC,is_a,angle
17,13,noisy_half_text[punctuation] + half_diagram,OK,∠DAC,has_measure,42_deg
17,13,noisy_half_text[punctuation] + half_diagram,OK,∠CBD,is_a,angle
17,13,noisy_half_text[punctuation] + half_diagram,OK,∠CBD,has_measure,23_deg
17,13,noisy_half_text[punctuation] + half_diagram,OK,∠COD,is_a,angle
17,13,noisy_half_text[punctuation] + half_diagram,OK,∠COD,is_a,query_target
,,,,,,
20,13,noisy_half_text[punctuation] + half_diagram,OK,A,is_a,point
20,13,noisy_half_text[punctuation] + half_diagram,OK,B,is_a,point
20,13,noisy_half_text[punctuation] + half_diagram,OK,C,is_a,point
20,13,noisy_half_text[punctuation] + half_diagram,OK,D,is_a,point
20,13,noisy_half_text[punctuation] + half_diagram,OK,O,is_a,point
20,13,noisy_half_text[punctuation] + half_diagram,OK,AB,is_a,segment
20,13,noisy_half_text[punctuation] + half_diagram,OK,AC,is_a,segment
20,13,noisy_half_text[punctuation] + half_diagram,OK,BC,is_a,segment
20,13,noisy_half_text[punctuation] + half_diagram,OK,CD,is_a,segment
20,13,noisy_half_text[punctuation] + half_diagram,OK,OD,is_a,segment
20,13,noisy_half_text[punctuation] + half_diagram,OK,AB,is_a,diameter
20,13,noisy_half_text[punctuation] + half_diagram,OK,AB,center_of,O
20,13,noisy_half_text[punctuation] + half_diagram,OK,A,lies_on,O
20,13,noisy_half_text[punctuation] + half_diagram,OK,B,lies_on,O
20,13,noisy_half_text[punctuation] + half_diagram,OK,C,lies_on,O
20,13,noisy_half_text[punctuation] + half_diagram,OK,D,lies_on,O
20,13,noisy_half_text[punctuation] + half_diagram,OK,∠DOB,has_measure,140_deg
20,13,noisy_half_text[punctuation] + half_diagram,OK,∠ACD,is_a,angle
20,13,noisy_half_text[punctuation] + half_diagram,OK,∠ACD,is_a,query_target
,,,,,,
22,13,noisy_half_text[punctuation] + half_diagram,OK,A,is_a,point
22,13,noisy_half_text[punctuation] + half_diagram,OK,AB,is_a,segment
22,13,noisy_half_text[punctuation] + half_diagram,OK,CD,is_a,segment
22,13,noisy_half_text[punctuation] + half_diagram,OK,M,is_a,point
22,13,noisy_half_text[punctuation] + half_diagram,OK,N,is_a,point
22,13,noisy_half_text[punctuation] + half_diagram,OK,AM,is_a,segment
22,13,noisy_half_text[punctuation] + half_diagram,OK,CN,is_a,segment
22,13,noisy_half_text[punctuation] + half_diagram,OK,MN,is_a,segment
22,13,noisy_half_text[punctuation] + half_diagram,OK,AC,is_a,segment
22,13,noisy_half_text[punctuation] + half_diagram,OK,O,is_a,point
22,13,noisy_half_text[punctuation] + half_diagram,OK,BO,is_a,segment
22,13,noisy_half_text[punctuation] + half_diagram,OK,DAC,is_a,angle
22,13,noisy_half_text[punctuation] + half_diagram,OK,OBC,is_a,angle
22,13,noisy_half_text[punctuation] + half_diagram,OK,ABCD,is_a,diamond
22,13,noisy_half_text[punctuation] + half_diagram,OK,M,lies_on,AB
22,13,noisy_half_text[punctuation] + half_diagram,OK,N,lies_on,CD
22,13,noisy_half_text[punctuation] + half_diagram,OK,MN,intersects,AC
22,13,noisy_half_text[punctuation] + half_diagram,OK,MN,intersects,O
22,13,noisy_half_text[punctuation] + half_diagram,OK,AC,intersects,O
22,13,noisy_half_text[punctuation] + half_diagram,OK,AM,has_measure,?
22,13,noisy_half_text[punctuation] + half_diagram,OK,CN,has_measure,?
22,13,noisy_half_text[punctuation] + half_diagram,OK,DAC,has_measure,?
22,13,noisy_half_text[punctuation] + half_diagram,OK,OBC,has_measure,?
22,13,noisy_half_text[punctuation] + half_diagram,OK,AM,has_measure,CN
22,13,noisy_half_text[punctuation] + half_diagram,OK,∠DAC,has_measure,?
22,13,noisy_half_text[punctuation] + half_diagram,OK,∠OBC,has_measure,?
,,,,,,
25,13,noisy_half_text[punctuation] + half_diagram,OK,A,is_a,point
25,13,noisy_half_text[punctuation] + half_diagram,OK,B,is_a,point
25,13,noisy_half_text[punctuation] + half_diagram,OK,C,is_a,point
25,13,noisy_half_text[punctuation] + half_diagram,OK,E,is_a,point
25,13,noisy_half_text[punctuation] + half_diagram,OK,F,is_a,point
25,13,noisy_half_text[punctuation] + half_diagram,OK,∠B,is_a,angle
25,13,noisy_half_text[punctuation] + half_diagram,OK,∠B,has_measure,50_deg
25,13,noisy_half_text[punctuation] + half_diagram,OK,EF,is_a,segment
25,13,noisy_half_text[punctuation] + half_diagram,OK,BC,is_a,segment
25,13,noisy_half_text[punctuation] + half_diagram,OK,EF,parallel_to,BC
25,13,noisy_half_text[punctuation] + half_diagram,OK,AC,is_a,segment
25,13,noisy_half_text[punctuation] + half_diagram,OK,BAF,is_a,angle
25,13,noisy_half_text[punctuation] + half_diagram,OK,AC,bisects,BAF
25,13,noisy_half_text[punctuation] + half_diagram,OK,∠C,is_a,angle
25,13,noisy_half_text[punctuation] + half_diagram,OK,∠C,has_measure,?
,,,,,,
26,13,noisy_half_text[punctuation] + half_diagram,OK,A,is_a,point
26,13,noisy_half_text[punctuation] + half_diagram,OK,B,is_a,point
26,13,noisy_half_text[punctuation] + half_diagram,OK,C,is_a,point
26,13,noisy_half_text[punctuation] + half_diagram,OK,AB,is_a,segment
26,13,noisy_half_text[punctuation] + half_diagram,OK,BC,is_a,segment
26,13,noisy_half_text[punctuation] + half_diagram,OK,AC,is_a,segment
26,13,noisy_half_text[punctuation] + half_diagram,OK,AB,has_measure,8.0_m
26,13,noisy_half_text[punctuation] + half_diagram,OK,AC,has_measure,22.0_m
26,13,noisy_half_text[punctuation] + half_diagram,OK,∠BAC,is_a,angle
26,13,noisy_half_text[punctuation] + half_diagram,OK,∠BAC,has_measure,3.2_deg
26,13,noisy_half_text[punctuation] + half_diagram,OK,AB,connects,A
26,13,noisy_half_text[punctuation] + half_diagram,OK,AB,connects,B
26,13,noisy_half_text[punctuation] + half_diagram,OK,BC,connects,B
26,13,noisy_half_text[punctuation] + half_diagram,OK,BC,connects,C
26,13,noisy_half_text[punctuation] + half_diagram,OK,AC,connects,A
26,13,noisy_half_text[punctuation] + half_diagram,OK,AC,connects,C
26,13,noisy_half_text[punctuation] + half_diagram,OK,height,is_a,?
26,13,noisy_half_text[punctuation] + half_diagram,OK,height,has_measure,?
,,,,,,
29,13,noisy_half_text[punctuation] + half_diagram,OK,A,is_a,point
29,13,noisy_half_text[punctuation] + half_diagram,OK,B,is_a,point
29,13,noisy_half_text[punctuation] + half_diagram,OK,C,is_a,point
29,13,noisy_half_text[punctuation] + half_diagram,OK,D,is_a,point
29,13,noisy_half_text[punctuation] + half_diagram,OK,ABC,is_a,triangle
29,13,noisy_half_text[punctuation] + half_diagram,OK,BD,is_a,segment
29,13,noisy_half_text[punctuation] + half_diagram,OK,CD,is_a,segment
29,13,noisy_half_text[punctuation] + half_diagram,OK,D,is_a,intersection_point
29,13,noisy_half_text[punctuation] + half_diagram,OK,BD,is_a,angle_bisector
29,13,noisy_half_text[punctuation] + half_diagram,OK,CD,is_a,angle_bisector
29,13,noisy_half_text[punctuation] + half_diagram,OK,∠A,is_a,angle
29,13,noisy_half_text[punctuation] + half_diagram,OK,∠A,has_measure,50_deg
29,13,noisy_half_text[punctuation] + half_diagram,OK,∠BDC,is_a,angle
29,13,noisy_half_text[punctuation] + half_diagram,OK,∠BDC,has_measure,?
,,,,,,
30,13,noisy_half_text[punctuation] + half_diagram,OK,A,is_a,point
30,13,noisy_half_text[punctuation] + half_diagram,OK,B,is_a,point
30,13,noisy_half_text[punctuation] + half_diagram,OK,C,is_a,point
30,13,noisy_half_text[punctuation] + half_diagram,OK,O,is_a,point
30,13,noisy_half_text[punctuation] + half_diagram,OK,OA,is_a,segment
30,13,noisy_half_text[punctuation] + half_diagram,OK,OB,is_a,segment
30,13,noisy_half_text[punctuation] + half_diagram,OK,OC,is_a,segment
30,13,noisy_half_text[punctuation] + half_diagram,OK,OA,has_measure,?
30,13,noisy_half_text[punctuation] + half_diagram,OK,OB,has_measure,?
30,13,noisy_half_text[punctuation] + half_diagram,OK,OC,has_measure,?
30,13,noisy_half_text[punctuation] + half_diagram,OK,∠ACB,is_a,angle
30,13,noisy_half_text[punctuation] + half_diagram,OK,∠ACB,has_measure,30_deg
30,13,noisy_half_text[punctuation] + half_diagram,OK,OA,has_measure,OB
30,13,noisy_half_text[punctuation] + half_diagram,OK,OA,has_measure,OC
30,13,noisy_half_text[punctuation] + half_diagram,OK,OB,has_measure,OC
30,13,noisy_half_text[punctuation] + half_diagram,OK,∠AOB,is_a,angle
30,13,noisy_half_text[punctuation] + half_diagram,OK,∠AOB,has_measure,?
,,,,,,
32,13,noisy_half_text[punctuation] + half_diagram,OK,A,is_a,point
32,13,noisy_half_text[punctuation] + half_diagram,OK,B,is_a,point
32,13,noisy_half_text[punctuation] + half_diagram,OK,C,is_a,point
32,13,noisy_half_text[punctuation] + half_diagram,OK,I,is_a,circle
32,13,noisy_half_text[punctuation] + half_diagram,OK,D,is_a,point
32,13,noisy_half_text[punctuation] + half_diagram,OK,E,is_a,point
32,13,noisy_half_text[punctuation] + half_diagram,OK,F,is_a,point
32,13,noisy_half_text[punctuation] + half_diagram,OK,ABC,is_a,triangle
32,13,noisy_half_text[punctuation] + half_diagram,OK,I,center_of,circle
32,13,noisy_half_text[punctuation] + half_diagram,OK,∠DIE,is_a,angle
32,13,noisy_half_text[punctuation] + half_diagram,OK,∠DIE,has_measure,52_deg
32,13,noisy_half_text[punctuation] + half_diagram,OK,D,lies_on,ABC
32,13,noisy_half_text[punctuation] + half_diagram,OK,E,lies_on,ABC
32,13,noisy_half_text[punctuation] + half_diagram,OK,F,lies_on,ABC
32,13,noisy_half_text[punctuation] + half_diagram,OK,D,is_a,tangent_point
32,13,noisy_half_text[punctuation] + half_diagram,OK,E,is_a,tangent_point
32,13,noisy_half_text[punctuation] + half_diagram,OK,F,is_a,tangent_point
32,13,noisy_half_text[punctuation] + half_diagram,OK,I,is_a,inscribed_circle
32,13,noisy_half_text[punctuation] + half_diagram,OK,A,is_a,vertex
32,13,noisy_half_text[punctuation] + half_diagram,OK,B,is_a,vertex
32,13,noisy_half_text[punctuation] + half_diagram,OK,C,is_a,vertex
32,13,noisy_half_text[punctuation] + half_diagram,OK,∠A,is_a,angle
32,13,noisy_half_text[punctuation] + half_diagram,OK,∠A,is_a,query_target
,,,,,,
34,13,noisy_half_text[punctuation] + half_diagram,OK,A,is_a,point
34,13,noisy_half_text[punctuation] + half_diagram,OK,B,is_a,point
34,13,noisy_half_text[punctuation] + half_diagram,OK,C,is_a,point
34,13,noisy_half_text[punctuation] + half_diagram,OK,D,is_a,point
34,13,noisy_half_text[punctuation] + half_diagram,OK,E,is_a,point
34,13,noisy_half_text[punctuation] + half_diagram,OK,F,is_a,point
34,13,noisy_half_text[punctuation] + half_diagram,OK,P,is_a,point
34,13,noisy_half_text[punctuation] + half_diagram,OK,Q,is_a,point
34,13,noisy_half_text[punctuation] + half_diagram,OK,AB,is_a,line
34,13,noisy_half_text[punctuation] + half_diagram,OK,CD,is_a,line
34,13,noisy_half_text[punctuation] + half_diagram,OK,EF,is_a,line
34,13,noisy_half_text[punctuation] + half_diagram,OK,AB,parallel_to,CD
34,13,noisy_half_text[punctuation] + half_diagram,OK,EF,intersects,AB
34,13,noisy_half_text[punctuation] + half_diagram,OK,EF,intersects,CD
34,13,noisy_half_text[punctuation] + half_diagram,OK,P,is_a,intersection
34,13,noisy_half_text[punctuation] + half_diagram,OK,Q,is_a,intersection
34,13,noisy_half_text[punctuation] + half_diagram,OK,P,connects,AB
34,13,noisy_half_text[punctuation] + half_diagram,OK,P,connects,EF
34,13,noisy_half_text[punctuation] + half_diagram,OK,Q,connects,CD
34,13,noisy_half_text[punctuation] + half_diagram,OK,Q,connects,EF
34,13,noisy_half_text[punctuation] + half_diagram,OK,∠BPQ,has_measure,100_deg
34,13,noisy_half_text[punctuation] + half_diagram,OK,∠CQF,is_a,angle
34,13,noisy_half_text[punctuation] + half_diagram,OK,∠CQF,is_a,query_target
,,,,,,
36,13,noisy_half_text[punctuation] + half_diagram,OK,O,is_a,circle
36,13,noisy_half_text[punctuation] + half_diagram,OK,AB,is_a,diameter
36,13,noisy_half_text[punctuation] + half_diagram,OK,AB,connects,D
36,13,noisy_half_text[punctuation] + half_diagram,OK,C,is_a,point
36,13,noisy_half_text[punctuation] + half_diagram,OK,C,lies_on,O
36,13,noisy_half_text[punctuation] + half_diagram,OK,CD,is_a,line
36,13,noisy_half_text[punctuation] + half_diagram,OK,CD,tangent_to,C
36,13,noisy_half_text[punctuation] + half_diagram,OK,∠BCD,has_measure,50_deg
36,13,noisy_half_text[punctuation] + half_diagram,OK,?,is_a,angle
36,13,noisy_half_text[punctuation] + half_diagram,OK,?,is_a,angle_CAB
36,13,noisy_half_text[punctuation] + half_diagram,OK,?,has_measure,?_deg
,,,,,,
37,13,noisy_half_text[punctuation] + half_diagram,OK,A,is_a,point
37,13,noisy_half_text[punctuation] + half_diagram,OK,B,is_a,point
37,13,noisy_half_text[punctuation] + half_diagram,OK,C,is_a,point
37,13,noisy_half_text[punctuation] + half_diagram,OK,D,is_a,point
37,13,noisy_half_text[punctuation] + half_diagram,OK,P,is_a,point
37,13,noisy_half_text[punctuation] + half_diagram,OK,O,is_a,point
37,13,noisy_half_text[punctuation] + half_diagram,OK,AB,is_a,segment
37,13,noisy_half_text[punctuation] + half_diagram,OK,CD,is_a,segment
37,13,noisy_half_text[punctuation] + half_diagram,OK,CP,is_a,segment
37,13,noisy_half_text[punctuation] + half_diagram,OK,AO,is_a,segment
37,13,noisy_half_text[punctuation] + half_diagram,OK,PO,is_a,segment
37,13,noisy_half_text[punctuation] + half_diagram,OK,AB,parallel_to,CD
37,13,noisy_half_text[punctuation] + half_diagram,OK,CP,intersects,AB
37,13,noisy_half_text[punctuation] + half_diagram,OK,CP,intersects,"AB, at, O"
37,13,noisy_half_text[punctuation] + half_diagram,OK,AO,has_measure,PO
37,13,noisy_half_text[punctuation] + half_diagram,OK,∠COP,is_a,angle
37,13,noisy_half_text[punctuation] + half_diagram,OK,∠COP,has_measure,50_deg
37,13,noisy_half_text[punctuation] + half_diagram,OK,?,is_a,angle
37,13,noisy_half_text[punctuation] + half_diagram,OK,?,is_a,query_target
,,,,,,
38,13,noisy_half_text[punctuation] + half_diagram,OK,A,is_a,point
38,13,noisy_half_text[punctuation] + half_diagram,OK,B,is_a,point
38,13,noisy_half_text[punctuation] + half_diagram,OK,C,is_a,point
38,13,noisy_half_text[punctuation] + half_diagram,OK,D,is_a,point
38,13,noisy_half_text[punctuation] + half_diagram,OK,AB,is_a,segment
38,13,noisy_half_text[punctuation] + half_diagram,OK,AC,is_a,segment
38,13,noisy_half_text[punctuation] + half_diagram,OK,AD,is_a,segment
38,13,noisy_half_text[punctuation] + half_diagram,OK,BC,is_a,segment
38,13,noisy_half_text[punctuation] + half_diagram,OK,∠BAD,is_a,angle
38,13,noisy_half_text[punctuation] + half_diagram,OK,∠BAD,has_measure,70_deg
38,13,noisy_half_text[punctuation] + half_diagram,OK,AB,connects,A
38,13,noisy_half_text[punctuation] + half_diagram,OK,AB,connects,B
38,13,noisy_half_text[punctuation] + half_diagram,OK,AC,connects,A
38,13,noisy_half_text[punctuation] + half_diagram,OK,AC,connects,C
38,13,noisy_half_text[punctuation] + half_diagram,OK,AD,connects,A
38,13,noisy_half_text[punctuation] + half_diagram,OK,AD,connects,D
38,13,noisy_half_text[punctuation] + half_diagram,OK,BC,connects,B
38,13,noisy_half_text[punctuation] + half_diagram,OK,BC,connects,C
38,13,noisy_half_text[punctuation] + half_diagram,OK,AD,parallel_to,BC
38,13,noisy_half_text[punctuation] + half_diagram,OK,Triangle ABC,is_a,triangle
38,13,noisy_half_text[punctuation] + half_diagram,OK,Triangle ABC,has_measure,AB = AC
38,13,noisy_half_text[punctuation] + half_diagram,OK,angle BAC,is_a,angle
,,,,,,
40,13,noisy_half_text[punctuation] + half_diagram,OK,a,is_a,line
40,13,noisy_half_text[punctuation] + half_diagram,OK,b,is_a,line
40,13,noisy_half_text[punctuation] + half_diagram,OK,c,is_a,line
40,13,noisy_half_text[punctuation] + half_diagram,OK,a,parallel_to,b
40,13,noisy_half_text[punctuation] + half_diagram,OK,c,intersects,a
40,13,noisy_half_text[punctuation] + half_diagram,OK,c,intersects,b
40,13,noisy_half_text[punctuation] + half_diagram,OK,angle_1,is_a,angle
40,13,noisy_half_text[punctuation] + half_diagram,OK,angle_1,has_measure,50_deg
40,13,noisy_half_text[punctuation] + half_diagram,OK,angle_2,is_a,angle
40,13,noisy_half_text[punctuation] + half_diagram,OK,angle_2,has_measure,?
,,,,,,
43,13,noisy_half_text[punctuation] + half_diagram,OK,A,is_a,point
43,13,noisy_half_text[punctuation] + half_diagram,OK,B,is_a,point
43,13,noisy_half_text[punctuation] + half_diagram,OK,C,is_a,point
43,13,noisy_half_text[punctuation] + half_diagram,OK,O,is_a,point
43,13,noisy_half_text[punctuation] + half_diagram,OK,D,is_a,point
43,13,noisy_half_text[punctuation] + half_diagram,OK,AB,is_a,segment
43,13,noisy_half_text[punctuation] + half_diagram,OK,AC,is_a,segment
43,13,noisy_half_text[punctuation] + half_diagram,OK,BC,is_a,segment
43,13,noisy_half_text[punctuation] + half_diagram,OK,OD,is_a,segment
43,13,noisy_half_text[punctuation] + half_diagram,OK,OA,is_a,segment
43,13,noisy_half_text[punctuation] + half_diagram,OK,OB,is_a,segment
43,13,noisy_half_text[punctuation] + half_diagram,OK,OC,is_a,segment
43,13,noisy_half_text[punctuation] + half_diagram,OK,∠AOB,is_a,angle
43,13,noisy_half_text[punctuation] + half_diagram,OK,∠AOD,is_a,angle
43,13,noisy_half_text[punctuation] + half_diagram,OK,∠DOB,is_a,angle
43,13,noisy_half_text[punctuation] + half_diagram,OK,∠AOC,is_a,angle
43,13,noisy_half_text[punctuation] + half_diagram,OK,D,lies_on,AB
43,13,noisy_half_text[punctuation] + half_diagram,OK,∠AOC,has_measure,100_deg
43,13,noisy_half_text[punctuation] + half_diagram,OK,∠AOD,has_measure,30_deg
43,13,noisy_half_text[punctuation] + half_diagram,OK,OAB,is_a,triangle
43,13,noisy_half_text[punctuation] + half_diagram,OK,ODC,is_a,triangle
43,13,noisy_half_text[punctuation] + half_diagram,OK,OAB,rotated_about,O
43,13,noisy_half_text[punctuation] + half_diagram,OK,OAB,mapped_to,ODC
43,13,noisy_half_text[punctuation] + half_diagram,OK,OAB,rotated_about,30_deg
43,13,noisy_half_text[punctuation] + half_diagram,OK,DOB,is_a,angle
,,,,,,
44,13,noisy_half_text[punctuation] + half_diagram,OK,A,is_a,point
44,13,noisy_half_text[punctuation] + half_diagram,OK,B,is_a,point
44,13,noisy_half_text[punctuation] + half_diagram,OK,A,is_a,street_lamp
44,13,noisy_half_text[punctuation] + half_diagram,OK,B,is_a,street_lamp
,,,,,,
45,13,noisy_half_text[punctuation] + half_diagram,OK,A,is_a,point
45,13,noisy_half_text[punctuation] + half_diagram,OK,B,is_a,point
45,13,noisy_half_text[punctuation] + half_diagram,OK,C,is_a,point
45,13,noisy_half_text[punctuation] + half_diagram,OK,O,is_a,point
45,13,noisy_half_text[punctuation] + half_diagram,OK,ABC,is_a,triangle
45,13,noisy_half_text[punctuation] + half_diagram,OK,O,is_a,circle
45,13,noisy_half_text[punctuation] + half_diagram,OK,A,lies_on,O
45,13,noisy_half_text[punctuation] + half_diagram,OK,B,lies_on,O
45,13,noisy_half_text[punctuation] + half_diagram,OK,C,lies_on,O
45,13,noisy_half_text[punctuation] + half_diagram,OK,O,center_of,O
45,13,noisy_half_text[punctuation] + half_diagram,OK,∠ACB,is_a,angle
45,13,noisy_half_text[punctuation] + half_diagram,OK,∠ACB,has_measure,35_deg
45,13,noisy_half_text[punctuation] + half_diagram,OK,∠AOB,is_a,angle
45,13,noisy_half_text[punctuation] + half_diagram,OK,∠AOB,has_measure,?
45,13,noisy_half_text[punctuation] + half_diagram,OK,?,is_a,query_target
,,,,,,
46,13,noisy_half_text[punctuation] + half_diagram,OK,A,is_a,point
46,13,noisy_half_text[punctuation] + half_diagram,OK,B,is_a,point
46,13,noisy_half_text[punctuation] + half_diagram,OK,AB,is_a,segment
46,13,noisy_half_text[punctuation] + half_diagram,OK,AB,connects,A
46,13,noisy_half_text[punctuation] + half_diagram,OK,AB,connects,B
46,13,noisy_half_text[punctuation] + half_diagram,OK,CD,is_a,segment
46,13,noisy_half_text[punctuation] + half_diagram,OK,CD,connects,C
46,13,noisy_half_text[punctuation] + half_diagram,OK,CD,connects,D
46,13,noisy_half_text[punctuation] + half_diagram,OK,AE,is_a,segment
46,13,noisy_half_text[punctuation] + half_diagram,OK,AE,connects,A
46,13,noisy_half_text[punctuation] + half_diagram,OK,AE,connects,E
46,13,noisy_half_text[punctuation] + half_diagram,OK,C,is_a,point
46,13,noisy_half_text[punctuation] + half_diagram,OK,D,is_a,point
46,13,noisy_half_text[punctuation] + half_diagram,OK,E,is_a,point
46,13,noisy_half_text[punctuation] + half_diagram,OK,O,is_a,point
46,13,noisy_half_text[punctuation] + half_diagram,OK,AB,parallel_to,CD
46,13,noisy_half_text[punctuation] + half_diagram,OK,AE,intersects,AB
46,13,noisy_half_text[punctuation] + half_diagram,OK,AE,intersects,CD
46,13,noisy_half_text[punctuation] + half_diagram,OK,∠EAB,is_a,angle
46,13,noisy_half_text[punctuation] + half_diagram,OK,∠EAB,has_measure,70_deg
46,13,noisy_half_text[punctuation] + half_diagram,OK,∠EOC,is_a,angle
46,13,noisy_half_text[punctuation] + half_diagram,OK,AE,intersects,"AB, at, A"
46,13,noisy_half_text[punctuation] + half_diagram,OK,AE,intersects,"CD, at, O"
,,,,,,
48,13,noisy_half_text[punctuation] + half_diagram,OK,O,is_a,circle
48,13,noisy_half_text[punctuation] + half_diagram,OK,A,is_a,point
48,13,noisy_half_text[punctuation] + half_diagram,OK,B,is_a,point
48,13,noisy_half_text[punctuation] + half_diagram,OK,C,is_a,point
48,13,noisy_half_text[punctuation] + half_diagram,OK,O,center_of,circle
48,13,noisy_half_text[punctuation] + half_diagram,OK,A,lies_on,circle
48,13,noisy_half_text[punctuation] + half_diagram,OK,B,lies_on,circle
48,13,noisy_half_text[punctuation] + half_diagram,OK,C,lies_on,circle
48,13,noisy_half_text[punctuation] + half_diagram,OK,∠BOC,is_a,angle
48,13,noisy_half_text[punctuation] + half_diagram,OK,∠BOC,has_measure,100_deg
48,13,noisy_half_text[punctuation] + half_diagram,OK,A,lies_on,arc_BC
48,13,noisy_half_text[punctuation] + half_diagram,OK,∠BAC,is_a,angle
48,13,noisy_half_text[punctuation] + half_diagram,OK,∠BAC,is_a,inscribed_angle
,,,,,,
49,13,noisy_half_text[punctuation] + half_diagram,OK,A,is_a,point
49,13,noisy_half_text[punctuation] + half_diagram,OK,B,is_a,point
49,13,noisy_half_text[punctuation] + half_diagram,OK,C,is_a,point
49,13,noisy_half_text[punctuation] + half_diagram,OK,D,is_a,point
49,13,noisy_half_text[punctuation] + half_diagram,OK,E,is_a,point
49,13,noisy_half_text[punctuation] + half_diagram,OK,O,is_a,point
49,13,noisy_half_text[punctuation] + half_diagram,OK,AB,is_a,segment
49,13,noisy_half_text[punctuation] + half_diagram,OK,AC,is_a,segment
49,13,noisy_half_text[punctuation] + half_diagram,OK,AD,is_a,segment
49,13,noisy_half_text[punctuation] + half_diagram,OK,AE,is_a,segment
49,13,noisy_half_text[punctuation] + half_diagram,OK,BC,is_a,segment
49,13,noisy_half_text[punctuation] + half_diagram,OK,BE,is_a,segment
49,13,noisy_half_text[punctuation] + half_diagram,OK,CD,is_a,segment
49,13,noisy_half_text[punctuation] + half_diagram,OK,DE,is_a,segment
49,13,noisy_half_text[punctuation] + half_diagram,OK,ABCDE,is_a,pentagon
49,13,noisy_half_text[punctuation] + half_diagram,OK,O,center_of,circle
49,13,noisy_half_text[punctuation] + half_diagram,OK,A,lies_on,circle
49,13,noisy_half_text[punctuation] + half_diagram,OK,B,lies_on,circle
49,13,noisy_half_text[punctuation] + half_diagram,OK,C,lies_on,circle
49,13,noisy_half_text[punctuation] + half_diagram,OK,D,lies_on,circle
49,13,noisy_half_text[punctuation] + half_diagram,OK,E,lies_on,circle
49,13,noisy_half_text[punctuation] + half_diagram,OK,∠AED,is_a,angle
49,13,noisy_half_text[punctuation] + half_diagram,OK,∠AED,has_measure,115_deg
49,13,noisy_half_text[punctuation] + half_diagram,OK,∠BAE,is_a,angle
49,13,noisy_half_text[punctuation] + half_diagram,OK,∠BAE,has_measure,30_deg
49,13,noisy_half_text[punctuation] + half_diagram,OK,∠ABC,is_a,angle
49,13,noisy_half_text[punctuation] + half_diagram,OK,∠ABC,has_measure,?
,,,,,,
50,13,noisy_half_text[punctuation] + half_diagram,OK,A,is_a,point
50,13,noisy_half_text[punctuation] + half_diagram,OK,B,is_a,point
50,13,noisy_half_text[punctuation] + half_diagram,OK,C,is_a,point
50,13,noisy_half_text[punctuation] + half_diagram,OK,D,is_a,point
50,13,noisy_half_text[punctuation] + half_diagram,OK,E,is_a,point
50,13,noisy_half_text[punctuation] + half_diagram,OK,O,is_a,point
50,13,noisy_half_text[punctuation] + half_diagram,OK,AB,is_a,line
50,13,noisy_half_text[punctuation] + half_diagram,OK,CD,is_a,line
50,13,noisy_half_text[punctuation] + half_diagram,OK,EO,is_a,line
50,13,noisy_half_text[punctuation] + half_diagram,OK,∠AOC,is_a,angle
50,13,noisy_half_text[punctuation] + half_diagram,OK,∠AOC,has_measure,50_deg
50,13,noisy_half_text[punctuation] + half_diagram,OK,AB,intersects,CD
50,13,noisy_half_text[punctuation] + half_diagram,OK,AB,intersects,EO
50,13,noisy_half_text[punctuation] + half_diagram,OK,CD,intersects,AB
50,13,noisy_half_text[punctuation] + half_diagram,OK,EO,intersects,AB
50,13,noisy_half_text[punctuation] + half_diagram,OK,EO,perpendicular_to,AB
50,13,noisy_half_text[punctuation] + half_diagram,OK,∠COE,is_a,angle
50,13,noisy_half_text[punctuation] + half_diagram,OK,∠COE,has_measure,?
,,,,,,
53,13,noisy_half_text[punctuation] + half_diagram,OK,a,is_a,line
53,13,noisy_half_text[punctuation] + half_diagram,OK,b,is_a,line
53,13,noisy_half_text[punctuation] + half_diagram,OK,c,is_a,line
53,13,noisy_half_text[punctuation] + half_diagram,OK,a,parallel_to,b
53,13,noisy_half_text[punctuation] + half_diagram,OK,c,intersects,a
53,13,noisy_half_text[punctuation] + half_diagram,OK,c,intersects,b
53,13,noisy_half_text[punctuation] + half_diagram,OK,a,is_a,transversal
53,13,noisy_half_text[punctuation] + half_diagram,OK,P,is_a,point
53,13,noisy_half_text[punctuation] + half_diagram,OK,Q,is_a,point
53,13,noisy_half_text[punctuation] + half_diagram,OK,c,intersects,P
53,13,noisy_half_text[punctuation] + half_diagram,OK,c,intersects,Q
53,13,noisy_half_text[punctuation] + half_diagram,OK,a,connects,P
53,13,noisy_half_text[punctuation] + half_diagram,OK,b,connects,Q
53,13,noisy_half_text[punctuation] + half_diagram,OK,∠P,is_a,angle
53,13,noisy_half_text[punctuation] + half_diagram,OK,∠P,has_measure,155_deg
53,13,noisy_half_text[punctuation] + half_diagram,OK,∠Q,is_a,angle
53,13,noisy_half_text[punctuation] + half_diagram,OK,∠Q,has_measure,2
53,13,noisy_half_text[punctuation] + half_diagram,OK,∠Q,is_a,target
,,,,,,
55,13,noisy_half_text[punctuation] + half_diagram,OK,A,is_a,point
55,13,noisy_half_text[punctuation] + half_diagram,OK,B,is_a,point
55,13,noisy_half_text[punctuation] + half_diagram,OK,C,is_a,point
55,13,noisy_half_text[punctuation] + half_diagram,OK,D,is_a,point
55,13,noisy_half_text[punctuation] + half_diagram,OK,O,is_a,point
55,13,noisy_half_text[punctuation] + half_diagram,OK,M,is_a,point
55,13,noisy_half_text[punctuation] + half_diagram,OK,N,is_a,point
55,13,noisy_half_text[punctuation] + half_diagram,OK,AB,is_a,line
55,13,noisy_half_text[punctuation] + half_diagram,OK,CD,is_a,line
55,13,noisy_half_text[punctuation] + half_diagram,OK,OM,is_a,line
55,13,noisy_half_text[punctuation] + half_diagram,OK,ON,is_a,line
55,13,noisy_half_text[punctuation] + half_diagram,OK,AB,intersects,CD
55,13,noisy_half_text[punctuation] + half_diagram,OK,AB,intersects,OM
55,13,noisy_half_text[punctuation] + half_diagram,OK,CD,intersects,OM
55,13,noisy_half_text[punctuation] + half_diagram,OK,O,is_a,intersection_point
55,13,noisy_half_text[punctuation] + half_diagram,OK,OM,bisects,∠AOC
55,13,noisy_half_text[punctuation] + half_diagram,OK,ON,perpendicular_to,OM
55,13,noisy_half_text[punctuation] + half_diagram,OK,∠AOC,has_measure,70_deg
55,13,noisy_half_text[punctuation] + half_diagram,OK,∠CON,is_a,angle
55,13,noisy_half_text[punctuation] + half_diagram,OK,∠CON,has_measure,?
,,,,,,
56,13,noisy_half_text[punctuation] + half_diagram,OK,O,is_a,point
56,13,noisy_half_text[punctuation] + half_diagram,OK,C,is_a,point
56,13,noisy_half_text[punctuation] + half_diagram,OK,D,is_a,point
56,13,noisy_half_text[punctuation] + half_diagram,OK,E,is_a,point
56,13,noisy_half_text[punctuation] + half_diagram,OK,F,is_a,point
56,13,noisy_half_text[punctuation] + half_diagram,OK,G,is_a,point
56,13,noisy_half_text[punctuation] + half_diagram,OK,CD,is_a,diameter
56,13,noisy_half_text[punctuation] + half_diagram,OK,EF,is_a,chord
56,13,noisy_half_text[punctuation] + half_diagram,OK,O,center_of,Circle_O
56,13,noisy_half_text[punctuation] + half_diagram,OK,CD,connects,C
56,13,noisy_half_text[punctuation] + half_diagram,OK,CD,connects,D
56,13,noisy_half_text[punctuation] + half_diagram,OK,EF,connects,E
56,13,noisy_half_text[punctuation] + half_diagram,OK,EF,connects,F
56,13,noisy_half_text[punctuation] + half_diagram,OK,C,lies_on,Circle_O
56,13,noisy_half_text[punctuation] + half_diagram,OK,D,lies_on,Circle_O
56,13,noisy_half_text[punctuation] + half_diagram,OK,E,lies_on,Circle_O
56,13,noisy_half_text[punctuation] + half_diagram,OK,F,lies_on,Circle_O
56,13,noisy_half_text[punctuation] + half_diagram,OK,O,lies_on,CD
56,13,noisy_half_text[punctuation] + half_diagram,OK,G,lies_on,CD
56,13,noisy_half_text[punctuation] + half_diagram,OK,G,lies_on,EF
56,13,noisy_half_text[punctuation] + half_diagram,OK,∠EOD,is_a,angle
56,13,noisy_half_text[punctuation] + half_diagram,OK,∠EOD,has_measure,?
56,13,noisy_half_text[punctuation] + half_diagram,OK,∠ECD,is_a,angle
56,13,noisy_half_text[punctuation] + half_diagram,OK,∠ECD,has_measure,20_deg
,,,,,,
57,13,noisy_half_text[punctuation] + half_diagram,OK,A,is_a,point
57,13,noisy_half_text[punctuation] + half_diagram,OK,B,is_a,point
57,13,noisy_half_text[punctuation] + half_diagram,OK,C,is_a,point
57,13,noisy_half_text[punctuation] + half_diagram,OK,D,is_a,point
57,13,noisy_half_text[punctuation] + half_diagram,OK,AB,is_a,segment
57,13,noisy_half_text[punctuation] + half_diagram,OK,CD,is_a,segment
57,13,noisy_half_text[punctuation] + half_diagram,OK,AD,is_a,segment
57,13,noisy_half_text[punctuation] + half_diagram,OK,BC,is_a,segment
57,13,noisy_half_text[punctuation] + half_diagram,OK,AB,parallel_to,CD
57,13,noisy_half_text[punctuation] + half_diagram,OK,AD,intersects,A
57,13,noisy_half_text[punctuation] + half_diagram,OK,AD,intersects,D
57,13,noisy_half_text[punctuation] + half_diagram,OK,BC,intersects,B
57,13,noisy_half_text[punctuation] + half_diagram,OK,BC,intersects,C
57,13,noisy_half_text[punctuation] + half_diagram,OK,∠B,is_a,angle
57,13,noisy_half_text[punctuation] + half_diagram,OK,∠B,has_measure,20_deg
57,13,noisy_half_text[punctuation] + half_diagram,OK,∠C,is_a,angle
57,13,noisy_half_text[punctuation] + half_diagram,OK,∠C,has_measure,?
,,,,,,
58,13,noisy_half_text[punctuation] + half_diagram,OK,A,is_a,point
58,13,noisy_half_text[punctuation] + half_diagram,OK,B,is_a,point
58,13,noisy_half_text[punctuation] + half_diagram,OK,C,is_a,point
58,13,noisy_half_text[punctuation] + half_diagram,OK,D,is_a,point
58,13,noisy_half_text[punctuation] + half_diagram,OK,E,is_a,point
58,13,noisy_half_text[punctuation] + half_diagram,OK,AB,is_a,line
58,13,noisy_half_text[punctuation] + half_diagram,OK,CD,is_a,line
58,13,noisy_half_text[punctuation] + half_diagram,OK,EC,is_a,segment
58,13,noisy_half_text[punctuation] + half_diagram,OK,ED,is_a,segment
58,13,noisy_half_text[punctuation] + half_diagram,OK,∠AEC,is_a,angle
58,13,noisy_half_text[punctuation] + half_diagram,OK,∠CED,is_a,angle
58,13,noisy_half_text[punctuation] + half_diagram,OK,AB,parallel_to,CD
58,13,noisy_half_text[punctuation] + half_diagram,OK,E,lies_on,AB
58,13,noisy_half_text[punctuation] + half_diagram,OK,EC,intersects,CD
58,13,noisy_half_text[punctuation] + half_diagram,OK,ED,intersects,CD
58,13,noisy_half_text[punctuation] + half_diagram,OK,∠CED,has_measure,90_deg
58,13,noisy_half_text[punctuation] + half_diagram,OK,∠AEC,has_measure,35_deg
,,,,,,
59,13,noisy_half_text[punctuation] + half_diagram,OK,A,is_a,point
59,13,noisy_half_text[punctuation] + half_diagram,OK,B,is_a,point
59,13,noisy_half_text[punctuation] + half_diagram,OK,C,is_a,point
59,13,noisy_half_text[punctuation] + half_diagram,OK,D,is_a,point
59,13,noisy_half_text[punctuation] + half_diagram,OK,AB,is_a,segment
59,13,noisy_half_text[punctuation] + half_diagram,OK,CD,is_a,segment
59,13,noisy_half_text[punctuation] + half_diagram,OK,AD,is_a,segment
59,13,noisy_half_text[punctuation] + half_diagram,OK,AC,is_a,segment
59,13,noisy_half_text[punctuation] + half_diagram,OK,BC,is_a,segment
59,13,noisy_half_text[punctuation] + half_diagram,OK,AB,parallel_to,CD
59,13,noisy_half_text[punctuation] + half_diagram,OK,AD,bisects,∠BAC
59,13,noisy_half_text[punctuation] + half_diagram,OK,∠ACD,has_measure,80_deg
59,13,noisy_half_text[punctuation] + half_diagram,OK,∠D,is_a,query_target
,,,,,,
60,13,noisy_half_text[punctuation] + half_diagram,OK,A,is_a,point
60,13,noisy_half_text[punctuation] + half_diagram,OK,B,is_a,point
60,13,noisy_half_text[punctuation] + half_diagram,OK,C,is_a,point
60,13,noisy_half_text[punctuation] + half_diagram,OK,D,is_a,point
60,13,noisy_half_text[punctuation] + half_diagram,OK,E,is_a,point
60,13,noisy_half_text[punctuation] + half_diagram,OK,F,is_a,point
60,13,noisy_half_text[punctuation] + half_diagram,OK,P,is_a,point
60,13,noisy_half_text[punctuation] + half_diagram,OK,AB,is_a,segment
60,13,noisy_half_text[punctuation] + half_diagram,OK,CD,is_a,segment
60,13,noisy_half_text[punctuation] + half_diagram,OK,EF,is_a,segment
60,13,noisy_half_text[punctuation] + half_diagram,OK,AB,parallel_to,CD
60,13,noisy_half_text[punctuation] + half_diagram,OK,EF,intersects,AB
60,13,noisy_half_text[punctuation] + half_diagram,OK,EF,intersects,CD
60,13,noisy_half_text[punctuation] + half_diagram,OK,∠CEF,is_a,angle
60,13,noisy_half_text[punctuation] + half_diagram,OK,∠CEF,has_measure,135_deg
60,13,noisy_half_text[punctuation] + half_diagram,OK,∠1,is_a,angle
60,13,noisy_half_text[punctuation] + half_diagram,OK,∠2,is_a,angle
60,13,noisy_half_text[punctuation] + half_diagram,OK,∠1,is_a,query_target
,,,,,,
64,13,noisy_half_text[punctuation] + half_diagram,OK,A,is_a,point
64,13,noisy_half_text[punctuation] + half_diagram,OK,B,is_a,point
64,13,noisy_half_text[punctuation] + half_diagram,OK,O,is_a,point
64,13,noisy_half_text[punctuation] + half_diagram,OK,AB,is_a,segment
64,13,noisy_half_text[punctuation] + half_diagram,OK,AB,has_measure,160_units
64,13,noisy_half_text[punctuation] + half_diagram,OK,O,center_of,circle
64,13,noisy_half_text[punctuation] + half_diagram,OK,AB,lies_on,circle
64,13,noisy_half_text[punctuation] + half_diagram,OK,O,lies_on,circle
64,13,noisy_half_text[punctuation] + half_diagram,OK,circle,has_measure,200_units
64,13,noisy_half_text[punctuation] + half_diagram,OK,?,is_a,depth
64,13,noisy_half_text[punctuation] + half_diagram,OK,?,is_a,query_target
,,,,,,
72,13,noisy_half_text[punctuation] + half_diagram,OK,AB,is_a,segment
72,13,noisy_half_text[punctuation] + half_diagram,OK,BC,is_a,segment
72,13,noisy_half_text[punctuation] + half_diagram,OK,CD,is_a,segment
72,13,noisy_half_text[punctuation] + half_diagram,OK,DA,is_a,segment
72,13,noisy_half_text[punctuation] + half_diagram,OK,AB+BC+CD+DA,has_measure,16
72,13,noisy_half_text[punctuation] + half_diagram,OK,A,is_a,point
72,13,noisy_half_text[punctuation] + half_diagram,OK,B,is_a,point
72,13,noisy_half_text[punctuation] + half_diagram,OK,C,is_a,point
72,13,noisy_half_text[punctuation] + half_diagram,OK,D,is_a,point
72,13,noisy_half_text[punctuation] + half_diagram,OK,O,is_a,point
72,13,noisy_half_text[punctuation] + half_diagram,OK,E,is_a,point
72,13,noisy_half_text[punctuation] + half_diagram,OK,ABCD,is_a,parallelogram
72,13,noisy_half_text[punctuation] + half_diagram,OK,AC,is_a,diagonal
72,13,noisy_half_text[punctuation] + half_diagram,OK,BD,is_a,diagonal
72,13,noisy_half_text[punctuation] + half_diagram,OK,O,lies_on,AC
72,13,noisy_half_text[punctuation] + half_diagram,OK,O,lies_on,BD
72,13,noisy_half_text[punctuation] + half_diagram,OK,OE,is_a,segment
72,13,noisy_half_text[punctuation] + half_diagram,OK,AC,is_a,segment
72,13,noisy_half_text[punctuation] + half_diagram,OK,E,lies_on,AD
72,13,noisy_half_text[punctuation] + half_diagram,OK,OE,perpendicular_to,AC
72,13,noisy_half_text[punctuation] + half_diagram,OK,DCE,is_a,triangle
,,,,,,
73,13,noisy_half_text[punctuation] + half_diagram,OK,A,is_a,point
73,13,noisy_half_text[punctuation] + half_diagram,OK,B,is_a,point
73,13,noisy_half_text[punctuation] + half_diagram,OK,C,is_a,point
73,13,noisy_half_text[punctuation] + half_diagram,OK,O,is_a,point
73,13,noisy_half_text[punctuation] + half_diagram,OK,ABC,is_a,triangle
73,13,noisy_half_text[punctuation] + half_diagram,OK,O,is_a,circle
73,13,noisy_half_text[punctuation] + half_diagram,OK,ABC,lies_on,O
73,13,noisy_half_text[punctuation] + half_diagram,OK,A,connects,B
73,13,noisy_half_text[punctuation] + half_diagram,OK,A,connects,C
73,13,noisy_half_text[punctuation] + half_diagram,OK,B,connects,C
73,13,noisy_half_text[punctuation] + half_diagram,OK,∠ABC,is_a,angle
73,13,noisy_half_text[punctuation] + half_diagram,OK,∠ABC,has_measure,70_deg
73,13,noisy_half_text[punctuation] + half_diagram,OK,O,center_of,O
73,13,noisy_half_text[punctuation] + half_diagram,OK,A,lies_on,O
73,13,noisy_half_text[punctuation] + half_diagram,OK,B,lies_on,O
73,13,noisy_half_text[punctuation] + half_diagram,OK,C,lies_on,O
73,13,noisy_half_text[punctuation] + half_diagram,OK,∠AOC,is_a,angle
73,13,noisy_half_text[punctuation] + half_diagram,OK,?,is_a,query_target
,,,,,,
78,13,noisy_half_text[punctuation] + half_diagram,OK,A,is_a,point
78,13,noisy_half_text[punctuation] + half_diagram,OK,B,is_a,point
78,13,noisy_half_text[punctuation] + half_diagram,OK,C,is_a,point
78,13,noisy_half_text[punctuation] + half_diagram,OK,D,is_a,point
78,13,noisy_half_text[punctuation] + half_diagram,OK,E,is_a,point
78,13,noisy_half_text[punctuation] + half_diagram,OK,AB,is_a,segment
78,13,noisy_half_text[punctuation] + half_diagram,OK,CD,is_a,segment
78,13,noisy_half_text[punctuation] + half_diagram,OK,AE,is_a,segment
78,13,noisy_half_text[punctuation] + half_diagram,OK,∠CAB,is_a,angle
78,13,noisy_half_text[punctuation] + half_diagram,OK,∠AED,is_a,angle
78,13,noisy_half_text[punctuation] + half_diagram,OK,AB,parallel_to,CD
78,13,noisy_half_text[punctuation] + half_diagram,OK,E,lies_on,CD
78,13,noisy_half_text[punctuation] + half_diagram,OK,AE,bisects,∠CAB
78,13,noisy_half_text[punctuation] + half_diagram,OK,∠AED,has_measure,?
,,,,,,
79,13,noisy_half_text[punctuation] + half_diagram,OK,A,is_a,point
79,13,noisy_half_text[punctuation] + half_diagram,OK,B,is_a,point
79,13,noisy_half_text[punctuation] + half_diagram,OK,C,is_a,point
79,13,noisy_half_text[punctuation] + half_diagram,OK,D,is_a,point
79,13,noisy_half_text[punctuation] + half_diagram,OK,O,is_a,point
79,13,noisy_half_text[punctuation] + half_diagram,OK,E,is_a,point
79,13,noisy_half_text[punctuation] + half_diagram,OK,AB,is_a,segment
79,13,noisy_half_text[punctuation] + half_diagram,OK,BC,is_a,segment
79,13,noisy_half_text[punctuation] + half_diagram,OK,CD,is_a,segment
79,13,noisy_half_text[punctuation] + half_diagram,OK,DA,is_a,segment
79,13,noisy_half_text[punctuation] + half_diagram,OK,AC,is_a,segment
79,13,noisy_half_text[punctuation] + half_diagram,OK,BD,is_a,segment
79,13,noisy_half_text[punctuation] + half_diagram,OK,ABCD,is_a,parallelogram
79,13,noisy_half_text[punctuation] + half_diagram,OK,AC,intersects,BD
79,13,noisy_half_text[punctuation] + half_diagram,OK,AC,intersects,E
79,13,noisy_half_text[punctuation] + half_diagram,OK,BD,intersects,O
79,13,noisy_half_text[punctuation] + half_diagram,OK,E,lies_on,AD
79,13,noisy_half_text[punctuation] + half_diagram,OK,O,lies_on,AC
79,13,noisy_half_text[punctuation] + half_diagram,OK,O,lies_on,BD
79,13,noisy_half_text[punctuation] + half_diagram,OK,AB + BC + CD + DA,has_measure,32_units
79,13,noisy_half_text[punctuation] + half_diagram,OK,EO,perpendicular_to,AC
,,,,,,
81,13,noisy_half_text[punctuation] + half_diagram,OK,A,is_a,point
81,13,noisy_half_text[punctuation] + half_diagram,OK,B,is_a,point
81,13,noisy_half_text[punctuation] + half_diagram,OK,C,is_a,point
81,13,noisy_half_text[punctuation] + half_diagram,OK,D,is_a,point
81,13,noisy_half_text[punctuation] + half_diagram,OK,E,is_a,point
81,13,noisy_half_text[punctuation] + half_diagram,OK,ABC,is_a,triangle
81,13,noisy_half_text[punctuation] + half_diagram,OK,∠BAC,is_a,angle
81,13,noisy_half_text[punctuation] + half_diagram,OK,∠BAC,has_measure,90_deg
81,13,noisy_half_text[punctuation] + half_diagram,OK,∠ABC,is_a,angle
81,13,noisy_half_text[punctuation] + half_diagram,OK,∠ABC,has_measure,50_deg
81,13,noisy_half_text[punctuation] + half_diagram,OK,AD,is_a,segment
81,13,noisy_half_text[punctuation] + half_diagram,OK,AD,perpendicular_to,BC
81,13,noisy_half_text[punctuation] + half_diagram,OK,AE,is_a,segment
81,13,noisy_half_text[punctuation] + half_diagram,OK,∠DAC,is_a,angle
81,13,noisy_half_text[punctuation] + half_diagram,OK,E,lies_on,DC
81,13,noisy_half_text[punctuation] + half_diagram,OK,∠DAE,is_a,angle
,,,,,,
84,13,noisy_half_text[punctuation] + half_diagram,OK,A,is_a,point
84,13,noisy_half_text[punctuation] + half_diagram,OK,B,is_a,point
84,13,noisy_half_text[punctuation] + half_diagram,OK,C,is_a,point
84,13,noisy_half_text[punctuation] + half_diagram,OK,O,is_a,point
84,13,noisy_half_text[punctuation] + half_diagram,OK,ABC,is_a,triangle
84,13,noisy_half_text[punctuation] + half_diagram,OK,O,is_a,circle
84,13,noisy_half_text[punctuation] + half_diagram,OK,A,lies_on,O
84,13,noisy_half_text[punctuation] + half_diagram,OK,B,lies_on,O
84,13,noisy_half_text[punctuation] + half_diagram,OK,C,lies_on,O
84,13,noisy_half_text[punctuation] + half_diagram,OK,O,center_of,O
84,13,noisy_half_text[punctuation] + half_diagram,OK,AB,is_a,segment
84,13,noisy_half_text[punctuation] + half_diagram,OK,BC,is_a,segment
84,13,noisy_half_text[punctuation] + half_diagram,OK,CA,is_a,segment
84,13,noisy_half_text[punctuation] + half_diagram,OK,∠BAC,is_a,angle
84,13,noisy_half_text[punctuation] + half_diagram,OK,∠BAC,has_measure,60_deg
84,13,noisy_half_text[punctuation] + half_diagram,OK,BC,has_measure,?
84,13,noisy_half_text[punctuation] + half_diagram,OK,AC,has_measure,1_unit
84,13,noisy_half_text[punctuation] + half_diagram,OK,Triangle ABC,is_a,"inscribed_in, O"
,,,,,,
86,13,noisy_half_text[punctuation] + half_diagram,OK,A,is_a,point
86,13,noisy_half_text[punctuation] + half_diagram,OK,B,is_a,point
86,13,noisy_half_text[punctuation] + half_diagram,OK,C,is_a,point
86,13,noisy_half_text[punctuation] + half_diagram,OK,O,is_a,point
86,13,noisy_half_text[punctuation] + half_diagram,OK,AB,is_a,segment
86,13,noisy_half_text[punctuation] + half_diagram,OK,AC,is_a,segment
86,13,noisy_half_text[punctuation] + half_diagram,OK,BC,is_a,segment
86,13,noisy_half_text[punctuation] + half_diagram,OK,∠BAC,is_a,angle
86,13,noisy_half_text[punctuation] + half_diagram,OK,∠BAC,has_measure,60_deg
86,13,noisy_half_text[punctuation] + half_diagram,OK,O,is_a,"center_of, Circle O"
86,13,noisy_half_text[punctuation] + half_diagram,OK,Circle O,is_a,"circumscribed_circle, triangle ABC"
86,13,noisy_half_text[punctuation] + half_diagram,OK,OB,is_a,"radius, Circle O"
86,13,noisy_half_text[punctuation] + half_diagram,OK,OC,is_a,"radius, Circle O"
86,13,noisy_half_text[punctuation] + half_diagram,OK,∠BOC,is_a,angle
86,13,noisy_half_text[punctuation] + half_diagram,OK,∠BOC,has_measure,120_deg
86,13,noisy_half_text[punctuation] + half_diagram,OK,BC,is_a,"diameter, Circle O"
86,13,noisy_half_text[punctuation] + half_diagram,OK,BC,has_measure,?
86,13,noisy_half_text[punctuation] + half_diagram,OK,BC,is_a,query_target
,,,,,,
88,13,noisy_half_text[punctuation] + half_diagram,OK,A,is_a,point
88,13,noisy_half_text[punctuation] + half_diagram,OK,B,is_a,point
88,13,noisy_half_text[punctuation] + half_diagram,OK,C,is_a,point
88,13,noisy_half_text[punctuation] + half_diagram,OK,O,is_a,point
88,13,noisy_half_text[punctuation] + half_diagram,OK,AB,is_a,segment
88,13,noisy_half_text[punctuation] + half_diagram,OK,AC,is_a,segment
88,13,noisy_half_text[punctuation] + half_diagram,OK,BC,is_a,segment
88,13,noisy_half_text[punctuation] + half_diagram,OK,∠ACB,is_a,angle
88,13,noisy_half_text[punctuation] + half_diagram,OK,∠ABO,is_a,angle
88,13,noisy_half_text[punctuation] + half_diagram,OK,∠BOC,is_a,angle
88,13,noisy_half_text[punctuation] + half_diagram,OK,A,lies_on,circle_O
88,13,noisy_half_text[punctuation] + half_diagram,OK,B,lies_on,circle_O
88,13,noisy_half_text[punctuation] + half_diagram,OK,C,lies_on,circle_O
88,13,noisy_half_text[punctuation] + half_diagram,OK,O,center_of,circle_O
88,13,noisy_half_text[punctuation] + half_diagram,OK,∠ACB,has_measure,42_deg
88,13,noisy_half_text[punctuation] + half_diagram,OK,∠ABO,has_measure,22_deg
88,13,noisy_half_text[punctuation] + half_diagram,OK,∠BOC,has_measure,?
,,,,,,
95,13,noisy_half_text[punctuation] + half_diagram,OK,O,is_a,circle
95,13,noisy_half_text[punctuation] + half_diagram,OK,B,is_a,point
95,13,noisy_half_text[punctuation] + half_diagram,OK,C,is_a,point
95,13,noisy_half_text[punctuation] + half_diagram,OK,O,is_a,point
95,13,noisy_half_text[punctuation] + half_diagram,OK,A,is_a,point
95,13,noisy_half_text[punctuation] + half_diagram,OK,D,is_a,point
95,13,noisy_half_text[punctuation] + half_diagram,OK,BC,is_a,chord
95,13,noisy_half_text[punctuation] + half_diagram,OK,OA,is_a,radius
95,13,noisy_half_text[punctuation] + half_diagram,OK,AB,is_a,segment
95,13,noisy_half_text[punctuation] + half_diagram,OK,OC,is_a,segment
95,13,noisy_half_text[punctuation] + half_diagram,OK,ADC,is_a,angle
95,13,noisy_half_text[punctuation] + half_diagram,OK,∠ADC,has_measure,90_deg
95,13,noisy_half_text[punctuation] + half_diagram,OK,∠BDA,has_measure,60_deg
95,13,noisy_half_text[punctuation] + half_diagram,OK,BC,intersects,D
95,13,noisy_half_text[punctuation] + half_diagram,OK,OA,intersects,D
95,13,noisy_half_text[punctuation] + half_diagram,OK,AB,connects,B
95,13,noisy_half_text[punctuation] + half_diagram,OK,AB,connects,A
95,13,noisy_half_text[punctuation] + half_diagram,OK,OC,connects,O
95,13,noisy_half_text[punctuation] + half_diagram,OK,OC,connects,C
,,,,,,
99,13,noisy_half_text[punctuation] + half_diagram,OK,O,is_a,circle
99,13,noisy_half_text[punctuation] + half_diagram,OK,AB,is_a,diameter
99,13,noisy_half_text[punctuation] + half_diagram,OK,AB,lies_on,O
99,13,noisy_half_text[punctuation] + half_diagram,OK,CD,is_a,chord
99,13,noisy_half_text[punctuation] + half_diagram,OK,CD,lies_on,O
99,13,noisy_half_text[punctuation] + half_diagram,OK,A,is_a,point
99,13,noisy_half_text[punctuation] + half_diagram,OK,B,is_a,point
99,13,noisy_half_text[punctuation] + half_diagram,OK,C,is_a,point
99,13,noisy_half_text[punctuation] + half_diagram,OK,D,is_a,point
99,13,noisy_half_text[punctuation] + half_diagram,OK,∠CAD,is_a,angle
99,13,noisy_half_text[punctuation] + half_diagram,OK,∠CAD,has_measure,26_deg
99,13,noisy_half_text[punctuation] + half_diagram,OK,∠CAB,is_a,angle
99,13,noisy_half_text[punctuation] + half_diagram,OK,∠CAB,has_measure,?
99,13,noisy_half_text[punctuation] + half_diagram,OK,O,center_of,O
99,13,noisy_half_text[punctuation] + half_diagram,OK,AB,diameter_of,O
99,13,noisy_half_text[punctuation] + half_diagram,OK,CD,connects,C
99,13,noisy_half_text[punctuation] + half_diagram,OK,CD,connects,D
99,13,noisy_half_text[punctuation] + half_diagram,OK,AB,connects,A
99,13,noisy_half_text[punctuation] + half_diagram,OK,AB,connects,B
99,13,noisy_half_text[punctuation] + half_diagram,OK,A,lies_on,O
99,13,noisy_half_text[punctuation] + half_diagram,OK,B,lies_on,O
99,13,noisy_half_text[punctuation] + half_diagram,OK,C,lies_on,O
99,13,noisy_half_text[punctuation] + half_diagram,OK,D,lies_on,O
,,,,,,
108,13,noisy_half_text[punctuation] + half_diagram,OK,CD,is_a,segment
108,13,noisy_half_text[punctuation] + half_diagram,OK,CD,has_measure,8.0_units
108,13,noisy_half_text[punctuation] + half_diagram,OK,O,is_a,point
108,13,noisy_half_text[punctuation] + half_diagram,OK,O,is_a,"center_of, circular_arch"
108,13,noisy_half_text[punctuation] + half_diagram,OK,AB,is_a,segment
108,13,noisy_half_text[punctuation] + half_diagram,OK,AB,is_a,water_surface
108,13,noisy_half_text[punctuation] + half_diagram,OK,AB,is_a,query_target
108,13,noisy_half_text[punctuation] + half_diagram,OK,C,is_a,point
108,13,noisy_half_text[punctuation] + half_diagram,OK,D,is_a,point
108,13,noisy_half_text[punctuation] + half_diagram,OK,A,is_a,point
108,13,noisy_half_text[punctuation] + half_diagram,OK,B,is_a,point
108,13,noisy_half_text[punctuation] + half_diagram,OK,CD,connects,"C, D"
108,13,noisy_half_text[punctuation] + half_diagram,OK,AB,connects,"A, B"
,,,,,,
109,13,noisy_half_text[punctuation] + half_diagram,OK,ABC,is_a,triangle
109,13,noisy_half_text[punctuation] + half_diagram,OK,DE,is_a,segment
109,13,noisy_half_text[punctuation] + half_diagram,OK,DE,intersects,AB
109,13,noisy_half_text[punctuation] + half_diagram,OK,DE,intersects,BC
109,13,noisy_half_text[punctuation] + half_diagram,OK,ADB,is_a,angle
109,13,noisy_half_text[punctuation] + half_diagram,OK,ADB,has_measure,130_deg
109,13,noisy_half_text[punctuation] + half_diagram,OK,BEC,is_a,angle
109,13,noisy_half_text[punctuation] + half_diagram,OK,BEC,has_measure,?
109,13,noisy_half_text[punctuation] + half_diagram,OK,α,is_a,angle
109,13,noisy_half_text[punctuation] + half_diagram,OK,β,is_a,angle
,,,,,,
112,13,noisy_half_text[punctuation] + half_diagram,OK,A,is_a,point
112,13,noisy_half_text[punctuation] + half_diagram,OK,B,is_a,point
112,13,noisy_half_text[punctuation] + half_diagram,OK,O,is_a,point
112,13,noisy_half_text[punctuation] + half_diagram,OK,AB,is_a,segment
112,13,noisy_half_text[punctuation] + half_diagram,OK,AO,is_a,segment
112,13,noisy_half_text[punctuation] + half_diagram,OK,OB,is_a,segment
112,13,noisy_half_text[punctuation] + half_diagram,OK,AO,connects,A
112,13,noisy_half_text[punctuation] + half_diagram,OK,AO,connects,O
112,13,noisy_half_text[punctuation] + half_diagram,OK,AB,connects,A
112,13,noisy_half_text[punctuation] + half_diagram,OK,AB,connects,B
112,13,noisy_half_text[punctuation] + half_diagram,OK,OB,connects,O
112,13,noisy_half_text[punctuation] + half_diagram,OK,OB,connects,B
112,13,noisy_half_text[punctuation] + half_diagram,OK,AB,has_measure,2.5_units
112,13,noisy_half_text[punctuation] + half_diagram,OK,OB,has_measure,0.7_units
112,13,noisy_half_text[punctuation] + half_diagram,OK,AO,is_a,height
112,13,noisy_half_text[punctuation] + half_diagram,OK,AB,is_a,slant_height
112,13,noisy_half_text[punctuation] + half_diagram,OK,AO,is_a,?
,,,,,,
114,13,noisy_half_text[punctuation] + half_diagram,OK,O,is_a,point
114,13,noisy_half_text[punctuation] + half_diagram,OK,A,is_a,point
114,13,noisy_half_text[punctuation] + half_diagram,OK,B,is_a,point
114,13,noisy_half_text[punctuation] + half_diagram,OK,OA,is_a,diameter
114,13,noisy_half_text[punctuation] + half_diagram,OK,OB,is_a,diameter
114,13,noisy_half_text[punctuation] + half_diagram,OK,OA,has_measure,1.0
114,13,noisy_half_text[punctuation] + half_diagram,OK,OB,has_measure,1.0
114,13,noisy_half_text[punctuation] + half_diagram,OK,OAB,is_a,sector
114,13,noisy_half_text[punctuation] + half_diagram,OK,∠AOB,is_a,angle
114,13,noisy_half_text[punctuation] + half_diagram,OK,∠AOB,has_measure,90_deg
114,13,noisy_half_text[punctuation] + half_diagram,OK,shaded_part,is_a,area
114,13,noisy_half_text[punctuation] + half_diagram,OK,shaded_part,has_measure,?
114,13,noisy_half_text[punctuation] + half_diagram,OK,OA,connects,O
114,13,noisy_half_text[punctuation] + half_diagram,OK,OA,connects,A
114,13,noisy_half_text[punctuation] + half_diagram,OK,OB,connects,O
114,13,noisy_half_text[punctuation] + half_diagram,OK,OB,connects,B
114,13,noisy_half_text[punctuation] + half_diagram,OK,OAB,center_of,O
114,13,noisy_half_text[punctuation] + half_diagram,OK,OAB,radius_of,1.0
114,13,noisy_half_text[punctuation] + half_diagram,OK,OAB,diameter_of,1.0
114,13,noisy_half_text[punctuation] + half_diagram,OK,shaded_part,lies_on,OAB
,,,,,,
115,13,noisy_half_text[punctuation] + half_diagram,OK,sector,is_a,paper_sheet
115,13,noisy_half_text[punctuation] + half_diagram,OK,sector,has_measure,120_deg
115,13,noisy_half_text[punctuation] + half_diagram,OK,sector,has_measure,6_units
115,13,noisy_half_text[punctuation] + half_diagram,OK,sector,has_measure,?_units
115,13,noisy_half_text[punctuation] + half_diagram,OK,conical_cap,is_a,paper_cap
115,13,noisy_half_text[punctuation] + half_diagram,OK,conical_cap,is_a,bottomless
115,13,noisy_half_text[punctuation] + half_diagram,OK,conical_cap,has_measure,?_units
115,13,noisy_half_text[punctuation] + half_diagram,OK,perimeter,is_a,?
115,13,noisy_half_text[punctuation] + half_diagram,OK,perimeter,is_a,target
115,13,noisy_half_text[punctuation] + half_diagram,OK,sector,mapped_to,conical_cap
,,,,,,
117,13,noisy_half_text[punctuation] + half_diagram,OK,sector,is_a,sector_piece_of_paper
117,13,noisy_half_text[punctuation] + half_diagram,OK,sector,has_measure,120_deg
117,13,noisy_half_text[punctuation] + half_diagram,OK,sector,is_rolled_into,cone
117,13,noisy_half_text[punctuation] + half_diagram,OK,cone,is_a,bottomless_paper_cap
117,13,noisy_half_text[punctuation] + half_diagram,OK,cone,has_measure,3_units
117,13,noisy_half_text[punctuation] + half_diagram,OK,cone,has_measure,?
117,13,noisy_half_text[punctuation] + half_diagram,OK,cone,is_a,cone-shaped_bottomless_paper_cap
117,13,noisy_half_text[punctuation] + half_diagram,OK,height,is_a,query_target
,,,,,,
119,13,noisy_half_text[punctuation] + half_diagram,OK,sector_cardboard,is_a,sector
119,13,noisy_half_text[punctuation] + half_diagram,OK,conical_hat,is_a,cone
119,13,noisy_half_text[punctuation] + half_diagram,OK,sector_cardboard,mapped_to,conical_hat
119,13,noisy_half_text[punctuation] + half_diagram,OK,conical_hat,has_measure,10.0_cm
119,13,noisy_half_text[punctuation] + half_diagram,OK,sector_cardboard,has_measure,24
119,13,noisy_half_text[punctuation] + half_diagram,OK,sector_cardboard,has_measure,?
,,,,,,
120,13,noisy_half_text[punctuation] + half_diagram,OK,cone,is_a,cone
120,13,noisy_half_text[punctuation] + half_diagram,OK,generatrix,is_a,segment
120,13,noisy_half_text[punctuation] + half_diagram,OK,generatrix,has_measure,5.0_units
120,13,noisy_half_text[punctuation] + half_diagram,OK,area,is_a,area
120,13,noisy_half_text[punctuation] + half_diagram,OK,area,has_measure,?
120,13,noisy_half_text[punctuation] + half_diagram,OK,height,is_a,segment
120,13,noisy_half_text[punctuation] + half_diagram,OK,height,has_measure,4_units
120,13,noisy_half_text[punctuation] + half_diagram,OK,cone,has_measure,area
120,13,noisy_half_text[punctuation] + half_diagram,OK,cone,has_measure,generatrix
120,13,noisy_half_text[punctuation] + half_diagram,OK,cone,has_measure,height
,,,,,,
123,13,noisy_half_text[punctuation] + half_diagram,OK,A,is_a,point
123,13,noisy_half_text[punctuation] + half_diagram,OK,B,is_a,point
123,13,noisy_half_text[punctuation] + half_diagram,OK,C,is_a,point
123,13,noisy_half_text[punctuation] + half_diagram,OK,AC,is_a,segment
123,13,noisy_half_text[punctuation] + half_diagram,OK,BC,is_a,segment
123,13,noisy_half_text[punctuation] + half_diagram,OK,AB,is_a,segment
123,13,noisy_half_text[punctuation] + half_diagram,OK,∠ACB,is_a,angle
123,13,noisy_half_text[punctuation] + half_diagram,OK,∠ACB,has_measure,90_deg
123,13,noisy_half_text[punctuation] + half_diagram,OK,BC,has_measure,3_units
123,13,noisy_half_text[punctuation] + half_diagram,OK,AC,has_measure,4_units
123,13,noisy_half_text[punctuation] + half_diagram,OK,ABC,is_a,triangle
123,13,noisy_half_text[punctuation] + half_diagram,OK,ABC,is_a,right_triangle
123,13,noisy_half_text[punctuation] + half_diagram,OK,Lateral Surface Area,is_a,query_target
,,,,,,
128,13,noisy_half_text[punctuation] + half_diagram,OK,O,is_a,point
128,13,noisy_half_text[punctuation] + half_diagram,OK,A,is_a,point
128,13,noisy_half_text[punctuation] + half_diagram,OK,B,is_a,point
128,13,noisy_half_text[punctuation] + half_diagram,OK,OA,is_a,segment
128,13,noisy_half_text[punctuation] + half_diagram,OK,OB,is_a,segment
128,13,noisy_half_text[punctuation] + half_diagram,OK,AB,is_a,segment
128,13,noisy_half_text[punctuation] + half_diagram,OK,∠AOB,is_a,angle
128,13,noisy_half_text[punctuation] + half_diagram,OK,OA,has_measure,6_units
128,13,noisy_half_text[punctuation] + half_diagram,OK,∠AOB,has_measure,120_deg
128,13,noisy_half_text[punctuation] + half_diagram,OK,?,is_a,diameter
128,13,noisy_half_text[punctuation] + half_diagram,OK,?,is_a,query_target
,,,,,,
132,13,noisy_half_text[punctuation] + half_diagram,OK,A,is_a,point
132,13,noisy_half_text[punctuation] + half_diagram,OK,B,is_a,point
132,13,noisy_half_text[punctuation] + half_diagram,OK,C,is_a,point
132,13,noisy_half_text[punctuation] + half_diagram,OK,D,is_a,point
132,13,noisy_half_text[punctuation] + half_diagram,OK,E,is_a,point
132,13,noisy_half_text[punctuation] + half_diagram,OK,F,is_a,point
132,13,noisy_half_text[punctuation] + half_diagram,OK,G,is_a,point
132,13,noisy_half_text[punctuation] + half_diagram,OK,AB,is_a,segment
132,13,noisy_half_text[punctuation] + half_diagram,OK,BC,is_a,segment
132,13,noisy_half_text[punctuation] + half_diagram,OK,DE,is_a,segment
132,13,noisy_half_text[punctuation] + half_diagram,OK,EF,is_a,segment
132,13,noisy_half_text[punctuation] + half_diagram,OK,GE,is_a,segment
132,13,noisy_half_text[punctuation] + half_diagram,OK,A,lies_on,AB
132,13,noisy_half_text[punctuation] + half_diagram,OK,B,lies_on,AB
132,13,noisy_half_text[punctuation] + half_diagram,OK,C,lies_on,AB
132,13,noisy_half_text[punctuation] + half_diagram,OK,D,lies_on,BD
132,13,noisy_half_text[punctuation] + half_diagram,OK,E,lies_on,DE
132,13,noisy_half_text[punctuation] + half_diagram,OK,F,lies_on,EF
132,13,noisy_half_text[punctuation] + half_diagram,OK,G,lies_on,GE
132,13,noisy_half_text[punctuation] + half_diagram,OK,A,collinear_with,B
132,13,noisy_half_text[punctuation] + half_diagram,OK,A,collinear_with,C
132,13,noisy_half_text[punctuation] + half_diagram,OK,B,collinear_with,C
132,13,noisy_half_text[punctuation] + half_diagram,OK,BC,has_measure,0.6_units
132,13,noisy_half_text[punctuation] + half_diagram,OK,DE,has_measure,0.6_units
132,13,noisy_half_text[punctuation] + half_diagram,OK,GE,has_measure,2.0_units
132,13,noisy_half_text[punctuation] + half_diagram,OK,EF,has_measure,1.6_units
,,,,,,
133,13,noisy_half_text[punctuation] + half_diagram,OK,P,is_a,point
133,13,noisy_half_text[punctuation] + half_diagram,OK,Q,is_a,point
133,13,noisy_half_text[punctuation] + half_diagram,OK,S,is_a,point
133,13,noisy_half_text[punctuation] + half_diagram,OK,T,is_a,point
133,13,noisy_half_text[punctuation] + half_diagram,OK,R,is_a,point
133,13,noisy_half_text[punctuation] + half_diagram,OK,PQ,is_a,segment
133,13,noisy_half_text[punctuation] + half_diagram,OK,PS,is_a,segment
133,13,noisy_half_text[punctuation] + half_diagram,OK,QS,is_a,segment
133,13,noisy_half_text[punctuation] + half_diagram,OK,QR,is_a,segment
133,13,noisy_half_text[punctuation] + half_diagram,OK,RT,is_a,segment
133,13,noisy_half_text[punctuation] + half_diagram,OK,QS,has_measure,60.0_m
133,13,noisy_half_text[punctuation] + half_diagram,OK,QR,has_measure,80.0_m
133,13,noisy_half_text[punctuation] + half_diagram,OK,ST,has_measure,120_m
133,13,noisy_half_text[punctuation] + half_diagram,OK,Q,lies_on,PS
133,13,noisy_half_text[punctuation] + half_diagram,OK,S,lies_on,PS
133,13,noisy_half_text[punctuation] + half_diagram,OK,T,lies_on,a
133,13,noisy_half_text[punctuation] + half_diagram,OK,R,lies_on,b
133,13,noisy_half_text[punctuation] + half_diagram,OK,P,lies_on,P
133,13,noisy_half_text[punctuation] + half_diagram,OK,Q,lies_on,Q
133,13,noisy_half_text[punctuation] + half_diagram,OK,S,lies_on,S
133,13,noisy_half_text[punctuation] + half_diagram,OK,T,lies_on,T
133,13,noisy_half_text[punctuation] + half_diagram,OK,R,lies_on,R
133,13,noisy_half_text[punctuation] + half_diagram,OK,PS,perpendicular_to,a
133,13,noisy_half_text[punctuation] + half_diagram,OK,QS,connects,Q
133,13,noisy_half_text[punctuation] + half_diagram,OK,QS,connects,S
133,13,noisy_half_text[punctuation] + half_diagram,OK,QR,connects,Q
133,13,noisy_half_text[punctuation] + half_diagram,OK,QR,connects,R
133,13,noisy_half_text[punctuation] + half_diagram,OK,PS,connects,P
133,13,noisy_half_text[punctuation] + half_diagram,OK,PS,connects,S
133,13,noisy_half_text[punctuation] + half_diagram,OK,RT,connects,R
133,13,noisy_half_text[punctuation] + half_diagram,OK,RT,connects,T
133,13,noisy_half_text[punctuation] + half_diagram,OK,PQ,connects,P
133,13,noisy_half_text[punctuation] + half_diagram,OK,PQ,connects,Q
,,,,,,
149,13,noisy_half_text[punctuation] + half_diagram,OK,A,is_a,point
149,13,noisy_half_text[punctuation] + half_diagram,OK,B,is_a,point
149,13,noisy_half_text[punctuation] + half_diagram,OK,C,is_a,point
149,13,noisy_half_text[punctuation] + half_diagram,OK,D,is_a,point
149,13,noisy_half_text[punctuation] + half_diagram,OK,E,is_a,point
149,13,noisy_half_text[punctuation] + half_diagram,OK,AC,is_a,segment
149,13,noisy_half_text[punctuation] + half_diagram,OK,BD,is_a,segment
149,13,noisy_half_text[punctuation] + half_diagram,OK,CD,is_a,segment
149,13,noisy_half_text[punctuation] + half_diagram,OK,ED,is_a,segment
149,13,noisy_half_text[punctuation] + half_diagram,OK,AC,has_measure,3.0
149,13,noisy_half_text[punctuation] + half_diagram,OK,CD,has_measure,10.0
149,13,noisy_half_text[punctuation] + half_diagram,OK,BD,has_measure,6.0
149,13,noisy_half_text[punctuation] + half_diagram,OK,CD,is_a,plane_mirror
149,13,noisy_half_text[punctuation] + half_diagram,OK,AC,perpendicular_to,CD
149,13,noisy_half_text[punctuation] + half_diagram,OK,BD,perpendicular_to,CD
149,13,noisy_half_text[punctuation] + half_diagram,OK,ED,is_a,query_target
,,,,,,
150,13,noisy_half_text[punctuation] + half_diagram,OK,A,is_a,point
150,13,noisy_half_text[punctuation] + half_diagram,OK,B,is_a,point
150,13,noisy_half_text[punctuation] + half_diagram,OK,C,is_a,point
150,13,noisy_half_text[punctuation] + half_diagram,OK,E,is_a,point
150,13,noisy_half_text[punctuation] + half_diagram,OK,D,is_a,point
150,13,noisy_half_text[punctuation] + half_diagram,OK,AC,is_a,segment
150,13,noisy_half_text[punctuation] + half_diagram,OK,BD,is_a,segment
150,13,noisy_half_text[punctuation] + half_diagram,OK,CE,is_a,segment
150,13,noisy_half_text[punctuation] + half_diagram,OK,A,B,"C, are colinear"
150,13,noisy_half_text[punctuation] + half_diagram,OK,BD,is perpendicular to,AC
150,13,noisy_half_text[punctuation] + half_diagram,OK,CE,is perpendicular to,AC
150,13,noisy_half_text[punctuation] + half_diagram,OK,AB,has_measure,2.0
150,13,noisy_half_text[punctuation] + half_diagram,OK,BD,has_measure,7/3
150,13,noisy_half_text[punctuation] + half_diagram,OK,CE,has_measure,9
150,13,noisy_half_text[punctuation] + half_diagram,OK,BC,has_measure,?
,,,,,,
151,13,noisy_half_text[punctuation] + half_diagram,OK,student,is_a,point
151,13,noisy_half_text[punctuation] + half_diagram,OK,tree,is_a,point
151,13,noisy_half_text[punctuation] + half_diagram,OK,lake,is_a,point
151,13,noisy_half_text[punctuation] + half_diagram,OK,reflection,is_a,point
151,13,noisy_half_text[punctuation] + half_diagram,OK,student,connects,lake
151,13,noisy_half_text[punctuation] + half_diagram,OK,lake,connects,tree
151,13,noisy_half_text[punctuation] + half_diagram,OK,lake,connects,reflection
151,13,noisy_half_text[punctuation] + half_diagram,OK,student,has_measure,1.7_units
151,13,noisy_half_text[punctuation] + half_diagram,OK,reflection,has_measure,5.0_units
151,13,noisy_half_text[punctuation] + half_diagram,OK,tree,has_measure,?
151,13,noisy_half_text[punctuation] + half_diagram,OK,student,has_measure,5_units
151,13,noisy_half_text[punctuation] + half_diagram,OK,student,has_measure,20_units
151,13,noisy_half_text[punctuation] + half_diagram,OK,student,is_a,student
151,13,noisy_half_text[punctuation] + half_diagram,OK,tree,is_a,tree
151,13,noisy_half_text[punctuation] + half_diagram,OK,lake,is_a,lake
151,13,noisy_half_text[punctuation] + half_diagram,OK,reflection,is_a,reflection
151,13,noisy_half_text[punctuation] + half_diagram,OK,student,connects,tree
,,,,,,
152,13,noisy_half_text[punctuation] + half_diagram,OK,A,is_a,point
152,13,noisy_half_text[punctuation] + half_diagram,OK,B,is_a,point
152,13,noisy_half_text[punctuation] + half_diagram,OK,C,is_a,point
152,13,noisy_half_text[punctuation] + half_diagram,OK,D,is_a,point
152,13,noisy_half_text[punctuation] + half_diagram,OK,AB,is_a,segment
152,13,noisy_half_text[punctuation] + half_diagram,OK,BC,is_a,segment
152,13,noisy_half_text[punctuation] + half_diagram,OK,CD,is_a,segment
152,13,noisy_half_text[punctuation] + half_diagram,OK,CE,is_a,segment
152,13,noisy_half_text[punctuation] + half_diagram,OK,AB,connects,A
152,13,noisy_half_text[punctuation] + half_diagram,OK,AB,connects,B
152,13,noisy_half_text[punctuation] + half_diagram,OK,BC,connects,B
152,13,noisy_half_text[punctuation] + half_diagram,OK,BC,connects,C
152,13,noisy_half_text[punctuation] + half_diagram,OK,CD,connects,C
152,13,noisy_half_text[punctuation] + half_diagram,OK,CD,connects,D
152,13,noisy_half_text[punctuation] + half_diagram,OK,CE,connects,C
152,13,noisy_half_text[punctuation] + half_diagram,OK,CE,connects,E
152,13,noisy_half_text[punctuation] + half_diagram,OK,AB,has_measure,?
152,13,noisy_half_text[punctuation] + half_diagram,OK,BC,has_measure,1.6_units
152,13,noisy_half_text[punctuation] + half_diagram,OK,CD,has_measure,1.4_units
152,13,noisy_half_text[punctuation] + half_diagram,OK,CE,has_measure,0.5_units
152,13,noisy_half_text[punctuation] + half_diagram,OK,AB,is_a,ladder
152,13,noisy_half_text[punctuation] + half_diagram,OK,AB,leans_against,wall
152,13,noisy_half_text[punctuation] + half_diagram,OK,D,lies_on,AB
152,13,noisy_half_text[punctuation] + half_diagram,OK,AB,is_a,climbing_ladder
,,,,,,
153,13,noisy_half_text[punctuation] + half_diagram,OK,A,is_a,point
153,13,noisy_half_text[punctuation] + half_diagram,OK,B,is_a,point
153,13,noisy_half_text[punctuation] + half_diagram,OK,C,is_a,point
153,13,noisy_half_text[punctuation] + half_diagram,OK,D,is_a,point
153,13,noisy_half_text[punctuation] + half_diagram,OK,E,is_a,point
153,13,noisy_half_text[punctuation] + half_diagram,OK,AB,is_a,segment
153,13,noisy_half_text[punctuation] + half_diagram,OK,BC,is_a,segment
153,13,noisy_half_text[punctuation] + half_diagram,OK,DE,is_a,segment
153,13,noisy_half_text[punctuation] + half_diagram,OK,AB,connects,A
153,13,noisy_half_text[punctuation] + half_diagram,OK,AB,connects,B
153,13,noisy_half_text[punctuation] + half_diagram,OK,BC,connects,B
153,13,noisy_half_text[punctuation] + half_diagram,OK,BC,connects,C
153,13,noisy_half_text[punctuation] + half_diagram,OK,DE,connects,D
153,13,noisy_half_text[punctuation] + half_diagram,OK,DE,connects,E
153,13,noisy_half_text[punctuation] + half_diagram,OK,DE,has_measure,1.8_units
153,13,noisy_half_text[punctuation] + half_diagram,OK,BC,has_measure,1.0_units
153,13,noisy_half_text[punctuation] + half_diagram,OK,AB,has_measure,?
153,13,noisy_half_text[punctuation] + half_diagram,OK,AB,is_a,query_target
,,,,,,
157,13,noisy_half_text[punctuation] + half_diagram,OK,A,is_a,point
157,13,noisy_half_text[punctuation] + half_diagram,OK,B,is_a,point
157,13,noisy_half_text[punctuation] + half_diagram,OK,C,is_a,point
157,13,noisy_half_text[punctuation] + half_diagram,OK,ABC,is_a,triangle
157,13,noisy_half_text[punctuation] + half_diagram,OK,AC,is_a,segment
157,13,noisy_half_text[punctuation] + half_diagram,OK,BC,is_a,segment
157,13,noisy_half_text[punctuation] + half_diagram,OK,AB,is_a,segment
157,13,noisy_half_text[punctuation] + half_diagram,OK,∠C,is_a,angle
157,13,noisy_half_text[punctuation] + half_diagram,OK,∠C,has_measure,90_deg
157,13,noisy_half_text[punctuation] + half_diagram,OK,AC,has_measure,4_units
157,13,noisy_half_text[punctuation] + half_diagram,OK,BC,has_measure,3_units
157,13,noisy_half_text[punctuation] + half_diagram,OK,cos,is_a,function
157,13,noisy_half_text[punctuation] + half_diagram,OK,B,is_a,angle
157,13,noisy_half_text[punctuation] + half_diagram,OK,cos,mapped_to,B
157,13,noisy_half_text[punctuation] + half_diagram,OK,cos,mapped_to,?
,,,,,,
165,13,noisy_half_text[punctuation] + half_diagram,OK,A,is_a,point
165,13,noisy_half_text[punctuation] + half_diagram,OK,B,is_a,point
165,13,noisy_half_text[punctuation] + half_diagram,OK,C,is_a,point
165,13,noisy_half_text[punctuation] + half_diagram,OK,ABC,is_a,triangle
165,13,noisy_half_text[punctuation] + half_diagram,OK,∠ACB,is_a,angle
165,13,noisy_half_text[punctuation] + half_diagram,OK,∠ACB,has_measure,90_deg
165,13,noisy_half_text[punctuation] + half_diagram,OK,AB,is_a,segment
165,13,noisy_half_text[punctuation] + half_diagram,OK,AB,has_measure,2_units
165,13,noisy_half_text[punctuation] + half_diagram,OK,BC,is_a,segment
165,13,noisy_half_text[punctuation] + half_diagram,OK,BC,has_measure,1_unit
165,13,noisy_half_text[punctuation] + half_diagram,OK,A,connects,B
165,13,noisy_half_text[punctuation] + half_diagram,OK,B,connects,C
165,13,noisy_half_text[punctuation] + half_diagram,OK,C,connects,A
165,13,noisy_half_text[punctuation] + half_diagram,OK,ABC,is_a,right_triangle
,,,,,,
198,13,noisy_half_text[punctuation] + half_diagram,OK,A,is_a,point
198,13,noisy_half_text[punctuation] + half_diagram,OK,B,is_a,point
198,13,noisy_half_text[punctuation] + half_diagram,OK,C,is_a,point
198,13,noisy_half_text[punctuation] + half_diagram,OK,AB,is_a,segment
198,13,noisy_half_text[punctuation] + half_diagram,OK,BC,is_a,segment
198,13,noisy_half_text[punctuation] + half_diagram,OK,CA,is_a,segment
198,13,noisy_half_text[punctuation] + half_diagram,OK,ABC,is_a,triangle
198,13,noisy_half_text[punctuation] + half_diagram,OK,ABC,is_a,isosceles_triangle
198,13,noisy_half_text[punctuation] + half_diagram,OK,ABC,has_measure,13_units
198,13,noisy_half_text[punctuation] + half_diagram,OK,ABC,has_measure,10_units
198,13,noisy_half_text[punctuation] + half_diagram,OK,ABC,has_measure,?
,,,,,,
207,13,noisy_half_text[punctuation] + half_diagram,OK,larger_circle,is_a,circle
207,13,noisy_half_text[punctuation] + half_diagram,OK,small_circle1,is_a,circle
207,13,noisy_half_text[punctuation] + half_diagram,OK,small_circle2,is_a,circle
207,13,noisy_half_text[punctuation] + half_diagram,OK,small_circle1,is_a,congruent
207,13,noisy_half_text[punctuation] + half_diagram,OK,small_circle2,is_a,congruent
207,13,noisy_half_text[punctuation] + half_diagram,OK,larger_circle,has_measure,20_units
207,13,noisy_half_text[punctuation] + half_diagram,OK,small_circle1,diameter_of,10_units
207,13,noisy_half_text[punctuation] + half_diagram,OK,small_circle2,diameter_of,10_units
207,13,noisy_half_text[punctuation] + half_diagram,OK,larger_circle,center_of,O
207,13,noisy_half_text[punctuation] + half_diagram,OK,small_circle1,center_of,O1
207,13,noisy_half_text[punctuation] + half_diagram,OK,small_circle2,center_of,O2
207,13,noisy_half_text[punctuation] + half_diagram,OK,larger_circle,radius_of,10_units
207,13,noisy_half_text[punctuation] + half_diagram,OK,small_circle1,radius_of,5_units
207,13,noisy_half_text[punctuation] + half_diagram,OK,small_circle2,radius_of,5_units
207,13,noisy_half_text[punctuation] + half_diagram,OK,O,lies_on,larger_circle
207,13,noisy_half_text[punctuation] + half_diagram,OK,O1,lies_on,small_circle1
207,13,noisy_half_text[punctuation] + half_diagram,OK,O2,lies_on,small_circle2
207,13,noisy_half_text[punctuation] + half_diagram,OK,shaded_region,is_a,region
207,13,noisy_half_text[punctuation] + half_diagram,OK,shaded_region,lies_on,larger_circle
207,13,noisy_half_text[punctuation] + half_diagram,OK,shaded_region,intersects,small_circle1
207,13,noisy_half_text[punctuation] + half_diagram,OK,shaded_region,intersects,small_circle2
207,13,noisy_half_text[punctuation] + half_diagram,OK,shaded_region,is_a,query_target
,,,,,,
210,13,noisy_half_text[punctuation] + half_diagram,OK,A,is_a,point
210,13,noisy_half_text[punctuation] + half_diagram,OK,B,is_a,point
210,13,noisy_half_text[punctuation] + half_diagram,OK,C,is_a,point
210,13,noisy_half_text[punctuation] + half_diagram,OK,D,is_a,point
210,13,noisy_half_text[punctuation] + half_diagram,OK,E,is_a,point
210,13,noisy_half_text[punctuation] + half_diagram,OK,AB,is_a,segment
210,13,noisy_half_text[punctuation] + half_diagram,OK,AC,is_a,segment
210,13,noisy_half_text[punctuation] + half_diagram,OK,AD,is_a,segment
210,13,noisy_half_text[punctuation] + half_diagram,OK,BE,is_a,segment
210,13,noisy_half_text[punctuation] + half_diagram,OK,CD,is_a,segment
210,13,noisy_half_text[punctuation] + half_diagram,OK,AE,is_a,segment
210,13,noisy_half_text[punctuation] + half_diagram,OK,ABE,is_a,triangle
210,13,noisy_half_text[punctuation] + half_diagram,OK,ACD,is_a,triangle
210,13,noisy_half_text[punctuation] + half_diagram,OK,A,connects,B
210,13,noisy_half_text[punctuation] + half_diagram,OK,A,connects,C
210,13,noisy_half_text[punctuation] + half_diagram,OK,A,connects,D
210,13,noisy_half_text[punctuation] + half_diagram,OK,A,connects,E
210,13,noisy_half_text[punctuation] + half_diagram,OK,B,connects,E
210,13,noisy_half_text[punctuation] + half_diagram,OK,C,connects,D
210,13,noisy_half_text[punctuation] + half_diagram,OK,D,connects,E
210,13,noisy_half_text[punctuation] + half_diagram,OK,AB,has_measure,12_units
210,13,noisy_half_text[punctuation] + half_diagram,OK,AC,has_measure,16_units
210,13,noisy_half_text[punctuation] + half_diagram,OK,CD,has_measure,5_units
210,13,noisy_half_text[punctuation] + half_diagram,OK,BE,parallel_to,CD
210,13,noisy_half_text[punctuation] + half_diagram,OK,ABE,similar_to,ACD
210,13,noisy_half_text[punctuation] + half_diagram,OK,?,is_a,query_target
,,,,,,
211,13,noisy_half_text[punctuation] + half_diagram,OK,MNPR,is_a,parallelogram
211,13,noisy_half_text[punctuation] + half_diagram,OK,MN,is_a,segment
211,13,noisy_half_text[punctuation] + half_diagram,OK,MN,has_measure,3x - 4
211,13,noisy_half_text[punctuation] + half_diagram,OK,MP,is_a,segment
211,13,noisy_half_text[punctuation] + half_diagram,OK,RN,is_a,segment
211,13,noisy_half_text[punctuation] + half_diagram,OK,Q,is_a,point
211,13,noisy_half_text[punctuation] + half_diagram,OK,MP,intersects,RN
211,13,noisy_half_text[punctuation] + half_diagram,OK,MP,intersects_at,Q
211,13,noisy_half_text[punctuation] + half_diagram,OK,RN,intersects_at,Q
211,13,noisy_half_text[punctuation] + half_diagram,OK,NP,is_a,segment
211,13,noisy_half_text[punctuation] + half_diagram,OK,NP,has_measure,2y + 5
211,13,noisy_half_text[punctuation] + half_diagram,OK,MR,is_a,segment
211,13,noisy_half_text[punctuation] + half_diagram,OK,MR,has_measure,17.9
211,13,noisy_half_text[punctuation] + half_diagram,OK,∠RNP,is_a,angle
211,13,noisy_half_text[punctuation] + half_diagram,OK,∠RNP,has_measure,?
211,13,noisy_half_text[punctuation] + half_diagram,OK,∠M,is_a,angle
211,13,noisy_half_text[punctuation] + half_diagram,OK,∠M,has_measure,33_deg
211,13,noisy_half_text[punctuation] + half_diagram,OK,∠QNR,is_a,angle
211,13,noisy_half_text[punctuation] + half_diagram,OK,∠QNR,has_measure,?
211,13,noisy_half_text[punctuation] + half_diagram,OK,∠NQM,is_a,angle
211,13,noisy_half_text[punctuation] + half_diagram,OK,∠NQM,has_measure,33_deg
211,13,noisy_half_text[punctuation] + half_diagram,OK,∠QMN,is_a,angle
211,13,noisy_half_text[punctuation] + half_diagram,OK,∠QMN,has_measure,4w - 3
211,13,noisy_half_text[punctuation] + half_diagram,OK,∠R,is_a,angle
211,13,noisy_half_text[punctuation] + half_diagram,OK,∠R,has_measure,38_deg
211,13,noisy_half_text[punctuation] + half_diagram,OK,∠MRN,is_a,angle
211,13,noisy_half_text[punctuation] + half_diagram,OK,∠MRN,has_measure,3z - 3
211,13,noisy_half_text[punctuation] + half_diagram,OK,∠QRP,is_a,angle
211,13,noisy_half_text[punctuation] + half_diagram,OK,∠QRP,has_measure,83_deg
211,13,noisy_half_text[punctuation] + half_diagram,OK,∠QPR,is_a,angle
211,13,noisy_half_text[punctuation] + half_diagram,OK,∠QPR,has_measure,11.1_deg
211,13,noisy_half_text[punctuation] + half_diagram,OK,∠P,is_a,angle
211,13,noisy_half_text[punctuation] + half_diagram,OK,∠P,has_measure,?
211,13,noisy_half_text[punctuation] + half_diagram,OK,QR,is_a,segment
211,13,noisy_half_text[punctuation] + half_diagram,OK,QR,has_measure,15.4
211,13,noisy_half_text[punctuation] + half_diagram,OK,QP,is_a,segment
211,13,noisy_half_text[punctuation] + half_diagram,OK,QP,has_measure,11.1
,,,,,,
223,13,noisy_half_text[punctuation] + half_diagram,OK,3√2,is_a,number
223,13,noisy_half_text[punctuation] + half_diagram,OK,triangle,is_a,right_triangle
223,13,noisy_half_text[punctuation] + half_diagram,OK,triangle,has_measure,5
223,13,noisy_half_text[punctuation] + half_diagram,OK,triangle,has_measure,x
223,13,noisy_half_text[punctuation] + half_diagram,OK,triangle,has_measure,3√2
223,13,noisy_half_text[punctuation] + half_diagram,OK,triangle,has_measure,?
223,13,noisy_half_text[punctuation] + half_diagram,OK,triangle,has_measure,90_deg
223,13,noisy_half_text[punctuation] + half_diagram,OK,x,is_a,side
223,13,noisy_half_text[punctuation] + half_diagram,OK,3√2,is_a,side
223,13,noisy_half_text[punctuation] + half_diagram,OK,5,is_a,hypotenuse
223,13,noisy_half_text[punctuation] + half_diagram,OK,?,is_a,side
,,,,,,
239,13,noisy_half_text[punctuation] + half_diagram,OK,A,is_a,point
239,13,noisy_half_text[punctuation] + half_diagram,OK,B,is_a,point
239,13,noisy_half_text[punctuation] + half_diagram,OK,C,is_a,point
239,13,noisy_half_text[punctuation] + half_diagram,OK,R,is_a,point
239,13,noisy_half_text[punctuation] + half_diagram,OK,S,is_a,point
239,13,noisy_half_text[punctuation] + half_diagram,OK,T,is_a,point
239,13,noisy_half_text[punctuation] + half_diagram,OK,M,is_a,point
239,13,noisy_half_text[punctuation] + half_diagram,OK,AB,is_a,segment
239,13,noisy_half_text[punctuation] + half_diagram,OK,AC,is_a,segment
239,13,noisy_half_text[punctuation] + half_diagram,OK,BC,is_a,segment
239,13,noisy_half_text[punctuation] + half_diagram,OK,RM,is_a,segment
239,13,noisy_half_text[punctuation] + half_diagram,OK,AT,is_a,segment
239,13,noisy_half_text[punctuation] + half_diagram,OK,MB,is_a,segment
239,13,noisy_half_text[punctuation] + half_diagram,OK,R,is_a,midpoint
239,13,noisy_half_text[punctuation] + half_diagram,OK,S,is_a,midpoint
239,13,noisy_half_text[punctuation] + half_diagram,OK,T,is_a,midpoint
239,13,noisy_half_text[punctuation] + half_diagram,OK,AT,is_a,median
239,13,noisy_half_text[punctuation] + half_diagram,OK,BR,is_a,median
239,13,noisy_half_text[punctuation] + half_diagram,OK,CS,is_a,median
239,13,noisy_half_text[punctuation] + half_diagram,OK,R,lies_on,AC
239,13,noisy_half_text[punctuation] + half_diagram,OK,S,lies_on,AB
239,13,noisy_half_text[punctuation] + half_diagram,OK,T,lies_on,BC
239,13,noisy_half_text[punctuation] + half_diagram,OK,M,is_a,centroid
239,13,noisy_half_text[punctuation] + half_diagram,OK,RM,has_measure,4_units
239,13,noisy_half_text[punctuation] + half_diagram,OK,AT,has_measure,16_units
239,13,noisy_half_text[punctuation] + half_diagram,OK,AT,connects,A
239,13,noisy_half_text[punctuation] + half_diagram,OK,AT,connects,T
239,13,noisy_half_text[punctuation] + half_diagram,OK,BR,connects,B
239,13,noisy_half_text[punctuation] + half_diagram,OK,BR,connects,R
239,13,noisy_half_text[punctuation] + half_diagram,OK,CS,connects,C
239,13,noisy_half_text[punctuation] + half_diagram,OK,CS,connects,S
239,13,noisy_half_text[punctuation] + half_diagram,OK,AT,intersects,CS
239,13,noisy_half_text[punctuation] + half_diagram,OK,AT,intersects,BR
239,13,noisy_half_text[punctuation] + half_diagram,OK,CS,intersects,BR
239,13,noisy_half_text[punctuation] + half_diagram,OK,AT,intersects,RM
239,13,noisy_half_text[punctuation] + half_diagram,OK,CS,intersects,RM
239,13,noisy_half_text[punctuation] + half_diagram,OK,BR,intersects,RM
239,13,noisy_half_text[punctuation] + half_diagram,OK,RM,connects,R
239,13,noisy_half_text[punctuation] + half_diagram,OK,RM,connects,M
239,13,noisy_half_text[punctuation] + half_diagram,OK,MB,connects,M
239,13,noisy_half_text[punctuation] + half_diagram,OK,MB,connects,B
,,,,,,
243,13,noisy_half_text[punctuation] + half_diagram,OK,Des Moines,is_a,point
243,13,noisy_half_text[punctuation] + half_diagram,OK,Phoenix,is_a,point
243,13,noisy_half_text[punctuation] + half_diagram,OK,Atlanta,is_a,point
243,13,noisy_half_text[punctuation] + half_diagram,OK,Des Moines,connects,Phoenix
243,13,noisy_half_text[punctuation] + half_diagram,OK,Phoenix,connects,Atlanta
243,13,noisy_half_text[punctuation] + half_diagram,OK,Atlanta,connects,Des Moines
243,13,noisy_half_text[punctuation] + half_diagram,OK,Des MoinesPhoenixAtlanta,is_a,triangle
243,13,noisy_half_text[punctuation] + half_diagram,OK,PhoenixAtlanta,is_a,segment
243,13,noisy_half_text[punctuation] + half_diagram,OK,PhoenixAtlanta,has_measure,150x + 91
243,13,noisy_half_text[punctuation] + half_diagram,OK,Trip,is_a,path
243,13,noisy_half_text[punctuation] + half_diagram,OK,Trip,connects,Phoenix
243,13,noisy_half_text[punctuation] + half_diagram,OK,Trip,connects,Des Moines
243,13,noisy_half_text[punctuation] + half_diagram,OK,Trip,connects,Atlanta
243,13,noisy_half_text[punctuation] + half_diagram,OK,Trip,has_measure,110x + 53
243,13,noisy_half_text[punctuation] + half_diagram,OK,Trip,has_measure,150x + 91
243,13,noisy_half_text[punctuation] + half_diagram,OK,Trip,has_measure,73.8x
243,13,noisy_half_text[punctuation] + half_diagram,OK,Trip,has_measure,?
,,,,,,
257,13,noisy_half_text[punctuation] + half_diagram,OK,A,is_a,point
257,13,noisy_half_text[punctuation] + half_diagram,OK,B,is_a,point
257,13,noisy_half_text[punctuation] + half_diagram,OK,C,is_a,point
257,13,noisy_half_text[punctuation] + half_diagram,OK,D,is_a,point
257,13,noisy_half_text[punctuation] + half_diagram,OK,E,is_a,point
257,13,noisy_half_text[punctuation] + half_diagram,OK,AB,is_a,segment
257,13,noisy_half_text[punctuation] + half_diagram,OK,AC,is_a,segment
257,13,noisy_half_text[punctuation] + half_diagram,OK,AD,is_a,segment
257,13,noisy_half_text[punctuation] + half_diagram,OK,BE,is_a,segment
257,13,noisy_half_text[punctuation] + half_diagram,OK,CD,is_a,segment
257,13,noisy_half_text[punctuation] + half_diagram,OK,AE,is_a,segment
257,13,noisy_half_text[punctuation] + half_diagram,OK,ED,is_a,segment
257,13,noisy_half_text[punctuation] + half_diagram,OK,ABE,is_a,triangle
257,13,noisy_half_text[punctuation] + half_diagram,OK,ACD,is_a,triangle
257,13,noisy_half_text[punctuation] + half_diagram,OK,A,connects,B
257,13,noisy_half_text[punctuation] + half_diagram,OK,B,connects,E
257,13,noisy_half_text[punctuation] + half_diagram,OK,E,connects,A
257,13,noisy_half_text[punctuation] + half_diagram,OK,A,connects,C
257,13,noisy_half_text[punctuation] + half_diagram,OK,C,connects,D
257,13,noisy_half_text[punctuation] + half_diagram,OK,D,connects,A
257,13,noisy_half_text[punctuation] + half_diagram,OK,AB,has_measure,12_units
257,13,noisy_half_text[punctuation] + half_diagram,OK,ED,has_measure,5_units
257,13,noisy_half_text[punctuation] + half_diagram,OK,AB,parallel_to,CD
257,13,noisy_half_text[punctuation] + half_diagram,OK,BE,parallel_to,CD
257,13,noisy_half_text[punctuation] + half_diagram,OK,ABE,similar_to,ACD
257,13,noisy_half_text[punctuation] + half_diagram,OK,ABE,shares_vertex_with,ACD
257,13,noisy_half_text[punctuation] + half_diagram,OK,A,is_shared_vertex_between,ABE
257,13,noisy_half_text[punctuation] + half_diagram,OK,A,is_shared_vertex_between,ACD
,,,,,,
264,13,noisy_half_text[punctuation] + half_diagram,OK,MNPQ,is_a,parallelogram
264,13,noisy_half_text[punctuation] + half_diagram,OK,M,is_a,point
264,13,noisy_half_text[punctuation] + half_diagram,OK,N,is_a,point
264,13,noisy_half_text[punctuation] + half_diagram,OK,P,is_a,point
264,13,noisy_half_text[punctuation] + half_diagram,OK,Q,is_a,point
264,13,noisy_half_text[punctuation] + half_diagram,OK,LM,is_a,segment
264,13,noisy_half_text[punctuation] + half_diagram,OK,LM,has_measure,10x
264,13,noisy_half_text[punctuation] + half_diagram,OK,LP,is_a,segment
264,13,noisy_half_text[punctuation] + half_diagram,OK,LM,equals,LP
264,13,noisy_half_text[punctuation] + half_diagram,OK,20x,is_a,angle
264,13,noisy_half_text[punctuation] + half_diagram,OK,2N,equals,angle Q
264,13,noisy_half_text[punctuation] + half_diagram,OK,LM,is_a,query_target
,,,,,,
281,13,noisy_half_text[punctuation] + half_diagram,OK,A,is_a,point
281,13,noisy_half_text[punctuation] + half_diagram,OK,B,is_a,point
281,13,noisy_half_text[punctuation] + half_diagram,OK,C,is_a,point
281,13,noisy_half_text[punctuation] + half_diagram,OK,ABC,is_a,triangle
281,13,noisy_half_text[punctuation] + half_diagram,OK,∠C,is_a,angle
281,13,noisy_half_text[punctuation] + half_diagram,OK,∠C,has_measure,90_deg
281,13,noisy_half_text[punctuation] + half_diagram,OK,AC,is_a,segment
281,13,noisy_half_text[punctuation] + half_diagram,OK,BC,is_a,segment
281,13,noisy_half_text[punctuation] + half_diagram,OK,AB,is_a,segment
281,13,noisy_half_text[punctuation] + half_diagram,OK,AC,has_measure,24_units
281,13,noisy_half_text[punctuation] + half_diagram,OK,BC,has_measure,10_units
281,13,noisy_half_text[punctuation] + half_diagram,OK,AB,has_measure,26_units
281,13,noisy_half_text[punctuation] + half_diagram,OK,A,connects,B
281,13,noisy_half_text[punctuation] + half_diagram,OK,B,connects,C
281,13,noisy_half_text[punctuation] + half_diagram,OK,C,connects,A
281,13,noisy_half_text[punctuation] + half_diagram,OK,ABC,is_a,right_triangle
281,13,noisy_half_text[punctuation] + half_diagram,OK,ratio,is_a,query_target
,,,,,,
327,13,noisy_half_text[punctuation] + half_diagram,OK,X,is_a,point
327,13,noisy_half_text[punctuation] + half_diagram,OK,Y,is_a,point
327,13,noisy_half_text[punctuation] + half_diagram,OK,Z,is_a,point
327,13,noisy_half_text[punctuation] + half_diagram,OK,N,is_a,point
327,13,noisy_half_text[punctuation] + half_diagram,OK,XY,is_a,segment
327,13,noisy_half_text[punctuation] + half_diagram,OK,YZ,is_a,segment
327,13,noisy_half_text[punctuation] + half_diagram,OK,XZ,is_a,segment
327,13,noisy_half_text[punctuation] + half_diagram,OK,Y,lies_on,XY
327,13,noisy_half_text[punctuation] + half_diagram,OK,Z,lies_on,YZ
327,13,noisy_half_text[punctuation] + half_diagram,OK,X,lies_on,XZ
327,13,noisy_half_text[punctuation] + half_diagram,OK,XY,has_measure,b_km
327,13,noisy_half_text[punctuation] + half_diagram,OK,YZ,has_measure,10.7_km
327,13,noisy_half_text[punctuation] + half_diagram,OK,XZ,has_measure,d_km
,,,,,,
348,13,noisy_half_text[punctuation] + half_diagram,OK,helicopter_altitude,is_a,198_m
348,13,noisy_half_text[punctuation] + half_diagram,OK,angle_of_depression,is_a,44_deg
348,13,noisy_half_text[punctuation] + half_diagram,OK,landing_pad,is_a,point
348,13,noisy_half_text[punctuation] + half_diagram,OK,d,is_a,distance
348,13,noisy_half_text[punctuation] + half_diagram,OK,helicopter_altitude,connects,landing_pad
348,13,noisy_half_text[punctuation] + half_diagram,OK,angle_of_depression,lies_on,helicopter_altitude
348,13,noisy_half_text[punctuation] + half_diagram,OK,d,connects,landing_pad
348,13,noisy_half_text[punctuation] + half_diagram,OK,helicopter_altitude,perpendicular_to,landing_pad
348,13,noisy_half_text[punctuation] + half_diagram,OK,angle_of_depression,has_measure,44_deg
348,13,noisy_half_text[punctuation] + half_diagram,OK,helicopter_altitude,has_measure,198_m
348,13,noisy_half_text[punctuation] + half_diagram,OK,d,has_measure,?
348,13,noisy_half_text[punctuation] + half_diagram,OK,helicopter_altitude,is_a,segment
348,13,noisy_half_text[punctuation] + half_diagram,OK,angle_of_depression,is_a,angle
348,13,noisy_half_text[punctuation] + half_diagram,OK,d,is_a,segment
348,13,noisy_half_text[punctuation] + half_diagram,OK,helicopter_altitude,connects,angle_of_depression
348,13,noisy_half_text[punctuation] + half_diagram,OK,angle_of_depression,connects,d
348,13,noisy_half_text[punctuation] + half_diagram,OK,helicopter_altitude,connects,d
348,13,noisy_half_text[punctuation] + half_diagram,OK,helicopter_altitude,is_a,vertical
348,13,noisy_half_text[punctuation] + half_diagram,OK,d,is_a,hypotenuse
348,13,noisy_half_text[punctuation] + half_diagram,OK,angle_of_depression,is_a,right_angle_triangle
348,13,noisy_half_text[punctuation] + half_diagram,OK,landing_pad,is_a,right_angle_triangle
348,13,noisy_half_text[punctuation] + half_diagram,OK,helicopter_altitude,is_a,opposite_side
348,13,noisy_half_text[punctuation] + half_diagram,OK,angle_of_depression,is_a,adjacent_side
,,,,,,
364,13,noisy_half_text[punctuation] + half_diagram,OK,tower,is_a,concrete_tower
364,13,noisy_half_text[punctuation] + half_diagram,OK,bridge,is_a,suspension_bridge
364,13,noisy_half_text[punctuation] + half_diagram,OK,tower,connects,bridge
364,13,noisy_half_text[punctuation] + half_diagram,OK,cable,connects,tower
364,13,noisy_half_text[punctuation] + half_diagram,OK,cable,connects,bridge
364,13,noisy_half_text[punctuation] + half_diagram,OK,tower,has_measure,35.5_metres
364,13,noisy_half_text[punctuation] + half_diagram,OK,bridge,has_measure,65.9_metres
364,13,noisy_half_text[punctuation] + half_diagram,OK,h,is_a,length
364,13,noisy_half_text[punctuation] + half_diagram,OK,h,is_a,?
364,13,noisy_half_text[punctuation] + half_diagram,OK,tower,perpendicular_to,bridge
364,13,noisy_half_text[punctuation] + half_diagram,OK,cable,is_a,main_cable
364,13,noisy_half_text[punctuation] + half_diagram,OK,cable,has_measure,h
,,,,,,
365,13,noisy_half_text[punctuation] + half_diagram,OK,plane,is_a,object
365,13,noisy_half_text[punctuation] + half_diagram,OK,ground,is_a,surface
365,13,noisy_half_text[punctuation] + half_diagram,OK,runway,is_a,surface
365,13,noisy_half_text[punctuation] + half_diagram,OK,theta,is_a,angle
365,13,noisy_half_text[punctuation] + half_diagram,OK,plane,lies_on,?
365,13,noisy_half_text[punctuation] + half_diagram,OK,ground,connects,runway
365,13,noisy_half_text[punctuation] + half_diagram,OK,plane,has_measure,10369_metres
365,13,noisy_half_text[punctuation] + half_diagram,OK,runway,has_measure,23444_metres
365,13,noisy_half_text[punctuation] + half_diagram,OK,theta,is_a,angle_of_approach
365,13,noisy_half_text[punctuation] + half_diagram,OK,theta,has_measure,?
,,,,,,
420,13,noisy_half_text[punctuation] + half_diagram,OK,AB,is_a,segment
420,13,noisy_half_text[punctuation] + half_diagram,OK,AB,has_measure,10_cm
420,13,noisy_half_text[punctuation] + half_diagram,OK,CD,is_a,segment
420,13,noisy_half_text[punctuation] + half_diagram,OK,CD,has_measure,6_cm
420,13,noisy_half_text[punctuation] + half_diagram,OK,AB,parallel_to,CD
420,13,noisy_half_text[punctuation] + half_diagram,OK,AD,is_a,segment
420,13,noisy_half_text[punctuation] + half_diagram,OK,BC,is_a,segment
420,13,noisy_half_text[punctuation] + half_diagram,OK,AD,perpendicular_to,CD
420,13,noisy_half_text[punctuation] + half_diagram,OK,AD,has_measure,?
420,13,noisy_half_text[punctuation] + half_diagram,OK,AB,is_a,side
420,13,noisy_half_text[punctuation] + half_diagram,OK,CD,is_a,side
420,13,noisy_half_text[punctuation] + half_diagram,OK,AD,is_a,side
420,13,noisy_half_text[punctuation] + half_diagram,OK,BC,is_a,side
420,13,noisy_half_text[punctuation] + half_diagram,OK,ABCD,is_a,trapezium
420,13,noisy_half_text[punctuation] + half_diagram,OK,Find,is_a,query
420,13,noisy_half_text[punctuation] + half_diagram,OK,Find,connects,length
420,13,noisy_half_text[punctuation] + half_diagram,OK,length,connects,side
420,13,noisy_half_text[punctuation] + half_diagram,OK,side,connects,trapezium
420,13,noisy_half_text[punctuation] + half_diagram,OK,trapezium,is_a,ABCD
,,,,,,
432,13,noisy_half_text[punctuation] + half_diagram,OK,-3,4,"is_a, point"
432,13,noisy_half_text[punctuation] + half_diagram,OK,B,is_a,point
432,13,noisy_half_text[punctuation] + half_diagram,OK,?,is_a,distance
432,13,noisy_half_text[punctuation] + half_diagram,OK,?,is_a,distance_formula
432,13,noisy_half_text[punctuation] + half_diagram,OK,d,is_a,distance
432,13,noisy_half_text[punctuation] + half_diagram,OK,-3,4,"connects, B"
432,13,noisy_half_text[punctuation] + half_diagram,OK,?,has_measure,3
432,13,noisy_half_text[punctuation] + half_diagram,OK,?,has_measure,4
432,13,noisy_half_text[punctuation] + half_diagram,OK,?,has_measure,?
,,,,,,
438,13,noisy_half_text[punctuation] + half_diagram,OK,hyperbola,is_a,hyperbola
438,13,noisy_half_text[punctuation] + half_diagram,OK,hyperbola,has_measure,2_vertices
438,13,noisy_half_text[punctuation] + half_diagram,OK,vertex1,is_a,point
438,13,noisy_half_text[punctuation] + half_diagram,OK,vertex2,is_a,point
438,13,noisy_half_text[punctuation] + half_diagram,OK,center,is_a,point
438,13,noisy_half_text[punctuation] + half_diagram,OK,foci1,is_a,point
438,13,noisy_half_text[punctuation] + half_diagram,OK,foci2,is_a,point
438,13,noisy_half_text[punctuation] + half_diagram,OK,hyperbola,center_of,center
438,13,noisy_half_text[punctuation] + half_diagram,OK,hyperbola,has_measure,foci1
438,13,noisy_half_text[punctuation] + half_diagram,OK,hyperbola,has_measure,foci2
438,13,noisy_half_text[punctuation] + half_diagram,OK,hyperbola,has_measure,vertex1
438,13,noisy_half_text[punctuation] + half_diagram,OK,hyperbola,has_measure,vertex2
438,13,noisy_half_text[punctuation] + half_diagram,OK,Equation,is_a,query_target
,,,,,,
441,13,noisy_half_text[punctuation] + half_diagram,OK,a,is_a,angle
441,13,noisy_half_text[punctuation] + half_diagram,OK,P,is_a,point
441,13,noisy_half_text[punctuation] + half_diagram,OK,P,lies_on,unit_circle
441,13,noisy_half_text[punctuation] + half_diagram,OK,a,has_measure,?
441,13,noisy_half_text[punctuation] + half_diagram,OK,unit_circle,radius_of,1_unit
441,13,noisy_half_text[punctuation] + half_diagram,OK,x,is_a,axis
441,13,noisy_half_text[punctuation] + half_diagram,OK,y,is_a,axis
441,13,noisy_half_text[punctuation] + half_diagram,OK,P,lies_on,x
441,13,noisy_half_text[punctuation] + half_diagram,OK,P,lies_on,y
,,,,,,
447,13,noisy_half_text[punctuation] + half_diagram,OK,a,is_a,angle
447,13,noisy_half_text[punctuation] + half_diagram,OK,P,is_a,point
447,13,noisy_half_text[punctuation] + half_diagram,OK,circle,is_a,circle
447,13,noisy_half_text[punctuation] + half_diagram,OK,circle,radius_of,1
447,13,noisy_half_text[punctuation] + half_diagram,OK,P,lies_on,circle
,,,,,,
449,13,noisy_half_text[punctuation] + half_diagram,OK,origin,is_a,point
449,13,noisy_half_text[punctuation] + half_diagram,OK,circle,is_a,circle
449,13,noisy_half_text[punctuation] + half_diagram,OK,P,is_a,point
449,13,noisy_half_text[punctuation] + half_diagram,OK,origin,center_of,circle
449,13,noisy_half_text[punctuation] + half_diagram,OK,P,lies_on,circle
449,13,noisy_half_text[punctuation] + half_diagram,OK,θ,is_a,angle
,,,,,,
457,13,noisy_half_text[punctuation] + half_diagram,OK,center,is_a,point
457,13,noisy_half_text[punctuation] + half_diagram,OK,circle,is_a,circle
457,13,noisy_half_text[punctuation] + half_diagram,OK,circle,center_of,center
457,13,noisy_half_text[punctuation] + half_diagram,OK,x_axis,is_a,line
457,13,noisy_half_text[punctuation] + half_diagram,OK,x_axis,has_measure,x
457,13,noisy_half_text[punctuation] + half_diagram,OK,y_axis,is_a,line
457,13,noisy_half_text[punctuation] + half_diagram,OK,y_axis,has_measure,y
457,13,noisy_half_text[punctuation] + half_diagram,OK,Equation,is_a,query_target
,,,,,,
472,13,noisy_half_text[punctuation] + half_diagram,OK,semicircle,is_a,semicircle
472,13,noisy_half_text[punctuation] + half_diagram,OK,?,is_a,center
472,13,noisy_half_text[punctuation] + half_diagram,OK,?,is_a,"center_of, semicircle"
472,13,noisy_half_text[punctuation] + half_diagram,OK,-7,0,"is_a, point"
472,13,noisy_half_text[punctuation] + half_diagram,OK,5,-5,"is_a, point"
472,13,noisy_half_text[punctuation] + half_diagram,OK,7,0,"is_a, point"
472,13,noisy_half_text[punctuation] + half_diagram,OK,x,is_a,axis
472,13,noisy_half_text[punctuation] + half_diagram,OK,y,is_a,axis
472,13,noisy_half_text[punctuation] + half_diagram,OK,?,is_a,query_target
,,,,,,
