problem_index,case_id,case_label,status,subject,predicate,object
1,10,full_text + noisy_diagram[pixel_noise],OK,A,is_a,point
1,10,full_text + noisy_diagram[pixel_noise],OK,B,is_a,point
1,10,full_text + noisy_diagram[pixel_noise],OK,C,is_a,point
1,10,full_text + noisy_diagram[pixel_noise],OK,D,is_a,point
1,10,full_text + noisy_diagram[pixel_noise],OK,E,is_a,point
1,10,full_text + noisy_diagram[pixel_noise],OK,A,lies_on,AB
1,10,full_text + noisy_diagram[pixel_noise],OK,B,lies_on,AB
1,10,full_text + noisy_diagram[pixel_noise],OK,D,lies_on,AB
1,10,full_text + noisy_diagram[pixel_noise],OK,E,lies_on,AC
1,10,full_text + noisy_diagram[pixel_noise],OK,C,lies_on,AC
1,10,full_text + noisy_diagram[pixel_noise],OK,DE,is_a,segment
1,10,full_text + noisy_diagram[pixel_noise],OK,BC,is_a,segment
1,10,full_text + noisy_diagram[pixel_noise],OK,DE,parallel_to,BC
1,10,full_text + noisy_diagram[pixel_noise],OK,∠A,is_a,angle
1,10,full_text + noisy_diagram[pixel_noise],OK,∠B,is_a,angle
1,10,full_text + noisy_diagram[pixel_noise],OK,∠A,has_measure,80_deg
1,10,full_text + noisy_diagram[pixel_noise],OK,∠B,has_measure,60_deg
,,,,,,
2,10,full_text + noisy_diagram[pixel_noise],OK,A,is_a,point
2,10,full_text + noisy_diagram[pixel_noise],OK,B,is_a,point
2,10,full_text + noisy_diagram[pixel_noise],OK,C,is_a,point
2,10,full_text + noisy_diagram[pixel_noise],OK,D,is_a,point
2,10,full_text + noisy_diagram[pixel_noise],OK,E,is_a,point
2,10,full_text + noisy_diagram[pixel_noise],OK,F,is_a,point
2,10,full_text + noisy_diagram[pixel_noise],OK,G,is_a,point
2,10,full_text + noisy_diagram[pixel_noise],OK,AB,is_a,line
2,10,full_text + noisy_diagram[pixel_noise],OK,CD,is_a,line
2,10,full_text + noisy_diagram[pixel_noise],OK,EF,is_a,line
2,10,full_text + noisy_diagram[pixel_noise],OK,EG,is_a,line
2,10,full_text + noisy_diagram[pixel_noise],OK,AB,parallel_to,CD
2,10,full_text + noisy_diagram[pixel_noise],OK,EF,intersects,AB
2,10,full_text + noisy_diagram[pixel_noise],OK,EF,intersects,CD
2,10,full_text + noisy_diagram[pixel_noise],OK,EG,intersects,CD
2,10,full_text + noisy_diagram[pixel_noise],OK,∠EFG,has_measure,50_deg
2,10,full_text + noisy_diagram[pixel_noise],OK,EG,bisects,∠BEF
2,10,full_text + noisy_diagram[pixel_noise],OK,∠EGF,has_measure,?
,,,,,,
3,10,full_text + noisy_diagram[pixel_noise],OK,B,is_a,point
3,10,full_text + noisy_diagram[pixel_noise],OK,C,is_a,point
3,10,full_text + noisy_diagram[pixel_noise],OK,D,is_a,point
3,10,full_text + noisy_diagram[pixel_noise],OK,BC,is_a,segment
3,10,full_text + noisy_diagram[pixel_noise],OK,BA,is_a,segment
3,10,full_text + noisy_diagram[pixel_noise],OK,BD,is_a,segment
3,10,full_text + noisy_diagram[pixel_noise],OK,BC,intersects,BA
3,10,full_text + noisy_diagram[pixel_noise],OK,BC,intersects_at,B
3,10,full_text + noisy_diagram[pixel_noise],OK,BA,intersects_at,B
3,10,full_text + noisy_diagram[pixel_noise],OK,BD,bisects,∠ABC
3,10,full_text + noisy_diagram[pixel_noise],OK,CD,is_a,segment
3,10,full_text + noisy_diagram[pixel_noise],OK,CD,parallel_to,AB
3,10,full_text + noisy_diagram[pixel_noise],OK,∠BCD,has_measure,70_deg
3,10,full_text + noisy_diagram[pixel_noise],OK,CD,lies_on,BC
3,10,full_text + noisy_diagram[pixel_noise],OK,BD,lies_on,BC
3,10,full_text + noisy_diagram[pixel_noise],OK,∠CDB,is_a,angle
3,10,full_text + noisy_diagram[pixel_noise],OK,D,lies_on,BD
3,10,full_text + noisy_diagram[pixel_noise],OK,B,lies_on,BD
3,10,full_text + noisy_diagram[pixel_noise],OK,C,lies_on,BC
3,10,full_text + noisy_diagram[pixel_noise],OK,B,lies_on,BC
,,,,,,
4,10,full_text + noisy_diagram[pixel_noise],OK,A,is_a,point
4,10,full_text + noisy_diagram[pixel_noise],OK,B,is_a,point
4,10,full_text + noisy_diagram[pixel_noise],OK,C,is_a,point
4,10,full_text + noisy_diagram[pixel_noise],OK,O,is_a,point
4,10,full_text + noisy_diagram[pixel_noise],OK,AB,is_a,segment
4,10,full_text + noisy_diagram[pixel_noise],OK,AO,is_a,segment
4,10,full_text + noisy_diagram[pixel_noise],OK,BC,is_a,segment
4,10,full_text + noisy_diagram[pixel_noise],OK,∠A,is_a,angle
4,10,full_text + noisy_diagram[pixel_noise],OK,∠OCB,is_a,angle
4,10,full_text + noisy_diagram[pixel_noise],OK,AB,tangent_to,circle O
4,10,full_text + noisy_diagram[pixel_noise],OK,AO,intersects,circle O at point C
4,10,full_text + noisy_diagram[pixel_noise],OK,BC,connects,points B and C
4,10,full_text + noisy_diagram[pixel_noise],OK,∠A,has_measure,36_deg
,,,,,,
7,10,full_text + noisy_diagram[pixel_noise],OK,A,is_a,point
7,10,full_text + noisy_diagram[pixel_noise],OK,B,is_a,point
7,10,full_text + noisy_diagram[pixel_noise],OK,C,is_a,point
7,10,full_text + noisy_diagram[pixel_noise],OK,D,is_a,point
7,10,full_text + noisy_diagram[pixel_noise],OK,E,is_a,point
7,10,full_text + noisy_diagram[pixel_noise],OK,A,lies_on,line_AE
7,10,full_text + noisy_diagram[pixel_noise],OK,B,lies_on,line_BE
7,10,full_text + noisy_diagram[pixel_noise],OK,C,lies_on,line_CE
7,10,full_text + noisy_diagram[pixel_noise],OK,D,lies_on,line_CD
7,10,full_text + noisy_diagram[pixel_noise],OK,E,lies_on,line_BE
7,10,full_text + noisy_diagram[pixel_noise],OK,AB,is_a,segment
7,10,full_text + noisy_diagram[pixel_noise],OK,BC,is_a,segment
7,10,full_text + noisy_diagram[pixel_noise],OK,AC,is_a,segment
7,10,full_text + noisy_diagram[pixel_noise],OK,AD,is_a,segment
7,10,full_text + noisy_diagram[pixel_noise],OK,AE,is_a,segment
7,10,full_text + noisy_diagram[pixel_noise],OK,∠B,is_a,angle
7,10,full_text + noisy_diagram[pixel_noise],OK,∠C,is_a,angle
7,10,full_text + noisy_diagram[pixel_noise],OK,∠DAC,is_a,angle
7,10,full_text + noisy_diagram[pixel_noise],OK,∠EAC,is_a,angle
7,10,full_text + noisy_diagram[pixel_noise],OK,∠B,has_measure,70_deg
7,10,full_text + noisy_diagram[pixel_noise],OK,∠C,has_measure,30_deg
7,10,full_text + noisy_diagram[pixel_noise],OK,∠DAC,has_measure,35_deg
7,10,full_text + noisy_diagram[pixel_noise],OK,Triangle ABC,is_a,triangle
7,10,full_text + noisy_diagram[pixel_noise],OK,Triangle ADE,is_a,triangle
7,10,full_text + noisy_diagram[pixel_noise],OK,Triangle ABC,congruent_to,Triangle ADE
,,,,,,
8,10,full_text + noisy_diagram[pixel_noise],OK,A,is_a,point
8,10,full_text + noisy_diagram[pixel_noise],OK,B,is_a,point
8,10,full_text + noisy_diagram[pixel_noise],OK,C,is_a,point
8,10,full_text + noisy_diagram[pixel_noise],OK,D,is_a,point
8,10,full_text + noisy_diagram[pixel_noise],OK,E,is_a,point
8,10,full_text + noisy_diagram[pixel_noise],OK,F,is_a,point
8,10,full_text + noisy_diagram[pixel_noise],OK,AB,is_a,segment
8,10,full_text + noisy_diagram[pixel_noise],OK,BC,is_a,segment
8,10,full_text + noisy_diagram[pixel_noise],OK,BF,is_a,segment
8,10,full_text + noisy_diagram[pixel_noise],OK,EC,is_a,segment
8,10,full_text + noisy_diagram[pixel_noise],OK,ABC,is_a,triangle
8,10,full_text + noisy_diagram[pixel_noise],OK,DEF,is_a,triangle
8,10,full_text + noisy_diagram[pixel_noise],OK,A,lies_on,AB
8,10,full_text + noisy_diagram[pixel_noise],OK,B,lies_on,AB
8,10,full_text + noisy_diagram[pixel_noise],OK,B,lies_on,BF
8,10,full_text + noisy_diagram[pixel_noise],OK,F,lies_on,BF
8,10,full_text + noisy_diagram[pixel_noise],OK,BC,has_measure,5.0_units
8,10,full_text + noisy_diagram[pixel_noise],OK,BF,has_measure,7.0_units
8,10,full_text + noisy_diagram[pixel_noise],OK,EC,has_measure,?
8,10,full_text + noisy_diagram[pixel_noise],OK,ABC,congruent_to,DEF
8,10,full_text + noisy_diagram[pixel_noise],OK,A,corresponding_to,D
8,10,full_text + noisy_diagram[pixel_noise],OK,B,corresponding_to,E
,,,,,,
9,10,full_text + noisy_diagram[pixel_noise],OK,AB,is_a,segment
9,10,full_text + noisy_diagram[pixel_noise],OK,AC,is_a,segment
9,10,full_text + noisy_diagram[pixel_noise],OK,BC,is_a,segment
9,10,full_text + noisy_diagram[pixel_noise],OK,AD,is_a,segment
9,10,full_text + noisy_diagram[pixel_noise],OK,DE,is_a,segment
9,10,full_text + noisy_diagram[pixel_noise],OK,BE,is_a,segment
9,10,full_text + noisy_diagram[pixel_noise],OK,BD,is_a,segment
9,10,full_text + noisy_diagram[pixel_noise],OK,A,is_a,point
9,10,full_text + noisy_diagram[pixel_noise],OK,B,is_a,point
9,10,full_text + noisy_diagram[pixel_noise],OK,C,is_a,point
9,10,full_text + noisy_diagram[pixel_noise],OK,D,is_a,point
9,10,full_text + noisy_diagram[pixel_noise],OK,E,is_a,point
9,10,full_text + noisy_diagram[pixel_noise],OK,AB,has_measure,6.0_units
9,10,full_text + noisy_diagram[pixel_noise],OK,AC,is_a,"equal_to, BC"
9,10,full_text + noisy_diagram[pixel_noise],OK,AC,equal_to,BC
9,10,full_text + noisy_diagram[pixel_noise],OK,∠ACB,has_measure,90_deg
9,10,full_text + noisy_diagram[pixel_noise],OK,AD,intersects,BC
9,10,full_text + noisy_diagram[pixel_noise],OK,DE,perpendicular_to,AB
9,10,full_text + noisy_diagram[pixel_noise],OK,AD,bisects,∠CAB
9,10,full_text + noisy_diagram[pixel_noise],OK,C,lies_on,AB
9,10,full_text + noisy_diagram[pixel_noise],OK,D,lies_on,BC
9,10,full_text + noisy_diagram[pixel_noise],OK,E,lies_on,AB
,,,,,,
10,10,full_text + noisy_diagram[pixel_noise],OK,A,is_a,point
10,10,full_text + noisy_diagram[pixel_noise],OK,B,is_a,point
10,10,full_text + noisy_diagram[pixel_noise],OK,C,is_a,point
10,10,full_text + noisy_diagram[pixel_noise],OK,D,is_a,point
10,10,full_text + noisy_diagram[pixel_noise],OK,E,is_a,point
10,10,full_text + noisy_diagram[pixel_noise],OK,AB,is_a,segment
10,10,full_text + noisy_diagram[pixel_noise],OK,AC,is_a,segment
10,10,full_text + noisy_diagram[pixel_noise],OK,A,has_measure,36_deg
10,10,full_text + noisy_diagram[pixel_noise],OK,AB,has_measure,?
10,10,full_text + noisy_diagram[pixel_noise],OK,AC,has_measure,?
10,10,full_text + noisy_diagram[pixel_noise],OK,AB,is_a,"equal_to, AC"
10,10,full_text + noisy_diagram[pixel_noise],OK,AE,is_a,segment
10,10,full_text + noisy_diagram[pixel_noise],OK,EB,is_a,segment
10,10,full_text + noisy_diagram[pixel_noise],OK,Angle A,has_measure,36_deg
10,10,full_text + noisy_diagram[pixel_noise],OK,E,is_a,"midpoint_of, AB"
10,10,full_text + noisy_diagram[pixel_noise],OK,ED,is_a,"perpendicular_to, AB"
10,10,full_text + noisy_diagram[pixel_noise],OK,∠A,has_measure,36_deg
10,10,full_text + noisy_diagram[pixel_noise],OK,AB,intersects,ED
10,10,full_text + noisy_diagram[pixel_noise],OK,AC,intersects,ED
10,10,full_text + noisy_diagram[pixel_noise],OK,Triangle ABC,is_a,isosceles
,,,,,,
11,10,full_text + noisy_diagram[pixel_noise],OK,A,is_a,point
11,10,full_text + noisy_diagram[pixel_noise],OK,B,is_a,point
11,10,full_text + noisy_diagram[pixel_noise],OK,C,is_a,point
11,10,full_text + noisy_diagram[pixel_noise],OK,D,is_a,point
11,10,full_text + noisy_diagram[pixel_noise],OK,E,is_a,point
11,10,full_text + noisy_diagram[pixel_noise],OK,F,is_a,point
11,10,full_text + noisy_diagram[pixel_noise],OK,AB,is_a,segment
11,10,full_text + noisy_diagram[pixel_noise],OK,BC,is_a,segment
11,10,full_text + noisy_diagram[pixel_noise],OK,AC,is_a,segment
11,10,full_text + noisy_diagram[pixel_noise],OK,AD,is_a,segment
11,10,full_text + noisy_diagram[pixel_noise],OK,AE,is_a,segment
11,10,full_text + noisy_diagram[pixel_noise],OK,AF,is_a,segment
11,10,full_text + noisy_diagram[pixel_noise],OK,BF,is_a,segment
11,10,full_text + noisy_diagram[pixel_noise],OK,CF,is_a,segment
11,10,full_text + noisy_diagram[pixel_noise],OK,∠C,has_measure,36_deg
11,10,full_text + noisy_diagram[pixel_noise],OK,∠EAD,has_measure,60_deg
,,,,,,
14,10,full_text + noisy_diagram[pixel_noise],OK,A,is_a,point
14,10,full_text + noisy_diagram[pixel_noise],OK,O,is_a,point
14,10,full_text + noisy_diagram[pixel_noise],OK,B,is_a,point
14,10,full_text + noisy_diagram[pixel_noise],OK,C,is_a,point
14,10,full_text + noisy_diagram[pixel_noise],OK,AB,is_a,segment
14,10,full_text + noisy_diagram[pixel_noise],OK,AC,is_a,segment
14,10,full_text + noisy_diagram[pixel_noise],OK,BC,is_a,segment
14,10,full_text + noisy_diagram[pixel_noise],OK,∠OAB,is_a,angle
14,10,full_text + noisy_diagram[pixel_noise],OK,∠OAB,has_measure,35_deg
14,10,full_text + noisy_diagram[pixel_noise],OK,O,center_of,?
14,10,full_text + noisy_diagram[pixel_noise],OK,?,radius_of,?
14,10,full_text + noisy_diagram[pixel_noise],OK,?,diameter_of,?
14,10,full_text + noisy_diagram[pixel_noise],OK,∠ACB,is_a,angle
,,,,,,
16,10,full_text + noisy_diagram[pixel_noise],OK,O,is_a,point
16,10,full_text + noisy_diagram[pixel_noise],OK,OB,is_a,segment
16,10,full_text + noisy_diagram[pixel_noise],OK,OC,is_a,segment
16,10,full_text + noisy_diagram[pixel_noise],OK,AC,is_a,segment
16,10,full_text + noisy_diagram[pixel_noise],OK,AB,is_a,segment
16,10,full_text + noisy_diagram[pixel_noise],OK,B,is_a,point
16,10,full_text + noisy_diagram[pixel_noise],OK,C,is_a,point
16,10,full_text + noisy_diagram[pixel_noise],OK,A,is_a,point
16,10,full_text + noisy_diagram[pixel_noise],OK,∠BOC,is_a,angle
16,10,full_text + noisy_diagram[pixel_noise],OK,∠OAB,is_a,angle
16,10,full_text + noisy_diagram[pixel_noise],OK,AC,parallel_to,OB
16,10,full_text + noisy_diagram[pixel_noise],OK,∠BOC,has_measure,50_deg
16,10,full_text + noisy_diagram[pixel_noise],OK,AC,lies_on,circle O
16,10,full_text + noisy_diagram[pixel_noise],OK,OB,lies_on,circle O
16,10,full_text + noisy_diagram[pixel_noise],OK,OC,lies_on,circle O
16,10,full_text + noisy_diagram[pixel_noise],OK,OB,is_a,"radius_of, circle O"
16,10,full_text + noisy_diagram[pixel_noise],OK,OC,is_a,"radius_of, circle O"
,,,,,,
17,10,full_text + noisy_diagram[pixel_noise],OK,A,is_a,point
17,10,full_text + noisy_diagram[pixel_noise],OK,B,is_a,point
17,10,full_text + noisy_diagram[pixel_noise],OK,C,is_a,point
17,10,full_text + noisy_diagram[pixel_noise],OK,D,is_a,point
17,10,full_text + noisy_diagram[pixel_noise],OK,O,is_a,point
17,10,full_text + noisy_diagram[pixel_noise],OK,AB,is_a,segment
17,10,full_text + noisy_diagram[pixel_noise],OK,AC,is_a,segment
17,10,full_text + noisy_diagram[pixel_noise],OK,BD,is_a,segment
17,10,full_text + noisy_diagram[pixel_noise],OK,AD,is_a,segment
17,10,full_text + noisy_diagram[pixel_noise],OK,BC,is_a,segment
17,10,full_text + noisy_diagram[pixel_noise],OK,CD,is_a,segment
17,10,full_text + noisy_diagram[pixel_noise],OK,∠DAC,is_a,angle
17,10,full_text + noisy_diagram[pixel_noise],OK,∠CBD,is_a,angle
17,10,full_text + noisy_diagram[pixel_noise],OK,∠COD,is_a,angle
17,10,full_text + noisy_diagram[pixel_noise],OK,ABCD,is_a,parallelogram
17,10,full_text + noisy_diagram[pixel_noise],OK,AC,intersects,BD
17,10,full_text + noisy_diagram[pixel_noise],OK,O,is_a,intersection_point
17,10,full_text + noisy_diagram[pixel_noise],OK,∠DAC,has_measure,42_deg
17,10,full_text + noisy_diagram[pixel_noise],OK,∠CBD,has_measure,23_deg
17,10,full_text + noisy_diagram[pixel_noise],OK,AD,lies_on,ABCD
17,10,full_text + noisy_diagram[pixel_noise],OK,BC,lies_on,ABCD
17,10,full_text + noisy_diagram[pixel_noise],OK,AB,lies_on,ABCD
17,10,full_text + noisy_diagram[pixel_noise],OK,CD,lies_on,ABCD
17,10,full_text + noisy_diagram[pixel_noise],OK,AC,lies_on,ABCD
17,10,full_text + noisy_diagram[pixel_noise],OK,BD,lies_on,ABCD
17,10,full_text + noisy_diagram[pixel_noise],OK,A,lies_on,AD
17,10,full_text + noisy_diagram[pixel_noise],OK,B,lies_on,AB
17,10,full_text + noisy_diagram[pixel_noise],OK,C,lies_on,BC
17,10,full_text + noisy_diagram[pixel_noise],OK,D,lies_on,CD
17,10,full_text + noisy_diagram[pixel_noise],OK,O,connects,AC
17,10,full_text + noisy_diagram[pixel_noise],OK,AC,connects,O
,,,,,,
20,10,full_text + noisy_diagram[pixel_noise],OK,A,is_a,point
20,10,full_text + noisy_diagram[pixel_noise],OK,O,is_a,point
20,10,full_text + noisy_diagram[pixel_noise],OK,B,is_a,point
20,10,full_text + noisy_diagram[pixel_noise],OK,C,is_a,point
20,10,full_text + noisy_diagram[pixel_noise],OK,D,is_a,point
20,10,full_text + noisy_diagram[pixel_noise],OK,AB,is_a,segment
20,10,full_text + noisy_diagram[pixel_noise],OK,AC,is_a,segment
20,10,full_text + noisy_diagram[pixel_noise],OK,BC,is_a,segment
20,10,full_text + noisy_diagram[pixel_noise],OK,CD,is_a,segment
20,10,full_text + noisy_diagram[pixel_noise],OK,OD,is_a,segment
20,10,full_text + noisy_diagram[pixel_noise],OK,AB,diameter_of,circle O
20,10,full_text + noisy_diagram[pixel_noise],OK,C,lies_on,circle O
20,10,full_text + noisy_diagram[pixel_noise],OK,D,lies_on,circle O
20,10,full_text + noisy_diagram[pixel_noise],OK,∠DOB,is_a,angle
20,10,full_text + noisy_diagram[pixel_noise],OK,∠DOB,has_measure,140_deg
20,10,full_text + noisy_diagram[pixel_noise],OK,O,center_of,circle
,,,,,,
22,10,full_text + noisy_diagram[pixel_noise],OK,A,is_a,point
22,10,full_text + noisy_diagram[pixel_noise],OK,B,is_a,point
22,10,full_text + noisy_diagram[pixel_noise],OK,C,is_a,point
22,10,full_text + noisy_diagram[pixel_noise],OK,D,is_a,point
22,10,full_text + noisy_diagram[pixel_noise],OK,M,is_a,point
22,10,full_text + noisy_diagram[pixel_noise],OK,N,is_a,point
22,10,full_text + noisy_diagram[pixel_noise],OK,O,is_a,point
22,10,full_text + noisy_diagram[pixel_noise],OK,ABCD,is_a,diamond
22,10,full_text + noisy_diagram[pixel_noise],OK,AM,is_a,segment
22,10,full_text + noisy_diagram[pixel_noise],OK,CN,is_a,segment
22,10,full_text + noisy_diagram[pixel_noise],OK,MN,is_a,segment
22,10,full_text + noisy_diagram[pixel_noise],OK,AC,is_a,segment
22,10,full_text + noisy_diagram[pixel_noise],OK,BO,is_a,segment
22,10,full_text + noisy_diagram[pixel_noise],OK,∠DAC,is_a,angle
22,10,full_text + noisy_diagram[pixel_noise],OK,∠OBC,is_a,angle
22,10,full_text + noisy_diagram[pixel_noise],OK,AM,has_measure,?
22,10,full_text + noisy_diagram[pixel_noise],OK,CN,has_measure,?
22,10,full_text + noisy_diagram[pixel_noise],OK,AM,lies_on,AB
22,10,full_text + noisy_diagram[pixel_noise],OK,CN,lies_on,CD
22,10,full_text + noisy_diagram[pixel_noise],OK,MN,intersects,AC
22,10,full_text + noisy_diagram[pixel_noise],OK,M,lies_on,AB
22,10,full_text + noisy_diagram[pixel_noise],OK,N,lies_on,CD
22,10,full_text + noisy_diagram[pixel_noise],OK,O,lies_on,MN
22,10,full_text + noisy_diagram[pixel_noise],OK,O,lies_on,AC
22,10,full_text + noisy_diagram[pixel_noise],OK,B,lies_on,BO
22,10,full_text + noisy_diagram[pixel_noise],OK,∠DAC,has_measure,28_deg
,,,,,,
25,10,full_text + noisy_diagram[pixel_noise],OK,A,is_a,point
25,10,full_text + noisy_diagram[pixel_noise],OK,EF,is_a,line
25,10,full_text + noisy_diagram[pixel_noise],OK,BC,is_a,line
25,10,full_text + noisy_diagram[pixel_noise],OK,AC,is_a,line
25,10,full_text + noisy_diagram[pixel_noise],OK,A,lies_on,EF
25,10,full_text + noisy_diagram[pixel_noise],OK,B,lies_on,BC
25,10,full_text + noisy_diagram[pixel_noise],OK,C,lies_on,BC
25,10,full_text + noisy_diagram[pixel_noise],OK,E,lies_on,EF
25,10,full_text + noisy_diagram[pixel_noise],OK,F,lies_on,EF
25,10,full_text + noisy_diagram[pixel_noise],OK,EF,parallel_to,BC
25,10,full_text + noisy_diagram[pixel_noise],OK,AC,intersects,BC
25,10,full_text + noisy_diagram[pixel_noise],OK,∠BAF,is_a,angle
25,10,full_text + noisy_diagram[pixel_noise],OK,∠B,is_a,angle
25,10,full_text + noisy_diagram[pixel_noise],OK,∠C,is_a,angle
25,10,full_text + noisy_diagram[pixel_noise],OK,∠B,has_measure,50_deg
25,10,full_text + noisy_diagram[pixel_noise],OK,AC,bisects,∠BAF
,,,,,,
26,10,full_text + noisy_diagram[pixel_noise],OK,A,is_a,point
26,10,full_text + noisy_diagram[pixel_noise],OK,A,lies_on,ground
26,10,full_text + noisy_diagram[pixel_noise],OK,B,is_a,point
26,10,full_text + noisy_diagram[pixel_noise],OK,B,lies_on,ground
26,10,full_text + noisy_diagram[pixel_noise],OK,AB,is_a,segment
26,10,full_text + noisy_diagram[pixel_noise],OK,AB,has_measure,22m + 8m
26,10,full_text + noisy_diagram[pixel_noise],OK,AC,is_a,segment
26,10,full_text + noisy_diagram[pixel_noise],OK,AC,has_measure,3.2m
26,10,full_text + noisy_diagram[pixel_noise],OK,∠BAC,is_a,angle
26,10,full_text + noisy_diagram[pixel_noise],OK,∠BAC,has_measure,?
26,10,full_text + noisy_diagram[pixel_noise],OK,O,is_a,point
26,10,full_text + noisy_diagram[pixel_noise],OK,O,lies_on,ground
26,10,full_text + noisy_diagram[pixel_noise],OK,OB,is_a,segment
26,10,full_text + noisy_diagram[pixel_noise],OK,OB,has_measure,22m
26,10,full_text + noisy_diagram[pixel_noise],OK,OA,is_a,segment
26,10,full_text + noisy_diagram[pixel_noise],OK,OA,has_measure,8m
,,,,,,
29,10,full_text + noisy_diagram[pixel_noise],OK,A,is_a,point
29,10,full_text + noisy_diagram[pixel_noise],OK,B,is_a,point
29,10,full_text + noisy_diagram[pixel_noise],OK,C,is_a,point
29,10,full_text + noisy_diagram[pixel_noise],OK,D,is_a,point
29,10,full_text + noisy_diagram[pixel_noise],OK,A,has_measure,50_deg
29,10,full_text + noisy_diagram[pixel_noise],OK,AB,is_a,segment
29,10,full_text + noisy_diagram[pixel_noise],OK,BC,is_a,segment
29,10,full_text + noisy_diagram[pixel_noise],OK,AC,is_a,segment
29,10,full_text + noisy_diagram[pixel_noise],OK,BD,is_a,segment
29,10,full_text + noisy_diagram[pixel_noise],OK,CD,is_a,segment
29,10,full_text + noisy_diagram[pixel_noise],OK,∠A,is_a,angle
29,10,full_text + noisy_diagram[pixel_noise],OK,∠BDC,is_a,angle
29,10,full_text + noisy_diagram[pixel_noise],OK,∠A,has_measure,50_deg
29,10,full_text + noisy_diagram[pixel_noise],OK,D,lies_on,BD
29,10,full_text + noisy_diagram[pixel_noise],OK,D,lies_on,CD
29,10,full_text + noisy_diagram[pixel_noise],OK,BD,connects,"B, D"
29,10,full_text + noisy_diagram[pixel_noise],OK,CD,connects,"C, D"
29,10,full_text + noisy_diagram[pixel_noise],OK,triangle ABC,is_a,triangle
29,10,full_text + noisy_diagram[pixel_noise],OK,D,is_a,intersection
29,10,full_text + noisy_diagram[pixel_noise],OK,BD,is_a,angle_bisector
29,10,full_text + noisy_diagram[pixel_noise],OK,CD,is_a,angle_bisector
29,10,full_text + noisy_diagram[pixel_noise],OK,∠BDC,has_measure,?
29,10,full_text + noisy_diagram[pixel_noise],OK,A,lies_on,triangle ABC
,,,,,,
30,10,full_text + noisy_diagram[pixel_noise],OK,O,is_a,point
30,10,full_text + noisy_diagram[pixel_noise],OK,A,is_a,point
30,10,full_text + noisy_diagram[pixel_noise],OK,B,is_a,point
30,10,full_text + noisy_diagram[pixel_noise],OK,C,is_a,point
30,10,full_text + noisy_diagram[pixel_noise],OK,OA,is_a,segment
30,10,full_text + noisy_diagram[pixel_noise],OK,OB,is_a,segment
30,10,full_text + noisy_diagram[pixel_noise],OK,OC,is_a,segment
30,10,full_text + noisy_diagram[pixel_noise],OK,ACB,is_a,angle
30,10,full_text + noisy_diagram[pixel_noise],OK,angle ACB,has_measure,30_deg
30,10,full_text + noisy_diagram[pixel_noise],OK,OA,has_measure,?
30,10,full_text + noisy_diagram[pixel_noise],OK,OB,has_measure,?
30,10,full_text + noisy_diagram[pixel_noise],OK,OC,has_measure,?
30,10,full_text + noisy_diagram[pixel_noise],OK,OA,equals,OB
30,10,full_text + noisy_diagram[pixel_noise],OK,OB,equals,OC
30,10,full_text + noisy_diagram[pixel_noise],OK,OA,equals,OC
30,10,full_text + noisy_diagram[pixel_noise],OK,∠AOB,is_a,angle
30,10,full_text + noisy_diagram[pixel_noise],OK,∠ACB,has_measure,30_deg
,,,,,,
32,10,full_text + noisy_diagram[pixel_noise],OK,A,is_a,point
32,10,full_text + noisy_diagram[pixel_noise],OK,I,is_a,point
32,10,full_text + noisy_diagram[pixel_noise],OK,B,is_a,point
32,10,full_text + noisy_diagram[pixel_noise],OK,C,is_a,point
32,10,full_text + noisy_diagram[pixel_noise],OK,D,is_a,point
32,10,full_text + noisy_diagram[pixel_noise],OK,E,is_a,point
32,10,full_text + noisy_diagram[pixel_noise],OK,F,is_a,point
32,10,full_text + noisy_diagram[pixel_noise],OK,∠DEF,is_a,angle
32,10,full_text + noisy_diagram[pixel_noise],OK,∠A,is_a,angle
32,10,full_text + noisy_diagram[pixel_noise],OK,DEF,is_a,segment
32,10,full_text + noisy_diagram[pixel_noise],OK,DF,is_a,segment
32,10,full_text + noisy_diagram[pixel_noise],OK,DE,is_a,segment
32,10,full_text + noisy_diagram[pixel_noise],OK,∠DEF,has_measure,52_deg
32,10,full_text + noisy_diagram[pixel_noise],OK,I,center_of,circle
32,10,full_text + noisy_diagram[pixel_noise],OK,circle,intersects,DE
32,10,full_text + noisy_diagram[pixel_noise],OK,circle,intersects,DF
32,10,full_text + noisy_diagram[pixel_noise],OK,circle,intersects,EF
32,10,full_text + noisy_diagram[pixel_noise],OK,D,lies_on,DE
32,10,full_text + noisy_diagram[pixel_noise],OK,E,lies_on,DE
32,10,full_text + noisy_diagram[pixel_noise],OK,D,lies_on,DF
32,10,full_text + noisy_diagram[pixel_noise],OK,F,lies_on,DF
32,10,full_text + noisy_diagram[pixel_noise],OK,E,lies_on,EF
32,10,full_text + noisy_diagram[pixel_noise],OK,F,lies_on,EF
,,,,,,
34,10,full_text + noisy_diagram[pixel_noise],OK,AB,is_a,segment
34,10,full_text + noisy_diagram[pixel_noise],OK,CD,is_a,segment
34,10,full_text + noisy_diagram[pixel_noise],OK,EF,is_a,segment
34,10,full_text + noisy_diagram[pixel_noise],OK,A,is_a,point
34,10,full_text + noisy_diagram[pixel_noise],OK,B,is_a,point
34,10,full_text + noisy_diagram[pixel_noise],OK,C,is_a,point
34,10,full_text + noisy_diagram[pixel_noise],OK,D,is_a,point
34,10,full_text + noisy_diagram[pixel_noise],OK,E,is_a,point
34,10,full_text + noisy_diagram[pixel_noise],OK,F,is_a,point
34,10,full_text + noisy_diagram[pixel_noise],OK,P,is_a,point
34,10,full_text + noisy_diagram[pixel_noise],OK,Q,is_a,point
34,10,full_text + noisy_diagram[pixel_noise],OK,P,lies_on,EF
34,10,full_text + noisy_diagram[pixel_noise],OK,P,lies_on,AB
34,10,full_text + noisy_diagram[pixel_noise],OK,Q,lies_on,EF
34,10,full_text + noisy_diagram[pixel_noise],OK,Q,lies_on,CD
34,10,full_text + noisy_diagram[pixel_noise],OK,AB,parallel_to,CD
34,10,full_text + noisy_diagram[pixel_noise],OK,∠BPF,has_measure,100_deg
34,10,full_text + noisy_diagram[pixel_noise],OK,∠BPF,is_a,angle
,,,,,,
36,10,full_text + noisy_diagram[pixel_noise],OK,A,is_a,point
36,10,full_text + noisy_diagram[pixel_noise],OK,O,is_a,point
36,10,full_text + noisy_diagram[pixel_noise],OK,B,is_a,point
36,10,full_text + noisy_diagram[pixel_noise],OK,C,is_a,point
36,10,full_text + noisy_diagram[pixel_noise],OK,D,is_a,point
36,10,full_text + noisy_diagram[pixel_noise],OK,AB,is_a,segment
36,10,full_text + noisy_diagram[pixel_noise],OK,AC,is_a,segment
36,10,full_text + noisy_diagram[pixel_noise],OK,BC,is_a,segment
36,10,full_text + noisy_diagram[pixel_noise],OK,CD,is_a,segment
36,10,full_text + noisy_diagram[pixel_noise],OK,OD,is_a,segment
36,10,full_text + noisy_diagram[pixel_noise],OK,O,center_of,circle
36,10,full_text + noisy_diagram[pixel_noise],OK,AB,is_a,diameter
36,10,full_text + noisy_diagram[pixel_noise],OK,CD,is_a,tangent
36,10,full_text + noisy_diagram[pixel_noise],OK,CD,intersects,AB
36,10,full_text + noisy_diagram[pixel_noise],OK,∠D,has_measure,50_deg
36,10,full_text + noisy_diagram[pixel_noise],OK,∠D,lies_on,line_DC
36,10,full_text + noisy_diagram[pixel_noise],OK,∠D,lies_on,line_DB
36,10,full_text + noisy_diagram[pixel_noise],OK,∠BAC,has_measure,?
,,,,,,
37,10,full_text + noisy_diagram[pixel_noise],OK,A,is_a,point
37,10,full_text + noisy_diagram[pixel_noise],OK,B,is_a,point
37,10,full_text + noisy_diagram[pixel_noise],OK,C,is_a,point
37,10,full_text + noisy_diagram[pixel_noise],OK,D,is_a,point
37,10,full_text + noisy_diagram[pixel_noise],OK,O,is_a,point
37,10,full_text + noisy_diagram[pixel_noise],OK,P,is_a,point
37,10,full_text + noisy_diagram[pixel_noise],OK,AO,is_a,segment
37,10,full_text + noisy_diagram[pixel_noise],OK,OP,is_a,segment
37,10,full_text + noisy_diagram[pixel_noise],OK,AP,is_a,segment
37,10,full_text + noisy_diagram[pixel_noise],OK,AB,is_a,line
37,10,full_text + noisy_diagram[pixel_noise],OK,CD,is_a,line
37,10,full_text + noisy_diagram[pixel_noise],OK,∠OCD,is_a,angle
37,10,full_text + noisy_diagram[pixel_noise],OK,∠OAP,is_a,angle
37,10,full_text + noisy_diagram[pixel_noise],OK,AB,parallel_to,CD
37,10,full_text + noisy_diagram[pixel_noise],OK,C,lies_on,CD
37,10,full_text + noisy_diagram[pixel_noise],OK,O,lies_on,AB
37,10,full_text + noisy_diagram[pixel_noise],OK,O,lies_on,CD
37,10,full_text + noisy_diagram[pixel_noise],OK,P,lies_on,line
37,10,full_text + noisy_diagram[pixel_noise],OK,A,lies_on,AB
37,10,full_text + noisy_diagram[pixel_noise],OK,AO,has_measure,?
37,10,full_text + noisy_diagram[pixel_noise],OK,OP,has_measure,?
37,10,full_text + noisy_diagram[pixel_noise],OK,AP,has_measure,?
37,10,full_text + noisy_diagram[pixel_noise],OK,∠OCD,has_measure,50_deg
37,10,full_text + noisy_diagram[pixel_noise],OK,AO,intersects,OP
37,10,full_text + noisy_diagram[pixel_noise],OK,OP,intersects,CD
37,10,full_text + noisy_diagram[pixel_noise],OK,AP,intersects,line
37,10,full_text + noisy_diagram[pixel_noise],OK,AO,equals,OP
37,10,full_text + noisy_diagram[pixel_noise],OK,AO,has_measure,OP
,,,,,,
38,10,full_text + noisy_diagram[pixel_noise],OK,A,is_a,point
38,10,full_text + noisy_diagram[pixel_noise],OK,B,is_a,point
38,10,full_text + noisy_diagram[pixel_noise],OK,C,is_a,point
38,10,full_text + noisy_diagram[pixel_noise],OK,D,is_a,point
38,10,full_text + noisy_diagram[pixel_noise],OK,AB,is_a,segment
38,10,full_text + noisy_diagram[pixel_noise],OK,AC,is_a,segment
38,10,full_text + noisy_diagram[pixel_noise],OK,AD,is_a,line
38,10,full_text + noisy_diagram[pixel_noise],OK,BC,is_a,segment
38,10,full_text + noisy_diagram[pixel_noise],OK,∠CAD,is_a,angle
38,10,full_text + noisy_diagram[pixel_noise],OK,∠BAC,is_a,angle
38,10,full_text + noisy_diagram[pixel_noise],OK,AB,has_measure,?
38,10,full_text + noisy_diagram[pixel_noise],OK,AC,has_measure,?
38,10,full_text + noisy_diagram[pixel_noise],OK,AD,lies_on,line
38,10,full_text + noisy_diagram[pixel_noise],OK,D,lies_on,line
38,10,full_text + noisy_diagram[pixel_noise],OK,AD,parallel_to,BC
38,10,full_text + noisy_diagram[pixel_noise],OK,∠CAD,has_measure,70_deg
38,10,full_text + noisy_diagram[pixel_noise],OK,AB,equals,AC
38,10,full_text + noisy_diagram[pixel_noise],OK,∠BAC,has_measure,?
,,,,,,
40,10,full_text + noisy_diagram[pixel_noise],OK,A,is_a,point
40,10,full_text + noisy_diagram[pixel_noise],OK,a,is_a,line
40,10,full_text + noisy_diagram[pixel_noise],OK,b,is_a,line
40,10,full_text + noisy_diagram[pixel_noise],OK,c,is_a,line
40,10,full_text + noisy_diagram[pixel_noise],OK,A,lies_on,a
40,10,full_text + noisy_diagram[pixel_noise],OK,a,intersects,c
40,10,full_text + noisy_diagram[pixel_noise],OK,b,intersects,c
40,10,full_text + noisy_diagram[pixel_noise],OK,AEC,has_measure,50_deg
,,,,,,
43,10,full_text + noisy_diagram[pixel_noise],OK,A,is_a,point
43,10,full_text + noisy_diagram[pixel_noise],OK,O,is_a,point
43,10,full_text + noisy_diagram[pixel_noise],OK,B,is_a,point
43,10,full_text + noisy_diagram[pixel_noise],OK,AO,is_a,segment
43,10,full_text + noisy_diagram[pixel_noise],OK,OD,is_a,segment
43,10,full_text + noisy_diagram[pixel_noise],OK,OC,is_a,segment
43,10,full_text + noisy_diagram[pixel_noise],OK,OB,is_a,segment
43,10,full_text + noisy_diagram[pixel_noise],OK,∠AOC,is_a,angle
43,10,full_text + noisy_diagram[pixel_noise],OK,∠DOB,is_a,angle
43,10,full_text + noisy_diagram[pixel_noise],OK,∠AOD,has_measure,30_deg
43,10,full_text + noisy_diagram[pixel_noise],OK,∠AOC,has_measure,100_deg
,,,,,,
44,10,full_text + noisy_diagram[pixel_noise],OK,A,is_a,point
44,10,full_text + noisy_diagram[pixel_noise],OK,B,is_a,point
44,10,full_text + noisy_diagram[pixel_noise],OK,AB,is_a,segment
44,10,full_text + noisy_diagram[pixel_noise],OK,25,has_measure,?
44,10,full_text + noisy_diagram[pixel_noise],OK,30,has_measure,?
44,10,full_text + noisy_diagram[pixel_noise],OK,1.5,has_measure,?
44,10,full_text + noisy_diagram[pixel_noise],OK,∠AOB,is_a,angle
44,10,full_text + noisy_diagram[pixel_noise],OK,Xiaogang's height,has_measure,1.5_units
44,10,full_text + noisy_diagram[pixel_noise],OK,distance from A to Xiaogang,has_measure,25_units
44,10,full_text + noisy_diagram[pixel_noise],OK,distance from Xiaogang to B,has_measure,30_units
44,10,full_text + noisy_diagram[pixel_noise],OK,Height of street lamp,has_measure,?
,,,,,,
45,10,full_text + noisy_diagram[pixel_noise],OK,A,is_a,point
45,10,full_text + noisy_diagram[pixel_noise],OK,O,is_a,point
45,10,full_text + noisy_diagram[pixel_noise],OK,B,is_a,point
45,10,full_text + noisy_diagram[pixel_noise],OK,C,is_a,point
45,10,full_text + noisy_diagram[pixel_noise],OK,AO,is_a,segment
45,10,full_text + noisy_diagram[pixel_noise],OK,BO,is_a,segment
45,10,full_text + noisy_diagram[pixel_noise],OK,AC,is_a,segment
45,10,full_text + noisy_diagram[pixel_noise],OK,BC,is_a,segment
45,10,full_text + noisy_diagram[pixel_noise],OK,∠ACB,is_a,angle
45,10,full_text + noisy_diagram[pixel_noise],OK,O,center_of,circle
45,10,full_text + noisy_diagram[pixel_noise],OK,A,lies_on,circle
45,10,full_text + noisy_diagram[pixel_noise],OK,B,lies_on,circle
45,10,full_text + noisy_diagram[pixel_noise],OK,C,lies_on,circle
45,10,full_text + noisy_diagram[pixel_noise],OK,∠ACB,has_measure,35_deg
,,,,,,
46,10,full_text + noisy_diagram[pixel_noise],OK,A,is_a,point
46,10,full_text + noisy_diagram[pixel_noise],OK,AB,is_a,line
46,10,full_text + noisy_diagram[pixel_noise],OK,C,is_a,point
46,10,full_text + noisy_diagram[pixel_noise],OK,CD,is_a,line
46,10,full_text + noisy_diagram[pixel_noise],OK,∠CAB,is_a,angle
46,10,full_text + noisy_diagram[pixel_noise],OK,∠CAB,has_measure,70_deg
46,10,full_text + noisy_diagram[pixel_noise],OK,AB,parallel_to,CD
46,10,full_text + noisy_diagram[pixel_noise],OK,1?,is_a,angle
,,,,,,
48,10,full_text + noisy_diagram[pixel_noise],OK,subject,relation,object
48,10,full_text + noisy_diagram[pixel_noise],OK,O,is_a,point
48,10,full_text + noisy_diagram[pixel_noise],OK,A,is_a,point
48,10,full_text + noisy_diagram[pixel_noise],OK,B,is_a,point
48,10,full_text + noisy_diagram[pixel_noise],OK,C,is_a,point
48,10,full_text + noisy_diagram[pixel_noise],OK,O,center_of,circle
48,10,full_text + noisy_diagram[pixel_noise],OK,A,lies_on,circle
48,10,full_text + noisy_diagram[pixel_noise],OK,B,lies_on,circle
48,10,full_text + noisy_diagram[pixel_noise],OK,C,lies_on,circle
48,10,full_text + noisy_diagram[pixel_noise],OK,BOC,is_a,angle
48,10,full_text + noisy_diagram[pixel_noise],OK,BOC,has_measure,100_deg
48,10,full_text + noisy_diagram[pixel_noise],OK,∠BOC,has_measure,100_deg
48,10,full_text + noisy_diagram[pixel_noise],OK,∠BAC,is_a,angle
48,10,full_text + noisy_diagram[pixel_noise],OK,OA,radius_of,circle
48,10,full_text + noisy_diagram[pixel_noise],OK,OB,radius_of,circle
48,10,full_text + noisy_diagram[pixel_noise],OK,OC,radius_of,circle
48,10,full_text + noisy_diagram[pixel_noise],OK,∠BOC,is_a,angle
48,10,full_text + noisy_diagram[pixel_noise],OK,BOC,connects,B
48,10,full_text + noisy_diagram[pixel_noise],OK,BOC,connects,C
48,10,full_text + noisy_diagram[pixel_noise],OK,O,connects,B
48,10,full_text + noisy_diagram[pixel_noise],OK,O,connects,C
48,10,full_text + noisy_diagram[pixel_noise],OK,OA,is_a,segment
48,10,full_text + noisy_diagram[pixel_noise],OK,OB,is_a,segment
48,10,full_text + noisy_diagram[pixel_noise],OK,OC,is_a,segment
48,10,full_text + noisy_diagram[pixel_noise],OK,BAC,connects,B
48,10,full_text + noisy_diagram[pixel_noise],OK,BAC,connects,C
,,,,,,
49,10,full_text + noisy_diagram[pixel_noise],OK,A,is_a,point
49,10,full_text + noisy_diagram[pixel_noise],OK,B,is_a,point
49,10,full_text + noisy_diagram[pixel_noise],OK,C,is_a,point
49,10,full_text + noisy_diagram[pixel_noise],OK,D,is_a,point
49,10,full_text + noisy_diagram[pixel_noise],OK,E,is_a,point
49,10,full_text + noisy_diagram[pixel_noise],OK,A,lies_on,circle
49,10,full_text + noisy_diagram[pixel_noise],OK,B,lies_on,circle
49,10,full_text + noisy_diagram[pixel_noise],OK,C,lies_on,circle
49,10,full_text + noisy_diagram[pixel_noise],OK,D,lies_on,circle
49,10,full_text + noisy_diagram[pixel_noise],OK,E,lies_on,circle
49,10,full_text + noisy_diagram[pixel_noise],OK,AB,is_a,segment
49,10,full_text + noisy_diagram[pixel_noise],OK,BC,is_a,segment
49,10,full_text + noisy_diagram[pixel_noise],OK,CD,is_a,segment
49,10,full_text + noisy_diagram[pixel_noise],OK,DE,is_a,segment
49,10,full_text + noisy_diagram[pixel_noise],OK,EA,is_a,segment
49,10,full_text + noisy_diagram[pixel_noise],OK,∠BAC,is_a,angle
49,10,full_text + noisy_diagram[pixel_noise],OK,∠AED,is_a,angle
49,10,full_text + noisy_diagram[pixel_noise],OK,∠BAC,has_measure,30_deg
49,10,full_text + noisy_diagram[pixel_noise],OK,∠AED,has_measure,115_deg
,,,,,,
50,10,full_text + noisy_diagram[pixel_noise],OK,A,is_a,point
50,10,full_text + noisy_diagram[pixel_noise],OK,O,is_a,point
50,10,full_text + noisy_diagram[pixel_noise],OK,B,is_a,point
50,10,full_text + noisy_diagram[pixel_noise],OK,D,is_a,point
50,10,full_text + noisy_diagram[pixel_noise],OK,E,is_a,point
50,10,full_text + noisy_diagram[pixel_noise],OK,C,is_a,point
50,10,full_text + noisy_diagram[pixel_noise],OK,AO,is_a,segment
50,10,full_text + noisy_diagram[pixel_noise],OK,OB,is_a,segment
50,10,full_text + noisy_diagram[pixel_noise],OK,OD,is_a,segment
50,10,full_text + noisy_diagram[pixel_noise],OK,OE,is_a,segment
50,10,full_text + noisy_diagram[pixel_noise],OK,OC,is_a,segment
50,10,full_text + noisy_diagram[pixel_noise],OK,AB,is_a,line
50,10,full_text + noisy_diagram[pixel_noise],OK,CD,is_a,line
50,10,full_text + noisy_diagram[pixel_noise],OK,EO,is_a,segment
50,10,full_text + noisy_diagram[pixel_noise],OK,AB,intersects,CD
50,10,full_text + noisy_diagram[pixel_noise],OK,AB,intersects,EO
50,10,full_text + noisy_diagram[pixel_noise],OK,CD,intersects,EO
50,10,full_text + noisy_diagram[pixel_noise],OK,EO,perpendicular_to,AB
50,10,full_text + noisy_diagram[pixel_noise],OK,O,lies_on,AB
50,10,full_text + noisy_diagram[pixel_noise],OK,O,lies_on,CD
50,10,full_text + noisy_diagram[pixel_noise],OK,O,lies_on,EO
50,10,full_text + noisy_diagram[pixel_noise],OK,∠BOD,is_a,angle
50,10,full_text + noisy_diagram[pixel_noise],OK,∠BOD,has_measure,50_deg
,,,,,,
53,10,full_text + noisy_diagram[pixel_noise],OK,a,is_a,line
53,10,full_text + noisy_diagram[pixel_noise],OK,b,is_a,line
53,10,full_text + noisy_diagram[pixel_noise],OK,c,is_a,line
53,10,full_text + noisy_diagram[pixel_noise],OK,1,is_a,angle
53,10,full_text + noisy_diagram[pixel_noise],OK,2,is_a,angle
53,10,full_text + noisy_diagram[pixel_noise],OK,a,parallel_to,b
53,10,full_text + noisy_diagram[pixel_noise],OK,1,has_measure,55°
53,10,full_text + noisy_diagram[pixel_noise],OK,c,intersects,a
53,10,full_text + noisy_diagram[pixel_noise],OK,c,intersects,b
53,10,full_text + noisy_diagram[pixel_noise],OK,\angle 1,lies_on,c
53,10,full_text + noisy_diagram[pixel_noise],OK,1,has_measure,55°_deg
,,,,,,
55,10,full_text + noisy_diagram[pixel_noise],OK,A,is_a,point
55,10,full_text + noisy_diagram[pixel_noise],OK,B,is_a,point
55,10,full_text + noisy_diagram[pixel_noise],OK,C,is_a,point
55,10,full_text + noisy_diagram[pixel_noise],OK,D,is_a,point
55,10,full_text + noisy_diagram[pixel_noise],OK,O,is_a,point
55,10,full_text + noisy_diagram[pixel_noise],OK,M,is_a,point
55,10,full_text + noisy_diagram[pixel_noise],OK,N,is_a,point
55,10,full_text + noisy_diagram[pixel_noise],OK,AB,is_a,line
55,10,full_text + noisy_diagram[pixel_noise],OK,CD,is_a,line
55,10,full_text + noisy_diagram[pixel_noise],OK,OM,is_a,line
55,10,full_text + noisy_diagram[pixel_noise],OK,ON,is_a,line
55,10,full_text + noisy_diagram[pixel_noise],OK,AOC,is_a,angle
55,10,full_text + noisy_diagram[pixel_noise],OK,AO,is_a,segment
55,10,full_text + noisy_diagram[pixel_noise],OK,OC,is_a,segment
55,10,full_text + noisy_diagram[pixel_noise],OK,OM,is_a,segment
55,10,full_text + noisy_diagram[pixel_noise],OK,ON,is_a,segment
55,10,full_text + noisy_diagram[pixel_noise],OK,∠AOC,has_measure,70_deg
55,10,full_text + noisy_diagram[pixel_noise],OK,OM,bisects,∠AOC
55,10,full_text + noisy_diagram[pixel_noise],OK,ON,perpendicular_to,OM
,,,,,,
56,10,full_text + noisy_diagram[pixel_noise],OK,O,is_a,point
56,10,full_text + noisy_diagram[pixel_noise],OK,C,is_a,point
56,10,full_text + noisy_diagram[pixel_noise],OK,D,is_a,point
56,10,full_text + noisy_diagram[pixel_noise],OK,E,is_a,point
56,10,full_text + noisy_diagram[pixel_noise],OK,F,is_a,point
56,10,full_text + noisy_diagram[pixel_noise],OK,G,is_a,point
56,10,full_text + noisy_diagram[pixel_noise],OK,CD,is_a,segment
56,10,full_text + noisy_diagram[pixel_noise],OK,EF,is_a,segment
56,10,full_text + noisy_diagram[pixel_noise],OK,O,center_of,circle
56,10,full_text + noisy_diagram[pixel_noise],OK,CD,diameter_of,circle
56,10,full_text + noisy_diagram[pixel_noise],OK,G,midpoint_of,EF
56,10,full_text + noisy_diagram[pixel_noise],OK,C,lies_on,circle
56,10,full_text + noisy_diagram[pixel_noise],OK,E,lies_on,circle
56,10,full_text + noisy_diagram[pixel_noise],OK,F,lies_on,circle
56,10,full_text + noisy_diagram[pixel_noise],OK,∠DCF,has_measure,20_deg
56,10,full_text + noisy_diagram[pixel_noise],OK,CD,connects,C
56,10,full_text + noisy_diagram[pixel_noise],OK,CD,connects,D
56,10,full_text + noisy_diagram[pixel_noise],OK,EF,intersects,CD
56,10,full_text + noisy_diagram[pixel_noise],OK,EF,connects,E
56,10,full_text + noisy_diagram[pixel_noise],OK,EF,connects,F
56,10,full_text + noisy_diagram[pixel_noise],OK,G,lies_on,EF
,,,,,,
57,10,full_text + noisy_diagram[pixel_noise],OK,A,is_a,point
57,10,full_text + noisy_diagram[pixel_noise],OK,C,is_a,point
57,10,full_text + noisy_diagram[pixel_noise],OK,B,is_a,point
57,10,full_text + noisy_diagram[pixel_noise],OK,D,is_a,point
57,10,full_text + noisy_diagram[pixel_noise],OK,AB,is_a,segment
57,10,full_text + noisy_diagram[pixel_noise],OK,CD,is_a,segment
57,10,full_text + noisy_diagram[pixel_noise],OK,AD,is_a,segment
57,10,full_text + noisy_diagram[pixel_noise],OK,BC,is_a,segment
57,10,full_text + noisy_diagram[pixel_noise],OK,AB,parallel_to,CD
57,10,full_text + noisy_diagram[pixel_noise],OK,AB,lies_on,upper_line
57,10,full_text + noisy_diagram[pixel_noise],OK,CD,lies_on,lower_line
57,10,full_text + noisy_diagram[pixel_noise],OK,A,lies_on,AB
57,10,full_text + noisy_diagram[pixel_noise],OK,B,lies_on,AB
57,10,full_text + noisy_diagram[pixel_noise],OK,C,lies_on,CD
57,10,full_text + noisy_diagram[pixel_noise],OK,D,lies_on,CD
57,10,full_text + noisy_diagram[pixel_noise],OK,AD,intersects,BC
57,10,full_text + noisy_diagram[pixel_noise],OK,ABC,has_measure,20_deg
,,,,,,
58,10,full_text + noisy_diagram[pixel_noise],OK,A,E,B
58,10,full_text + noisy_diagram[pixel_noise],OK,A,is_a,point
58,10,full_text + noisy_diagram[pixel_noise],OK,B,is_a,point
58,10,full_text + noisy_diagram[pixel_noise],OK,C,is_a,point
58,10,full_text + noisy_diagram[pixel_noise],OK,D,is_a,point
58,10,full_text + noisy_diagram[pixel_noise],OK,E,is_a,point
58,10,full_text + noisy_diagram[pixel_noise],OK,AB,is_a,line
58,10,full_text + noisy_diagram[pixel_noise],OK,CD,is_a,line
58,10,full_text + noisy_diagram[pixel_noise],OK,EC,is_a,segment
58,10,full_text + noisy_diagram[pixel_noise],OK,ED,is_a,segment
58,10,full_text + noisy_diagram[pixel_noise],OK,A,lies_on,AB
58,10,full_text + noisy_diagram[pixel_noise],OK,B,lies_on,AB
58,10,full_text + noisy_diagram[pixel_noise],OK,E,lies_on,AB
58,10,full_text + noisy_diagram[pixel_noise],OK,C,lies_on,CD
58,10,full_text + noisy_diagram[pixel_noise],OK,D,lies_on,CD
58,10,full_text + noisy_diagram[pixel_noise],OK,∠AEC,is_a,angle
58,10,full_text + noisy_diagram[pixel_noise],OK,∠AEC,has_measure,35_deg
58,10,full_text + noisy_diagram[pixel_noise],OK,∠CED,is_a,angle
58,10,full_text + noisy_diagram[pixel_noise],OK,∠CED,has_measure,90_deg
58,10,full_text + noisy_diagram[pixel_noise],OK,AB,parallel_to,CD
58,10,full_text + noisy_diagram[pixel_noise],OK,A,collinear_with,B
58,10,full_text + noisy_diagram[pixel_noise],OK,A,collinear_with,E
58,10,full_text + noisy_diagram[pixel_noise],OK,E,collinear_with,B
58,10,full_text + noisy_diagram[pixel_noise],OK,B,collinear_with,E
58,10,full_text + noisy_diagram[pixel_noise],OK,A,B,E
58,10,full_text + noisy_diagram[pixel_noise],OK,E,connects,C
58,10,full_text + noisy_diagram[pixel_noise],OK,E,connects,D
,,,,,,
59,10,full_text + noisy_diagram[pixel_noise],OK,A,is_a,point
59,10,full_text + noisy_diagram[pixel_noise],OK,B,is_a,point
59,10,full_text + noisy_diagram[pixel_noise],OK,C,is_a,point
59,10,full_text + noisy_diagram[pixel_noise],OK,D,is_a,point
59,10,full_text + noisy_diagram[pixel_noise],OK,AB,is_a,line
59,10,full_text + noisy_diagram[pixel_noise],OK,CD,is_a,line
59,10,full_text + noisy_diagram[pixel_noise],OK,A,lies_on,AB
59,10,full_text + noisy_diagram[pixel_noise],OK,B,lies_on,AB
59,10,full_text + noisy_diagram[pixel_noise],OK,C,lies_on,CD
59,10,full_text + noisy_diagram[pixel_noise],OK,D,lies_on,CD
59,10,full_text + noisy_diagram[pixel_noise],OK,AC,is_a,segment
59,10,full_text + noisy_diagram[pixel_noise],OK,AD,is_a,segment
59,10,full_text + noisy_diagram[pixel_noise],OK,AD,connects,"A, D"
59,10,full_text + noisy_diagram[pixel_noise],OK,AC,connects,"A, C"
59,10,full_text + noisy_diagram[pixel_noise],OK,∠ACD,has_measure,80_deg
59,10,full_text + noisy_diagram[pixel_noise],OK,AB,parallel_to,CD
59,10,full_text + noisy_diagram[pixel_noise],OK,AD,bisects,∠BAC
,,,,,,
60,10,full_text + noisy_diagram[pixel_noise],OK,A,is_a,point
60,10,full_text + noisy_diagram[pixel_noise],OK,A,lies_on,line
60,10,full_text + noisy_diagram[pixel_noise],OK,AB,is_a,line
60,10,full_text + noisy_diagram[pixel_noise],OK,C,is_a,point
60,10,full_text + noisy_diagram[pixel_noise],OK,C,lies_on,line
60,10,full_text + noisy_diagram[pixel_noise],OK,CD,is_a,line
60,10,full_text + noisy_diagram[pixel_noise],OK,∠2,is_a,angle
60,10,full_text + noisy_diagram[pixel_noise],OK,∠1,is_a,angle
60,10,full_text + noisy_diagram[pixel_noise],OK,∠2,has_measure,135_deg
60,10,full_text + noisy_diagram[pixel_noise],OK,AB,parallel_to,CD
60,10,full_text + noisy_diagram[pixel_noise],OK,AB,intersects,transversal
60,10,full_text + noisy_diagram[pixel_noise],OK,CD,intersects,transversal
,,,,,,
64,10,full_text + noisy_diagram[pixel_noise],OK,O,is_a,point
64,10,full_text + noisy_diagram[pixel_noise],OK,A,is_a,point
64,10,full_text + noisy_diagram[pixel_noise],OK,B,is_a,point
64,10,full_text + noisy_diagram[pixel_noise],OK,AB,is_a,segment
64,10,full_text + noisy_diagram[pixel_noise],OK,AO,is_a,"radius_of, circle"
64,10,full_text + noisy_diagram[pixel_noise],OK,200,has_measure,"diameter_of, circle"
64,10,full_text + noisy_diagram[pixel_noise],OK,160,has_measure,"length_of, AB"
64,10,full_text + noisy_diagram[pixel_noise],OK,O,center_of,circle
64,10,full_text + noisy_diagram[pixel_noise],OK,A,lies_on,circle
64,10,full_text + noisy_diagram[pixel_noise],OK,B,lies_on,circle
64,10,full_text + noisy_diagram[pixel_noise],OK,AB,lies_on,circle
64,10,full_text + noisy_diagram[pixel_noise],OK,AB,intersects,circle
64,10,full_text + noisy_diagram[pixel_noise],OK,O,is_a,"midpoint_of, AB"
64,10,full_text + noisy_diagram[pixel_noise],OK,∠AOB,is_a,angle
64,10,full_text + noisy_diagram[pixel_noise],OK,depth,is_a,"attribute_of, oil"
64,10,full_text + noisy_diagram[pixel_noise],OK,depth,has_measure,?
64,10,full_text + noisy_diagram[pixel_noise],OK,circle,has_measure,200
64,10,full_text + noisy_diagram[pixel_noise],OK,AB,has_measure,160
64,10,full_text + noisy_diagram[pixel_noise],OK,O,is_a,center
64,10,full_text + noisy_diagram[pixel_noise],OK,circle,intersects,AB
,,,,,,
72,10,full_text + noisy_diagram[pixel_noise],OK,A,is_a,point
72,10,full_text + noisy_diagram[pixel_noise],OK,B,is_a,point
72,10,full_text + noisy_diagram[pixel_noise],OK,C,is_a,point
72,10,full_text + noisy_diagram[pixel_noise],OK,D,is_a,point
72,10,full_text + noisy_diagram[pixel_noise],OK,E,is_a,point
72,10,full_text + noisy_diagram[pixel_noise],OK,O,is_a,point
72,10,full_text + noisy_diagram[pixel_noise],OK,ABCD,is_a,parallelogram
72,10,full_text + noisy_diagram[pixel_noise],OK,AB,is_a,segment
72,10,full_text + noisy_diagram[pixel_noise],OK,BC,is_a,segment
72,10,full_text + noisy_diagram[pixel_noise],OK,CD,is_a,segment
72,10,full_text + noisy_diagram[pixel_noise],OK,DA,is_a,segment
72,10,full_text + noisy_diagram[pixel_noise],OK,AC,is_a,segment
72,10,full_text + noisy_diagram[pixel_noise],OK,BD,is_a,segment
72,10,full_text + noisy_diagram[pixel_noise],OK,AE,is_a,segment
72,10,full_text + noisy_diagram[pixel_noise],OK,DE,is_a,segment
72,10,full_text + noisy_diagram[pixel_noise],OK,CE,is_a,segment
72,10,full_text + noisy_diagram[pixel_noise],OK,DCE,is_a,triangle
72,10,full_text + noisy_diagram[pixel_noise],OK,AB + BC + CD + DA,has_measure,16
72,10,full_text + noisy_diagram[pixel_noise],OK,AC,intersects,BD
72,10,full_text + noisy_diagram[pixel_noise],OK,BD,intersects,AC
72,10,full_text + noisy_diagram[pixel_noise],OK,O,is_a,"intersection_of, AC and BD"
72,10,full_text + noisy_diagram[pixel_noise],OK,line through O,is_perpendicular_to,AC
72,10,full_text + noisy_diagram[pixel_noise],OK,line through O,intersects,AD
72,10,full_text + noisy_diagram[pixel_noise],OK,E,lies_on,AD
72,10,full_text + noisy_diagram[pixel_noise],OK,Perimeter of DCE,is_a,query_target
,,,,,,
73,10,full_text + noisy_diagram[pixel_noise],OK,A,is_a,point
73,10,full_text + noisy_diagram[pixel_noise],OK,B,is_a,point
73,10,full_text + noisy_diagram[pixel_noise],OK,C,is_a,point
73,10,full_text + noisy_diagram[pixel_noise],OK,O,is_a,point
73,10,full_text + noisy_diagram[pixel_noise],OK,AB,is_a,segment
73,10,full_text + noisy_diagram[pixel_noise],OK,BC,is_a,segment
73,10,full_text + noisy_diagram[pixel_noise],OK,CA,is_a,segment
73,10,full_text + noisy_diagram[pixel_noise],OK,AO,is_a,segment
73,10,full_text + noisy_diagram[pixel_noise],OK,BO,is_a,segment
73,10,full_text + noisy_diagram[pixel_noise],OK,CO,is_a,segment
73,10,full_text + noisy_diagram[pixel_noise],OK,ABC,is_a,angle
73,10,full_text + noisy_diagram[pixel_noise],OK,∠ABC,has_measure,70_deg
73,10,full_text + noisy_diagram[pixel_noise],OK,Triangle ABC,is_a,triangle
73,10,full_text + noisy_diagram[pixel_noise],OK,O,is_a,"center_of, circle"
73,10,full_text + noisy_diagram[pixel_noise],OK,A,lies_on,circle
73,10,full_text + noisy_diagram[pixel_noise],OK,B,lies_on,circle
73,10,full_text + noisy_diagram[pixel_noise],OK,C,lies_on,circle
73,10,full_text + noisy_diagram[pixel_noise],OK,AO,connects,"A, O"
73,10,full_text + noisy_diagram[pixel_noise],OK,BO,connects,"B, O"
73,10,full_text + noisy_diagram[pixel_noise],OK,CO,connects,"C, O"
73,10,full_text + noisy_diagram[pixel_noise],OK,∠AOC,is_a,angle
73,10,full_text + noisy_diagram[pixel_noise],OK,∠ABC,is_a,angle
73,10,full_text + noisy_diagram[pixel_noise],OK,O,center_of,circle
,,,,,,
78,10,full_text + noisy_diagram[pixel_noise],OK,AB,is_a,line
78,10,full_text + noisy_diagram[pixel_noise],OK,CD,is_a,line
78,10,full_text + noisy_diagram[pixel_noise],OK,A,is_a,point
78,10,full_text + noisy_diagram[pixel_noise],OK,B,is_a,point
78,10,full_text + noisy_diagram[pixel_noise],OK,C,is_a,point
78,10,full_text + noisy_diagram[pixel_noise],OK,E,is_a,point
78,10,full_text + noisy_diagram[pixel_noise],OK,D,is_a,point
78,10,full_text + noisy_diagram[pixel_noise],OK,AB,parallel_to,CD
78,10,full_text + noisy_diagram[pixel_noise],OK,A,lies_on,AB
78,10,full_text + noisy_diagram[pixel_noise],OK,B,lies_on,AB
78,10,full_text + noisy_diagram[pixel_noise],OK,C,lies_on,CD
78,10,full_text + noisy_diagram[pixel_noise],OK,E,lies_on,CD
78,10,full_text + noisy_diagram[pixel_noise],OK,D,lies_on,CD
78,10,full_text + noisy_diagram[pixel_noise],OK,AC,is_a,segment
78,10,full_text + noisy_diagram[pixel_noise],OK,AE,is_a,segment
78,10,full_text + noisy_diagram[pixel_noise],OK,ACE,has_measure,70_deg
78,10,full_text + noisy_diagram[pixel_noise],OK,AE,bisects,CAB
78,10,full_text + noisy_diagram[pixel_noise],OK,CAB,has_measure,?
78,10,full_text + noisy_diagram[pixel_noise],OK,AED,has_measure,?
,,,,,,
79,10,full_text + noisy_diagram[pixel_noise],OK,ABCD,is_a,parallelogram
79,10,full_text + noisy_diagram[pixel_noise],OK,AB + BC + CD + DA,has_measure,32
79,10,full_text + noisy_diagram[pixel_noise],OK,AC,is_a,diagonal
79,10,full_text + noisy_diagram[pixel_noise],OK,BD,is_a,diagonal
79,10,full_text + noisy_diagram[pixel_noise],OK,AC,intersects,BD
79,10,full_text + noisy_diagram[pixel_noise],OK,O,is_a,intersection_point
79,10,full_text + noisy_diagram[pixel_noise],OK,EO,is_a,line_segment
79,10,full_text + noisy_diagram[pixel_noise],OK,EO,perpendicular_to,AC
79,10,full_text + noisy_diagram[pixel_noise],OK,E,lies_on,AD
79,10,full_text + noisy_diagram[pixel_noise],OK,CE + ED,has_measure,AD
79,10,full_text + noisy_diagram[pixel_noise],OK,DCE,is_a,triangle
79,10,full_text + noisy_diagram[pixel_noise],OK,A,is_a,point
79,10,full_text + noisy_diagram[pixel_noise],OK,B,is_a,point
79,10,full_text + noisy_diagram[pixel_noise],OK,C,is_a,point
79,10,full_text + noisy_diagram[pixel_noise],OK,D,is_a,point
,,,,,,
81,10,full_text + noisy_diagram[pixel_noise],OK,A,is_a,point
81,10,full_text + noisy_diagram[pixel_noise],OK,B,is_a,point
81,10,full_text + noisy_diagram[pixel_noise],OK,C,is_a,point
81,10,full_text + noisy_diagram[pixel_noise],OK,D,is_a,point
81,10,full_text + noisy_diagram[pixel_noise],OK,E,is_a,point
81,10,full_text + noisy_diagram[pixel_noise],OK,ABC,is_a,triangle
81,10,full_text + noisy_diagram[pixel_noise],OK,BAC,is_a,angle
81,10,full_text + noisy_diagram[pixel_noise],OK,ABC,is_a,angle
81,10,full_text + noisy_diagram[pixel_noise],OK,BAC,has_measure,90_deg
81,10,full_text + noisy_diagram[pixel_noise],OK,ABC,has_measure,50_deg
81,10,full_text + noisy_diagram[pixel_noise],OK,AD,is_a,segment
81,10,full_text + noisy_diagram[pixel_noise],OK,AD,intersects,BC
81,10,full_text + noisy_diagram[pixel_noise],OK,AD,perpendicular_to,BC
81,10,full_text + noisy_diagram[pixel_noise],OK,AE,is_a,segment
81,10,full_text + noisy_diagram[pixel_noise],OK,AE,intersects,BC
81,10,full_text + noisy_diagram[pixel_noise],OK,AE,mapped_to,?
81,10,full_text + noisy_diagram[pixel_noise],OK,DAC,is_a,angle
81,10,full_text + noisy_diagram[pixel_noise],OK,DAE,is_a,angle
81,10,full_text + noisy_diagram[pixel_noise],OK,AE,rotated_about,?
,,,,,,
84,10,full_text + noisy_diagram[pixel_noise],OK,O,is_a,point
84,10,full_text + noisy_diagram[pixel_noise],OK,A,is_a,point
84,10,full_text + noisy_diagram[pixel_noise],OK,B,is_a,point
84,10,full_text + noisy_diagram[pixel_noise],OK,C,is_a,point
84,10,full_text + noisy_diagram[pixel_noise],OK,AO,is_a,segment
84,10,full_text + noisy_diagram[pixel_noise],OK,BO,is_a,segment
84,10,full_text + noisy_diagram[pixel_noise],OK,CO,is_a,segment
84,10,full_text + noisy_diagram[pixel_noise],OK,A,lies_on,circle
84,10,full_text + noisy_diagram[pixel_noise],OK,B,lies_on,circle
84,10,full_text + noisy_diagram[pixel_noise],OK,C,lies_on,circle
84,10,full_text + noisy_diagram[pixel_noise],OK,O,center_of,circle
84,10,full_text + noisy_diagram[pixel_noise],OK,AO,has_measure,1.0
84,10,full_text + noisy_diagram[pixel_noise],OK,BO,has_measure,1.0
84,10,full_text + noisy_diagram[pixel_noise],OK,CO,has_measure,1.0
84,10,full_text + noisy_diagram[pixel_noise],OK,∠BAC,is_a,angle
84,10,full_text + noisy_diagram[pixel_noise],OK,∠BAC,has_measure,60_deg
84,10,full_text + noisy_diagram[pixel_noise],OK,AO,connects,O
84,10,full_text + noisy_diagram[pixel_noise],OK,AO,connects,A
84,10,full_text + noisy_diagram[pixel_noise],OK,BO,connects,O
84,10,full_text + noisy_diagram[pixel_noise],OK,BO,connects,B
,,,,,,
86,10,full_text + noisy_diagram[pixel_noise],OK,A,is_a,point
86,10,full_text + noisy_diagram[pixel_noise],OK,O,is_a,point
86,10,full_text + noisy_diagram[pixel_noise],OK,B,is_a,point
86,10,full_text + noisy_diagram[pixel_noise],OK,C,is_a,point
86,10,full_text + noisy_diagram[pixel_noise],OK,AB,is_a,segment
86,10,full_text + noisy_diagram[pixel_noise],OK,BC,is_a,segment
86,10,full_text + noisy_diagram[pixel_noise],OK,CA,is_a,segment
86,10,full_text + noisy_diagram[pixel_noise],OK,OB,is_a,segment
86,10,full_text + noisy_diagram[pixel_noise],OK,OC,is_a,segment
86,10,full_text + noisy_diagram[pixel_noise],OK,O,center_of,circle
86,10,full_text + noisy_diagram[pixel_noise],OK,B,lies_on,circle
86,10,full_text + noisy_diagram[pixel_noise],OK,C,lies_on,circle
86,10,full_text + noisy_diagram[pixel_noise],OK,A,lies_on,circle
86,10,full_text + noisy_diagram[pixel_noise],OK,∠BAC,has_measure,60_deg
86,10,full_text + noisy_diagram[pixel_noise],OK,OB,has_measure,2_units
86,10,full_text + noisy_diagram[pixel_noise],OK,OC,has_measure,2_units
,,,,,,
88,10,full_text + noisy_diagram[pixel_noise],OK,A,is_a,point
88,10,full_text + noisy_diagram[pixel_noise],OK,B,is_a,point
88,10,full_text + noisy_diagram[pixel_noise],OK,C,is_a,point
88,10,full_text + noisy_diagram[pixel_noise],OK,O,is_a,point
88,10,full_text + noisy_diagram[pixel_noise],OK,AO,is_a,segment
88,10,full_text + noisy_diagram[pixel_noise],OK,BO,is_a,segment
88,10,full_text + noisy_diagram[pixel_noise],OK,CO,is_a,segment
88,10,full_text + noisy_diagram[pixel_noise],OK,AB,is_a,segment
88,10,full_text + noisy_diagram[pixel_noise],OK,AC,is_a,segment
88,10,full_text + noisy_diagram[pixel_noise],OK,BC,is_a,segment
88,10,full_text + noisy_diagram[pixel_noise],OK,∠ABO,is_a,angle
88,10,full_text + noisy_diagram[pixel_noise],OK,∠ACO,is_a,angle
88,10,full_text + noisy_diagram[pixel_noise],OK,∠ABO,has_measure,22_deg
88,10,full_text + noisy_diagram[pixel_noise],OK,∠ACO,has_measure,42_deg
,,,,,,
95,10,full_text + noisy_diagram[pixel_noise],OK,A,is_a,point
95,10,full_text + noisy_diagram[pixel_noise],OK,O,is_a,point
95,10,full_text + noisy_diagram[pixel_noise],OK,B,is_a,point
95,10,full_text + noisy_diagram[pixel_noise],OK,C,is_a,point
95,10,full_text + noisy_diagram[pixel_noise],OK,D,is_a,point
95,10,full_text + noisy_diagram[pixel_noise],OK,AO,is_a,segment
95,10,full_text + noisy_diagram[pixel_noise],OK,AB,is_a,segment
95,10,full_text + noisy_diagram[pixel_noise],OK,OC,is_a,segment
95,10,full_text + noisy_diagram[pixel_noise],OK,∠A,is_a,angle
95,10,full_text + noisy_diagram[pixel_noise],OK,∠A,has_measure,60_deg
95,10,full_text + noisy_diagram[pixel_noise],OK,∠ADC,is_a,angle
95,10,full_text + noisy_diagram[pixel_noise],OK,∠ADC,has_measure,90_deg
95,10,full_text + noisy_diagram[pixel_noise],OK,O,center_of,?
95,10,full_text + noisy_diagram[pixel_noise],OK,BC,is_a,segment
,,,,,,
99,10,full_text + noisy_diagram[pixel_noise],OK,A,is_a,point
99,10,full_text + noisy_diagram[pixel_noise],OK,O,is_a,point
99,10,full_text + noisy_diagram[pixel_noise],OK,B,is_a,point
99,10,full_text + noisy_diagram[pixel_noise],OK,C,is_a,point
99,10,full_text + noisy_diagram[pixel_noise],OK,D,is_a,point
99,10,full_text + noisy_diagram[pixel_noise],OK,AB,is_a,segment
99,10,full_text + noisy_diagram[pixel_noise],OK,CD,is_a,segment
99,10,full_text + noisy_diagram[pixel_noise],OK,O,center_of,circle
99,10,full_text + noisy_diagram[pixel_noise],OK,AB,diameter_of,circle
99,10,full_text + noisy_diagram[pixel_noise],OK,∠ADC,has_measure,26_deg
99,10,full_text + noisy_diagram[pixel_noise],OK,AB,connects,A
99,10,full_text + noisy_diagram[pixel_noise],OK,AB,connects,B
99,10,full_text + noisy_diagram[pixel_noise],OK,CD,connects,C
99,10,full_text + noisy_diagram[pixel_noise],OK,CD,connects,D
99,10,full_text + noisy_diagram[pixel_noise],OK,A,lies_on,circle
99,10,full_text + noisy_diagram[pixel_noise],OK,B,lies_on,circle
99,10,full_text + noisy_diagram[pixel_noise],OK,C,lies_on,circle
99,10,full_text + noisy_diagram[pixel_noise],OK,D,lies_on,circle
,,,,,,
108,10,full_text + noisy_diagram[pixel_noise],OK,A,is_a,point
108,10,full_text + noisy_diagram[pixel_noise],OK,B,is_a,point
108,10,full_text + noisy_diagram[pixel_noise],OK,C,is_a,point
108,10,full_text + noisy_diagram[pixel_noise],OK,O,is_a,point
108,10,full_text + noisy_diagram[pixel_noise],OK,CD,is_a,segment
108,10,full_text + noisy_diagram[pixel_noise],OK,OC,is_a,segment
108,10,full_text + noisy_diagram[pixel_noise],OK,AB,is_a,segment
108,10,full_text + noisy_diagram[pixel_noise],OK,CD,has_measure,8_units
108,10,full_text + noisy_diagram[pixel_noise],OK,OC,has_measure,5_units
108,10,full_text + noisy_diagram[pixel_noise],OK,C,lies_on,OC
108,10,full_text + noisy_diagram[pixel_noise],OK,D,lies_on,OC
108,10,full_text + noisy_diagram[pixel_noise],OK,O,lies_on,CD
108,10,full_text + noisy_diagram[pixel_noise],OK,O,lies_on,OC
108,10,full_text + noisy_diagram[pixel_noise],OK,?,is_a,?
108,10,full_text + noisy_diagram[pixel_noise],OK,O,center_of,?
108,10,full_text + noisy_diagram[pixel_noise],OK,OC,radius_of,?
108,10,full_text + noisy_diagram[pixel_noise],OK,CD,intersects,AB
108,10,full_text + noisy_diagram[pixel_noise],OK,length of AB,is_a,query_target
,,,,,,
109,10,full_text + noisy_diagram[pixel_noise],OK,A,is_a,point
109,10,full_text + noisy_diagram[pixel_noise],OK,B,is_a,point
109,10,full_text + noisy_diagram[pixel_noise],OK,C,is_a,point
109,10,full_text + noisy_diagram[pixel_noise],OK,D,is_a,point
109,10,full_text + noisy_diagram[pixel_noise],OK,E,is_a,point
109,10,full_text + noisy_diagram[pixel_noise],OK,AB,is_a,segment
109,10,full_text + noisy_diagram[pixel_noise],OK,AC,is_a,segment
109,10,full_text + noisy_diagram[pixel_noise],OK,BC,is_a,segment
109,10,full_text + noisy_diagram[pixel_noise],OK,AD,is_a,segment
109,10,full_text + noisy_diagram[pixel_noise],OK,DE,is_a,segment
109,10,full_text + noisy_diagram[pixel_noise],OK,EC,is_a,segment
109,10,full_text + noisy_diagram[pixel_noise],OK,BAC,is_a,angle
109,10,full_text + noisy_diagram[pixel_noise],OK,α,is_a,angle
109,10,full_text + noisy_diagram[pixel_noise],OK,β,is_a,angle
109,10,full_text + noisy_diagram[pixel_noise],OK,BAC,has_measure,90_deg
109,10,full_text + noisy_diagram[pixel_noise],OK,α,has_measure,130_deg
109,10,full_text + noisy_diagram[pixel_noise],OK,DE,lies_on,A
109,10,full_text + noisy_diagram[pixel_noise],OK,D,lies_on,AB
109,10,full_text + noisy_diagram[pixel_noise],OK,E,lies_on,AC
109,10,full_text + noisy_diagram[pixel_noise],OK,AB,connects,A
109,10,full_text + noisy_diagram[pixel_noise],OK,AB,connects,B
109,10,full_text + noisy_diagram[pixel_noise],OK,AC,connects,A
109,10,full_text + noisy_diagram[pixel_noise],OK,AC,connects,C
109,10,full_text + noisy_diagram[pixel_noise],OK,AD,connects,A
109,10,full_text + noisy_diagram[pixel_noise],OK,AD,connects,D
109,10,full_text + noisy_diagram[pixel_noise],OK,DE,connects,D
109,10,full_text + noisy_diagram[pixel_noise],OK,DE,connects,E
109,10,full_text + noisy_diagram[pixel_noise],OK,EC,connects,E
109,10,full_text + noisy_diagram[pixel_noise],OK,EC,connects,C
,,,,,,
112,10,full_text + noisy_diagram[pixel_noise],OK,A,is_a,point
112,10,full_text + noisy_diagram[pixel_noise],OK,O,is_a,point
112,10,full_text + noisy_diagram[pixel_noise],OK,B,is_a,point
112,10,full_text + noisy_diagram[pixel_noise],OK,AB,is_a,segment
112,10,full_text + noisy_diagram[pixel_noise],OK,AO,is_a,segment
112,10,full_text + noisy_diagram[pixel_noise],OK,OB,is_a,segment
112,10,full_text + noisy_diagram[pixel_noise],OK,AO,lies_on,line
112,10,full_text + noisy_diagram[pixel_noise],OK,OB,lies_on,line
112,10,full_text + noisy_diagram[pixel_noise],OK,AB,lies_on,plane
112,10,full_text + noisy_diagram[pixel_noise],OK,AO,perpendicular_to,OB
112,10,full_text + noisy_diagram[pixel_noise],OK,OB,has_measure,0.7_units
112,10,full_text + noisy_diagram[pixel_noise],OK,AB,has_measure,2.5_units
,,,,,,
114,10,full_text + noisy_diagram[pixel_noise],OK,O,is_a,point
114,10,full_text + noisy_diagram[pixel_noise],OK,A,is_a,point
114,10,full_text + noisy_diagram[pixel_noise],OK,B,is_a,point
114,10,full_text + noisy_diagram[pixel_noise],OK,OA,is_a,segment
114,10,full_text + noisy_diagram[pixel_noise],OK,OB,is_a,segment
114,10,full_text + noisy_diagram[pixel_noise],OK,AB,is_a,segment
114,10,full_text + noisy_diagram[pixel_noise],OK,∠AOB,is_a,angle
114,10,full_text + noisy_diagram[pixel_noise],OK,OA,lies_on,semicircle
114,10,full_text + noisy_diagram[pixel_noise],OK,OB,lies_on,semicircle
114,10,full_text + noisy_diagram[pixel_noise],OK,∠AOB,has_measure,90_deg
114,10,full_text + noisy_diagram[pixel_noise],OK,OA,has_measure,1_units
114,10,full_text + noisy_diagram[pixel_noise],OK,OB,has_measure,1_units
114,10,full_text + noisy_diagram[pixel_noise],OK,Sector OAB,has_radius,1_units
,,,,,,
115,10,full_text + noisy_diagram[pixel_noise],OK,6,has_measure,6_units
115,10,full_text + noisy_diagram[pixel_noise],OK,120,has_measure,120_deg
115,10,full_text + noisy_diagram[pixel_noise],OK,NULL,is_a,sector
115,10,full_text + noisy_diagram[pixel_noise],OK,NULL,is_a,conical_bottomless_paper_cap
115,10,full_text + noisy_diagram[pixel_noise],OK,NULL,has_measure,?
115,10,full_text + noisy_diagram[pixel_noise],OK,sector,is_a,paper_sheet
115,10,full_text + noisy_diagram[pixel_noise],OK,sector,has_measure,120_deg
115,10,full_text + noisy_diagram[pixel_noise],OK,sector,has_measure,6_units
,,,,,,
117,10,full_text + noisy_diagram[pixel_noise],OK,sector,is_a,geometric_shape
117,10,full_text + noisy_diagram[pixel_noise],OK,cone,is_a,geometric_shape
117,10,full_text + noisy_diagram[pixel_noise],OK,central_angle,has_measure,120_deg
117,10,full_text + noisy_diagram[pixel_noise],OK,radius,has_measure,3.0_cm
117,10,full_text + noisy_diagram[pixel_noise],OK,sector,has_measure,120_deg
117,10,full_text + noisy_diagram[pixel_noise],OK,radius_of_sector,has_measure,3.0_cm
117,10,full_text + noisy_diagram[pixel_noise],OK,cone,has_measure,?
117,10,full_text + noisy_diagram[pixel_noise],OK,height_of_cone,is_a,?
117,10,full_text + noisy_diagram[pixel_noise],OK,radius_of_cone_base,has_measure,3.0_cm
117,10,full_text + noisy_diagram[pixel_noise],OK,cone,is_made_from,sector
,,,,,,
119,10,full_text + noisy_diagram[pixel_noise],OK,O,is_a,point
119,10,full_text + noisy_diagram[pixel_noise],OK,10,has_measure,radius_of
119,10,full_text + noisy_diagram[pixel_noise],OK,24,has_measure,radius_of
119,10,full_text + noisy_diagram[pixel_noise],OK,?,is_a,area
119,10,full_text + noisy_diagram[pixel_noise],OK,sector cardboard,has_measure,Area = ?
119,10,full_text + noisy_diagram[pixel_noise],OK,conical hat,is_a,object
,,,,,,
120,10,full_text + noisy_diagram[pixel_noise],OK,A,is_a,point
120,10,full_text + noisy_diagram[pixel_noise],OK,B,is_a,point
120,10,full_text + noisy_diagram[pixel_noise],OK,O,is_a,point
120,10,full_text + noisy_diagram[pixel_noise],OK,AB,is_a,segment
120,10,full_text + noisy_diagram[pixel_noise],OK,OB,is_a,segment
120,10,full_text + noisy_diagram[pixel_noise],OK,AO,is_a,segment
120,10,full_text + noisy_diagram[pixel_noise],OK,∠AOB,is_a,angle
120,10,full_text + noisy_diagram[pixel_noise],OK,5,has_measure,AB
120,10,full_text + noisy_diagram[pixel_noise],OK,4,has_measure,AO
120,10,full_text + noisy_diagram[pixel_noise],OK,Area of base,is_a,?
120,10,full_text + noisy_diagram[pixel_noise],OK,O,center_of,base
,,,,,,
123,10,full_text + noisy_diagram[pixel_noise],OK,A,is_a,point
123,10,full_text + noisy_diagram[pixel_noise],OK,B,is_a,point
123,10,full_text + noisy_diagram[pixel_noise],OK,C,is_a,point
123,10,full_text + noisy_diagram[pixel_noise],OK,AC,is_a,segment
123,10,full_text + noisy_diagram[pixel_noise],OK,BC,is_a,segment
123,10,full_text + noisy_diagram[pixel_noise],OK,AB,is_a,segment
123,10,full_text + noisy_diagram[pixel_noise],OK,ACB,is_a,angle
123,10,full_text + noisy_diagram[pixel_noise],OK,ACB,has_measure,90_deg
123,10,full_text + noisy_diagram[pixel_noise],OK,AC,has_measure,4_units
123,10,full_text + noisy_diagram[pixel_noise],OK,BC,has_measure,3_units
123,10,full_text + noisy_diagram[pixel_noise],OK,ABC,is_a,right_triangle
123,10,full_text + noisy_diagram[pixel_noise],OK,Triangle,is_rotated_about,AC
123,10,full_text + noisy_diagram[pixel_noise],OK,AC,is_a,line_segment
,,,,,,
128,10,full_text + noisy_diagram[pixel_noise],OK,O,is_a,point
128,10,full_text + noisy_diagram[pixel_noise],OK,A,is_a,point
128,10,full_text + noisy_diagram[pixel_noise],OK,B,is_a,point
128,10,full_text + noisy_diagram[pixel_noise],OK,OA,is_a,segment
128,10,full_text + noisy_diagram[pixel_noise],OK,OB,is_a,segment
128,10,full_text + noisy_diagram[pixel_noise],OK,∠AOB,is_a,angle
128,10,full_text + noisy_diagram[pixel_noise],OK,∠AOB,has_measure,120_deg
128,10,full_text + noisy_diagram[pixel_noise],OK,OB,has_measure,6_units
128,10,full_text + noisy_diagram[pixel_noise],OK,OA,has_measure,6_units
,,,,,,
132,10,full_text + noisy_diagram[pixel_noise],OK,A,is_a,point
132,10,full_text + noisy_diagram[pixel_noise],OK,B,is_a,point
132,10,full_text + noisy_diagram[pixel_noise],OK,C,is_a,point
132,10,full_text + noisy_diagram[pixel_noise],OK,D,is_a,point
132,10,full_text + noisy_diagram[pixel_noise],OK,E,is_a,point
132,10,full_text + noisy_diagram[pixel_noise],OK,F,is_a,point
132,10,full_text + noisy_diagram[pixel_noise],OK,G,is_a,point
132,10,full_text + noisy_diagram[pixel_noise],OK,AB,is_a,segment
132,10,full_text + noisy_diagram[pixel_noise],OK,BC,is_a,segment
132,10,full_text + noisy_diagram[pixel_noise],OK,CG,is_a,segment
132,10,full_text + noisy_diagram[pixel_noise],OK,GE,is_a,segment
132,10,full_text + noisy_diagram[pixel_noise],OK,EF,is_a,segment
132,10,full_text + noisy_diagram[pixel_noise],OK,DE,is_a,segment
132,10,full_text + noisy_diagram[pixel_noise],OK,∠AGE,is_a,angle
132,10,full_text + noisy_diagram[pixel_noise],OK,BC,has_measure,0.6_units
132,10,full_text + noisy_diagram[pixel_noise],OK,DE,has_measure,0.6_units
132,10,full_text + noisy_diagram[pixel_noise],OK,CG,has_measure,12_units
132,10,full_text + noisy_diagram[pixel_noise],OK,GE,has_measure,2_units
132,10,full_text + noisy_diagram[pixel_noise],OK,EF,has_measure,1.6_units
132,10,full_text + noisy_diagram[pixel_noise],OK,A,B,"C, are_collinear"
132,10,full_text + noisy_diagram[pixel_noise],OK,AB,lies_on,A
132,10,full_text + noisy_diagram[pixel_noise],OK,AB,lies_on,B
132,10,full_text + noisy_diagram[pixel_noise],OK,BC,lies_on,B
132,10,full_text + noisy_diagram[pixel_noise],OK,BC,lies_on,C
132,10,full_text + noisy_diagram[pixel_noise],OK,CG,lies_on,C
132,10,full_text + noisy_diagram[pixel_noise],OK,CG,lies_on,G
132,10,full_text + noisy_diagram[pixel_noise],OK,GE,lies_on,G
132,10,full_text + noisy_diagram[pixel_noise],OK,GE,lies_on,E
132,10,full_text + noisy_diagram[pixel_noise],OK,EF,lies_on,E
132,10,full_text + noisy_diagram[pixel_noise],OK,EF,lies_on,F
132,10,full_text + noisy_diagram[pixel_noise],OK,DE,lies_on,D
132,10,full_text + noisy_diagram[pixel_noise],OK,DE,lies_on,E
132,10,full_text + noisy_diagram[pixel_noise],OK,A,lies_on,AB
132,10,full_text + noisy_diagram[pixel_noise],OK,AB,parallel_to,EF
132,10,full_text + noisy_diagram[pixel_noise],OK,GE,intersects,AB
,,,,,,
133,10,full_text + noisy_diagram[pixel_noise],OK,P,is_a,point
133,10,full_text + noisy_diagram[pixel_noise],OK,Q,is_a,point
133,10,full_text + noisy_diagram[pixel_noise],OK,R,is_a,point
133,10,full_text + noisy_diagram[pixel_noise],OK,S,is_a,point
133,10,full_text + noisy_diagram[pixel_noise],OK,T,is_a,point
133,10,full_text + noisy_diagram[pixel_noise],OK,PQ,is_a,segment
133,10,full_text + noisy_diagram[pixel_noise],OK,QR,is_a,segment
133,10,full_text + noisy_diagram[pixel_noise],OK,QS,is_a,segment
133,10,full_text + noisy_diagram[pixel_noise],OK,ST,is_a,segment
133,10,full_text + noisy_diagram[pixel_noise],OK,PS,is_a,segment
133,10,full_text + noisy_diagram[pixel_noise],OK,PQ,has_measure,?
133,10,full_text + noisy_diagram[pixel_noise],OK,QS,has_measure,60.0_m
133,10,full_text + noisy_diagram[pixel_noise],OK,ST,has_measure,120.0_m
133,10,full_text + noisy_diagram[pixel_noise],OK,QR,has_measure,80.0_m
133,10,full_text + noisy_diagram[pixel_noise],OK,PQ,perpendicular_to,QS
133,10,full_text + noisy_diagram[pixel_noise],OK,PS,perpendicular_to,QS
133,10,full_text + noisy_diagram[pixel_noise],OK,PS,perpendicular_to,line_a
133,10,full_text + noisy_diagram[pixel_noise],OK,line_b,perpendicular_to,PS
133,10,full_text + noisy_diagram[pixel_noise],OK,line_a,lies_on,S
133,10,full_text + noisy_diagram[pixel_noise],OK,line_b,lies_on,Q
133,10,full_text + noisy_diagram[pixel_noise],OK,PR,intersects,line_b
133,10,full_text + noisy_diagram[pixel_noise],OK,R,lies_on,line_b
133,10,full_text + noisy_diagram[pixel_noise],OK,T,lies_on,line_a
133,10,full_text + noisy_diagram[pixel_noise],OK,S,lies_on,line_a
,,,,,,
149,10,full_text + noisy_diagram[pixel_noise],OK,A,is_a,point
149,10,full_text + noisy_diagram[pixel_noise],OK,C,is_a,point
149,10,full_text + noisy_diagram[pixel_noise],OK,D,is_a,point
149,10,full_text + noisy_diagram[pixel_noise],OK,E,is_a,point
149,10,full_text + noisy_diagram[pixel_noise],OK,B,is_a,point
149,10,full_text + noisy_diagram[pixel_noise],OK,AC,is_a,segment
149,10,full_text + noisy_diagram[pixel_noise],OK,BD,is_a,segment
149,10,full_text + noisy_diagram[pixel_noise],OK,CD,is_a,segment
149,10,full_text + noisy_diagram[pixel_noise],OK,ED,is_a,segment
149,10,full_text + noisy_diagram[pixel_noise],OK,AC,has_measure,3_units
149,10,full_text + noisy_diagram[pixel_noise],OK,BD,has_measure,6_units
149,10,full_text + noisy_diagram[pixel_noise],OK,CD,has_measure,10_units
149,10,full_text + noisy_diagram[pixel_noise],OK,AC,perpendicular_to,CD
149,10,full_text + noisy_diagram[pixel_noise],OK,BD,perpendicular_to,CD
149,10,full_text + noisy_diagram[pixel_noise],OK,AC,lies_on,line_AC
149,10,full_text + noisy_diagram[pixel_noise],OK,ED,lies_on,line_CD
,,,,,,
150,10,full_text + noisy_diagram[pixel_noise],OK,A,is_a,point
150,10,full_text + noisy_diagram[pixel_noise],OK,B,is_a,point
150,10,full_text + noisy_diagram[pixel_noise],OK,C,is_a,point
150,10,full_text + noisy_diagram[pixel_noise],OK,D,is_a,point
150,10,full_text + noisy_diagram[pixel_noise],OK,E,is_a,point
150,10,full_text + noisy_diagram[pixel_noise],OK,AB,is_a,segment
150,10,full_text + noisy_diagram[pixel_noise],OK,BC,is_a,segment
150,10,full_text + noisy_diagram[pixel_noise],OK,CE,is_a,segment
150,10,full_text + noisy_diagram[pixel_noise],OK,BD,is_a,segment
150,10,full_text + noisy_diagram[pixel_noise],OK,AD,is_a,segment
150,10,full_text + noisy_diagram[pixel_noise],OK,EA,is_a,segment
150,10,full_text + noisy_diagram[pixel_noise],OK,AB,has_measure,2_units
150,10,full_text + noisy_diagram[pixel_noise],OK,BD,has_measure,7/3_units
150,10,full_text + noisy_diagram[pixel_noise],OK,CE,has_measure,9_units
150,10,full_text + noisy_diagram[pixel_noise],OK,BD,perpendicular_to,AC
150,10,full_text + noisy_diagram[pixel_noise],OK,CE,perpendicular_to,AC
150,10,full_text + noisy_diagram[pixel_noise],OK,A,B,"C, are, collinear"
150,10,full_text + noisy_diagram[pixel_noise],OK,B,lies_on,AC
150,10,full_text + noisy_diagram[pixel_noise],OK,C,lies_on,AC
,,,,,,
151,10,full_text + noisy_diagram[pixel_noise],OK,student,is_a,person
151,10,full_text + noisy_diagram[pixel_noise],OK,student,has_measure,1.7_units
151,10,full_text + noisy_diagram[pixel_noise],OK,tree,is_a,tree
151,10,full_text + noisy_diagram[pixel_noise],OK,distance,is_a,20.0_units
151,10,full_text + noisy_diagram[pixel_noise],OK,distance,is_a,5.0_units
151,10,full_text + noisy_diagram[pixel_noise],OK,student,lies_on,ground
151,10,full_text + noisy_diagram[pixel_noise],OK,tree,lies_on,ground
151,10,full_text + noisy_diagram[pixel_noise],OK,ground,is_a,ground
151,10,full_text + noisy_diagram[pixel_noise],OK,top of tree,is_a,point
151,10,full_text + noisy_diagram[pixel_noise],OK,reflection of top of tree,is_a,point
151,10,full_text + noisy_diagram[pixel_noise],OK,student,connects,top of tree
151,10,full_text + noisy_diagram[pixel_noise],OK,student,connects,reflection of top of tree
,,,,,,
152,10,full_text + noisy_diagram[pixel_noise],OK,B,is_a,point
152,10,full_text + noisy_diagram[pixel_noise],OK,C,is_a,point
152,10,full_text + noisy_diagram[pixel_noise],OK,D,is_a,point
152,10,full_text + noisy_diagram[pixel_noise],OK,E,is_a,point
152,10,full_text + noisy_diagram[pixel_noise],OK,A,is_a,point
152,10,full_text + noisy_diagram[pixel_noise],OK,AB,is_a,segment
152,10,full_text + noisy_diagram[pixel_noise],OK,BC,is_a,segment
152,10,full_text + noisy_diagram[pixel_noise],OK,CD,is_a,segment
152,10,full_text + noisy_diagram[pixel_noise],OK,DE,is_a,segment
152,10,full_text + noisy_diagram[pixel_noise],OK,BD,is_a,segment
152,10,full_text + noisy_diagram[pixel_noise],OK,CE,is_a,segment
152,10,full_text + noisy_diagram[pixel_noise],OK,0.5_units,has_measure,BD
152,10,full_text + noisy_diagram[pixel_noise],OK,0.5,numeric_value,?
152,10,full_text + noisy_diagram[pixel_noise],OK,1.4_units,has_measure,DE
152,10,full_text + noisy_diagram[pixel_noise],OK,1.4,numeric_value,?
152,10,full_text + noisy_diagram[pixel_noise],OK,1.6_units,has_measure,BC
152,10,full_text + noisy_diagram[pixel_noise],OK,1.6,numeric_value,?
,,,,,,
153,10,full_text + noisy_diagram[pixel_noise],OK,A,is_a,point
153,10,full_text + noisy_diagram[pixel_noise],OK,B,is_a,point
153,10,full_text + noisy_diagram[pixel_noise],OK,C,is_a,point
153,10,full_text + noisy_diagram[pixel_noise],OK,D,is_a,point
153,10,full_text + noisy_diagram[pixel_noise],OK,E,is_a,point
153,10,full_text + noisy_diagram[pixel_noise],OK,AB,is_a,segment
153,10,full_text + noisy_diagram[pixel_noise],OK,BC,is_a,segment
153,10,full_text + noisy_diagram[pixel_noise],OK,EC,is_a,segment
153,10,full_text + noisy_diagram[pixel_noise],OK,DE,is_a,segment
153,10,full_text + noisy_diagram[pixel_noise],OK,∠ABC,is_a,angle
153,10,full_text + noisy_diagram[pixel_noise],OK,∠BEC,is_a,angle
153,10,full_text + noisy_diagram[pixel_noise],OK,AB,has_measure,?
153,10,full_text + noisy_diagram[pixel_noise],OK,BC,has_measure,1_units
153,10,full_text + noisy_diagram[pixel_noise],OK,EC,has_measure,1.2_units
153,10,full_text + noisy_diagram[pixel_noise],OK,DE,has_measure,1.8_units
,,,,,,
157,10,full_text + noisy_diagram[pixel_noise],OK,A,is_a,point
157,10,full_text + noisy_diagram[pixel_noise],OK,B,is_a,point
157,10,full_text + noisy_diagram[pixel_noise],OK,C,is_a,point
157,10,full_text + noisy_diagram[pixel_noise],OK,AC,is_a,segment
157,10,full_text + noisy_diagram[pixel_noise],OK,BC,is_a,segment
157,10,full_text + noisy_diagram[pixel_noise],OK,AB,is_a,segment
157,10,full_text + noisy_diagram[pixel_noise],OK,∠ACB,is_a,angle
157,10,full_text + noisy_diagram[pixel_noise],OK,∠ABC,is_a,angle
157,10,full_text + noisy_diagram[pixel_noise],OK,∠BAC,is_a,angle
157,10,full_text + noisy_diagram[pixel_noise],OK,AC,has_measure,4_units
157,10,full_text + noisy_diagram[pixel_noise],OK,BC,has_measure,3_units
157,10,full_text + noisy_diagram[pixel_noise],OK,∠C,has_measure,90_deg
157,10,full_text + noisy_diagram[pixel_noise],OK,cos B,is_a,?
157,10,full_text + noisy_diagram[pixel_noise],OK,AC,lies_on,A
157,10,full_text + noisy_diagram[pixel_noise],OK,AC,lies_on,C
157,10,full_text + noisy_diagram[pixel_noise],OK,BC,lies_on,B
157,10,full_text + noisy_diagram[pixel_noise],OK,BC,lies_on,C
,,,,,,
165,10,full_text + noisy_diagram[pixel_noise],OK,A,is_a,point
165,10,full_text + noisy_diagram[pixel_noise],OK,B,is_a,point
165,10,full_text + noisy_diagram[pixel_noise],OK,C,is_a,point
165,10,full_text + noisy_diagram[pixel_noise],OK,AB,is_a,segment
165,10,full_text + noisy_diagram[pixel_noise],OK,BC,is_a,segment
165,10,full_text + noisy_diagram[pixel_noise],OK,AB,connects,A
165,10,full_text + noisy_diagram[pixel_noise],OK,AB,connects,B
165,10,full_text + noisy_diagram[pixel_noise],OK,BC,connects,B
165,10,full_text + noisy_diagram[pixel_noise],OK,BC,connects,C
165,10,full_text + noisy_diagram[pixel_noise],OK,AB,has_measure,2_units
165,10,full_text + noisy_diagram[pixel_noise],OK,BC,has_measure,1_unit
165,10,full_text + noisy_diagram[pixel_noise],OK,∠ACB,is_a,angle
165,10,full_text + noisy_diagram[pixel_noise],OK,∠ACB,has_measure,90_deg
165,10,full_text + noisy_diagram[pixel_noise],OK,AC,lies_on,ABC
165,10,full_text + noisy_diagram[pixel_noise],OK,∠ACB,perpendicular_to,?
,,,,,,
198,10,full_text + noisy_diagram[pixel_noise],OK,A,is_a,point
198,10,full_text + noisy_diagram[pixel_noise],OK,B,is_a,point
198,10,full_text + noisy_diagram[pixel_noise],OK,C,is_a,point
198,10,full_text + noisy_diagram[pixel_noise],OK,AB,is_a,segment
198,10,full_text + noisy_diagram[pixel_noise],OK,BC,is_a,segment
198,10,full_text + noisy_diagram[pixel_noise],OK,AC,is_a,segment
198,10,full_text + noisy_diagram[pixel_noise],OK,AB,has_measure,13
198,10,full_text + noisy_diagram[pixel_noise],OK,BC,has_measure,10
198,10,full_text + noisy_diagram[pixel_noise],OK,AC,has_measure,13
198,10,full_text + noisy_diagram[pixel_noise],OK,ABC,is_a,triangle
198,10,full_text + noisy_diagram[pixel_noise],OK,query,is_a,area
198,10,full_text + noisy_diagram[pixel_noise],OK,ABC,has_measure,?
,,,,,,
207,10,full_text + noisy_diagram[pixel_noise],OK,O,is_a,point
207,10,full_text + noisy_diagram[pixel_noise],OK,1,is_a,circle
207,10,full_text + noisy_diagram[pixel_noise],OK,2,is_a,circle
207,10,full_text + noisy_diagram[pixel_noise],OK,3,is_a,circle
207,10,full_text + noisy_diagram[pixel_noise],OK,20,has_measure,diameter
207,10,full_text + noisy_diagram[pixel_noise],OK,?,has_measure,area
207,10,full_text + noisy_diagram[pixel_noise],OK,1,lies_on,3
207,10,full_text + noisy_diagram[pixel_noise],OK,2,lies_on,3
207,10,full_text + noisy_diagram[pixel_noise],OK,3,has_measure,diameter
,,,,,,
210,10,full_text + noisy_diagram[pixel_noise],OK,A,is_a,point
210,10,full_text + noisy_diagram[pixel_noise],OK,B,is_a,point
210,10,full_text + noisy_diagram[pixel_noise],OK,C,is_a,point
210,10,full_text + noisy_diagram[pixel_noise],OK,D,is_a,point
210,10,full_text + noisy_diagram[pixel_noise],OK,E,is_a,point
210,10,full_text + noisy_diagram[pixel_noise],OK,AB,is_a,segment
210,10,full_text + noisy_diagram[pixel_noise],OK,AC,is_a,segment
210,10,full_text + noisy_diagram[pixel_noise],OK,AE,is_a,segment
210,10,full_text + noisy_diagram[pixel_noise],OK,BE,is_a,segment
210,10,full_text + noisy_diagram[pixel_noise],OK,CD,is_a,segment
210,10,full_text + noisy_diagram[pixel_noise],OK,ED,is_a,segment
210,10,full_text + noisy_diagram[pixel_noise],OK,AB,has_measure,12_units
210,10,full_text + noisy_diagram[pixel_noise],OK,AC,has_measure,16_units
210,10,full_text + noisy_diagram[pixel_noise],OK,ED,has_measure,5_units
210,10,full_text + noisy_diagram[pixel_noise],OK,ABE,is_a,triangle
210,10,full_text + noisy_diagram[pixel_noise],OK,ACD,is_a,triangle
210,10,full_text + noisy_diagram[pixel_noise],OK,ABE,similar_to,ACD
210,10,full_text + noisy_diagram[pixel_noise],OK,BE,parallel_to,CD
,,,,,,
211,10,full_text + noisy_diagram[pixel_noise],OK,M,is_a,point
211,10,full_text + noisy_diagram[pixel_noise],OK,N,is_a,point
211,10,full_text + noisy_diagram[pixel_noise],OK,P,is_a,point
211,10,full_text + noisy_diagram[pixel_noise],OK,R,is_a,point
211,10,full_text + noisy_diagram[pixel_noise],OK,Q,is_a,point
211,10,full_text + noisy_diagram[pixel_noise],OK,MNPR,is_a,parallelogram
211,10,full_text + noisy_diagram[pixel_noise],OK,MP,is_a,segment
211,10,full_text + noisy_diagram[pixel_noise],OK,RN,is_a,segment
211,10,full_text + noisy_diagram[pixel_noise],OK,MQ,is_a,segment
211,10,full_text + noisy_diagram[pixel_noise],OK,QP,is_a,segment
211,10,full_text + noisy_diagram[pixel_noise],OK,RQ,is_a,segment
211,10,full_text + noisy_diagram[pixel_noise],OK,QN,is_a,segment
211,10,full_text + noisy_diagram[pixel_noise],OK,MN,has_measure,3x - 4
211,10,full_text + noisy_diagram[pixel_noise],OK,NP,has_measure,2y + 5
211,10,full_text + noisy_diagram[pixel_noise],OK,RP,has_measure,20
211,10,full_text + noisy_diagram[pixel_noise],OK,MR,has_measure,17.9
211,10,full_text + noisy_diagram[pixel_noise],OK,∠RQP,has_measure,83_deg
211,10,full_text + noisy_diagram[pixel_noise],OK,∠MRP,has_measure,38_deg
211,10,full_text + noisy_diagram[pixel_noise],OK,RQ,intersects,MP
211,10,full_text + noisy_diagram[pixel_noise],OK,MN,lies_on,MP
211,10,full_text + noisy_diagram[pixel_noise],OK,NP,lies_on,RN
211,10,full_text + noisy_diagram[pixel_noise],OK,MR,lies_on,MP
211,10,full_text + noisy_diagram[pixel_noise],OK,RP,lies_on,RN
211,10,full_text + noisy_diagram[pixel_noise],OK,∠RNP,is_a,angle
,,,,,,
223,10,full_text + noisy_diagram[pixel_noise],OK,3√2,is_a,segment
223,10,full_text + noisy_diagram[pixel_noise],OK,5,is_a,segment
223,10,full_text + noisy_diagram[pixel_noise],OK,x,is_a,segment
223,10,full_text + noisy_diagram[pixel_noise],OK,?,is_a,segment
223,10,full_text + noisy_diagram[pixel_noise],OK,3√2,has_measure,3√2_units
223,10,full_text + noisy_diagram[pixel_noise],OK,5,has_measure,5_units
223,10,full_text + noisy_diagram[pixel_noise],OK,∠,is_a,right_angle
223,10,full_text + noisy_diagram[pixel_noise],OK,3√2,lies_on,triangle
223,10,full_text + noisy_diagram[pixel_noise],OK,5,lies_on,triangle
223,10,full_text + noisy_diagram[pixel_noise],OK,x,lies_on,triangle
223,10,full_text + noisy_diagram[pixel_noise],OK,∠,lies_on,triangle
,,,,,,
239,10,full_text + noisy_diagram[pixel_noise],OK,A,is_a,point
239,10,full_text + noisy_diagram[pixel_noise],OK,B,is_a,point
239,10,full_text + noisy_diagram[pixel_noise],OK,C,is_a,point
239,10,full_text + noisy_diagram[pixel_noise],OK,R,is_a,point
239,10,full_text + noisy_diagram[pixel_noise],OK,S,is_a,point
239,10,full_text + noisy_diagram[pixel_noise],OK,T,is_a,point
239,10,full_text + noisy_diagram[pixel_noise],OK,M,is_a,point
239,10,full_text + noisy_diagram[pixel_noise],OK,AB,is_a,segment
239,10,full_text + noisy_diagram[pixel_noise],OK,AC,is_a,segment
239,10,full_text + noisy_diagram[pixel_noise],OK,BC,is_a,segment
239,10,full_text + noisy_diagram[pixel_noise],OK,AT,is_a,segment
239,10,full_text + noisy_diagram[pixel_noise],OK,BR,is_a,segment
239,10,full_text + noisy_diagram[pixel_noise],OK,CS,is_a,segment
239,10,full_text + noisy_diagram[pixel_noise],OK,RM,is_a,segment
239,10,full_text + noisy_diagram[pixel_noise],OK,MC,is_a,segment
239,10,full_text + noisy_diagram[pixel_noise],OK,MB,is_a,segment
239,10,full_text + noisy_diagram[pixel_noise],OK,R,lies_on,AC
239,10,full_text + noisy_diagram[pixel_noise],OK,S,lies_on,AB
239,10,full_text + noisy_diagram[pixel_noise],OK,T,lies_on,BC
239,10,full_text + noisy_diagram[pixel_noise],OK,M,lies_on,AT
239,10,full_text + noisy_diagram[pixel_noise],OK,M,lies_on,BR
239,10,full_text + noisy_diagram[pixel_noise],OK,M,lies_on,CS
239,10,full_text + noisy_diagram[pixel_noise],OK,MC,has_measure,7
239,10,full_text + noisy_diagram[pixel_noise],OK,RM,has_measure,4
239,10,full_text + noisy_diagram[pixel_noise],OK,AT,has_measure,16
239,10,full_text + noisy_diagram[pixel_noise],OK,R,is_a,"midpoint_of, AC"
239,10,full_text + noisy_diagram[pixel_noise],OK,S,is_a,"midpoint_of, AB"
239,10,full_text + noisy_diagram[pixel_noise],OK,T,is_a,"midpoint_of, BC"
,,,,,,
243,10,full_text + noisy_diagram[pixel_noise],OK,Phoenix,is_a,city
243,10,full_text + noisy_diagram[pixel_noise],OK,Atlanta,is_a,city
243,10,full_text + noisy_diagram[pixel_noise],OK,Des Moines to Phoenix,is_a,segment
243,10,full_text + noisy_diagram[pixel_noise],OK,Phoenix to Atlanta,is_a,segment
243,10,full_text + noisy_diagram[pixel_noise],OK,Atlanta to Des Moines,is_a,segment
243,10,full_text + noisy_diagram[pixel_noise],OK,Des Moines to Phoenix,has_measure,110x + 53
243,10,full_text + noisy_diagram[pixel_noise],OK,Atlanta to Des Moines,has_measure,73.8x
243,10,full_text + noisy_diagram[pixel_noise],OK,Des Moines,is_a,city)
,,,,,,
257,10,full_text + noisy_diagram[pixel_noise],OK,A,is_a,point
257,10,full_text + noisy_diagram[pixel_noise],OK,B,is_a,point
257,10,full_text + noisy_diagram[pixel_noise],OK,C,is_a,point
257,10,full_text + noisy_diagram[pixel_noise],OK,D,is_a,point
257,10,full_text + noisy_diagram[pixel_noise],OK,E,is_a,point
257,10,full_text + noisy_diagram[pixel_noise],OK,AB,is_a,segment
257,10,full_text + noisy_diagram[pixel_noise],OK,AC,is_a,segment
257,10,full_text + noisy_diagram[pixel_noise],OK,AE,is_a,segment
257,10,full_text + noisy_diagram[pixel_noise],OK,AD,is_a,segment
257,10,full_text + noisy_diagram[pixel_noise],OK,ED,is_a,segment
257,10,full_text + noisy_diagram[pixel_noise],OK,BE,is_a,segment
257,10,full_text + noisy_diagram[pixel_noise],OK,CD,is_a,segment
257,10,full_text + noisy_diagram[pixel_noise],OK,∠ABE,is_a,angle
257,10,full_text + noisy_diagram[pixel_noise],OK,∠ACD,is_a,angle
257,10,full_text + noisy_diagram[pixel_noise],OK,AB,has_measure,12_units
257,10,full_text + noisy_diagram[pixel_noise],OK,AC,has_measure,16_units
257,10,full_text + noisy_diagram[pixel_noise],OK,ED,has_measure,5_units
257,10,full_text + noisy_diagram[pixel_noise],OK,BE,parallel_to,CD
257,10,full_text + noisy_diagram[pixel_noise],OK,AB,lies_on,A
257,10,full_text + noisy_diagram[pixel_noise],OK,AB,lies_on,B
257,10,full_text + noisy_diagram[pixel_noise],OK,AC,lies_on,A
257,10,full_text + noisy_diagram[pixel_noise],OK,AC,lies_on,C
257,10,full_text + noisy_diagram[pixel_noise],OK,AE,lies_on,A
257,10,full_text + noisy_diagram[pixel_noise],OK,AE,lies_on,E
257,10,full_text + noisy_diagram[pixel_noise],OK,AD,lies_on,A
257,10,full_text + noisy_diagram[pixel_noise],OK,AD,lies_on,D
257,10,full_text + noisy_diagram[pixel_noise],OK,ED,lies_on,E
257,10,full_text + noisy_diagram[pixel_noise],OK,ED,lies_on,D
,,,,,,
264,10,full_text + noisy_diagram[pixel_noise],OK,M,is_a,point
264,10,full_text + noisy_diagram[pixel_noise],OK,N,is_a,point
264,10,full_text + noisy_diagram[pixel_noise],OK,P,is_a,point
264,10,full_text + noisy_diagram[pixel_noise],OK,Q,is_a,point
264,10,full_text + noisy_diagram[pixel_noise],OK,MN,is_a,segment
264,10,full_text + noisy_diagram[pixel_noise],OK,NP,is_a,segment
264,10,full_text + noisy_diagram[pixel_noise],OK,PQ,is_a,segment
264,10,full_text + noisy_diagram[pixel_noise],OK,MQ,is_a,segment
264,10,full_text + noisy_diagram[pixel_noise],OK,MNPQ,is_a,parallelogram
264,10,full_text + noisy_diagram[pixel_noise],OK,∠M,has_measure,10x_deg
264,10,full_text + noisy_diagram[pixel_noise],OK,∠N,has_measure,20x_deg
264,10,full_text + noisy_diagram[pixel_noise],OK,∠M,is_equal_to,∠P
264,10,full_text + noisy_diagram[pixel_noise],OK,∠N,is_equal_to,∠Q
,,,,,,
281,10,full_text + noisy_diagram[pixel_noise],OK,A,is_a,point
281,10,full_text + noisy_diagram[pixel_noise],OK,B,is_a,point
281,10,full_text + noisy_diagram[pixel_noise],OK,C,is_a,point
281,10,full_text + noisy_diagram[pixel_noise],OK,AC,is_a,segment
281,10,full_text + noisy_diagram[pixel_noise],OK,AB,is_a,segment
281,10,full_text + noisy_diagram[pixel_noise],OK,BC,is_a,segment
281,10,full_text + noisy_diagram[pixel_noise],OK,∠C,is_a,angle
281,10,full_text + noisy_diagram[pixel_noise],OK,AC,has_measure,24
281,10,full_text + noisy_diagram[pixel_noise],OK,AB,has_measure,26
281,10,full_text + noisy_diagram[pixel_noise],OK,BC,has_measure,10
281,10,full_text + noisy_diagram[pixel_noise],OK,∠C,has_measure,90_deg
281,10,full_text + noisy_diagram[pixel_noise],OK,cos B,is_a,?
281,10,full_text + noisy_diagram[pixel_noise],OK,∠C,is_a,right_angle
,,,,,,
327,10,full_text + noisy_diagram[pixel_noise],OK,X,is_a,point
327,10,full_text + noisy_diagram[pixel_noise],OK,Y,is_a,point
327,10,full_text + noisy_diagram[pixel_noise],OK,Z,is_a,point
327,10,full_text + noisy_diagram[pixel_noise],OK,XY,is_a,segment
327,10,full_text + noisy_diagram[pixel_noise],OK,XZ,is_a,segment
327,10,full_text + noisy_diagram[pixel_noise],OK,YZ,is_a,segment
327,10,full_text + noisy_diagram[pixel_noise],OK,XY,has_measure,b km
327,10,full_text + noisy_diagram[pixel_noise],OK,YZ,has_measure,10.7 km
327,10,full_text + noisy_diagram[pixel_noise],OK,∠ZXN,has_measure,335°
327,10,full_text + noisy_diagram[pixel_noise],OK,XZ,has_measure,d km?
,,,,,,
348,10,full_text + noisy_diagram[pixel_noise],OK,A,is_a,helicopter
348,10,full_text + noisy_diagram[pixel_noise],OK,landing pad,is_a,point
348,10,full_text + noisy_diagram[pixel_noise],OK,altitude,has_measure,198m
348,10,full_text + noisy_diagram[pixel_noise],OK,angle of depression,has_measure,44_deg
348,10,full_text + noisy_diagram[pixel_noise],OK,d,is_a,distance
348,10,full_text + noisy_diagram[pixel_noise],OK,helicopter,lies_on,line
348,10,full_text + noisy_diagram[pixel_noise],OK,landing pad,lies_on,line
348,10,full_text + noisy_diagram[pixel_noise],OK,line,has_measure,d
348,10,full_text + noisy_diagram[pixel_noise],OK,helicopter,perpendicular_to,altitude
,,,,,,
364,10,full_text + noisy_diagram[pixel_noise],OK,tower,is_a,structure
364,10,full_text + noisy_diagram[pixel_noise],OK,bridge,is_a,structure
364,10,full_text + noisy_diagram[pixel_noise],OK,cable,is_a,object
364,10,full_text + noisy_diagram[pixel_noise],OK,top_of_tower,lies_on,cable
364,10,full_text + noisy_diagram[pixel_noise],OK,tower,has_measure,35.5_m
364,10,full_text + noisy_diagram[pixel_noise],OK,distance_from_tower,has_measure,65.9_m
364,10,full_text + noisy_diagram[pixel_noise],OK,tower,perpendicular_to,bridge
364,10,full_text + noisy_diagram[pixel_noise],OK,h,is_a,length
364,10,full_text + noisy_diagram[pixel_noise],OK,h,has_measure,?
364,10,full_text + noisy_diagram[pixel_noise],OK,cable,connects,tower
364,10,full_text + noisy_diagram[pixel_noise],OK,cable,connects,bridge
364,10,full_text + noisy_diagram[pixel_noise],OK,tower,is_a,vertical_structure
364,10,full_text + noisy_diagram[pixel_noise],OK,bridge,is_a,horizontal_structure
364,10,full_text + noisy_diagram[pixel_noise],OK,connection_point,lies_on,bridge
364,10,full_text + noisy_diagram[pixel_noise],OK,connection_point,has_measure,65.9_m
364,10,full_text + noisy_diagram[pixel_noise],OK,top_of_tower,has_measure,35.5_m
364,10,full_text + noisy_diagram[pixel_noise],OK,cable,intersects,bridge
364,10,full_text + noisy_diagram[pixel_noise],OK,cable,intersects,tower
364,10,full_text + noisy_diagram[pixel_noise],OK,h,query_target,?
364,10,full_text + noisy_diagram[pixel_noise],OK,h,related_to,cable
,,,,,,
365,10,full_text + noisy_diagram[pixel_noise],OK,A,is_a,point
365,10,full_text + noisy_diagram[pixel_noise],OK,A,lies_on,ground
365,10,full_text + noisy_diagram[pixel_noise],OK,B,is_a,point
365,10,full_text + noisy_diagram[pixel_noise],OK,B,lies_on,ground
365,10,full_text + noisy_diagram[pixel_noise],OK,C,is_a,point
365,10,full_text + noisy_diagram[pixel_noise],OK,C,lies_on,airplane
365,10,full_text + noisy_diagram[pixel_noise],OK,AB,is_a,segment
365,10,full_text + noisy_diagram[pixel_noise],OK,BC,is_a,segment
365,10,full_text + noisy_diagram[pixel_noise],OK,AC,is_a,segment
365,10,full_text + noisy_diagram[pixel_noise],OK,∠ABC,is_a,angle
365,10,full_text + noisy_diagram[pixel_noise],OK,∠ABC,has_measure,θ_deg
365,10,full_text + noisy_diagram[pixel_noise],OK,AB,has_measure,23444_m
365,10,full_text + noisy_diagram[pixel_noise],OK,BC,has_measure,10369_m
,,,,,,
420,10,full_text + noisy_diagram[pixel_noise],OK,A,is_a,point
420,10,full_text + noisy_diagram[pixel_noise],OK,B,is_a,point
420,10,full_text + noisy_diagram[pixel_noise],OK,C,is_a,point
420,10,full_text + noisy_diagram[pixel_noise],OK,D,is_a,point
420,10,full_text + noisy_diagram[pixel_noise],OK,AB,is_a,segment
420,10,full_text + noisy_diagram[pixel_noise],OK,BC,is_a,segment
420,10,full_text + noisy_diagram[pixel_noise],OK,CD,is_a,segment
420,10,full_text + noisy_diagram[pixel_noise],OK,AD,is_a,segment
420,10,full_text + noisy_diagram[pixel_noise],OK,AB,has_measure,x
420,10,full_text + noisy_diagram[pixel_noise],OK,BC,has_measure,10_cm
420,10,full_text + noisy_diagram[pixel_noise],OK,∠B,is_a,angle
420,10,full_text + noisy_diagram[pixel_noise],OK,BC,lies_on,line_CD
420,10,full_text + noisy_diagram[pixel_noise],OK,AB,parallel_to,CD
420,10,full_text + noisy_diagram[pixel_noise],OK,BE,is_a,segment
420,10,full_text + noisy_diagram[pixel_noise],OK,BE,has_measure,6_cm
420,10,full_text + noisy_diagram[pixel_noise],OK,BE,perpendicular_to,AD
,,,,,,
432,10,full_text + noisy_diagram[pixel_noise],OK,-3,4,"is_a, point"
432,10,full_text + noisy_diagram[pixel_noise],OK,5,2,"is_a, point"
432,10,full_text + noisy_diagram[pixel_noise],OK,AB,is_a,segment
432,10,full_text + noisy_diagram[pixel_noise],OK,A,is_a,point
432,10,full_text + noisy_diagram[pixel_noise],OK,B,is_a,point
432,10,full_text + noisy_diagram[pixel_noise],OK,A,lies_on,AB
432,10,full_text + noisy_diagram[pixel_noise],OK,B,lies_on,AB
432,10,full_text + noisy_diagram[pixel_noise],OK,A,has_measure,-3
432,10,full_text + noisy_diagram[pixel_noise],OK,A,has_measure,4
432,10,full_text + noisy_diagram[pixel_noise],OK,B,has_measure,5
432,10,full_text + noisy_diagram[pixel_noise],OK,B,has_measure,2
432,10,full_text + noisy_diagram[pixel_noise],OK,d,is_a,distance
432,10,full_text + noisy_diagram[pixel_noise],OK,d,has_measure,?
,,,,,,
438,10,full_text + noisy_diagram[pixel_noise],OK,2,-3,"is_a, point"
438,10,full_text + noisy_diagram[pixel_noise],OK,2,-3,"lies_on, hyperbola"
438,10,full_text + noisy_diagram[pixel_noise],OK,-8,-3,"is_a, point"
438,10,full_text + noisy_diagram[pixel_noise],OK,-8,-3,"lies_on, hyperbola"
438,10,full_text + noisy_diagram[pixel_noise],OK,-3,-3,"is_a, point"
438,10,full_text + noisy_diagram[pixel_noise],OK,-3,-3,"is_a, center"
438,10,full_text + noisy_diagram[pixel_noise],OK,-3-5√2,-3,"is_a, point"
438,10,full_text + noisy_diagram[pixel_noise],OK,-3-5√2,-3,"is_a, foci"
438,10,full_text + noisy_diagram[pixel_noise],OK,-3+5√2,-3,"is_a, point"
438,10,full_text + noisy_diagram[pixel_noise],OK,-3+5√2,-3,"is_a, foci"
438,10,full_text + noisy_diagram[pixel_noise],OK,2,-3,"has_measure, ?"
438,10,full_text + noisy_diagram[pixel_noise],OK,-8,-3,"has_measure, ?"
438,10,full_text + noisy_diagram[pixel_noise],OK,-3,-3,"has_measure, ?"
438,10,full_text + noisy_diagram[pixel_noise],OK,-3-5√2,-3,"has_measure, ?"
438,10,full_text + noisy_diagram[pixel_noise],OK,-3+5√2,-3,"has_measure, ?"
438,10,full_text + noisy_diagram[pixel_noise],OK,hyperbola,has,2 vertices
438,10,full_text + noisy_diagram[pixel_noise],OK,hyperbola,has,2 foci
438,10,full_text + noisy_diagram[pixel_noise],OK,hyperbola,has,1 center
438,10,full_text + noisy_diagram[pixel_noise],OK,center,lies_on,hyperbola
438,10,full_text + noisy_diagram[pixel_noise],OK,vertices,is_a,points
438,10,full_text + noisy_diagram[pixel_noise],OK,foci,is_a,points
438,10,full_text + noisy_diagram[pixel_noise],OK,2,-3,"collinear_with, -8,-3"
438,10,full_text + noisy_diagram[pixel_noise],OK,2,-3,"collinear_with, -3,-3"
438,10,full_text + noisy_diagram[pixel_noise],OK,-8,-3,"collinear_with, -3,-3"
,,,,,,
441,10,full_text + noisy_diagram[pixel_noise],OK,P,is_a,point
441,10,full_text + noisy_diagram[pixel_noise],OK,a,is_a,angle
441,10,full_text + noisy_diagram[pixel_noise],OK,P,lies_on,unit circle
441,10,full_text + noisy_diagram[pixel_noise],OK,a,intersects,unit circle
441,10,full_text + noisy_diagram[pixel_noise],OK,P,has_y_coordinate,4/5
441,10,full_text + noisy_diagram[pixel_noise],OK,a,query_target,?
441,10,full_text + noisy_diagram[pixel_noise],OK,a,terminal_side,P
441,10,full_text + noisy_diagram[pixel_noise],OK,unit circle,is_a,circle
441,10,full_text + noisy_diagram[pixel_noise],OK,unit circle,has_radius,1
441,10,full_text + noisy_diagram[pixel_noise],OK,P,is_on,terminal_side of a
441,10,full_text + noisy_diagram[pixel_noise],OK,y,has_measure,4/5
,,,,,,
447,10,full_text + noisy_diagram[pixel_noise],OK,A,is_a,point
447,10,full_text + noisy_diagram[pixel_noise],OK,O,is_a,point
447,10,full_text + noisy_diagram[pixel_noise],OK,P,is_a,point
447,10,full_text + noisy_diagram[pixel_noise],OK,OP,is_a,segment
447,10,full_text + noisy_diagram[pixel_noise],OK,∠POA,is_a,angle
447,10,full_text + noisy_diagram[pixel_noise],OK,P,lies_on,unit circle
447,10,full_text + noisy_diagram[pixel_noise],OK,OP,has_measure,1
447,10,full_text + noisy_diagram[pixel_noise],OK,∠POA,has_measure,a
447,10,full_text + noisy_diagram[pixel_noise],OK,OP,connects,O
447,10,full_text + noisy_diagram[pixel_noise],OK,OP,connects,P
447,10,full_text + noisy_diagram[pixel_noise],OK,∠POA,is_in,standard position
,,,,,,
449,10,full_text + noisy_diagram[pixel_noise],OK,O,is_a,point
449,10,full_text + noisy_diagram[pixel_noise],OK,circle,is_a,unit_circle
449,10,full_text + noisy_diagram[pixel_noise],OK,P,lies_on,circle
449,10,full_text + noisy_diagram[pixel_noise],OK,$\sec \theta$,is_a,?
449,10,full_text + noisy_diagram[pixel_noise],OK,circle,center_of,O
449,10,full_text + noisy_diagram[pixel_noise],OK,circle,radius_of,1_unit
449,10,full_text + noisy_diagram[pixel_noise],OK,P,is_a,point
449,10,full_text + noisy_diagram[pixel_noise],OK,$\theta$,is_a,angle
,,,,,,
457,10,full_text + noisy_diagram[pixel_noise],OK,1,is_a,point
457,10,full_text + noisy_diagram[pixel_noise],OK,3,is_a,point
457,10,full_text + noisy_diagram[pixel_noise],OK,6,is_a,radius
457,10,full_text + noisy_diagram[pixel_noise],OK,center,is_a,point
457,10,full_text + noisy_diagram[pixel_noise],OK,radius,is_a,length
,,,,,,
472,10,full_text + noisy_diagram[pixel_noise],OK,A,is_a,point
472,10,full_text + noisy_diagram[pixel_noise],OK,B,is_a,point
472,10,full_text + noisy_diagram[pixel_noise],OK,C,is_a,point
472,10,full_text + noisy_diagram[pixel_noise],OK,D,is_a,point
472,10,full_text + noisy_diagram[pixel_noise],OK,E,is_a,point
,,,,,,
