problem_index,case_id,case_label,status,subject,predicate,object
1,13,noisy_half_text[punctuation] + half_diagram,OK,A,is_a,point
1,13,noisy_half_text[punctuation] + half_diagram,OK,B,is_a,point
1,13,noisy_half_text[punctuation] + half_diagram,OK,C,is_a,point
1,13,noisy_half_text[punctuation] + half_diagram,OK,D,is_a,point
1,13,noisy_half_text[punctuation] + half_diagram,OK,E,is_a,point
1,13,noisy_half_text[punctuation] + half_diagram,OK,AB,is_a,segment
1,13,noisy_half_text[punctuation] + half_diagram,OK,AC,is_a,segment
1,13,noisy_half_text[punctuation] + half_diagram,OK,BC,is_a,segment
1,13,noisy_half_text[punctuation] + half_diagram,OK,DE,is_a,segment
1,13,noisy_half_text[punctuation] + half_diagram,OK,∠A,is_a,angle
1,13,noisy_half_text[punctuation] + half_diagram,OK,D,lies_on,AB
1,13,noisy_half_text[punctuation] + half_diagram,OK,E,lies_on,AC
1,13,noisy_half_text[punctuation] + half_diagram,OK,DE,parallel_to,BC
1,13,noisy_half_text[punctuation] + half_diagram,OK,∠A,has_measure,80_deg
1,13,noisy_half_text[punctuation] + half_diagram,OK,∠ABC,has_measure,60_deg
1,13,noisy_half_text[punctuation] + half_diagram,OK,∠ABC,is_a,angle
,,,,,,
2,13,noisy_half_text[punctuation] + half_diagram,OK,A,is_a,point
2,13,noisy_half_text[punctuation] + half_diagram,OK,B,is_a,point
2,13,noisy_half_text[punctuation] + half_diagram,OK,C,is_a,point
2,13,noisy_half_text[punctuation] + half_diagram,OK,D,is_a,point
2,13,noisy_half_text[punctuation] + half_diagram,OK,E,is_a,point
2,13,noisy_half_text[punctuation] + half_diagram,OK,F,is_a,point
2,13,noisy_half_text[punctuation] + half_diagram,OK,G,is_a,point
2,13,noisy_half_text[punctuation] + half_diagram,OK,AB,is_a,line
2,13,noisy_half_text[punctuation] + half_diagram,OK,CD,is_a,line
2,13,noisy_half_text[punctuation] + half_diagram,OK,EF,is_a,line
2,13,noisy_half_text[punctuation] + half_diagram,OK,EG,is_a,line
2,13,noisy_half_text[punctuation] + half_diagram,OK,AB,parallel_to,CD
2,13,noisy_half_text[punctuation] + half_diagram,OK,EF,intersects,AB
2,13,noisy_half_text[punctuation] + half_diagram,OK,EF,intersects,CD
2,13,noisy_half_text[punctuation] + half_diagram,OK,EG,intersects,CD
2,13,noisy_half_text[punctuation] + half_diagram,OK,EG,lies_on,EF
2,13,noisy_half_text[punctuation] + half_diagram,OK,∠BEF,has_measure,?
2,13,noisy_half_text[punctuation] + half_diagram,OK,∠EFG,has_measure,?
2,13,noisy_half_text[punctuation] + half_diagram,OK,∠EGF,has_measure,?
2,13,noisy_half_text[punctuation] + half_diagram,OK,∠GEF,has_measure,?
2,13,noisy_half_text[punctuation] + half_diagram,OK,EG,is_a,"angle_bisector_of, ∠BEF"
2,13,noisy_half_text[punctuation] + half_diagram,OK,∠1,is_a,∠EFG
2,13,noisy_half_text[punctuation] + half_diagram,OK,∠2,is_a,∠EGF
2,13,noisy_half_text[punctuation] + half_diagram,OK,∠1,has_measure,?
2,13,noisy_half_text[punctuation] + half_diagram,OK,∠2,has_measure,50_deg
,,,,,,
3,13,noisy_half_text[punctuation] + half_diagram,OK,A,is_a,point
3,13,noisy_half_text[punctuation] + half_diagram,OK,B,is_a,point
3,13,noisy_half_text[punctuation] + half_diagram,OK,C,is_a,point
3,13,noisy_half_text[punctuation] + half_diagram,OK,D,is_a,point
3,13,noisy_half_text[punctuation] + half_diagram,OK,A,lies_on,line
3,13,noisy_half_text[punctuation] + half_diagram,OK,B,lies_on,line
3,13,noisy_half_text[punctuation] + half_diagram,OK,C,lies_on,line
3,13,noisy_half_text[punctuation] + half_diagram,OK,D,lies_on,line
3,13,noisy_half_text[punctuation] + half_diagram,OK,AB,is_a,line
3,13,noisy_half_text[punctuation] + half_diagram,OK,BC,is_a,line
3,13,noisy_half_text[punctuation] + half_diagram,OK,BD,is_a,line
3,13,noisy_half_text[punctuation] + half_diagram,OK,CD,is_a,line
3,13,noisy_half_text[punctuation] + half_diagram,OK,CD,parallel_to,AB
3,13,noisy_half_text[punctuation] + half_diagram,OK,BD,intersects,AC
3,13,noisy_half_text[punctuation] + half_diagram,OK,∠DCB,has_measure,70_deg
3,13,noisy_half_text[punctuation] + half_diagram,OK,BD,bisects,angle ABC
,,,,,,
4,13,noisy_half_text[punctuation] + half_diagram,OK,A,is_a,point
4,13,noisy_half_text[punctuation] + half_diagram,OK,B,is_a,point
4,13,noisy_half_text[punctuation] + half_diagram,OK,C,is_a,point
4,13,noisy_half_text[punctuation] + half_diagram,OK,O,is_a,point
4,13,noisy_half_text[punctuation] + half_diagram,OK,AB,is_a,segment
4,13,noisy_half_text[punctuation] + half_diagram,OK,AO,is_a,segment
4,13,noisy_half_text[punctuation] + half_diagram,OK,BC,is_a,segment
4,13,noisy_half_text[punctuation] + half_diagram,OK,∠A,is_a,angle
4,13,noisy_half_text[punctuation] + half_diagram,OK,AB,tangent_to,circle O
4,13,noisy_half_text[punctuation] + half_diagram,OK,AB,connects,"A, B"
4,13,noisy_half_text[punctuation] + half_diagram,OK,AO,intersects,circle O
4,13,noisy_half_text[punctuation] + half_diagram,OK,AO,connects,"A, O"
4,13,noisy_half_text[punctuation] + half_diagram,OK,BC,connects,"B, C"
4,13,noisy_half_text[punctuation] + half_diagram,OK,∠A,has_measure,36_deg
4,13,noisy_half_text[punctuation] + half_diagram,OK,circle O,is_a,circle
,,,,,,
7,13,noisy_half_text[punctuation] + half_diagram,OK,A,is_a,point
7,13,noisy_half_text[punctuation] + half_diagram,OK,B,is_a,point
7,13,noisy_half_text[punctuation] + half_diagram,OK,C,is_a,point
7,13,noisy_half_text[punctuation] + half_diagram,OK,D,is_a,point
7,13,noisy_half_text[punctuation] + half_diagram,OK,E,is_a,point
7,13,noisy_half_text[punctuation] + half_diagram,OK,ABC,is_a,triangle
7,13,noisy_half_text[punctuation] + half_diagram,OK,ADE,is_a,triangle
7,13,noisy_half_text[punctuation] + half_diagram,OK,A,is_a,"common_vertex_of, ABC and ADE"
7,13,noisy_half_text[punctuation] + half_diagram,OK,∠B,has_measure,70_deg
7,13,noisy_half_text[punctuation] + half_diagram,OK,∠C,has_measure,30_deg
7,13,noisy_half_text[punctuation] + half_diagram,OK,ABC,is_congruent_to,ADE
7,13,noisy_half_text[punctuation] + half_diagram,OK,∠DAC,has_measure,35_deg
,,,,,,
8,13,noisy_half_text[punctuation] + half_diagram,OK,A,is_a,point
8,13,noisy_half_text[punctuation] + half_diagram,OK,B,is_a,point
8,13,noisy_half_text[punctuation] + half_diagram,OK,C,is_a,point
8,13,noisy_half_text[punctuation] + half_diagram,OK,D,is_a,point
8,13,noisy_half_text[punctuation] + half_diagram,OK,E,is_a,point
8,13,noisy_half_text[punctuation] + half_diagram,OK,F,is_a,point
8,13,noisy_half_text[punctuation] + half_diagram,OK,A,lies_on,line
8,13,noisy_half_text[punctuation] + half_diagram,OK,B,lies_on,line
8,13,noisy_half_text[punctuation] + half_diagram,OK,C,lies_on,line
8,13,noisy_half_text[punctuation] + half_diagram,OK,D,lies_on,line
8,13,noisy_half_text[punctuation] + half_diagram,OK,E,lies_on,line
8,13,noisy_half_text[punctuation] + half_diagram,OK,F,lies_on,line
8,13,noisy_half_text[punctuation] + half_diagram,OK,AB,is_a,segment
8,13,noisy_half_text[punctuation] + half_diagram,OK,BC,is_a,segment
8,13,noisy_half_text[punctuation] + half_diagram,OK,CA,is_a,segment
8,13,noisy_half_text[punctuation] + half_diagram,OK,DE,is_a,segment
8,13,noisy_half_text[punctuation] + half_diagram,OK,EF,is_a,segment
8,13,noisy_half_text[punctuation] + half_diagram,OK,FD,is_a,segment
8,13,noisy_half_text[punctuation] + half_diagram,OK,ABC,is_a,triangle
8,13,noisy_half_text[punctuation] + half_diagram,OK,DEF,is_a,triangle
8,13,noisy_half_text[punctuation] + half_diagram,OK,ABC,congruent_to,DEF
8,13,noisy_half_text[punctuation] + half_diagram,OK,A,corresponds_to,D
8,13,noisy_half_text[punctuation] + half_diagram,OK,B,corresponds_to,E
8,13,noisy_half_text[punctuation] + half_diagram,OK,BF,has_measure,7.0_units
8,13,noisy_half_text[punctuation] + half_diagram,OK,EC,has_measure,?
8,13,noisy_half_text[punctuation] + half_diagram,OK,E,lies_on,BF
8,13,noisy_half_text[punctuation] + half_diagram,OK,C,lies_on,BF
,,,,,,
9,13,noisy_half_text[punctuation] + half_diagram,OK,A,is_a,point
9,13,noisy_half_text[punctuation] + half_diagram,OK,B,is_a,point
9,13,noisy_half_text[punctuation] + half_diagram,OK,C,is_a,point
9,13,noisy_half_text[punctuation] + half_diagram,OK,D,is_a,point
9,13,noisy_half_text[punctuation] + half_diagram,OK,E,is_a,point
9,13,noisy_half_text[punctuation] + half_diagram,OK,ABC,is_a,triangle
9,13,noisy_half_text[punctuation] + half_diagram,OK,∠C,has_measure,90_deg
9,13,noisy_half_text[punctuation] + half_diagram,OK,AC,is_a,segment
9,13,noisy_half_text[punctuation] + half_diagram,OK,BC,is_a,segment
9,13,noisy_half_text[punctuation] + half_diagram,OK,AD,is_a,segment
9,13,noisy_half_text[punctuation] + half_diagram,OK,DE,is_a,segment
9,13,noisy_half_text[punctuation] + half_diagram,OK,AC,has_measure,?
9,13,noisy_half_text[punctuation] + half_diagram,OK,BC,has_measure,?
9,13,noisy_half_text[punctuation] + half_diagram,OK,AB,has_measure,6.0
9,13,noisy_half_text[punctuation] + half_diagram,OK,AD,lies_on,ABC
9,13,noisy_half_text[punctuation] + half_diagram,OK,D,lies_on,BC
9,13,noisy_half_text[punctuation] + half_diagram,OK,E,lies_on,AB
9,13,noisy_half_text[punctuation] + half_diagram,OK,AD,intersects,BC
9,13,noisy_half_text[punctuation] + half_diagram,OK,DE,perpendicular_to,AB
9,13,noisy_half_text[punctuation] + half_diagram,OK,AD,bisects,∠CAB
9,13,noisy_half_text[punctuation] + half_diagram,OK,AC,equals,BC
9,13,noisy_half_text[punctuation] + half_diagram,OK,∠CAB,is_a,angle
,,,,,,
10,13,noisy_half_text[punctuation] + half_diagram,OK,A,is_a,point
10,13,noisy_half_text[punctuation] + half_diagram,OK,B,is_a,point
10,13,noisy_half_text[punctuation] + half_diagram,OK,C,is_a,point
10,13,noisy_half_text[punctuation] + half_diagram,OK,D,is_a,point
10,13,noisy_half_text[punctuation] + half_diagram,OK,E,is_a,point
10,13,noisy_half_text[punctuation] + half_diagram,OK,AB,is_a,segment
10,13,noisy_half_text[punctuation] + half_diagram,OK,AC,is_a,segment
10,13,noisy_half_text[punctuation] + half_diagram,OK,∠BAC,is_a,angle
10,13,noisy_half_text[punctuation] + half_diagram,OK,AB,equals,AC
10,13,noisy_half_text[punctuation] + half_diagram,OK,DE,is_a,"perpendicular_bisector_of, AB"
10,13,noisy_half_text[punctuation] + half_diagram,OK,∠A,has_measure,36_deg
10,13,noisy_half_text[punctuation] + half_diagram,OK,A,lies_on,AC
10,13,noisy_half_text[punctuation] + half_diagram,OK,A,lies_on,AB
10,13,noisy_half_text[punctuation] + half_diagram,OK,B,lies_on,AB
10,13,noisy_half_text[punctuation] + half_diagram,OK,C,lies_on,AC
10,13,noisy_half_text[punctuation] + half_diagram,OK,D,lies_on,AC
10,13,noisy_half_text[punctuation] + half_diagram,OK,E,lies_on,AB
10,13,noisy_half_text[punctuation] + half_diagram,OK,DE,intersects,AB
10,13,noisy_half_text[punctuation] + half_diagram,OK,DE,intersects,AC
10,13,noisy_half_text[punctuation] + half_diagram,OK,∠A,is_a,angle
,,,,,,
11,13,noisy_half_text[punctuation] + half_diagram,OK,A,is_a,point
11,13,noisy_half_text[punctuation] + half_diagram,OK,B,is_a,point
11,13,noisy_half_text[punctuation] + half_diagram,OK,C,is_a,point
11,13,noisy_half_text[punctuation] + half_diagram,OK,D,is_a,point
11,13,noisy_half_text[punctuation] + half_diagram,OK,E,is_a,point
11,13,noisy_half_text[punctuation] + half_diagram,OK,F,is_a,point
11,13,noisy_half_text[punctuation] + half_diagram,OK,∠C,has_measure,36_deg
11,13,noisy_half_text[punctuation] + half_diagram,OK,∠EAF,has_measure,60_deg
11,13,noisy_half_text[punctuation] + half_diagram,OK,Triangle ABC,is_a,triangle
11,13,noisy_half_text[punctuation] + half_diagram,OK,Triangle AED,is_a,triangle
11,13,noisy_half_text[punctuation] + half_diagram,OK,Triangle ABC,rotated_about,A
11,13,noisy_half_text[punctuation] + half_diagram,OK,Triangle ABC,mapped_to,Triangle AED
11,13,noisy_half_text[punctuation] + half_diagram,OK,BC,intersects,AD
11,13,noisy_half_text[punctuation] + half_diagram,OK,AD,intersects,BC
11,13,noisy_half_text[punctuation] + half_diagram,OK,BC,intersects_at,F
11,13,noisy_half_text[punctuation] + half_diagram,OK,AD,intersects_at,F
,,,,,,
14,13,noisy_half_text[punctuation] + half_diagram,OK,A,is_a,point
14,13,noisy_half_text[punctuation] + half_diagram,OK,O,is_a,point
14,13,noisy_half_text[punctuation] + half_diagram,OK,B,is_a,point
14,13,noisy_half_text[punctuation] + half_diagram,OK,C,is_a,point
14,13,noisy_half_text[punctuation] + half_diagram,OK,AO,is_a,segment
14,13,noisy_half_text[punctuation] + half_diagram,OK,OB,is_a,segment
14,13,noisy_half_text[punctuation] + half_diagram,OK,OC,is_a,segment
14,13,noisy_half_text[punctuation] + half_diagram,OK,AB,is_a,segment
14,13,noisy_half_text[punctuation] + half_diagram,OK,AC,is_a,segment
14,13,noisy_half_text[punctuation] + half_diagram,OK,BC,is_a,segment
14,13,noisy_half_text[punctuation] + half_diagram,OK,∠OAB,is_a,angle
14,13,noisy_half_text[punctuation] + half_diagram,OK,∠OAB,has_measure,35_deg
14,13,noisy_half_text[punctuation] + half_diagram,OK,O,center_of,circle
14,13,noisy_half_text[punctuation] + half_diagram,OK,A,lies_on,circle
14,13,noisy_half_text[punctuation] + half_diagram,OK,B,lies_on,circle
14,13,noisy_half_text[punctuation] + half_diagram,OK,C,lies_on,circle
,,,,,,
16,13,noisy_half_text[punctuation] + half_diagram,OK,O,is_a,point
16,13,noisy_half_text[punctuation] + half_diagram,OK,OB,is_a,segment
16,13,noisy_half_text[punctuation] + half_diagram,OK,OC,is_a,segment
16,13,noisy_half_text[punctuation] + half_diagram,OK,B,is_a,point
16,13,noisy_half_text[punctuation] + half_diagram,OK,C,is_a,point
16,13,noisy_half_text[punctuation] + half_diagram,OK,∠BOC,is_a,angle
16,13,noisy_half_text[punctuation] + half_diagram,OK,∠BOC,has_measure,50_deg
16,13,noisy_half_text[punctuation] + half_diagram,OK,AC,is_a,chord
16,13,noisy_half_text[punctuation] + half_diagram,OK,AC,parallel_to,OB
,,,,,,
17,13,noisy_half_text[punctuation] + half_diagram,OK,A,is_a,point
17,13,noisy_half_text[punctuation] + half_diagram,OK,B,is_a,point
17,13,noisy_half_text[punctuation] + half_diagram,OK,C,is_a,point
17,13,noisy_half_text[punctuation] + half_diagram,OK,D,is_a,point
17,13,noisy_half_text[punctuation] + half_diagram,OK,O,is_a,point
17,13,noisy_half_text[punctuation] + half_diagram,OK,AB,is_a,segment
17,13,noisy_half_text[punctuation] + half_diagram,OK,AC,is_a,segment
17,13,noisy_half_text[punctuation] + half_diagram,OK,BD,is_a,segment
17,13,noisy_half_text[punctuation] + half_diagram,OK,AD,is_a,segment
17,13,noisy_half_text[punctuation] + half_diagram,OK,BC,is_a,segment
17,13,noisy_half_text[punctuation] + half_diagram,OK,CD,is_a,segment
17,13,noisy_half_text[punctuation] + half_diagram,OK,ABCD,is_a,parallelogram
17,13,noisy_half_text[punctuation] + half_diagram,OK,AC,intersects,BD
17,13,noisy_half_text[punctuation] + half_diagram,OK,O,lies_on,AC
17,13,noisy_half_text[punctuation] + half_diagram,OK,O,lies_on,BD
17,13,noisy_half_text[punctuation] + half_diagram,OK,∠DAC,has_measure,42_deg
17,13,noisy_half_text[punctuation] + half_diagram,OK,∠CBD,has_measure,23_deg
17,13,noisy_half_text[punctuation] + half_diagram,OK,∠COD,is_a,angle
17,13,noisy_half_text[punctuation] + half_diagram,OK,COD,is_a,?
17,13,noisy_half_text[punctuation] + half_diagram,OK,∠COD,has_measure,?
17,13,noisy_half_text[punctuation] + half_diagram,OK,BD,connects,B
,,,,,,
20,13,noisy_half_text[punctuation] + half_diagram,OK,O,is_a,point
20,13,noisy_half_text[punctuation] + half_diagram,OK,A,is_a,point
20,13,noisy_half_text[punctuation] + half_diagram,OK,B,is_a,point
20,13,noisy_half_text[punctuation] + half_diagram,OK,C,is_a,point
20,13,noisy_half_text[punctuation] + half_diagram,OK,D,is_a,point
20,13,noisy_half_text[punctuation] + half_diagram,OK,AB,is_a,segment
20,13,noisy_half_text[punctuation] + half_diagram,OK,AC,is_a,segment
20,13,noisy_half_text[punctuation] + half_diagram,OK,BC,is_a,segment
20,13,noisy_half_text[punctuation] + half_diagram,OK,CD,is_a,segment
20,13,noisy_half_text[punctuation] + half_diagram,OK,OD,is_a,segment
20,13,noisy_half_text[punctuation] + half_diagram,OK,∠DOB,is_a,angle
20,13,noisy_half_text[punctuation] + half_diagram,OK,∠ACD,is_a,angle
20,13,noisy_half_text[punctuation] + half_diagram,OK,AB,diameter_of,circle
20,13,noisy_half_text[punctuation] + half_diagram,OK,O,center_of,circle
20,13,noisy_half_text[punctuation] + half_diagram,OK,C,lies_on,circle
20,13,noisy_half_text[punctuation] + half_diagram,OK,D,lies_on,circle
20,13,noisy_half_text[punctuation] + half_diagram,OK,arc DB,has_measure,140_deg
20,13,noisy_half_text[punctuation] + half_diagram,OK,AB,connects,"A, B"
20,13,noisy_half_text[punctuation] + half_diagram,OK,AC,connects,"A, C"
20,13,noisy_half_text[punctuation] + half_diagram,OK,BC,connects,"B, C"
,,,,,,
22,13,noisy_half_text[punctuation] + half_diagram,OK,A,is_a,point
22,13,noisy_half_text[punctuation] + half_diagram,OK,B,is_a,point
22,13,noisy_half_text[punctuation] + half_diagram,OK,C,is_a,point
22,13,noisy_half_text[punctuation] + half_diagram,OK,D,is_a,point
22,13,noisy_half_text[punctuation] + half_diagram,OK,M,is_a,point
22,13,noisy_half_text[punctuation] + half_diagram,OK,N,is_a,point
22,13,noisy_half_text[punctuation] + half_diagram,OK,O,is_a,point
22,13,noisy_half_text[punctuation] + half_diagram,OK,AM,is_a,segment
22,13,noisy_half_text[punctuation] + half_diagram,OK,CN,is_a,segment
22,13,noisy_half_text[punctuation] + half_diagram,OK,MN,is_a,segment
22,13,noisy_half_text[punctuation] + half_diagram,OK,AC,is_a,segment
22,13,noisy_half_text[punctuation] + half_diagram,OK,BO,is_a,segment
22,13,noisy_half_text[punctuation] + half_diagram,OK,ABCD,is_a,diamond
22,13,noisy_half_text[punctuation] + half_diagram,OK,M,lies_on,AB
22,13,noisy_half_text[punctuation] + half_diagram,OK,N,lies_on,CD
22,13,noisy_half_text[punctuation] + half_diagram,OK,MN,intersects,AC
22,13,noisy_half_text[punctuation] + half_diagram,OK,MN,intersects,O
22,13,noisy_half_text[punctuation] + half_diagram,OK,BO,connects,"B, O"
22,13,noisy_half_text[punctuation] + half_diagram,OK,∠DAC,has_measure,?
22,13,noisy_half_text[punctuation] + half_diagram,OK,∠ABO,has_measure,?
22,13,noisy_half_text[punctuation] + half_diagram,OK,AM,has_measure,CN
22,13,noisy_half_text[punctuation] + half_diagram,OK,∠A,has_measure,28_deg
,,,,,,
25,13,noisy_half_text[punctuation] + half_diagram,OK,E,is_a,point
25,13,noisy_half_text[punctuation] + half_diagram,OK,A,is_a,point
25,13,noisy_half_text[punctuation] + half_diagram,OK,C,is_a,point
25,13,noisy_half_text[punctuation] + half_diagram,OK,EA,is_a,line
25,13,noisy_half_text[punctuation] + half_diagram,OK,BC,is_a,line
25,13,noisy_half_text[punctuation] + half_diagram,OK,∠ECA,is_a,angle
25,13,noisy_half_text[punctuation] + half_diagram,OK,∠B,is_a,angle
25,13,noisy_half_text[punctuation] + half_diagram,OK,∠B,has_measure,50_deg
25,13,noisy_half_text[punctuation] + half_diagram,OK,EF,is_a,line
25,13,noisy_half_text[punctuation] + half_diagram,OK,EF,parallel_to,BC
25,13,noisy_half_text[punctuation] + half_diagram,OK,AC,is_a,line
25,13,noisy_half_text[punctuation] + half_diagram,OK,AC,intersects,EA
25,13,noisy_half_text[punctuation] + half_diagram,OK,AC,intersects,BC
,,,,,,
26,13,noisy_half_text[punctuation] + half_diagram,OK,3.2,has_measure,m
26,13,noisy_half_text[punctuation] + half_diagram,OK,22,has_measure,m
26,13,noisy_half_text[punctuation] + half_diagram,OK,bamboo_pole,has_measure,3.2 m
26,13,noisy_half_text[punctuation] + half_diagram,OK,distance,has_measure,22 m
26,13,noisy_half_text[punctuation] + half_diagram,OK,bamboo_pole,lies_on,ground
26,13,noisy_half_text[punctuation] + half_diagram,OK,flagpole,lies_on,ground
26,13,noisy_half_text[punctuation] + half_diagram,OK,bamboo_pole,is_a,segment
26,13,noisy_half_text[punctuation] + half_diagram,OK,flagpole,is_a,segment
26,13,noisy_half_text[punctuation] + half_diagram,OK,distance,is_a,segment
26,13,noisy_half_text[punctuation] + half_diagram,OK,3.2,is_a,quantitative_attribute
26,13,noisy_half_text[punctuation] + half_diagram,OK,22,is_a,quantitative_attribute
26,13,noisy_half_text[punctuation] + half_diagram,OK,flagpole,is_a,object
26,13,noisy_half_text[punctuation] + half_diagram,OK,bamboo_pole,is_a,object
26,13,noisy_half_text[punctuation] + half_diagram,OK,distance,connects,bamboo_pole
26,13,noisy_half_text[punctuation] + half_diagram,OK,distance,connects,flagpole
26,13,noisy_half_text[punctuation] + half_diagram,OK,A,is_a,point
26,13,noisy_half_text[punctuation] + half_diagram,OK,B,is_a,point
26,13,noisy_half_text[punctuation] + half_diagram,OK,AB,is_a,segment
26,13,noisy_half_text[punctuation] + half_diagram,OK,h,has_measure,3.2m
26,13,noisy_half_text[punctuation] + half_diagram,OK,AB,has_measure,22m
26,13,noisy_half_text[punctuation] + half_diagram,OK,flagpole_height,has_measure,?
26,13,noisy_half_text[punctuation] + half_diagram,OK,Xiaodong,uses,bamboo_pole
26,13,noisy_half_text[punctuation] + half_diagram,OK,bamboo_pole_height,has_measure,3.2m
26,13,noisy_half_text[punctuation] + half_diagram,OK,distance_to_flagpole,has_measure,22m
26,13,noisy_half_text[punctuation] + half_diagram,OK,bamboo_pole,has_measure,3.2m
26,13,noisy_half_text[punctuation] + half_diagram,OK,distance,has_measure,22m
,,,,,,
29,13,noisy_half_text[punctuation] + half_diagram,OK,A,is_a,point
29,13,noisy_half_text[punctuation] + half_diagram,OK,B,is_a,point
29,13,noisy_half_text[punctuation] + half_diagram,OK,C,is_a,point
29,13,noisy_half_text[punctuation] + half_diagram,OK,D,is_a,point
29,13,noisy_half_text[punctuation] + half_diagram,OK,∠A,is_a,angle
29,13,noisy_half_text[punctuation] + half_diagram,OK,BD,is_a,segment
29,13,noisy_half_text[punctuation] + half_diagram,OK,CD,is_a,segment
29,13,noisy_half_text[punctuation] + half_diagram,OK,BD,intersects,CD
29,13,noisy_half_text[punctuation] + half_diagram,OK,D,lies_on,BD
29,13,noisy_half_text[punctuation] + half_diagram,OK,D,lies_on,CD
29,13,noisy_half_text[punctuation] + half_diagram,OK,∠A,has_measure,50_deg
29,13,noisy_half_text[punctuation] + half_diagram,OK,BD,is_angle_bisector,?
29,13,noisy_half_text[punctuation] + half_diagram,OK,CD,is_angle_bisector,?
29,13,noisy_half_text[punctuation] + half_diagram,OK,A,B,"C, are_vertices_of, triangle ABC"
29,13,noisy_half_text[punctuation] + half_diagram,OK,triangle ABC,is_a,triangle
29,13,noisy_half_text[punctuation] + half_diagram,OK,∠BDC,is_a,angle
,,,,,,
30,13,noisy_half_text[punctuation] + half_diagram,OK,A,is_a,point
30,13,noisy_half_text[punctuation] + half_diagram,OK,B,is_a,point
30,13,noisy_half_text[punctuation] + half_diagram,OK,C,is_a,point
30,13,noisy_half_text[punctuation] + half_diagram,OK,O,is_a,point
30,13,noisy_half_text[punctuation] + half_diagram,OK,OA,is_a,segment
30,13,noisy_half_text[punctuation] + half_diagram,OK,OB,is_a,segment
30,13,noisy_half_text[punctuation] + half_diagram,OK,OC,is_a,segment
30,13,noisy_half_text[punctuation] + half_diagram,OK,OA,has_measure,?
30,13,noisy_half_text[punctuation] + half_diagram,OK,OB,has_measure,?
30,13,noisy_half_text[punctuation] + half_diagram,OK,OC,has_measure,?
30,13,noisy_half_text[punctuation] + half_diagram,OK,∠ACB,has_measure,30_deg
30,13,noisy_half_text[punctuation] + half_diagram,OK,O,center_of,?
30,13,noisy_half_text[punctuation] + half_diagram,OK,OA,equals,OB
30,13,noisy_half_text[punctuation] + half_diagram,OK,OA,equals,OC
30,13,noisy_half_text[punctuation] + half_diagram,OK,OB,equals,OC
30,13,noisy_half_text[punctuation] + half_diagram,OK,A,lies_on,OA
30,13,noisy_half_text[punctuation] + half_diagram,OK,B,lies_on,OB
30,13,noisy_half_text[punctuation] + half_diagram,OK,C,lies_on,OC
30,13,noisy_half_text[punctuation] + half_diagram,OK,OC,equals,OA
30,13,noisy_half_text[punctuation] + half_diagram,OK,∠ACB,is_a,angle
30,13,noisy_half_text[punctuation] + half_diagram,OK,AC,is_a,segment
30,13,noisy_half_text[punctuation] + half_diagram,OK,BC,is_a,segment
30,13,noisy_half_text[punctuation] + half_diagram,OK,AB,is_a,segment
,,,,,,
32,13,noisy_half_text[punctuation] + half_diagram,OK,I,is_a,point
32,13,noisy_half_text[punctuation] + half_diagram,OK,?,is_a,circle
32,13,noisy_half_text[punctuation] + half_diagram,OK,I,center_of,?
32,13,noisy_half_text[punctuation] + half_diagram,OK,?,radius_of,?
32,13,noisy_half_text[punctuation] + half_diagram,OK,D,is_a,point
32,13,noisy_half_text[punctuation] + half_diagram,OK,E,is_a,point
32,13,noisy_half_text[punctuation] + half_diagram,OK,F,is_a,point
32,13,noisy_half_text[punctuation] + half_diagram,OK,DE,is_a,segment
32,13,noisy_half_text[punctuation] + half_diagram,OK,EF,is_a,segment
32,13,noisy_half_text[punctuation] + half_diagram,OK,DF,is_a,segment
32,13,noisy_half_text[punctuation] + half_diagram,OK,∠DEF,is_a,angle
32,13,noisy_half_text[punctuation] + half_diagram,OK,∠DEF,has_measure,52_deg
32,13,noisy_half_text[punctuation] + half_diagram,OK,I,lies_on,?
32,13,noisy_half_text[punctuation] + half_diagram,OK,D,lies_on,?
32,13,noisy_half_text[punctuation] + half_diagram,OK,E,lies_on,?
32,13,noisy_half_text[punctuation] + half_diagram,OK,F,lies_on,?
32,13,noisy_half_text[punctuation] + half_diagram,OK,ID,is_a,?
32,13,noisy_half_text[punctuation] + half_diagram,OK,IE,is_a,?
32,13,noisy_half_text[punctuation] + half_diagram,OK,IF,is_a,?
32,13,noisy_half_text[punctuation] + half_diagram,OK,ID,perpendicular_to,?
32,13,noisy_half_text[punctuation] + half_diagram,OK,IE,perpendicular_to,?
32,13,noisy_half_text[punctuation] + half_diagram,OK,IF,perpendicular_to,?
,,,,,,
34,13,noisy_half_text[punctuation] + half_diagram,OK,A,is_a,point
34,13,noisy_half_text[punctuation] + half_diagram,OK,B,is_a,point
34,13,noisy_half_text[punctuation] + half_diagram,OK,C,is_a,point
34,13,noisy_half_text[punctuation] + half_diagram,OK,D,is_a,point
34,13,noisy_half_text[punctuation] + half_diagram,OK,E,is_a,point
34,13,noisy_half_text[punctuation] + half_diagram,OK,F,is_a,point
34,13,noisy_half_text[punctuation] + half_diagram,OK,AB,is_a,line
34,13,noisy_half_text[punctuation] + half_diagram,OK,CD,is_a,line
34,13,noisy_half_text[punctuation] + half_diagram,OK,EF,is_a,line
34,13,noisy_half_text[punctuation] + half_diagram,OK,AB,parallel_to,CD
34,13,noisy_half_text[punctuation] + half_diagram,OK,EF,intersects,AB
34,13,noisy_half_text[punctuation] + half_diagram,OK,EF,intersects,CD
34,13,noisy_half_text[punctuation] + half_diagram,OK,∠E,has_measure,100_deg
,,,,,,
36,13,noisy_half_text[punctuation] + half_diagram,OK,A,is_a,point
36,13,noisy_half_text[punctuation] + half_diagram,OK,B,is_a,point
36,13,noisy_half_text[punctuation] + half_diagram,OK,C,is_a,point
36,13,noisy_half_text[punctuation] + half_diagram,OK,D,is_a,point
36,13,noisy_half_text[punctuation] + half_diagram,OK,O,is_a,point
36,13,noisy_half_text[punctuation] + half_diagram,OK,AB,is_a,segment
36,13,noisy_half_text[punctuation] + half_diagram,OK,CD,is_a,segment
36,13,noisy_half_text[punctuation] + half_diagram,OK,∠BCD,is_a,angle
36,13,noisy_half_text[punctuation] + half_diagram,OK,AB,has_measure,?
36,13,noisy_half_text[punctuation] + half_diagram,OK,CD,has_measure,?
36,13,noisy_half_text[punctuation] + half_diagram,OK,∠BCD,has_measure,50_deg
36,13,noisy_half_text[punctuation] + half_diagram,OK,AB,lies_on,circle O
36,13,noisy_half_text[punctuation] + half_diagram,OK,C,lies_on,circle O
36,13,noisy_half_text[punctuation] + half_diagram,OK,CD,tangent_to,circle O
36,13,noisy_half_text[punctuation] + half_diagram,OK,CD,tangent_to,circle O at C
36,13,noisy_half_text[punctuation] + half_diagram,OK,CD,intersects,AB
36,13,noisy_half_text[punctuation] + half_diagram,OK,CD,tangent_to,C
36,13,noisy_half_text[punctuation] + half_diagram,OK,AB,diameter_of,circle O
,,,,,,
37,13,noisy_half_text[punctuation] + half_diagram,OK,A,is_a,point
37,13,noisy_half_text[punctuation] + half_diagram,OK,B,is_a,point
37,13,noisy_half_text[punctuation] + half_diagram,OK,C,is_a,point
37,13,noisy_half_text[punctuation] + half_diagram,OK,D,is_a,point
37,13,noisy_half_text[punctuation] + half_diagram,OK,O,is_a,point
37,13,noisy_half_text[punctuation] + half_diagram,OK,P,is_a,point
37,13,noisy_half_text[punctuation] + half_diagram,OK,AB,is_a,line
37,13,noisy_half_text[punctuation] + half_diagram,OK,CD,is_a,line
37,13,noisy_half_text[punctuation] + half_diagram,OK,CP,is_a,line
37,13,noisy_half_text[punctuation] + half_diagram,OK,AO,is_a,segment
37,13,noisy_half_text[punctuation] + half_diagram,OK,PO,is_a,segment
37,13,noisy_half_text[punctuation] + half_diagram,OK,AO,has_measure,?
37,13,noisy_half_text[punctuation] + half_diagram,OK,PO,has_measure,?
37,13,noisy_half_text[punctuation] + half_diagram,OK,AB,parallel_to,CD
37,13,noisy_half_text[punctuation] + half_diagram,OK,CP,intersects,AB
37,13,noisy_half_text[punctuation] + half_diagram,OK,AO,equals,PO
37,13,noisy_half_text[punctuation] + half_diagram,OK,∠COD,has_measure,50_deg
,,,,,,
38,13,noisy_half_text[punctuation] + half_diagram,OK,AB,is_a,segment
38,13,noisy_half_text[punctuation] + half_diagram,OK,AC,is_a,segment
38,13,noisy_half_text[punctuation] + half_diagram,OK,AD,is_a,line
38,13,noisy_half_text[punctuation] + half_diagram,OK,BC,is_a,segment
38,13,noisy_half_text[punctuation] + half_diagram,OK,A,is_a,point
38,13,noisy_half_text[punctuation] + half_diagram,OK,B,is_a,point
38,13,noisy_half_text[punctuation] + half_diagram,OK,C,is_a,point
38,13,noisy_half_text[punctuation] + half_diagram,OK,D,is_a,point
38,13,noisy_half_text[punctuation] + half_diagram,OK,AB,has_measure,?
38,13,noisy_half_text[punctuation] + half_diagram,OK,AC,has_measure,?
38,13,noisy_half_text[punctuation] + half_diagram,OK,AD,has_measure,?
38,13,noisy_half_text[punctuation] + half_diagram,OK,BC,has_measure,?
38,13,noisy_half_text[punctuation] + half_diagram,OK,∠BAD,has_measure,70_deg
38,13,noisy_half_text[punctuation] + half_diagram,OK,AB,has_measure,AC
38,13,noisy_half_text[punctuation] + half_diagram,OK,AD,parallel_to,BC
38,13,noisy_half_text[punctuation] + half_diagram,OK,AB,equals,AC
,,,,,,
40,13,noisy_half_text[punctuation] + half_diagram,OK,Line a,is_a,line
40,13,noisy_half_text[punctuation] + half_diagram,OK,Line b,is_a,line
40,13,noisy_half_text[punctuation] + half_diagram,OK,Line c,is_a,line
40,13,noisy_half_text[punctuation] + half_diagram,OK,Angle 1,is_a,angle
40,13,noisy_half_text[punctuation] + half_diagram,OK,Angle 2,is_a,angle
40,13,noisy_half_text[punctuation] + half_diagram,OK,Line a,parallel_to,Line b
40,13,noisy_half_text[punctuation] + half_diagram,OK,Line c,intersects,Line a
40,13,noisy_half_text[punctuation] + half_diagram,OK,Line c,intersects,Line b
40,13,noisy_half_text[punctuation] + half_diagram,OK,Angle 1,has_measure,50_deg
40,13,noisy_half_text[punctuation] + half_diagram,OK,a,is_a,line
40,13,noisy_half_text[punctuation] + half_diagram,OK,b,is_a,line
40,13,noisy_half_text[punctuation] + half_diagram,OK,c,is_a,line
40,13,noisy_half_text[punctuation] + half_diagram,OK,1,is_a,angle
40,13,noisy_half_text[punctuation] + half_diagram,OK,2,is_a,angle
40,13,noisy_half_text[punctuation] + half_diagram,OK,a,parallel_to,b
40,13,noisy_half_text[punctuation] + half_diagram,OK,c,intersects,a
40,13,noisy_half_text[punctuation] + half_diagram,OK,c,intersects,b
40,13,noisy_half_text[punctuation] + half_diagram,OK,1,has_measure,50_deg
,,,,,,
43,13,noisy_half_text[punctuation] + half_diagram,OK,O,is_a,point
43,13,noisy_half_text[punctuation] + half_diagram,OK,A,is_a,point
43,13,noisy_half_text[punctuation] + half_diagram,OK,B,is_a,point
43,13,noisy_half_text[punctuation] + half_diagram,OK,C,is_a,point
43,13,noisy_half_text[punctuation] + half_diagram,OK,D,is_a,point
43,13,noisy_half_text[punctuation] + half_diagram,OK,OA,is_a,segment
43,13,noisy_half_text[punctuation] + half_diagram,OK,OB,is_a,segment
43,13,noisy_half_text[punctuation] + half_diagram,OK,OC,is_a,segment
43,13,noisy_half_text[punctuation] + half_diagram,OK,OD,is_a,segment
43,13,noisy_half_text[punctuation] + half_diagram,OK,AB,is_a,segment
43,13,noisy_half_text[punctuation] + half_diagram,OK,∠AOD,is_a,angle
43,13,noisy_half_text[punctuation] + half_diagram,OK,D,lies_on,AB
43,13,noisy_half_text[punctuation] + half_diagram,OK,∠AOD,has_measure,30°
43,13,noisy_half_text[punctuation] + half_diagram,OK,∠BOC,has_measure,100°
43,13,noisy_half_text[punctuation] + half_diagram,OK,∠BOC,is_a,angle
43,13,noisy_half_text[punctuation] + half_diagram,OK,∠AOD,has_measure,30_deg
43,13,noisy_half_text[punctuation] + half_diagram,OK,∠BOC,has_measure,100_deg
43,13,noisy_half_text[punctuation] + half_diagram,OK,Triangle OAB,rotated_about,O
43,13,noisy_half_text[punctuation] + half_diagram,OK,Triangle OAB,rotated_to,Triangle ODC
43,13,noisy_half_text[punctuation] + half_diagram,OK,Rotation,has_measure,30_deg
43,13,noisy_half_text[punctuation] + half_diagram,OK,Triangle OAB,is_a,triangle
43,13,noisy_half_text[punctuation] + half_diagram,OK,Triangle ODC,is_a,triangle
43,13,noisy_half_text[punctuation] + half_diagram,OK,O,is_a,"center_of, rotation"
43,13,noisy_half_text[punctuation] + half_diagram,OK,30_deg,is_a,rotation_measure
43,13,noisy_half_text[punctuation] + half_diagram,OK,O,center_of,rotation
,,,,,,
44,13,noisy_half_text[punctuation] + half_diagram,OK,A,is_a,point
44,13,noisy_half_text[punctuation] + half_diagram,OK,1.5,has_measure,height
44,13,noisy_half_text[punctuation] + half_diagram,OK,30,has_measure,distance
44,13,noisy_half_text[punctuation] + half_diagram,OK,B,is_a,point
44,13,noisy_half_text[punctuation] + half_diagram,OK,AB,has_measure,30_units
44,13,noisy_half_text[punctuation] + half_diagram,OK,Xiaogang's height,has_measure,1.5_units
44,13,noisy_half_text[punctuation] + half_diagram,OK,?,has_measure,height of street lamp
,,,,,,
45,13,noisy_half_text[punctuation] + half_diagram,OK,O_a,point,"is_a, point"
45,13,noisy_half_text[punctuation] + half_diagram,OK,C,is_a,point
45,13,noisy_half_text[punctuation] + half_diagram,OK,B,lies_on,circle_O
45,13,noisy_half_text[punctuation] + half_diagram,OK,C,lies_on,circle_O
45,13,noisy_half_text[punctuation] + half_diagram,OK,BC,is_a,segment
45,13,noisy_half_text[punctuation] + half_diagram,OK,AC,is_a,segment
45,13,noisy_half_text[punctuation] + half_diagram,OK,∠BAC,is_a,angle
,,,,,,
46,13,noisy_half_text[punctuation] + half_diagram,OK,A,is_a,point
46,13,noisy_half_text[punctuation] + half_diagram,OK,B,is_a,point
46,13,noisy_half_text[punctuation] + half_diagram,OK,C,is_a,point
46,13,noisy_half_text[punctuation] + half_diagram,OK,D,is_a,point
46,13,noisy_half_text[punctuation] + half_diagram,OK,E,is_a,point
46,13,noisy_half_text[punctuation] + half_diagram,OK,O,is_a,point
46,13,noisy_half_text[punctuation] + half_diagram,OK,AB,is_a,segment
46,13,noisy_half_text[punctuation] + half_diagram,OK,CD,is_a,segment
46,13,noisy_half_text[punctuation] + half_diagram,OK,AE,is_a,segment
46,13,noisy_half_text[punctuation] + half_diagram,OK,AB,lies_on,A
46,13,noisy_half_text[punctuation] + half_diagram,OK,AB,lies_on,B
46,13,noisy_half_text[punctuation] + half_diagram,OK,CD,lies_on,C
46,13,noisy_half_text[punctuation] + half_diagram,OK,CD,lies_on,D
46,13,noisy_half_text[punctuation] + half_diagram,OK,AE,intersects,AB
46,13,noisy_half_text[punctuation] + half_diagram,OK,AE,intersects,CD
46,13,noisy_half_text[punctuation] + half_diagram,OK,AB,parallel_to,CD
46,13,noisy_half_text[punctuation] + half_diagram,OK,∠EAB,is_a,angle
46,13,noisy_half_text[punctuation] + half_diagram,OK,∠EAB,has_measure,70_deg
46,13,noisy_half_text[punctuation] + half_diagram,OK,∠EOC,is_a,angle
,,,,,,
48,13,noisy_half_text[punctuation] + half_diagram,OK,O,is_a,point
48,13,noisy_half_text[punctuation] + half_diagram,OK,A,is_a,point
48,13,noisy_half_text[punctuation] + half_diagram,OK,B,is_a,point
48,13,noisy_half_text[punctuation] + half_diagram,OK,C,is_a,point
48,13,noisy_half_text[punctuation] + half_diagram,OK,BOA,is_a,angle
48,13,noisy_half_text[punctuation] + half_diagram,OK,O,center_of,circle
48,13,noisy_half_text[punctuation] + half_diagram,OK,A,lies_on,circle
48,13,noisy_half_text[punctuation] + half_diagram,OK,B,lies_on,circle
48,13,noisy_half_text[punctuation] + half_diagram,OK,C,lies_on,circle
48,13,noisy_half_text[punctuation] + half_diagram,OK,BOA,has_measure,100_deg
48,13,noisy_half_text[punctuation] + half_diagram,OK,BAC,has_measure,?
,,,,,,
49,13,noisy_half_text[punctuation] + half_diagram,OK,C,is_a,point
49,13,noisy_half_text[punctuation] + half_diagram,OK,D,is_a,point
49,13,noisy_half_text[punctuation] + half_diagram,OK,E,is_a,point
49,13,noisy_half_text[punctuation] + half_diagram,OK,AB,is_a,segment
49,13,noisy_half_text[punctuation] + half_diagram,OK,BC,is_a,segment
49,13,noisy_half_text[punctuation] + half_diagram,OK,CD,is_a,segment
49,13,noisy_half_text[punctuation] + half_diagram,OK,DE,is_a,segment
49,13,noisy_half_text[punctuation] + half_diagram,OK,EA,is_a,segment
49,13,noisy_half_text[punctuation] + half_diagram,OK,AO,is_a,segment
49,13,noisy_half_text[punctuation] + half_diagram,OK,∠AED,is_a,angle
49,13,noisy_half_text[punctuation] + half_diagram,OK,∠AED,has_measure,_deg
49,13,noisy_half_text[punctuation] + half_diagram,OK,AE,is_a,angle
49,13,noisy_half_text[punctuation] + half_diagram,OK,∠OAE,has_measure,30_deg
49,13,noisy_half_text[punctuation] + half_diagram,OK,ABCDE,is_a,pentagon
49,13,noisy_half_text[punctuation] + half_diagram,OK,O,center_of,circle
49,13,noisy_half_text[punctuation] + half_diagram,OK,A,lies_on,circle
49,13,noisy_half_text[punctuation] + half_diagram,OK,B,lies_on,circle
49,13,noisy_half_text[punctuation] + half_diagram,OK,C,lies_on,circle
49,13,noisy_half_text[punctuation] + half_diagram,OK,D,lies_on,circle
49,13,noisy_half_text[punctuation] + half_diagram,OK,E,lies_on,circle
,,,,,,
50,13,noisy_half_text[punctuation] + half_diagram,OK,A,is_a,point
50,13,noisy_half_text[punctuation] + half_diagram,OK,C,is_a,point
50,13,noisy_half_text[punctuation] + half_diagram,OK,D,is_a,point
50,13,noisy_half_text[punctuation] + half_diagram,OK,E,is_a,point
50,13,noisy_half_text[punctuation] + half_diagram,OK,O,is_a,point
50,13,noisy_half_text[punctuation] + half_diagram,OK,B,is_a,point
50,13,noisy_half_text[punctuation] + half_diagram,OK,AB,is_a,segment
50,13,noisy_half_text[punctuation] + half_diagram,OK,CD,is_a,segment
50,13,noisy_half_text[punctuation] + half_diagram,OK,EO,is_a,segment
50,13,noisy_half_text[punctuation] + half_diagram,OK,AO,is_a,segment
50,13,noisy_half_text[punctuation] + half_diagram,OK,OB,is_a,segment
50,13,noisy_half_text[punctuation] + half_diagram,OK,∠BOE,has_measure,50_deg
50,13,noisy_half_text[punctuation] + half_diagram,OK,EO,perpendicular_to,AB
,,,,,,
53,13,noisy_half_text[punctuation] + half_diagram,OK,P,is_a,point
53,13,noisy_half_text[punctuation] + half_diagram,OK,Q,is_a,point
53,13,noisy_half_text[punctuation] + half_diagram,OK,a,is_a,line
53,13,noisy_half_text[punctuation] + half_diagram,OK,b,is_a,line
53,13,noisy_half_text[punctuation] + half_diagram,OK,c,is_a,line
53,13,noisy_half_text[punctuation] + half_diagram,OK,a,parallel_to,b
53,13,noisy_half_text[punctuation] + half_diagram,OK,c,intersects,a
53,13,noisy_half_text[punctuation] + half_diagram,OK,c,intersects,b
53,13,noisy_half_text[punctuation] + half_diagram,OK,c,intersects_at,P
53,13,noisy_half_text[punctuation] + half_diagram,OK,c,intersects_at,Q
53,13,noisy_half_text[punctuation] + half_diagram,OK,∠P,has_measure,155°
53,13,noisy_half_text[punctuation] + half_diagram,OK,∠2,is_a,angle
53,13,noisy_half_text[punctuation] + half_diagram,OK,P,lies_on,a
53,13,noisy_half_text[punctuation] + half_diagram,OK,P,lies_on,c
53,13,noisy_half_text[punctuation] + half_diagram,OK,Q,lies_on,b
53,13,noisy_half_text[punctuation] + half_diagram,OK,Q,lies_on,c
53,13,noisy_half_text[punctuation] + half_diagram,OK,P,connected_by,c
53,13,noisy_half_text[punctuation] + half_diagram,OK,Q,connected_by,c
53,13,noisy_half_text[punctuation] + half_diagram,OK,a,intersects,c
53,13,noisy_half_text[punctuation] + half_diagram,OK,b,intersects,c
,,,,,,
55,13,noisy_half_text[punctuation] + half_diagram,OK,A,is_a,point
55,13,noisy_half_text[punctuation] + half_diagram,OK,B,is_a,point
55,13,noisy_half_text[punctuation] + half_diagram,OK,C,is_a,point
55,13,noisy_half_text[punctuation] + half_diagram,OK,D,is_a,point
55,13,noisy_half_text[punctuation] + half_diagram,OK,M,is_a,point
55,13,noisy_half_text[punctuation] + half_diagram,OK,N,is_a,point
55,13,noisy_half_text[punctuation] + half_diagram,OK,O,is_a,point
55,13,noisy_half_text[punctuation] + half_diagram,OK,AB,is_a,segment
55,13,noisy_half_text[punctuation] + half_diagram,OK,CD,is_a,segment
55,13,noisy_half_text[punctuation] + half_diagram,OK,OM,is_a,segment
55,13,noisy_half_text[punctuation] + half_diagram,OK,ON,is_a,segment
55,13,noisy_half_text[punctuation] + half_diagram,OK,∠AOC,is_a,angle
55,13,noisy_half_text[punctuation] + half_diagram,OK,AB,lies_on,A
55,13,noisy_half_text[punctuation] + half_diagram,OK,AB,lies_on,B
55,13,noisy_half_text[punctuation] + half_diagram,OK,CD,lies_on,C
55,13,noisy_half_text[punctuation] + half_diagram,OK,CD,lies_on,D
55,13,noisy_half_text[punctuation] + half_diagram,OK,OM,lies_on,O
55,13,noisy_half_text[punctuation] + half_diagram,OK,ON,lies_on,O
55,13,noisy_half_text[punctuation] + half_diagram,OK,OM,connects,M
55,13,noisy_half_text[punctuation] + half_diagram,OK,ON,connects,N
55,13,noisy_half_text[punctuation] + half_diagram,OK,∠AOC,has_measure,?
55,13,noisy_half_text[punctuation] + half_diagram,OK,ON,perpendicular_to,OM
55,13,noisy_half_text[punctuation] + half_diagram,OK,OM,intersects,CD
55,13,noisy_half_text[punctuation] + half_diagram,OK,ON,intersects,CD
55,13,noisy_half_text[punctuation] + half_diagram,OK,AB,intersects,CD
55,13,noisy_half_text[punctuation] + half_diagram,OK,OM,intersects,AB
55,13,noisy_half_text[punctuation] + half_diagram,OK,∠AOM,has_measure,35_deg
55,13,noisy_half_text[punctuation] + half_diagram,OK,OM,is_a,"bisector_of, ∠AOC"
55,13,noisy_half_text[punctuation] + half_diagram,OK,ON,is_a,"perpendicular_to, OM"
55,13,noisy_half_text[punctuation] + half_diagram,OK,∠MAO,has_measure,70_deg
,,,,,,
56,13,noisy_half_text[punctuation] + half_diagram,OK,O,is_a,circle
56,13,noisy_half_text[punctuation] + half_diagram,OK,CD,is_a,segment
56,13,noisy_half_text[punctuation] + half_diagram,OK,EF,is_a,segment
56,13,noisy_half_text[punctuation] + half_diagram,OK,C,is_a,point
56,13,noisy_half_text[punctuation] + half_diagram,OK,D,is_a,point
56,13,noisy_half_text[punctuation] + half_diagram,OK,E,is_a,point
56,13,noisy_half_text[punctuation] + half_diagram,OK,F,is_a,point
56,13,noisy_half_text[punctuation] + half_diagram,OK,G,is_a,point
56,13,noisy_half_text[punctuation] + half_diagram,OK,O,center_of,circle
56,13,noisy_half_text[punctuation] + half_diagram,OK,CD,diameter_of,circle
56,13,noisy_half_text[punctuation] + half_diagram,OK,EF,lies_on,circle
56,13,noisy_half_text[punctuation] + half_diagram,OK,CD,intersects,EF
56,13,noisy_half_text[punctuation] + half_diagram,OK,G,lies_on,EF
56,13,noisy_half_text[punctuation] + half_diagram,OK,G,midpoint_of,EF
56,13,noisy_half_text[punctuation] + half_diagram,OK,CD,has_measure,?
56,13,noisy_half_text[punctuation] + half_diagram,OK,EF,has_measure,?
56,13,noisy_half_text[punctuation] + half_diagram,OK,∠EOD,is_a,angle
56,13,noisy_half_text[punctuation] + half_diagram,OK,∠EOD,has_measure,?
56,13,noisy_half_text[punctuation] + half_diagram,OK,EF,perpendicular_to,CD
56,13,noisy_half_text[punctuation] + half_diagram,OK,∠OCG,has_measure,20_deg
,,,,,,
57,13,noisy_half_text[punctuation] + half_diagram,OK,A,is_a,point
57,13,noisy_half_text[punctuation] + half_diagram,OK,B,is_a,point
57,13,noisy_half_text[punctuation] + half_diagram,OK,C,is_a,point
57,13,noisy_half_text[punctuation] + half_diagram,OK,D,is_a,point
57,13,noisy_half_text[punctuation] + half_diagram,OK,AB,is_a,segment
57,13,noisy_half_text[punctuation] + half_diagram,OK,CD,is_a,segment
57,13,noisy_half_text[punctuation] + half_diagram,OK,AD,is_a,segment
57,13,noisy_half_text[punctuation] + half_diagram,OK,BC,is_a,segment
57,13,noisy_half_text[punctuation] + half_diagram,OK,∠B,is_a,angle
57,13,noisy_half_text[punctuation] + half_diagram,OK,∠B,has_measure,20_deg
57,13,noisy_half_text[punctuation] + half_diagram,OK,AB,parallel_to,CD
57,13,noisy_half_text[punctuation] + half_diagram,OK,A,lies_on,AB
57,13,noisy_half_text[punctuation] + half_diagram,OK,B,lies_on,AB
57,13,noisy_half_text[punctuation] + half_diagram,OK,C,lies_on,CD
57,13,noisy_half_text[punctuation] + half_diagram,OK,D,lies_on,CD
57,13,noisy_half_text[punctuation] + half_diagram,OK,A,lies_on,AD
57,13,noisy_half_text[punctuation] + half_diagram,OK,D,lies_on,AD
57,13,noisy_half_text[punctuation] + half_diagram,OK,B,lies_on,BC
57,13,noisy_half_text[punctuation] + half_diagram,OK,C,lies_on,BC
57,13,noisy_half_text[punctuation] + half_diagram,OK,AD,intersects,BC
57,13,noisy_half_text[punctuation] + half_diagram,OK,AB,intersects,CD
57,13,noisy_half_text[punctuation] + half_diagram,OK,∠C,has_measure,?
,,,,,,
58,13,noisy_half_text[punctuation] + half_diagram,OK,AB,is_a,line
58,13,noisy_half_text[punctuation] + half_diagram,OK,CD,is_a,line
58,13,noisy_half_text[punctuation] + half_diagram,OK,E,lies_on,AB
58,13,noisy_half_text[punctuation] + half_diagram,OK,EC,is_a,segment
58,13,noisy_half_text[punctuation] + half_diagram,OK,ED,is_a,segment
58,13,noisy_half_text[punctuation] + half_diagram,OK,AB,parallel_to,CD
58,13,noisy_half_text[punctuation] + half_diagram,OK,∠AEC,has_measure,90_deg
58,13,noisy_half_text[punctuation] + half_diagram,OK,A,is_a,point
58,13,noisy_half_text[punctuation] + half_diagram,OK,B,is_a,point
58,13,noisy_half_text[punctuation] + half_diagram,OK,C,is_a,point
58,13,noisy_half_text[punctuation] + half_diagram,OK,D,is_a,point
58,13,noisy_half_text[punctuation] + half_diagram,OK,E,is_a,point
58,13,noisy_half_text[punctuation] + half_diagram,OK,∠AEC,is_a,angle
58,13,noisy_half_text[punctuation] + half_diagram,OK,EC,intersects,CD
58,13,noisy_half_text[punctuation] + half_diagram,OK,ED,intersects,CD
58,13,noisy_half_text[punctuation] + half_diagram,OK,∠D,is_a,angle
58,13,noisy_half_text[punctuation] + half_diagram,OK,ED,connects,E
58,13,noisy_half_text[punctuation] + half_diagram,OK,EC,connects,E
58,13,noisy_half_text[punctuation] + half_diagram,OK,CD,connects,C
58,13,noisy_half_text[punctuation] + half_diagram,OK,CD,connects,D
,,,,,,
59,13,noisy_half_text[punctuation] + half_diagram,OK,A,is_a,point
59,13,noisy_half_text[punctuation] + half_diagram,OK,B,is_a,point
59,13,noisy_half_text[punctuation] + half_diagram,OK,C,is_a,point
59,13,noisy_half_text[punctuation] + half_diagram,OK,D,is_a,point
59,13,noisy_half_text[punctuation] + half_diagram,OK,AB,is_a,segment
59,13,noisy_half_text[punctuation] + half_diagram,OK,CD,is_a,segment
59,13,noisy_half_text[punctuation] + half_diagram,OK,AD,is_a,segment
59,13,noisy_half_text[punctuation] + half_diagram,OK,AB,parallel_to,CD
59,13,noisy_half_text[punctuation] + half_diagram,OK,AD,lies_on,∠CAD
59,13,noisy_half_text[punctuation] + half_diagram,OK,∠ACD,has_measure,80_deg
59,13,noisy_half_text[punctuation] + half_diagram,OK,AD,bisects,∠BAC
,,,,,,
60,13,noisy_half_text[punctuation] + half_diagram,OK,A,is_a,point
60,13,noisy_half_text[punctuation] + half_diagram,OK,B,is_a,point
60,13,noisy_half_text[punctuation] + half_diagram,OK,C,is_a,point
60,13,noisy_half_text[punctuation] + half_diagram,OK,D,is_a,point
60,13,noisy_half_text[punctuation] + half_diagram,OK,E,is_a,point
60,13,noisy_half_text[punctuation] + half_diagram,OK,F,is_a,point
60,13,noisy_half_text[punctuation] + half_diagram,OK,P,is_a,point
60,13,noisy_half_text[punctuation] + half_diagram,OK,AB,is_a,line
60,13,noisy_half_text[punctuation] + half_diagram,OK,CD,is_a,line
60,13,noisy_half_text[punctuation] + half_diagram,OK,EF,is_a,line
60,13,noisy_half_text[punctuation] + half_diagram,OK,AB,parallel_to,CD
60,13,noisy_half_text[punctuation] + half_diagram,OK,∠2,has_measure,135_deg
60,13,noisy_half_text[punctuation] + half_diagram,OK,∠2,is_a,angle
60,13,noisy_half_text[punctuation] + half_diagram,OK,∠1,is_a,angle
,,,,,,
64,13,noisy_half_text[punctuation] + half_diagram,OK,O,is_a,point
64,13,noisy_half_text[punctuation] + half_diagram,OK,A,is_a,point
64,13,noisy_half_text[punctuation] + half_diagram,OK,B,is_a,point
64,13,noisy_half_text[punctuation] + half_diagram,OK,AB,is_a,segment
64,13,noisy_half_text[punctuation] + half_diagram,OK,AO,is_a,radius_of
64,13,noisy_half_text[punctuation] + half_diagram,OK,BO,is_a,radius_of
64,13,noisy_half_text[punctuation] + half_diagram,OK,AB,has_measure,160_units
64,13,noisy_half_text[punctuation] + half_diagram,OK,diameter,has_measure,200_units
64,13,noisy_half_text[punctuation] + half_diagram,OK,diameter_of_circle,has_measure,200_units
64,13,noisy_half_text[punctuation] + half_diagram,OK,AO,is_a,segment
64,13,noisy_half_text[punctuation] + half_diagram,OK,BO,is_a,segment
64,13,noisy_half_text[punctuation] + half_diagram,OK,O,center_of,circle
64,13,noisy_half_text[punctuation] + half_diagram,OK,diameter,is_a,segment
,,,,,,
72,13,noisy_half_text[punctuation] + half_diagram,OK,A,is_a,point
72,13,noisy_half_text[punctuation] + half_diagram,OK,B,is_a,point
72,13,noisy_half_text[punctuation] + half_diagram,OK,C,is_a,point
72,13,noisy_half_text[punctuation] + half_diagram,OK,D,is_a,point
72,13,noisy_half_text[punctuation] + half_diagram,OK,O,is_a,point
72,13,noisy_half_text[punctuation] + half_diagram,OK,E,is_a,point
72,13,noisy_half_text[punctuation] + half_diagram,OK,AB,is_a,segment
72,13,noisy_half_text[punctuation] + half_diagram,OK,BC,is_a,segment
72,13,noisy_half_text[punctuation] + half_diagram,OK,CD,is_a,segment
72,13,noisy_half_text[punctuation] + half_diagram,OK,DA,is_a,segment
72,13,noisy_half_text[punctuation] + half_diagram,OK,AC,is_a,segment
72,13,noisy_half_text[punctuation] + half_diagram,OK,BD,is_a,segment
72,13,noisy_half_text[punctuation] + half_diagram,OK,OE,is_a,segment
72,13,noisy_half_text[punctuation] + half_diagram,OK,ABCD,is_a,parallelogram
72,13,noisy_half_text[punctuation] + half_diagram,OK,AC,intersects,O
72,13,noisy_half_text[punctuation] + half_diagram,OK,BD,intersects,O
72,13,noisy_half_text[punctuation] + half_diagram,OK,OE,perpendicular_to,AC
72,13,noisy_half_text[punctuation] + half_diagram,OK,E,lies_on,AD
72,13,noisy_half_text[punctuation] + half_diagram,OK,AB + BC + CD + DA,has_measure,16_units
,,,,,,
73,13,noisy_half_text[punctuation] + half_diagram,OK,A,is_a,point
73,13,noisy_half_text[punctuation] + half_diagram,OK,B,is_a,point
73,13,noisy_half_text[punctuation] + half_diagram,OK,C,is_a,point
73,13,noisy_half_text[punctuation] + half_diagram,OK,O,is_a,point
73,13,noisy_half_text[punctuation] + half_diagram,OK,AB,is_a,segment
73,13,noisy_half_text[punctuation] + half_diagram,OK,BC,is_a,segment
73,13,noisy_half_text[punctuation] + half_diagram,OK,AC,is_a,segment
73,13,noisy_half_text[punctuation] + half_diagram,OK,∠ABC,is_a,angle
73,13,noisy_half_text[punctuation] + half_diagram,OK,∠ABC,has_measure,70_deg
73,13,noisy_half_text[punctuation] + half_diagram,OK,O,center_of,circle
73,13,noisy_half_text[punctuation] + half_diagram,OK,A,lies_on,circle
73,13,noisy_half_text[punctuation] + half_diagram,OK,B,lies_on,circle
73,13,noisy_half_text[punctuation] + half_diagram,OK,C,lies_on,circle
73,13,noisy_half_text[punctuation] + half_diagram,OK,AB,connects,"A, B"
73,13,noisy_half_text[punctuation] + half_diagram,OK,BC,connects,"B, C"
73,13,noisy_half_text[punctuation] + half_diagram,OK,AC,connects,"A, C"
73,13,noisy_half_text[punctuation] + half_diagram,OK,circle,is_a,circle
73,13,noisy_half_text[punctuation] + half_diagram,OK,AB,connects,A
73,13,noisy_half_text[punctuation] + half_diagram,OK,AB,connects,B
73,13,noisy_half_text[punctuation] + half_diagram,OK,BC,connects,B
73,13,noisy_half_text[punctuation] + half_diagram,OK,BC,connects,C
73,13,noisy_half_text[punctuation] + half_diagram,OK,AC,connects,A
73,13,noisy_half_text[punctuation] + half_diagram,OK,AC,connects,C
,,,,,,
78,13,noisy_half_text[punctuation] + half_diagram,OK,A,is_a,point
78,13,noisy_half_text[punctuation] + half_diagram,OK,B,is_a,point
78,13,noisy_half_text[punctuation] + half_diagram,OK,C,is_a,point
78,13,noisy_half_text[punctuation] + half_diagram,OK,D,is_a,point
78,13,noisy_half_text[punctuation] + half_diagram,OK,E,is_a,point
78,13,noisy_half_text[punctuation] + half_diagram,OK,AB,is_a,line
78,13,noisy_half_text[punctuation] + half_diagram,OK,CD,is_a,line
78,13,noisy_half_text[punctuation] + half_diagram,OK,AE,is_a,line
78,13,noisy_half_text[punctuation] + half_diagram,OK,AB,parallel_to,CD
78,13,noisy_half_text[punctuation] + half_diagram,OK,AE,intersects,CD
78,13,noisy_half_text[punctuation] + half_diagram,OK,E,lies_on,CD
78,13,noisy_half_text[punctuation] + half_diagram,OK,∠CAB,has_measure,?
78,13,noisy_half_text[punctuation] + half_diagram,OK,AE,connects,A
78,13,noisy_half_text[punctuation] + half_diagram,OK,AE,connects,E
78,13,noisy_half_text[punctuation] + half_diagram,OK,∠AED,has_measure,?
,,,,,,
79,13,noisy_half_text[punctuation] + half_diagram,OK,A,is_a,point
79,13,noisy_half_text[punctuation] + half_diagram,OK,B,is_a,point
79,13,noisy_half_text[punctuation] + half_diagram,OK,C,is_a,point
79,13,noisy_half_text[punctuation] + half_diagram,OK,D,is_a,point
79,13,noisy_half_text[punctuation] + half_diagram,OK,O,is_a,point
79,13,noisy_half_text[punctuation] + half_diagram,OK,AC,is_a,segment
79,13,noisy_half_text[punctuation] + half_diagram,OK,BD,is_a,segment
79,13,noisy_half_text[punctuation] + half_diagram,OK,AB,is_a,segment
79,13,noisy_half_text[punctuation] + half_diagram,OK,BC,is_a,segment
79,13,noisy_half_text[punctuation] + half_diagram,OK,CD,is_a,segment
79,13,noisy_half_text[punctuation] + half_diagram,OK,DA,is_a,segment
79,13,noisy_half_text[punctuation] + half_diagram,OK,ABCD,is_a,parallelogram
79,13,noisy_half_text[punctuation] + half_diagram,OK,AC,intersects,BD
79,13,noisy_half_text[punctuation] + half_diagram,OK,AC,intersects,"BD, at, O"
79,13,noisy_half_text[punctuation] + half_diagram,OK,O,lies_on,AC
79,13,noisy_half_text[punctuation] + half_diagram,OK,O,lies_on,BD
79,13,noisy_half_text[punctuation] + half_diagram,OK,AB + BC + CD + DA,has_measure,32
79,13,noisy_half_text[punctuation] + half_diagram,OK,AE,is_a,segment
79,13,noisy_half_text[punctuation] + half_diagram,OK,E,lies_on,AD
79,13,noisy_half_text[punctuation] + half_diagram,OK,OE,is_a,segment
79,13,noisy_half_text[punctuation] + half_diagram,OK,OE,perpendicular_to,AC
79,13,noisy_half_text[punctuation] + half_diagram,OK,E,is_a,point
,,,,,,
81,13,noisy_half_text[punctuation] + half_diagram,OK,A,is_a,point
81,13,noisy_half_text[punctuation] + half_diagram,OK,B,is_a,point
81,13,noisy_half_text[punctuation] + half_diagram,OK,C,is_a,point
81,13,noisy_half_text[punctuation] + half_diagram,OK,D,is_a,point
81,13,noisy_half_text[punctuation] + half_diagram,OK,E,is_a,point
81,13,noisy_half_text[punctuation] + half_diagram,OK,AB,is_a,segment
81,13,noisy_half_text[punctuation] + half_diagram,OK,AC,is_a,segment
81,13,noisy_half_text[punctuation] + half_diagram,OK,BC,is_a,segment
81,13,noisy_half_text[punctuation] + half_diagram,OK,AD,is_a,segment
81,13,noisy_half_text[punctuation] + half_diagram,OK,AE,is_a,segment
81,13,noisy_half_text[punctuation] + half_diagram,OK,∠BAC,is_a,angle
81,13,noisy_half_text[punctuation] + half_diagram,OK,∠DAE,is_a,angle
81,13,noisy_half_text[punctuation] + half_diagram,OK,AD,perpendicular_to,BC
81,13,noisy_half_text[punctuation] + half_diagram,OK,AE,lies_on,?
81,13,noisy_half_text[punctuation] + half_diagram,OK,∠BAD,has_measure,50_deg
81,13,noisy_half_text[punctuation] + half_diagram,OK,∠BAC,has_measure,90_deg
,,,,,,
84,13,noisy_half_text[punctuation] + half_diagram,OK,A,is_a,point
84,13,noisy_half_text[punctuation] + half_diagram,OK,B,is_a,point
84,13,noisy_half_text[punctuation] + half_diagram,OK,C,is_a,point
84,13,noisy_half_text[punctuation] + half_diagram,OK,O,is_a,point
84,13,noisy_half_text[punctuation] + half_diagram,OK,AB,is_a,segment
84,13,noisy_half_text[punctuation] + half_diagram,OK,BC,is_a,segment
84,13,noisy_half_text[punctuation] + half_diagram,OK,AC,is_a,segment
84,13,noisy_half_text[punctuation] + half_diagram,OK,∠BAC,is_a,angle
84,13,noisy_half_text[punctuation] + half_diagram,OK,O,center_of,?
84,13,noisy_half_text[punctuation] + half_diagram,OK,A,lies_on,circle
84,13,noisy_half_text[punctuation] + half_diagram,OK,B,lies_on,circle
84,13,noisy_half_text[punctuation] + half_diagram,OK,C,lies_on,circle
84,13,noisy_half_text[punctuation] + half_diagram,OK,∠BAC,has_measure,60_deg
84,13,noisy_half_text[punctuation] + half_diagram,OK,AO,has_measure,1
84,13,noisy_half_text[punctuation] + half_diagram,OK,AO,radius_of,circle
84,13,noisy_half_text[punctuation] + half_diagram,OK,A,B,"connects, AB"
84,13,noisy_half_text[punctuation] + half_diagram,OK,B,C,"connects, BC"
84,13,noisy_half_text[punctuation] + half_diagram,OK,C,A,"connects, AC"
,,,,,,
86,13,noisy_half_text[punctuation] + half_diagram,OK,O,is_a,point
86,13,noisy_half_text[punctuation] + half_diagram,OK,A,is_a,point
86,13,noisy_half_text[punctuation] + half_diagram,OK,B,is_a,point
86,13,noisy_half_text[punctuation] + half_diagram,OK,C,is_a,point
86,13,noisy_half_text[punctuation] + half_diagram,OK,AB,is_a,segment
86,13,noisy_half_text[punctuation] + half_diagram,OK,BC,is_a,segment
86,13,noisy_half_text[punctuation] + half_diagram,OK,AC,is_a,segment
86,13,noisy_half_text[punctuation] + half_diagram,OK,∠BAC,is_a,angle
86,13,noisy_half_text[punctuation] + half_diagram,OK,∠BAC,has_measure,60_deg
86,13,noisy_half_text[punctuation] + half_diagram,OK,O,center_of,circle
86,13,noisy_half_text[punctuation] + half_diagram,OK,circle,is_a,geometric_figure
86,13,noisy_half_text[punctuation] + half_diagram,OK,A,lies_on,circle
86,13,noisy_half_text[punctuation] + half_diagram,OK,B,lies_on,circle
86,13,noisy_half_text[punctuation] + half_diagram,OK,C,lies_on,circle
86,13,noisy_half_text[punctuation] + half_diagram,OK,O,is_center_of,circumscribed_circle
86,13,noisy_half_text[punctuation] + half_diagram,OK,circumscribed_circle,is_a,circle
86,13,noisy_half_text[punctuation] + half_diagram,OK,triangle_ABC,is_a,triangle
86,13,noisy_half_text[punctuation] + half_diagram,OK,AO,is_a,radius
86,13,noisy_half_text[punctuation] + half_diagram,OK,BO,is_a,radius
86,13,noisy_half_text[punctuation] + half_diagram,OK,CO,is_a,radius
86,13,noisy_half_text[punctuation] + half_diagram,OK,∠BOC,is_a,angle
86,13,noisy_half_text[punctuation] + half_diagram,OK,2,is_a,length
86,13,noisy_half_text[punctuation] + half_diagram,OK,2,has_measure,?
86,13,noisy_half_text[punctuation] + half_diagram,OK,?,relates to,radius
86,13,noisy_half_text[punctuation] + half_diagram,OK,radius,has_measure,2_units
86,13,noisy_half_text[punctuation] + half_diagram,OK,BC,is_a,query_target
86,13,noisy_half_text[punctuation] + half_diagram,OK,AO,is_a,segment
86,13,noisy_half_text[punctuation] + half_diagram,OK,BO,is_a,segment
86,13,noisy_half_text[punctuation] + half_diagram,OK,CO,is_a,segment
86,13,noisy_half_text[punctuation] + half_diagram,OK,2,has_measure,radius_of
86,13,noisy_half_text[punctuation] + half_diagram,OK,radius_of,relates_to,O
,,,,,,
88,13,noisy_half_text[punctuation] + half_diagram,OK,A,is_a,point
88,13,noisy_half_text[punctuation] + half_diagram,OK,B,is_a,point
88,13,noisy_half_text[punctuation] + half_diagram,OK,C,is_a,point
88,13,noisy_half_text[punctuation] + half_diagram,OK,O,is_a,point
88,13,noisy_half_text[punctuation] + half_diagram,OK,AB,is_a,segment
88,13,noisy_half_text[punctuation] + half_diagram,OK,BC,is_a,segment
88,13,noisy_half_text[punctuation] + half_diagram,OK,AC,is_a,segment
88,13,noisy_half_text[punctuation] + half_diagram,OK,AO,is_a,segment
88,13,noisy_half_text[punctuation] + half_diagram,OK,BO,is_a,segment
88,13,noisy_half_text[punctuation] + half_diagram,OK,CO,is_a,segment
88,13,noisy_half_text[punctuation] + half_diagram,OK,∠ABO,is_a,angle
88,13,noisy_half_text[punctuation] + half_diagram,OK,∠BOC,is_a,angle
88,13,noisy_half_text[punctuation] + half_diagram,OK,∠ABO,has_measure,22_deg
88,13,noisy_half_text[punctuation] + half_diagram,OK,∠ACO,has_measure,42_deg
,,,,,,
95,13,noisy_half_text[punctuation] + half_diagram,OK,A,is_a,point
95,13,noisy_half_text[punctuation] + half_diagram,OK,O,is_a,point
95,13,noisy_half_text[punctuation] + half_diagram,OK,B,is_a,point
95,13,noisy_half_text[punctuation] + half_diagram,OK,C,is_a,point
95,13,noisy_half_text[punctuation] + half_diagram,OK,D,is_a,point
95,13,noisy_half_text[punctuation] + half_diagram,OK,AB,is_a,segment
95,13,noisy_half_text[punctuation] + half_diagram,OK,AC,is_a,segment
95,13,noisy_half_text[punctuation] + half_diagram,OK,BC,is_a,segment
95,13,noisy_half_text[punctuation] + half_diagram,OK,OA,is_a,segment
95,13,noisy_half_text[punctuation] + half_diagram,OK,OC,is_a,segment
95,13,noisy_half_text[punctuation] + half_diagram,OK,∠ADC,is_a,angle
95,13,noisy_half_text[punctuation] + half_diagram,OK,∠ADC,has_measure,90_deg
95,13,noisy_half_text[punctuation] + half_diagram,OK,∠OAB,is_a,angle
95,13,noisy_half_text[punctuation] + half_diagram,OK,∠OAB,has_measure,60_deg
95,13,noisy_half_text[punctuation] + half_diagram,OK,O,center_of,circle
95,13,noisy_half_text[punctuation] + half_diagram,OK,BC,lies_on,circle
95,13,noisy_half_text[punctuation] + half_diagram,OK,∠BAC,is_a,angle
95,13,noisy_half_text[punctuation] + half_diagram,OK,OA,radius_of,circle
,,,,,,
99,13,noisy_half_text[punctuation] + half_diagram,OK,A,is_a,point
99,13,noisy_half_text[punctuation] + half_diagram,OK,B,is_a,point
99,13,noisy_half_text[punctuation] + half_diagram,OK,C,is_a,point
99,13,noisy_half_text[punctuation] + half_diagram,OK,D,is_a,point
99,13,noisy_half_text[punctuation] + half_diagram,OK,O,is_a,point
99,13,noisy_half_text[punctuation] + half_diagram,OK,AB,is_a,segment
99,13,noisy_half_text[punctuation] + half_diagram,OK,CD,is_a,segment
99,13,noisy_half_text[punctuation] + half_diagram,OK,AB,lies_on,circle
99,13,noisy_half_text[punctuation] + half_diagram,OK,AB,connects,"A, B"
99,13,noisy_half_text[punctuation] + half_diagram,OK,CD,connects,"C, D"
99,13,noisy_half_text[punctuation] + half_diagram,OK,∠ADB,has_measure,90_deg
99,13,noisy_half_text[punctuation] + half_diagram,OK,AB,is_a,"diameter_of, circle"
99,13,noisy_half_text[punctuation] + half_diagram,OK,∠CBD,has_measure,26_deg
99,13,noisy_half_text[punctuation] + half_diagram,OK,O,center_of,circle
99,13,noisy_half_text[punctuation] + half_diagram,OK,AB,diameter_of,circle
,,,,,,
108,13,noisy_half_text[punctuation] + half_diagram,OK,CD,has_measure,8.0_units
108,13,noisy_half_text[punctuation] + half_diagram,OK,O,is_a,point
108,13,noisy_half_text[punctuation] + half_diagram,OK,O,center_of,circle
108,13,noisy_half_text[punctuation] + half_diagram,OK,CD,is_a,segment
108,13,noisy_half_text[punctuation] + half_diagram,OK,AB,is_a,segment
108,13,noisy_half_text[punctuation] + half_diagram,OK,C,lies_on,circle
108,13,noisy_half_text[punctuation] + half_diagram,OK,D,lies_on,CD
108,13,noisy_half_text[punctuation] + half_diagram,OK,CD,perpendicular_to,AB
108,13,noisy_half_text[punctuation] + half_diagram,OK,OD,has_measure,5_units
,,,,,,
109,13,noisy_half_text[punctuation] + half_diagram,OK,A,is_a,point
109,13,noisy_half_text[punctuation] + half_diagram,OK,B,is_a,point
109,13,noisy_half_text[punctuation] + half_diagram,OK,C,is_a,point
109,13,noisy_half_text[punctuation] + half_diagram,OK,D,is_a,point
109,13,noisy_half_text[punctuation] + half_diagram,OK,E,is_a,point
109,13,noisy_half_text[punctuation] + half_diagram,OK,AB,is_a,segment
109,13,noisy_half_text[punctuation] + half_diagram,OK,BC,is_a,segment
109,13,noisy_half_text[punctuation] + half_diagram,OK,DE,is_a,segment
109,13,noisy_half_text[punctuation] + half_diagram,OK,∠ADB,is_a,angle
109,13,noisy_half_text[punctuation] + half_diagram,OK,∠BEC,is_a,angle
109,13,noisy_half_text[punctuation] + half_diagram,OK,D,lies_on,AB
109,13,noisy_half_text[punctuation] + half_diagram,OK,E,lies_on,BC
109,13,noisy_half_text[punctuation] + half_diagram,OK,∠ADB,has_measure,130_deg
109,13,noisy_half_text[punctuation] + half_diagram,OK,∠BEC,has_measure,?
,,,,,,
112,13,noisy_half_text[punctuation] + half_diagram,OK,A,is_a,point
112,13,noisy_half_text[punctuation] + half_diagram,OK,O,is_a,point
112,13,noisy_half_text[punctuation] + half_diagram,OK,B,is_a,point
112,13,noisy_half_text[punctuation] + half_diagram,OK,AB,is_a,segment
112,13,noisy_half_text[punctuation] + half_diagram,OK,AO,is_a,segment
112,13,noisy_half_text[punctuation] + half_diagram,OK,OB,is_a,segment
112,13,noisy_half_text[punctuation] + half_diagram,OK,∠AOB,is_a,angle
112,13,noisy_half_text[punctuation] + half_diagram,OK,AB,has_measure,2.5_units
112,13,noisy_half_text[punctuation] + half_diagram,OK,OB,has_measure,0.7_units
112,13,noisy_half_text[punctuation] + half_diagram,OK,AO,is_a,"height_of, cone"
112,13,noisy_half_text[punctuation] + half_diagram,OK,AB,is_a,"slant_height_of, cone"
,,,,,,
114,13,noisy_half_text[punctuation] + half_diagram,OK,O,is_a,point
114,13,noisy_half_text[punctuation] + half_diagram,OK,A,is_a,point
114,13,noisy_half_text[punctuation] + half_diagram,OK,B,is_a,point
114,13,noisy_half_text[punctuation] + half_diagram,OK,OA,is_a,segment
114,13,noisy_half_text[punctuation] + half_diagram,OK,OB,is_a,segment
114,13,noisy_half_text[punctuation] + half_diagram,OK,∠AOB,is_a,angle
114,13,noisy_half_text[punctuation] + half_diagram,OK,∠AOB,has_measure,90_deg
114,13,noisy_half_text[punctuation] + half_diagram,OK,OA,has_measure,1.0_units
114,13,noisy_half_text[punctuation] + half_diagram,OK,OB,has_measure,1.0_units
114,13,noisy_half_text[punctuation] + half_diagram,OK,Area,is_a,query_target
,,,,,,
115,13,noisy_half_text[punctuation] + half_diagram,OK,A,is_a,point
115,13,noisy_half_text[punctuation] + half_diagram,OK,6,has_measure,length
115,13,noisy_half_text[punctuation] + half_diagram,OK,120.0,has_measure,central_angle
115,13,noisy_half_text[punctuation] + half_diagram,OK,sector paper sheet,is_a,object
115,13,noisy_half_text[punctuation] + half_diagram,OK,conical bottomless paper cap,is_a,object
115,13,noisy_half_text[punctuation] + half_diagram,OK,bottom perimeter,is_a,query_target
115,13,noisy_half_text[punctuation] + half_diagram,OK,sector paper sheet,has_measure,central_angle
115,13,noisy_half_text[punctuation] + half_diagram,OK,sector paper sheet,is_rolled_into,conical bottomless paper cap
115,13,noisy_half_text[punctuation] + half_diagram,OK,conical bottomless paper cap,has_part,bottom_perimeter
,,,,,,
117,13,noisy_half_text[punctuation] + half_diagram,OK,sector,has_measure,120_deg
117,13,noisy_half_text[punctuation] + half_diagram,OK,cone,has_radius,3_units
117,13,noisy_half_text[punctuation] + half_diagram,OK,cone,has_height,?
117,13,noisy_half_text[punctuation] + half_diagram,OK,sector,is_a,sector
117,13,noisy_half_text[punctuation] + half_diagram,OK,cone,is_a,cone
117,13,noisy_half_text[punctuation] + half_diagram,OK,central_angle,has_measure,120_deg
117,13,noisy_half_text[punctuation] + half_diagram,OK,sector,rolled_into,cone
117,13,noisy_half_text[punctuation] + half_diagram,OK,cone,is_a,bottomless_paper_cap
117,13,noisy_half_text[punctuation] + half_diagram,OK,sector,has_central_angle,120_deg
,,,,,,
119,13,noisy_half_text[punctuation] + half_diagram,OK,O,is_a,point
119,13,noisy_half_text[punctuation] + half_diagram,OK,10.0_cm,is_a,radius
119,13,noisy_half_text[punctuation] + half_diagram,OK,r,is_a,radius_of
119,13,noisy_half_text[punctuation] + half_diagram,OK,r = 10.0_cm,has_measure,?
119,13,noisy_half_text[punctuation] + half_diagram,OK,sector_cardboard,is_a,sector
119,13,noisy_half_text[punctuation] + half_diagram,OK,conical_hat,is_a,cone
119,13,noisy_half_text[punctuation] + half_diagram,OK,24,is_a,?
119,13,noisy_half_text[punctuation] + half_diagram,OK,Area = ?,is_a,query_target
119,13,noisy_half_text[punctuation] + half_diagram,OK,sector_cardboard,mapped_to,conical_hat
,,,,,,
120,13,noisy_half_text[punctuation] + half_diagram,OK,cone,has_measure,5.0
120,13,noisy_half_text[punctuation] + half_diagram,OK,generatrix,has_measure,5.0
120,13,noisy_half_text[punctuation] + half_diagram,OK,height,has_measure,4
120,13,noisy_half_text[punctuation] + half_diagram,OK,AB,is_a,segment
120,13,noisy_half_text[punctuation] + half_diagram,OK,AB,has_measure,5.0_units
120,13,noisy_half_text[punctuation] + half_diagram,OK,h,is_a,height
120,13,noisy_half_text[punctuation] + half_diagram,OK,h,has_measure,4_units
120,13,noisy_half_text[punctuation] + half_diagram,OK,cone,is_a,cone
120,13,noisy_half_text[punctuation] + half_diagram,OK,AB,is_a,generatrix
120,13,noisy_half_text[punctuation] + half_diagram,OK,query,is_a,bottom_area
120,13,noisy_half_text[punctuation] + half_diagram,OK,h,is_part_of,cone
120,13,noisy_half_text[punctuation] + half_diagram,OK,AB,is_part_of,cone
120,13,noisy_half_text[punctuation] + half_diagram,OK,r,is_a,radius
120,13,noisy_half_text[punctuation] + half_diagram,OK,query,is_a,area
120,13,noisy_half_text[punctuation] + half_diagram,OK,area,is_a,bottom_area
120,13,noisy_half_text[punctuation] + half_diagram,OK,cone,has_part,area
120,13,noisy_half_text[punctuation] + half_diagram,OK,- Let's denote the generatrix as AB = 5.0,height as h = 4,and the radius of the base as r.
,,,,,,
123,13,noisy_half_text[punctuation] + half_diagram,OK,A,is_a,point
123,13,noisy_half_text[punctuation] + half_diagram,OK,B,is_a,point
123,13,noisy_half_text[punctuation] + half_diagram,OK,C,is_a,point
123,13,noisy_half_text[punctuation] + half_diagram,OK,AC,is_a,segment
123,13,noisy_half_text[punctuation] + half_diagram,OK,BC,is_a,segment
123,13,noisy_half_text[punctuation] + half_diagram,OK,AB,is_a,segment
123,13,noisy_half_text[punctuation] + half_diagram,OK,∠ACB,is_a,angle
123,13,noisy_half_text[punctuation] + half_diagram,OK,ACB,has_measure,90_deg
123,13,noisy_half_text[punctuation] + half_diagram,OK,AC,has_measure,4.0_units
123,13,noisy_half_text[punctuation] + half_diagram,OK,BC,has_measure,3_units
123,13,noisy_half_text[punctuation] + half_diagram,OK,ABC,is_a,triangle
,,,,,,
128,13,noisy_half_text[punctuation] + half_diagram,OK,O,is_a,point
128,13,noisy_half_text[punctuation] + half_diagram,OK,A,is_a,point
128,13,noisy_half_text[punctuation] + half_diagram,OK,B,is_a,point
128,13,noisy_half_text[punctuation] + half_diagram,OK,OA,is_a,segment
128,13,noisy_half_text[punctuation] + half_diagram,OK,OB,is_a,segment
128,13,noisy_half_text[punctuation] + half_diagram,OK,AB,is_a,segment
128,13,noisy_half_text[punctuation] + half_diagram,OK,∠AOB,is_a,angle
128,13,noisy_half_text[punctuation] + half_diagram,OK,∠AOB,has_measure,120_deg
128,13,noisy_half_text[punctuation] + half_diagram,OK,OB,has_measure,6_units
,,,,,,
132,13,noisy_half_text[punctuation] + half_diagram,OK,A,is_a,point
132,13,noisy_half_text[punctuation] + half_diagram,OK,B,is_a,point
132,13,noisy_half_text[punctuation] + half_diagram,OK,C,is_a,point
132,13,noisy_half_text[punctuation] + half_diagram,OK,D,is_a,point
132,13,noisy_half_text[punctuation] + half_diagram,OK,E,is_a,point
132,13,noisy_half_text[punctuation] + half_diagram,OK,F,is_a,point
132,13,noisy_half_text[punctuation] + half_diagram,OK,G,is_a,point
132,13,noisy_half_text[punctuation] + half_diagram,OK,AB,is_a,segment
132,13,noisy_half_text[punctuation] + half_diagram,OK,BC,is_a,segment
132,13,noisy_half_text[punctuation] + half_diagram,OK,CD,is_a,segment
132,13,noisy_half_text[punctuation] + half_diagram,OK,DE,is_a,segment
132,13,noisy_half_text[punctuation] + half_diagram,OK,EF,is_a,segment
132,13,noisy_half_text[punctuation] + half_diagram,OK,GE,is_a,segment
132,13,noisy_half_text[punctuation] + half_diagram,OK,A,B,"C, are_collinear_with"
132,13,noisy_half_text[punctuation] + half_diagram,OK,BC,has_measure,0.6_units
132,13,noisy_half_text[punctuation] + half_diagram,OK,DE,has_measure,0.6_units
132,13,noisy_half_text[punctuation] + half_diagram,OK,GE,has_measure,2_units
132,13,noisy_half_text[punctuation] + half_diagram,OK,EF,has_measure,1.6_units
132,13,noisy_half_text[punctuation] + half_diagram,OK,AG,intersects,?
,,,,,,
133,13,noisy_half_text[punctuation] + half_diagram,OK,P,is_a,point
133,13,noisy_half_text[punctuation] + half_diagram,OK,Q,is_a,point
133,13,noisy_half_text[punctuation] + half_diagram,OK,R,is_a,point
133,13,noisy_half_text[punctuation] + half_diagram,OK,S,is_a,point
133,13,noisy_half_text[punctuation] + half_diagram,OK,T,is_a,point
133,13,noisy_half_text[punctuation] + half_diagram,OK,PQ,is_a,segment
133,13,noisy_half_text[punctuation] + half_diagram,OK,QS,is_a,segment
133,13,noisy_half_text[punctuation] + half_diagram,OK,QR,is_a,segment
133,13,noisy_half_text[punctuation] + half_diagram,OK,PS,is_a,segment
133,13,noisy_half_text[punctuation] + half_diagram,OK,PQ,perpendicular_to,QS
133,13,noisy_half_text[punctuation] + half_diagram,OK,PS,perpendicular_to,QS
133,13,noisy_half_text[punctuation] + half_diagram,OK,QS,has_measure,60.0_m
133,13,noisy_half_text[punctuation] + half_diagram,OK,QR,has_measure,80.0_m
133,13,noisy_half_text[punctuation] + half_diagram,OK,ST,has_measure,120_m
,,,,,,
149,13,noisy_half_text[punctuation] + half_diagram,OK,AC,has_measure,3.0
149,13,noisy_half_text[punctuation] + half_diagram,OK,CD,has_measure,10.0
149,13,noisy_half_text[punctuation] + half_diagram,OK,AC,is_a,segment
149,13,noisy_half_text[punctuation] + half_diagram,OK,CD,is_a,segment
149,13,noisy_half_text[punctuation] + half_diagram,OK,A,is_a,point
149,13,noisy_half_text[punctuation] + half_diagram,OK,C,is_a,point
149,13,noisy_half_text[punctuation] + half_diagram,OK,D,is_a,point
149,13,noisy_half_text[punctuation] + half_diagram,OK,AC,perpendicular_to,CD
149,13,noisy_half_text[punctuation] + half_diagram,OK,BD,is_a,segment
149,13,noisy_half_text[punctuation] + half_diagram,OK,BD,perpendicular_to,CD
149,13,noisy_half_text[punctuation] + half_diagram,OK,CD,is_a,plane_mirror
,,,,,,
150,13,noisy_half_text[punctuation] + half_diagram,OK,A,is_a,point
150,13,noisy_half_text[punctuation] + half_diagram,OK,B,is_a,point
150,13,noisy_half_text[punctuation] + half_diagram,OK,C,is_a,point
150,13,noisy_half_text[punctuation] + half_diagram,OK,D,is_a,point
150,13,noisy_half_text[punctuation] + half_diagram,OK,E,is_a,point
150,13,noisy_half_text[punctuation] + half_diagram,OK,AB,is_a,segment
150,13,noisy_half_text[punctuation] + half_diagram,OK,BD,is_a,segment
150,13,noisy_half_text[punctuation] + half_diagram,OK,CE,is_a,segment
150,13,noisy_half_text[punctuation] + half_diagram,OK,A,B,"C, is_collinear_with"
150,13,noisy_half_text[punctuation] + half_diagram,OK,A,lies_on,line_AC
150,13,noisy_half_text[punctuation] + half_diagram,OK,B,lies_on,line_AC
150,13,noisy_half_text[punctuation] + half_diagram,OK,C,lies_on,line_AC
150,13,noisy_half_text[punctuation] + half_diagram,OK,BD,is_perpendicular_to,AC
150,13,noisy_half_text[punctuation] + half_diagram,OK,CE,is_perpendicular_to,AC
150,13,noisy_half_text[punctuation] + half_diagram,OK,AB,has_measure,2.0
150,13,noisy_half_text[punctuation] + half_diagram,OK,BD,has_measure,7/3
150,13,noisy_half_text[punctuation] + half_diagram,OK,CE,has_measure,9
150,13,noisy_half_text[punctuation] + half_diagram,OK,A,B,"C, collinear_with"
150,13,noisy_half_text[punctuation] + half_diagram,OK,BD,perpendicular_to,AC
150,13,noisy_half_text[punctuation] + half_diagram,OK,CE,perpendicular_to,AC
150,13,noisy_half_text[punctuation] + half_diagram,OK,BD,connects,B
150,13,noisy_half_text[punctuation] + half_diagram,OK,BD,connects,D
150,13,noisy_half_text[punctuation] + half_diagram,OK,AB,connects,A
150,13,noisy_half_text[punctuation] + half_diagram,OK,AB,connects,B
,,,,,,
151,13,noisy_half_text[punctuation] + half_diagram,OK,student,has_height,1.7_units
151,13,noisy_half_text[punctuation] + half_diagram,OK,student,stands_at_distance,5_units
151,13,noisy_half_text[punctuation] + half_diagram,OK,tree,has_reflection_distance,5_units
151,13,noisy_half_text[punctuation] + half_diagram,OK,distance_from_student_to_tree,has_measure,20_units
151,13,noisy_half_text[punctuation] + half_diagram,OK,tree,has_height,?
,,,,,,
152,13,noisy_half_text[punctuation] + half_diagram,OK,A,is_a,point
152,13,noisy_half_text[punctuation] + half_diagram,OK,B,is_a,point
152,13,noisy_half_text[punctuation] + half_diagram,OK,C,is_a,point
152,13,noisy_half_text[punctuation] + half_diagram,OK,D,is_a,point
152,13,noisy_half_text[punctuation] + half_diagram,OK,E,is_a,point
152,13,noisy_half_text[punctuation] + half_diagram,OK,AB,is_a,segment
152,13,noisy_half_text[punctuation] + half_diagram,OK,BC,is_a,segment
152,13,noisy_half_text[punctuation] + half_diagram,OK,CD,is_a,segment
152,13,noisy_half_text[punctuation] + half_diagram,OK,DE,is_a,segment
152,13,noisy_half_text[punctuation] + half_diagram,OK,∠BCA,is_a,angle
152,13,noisy_half_text[punctuation] + half_diagram,OK,B,lies_on,BC
152,13,noisy_half_text[punctuation] + half_diagram,OK,C,lies_on,BC
152,13,noisy_half_text[punctuation] + half_diagram,OK,D,lies_on,AB
152,13,noisy_half_text[punctuation] + half_diagram,OK,BC,has_measure,1.6_units
152,13,noisy_half_text[punctuation] + half_diagram,OK,CD,has_measure,1.4_units
152,13,noisy_half_text[punctuation] + half_diagram,OK,DE,has_measure,0.5_units
152,13,noisy_half_text[punctuation] + half_diagram,OK,AB,intersects,?
,,,,,,
153,13,noisy_half_text[punctuation] + half_diagram,OK,A,is_a,point
153,13,noisy_half_text[punctuation] + half_diagram,OK,B,is_a,point
153,13,noisy_half_text[punctuation] + half_diagram,OK,C,is_a,point
153,13,noisy_half_text[punctuation] + half_diagram,OK,D,is_a,point
153,13,noisy_half_text[punctuation] + half_diagram,OK,E,is_a,point
153,13,noisy_half_text[punctuation] + half_diagram,OK,AB,is_a,segment
153,13,noisy_half_text[punctuation] + half_diagram,OK,BC,is_a,segment
153,13,noisy_half_text[punctuation] + half_diagram,OK,CE,is_a,segment
153,13,noisy_half_text[punctuation] + half_diagram,OK,DE,is_a,segment
153,13,noisy_half_text[punctuation] + half_diagram,OK,∠ABC,is_a,angle
153,13,noisy_half_text[punctuation] + half_diagram,OK,BC,has_measure,1.2_units
153,13,noisy_half_text[punctuation] + half_diagram,OK,CE,has_measure,1.2_units
153,13,noisy_half_text[punctuation] + half_diagram,OK,DE,has_measure,1.8_units
,,,,,,
157,13,noisy_half_text[punctuation] + half_diagram,OK,A,is_a,point
157,13,noisy_half_text[punctuation] + half_diagram,OK,B,is_a,point
157,13,noisy_half_text[punctuation] + half_diagram,OK,C,is_a,point
157,13,noisy_half_text[punctuation] + half_diagram,OK,AC,is_a,segment
157,13,noisy_half_text[punctuation] + half_diagram,OK,BC,is_a,segment
157,13,noisy_half_text[punctuation] + half_diagram,OK,AB,is_a,segment
157,13,noisy_half_text[punctuation] + half_diagram,OK,∠ACB,is_a,angle
157,13,noisy_half_text[punctuation] + half_diagram,OK,∠ACB,has_measure,90_deg
157,13,noisy_half_text[punctuation] + half_diagram,OK,AC,has_measure,4.0
157,13,noisy_half_text[punctuation] + half_diagram,OK,BC,has_measure,3.0
157,13,noisy_half_text[punctuation] + half_diagram,OK,cos B,is_a,?
,,,,,,
165,13,noisy_half_text[punctuation] + half_diagram,OK,A,is_a,point
165,13,noisy_half_text[punctuation] + half_diagram,OK,B,is_a,point
165,13,noisy_half_text[punctuation] + half_diagram,OK,C,is_a,point
165,13,noisy_half_text[punctuation] + half_diagram,OK,AB,is_a,segment
165,13,noisy_half_text[punctuation] + half_diagram,OK,BC,is_a,segment
165,13,noisy_half_text[punctuation] + half_diagram,OK,AC,is_a,segment
165,13,noisy_half_text[punctuation] + half_diagram,OK,∠ACB,is_a,angle
165,13,noisy_half_text[punctuation] + half_diagram,OK,∠ABC,is_a,angle
165,13,noisy_half_text[punctuation] + half_diagram,OK,∠BAC,is_a,angle
165,13,noisy_half_text[punctuation] + half_diagram,OK,AC,has_measure,1
165,13,noisy_half_text[punctuation] + half_diagram,OK,AB,has_measure,2.0
165,13,noisy_half_text[punctuation] + half_diagram,OK,∠ACB,has_measure,90_deg
,,,,,,
198,13,noisy_half_text[punctuation] + half_diagram,OK,Triangle,is_a,isosceles_triangle
198,13,noisy_half_text[punctuation] + half_diagram,OK,Side1,is_a,segment
198,13,noisy_half_text[punctuation] + half_diagram,OK,Side2,is_a,segment
198,13,noisy_half_text[punctuation] + half_diagram,OK,Base,is_a,segment
198,13,noisy_half_text[punctuation] + half_diagram,OK,Side1,has_measure,13_units
198,13,noisy_half_text[punctuation] + half_diagram,OK,Side2,has_measure,13_units
198,13,noisy_half_text[punctuation] + half_diagram,OK,Base,has_measure,10_units
198,13,noisy_half_text[punctuation] + half_diagram,OK,Triangle,has_query_target,Area
,,,,,,
207,13,noisy_half_text[punctuation] + half_diagram,OK,A,is_a,point
207,13,noisy_half_text[punctuation] + half_diagram,OK,O,is_a,point
207,13,noisy_half_text[punctuation] + half_diagram,OK,B,is_a,point
207,13,noisy_half_text[punctuation] + half_diagram,OK,AB,is_a,segment
207,13,noisy_half_text[punctuation] + half_diagram,OK,AO,is_a,segment
207,13,noisy_half_text[punctuation] + half_diagram,OK,∠AOB,is_a,angle
207,13,noisy_half_text[punctuation] + half_diagram,OK,O,center_of,large_circle
207,13,noisy_half_text[punctuation] + half_diagram,OK,large_circle,has_measure,?
207,13,noisy_half_text[punctuation] + half_diagram,OK,small_circle,has_measure,?
207,13,noisy_half_text[punctuation] + half_diagram,OK,diameter_of_small_circle,has_measure,?
207,13,noisy_half_text[punctuation] + half_diagram,OK,radius_of_large_circle,has_measure,?
207,13,noisy_half_text[punctuation] + half_diagram,OK,20,has_measure,units
,,,,,,
210,13,noisy_half_text[punctuation] + half_diagram,OK,A,is_a,point
210,13,noisy_half_text[punctuation] + half_diagram,OK,B,is_a,point
210,13,noisy_half_text[punctuation] + half_diagram,OK,C,is_a,point
210,13,noisy_half_text[punctuation] + half_diagram,OK,D,is_a,point
210,13,noisy_half_text[punctuation] + half_diagram,OK,E,is_a,point
210,13,noisy_half_text[punctuation] + half_diagram,OK,AB,is_a,segment
210,13,noisy_half_text[punctuation] + half_diagram,OK,AC,is_a,segment
210,13,noisy_half_text[punctuation] + half_diagram,OK,AE,is_a,segment
210,13,noisy_half_text[punctuation] + half_diagram,OK,BE,is_a,segment
210,13,noisy_half_text[punctuation] + half_diagram,OK,CD,is_a,segment
210,13,noisy_half_text[punctuation] + half_diagram,OK,BE,parallel_to,CD
210,13,noisy_half_text[punctuation] + half_diagram,OK,AB,has_measure,12_units
210,13,noisy_half_text[punctuation] + half_diagram,OK,AC,has_measure,16_units
210,13,noisy_half_text[punctuation] + half_diagram,OK,DE,has_measure,5_units
210,13,noisy_half_text[punctuation] + half_diagram,OK,Triangles ABE and ACD,are,similar
210,13,noisy_half_text[punctuation] + half_diagram,OK,ABE,is_a,triangle
210,13,noisy_half_text[punctuation] + half_diagram,OK,ACD,is_a,triangle
210,13,noisy_half_text[punctuation] + half_diagram,OK,ABE,similar_to,ACD
210,13,noisy_half_text[punctuation] + half_diagram,OK,CD,has_measure,?
210,13,noisy_half_text[punctuation] + half_diagram,OK,AE,has_measure,?
,,,,,,
211,13,noisy_half_text[punctuation] + half_diagram,OK,M,is_a,point
211,13,noisy_half_text[punctuation] + half_diagram,OK,R,is_a,point
211,13,noisy_half_text[punctuation] + half_diagram,OK,N,is_a,point
211,13,noisy_half_text[punctuation] + half_diagram,OK,P,is_a,point
211,13,noisy_half_text[punctuation] + half_diagram,OK,Q,is_a,point
211,13,noisy_half_text[punctuation] + half_diagram,OK,MNPR,is_a,parallelogram
211,13,noisy_half_text[punctuation] + half_diagram,OK,MP,is_a,diagonal
211,13,noisy_half_text[punctuation] + half_diagram,OK,RN,is_a,diagonal
211,13,noisy_half_text[punctuation] + half_diagram,OK,MP,intersects,RN
211,13,noisy_half_text[punctuation] + half_diagram,OK,MN,has_measure,3x - 4
211,13,noisy_half_text[punctuation] + half_diagram,OK,NP,has_measure,2y + 5
211,13,noisy_half_text[punctuation] + half_diagram,OK,MR,has_measure,17.9
211,13,noisy_half_text[punctuation] + half_diagram,OK,∠RQP,has_measure,83_deg
211,13,noisy_half_text[punctuation] + half_diagram,OK,∠MRQ,has_measure,38_deg
211,13,noisy_half_text[punctuation] + half_diagram,OK,MQ,has_measure,4w - 3
211,13,noisy_half_text[punctuation] + half_diagram,OK,RQ,has_measure,3z - 3
211,13,noisy_half_text[punctuation] + half_diagram,OK,NQ,has_measure,15.4
211,13,noisy_half_text[punctuation] + half_diagram,OK,PQ,has_measure,11.1
211,13,noisy_half_text[punctuation] + half_diagram,OK,∠MNQ,has_measure,33_deg
,,,,,,
223,13,noisy_half_text[punctuation] + half_diagram,OK,3\sqrt{2},is_a,side\ length
223,13,noisy_half_text[punctuation] + half_diagram,OK,x,is_a,side\ length
223,13,noisy_half_text[punctuation] + half_diagram,OK,5,is_a,side\ length
223,13,noisy_half_text[punctuation] + half_diagram,OK,3\sqrt{2},has_measure,side
223,13,noisy_half_text[punctuation] + half_diagram,OK,x,has_measure,side
223,13,noisy_half_text[punctuation] + half_diagram,OK,5,has_measure,hypotenuse
223,13,noisy_half_text[punctuation] + half_diagram,OK,5,has_measure,side
223,13,noisy_half_text[punctuation] + half_diagram,OK,3\sqrt{2},is_a,side
223,13,noisy_half_text[punctuation] + half_diagram,OK,x,is_a,side
223,13,noisy_half_text[punctuation] + half_diagram,OK,5,is_a,side
223,13,noisy_half_text[punctuation] + half_diagram,OK,triangle,is_a,right\ triangle
223,13,noisy_half_text[punctuation] + half_diagram,OK,tri,is_a,right_triangle
223,13,noisy_half_text[punctuation] + half_diagram,OK,tri,has_part,$3\sqrt{2}$
223,13,noisy_half_text[punctuation] + half_diagram,OK,tri,has_part,$x$
223,13,noisy_half_text[punctuation] + half_diagram,OK,tri,has_part,$5$
,,,,,,
239,13,noisy_half_text[punctuation] + half_diagram,OK,A,is_a,point
239,13,noisy_half_text[punctuation] + half_diagram,OK,R,is_a,point
239,13,noisy_half_text[punctuation] + half_diagram,OK,S,is_a,point
239,13,noisy_half_text[punctuation] + half_diagram,OK,T,is_a,point
239,13,noisy_half_text[punctuation] + half_diagram,OK,M,is_a,point
239,13,noisy_half_text[punctuation] + half_diagram,OK,B,is_a,point
239,13,noisy_half_text[punctuation] + half_diagram,OK,C,is_a,point
239,13,noisy_half_text[punctuation] + half_diagram,OK,AT,is_a,segment
239,13,noisy_half_text[punctuation] + half_diagram,OK,RM,is_a,segment
239,13,noisy_half_text[punctuation] + half_diagram,OK,MB,is_a,segment
239,13,noisy_half_text[punctuation] + half_diagram,OK,RM,has_measure,4_units
239,13,noisy_half_text[punctuation] + half_diagram,OK,AT,has_measure,16_units
239,13,noisy_half_text[punctuation] + half_diagram,OK,R,lies_on,AC
239,13,noisy_half_text[punctuation] + half_diagram,OK,S,lies_on,AB
239,13,noisy_half_text[punctuation] + half_diagram,OK,T,lies_on,BC
239,13,noisy_half_text[punctuation] + half_diagram,OK,M,lies_on,AT
239,13,noisy_half_text[punctuation] + half_diagram,OK,M,lies_on,BR
239,13,noisy_half_text[punctuation] + half_diagram,OK,M,lies_on,CS
,,,,,,
243,13,noisy_half_text[punctuation] + half_diagram,OK,Phoenix,is_a,city
243,13,noisy_half_text[punctuation] + half_diagram,OK,Des Moines,is_a,city
243,13,noisy_half_text[punctuation] + half_diagram,OK,Atlanta,is_a,city
243,13,noisy_half_text[punctuation] + half_diagram,OK,Trip 1,has_measure,110x + 53 miles
243,13,noisy_half_text[punctuation] + half_diagram,OK,Trip 2,has_measure,150x + 91 miles
243,13,noisy_half_text[punctuation] + half_diagram,OK,Trip 3,has_measure,73.8x miles
243,13,noisy_half_text[punctuation] + half_diagram,OK,Des Moines,lies_on,Trip 1
243,13,noisy_half_text[punctuation] + half_diagram,OK,Phoenix,lies_on,Trip 1
243,13,noisy_half_text[punctuation] + half_diagram,OK,Atlanta,lies_on,Trip 2
243,13,noisy_half_text[punctuation] + half_diagram,OK,Des Moines,lies_on,Trip 2
243,13,noisy_half_text[punctuation] + half_diagram,OK,Phoenix,lies_on,Trip 3
243,13,noisy_half_text[punctuation] + half_diagram,OK,Atlanta,lies_on,Trip 3
243,13,noisy_half_text[punctuation] + half_diagram,OK,Phoenix to Des Moines,has_measure,110x + 53 miles
243,13,noisy_half_text[punctuation] + half_diagram,OK,Des Moines to Atlanta,has_measure,150x + 91 miles
243,13,noisy_half_text[punctuation] + half_diagram,OK,Phoenix to Atlanta,has_measure,?
243,13,noisy_half_text[punctuation] + half_diagram,OK,Phoenix to Des Moines,connects,Phoenix
243,13,noisy_half_text[punctuation] + half_diagram,OK,Phoenix to Des Moines,connects,Des Moines
243,13,noisy_half_text[punctuation] + half_diagram,OK,Des Moines to Atlanta,connects,Des Moines
243,13,noisy_half_text[punctuation] + half_diagram,OK,Des Moines to Atlanta,connects,Atlanta
243,13,noisy_half_text[punctuation] + half_diagram,OK,Phoenix to Des Moines,has_measure,110x + 53
243,13,noisy_half_text[punctuation] + half_diagram,OK,Des Moines to Atlanta,has_measure,150x + 91
,,,,,,
257,13,noisy_half_text[punctuation] + half_diagram,OK,A,is_a,point
257,13,noisy_half_text[punctuation] + half_diagram,OK,B,is_a,point
257,13,noisy_half_text[punctuation] + half_diagram,OK,C,is_a,point
257,13,noisy_half_text[punctuation] + half_diagram,OK,D,is_a,point
257,13,noisy_half_text[punctuation] + half_diagram,OK,E,is_a,point
257,13,noisy_half_text[punctuation] + half_diagram,OK,AE,is_a,segment
257,13,noisy_half_text[punctuation] + half_diagram,OK,ED,is_a,segment
257,13,noisy_half_text[punctuation] + half_diagram,OK,ED,has_measure,5_units
257,13,noisy_half_text[punctuation] + half_diagram,OK,AB,is_a,segment
257,13,noisy_half_text[punctuation] + half_diagram,OK,AB,has_measure,12_units
257,13,noisy_half_text[punctuation] + half_diagram,OK,ABE,is_a,triangle
257,13,noisy_half_text[punctuation] + half_diagram,OK,ACD,is_a,triangle
257,13,noisy_half_text[punctuation] + half_diagram,OK,ABE,parallel_to,ACD
257,13,noisy_half_text[punctuation] + half_diagram,OK,BE,is_a,segment
257,13,noisy_half_text[punctuation] + half_diagram,OK,CD,is_a,segment
257,13,noisy_half_text[punctuation] + half_diagram,OK,BE,parallel_to,CD
257,13,noisy_half_text[punctuation] + half_diagram,OK,AC,is_a,segment
257,13,noisy_half_text[punctuation] + half_diagram,OK,AC,has_measure,16_units
,,,,,,
264,13,noisy_half_text[punctuation] + half_diagram,OK,MN,is_a,segment
264,13,noisy_half_text[punctuation] + half_diagram,OK,N,lies_on,"MN,, is_a, point, is_a, point"
264,13,noisy_half_text[punctuation] + half_diagram,OK,MQ,is_a,segment
264,13,noisy_half_text[punctuation] + half_diagram,OK,NP,is_a,segment
264,13,noisy_half_text[punctuation] + half_diagram,OK,LM,has_measure,10x
264,13,noisy_half_text[punctuation] + half_diagram,OK,LP,has_measure,10x
264,13,noisy_half_text[punctuation] + half_diagram,OK,∠ has_measure,20x∠N,"equals, 2 * ∠Q"
,,,,,,
281,13,noisy_half_text[punctuation] + half_diagram,OK,A,is_a,point
281,13,noisy_half_text[punctuation] + half_diagram,OK,B,is_a,point
281,13,noisy_half_text[punctuation] + half_diagram,OK,C,is_a,point
281,13,noisy_half_text[punctuation] + half_diagram,OK,AB,is_a,segment
281,13,noisy_half_text[punctuation] + half_diagram,OK,AC,is_a,segment
281,13,noisy_half_text[punctuation] + half_diagram,OK,BC,is_a,segment
281,13,noisy_half_text[punctuation] + half_diagram,OK,\angle ACB,is_a,angle
281,13,noisy_half_text[punctuation] + half_diagram,OK,AC,lies_on,ABC
281,13,noisy_half_text[punctuation] + half_diagram,OK,BC,lies_on,ABC
281,13,noisy_half_text[punctuation] + half_diagram,OK,AB,lies_on,ABC
281,13,noisy_half_text[punctuation] + half_diagram,OK,\angle ACB,has_measure,90_deg
281,13,noisy_half_text[punctuation] + half_diagram,OK,AB,has_measure,26_units
281,13,noisy_half_text[punctuation] + half_diagram,OK,BC,has_measure,10_units
281,13,noisy_half_text[punctuation] + half_diagram,OK,A,lies_on,AB
281,13,noisy_half_text[punctuation] + half_diagram,OK,B,lies_on,AB
281,13,noisy_half_text[punctuation] + half_diagram,OK,C,lies_on,BC
281,13,noisy_half_text[punctuation] + half_diagram,OK,C,lies_on,AC
281,13,noisy_half_text[punctuation] + half_diagram,OK,AC,connects,"A, C"
281,13,noisy_half_text[punctuation] + half_diagram,OK,BC,connects,"B, C"
281,13,noisy_half_text[punctuation] + half_diagram,OK,AB,connects,"A, B"
281,13,noisy_half_text[punctuation] + half_diagram,OK,B,is_collinear_with,AB
281,13,noisy_half_text[punctuation] + half_diagram,OK,C,is_collinear_with,BC
281,13,noisy_half_text[punctuation] + half_diagram,OK,\angle C,has_measure,90_deg
281,13,noisy_half_text[punctuation] + half_diagram,OK,\angle C,is_a,angle
,,,,,,
327,13,noisy_half_text[punctuation] + half_diagram,OK,X,is_a,point
327,13,noisy_half_text[punctuation] + half_diagram,OK,Y,is_a,point
327,13,noisy_half_text[punctuation] + half_diagram,OK,Z,is_a,point
327,13,noisy_half_text[punctuation] + half_diagram,OK,b,is_a,distance
327,13,noisy_half_text[punctuation] + half_diagram,OK,d,is_a,distance
327,13,noisy_half_text[punctuation] + half_diagram,OK,Y,lies_on,west
327,13,noisy_half_text[punctuation] + half_diagram,OK,X,connects,b
327,13,noisy_half_text[punctuation] + half_diagram,OK,Y,lies_on,line
327,13,noisy_half_text[punctuation] + half_diagram,OK,XY,has_measure,b
327,13,noisy_half_text[punctuation] + half_diagram,OK,Z,lies_on,north
327,13,noisy_half_text[punctuation] + half_diagram,OK,YZ,has_measure,10.7
327,13,noisy_half_text[punctuation] + half_diagram,OK,Z,lies_on,line
327,13,noisy_half_text[punctuation] + half_diagram,OK,XZ,has_measure,d
327,13,noisy_half_text[punctuation] + half_diagram,OK,Z,bearing_from,335°_T
327,13,noisy_half_text[punctuation] + half_diagram,OK,XY,is_a,segment
327,13,noisy_half_text[punctuation] + half_diagram,OK,YZ,is_a,segment
327,13,noisy_half_text[punctuation] + half_diagram,OK,XZ,is_a,segment
327,13,noisy_half_text[punctuation] + half_diagram,OK,Y,collinear_with,X
327,13,noisy_half_text[punctuation] + half_diagram,OK,Z,perpendicular_to,XY
327,13,noisy_half_text[punctuation] + half_diagram,OK,XZ,bearing,335°_T
,,,,,,
348,13,noisy_half_text[punctuation] + half_diagram,OK,Helicopter altitude,has_measure,198 m
348,13,noisy_half_text[punctuation] + half_diagram,OK,Helicopter altitude,is_a,segment
348,13,noisy_half_text[punctuation] + half_diagram,OK,angle of depression,has_measure,44_deg
348,13,noisy_half_text[punctuation] + half_diagram,OK,d,is_a,segment
348,13,noisy_half_text[punctuation] + half_diagram,OK,Landing Pad,is_a,point
,,,,,,
364,13,noisy_half_text[punctuation] + half_diagram,OK,tower top,has_measure,35.5_m
364,13,noisy_half_text[punctuation] + half_diagram,OK,bridge span,has_measure,65.9_m
364,13,noisy_half_text[punctuation] + half_diagram,OK,tower top,is_a,point
364,13,noisy_half_text[punctuation] + half_diagram,OK,bridge,is_a,segment
364,13,noisy_half_text[punctuation] + half_diagram,OK,tower top,lies_on,tower
364,13,noisy_half_text[punctuation] + half_diagram,OK,tower,is_perpendicular_to,bridge
364,13,noisy_half_text[punctuation] + half_diagram,OK,cable length,is_a,h
364,13,noisy_half_text[punctuation] + half_diagram,OK,tower,is_a,tower
364,13,noisy_half_text[punctuation] + half_diagram,OK,bridge,has_measure,65.9_m
364,13,noisy_half_text[punctuation] + half_diagram,OK,cable,is_a,cable
364,13,noisy_half_text[punctuation] + half_diagram,OK,h,is_a,length
364,13,noisy_half_text[punctuation] + half_diagram,OK,h,has_measure,?
,,,,,,
365,13,noisy_half_text[punctuation] + half_diagram,OK,plane,is_a,object
365,13,noisy_half_text[punctuation] + half_diagram,OK,ground,is_a,object
365,13,noisy_half_text[punctuation] + half_diagram,OK,runway,is_a,object
365,13,noisy_half_text[punctuation] + half_diagram,OK,airport,is_a,object
365,13,noisy_half_text[punctuation] + half_diagram,OK,θ,is_a,angle
365,13,noisy_half_text[punctuation] + half_diagram,OK,10369 m,is_a,distance
365,13,noisy_half_text[punctuation] + half_diagram,OK,23444 m,is_a,distance
,,,,,,
420,13,noisy_half_text[punctuation] + half_diagram,OK,A,is_a,point
420,13,noisy_half_text[punctuation] + half_diagram,OK,B,is_a,point
420,13,noisy_half_text[punctuation] + half_diagram,OK,C,is_a,point
420,13,noisy_half_text[punctuation] + half_diagram,OK,D,is_a,point
420,13,noisy_half_text[punctuation] + half_diagram,OK,AB,is_a,segment
420,13,noisy_half_text[punctuation] + half_diagram,OK,BC,is_a,segment
420,13,noisy_half_text[punctuation] + half_diagram,OK,CD,is_a,segment
420,13,noisy_half_text[punctuation] + half_diagram,OK,DA,is_a,segment
420,13,noisy_half_text[punctuation] + half_diagram,OK,AB,has_measure,10_cm
420,13,noisy_half_text[punctuation] + half_diagram,OK,AD,has_measure,?
420,13,noisy_half_text[punctuation] + half_diagram,OK,Altitude,has_measure,6_cm
420,13,noisy_half_text[punctuation] + half_diagram,OK,Altitude,intersects,AD
420,13,noisy_half_text[punctuation] + half_diagram,OK,Altitude,perpendicular_to,AD
420,13,noisy_half_text[punctuation] + half_diagram,OK,A,B,"C, D as points"
420,13,noisy_half_text[punctuation] + half_diagram,OK,Altitude,is_a,segment
,,,,,,
432,13,noisy_half_text[punctuation] + half_diagram,OK,-3,4,"is_a, point"
432,13,noisy_half_text[punctuation] + half_diagram,OK,B,is_a,point
432,13,noisy_half_text[punctuation] + half_diagram,OK,d,is_a,distance
432,13,noisy_half_text[punctuation] + half_diagram,OK,d,has_measure,?
432,13,noisy_half_text[punctuation] + half_diagram,OK,-3,is_a,point
432,13,noisy_half_text[punctuation] + half_diagram,OK,4,is_a,coordinate
432,13,noisy_half_text[punctuation] + half_diagram,OK,5,is_a,coordinate
432,13,noisy_half_text[punctuation] + half_diagram,OK,2,is_a,coordinate
,,,,,,
438,13,noisy_half_text[punctuation] + half_diagram,OK,C,is_a,center
438,13,noisy_half_text[punctuation] + half_diagram,OK,V_1,is_a,vertex
438,13,noisy_half_text[punctuation] + half_diagram,OK,V_2,is_a,vertex
438,13,noisy_half_text[punctuation] + half_diagram,OK,F_1,is_a,focus
438,13,noisy_half_text[punctuation] + half_diagram,OK,F_2,is_a,focus
438,13,noisy_half_text[punctuation] + half_diagram,OK,-3,is_a,point
438,13,noisy_half_text[punctuation] + half_diagram,OK,-3,-3,"is_a, point"
438,13,noisy_half_text[punctuation] + half_diagram,OK,2,-3,"is_a, point"
438,13,noisy_half_text[punctuation] + half_diagram,OK,-8,-3,"is_a, point"
438,13,noisy_half_text[punctuation] + half_diagram,OK,-3-5\sqrt{2},-3,"is_a, point"
438,13,noisy_half_text[punctuation] + half_diagram,OK,-3+5\sqrt{2},-3,"is_a, point"
438,13,noisy_half_text[punctuation] + half_diagram,OK,Center,is_a,point
438,13,noisy_half_text[punctuation] + half_diagram,OK,V_1,lies_on,hyperbola
438,13,noisy_half_text[punctuation] + half_diagram,OK,V_2,lies_on,hyperbola
438,13,noisy_half_text[punctuation] + half_diagram,OK,F_1,lies_on,hyperbola
438,13,noisy_half_text[punctuation] + half_diagram,OK,F_2,lies_on,hyperbola
438,13,noisy_half_text[punctuation] + half_diagram,OK,O,is_a,point
438,13,noisy_half_text[punctuation] + half_diagram,OK,V_1,is_a,point
438,13,noisy_half_text[punctuation] + half_diagram,OK,V_2,is_a,point
438,13,noisy_half_text[punctuation] + half_diagram,OK,F_1,is_a,point
438,13,noisy_half_text[punctuation] + half_diagram,OK,F_2,is_a,point
438,13,noisy_half_text[punctuation] + half_diagram,OK,-3,-3,"has_measure, center"
438,13,noisy_half_text[punctuation] + half_diagram,OK,2,-3,"has_measure, ?"
438,13,noisy_half_text[punctuation] + half_diagram,OK,-8,-3,"has_measure, ?"
438,13,noisy_half_text[punctuation] + half_diagram,OK,-3-5\sqrt{2},-3,"has_measure, ?"
438,13,noisy_half_text[punctuation] + half_diagram,OK,-3+5\sqrt{2},-3,"has_measure, ?"
,,,,,,
441,13,noisy_half_text[punctuation] + half_diagram,OK,P,is_a,point
441,13,noisy_half_text[punctuation] + half_diagram,OK,?,lies_on,P
441,13,noisy_half_text[punctuation] + half_diagram,OK,a,is_a,angle
441,13,noisy_half_text[punctuation] + half_diagram,OK,a,has_measure,?
441,13,noisy_half_text[punctuation] + half_diagram,OK,P,lies_on,unit circle
441,13,noisy_half_text[punctuation] + half_diagram,OK,unit circle,is_a,circle
441,13,noisy_half_text[punctuation] + half_diagram,OK,x-axis,intersects,unit circle
441,13,noisy_half_text[punctuation] + half_diagram,OK,y-axis,intersects,unit circle
441,13,noisy_half_text[punctuation] + half_diagram,OK,P,has_x_coordinate,3/5
441,13,noisy_half_text[punctuation] + half_diagram,OK,P,has_y_coordinate,?
,,,,,,
447,13,noisy_half_text[punctuation] + half_diagram,OK,P,is_a,point
447,13,noisy_half_text[punctuation] + half_diagram,OK,P,lies_on,circle
447,13,noisy_half_text[punctuation] + half_diagram,OK,a,is_a,angle
447,13,noisy_half_text[punctuation] + half_diagram,OK,a,has\_measure,?
447,13,noisy_half_text[punctuation] + half_diagram,OK,P,has\_x\_coordinate,\frac{20}{29}
447,13,noisy_half_text[punctuation] + half_diagram,OK,P,has\_y\_coordinate,-\frac{21}{29}
447,13,noisy_half_text[punctuation] + half_diagram,OK,circle,is_a,circle
447,13,noisy_half_text[punctuation] + half_diagram,OK,a,lies_on,circle
,,,,,,
449,13,noisy_half_text[punctuation] + half_diagram,OK,O,is_a,point
449,13,noisy_half_text[punctuation] + half_diagram,OK,P,is_a,point
449,13,noisy_half_text[punctuation] + half_diagram,OK,O,center_of,circle
449,13,noisy_half_text[punctuation] + half_diagram,OK,P,lies_on,circle
449,13,noisy_half_text[punctuation] + half_diagram,OK,$\theta$,is_a,angle
449,13,noisy_half_text[punctuation] + half_diagram,OK,$\sec \theta$,is_a,query_target
449,13,noisy_half_text[punctuation] + half_diagram,OK,circle,is_a,circle
449,13,noisy_half_text[punctuation] + half_diagram,OK,sec $\theta$,is_a,query_target
449,13,noisy_half_text[punctuation] + half_diagram,OK,circle,center_of,O
449,13,noisy_half_text[punctuation] + half_diagram,OK,\theta,is_a,angle
449,13,noisy_half_text[punctuation] + half_diagram,OK,sec \theta,is_a,query_target
,,,,,,
457,13,noisy_half_text[punctuation] + half_diagram,OK,center,is_a,point
457,13,noisy_half_text[punctuation] + half_diagram,OK,h,is_a,1
457,13,noisy_half_text[punctuation] + half_diagram,OK,k,is_a,3
457,13,noisy_half_text[punctuation] + half_diagram,OK,h,has_measure,1
457,13,noisy_half_text[punctuation] + half_diagram,OK,k,has_measure,3
457,13,noisy_half_text[punctuation] + half_diagram,OK,1,is_a,h
457,13,noisy_half_text[punctuation] + half_diagram,OK,3,is_a,k
,,,,,,
472,13,noisy_half_text[punctuation] + half_diagram,OK,0,is_a,point
472,13,noisy_half_text[punctuation] + half_diagram,OK,-7,is_a,point
472,13,noisy_half_text[punctuation] + half_diagram,OK,7,is_a,point
472,13,noisy_half_text[punctuation] + half_diagram,OK,5,is_a,point
472,13,noisy_half_text[punctuation] + half_diagram,OK,-5,has_measure,5_units
472,13,noisy_half_text[punctuation] + half_diagram,OK,0,lies_on,y-axis
472,13,noisy_half_text[punctuation] + half_diagram,OK,center,is_a,point
472,13,noisy_half_text[punctuation] + half_diagram,OK,center,has_measure,?
472,13,noisy_half_text[punctuation] + half_diagram,OK,-7,0,"is_a, point"
472,13,noisy_half_text[punctuation] + half_diagram,OK,7,0,"is_a, point"
472,13,noisy_half_text[punctuation] + half_diagram,OK,5,-5,"is_a, point"
472,13,noisy_half_text[punctuation] + half_diagram,OK,-7,0,"lies_on, semicircle"
472,13,noisy_half_text[punctuation] + half_diagram,OK,7,0,"lies_on, semicircle"
472,13,noisy_half_text[punctuation] + half_diagram,OK,5,-5,"lies_on, semicircle"
472,13,noisy_half_text[punctuation] + half_diagram,OK,?,is_a,center
472,13,noisy_half_text[punctuation] + half_diagram,OK,0,0,"is_a, point"
472,13,noisy_half_text[punctuation] + half_diagram,OK,0,is_a,center
,,,,,,
