problem_index,case_id,case_label,status,subject,predicate,object
1,7,full_text + noisy_diagram[blur],OK,A,is_a,point
1,7,full_text + noisy_diagram[blur],OK,B,is_a,point
1,7,full_text + noisy_diagram[blur],OK,C,is_a,point
1,7,full_text + noisy_diagram[blur],OK,ABC,is_a,triangle
1,7,full_text + noisy_diagram[blur],OK,∠A,is_a,angle
1,7,full_text + noisy_diagram[blur],OK,∠A,has_measure,80_deg
1,7,full_text + noisy_diagram[blur],OK,∠B,is_a,angle
1,7,full_text + noisy_diagram[blur],OK,∠B,has_measure,60_deg
1,7,full_text + noisy_diagram[blur],OK,D,is_a,point
1,7,full_text + noisy_diagram[blur],OK,D,lies_on,AB
1,7,full_text + noisy_diagram[blur],OK,E,is_a,point
1,7,full_text + noisy_diagram[blur],OK,E,lies_on,AC
1,7,full_text + noisy_diagram[blur],OK,DE,is_a,segment
1,7,full_text + noisy_diagram[blur],OK,BC,is_a,segment
1,7,full_text + noisy_diagram[blur],OK,DE,parallel_to,BC
,,,,,,
2,7,full_text + noisy_diagram[blur],OK,A,is_a,point
2,7,full_text + noisy_diagram[blur],OK,B,is_a,point
2,7,full_text + noisy_diagram[blur],OK,C,is_a,point
2,7,full_text + noisy_diagram[blur],OK,D,is_a,point
2,7,full_text + noisy_diagram[blur],OK,E,is_a,point
2,7,full_text + noisy_diagram[blur],OK,F,is_a,point
2,7,full_text + noisy_diagram[blur],OK,G,is_a,point
2,7,full_text + noisy_diagram[blur],OK,AB,is_a,segment
2,7,full_text + noisy_diagram[blur],OK,CD,is_a,segment
2,7,full_text + noisy_diagram[blur],OK,EF,is_a,segment
2,7,full_text + noisy_diagram[blur],OK,EG,is_a,segment
2,7,full_text + noisy_diagram[blur],OK,∠EFG,is_a,angle
2,7,full_text + noisy_diagram[blur],OK,∠EGF,is_a,angle
2,7,full_text + noisy_diagram[blur],OK,AB,parallel_to,CD
2,7,full_text + noisy_diagram[blur],OK,EF,intersects,AB
2,7,full_text + noisy_diagram[blur],OK,EF,intersects,CD
2,7,full_text + noisy_diagram[blur],OK,EF,intersects,"AB, at, E"
2,7,full_text + noisy_diagram[blur],OK,EF,intersects,"CD, at, F"
2,7,full_text + noisy_diagram[blur],OK,EG,intersects,"CD, at, G"
2,7,full_text + noisy_diagram[blur],OK,EG,bisects,∠BEF
2,7,full_text + noisy_diagram[blur],OK,∠EFG,has_measure,50_deg
,,,,,,
3,7,full_text + noisy_diagram[blur],OK,A,is_a,point
3,7,full_text + noisy_diagram[blur],OK,B,is_a,point
3,7,full_text + noisy_diagram[blur],OK,C,is_a,point
3,7,full_text + noisy_diagram[blur],OK,D,is_a,point
3,7,full_text + noisy_diagram[blur],OK,BC,is_a,segment
3,7,full_text + noisy_diagram[blur],OK,BA,is_a,segment
3,7,full_text + noisy_diagram[blur],OK,BD,is_a,segment
3,7,full_text + noisy_diagram[blur],OK,CD,is_a,segment
3,7,full_text + noisy_diagram[blur],OK,AB,is_a,segment
3,7,full_text + noisy_diagram[blur],OK,BC,connects,B
3,7,full_text + noisy_diagram[blur],OK,BC,connects,C
3,7,full_text + noisy_diagram[blur],OK,BA,connects,B
3,7,full_text + noisy_diagram[blur],OK,BA,connects,A
3,7,full_text + noisy_diagram[blur],OK,BD,connects,B
3,7,full_text + noisy_diagram[blur],OK,BD,connects,D
3,7,full_text + noisy_diagram[blur],OK,CD,connects,C
3,7,full_text + noisy_diagram[blur],OK,CD,connects,D
3,7,full_text + noisy_diagram[blur],OK,AB,connects,A
3,7,full_text + noisy_diagram[blur],OK,AB,connects,B
3,7,full_text + noisy_diagram[blur],OK,BC,intersects,BA
3,7,full_text + noisy_diagram[blur],OK,BD,intersects,BA
3,7,full_text + noisy_diagram[blur],OK,BD,intersects,BC
3,7,full_text + noisy_diagram[blur],OK,BD,bisects,∠ABC
3,7,full_text + noisy_diagram[blur],OK,CD,parallel_to,AB
3,7,full_text + noisy_diagram[blur],OK,∠BCD,is_a,angle
3,7,full_text + noisy_diagram[blur],OK,∠BCD,has_measure,70_deg
3,7,full_text + noisy_diagram[blur],OK,∠CDB,is_a,angle
3,7,full_text + noisy_diagram[blur],OK,∠CDB,has_measure,?
,,,,,,
4,7,full_text + noisy_diagram[blur],OK,A,is_a,point
4,7,full_text + noisy_diagram[blur],OK,B,is_a,point
4,7,full_text + noisy_diagram[blur],OK,C,is_a,point
4,7,full_text + noisy_diagram[blur],OK,O,is_a,point
4,7,full_text + noisy_diagram[blur],OK,AB,is_a,segment
4,7,full_text + noisy_diagram[blur],OK,AO,is_a,segment
4,7,full_text + noisy_diagram[blur],OK,BC,is_a,segment
4,7,full_text + noisy_diagram[blur],OK,∠A,is_a,angle
4,7,full_text + noisy_diagram[blur],OK,AB,tangent_to,circle_O
4,7,full_text + noisy_diagram[blur],OK,AO,intersects,circle_O
4,7,full_text + noisy_diagram[blur],OK,AO,intersects,"circle_O_at, C"
4,7,full_text + noisy_diagram[blur],OK,AB,connects,A
4,7,full_text + noisy_diagram[blur],OK,AB,connects,B
4,7,full_text + noisy_diagram[blur],OK,AO,connects,A
4,7,full_text + noisy_diagram[blur],OK,AO,connects,O
4,7,full_text + noisy_diagram[blur],OK,BC,connects,B
4,7,full_text + noisy_diagram[blur],OK,BC,connects,C
4,7,full_text + noisy_diagram[blur],OK,∠A,has_measure,36_deg
4,7,full_text + noisy_diagram[blur],OK,O,center_of,circle_O
4,7,full_text + noisy_diagram[blur],OK,circle_O,is_a,circle
4,7,full_text + noisy_diagram[blur],OK,∠C,is_a,angle
4,7,full_text + noisy_diagram[blur],OK,∠OCB,is_a,angle
,,,,,,
7,7,full_text + noisy_diagram[blur],OK,A,is_a,point
7,7,full_text + noisy_diagram[blur],OK,B,is_a,point
7,7,full_text + noisy_diagram[blur],OK,C,is_a,point
7,7,full_text + noisy_diagram[blur],OK,D,is_a,point
7,7,full_text + noisy_diagram[blur],OK,E,is_a,point
7,7,full_text + noisy_diagram[blur],OK,ABC,is_a,triangle
7,7,full_text + noisy_diagram[blur],OK,ADE,is_a,triangle
7,7,full_text + noisy_diagram[blur],OK,ABC,is_a,"congruent_to, ADE"
7,7,full_text + noisy_diagram[blur],OK,A,is_a,common_vertex
7,7,full_text + noisy_diagram[blur],OK,∠B,is_a,angle
7,7,full_text + noisy_diagram[blur],OK,∠B,has_measure,70_deg
7,7,full_text + noisy_diagram[blur],OK,∠C,is_a,angle
7,7,full_text + noisy_diagram[blur],OK,∠C,has_measure,30_deg
7,7,full_text + noisy_diagram[blur],OK,∠DAC,is_a,angle
7,7,full_text + noisy_diagram[blur],OK,∠DAC,has_measure,35_deg
7,7,full_text + noisy_diagram[blur],OK,∠EAC,is_a,angle
7,7,full_text + noisy_diagram[blur],OK,∠EAC,has_measure,?
,,,,,,
8,7,full_text + noisy_diagram[blur],OK,A,is_a,point
8,7,full_text + noisy_diagram[blur],OK,B,is_a,point
8,7,full_text + noisy_diagram[blur],OK,C,is_a,point
8,7,full_text + noisy_diagram[blur],OK,D,is_a,point
8,7,full_text + noisy_diagram[blur],OK,E,is_a,point
8,7,full_text + noisy_diagram[blur],OK,F,is_a,point
8,7,full_text + noisy_diagram[blur],OK,ABC,is_a,triangle
8,7,full_text + noisy_diagram[blur],OK,DEF,is_a,triangle
8,7,full_text + noisy_diagram[blur],OK,A,connects,B
8,7,full_text + noisy_diagram[blur],OK,B,connects,C
8,7,full_text + noisy_diagram[blur],OK,C,connects,A
8,7,full_text + noisy_diagram[blur],OK,D,connects,E
8,7,full_text + noisy_diagram[blur],OK,E,connects,F
8,7,full_text + noisy_diagram[blur],OK,F,connects,D
8,7,full_text + noisy_diagram[blur],OK,A,mapped_to,D
8,7,full_text + noisy_diagram[blur],OK,B,mapped_to,E
8,7,full_text + noisy_diagram[blur],OK,BC,is_a,segment
8,7,full_text + noisy_diagram[blur],OK,BF,is_a,segment
8,7,full_text + noisy_diagram[blur],OK,BC,has_measure,5.0
8,7,full_text + noisy_diagram[blur],OK,BF,has_measure,7.0
8,7,full_text + noisy_diagram[blur],OK,EC,is_a,segment
8,7,full_text + noisy_diagram[blur],OK,EC,has_measure,?
,,,,,,
9,7,full_text + noisy_diagram[blur],OK,A,is_a,point
9,7,full_text + noisy_diagram[blur],OK,B,is_a,point
9,7,full_text + noisy_diagram[blur],OK,C,is_a,point
9,7,full_text + noisy_diagram[blur],OK,D,is_a,point
9,7,full_text + noisy_diagram[blur],OK,E,is_a,point
9,7,full_text + noisy_diagram[blur],OK,AB,is_a,segment
9,7,full_text + noisy_diagram[blur],OK,AC,is_a,segment
9,7,full_text + noisy_diagram[blur],OK,BC,is_a,segment
9,7,full_text + noisy_diagram[blur],OK,AD,is_a,segment
9,7,full_text + noisy_diagram[blur],OK,DE,is_a,segment
9,7,full_text + noisy_diagram[blur],OK,ABC,is_a,triangle
9,7,full_text + noisy_diagram[blur],OK,ACD,is_a,triangle
9,7,full_text + noisy_diagram[blur],OK,DBE,is_a,triangle
9,7,full_text + noisy_diagram[blur],OK,∠C,is_a,angle
9,7,full_text + noisy_diagram[blur],OK,∠CAB,is_a,angle
9,7,full_text + noisy_diagram[blur],OK,∠DBE,is_a,angle
9,7,full_text + noisy_diagram[blur],OK,C,is_a,right_angle
9,7,full_text + noisy_diagram[blur],OK,AC,has_measure,?
9,7,full_text + noisy_diagram[blur],OK,BC,has_measure,?
9,7,full_text + noisy_diagram[blur],OK,AD,has_measure,?
9,7,full_text + noisy_diagram[blur],OK,DE,has_measure,?
9,7,full_text + noisy_diagram[blur],OK,AB,has_measure,6.0
9,7,full_text + noisy_diagram[blur],OK,AC,has_measure,BC
9,7,full_text + noisy_diagram[blur],OK,AD,bisects,∠CAB
9,7,full_text + noisy_diagram[blur],OK,AD,intersects,BC
9,7,full_text + noisy_diagram[blur],OK,AD,intersects,D
9,7,full_text + noisy_diagram[blur],OK,DE,perpendicular_to,AB
9,7,full_text + noisy_diagram[blur],OK,DE,intersects,E
9,7,full_text + noisy_diagram[blur],OK,∠C,has_measure,90_deg
,,,,,,
10,7,full_text + noisy_diagram[blur],OK,A,is_a,point
10,7,full_text + noisy_diagram[blur],OK,B,is_a,point
10,7,full_text + noisy_diagram[blur],OK,C,is_a,point
10,7,full_text + noisy_diagram[blur],OK,ABC,is_a,triangle
10,7,full_text + noisy_diagram[blur],OK,AB,is_a,segment
10,7,full_text + noisy_diagram[blur],OK,AC,is_a,segment
10,7,full_text + noisy_diagram[blur],OK,BC,is_a,segment
10,7,full_text + noisy_diagram[blur],OK,AB,has_measure,?
10,7,full_text + noisy_diagram[blur],OK,AC,has_measure,?
10,7,full_text + noisy_diagram[blur],OK,BC,has_measure,?
10,7,full_text + noisy_diagram[blur],OK,∠BAC,is_a,angle
10,7,full_text + noisy_diagram[blur],OK,∠BAC,has_measure,36_deg
10,7,full_text + noisy_diagram[blur],OK,D,is_a,point
10,7,full_text + noisy_diagram[blur],OK,E,is_a,point
10,7,full_text + noisy_diagram[blur],OK,DE,is_a,segment
10,7,full_text + noisy_diagram[blur],OK,DE,is_a,perpendicular_bisector
10,7,full_text + noisy_diagram[blur],OK,DE,perpendicular_to,AB
10,7,full_text + noisy_diagram[blur],OK,DE,intersects,AC
10,7,full_text + noisy_diagram[blur],OK,DE,intersects,AB
10,7,full_text + noisy_diagram[blur],OK,D,lies_on,AC
10,7,full_text + noisy_diagram[blur],OK,E,lies_on,AB
10,7,full_text + noisy_diagram[blur],OK,BDC,is_a,angle
10,7,full_text + noisy_diagram[blur],OK,BDC,has_measure,?
,,,,,,
11,7,full_text + noisy_diagram[blur],OK,A,is_a,point
11,7,full_text + noisy_diagram[blur],OK,B,is_a,point
11,7,full_text + noisy_diagram[blur],OK,C,is_a,point
11,7,full_text + noisy_diagram[blur],OK,ABC,is_a,triangle
11,7,full_text + noisy_diagram[blur],OK,∠C,is_a,angle
11,7,full_text + noisy_diagram[blur],OK,∠C,has_measure,36_deg
11,7,full_text + noisy_diagram[blur],OK,E,is_a,point
11,7,full_text + noisy_diagram[blur],OK,D,is_a,point
11,7,full_text + noisy_diagram[blur],OK,AED,is_a,triangle
,,,,,,
14,7,full_text + noisy_diagram[blur],OK,A,is_a,point
14,7,full_text + noisy_diagram[blur],OK,B,is_a,point
14,7,full_text + noisy_diagram[blur],OK,C,is_a,point
14,7,full_text + noisy_diagram[blur],OK,O,is_a,point
14,7,full_text + noisy_diagram[blur],OK,ABC,is_a,triangle
14,7,full_text + noisy_diagram[blur],OK,O,is_a,circle
14,7,full_text + noisy_diagram[blur],OK,O,center_of,circle
14,7,full_text + noisy_diagram[blur],OK,A,lies_on,circle
14,7,full_text + noisy_diagram[blur],OK,B,lies_on,circle
14,7,full_text + noisy_diagram[blur],OK,C,lies_on,circle
14,7,full_text + noisy_diagram[blur],OK,ABC,inscribed_in,circle
14,7,full_text + noisy_diagram[blur],OK,∠OAB,is_a,angle
14,7,full_text + noisy_diagram[blur],OK,∠OAB,has_measure,35_deg
14,7,full_text + noisy_diagram[blur],OK,∠ACB,is_a,angle
,,,,,,
16,7,full_text + noisy_diagram[blur],OK,A,is_a,point
16,7,full_text + noisy_diagram[blur],OK,B,is_a,point
16,7,full_text + noisy_diagram[blur],OK,C,is_a,point
16,7,full_text + noisy_diagram[blur],OK,O,is_a,point
16,7,full_text + noisy_diagram[blur],OK,OA,is_a,radius
16,7,full_text + noisy_diagram[blur],OK,OB,is_a,radius
16,7,full_text + noisy_diagram[blur],OK,OC,is_a,radius
16,7,full_text + noisy_diagram[blur],OK,AC,is_a,chord
16,7,full_text + noisy_diagram[blur],OK,∠BOC,is_a,angle
16,7,full_text + noisy_diagram[blur],OK,AC,parallel_to,OB
16,7,full_text + noisy_diagram[blur],OK,∠BOC,has_measure,50_deg
16,7,full_text + noisy_diagram[blur],OK,O,center_of,circle
16,7,full_text + noisy_diagram[blur],OK,A,lies_on,circle
16,7,full_text + noisy_diagram[blur],OK,B,lies_on,circle
16,7,full_text + noisy_diagram[blur],OK,C,lies_on,circle
16,7,full_text + noisy_diagram[blur],OK,OA,connects,A
16,7,full_text + noisy_diagram[blur],OK,OA,connects,O
16,7,full_text + noisy_diagram[blur],OK,OB,connects,B
16,7,full_text + noisy_diagram[blur],OK,OB,connects,O
16,7,full_text + noisy_diagram[blur],OK,OC,connects,C
16,7,full_text + noisy_diagram[blur],OK,OC,connects,O
16,7,full_text + noisy_diagram[blur],OK,AC,connects,A
16,7,full_text + noisy_diagram[blur],OK,AC,connects,C
16,7,full_text + noisy_diagram[blur],OK,∠BOC,connects,B
16,7,full_text + noisy_diagram[blur],OK,∠BOC,connects,O
16,7,full_text + noisy_diagram[blur],OK,∠BOC,connects,C
16,7,full_text + noisy_diagram[blur],OK,∠OAB,is_a,angle
,,,,,,
17,7,full_text + noisy_diagram[blur],OK,A,is_a,point
17,7,full_text + noisy_diagram[blur],OK,B,is_a,point
17,7,full_text + noisy_diagram[blur],OK,C,is_a,point
17,7,full_text + noisy_diagram[blur],OK,D,is_a,point
17,7,full_text + noisy_diagram[blur],OK,O,is_a,point
17,7,full_text + noisy_diagram[blur],OK,AB,is_a,segment
17,7,full_text + noisy_diagram[blur],OK,BC,is_a,segment
17,7,full_text + noisy_diagram[blur],OK,CD,is_a,segment
17,7,full_text + noisy_diagram[blur],OK,DA,is_a,segment
17,7,full_text + noisy_diagram[blur],OK,AC,is_a,segment
17,7,full_text + noisy_diagram[blur],OK,BD,is_a,segment
17,7,full_text + noisy_diagram[blur],OK,ABCD,is_a,parallelogram
17,7,full_text + noisy_diagram[blur],OK,AC,intersects,BD
17,7,full_text + noisy_diagram[blur],OK,AC,connects,O
17,7,full_text + noisy_diagram[blur],OK,BD,connects,O
17,7,full_text + noisy_diagram[blur],OK,∠DAC,is_a,angle
17,7,full_text + noisy_diagram[blur],OK,∠DAC,has_measure,42_deg
17,7,full_text + noisy_diagram[blur],OK,∠CBD,is_a,angle
17,7,full_text + noisy_diagram[blur],OK,∠CBD,has_measure,23_deg
17,7,full_text + noisy_diagram[blur],OK,∠COD,is_a,angle
17,7,full_text + noisy_diagram[blur],OK,∠COD,has_measure,?
,,,,,,
20,7,full_text + noisy_diagram[blur],OK,A,is_a,point
20,7,full_text + noisy_diagram[blur],OK,B,is_a,point
20,7,full_text + noisy_diagram[blur],OK,O,is_a,point
20,7,full_text + noisy_diagram[blur],OK,C,is_a,point
20,7,full_text + noisy_diagram[blur],OK,D,is_a,point
20,7,full_text + noisy_diagram[blur],OK,AB,is_a,segment
20,7,full_text + noisy_diagram[blur],OK,AC,is_a,segment
20,7,full_text + noisy_diagram[blur],OK,BC,is_a,segment
20,7,full_text + noisy_diagram[blur],OK,CD,is_a,segment
20,7,full_text + noisy_diagram[blur],OK,OD,is_a,segment
20,7,full_text + noisy_diagram[blur],OK,AB,center_of,O
20,7,full_text + noisy_diagram[blur],OK,A,lies_on,O
20,7,full_text + noisy_diagram[blur],OK,B,lies_on,O
20,7,full_text + noisy_diagram[blur],OK,C,lies_on,O
20,7,full_text + noisy_diagram[blur],OK,D,lies_on,O
20,7,full_text + noisy_diagram[blur],OK,AB,diameter_of,O
20,7,full_text + noisy_diagram[blur],OK,∠DOB,is_a,angle
20,7,full_text + noisy_diagram[blur],OK,∠DOB,has_measure,140_deg
20,7,full_text + noisy_diagram[blur],OK,∠ACD,is_a,angle
20,7,full_text + noisy_diagram[blur],OK,∠ACD,has_measure,?
20,7,full_text + noisy_diagram[blur],OK,AB,connects,"A, B"
20,7,full_text + noisy_diagram[blur],OK,AC,connects,"A, C"
20,7,full_text + noisy_diagram[blur],OK,BC,connects,"B, C"
20,7,full_text + noisy_diagram[blur],OK,CD,connects,"C, D"
20,7,full_text + noisy_diagram[blur],OK,OD,connects,"O, D"
,,,,,,
22,7,full_text + noisy_diagram[blur],OK,A,is_a,point
22,7,full_text + noisy_diagram[blur],OK,B,is_a,point
22,7,full_text + noisy_diagram[blur],OK,C,is_a,point
22,7,full_text + noisy_diagram[blur],OK,D,is_a,point
22,7,full_text + noisy_diagram[blur],OK,M,is_a,point
22,7,full_text + noisy_diagram[blur],OK,N,is_a,point
22,7,full_text + noisy_diagram[blur],OK,O,is_a,point
22,7,full_text + noisy_diagram[blur],OK,ABCD,is_a,diamond
22,7,full_text + noisy_diagram[blur],OK,M,lies_on,AB
22,7,full_text + noisy_diagram[blur],OK,N,lies_on,CD
22,7,full_text + noisy_diagram[blur],OK,AM,has_measure,CN
22,7,full_text + noisy_diagram[blur],OK,MN,intersects,AC
22,7,full_text + noisy_diagram[blur],OK,MN,intersects,"AC, at, O"
22,7,full_text + noisy_diagram[blur],OK,BO,is_a,segment
22,7,full_text + noisy_diagram[blur],OK,∠DAC,is_a,angle
22,7,full_text + noisy_diagram[blur],OK,∠DAC,has_measure,28_deg
22,7,full_text + noisy_diagram[blur],OK,∠OBC,is_a,angle
22,7,full_text + noisy_diagram[blur],OK,∠OBC,has_measure,?
,,,,,,
25,7,full_text + noisy_diagram[blur],OK,EF,is_a,segment
25,7,full_text + noisy_diagram[blur],OK,BC,is_a,segment
25,7,full_text + noisy_diagram[blur],OK,AC,is_a,segment
25,7,full_text + noisy_diagram[blur],OK,BAF,is_a,angle
25,7,full_text + noisy_diagram[blur],OK,EF,parallel_to,BC
25,7,full_text + noisy_diagram[blur],OK,AC,bisects,angle BAF
25,7,full_text + noisy_diagram[blur],OK,B,is_a,point
25,7,full_text + noisy_diagram[blur],OK,C,is_a,point
25,7,full_text + noisy_diagram[blur],OK,A,is_a,point
25,7,full_text + noisy_diagram[blur],OK,F,is_a,point
25,7,full_text + noisy_diagram[blur],OK,E,is_a,point
25,7,full_text + noisy_diagram[blur],OK,angle B,has_measure,50_deg
25,7,full_text + noisy_diagram[blur],OK,angle C,has_measure,?
,,,,,,
26,7,full_text + noisy_diagram[blur],OK,A,is_a,point
26,7,full_text + noisy_diagram[blur],OK,B,is_a,point
26,7,full_text + noisy_diagram[blur],OK,C,is_a,point
26,7,full_text + noisy_diagram[blur],OK,AB,is_a,segment
26,7,full_text + noisy_diagram[blur],OK,AC,is_a,segment
26,7,full_text + noisy_diagram[blur],OK,BC,is_a,segment
26,7,full_text + noisy_diagram[blur],OK,AB,has_measure,3.2_units
26,7,full_text + noisy_diagram[blur],OK,BC,has_measure,8_units
26,7,full_text + noisy_diagram[blur],OK,AC,has_measure,22_units
26,7,full_text + noisy_diagram[blur],OK,AB,is_a,bamboo_pole
26,7,full_text + noisy_diagram[blur],OK,AC,is_a,flagpole
26,7,full_text + noisy_diagram[blur],OK,A,is_a,top_of_bamboo_pole
26,7,full_text + noisy_diagram[blur],OK,B,is_a,shadow_of_top_of_flagpole
26,7,full_text + noisy_diagram[blur],OK,C,is_a,point_on_ground
26,7,full_text + noisy_diagram[blur],OK,A,lies_on,ground
26,7,full_text + noisy_diagram[blur],OK,B,lies_on,ground
26,7,full_text + noisy_diagram[blur],OK,C,lies_on,ground
26,7,full_text + noisy_diagram[blur],OK,AB,connects,A
26,7,full_text + noisy_diagram[blur],OK,AB,connects,B
26,7,full_text + noisy_diagram[blur],OK,AC,connects,A
26,7,full_text + noisy_diagram[blur],OK,AC,connects,C
26,7,full_text + noisy_diagram[blur],OK,BC,connects,B
26,7,full_text + noisy_diagram[blur],OK,BC,connects,C
,,,,,,
29,7,full_text + noisy_diagram[blur],OK,A,is_a,point
29,7,full_text + noisy_diagram[blur],OK,B,is_a,point
29,7,full_text + noisy_diagram[blur],OK,C,is_a,point
29,7,full_text + noisy_diagram[blur],OK,D,is_a,point
29,7,full_text + noisy_diagram[blur],OK,ABC,is_a,triangle
29,7,full_text + noisy_diagram[blur],OK,BD,is_a,angle bisector
29,7,full_text + noisy_diagram[blur],OK,CD,is_a,angle bisector
29,7,full_text + noisy_diagram[blur],OK,D,is_a,intersection point
29,7,full_text + noisy_diagram[blur],OK,∠A,is_a,angle
29,7,full_text + noisy_diagram[blur],OK,∠A,has_measure,50_deg
29,7,full_text + noisy_diagram[blur],OK,∠BDC,is_a,angle
29,7,full_text + noisy_diagram[blur],OK,∠BDC,has_measure,?
29,7,full_text + noisy_diagram[blur],OK,BD,connects,B
29,7,full_text + noisy_diagram[blur],OK,BD,connects,D
29,7,full_text + noisy_diagram[blur],OK,CD,connects,C
29,7,full_text + noisy_diagram[blur],OK,CD,connects,D
29,7,full_text + noisy_diagram[blur],OK,ABC,connects,A
29,7,full_text + noisy_diagram[blur],OK,ABC,connects,B
29,7,full_text + noisy_diagram[blur],OK,ABC,connects,C
29,7,full_text + noisy_diagram[blur],OK,D,lies_on,BD
29,7,full_text + noisy_diagram[blur],OK,D,lies_on,CD
29,7,full_text + noisy_diagram[blur],OK,∠A,lies_on,A
29,7,full_text + noisy_diagram[blur],OK,∠BDC,lies_on,D
,,,,,,
30,7,full_text + noisy_diagram[blur],OK,OA,is_a,segment
30,7,full_text + noisy_diagram[blur],OK,OB,is_a,segment
30,7,full_text + noisy_diagram[blur],OK,OC,is_a,segment
30,7,full_text + noisy_diagram[blur],OK,OA,has_measure,?
30,7,full_text + noisy_diagram[blur],OK,OB,has_measure,?
30,7,full_text + noisy_diagram[blur],OK,OC,has_measure,?
30,7,full_text + noisy_diagram[blur],OK,OA,connects,A
30,7,full_text + noisy_diagram[blur],OK,OA,connects,O
30,7,full_text + noisy_diagram[blur],OK,OB,connects,B
30,7,full_text + noisy_diagram[blur],OK,OB,connects,O
30,7,full_text + noisy_diagram[blur],OK,OC,connects,C
30,7,full_text + noisy_diagram[blur],OK,OC,connects,O
30,7,full_text + noisy_diagram[blur],OK,A,is_a,point
30,7,full_text + noisy_diagram[blur],OK,B,is_a,point
30,7,full_text + noisy_diagram[blur],OK,C,is_a,point
30,7,full_text + noisy_diagram[blur],OK,O,is_a,point
30,7,full_text + noisy_diagram[blur],OK,∠ACB,is_a,angle
30,7,full_text + noisy_diagram[blur],OK,∠ACB,has_measure,30_deg
30,7,full_text + noisy_diagram[blur],OK,∠AOB,is_a,angle
30,7,full_text + noisy_diagram[blur],OK,∠AOB,has_measure,?
,,,,,,
32,7,full_text + noisy_diagram[blur],OK,A,is_a,point
32,7,full_text + noisy_diagram[blur],OK,B,is_a,point
32,7,full_text + noisy_diagram[blur],OK,C,is_a,point
32,7,full_text + noisy_diagram[blur],OK,I,is_a,point
32,7,full_text + noisy_diagram[blur],OK,D,is_a,point
32,7,full_text + noisy_diagram[blur],OK,E,is_a,point
32,7,full_text + noisy_diagram[blur],OK,F,is_a,point
32,7,full_text + noisy_diagram[blur],OK,ABC,is_a,triangle
32,7,full_text + noisy_diagram[blur],OK,I,is_a,circle
32,7,full_text + noisy_diagram[blur],OK,I,center_of,circle
32,7,full_text + noisy_diagram[blur],OK,DEF,is_a,angle
32,7,full_text + noisy_diagram[blur],OK,DEF,has_measure,52_deg
32,7,full_text + noisy_diagram[blur],OK,A,connects,B
32,7,full_text + noisy_diagram[blur],OK,B,connects,C
32,7,full_text + noisy_diagram[blur],OK,C,connects,A
32,7,full_text + noisy_diagram[blur],OK,D,lies_on,circle
32,7,full_text + noisy_diagram[blur],OK,E,lies_on,circle
32,7,full_text + noisy_diagram[blur],OK,F,lies_on,circle
32,7,full_text + noisy_diagram[blur],OK,ABC,connects,D
32,7,full_text + noisy_diagram[blur],OK,ABC,connects,E
32,7,full_text + noisy_diagram[blur],OK,ABC,connects,F
,,,,,,
34,7,full_text + noisy_diagram[blur],OK,A,is_a,point
34,7,full_text + noisy_diagram[blur],OK,B,is_a,point
34,7,full_text + noisy_diagram[blur],OK,C,is_a,point
34,7,full_text + noisy_diagram[blur],OK,D,is_a,point
34,7,full_text + noisy_diagram[blur],OK,E,is_a,point
34,7,full_text + noisy_diagram[blur],OK,F,is_a,point
34,7,full_text + noisy_diagram[blur],OK,P,is_a,point
34,7,full_text + noisy_diagram[blur],OK,Q,is_a,point
34,7,full_text + noisy_diagram[blur],OK,AB,is_a,line
34,7,full_text + noisy_diagram[blur],OK,CD,is_a,line
34,7,full_text + noisy_diagram[blur],OK,EF,is_a,line
34,7,full_text + noisy_diagram[blur],OK,AB,parallel_to,CD
34,7,full_text + noisy_diagram[blur],OK,EF,intersects,AB
34,7,full_text + noisy_diagram[blur],OK,EF,intersects,CD
34,7,full_text + noisy_diagram[blur],OK,P,is_a,intersection
34,7,full_text + noisy_diagram[blur],OK,Q,is_a,intersection
34,7,full_text + noisy_diagram[blur],OK,P,connects,EF
34,7,full_text + noisy_diagram[blur],OK,P,connects,AB
34,7,full_text + noisy_diagram[blur],OK,Q,connects,EF
34,7,full_text + noisy_diagram[blur],OK,Q,connects,CD
34,7,full_text + noisy_diagram[blur],OK,∠BPF,is_a,angle
34,7,full_text + noisy_diagram[blur],OK,∠BPF,has_measure,100_deg
34,7,full_text + noisy_diagram[blur],OK,∠CQF,is_a,angle
34,7,full_text + noisy_diagram[blur],OK,∠CQF,has_measure,?
34,7,full_text + noisy_diagram[blur],OK,AB,lies_on,"left_of, CD"
,,,,,,
36,7,full_text + noisy_diagram[blur],OK,A,is_a,point
36,7,full_text + noisy_diagram[blur],OK,B,is_a,point
36,7,full_text + noisy_diagram[blur],OK,O,is_a,point
36,7,full_text + noisy_diagram[blur],OK,C,is_a,point
36,7,full_text + noisy_diagram[blur],OK,D,is_a,point
36,7,full_text + noisy_diagram[blur],OK,AB,is_a,segment
36,7,full_text + noisy_diagram[blur],OK,AC,is_a,segment
36,7,full_text + noisy_diagram[blur],OK,∠BCD,is_a,angle
36,7,full_text + noisy_diagram[blur],OK,O,is_a,center
36,7,full_text + noisy_diagram[blur],OK,O,center_of,circle
36,7,full_text + noisy_diagram[blur],OK,A,lies_on,circle
36,7,full_text + noisy_diagram[blur],OK,B,lies_on,circle
36,7,full_text + noisy_diagram[blur],OK,C,lies_on,circle
36,7,full_text + noisy_diagram[blur],OK,AB,diameter_of,circle
36,7,full_text + noisy_diagram[blur],OK,D,lies_on,extension_of_AB
36,7,full_text + noisy_diagram[blur],OK,DC,is_a,tangent
36,7,full_text + noisy_diagram[blur],OK,DC,tangent_to,circle
36,7,full_text + noisy_diagram[blur],OK,DC,intersects,extension_of_AB
36,7,full_text + noisy_diagram[blur],OK,AB,connects,"A, B"
36,7,full_text + noisy_diagram[blur],OK,AC,connects,"A, C"
36,7,full_text + noisy_diagram[blur],OK,DC,connects,"D, C"
36,7,full_text + noisy_diagram[blur],OK,DB,connects,"D, B"
36,7,full_text + noisy_diagram[blur],OK,∠BCD,has_measure,50_deg
36,7,full_text + noisy_diagram[blur],OK,?,is_a,query_target
,,,,,,
37,7,full_text + noisy_diagram[blur],OK,A,is_a,point
37,7,full_text + noisy_diagram[blur],OK,B,is_a,point
37,7,full_text + noisy_diagram[blur],OK,C,is_a,point
37,7,full_text + noisy_diagram[blur],OK,D,is_a,point
37,7,full_text + noisy_diagram[blur],OK,O,is_a,point
37,7,full_text + noisy_diagram[blur],OK,P,is_a,point
37,7,full_text + noisy_diagram[blur],OK,AB,is_a,segment
37,7,full_text + noisy_diagram[blur],OK,CD,is_a,segment
37,7,full_text + noisy_diagram[blur],OK,AP,is_a,segment
37,7,full_text + noisy_diagram[blur],OK,AB,parallel_to,CD
37,7,full_text + noisy_diagram[blur],OK,AB,intersects,O
37,7,full_text + noisy_diagram[blur],OK,CD,intersects,C
37,7,full_text + noisy_diagram[blur],OK,P,lies_on,extension_of_transversal
37,7,full_text + noisy_diagram[blur],OK,C,O,"P, collinear_with"
37,7,full_text + noisy_diagram[blur],OK,A,lies_on,AB
37,7,full_text + noisy_diagram[blur],OK,AO,has_measure,OP
37,7,full_text + noisy_diagram[blur],OK,∠OCD,has_measure,50_deg
37,7,full_text + noisy_diagram[blur],OK,?,is_a,?
,,,,,,
38,7,full_text + noisy_diagram[blur],OK,A,is_a,point
38,7,full_text + noisy_diagram[blur],OK,B,is_a,point
38,7,full_text + noisy_diagram[blur],OK,C,is_a,point
38,7,full_text + noisy_diagram[blur],OK,D,is_a,point
38,7,full_text + noisy_diagram[blur],OK,AB,is_a,segment
38,7,full_text + noisy_diagram[blur],OK,AC,is_a,segment
38,7,full_text + noisy_diagram[blur],OK,AD,is_a,segment
38,7,full_text + noisy_diagram[blur],OK,BC,is_a,segment
38,7,full_text + noisy_diagram[blur],OK,ABC,is_a,triangle
38,7,full_text + noisy_diagram[blur],OK,AB,has_measure,AC
38,7,full_text + noisy_diagram[blur],OK,AD,parallel_to,BC
38,7,full_text + noisy_diagram[blur],OK,D,lies_on,"right_of, A"
38,7,full_text + noisy_diagram[blur],OK,∠CAD,is_a,angle
38,7,full_text + noisy_diagram[blur],OK,∠CAD,has_measure,70_deg
38,7,full_text + noisy_diagram[blur],OK,?,is_a,angle
38,7,full_text + noisy_diagram[blur],OK,BAC,is_a,angle
,,,,,,
40,7,full_text + noisy_diagram[blur],OK,a,is_a,line
40,7,full_text + noisy_diagram[blur],OK,b,is_a,line
40,7,full_text + noisy_diagram[blur],OK,c,is_a,line
40,7,full_text + noisy_diagram[blur],OK,a,parallel_to,b
40,7,full_text + noisy_diagram[blur],OK,c,intersects,a
40,7,full_text + noisy_diagram[blur],OK,c,intersects,b
40,7,full_text + noisy_diagram[blur],OK,E,is_a,point
40,7,full_text + noisy_diagram[blur],OK,F,is_a,point
40,7,full_text + noisy_diagram[blur],OK,A,is_a,point
40,7,full_text + noisy_diagram[blur],OK,B,is_a,point
40,7,full_text + noisy_diagram[blur],OK,C,is_a,point
40,7,full_text + noisy_diagram[blur],OK,D,is_a,point
40,7,full_text + noisy_diagram[blur],OK,A,lies_on,a
40,7,full_text + noisy_diagram[blur],OK,B,lies_on,b
40,7,full_text + noisy_diagram[blur],OK,C,lies_on,c
40,7,full_text + noisy_diagram[blur],OK,D,lies_on,c
40,7,full_text + noisy_diagram[blur],OK,E,lies_on,a
40,7,full_text + noisy_diagram[blur],OK,F,lies_on,b
40,7,full_text + noisy_diagram[blur],OK,c,connects,E
40,7,full_text + noisy_diagram[blur],OK,c,connects,F
40,7,full_text + noisy_diagram[blur],OK,AEC,is_a,angle
40,7,full_text + noisy_diagram[blur],OK,AEC,has_measure,50_deg
40,7,full_text + noisy_diagram[blur],OK,BFD,is_a,angle
,,,,,,
43,7,full_text + noisy_diagram[blur],OK,A,is_a,point
43,7,full_text + noisy_diagram[blur],OK,B,is_a,point
43,7,full_text + noisy_diagram[blur],OK,O,is_a,point
43,7,full_text + noisy_diagram[blur],OK,D,is_a,point
43,7,full_text + noisy_diagram[blur],OK,C,is_a,point
43,7,full_text + noisy_diagram[blur],OK,OAB,is_a,triangle
43,7,full_text + noisy_diagram[blur],OK,OD,is_a,segment
43,7,full_text + noisy_diagram[blur],OK,OC,is_a,segment
43,7,full_text + noisy_diagram[blur],OK,OA,is_a,segment
43,7,full_text + noisy_diagram[blur],OK,OB,is_a,segment
43,7,full_text + noisy_diagram[blur],OK,A,mapped_to,D
43,7,full_text + noisy_diagram[blur],OK,B,mapped_to,C
43,7,full_text + noisy_diagram[blur],OK,OAB,rotated_about,O
43,7,full_text + noisy_diagram[blur],OK,OAB,rotated_about,30_deg
43,7,full_text + noisy_diagram[blur],OK,OD,mapped_to,OA
43,7,full_text + noisy_diagram[blur],OK,OC,mapped_to,OB
43,7,full_text + noisy_diagram[blur],OK,AOC,is_a,angle
43,7,full_text + noisy_diagram[blur],OK,AOC,has_measure,100_deg
43,7,full_text + noisy_diagram[blur],OK,DOB,is_a,angle
,,,,,,
44,7,full_text + noisy_diagram[blur],OK,A,is_a,point
44,7,full_text + noisy_diagram[blur],OK,B,is_a,point
44,7,full_text + noisy_diagram[blur],OK,AB,is_a,segment
44,7,full_text + noisy_diagram[blur],OK,AB,has_measure,30_units
44,7,full_text + noisy_diagram[blur],OK,X,is_a,point
44,7,full_text + noisy_diagram[blur],OK,Y,is_a,point
44,7,full_text + noisy_diagram[blur],OK,XY,is_a,segment
44,7,full_text + noisy_diagram[blur],OK,XY,has_measure,25_units
44,7,full_text + noisy_diagram[blur],OK,X,connects,A
44,7,full_text + noisy_diagram[blur],OK,Y,connects,B
44,7,full_text + noisy_diagram[blur],OK,Xiaogang,is_a,person
44,7,full_text + noisy_diagram[blur],OK,Xiaogang,has_measure,1.5_units
44,7,full_text + noisy_diagram[blur],OK,Height,is_a,?
,,,,,,
45,7,full_text + noisy_diagram[blur],OK,O,is_a,point
45,7,full_text + noisy_diagram[blur],OK,A,is_a,point
45,7,full_text + noisy_diagram[blur],OK,B,is_a,point
45,7,full_text + noisy_diagram[blur],OK,C,is_a,point
45,7,full_text + noisy_diagram[blur],OK,O,is_a,center
45,7,full_text + noisy_diagram[blur],OK,A,lies_on,circle
45,7,full_text + noisy_diagram[blur],OK,B,lies_on,circle
45,7,full_text + noisy_diagram[blur],OK,C,lies_on,circle
45,7,full_text + noisy_diagram[blur],OK,O,center_of,circle
45,7,full_text + noisy_diagram[blur],OK,AO,is_a,segment
45,7,full_text + noisy_diagram[blur],OK,BO,is_a,segment
45,7,full_text + noisy_diagram[blur],OK,AC,is_a,segment
45,7,full_text + noisy_diagram[blur],OK,BC,is_a,segment
45,7,full_text + noisy_diagram[blur],OK,∠ACB,is_a,angle
45,7,full_text + noisy_diagram[blur],OK,∠ACB,has_measure,35_deg
45,7,full_text + noisy_diagram[blur],OK,?,is_a,angle
,,,,,,
46,7,full_text + noisy_diagram[blur],OK,A,is_a,point
46,7,full_text + noisy_diagram[blur],OK,B,is_a,point
46,7,full_text + noisy_diagram[blur],OK,C,is_a,point
46,7,full_text + noisy_diagram[blur],OK,D,is_a,point
46,7,full_text + noisy_diagram[blur],OK,AB,is_a,line
46,7,full_text + noisy_diagram[blur],OK,CD,is_a,line
46,7,full_text + noisy_diagram[blur],OK,AB,parallel_to,CD
46,7,full_text + noisy_diagram[blur],OK,transversal,is_a,line
46,7,full_text + noisy_diagram[blur],OK,transversal,intersects,AB
46,7,full_text + noisy_diagram[blur],OK,transversal,intersects,CD
46,7,full_text + noisy_diagram[blur],OK,angle,is_a,angle
46,7,full_text + noisy_diagram[blur],OK,angle,has_measure,70_deg
46,7,full_text + noisy_diagram[blur],OK,angle1,is_a,angle
46,7,full_text + noisy_diagram[blur],OK,AB,connects,A
46,7,full_text + noisy_diagram[blur],OK,AB,connects,B
46,7,full_text + noisy_diagram[blur],OK,CD,connects,C
46,7,full_text + noisy_diagram[blur],OK,CD,connects,D
46,7,full_text + noisy_diagram[blur],OK,transversal,connects,A
46,7,full_text + noisy_diagram[blur],OK,transversal,connects,C
46,7,full_text + noisy_diagram[blur],OK,transversal,connects,D
46,7,full_text + noisy_diagram[blur],OK,angle,lies_on,A
46,7,full_text + noisy_diagram[blur],OK,angle1,lies_on,C
,,,,,,
48,7,full_text + noisy_diagram[blur],OK,O,is_a,point
48,7,full_text + noisy_diagram[blur],OK,A,is_a,point
48,7,full_text + noisy_diagram[blur],OK,B,is_a,point
48,7,full_text + noisy_diagram[blur],OK,C,is_a,point
48,7,full_text + noisy_diagram[blur],OK,O,center_of,circle
48,7,full_text + noisy_diagram[blur],OK,A,lies_on,circle
48,7,full_text + noisy_diagram[blur],OK,B,lies_on,circle
48,7,full_text + noisy_diagram[blur],OK,C,lies_on,circle
48,7,full_text + noisy_diagram[blur],OK,BOC,is_a,angle
48,7,full_text + noisy_diagram[blur],OK,BOC,has_measure,100_deg
48,7,full_text + noisy_diagram[blur],OK,BAC,is_a,angle
48,7,full_text + noisy_diagram[blur],OK,BAC,has_measure,?
,,,,,,
49,7,full_text + noisy_diagram[blur],OK,A,is_a,point
49,7,full_text + noisy_diagram[blur],OK,B,is_a,point
49,7,full_text + noisy_diagram[blur],OK,C,is_a,point
49,7,full_text + noisy_diagram[blur],OK,D,is_a,point
49,7,full_text + noisy_diagram[blur],OK,E,is_a,point
49,7,full_text + noisy_diagram[blur],OK,O,is_a,point
49,7,full_text + noisy_diagram[blur],OK,AB,is_a,segment
49,7,full_text + noisy_diagram[blur],OK,AC,is_a,segment
49,7,full_text + noisy_diagram[blur],OK,AE,is_a,segment
49,7,full_text + noisy_diagram[blur],OK,AD,is_a,segment
49,7,full_text + noisy_diagram[blur],OK,BC,is_a,segment
49,7,full_text + noisy_diagram[blur],OK,CD,is_a,segment
49,7,full_text + noisy_diagram[blur],OK,DE,is_a,segment
49,7,full_text + noisy_diagram[blur],OK,∠BAC,is_a,angle
49,7,full_text + noisy_diagram[blur],OK,∠AED,is_a,angle
49,7,full_text + noisy_diagram[blur],OK,A,lies_on,circle
49,7,full_text + noisy_diagram[blur],OK,B,lies_on,circle
49,7,full_text + noisy_diagram[blur],OK,C,lies_on,circle
49,7,full_text + noisy_diagram[blur],OK,D,lies_on,circle
49,7,full_text + noisy_diagram[blur],OK,E,lies_on,circle
49,7,full_text + noisy_diagram[blur],OK,O,center_of,circle
49,7,full_text + noisy_diagram[blur],OK,AB,connects,A
49,7,full_text + noisy_diagram[blur],OK,AB,connects,B
49,7,full_text + noisy_diagram[blur],OK,AC,connects,A
49,7,full_text + noisy_diagram[blur],OK,AC,connects,C
49,7,full_text + noisy_diagram[blur],OK,AE,connects,A
49,7,full_text + noisy_diagram[blur],OK,AE,connects,E
49,7,full_text + noisy_diagram[blur],OK,AD,connects,A
49,7,full_text + noisy_diagram[blur],OK,AD,connects,D
49,7,full_text + noisy_diagram[blur],OK,BC,connects,B
49,7,full_text + noisy_diagram[blur],OK,BC,connects,C
49,7,full_text + noisy_diagram[blur],OK,CD,connects,C
49,7,full_text + noisy_diagram[blur],OK,CD,connects,D
49,7,full_text + noisy_diagram[blur],OK,DE,connects,D
49,7,full_text + noisy_diagram[blur],OK,DE,connects,E
49,7,full_text + noisy_diagram[blur],OK,∠BAC,has_measure,35_deg
49,7,full_text + noisy_diagram[blur],OK,∠AED,has_measure,115_deg
,,,,,,
50,7,full_text + noisy_diagram[blur],OK,A,is_a,point
50,7,full_text + noisy_diagram[blur],OK,B,is_a,point)
50,7,full_text + noisy_diagram[blur],OK,C,is_a,point)
50,7,full_text + noisy_diagram[blur],OK,D,is_a,point)
50,7,full_text + noisy_diagram[blur],OK,E,is_a,point)
50,7,full_text + noisy_diagram[blur],OK,O,is_a,point)
50,7,full_text + noisy_diagram[blur],OK,AB,is_a,line)
50,7,full_text + noisy_diagram[blur],OK,CD,is_a,line)
50,7,full_text + noisy_diagram[blur],OK,EO,is_a,line)
50,7,full_text + noisy_diagram[blur],OK,AB,intersects,CD)
50,7,full_text + noisy_diagram[blur],OK,AB,intersects,EO)
50,7,full_text + noisy_diagram[blur],OK,CD,intersects,EO)
50,7,full_text + noisy_diagram[blur],OK,AB,connects,O)
50,7,full_text + noisy_diagram[blur],OK,CD,connects,O)
50,7,full_text + noisy_diagram[blur],OK,EO,connects,O)
50,7,full_text + noisy_diagram[blur],OK,EO,perpendicular_to,AB)
50,7,full_text + noisy_diagram[blur],OK,BOD,is_a,angle)
50,7,full_text + noisy_diagram[blur],OK,BOD,has_measure,50_deg)
50,7,full_text + noisy_diagram[blur],OK,COE,is_a,angle)
50,7,full_text + noisy_diagram[blur],OK,COE,has_measure,?)
,,,,,,
53,7,full_text + noisy_diagram[blur],OK,a,is_a,line
53,7,full_text + noisy_diagram[blur],OK,c,is_a,point
53,7,full_text + noisy_diagram[blur],OK,55_deg,is_a,angle
53,7,full_text + noisy_diagram[blur],OK,55_deg,has_measure,55
53,7,full_text + noisy_diagram[blur],OK,b,is_a,line
53,7,full_text + noisy_diagram[blur],OK,?,is_a,angle
53,7,full_text + noisy_diagram[blur],OK,?,has_measure,?
53,7,full_text + noisy_diagram[blur],OK,a,parallel_to,b
53,7,full_text + noisy_diagram[blur],OK,c,lies_on,a
53,7,full_text + noisy_diagram[blur],OK,?,is_a,transversal
53,7,full_text + noisy_diagram[blur],OK,?,intersects,a
53,7,full_text + noisy_diagram[blur],OK,?,intersects,b
53,7,full_text + noisy_diagram[blur],OK,e,is_a,point
53,7,full_text + noisy_diagram[blur],OK,e,lies_on,a
53,7,full_text + noisy_diagram[blur],OK,f,is_a,point
53,7,full_text + noisy_diagram[blur],OK,f,lies_on,b
53,7,full_text + noisy_diagram[blur],OK,c,lies_on,?
53,7,full_text + noisy_diagram[blur],OK,d,is_a,point
53,7,full_text + noisy_diagram[blur],OK,d,lies_on,?
53,7,full_text + noisy_diagram[blur],OK,aec,is_a,angle
53,7,full_text + noisy_diagram[blur],OK,aec,has_measure,55_deg
53,7,full_text + noisy_diagram[blur],OK,b,is_a,point
53,7,full_text + noisy_diagram[blur],OK,b,lies_on,?
,,,,,,
55,7,full_text + noisy_diagram[blur],OK,A,is_a,point
55,7,full_text + noisy_diagram[blur],OK,B,is_a,point)
55,7,full_text + noisy_diagram[blur],OK,C,is_a,point)
55,7,full_text + noisy_diagram[blur],OK,D,is_a,point)
55,7,full_text + noisy_diagram[blur],OK,O,is_a,point)
55,7,full_text + noisy_diagram[blur],OK,M,is_a,line)
55,7,full_text + noisy_diagram[blur],OK,N,is_a,line)
55,7,full_text + noisy_diagram[blur],OK,AB,is_a,line)
55,7,full_text + noisy_diagram[blur],OK,CD,is_a,line)
55,7,full_text + noisy_diagram[blur],OK,OM,is_a,line)
55,7,full_text + noisy_diagram[blur],OK,ON,is_a,line)
55,7,full_text + noisy_diagram[blur],OK,AOC,is_a,angle)
55,7,full_text + noisy_diagram[blur],OK,CON,is_a,angle)
55,7,full_text + noisy_diagram[blur],OK,AB,intersects,CD)
55,7,full_text + noisy_diagram[blur],OK,AB,intersects,O)
55,7,full_text + noisy_diagram[blur],OK,CD,intersects,O)
55,7,full_text + noisy_diagram[blur],OK,OM,bisects,AOC)
55,7,full_text + noisy_diagram[blur],OK,ON,perpendicular_to,OM)
55,7,full_text + noisy_diagram[blur],OK,AOC,has_measure,70_deg)
,,,,,,
56,7,full_text + noisy_diagram[blur],OK,O,is_a,point
56,7,full_text + noisy_diagram[blur],OK,C,is_a,point
56,7,full_text + noisy_diagram[blur],OK,D,is_a,point
56,7,full_text + noisy_diagram[blur],OK,E,is_a,point
56,7,full_text + noisy_diagram[blur],OK,F,is_a,point
56,7,full_text + noisy_diagram[blur],OK,G,is_a,point
56,7,full_text + noisy_diagram[blur],OK,CD,is_a,segment
56,7,full_text + noisy_diagram[blur],OK,EF,is_a,segment
56,7,full_text + noisy_diagram[blur],OK,O,center_of,circle
56,7,full_text + noisy_diagram[blur],OK,CD,diameter_of,circle
56,7,full_text + noisy_diagram[blur],OK,EF,intersects,CD
56,7,full_text + noisy_diagram[blur],OK,EF,intersects,G
56,7,full_text + noisy_diagram[blur],OK,G,is_a,"midpoint_of, EF"
56,7,full_text + noisy_diagram[blur],OK,C,lies_on,circle
56,7,full_text + noisy_diagram[blur],OK,E,lies_on,circle
56,7,full_text + noisy_diagram[blur],OK,F,lies_on,circle
56,7,full_text + noisy_diagram[blur],OK,∠DCF,is_a,angle
56,7,full_text + noisy_diagram[blur],OK,∠DCF,has_measure,20_deg
56,7,full_text + noisy_diagram[blur],OK,∠EOD,is_a,angle
56,7,full_text + noisy_diagram[blur],OK,G,lies_on,CD
56,7,full_text + noisy_diagram[blur],OK,CD,connects,C
56,7,full_text + noisy_diagram[blur],OK,CD,connects,D
56,7,full_text + noisy_diagram[blur],OK,EF,connects,E
56,7,full_text + noisy_diagram[blur],OK,EF,connects,F
,,,,,,
57,7,full_text + noisy_diagram[blur],OK,A,is_a,point
57,7,full_text + noisy_diagram[blur],OK,B,is_a,point
57,7,full_text + noisy_diagram[blur],OK,C,is_a,point
57,7,full_text + noisy_diagram[blur],OK,D,is_a,point
57,7,full_text + noisy_diagram[blur],OK,E,is_a,point
57,7,full_text + noisy_diagram[blur],OK,AB,is_a,segment
57,7,full_text + noisy_diagram[blur],OK,CD,is_a,segment
57,7,full_text + noisy_diagram[blur],OK,AD,is_a,segment
57,7,full_text + noisy_diagram[blur],OK,BC,is_a,segment
57,7,full_text + noisy_diagram[blur],OK,AB,parallel_to,CD
57,7,full_text + noisy_diagram[blur],OK,AB,is_a,horizontal
57,7,full_text + noisy_diagram[blur],OK,CD,is_a,horizontal
57,7,full_text + noisy_diagram[blur],OK,C,lies_on,CD
57,7,full_text + noisy_diagram[blur],OK,D,lies_on,CD
57,7,full_text + noisy_diagram[blur],OK,A,lies_on,AB
57,7,full_text + noisy_diagram[blur],OK,B,lies_on,AB
57,7,full_text + noisy_diagram[blur],OK,AD,intersects,BC
57,7,full_text + noisy_diagram[blur],OK,E,is_a,intersection_point
57,7,full_text + noisy_diagram[blur],OK,∠ABC,has_measure,20_deg
57,7,full_text + noisy_diagram[blur],OK,CD,is_a,lower_line
57,7,full_text + noisy_diagram[blur],OK,AB,is_a,upper_line
57,7,full_text + noisy_diagram[blur],OK,E,lies_on,AD
57,7,full_text + noisy_diagram[blur],OK,E,lies_on,BC
57,7,full_text + noisy_diagram[blur],OK,E,is_between,AB
57,7,full_text + noisy_diagram[blur],OK,E,is_between,CD
,,,,,,
58,7,full_text + noisy_diagram[blur],OK,A,is_a,point
58,7,full_text + noisy_diagram[blur],OK,E,is_a,point
58,7,full_text + noisy_diagram[blur],OK,B,is_a,point
58,7,full_text + noisy_diagram[blur],OK,AB,is_a,segment
58,7,full_text + noisy_diagram[blur],OK,AB,is_a,line
58,7,full_text + noisy_diagram[blur],OK,C,is_a,point
58,7,full_text + noisy_diagram[blur],OK,D,is_a,point
58,7,full_text + noisy_diagram[blur],OK,CD,is_a,segment
58,7,full_text + noisy_diagram[blur],OK,CD,is_a,line
58,7,full_text + noisy_diagram[blur],OK,E,lies_on,AB
58,7,full_text + noisy_diagram[blur],OK,C,lies_on,CD
58,7,full_text + noisy_diagram[blur],OK,D,lies_on,CD
58,7,full_text + noisy_diagram[blur],OK,EC,is_a,segment
58,7,full_text + noisy_diagram[blur],OK,ED,is_a,segment
58,7,full_text + noisy_diagram[blur],OK,∠CED,is_a,angle
58,7,full_text + noisy_diagram[blur],OK,∠CED,has_measure,90_deg
58,7,full_text + noisy_diagram[blur],OK,∠AEC,is_a,angle
58,7,full_text + noisy_diagram[blur],OK,∠AEC,has_measure,35_deg
58,7,full_text + noisy_diagram[blur],OK,AB,parallel_to,CD
58,7,full_text + noisy_diagram[blur],OK,A,collinear_with,E
58,7,full_text + noisy_diagram[blur],OK,E,collinear_with,B
58,7,full_text + noisy_diagram[blur],OK,∠CDE,is_a,angle
58,7,full_text + noisy_diagram[blur],OK,∠CDE,has_measure,?
,,,,,,
59,7,full_text + noisy_diagram[blur],OK,A,is_a,point
59,7,full_text + noisy_diagram[blur],OK,B,is_a,point
59,7,full_text + noisy_diagram[blur],OK,C,is_a,point
59,7,full_text + noisy_diagram[blur],OK,D,is_a,point
59,7,full_text + noisy_diagram[blur],OK,AB,is_a,segment
59,7,full_text + noisy_diagram[blur],OK,CD,is_a,segment
59,7,full_text + noisy_diagram[blur],OK,A,lies_on,AB
59,7,full_text + noisy_diagram[blur],OK,B,lies_on,AB
59,7,full_text + noisy_diagram[blur],OK,C,lies_on,CD
59,7,full_text + noisy_diagram[blur],OK,D,lies_on,CD
59,7,full_text + noisy_diagram[blur],OK,AB,parallel_to,CD
59,7,full_text + noisy_diagram[blur],OK,AC,is_a,segment
59,7,full_text + noisy_diagram[blur],OK,AD,is_a,segment
59,7,full_text + noisy_diagram[blur],OK,AD,bisects,∠BAC
59,7,full_text + noisy_diagram[blur],OK,∠ACD,is_a,angle
59,7,full_text + noisy_diagram[blur],OK,∠ACD,has_measure,80_deg
59,7,full_text + noisy_diagram[blur],OK,∠CDA,is_a,angle
,,,,,,
60,7,full_text + noisy_diagram[blur],OK,A,is_a,point
60,7,full_text + noisy_diagram[blur],OK,B,is_a,point
60,7,full_text + noisy_diagram[blur],OK,C,is_a,point
60,7,full_text + noisy_diagram[blur],OK,D,is_a,point
60,7,full_text + noisy_diagram[blur],OK,AB,is_a,segment
60,7,full_text + noisy_diagram[blur],OK,CD,is_a,segment
60,7,full_text + noisy_diagram[blur],OK,AB,parallel_to,CD
60,7,full_text + noisy_diagram[blur],OK,∠2,is_a,angle
60,7,full_text + noisy_diagram[blur],OK,∠2,has_measure,135_deg
60,7,full_text + noisy_diagram[blur],OK,∠1,is_a,angle
60,7,full_text + noisy_diagram[blur],OK,AB,intersects,CD
60,7,full_text + noisy_diagram[blur],OK,AB,connects,A
60,7,full_text + noisy_diagram[blur],OK,AB,connects,B
60,7,full_text + noisy_diagram[blur],OK,CD,connects,C
60,7,full_text + noisy_diagram[blur],OK,CD,connects,D
,,,,,,
64,7,full_text + noisy_diagram[blur],OK,O,is_a,point
64,7,full_text + noisy_diagram[blur],OK,O,center_of,circle
64,7,full_text + noisy_diagram[blur],OK,AB,is_a,segment
64,7,full_text + noisy_diagram[blur],OK,A,is_a,point
64,7,full_text + noisy_diagram[blur],OK,B,is_a,point
64,7,full_text + noisy_diagram[blur],OK,A,lies_on,circle
64,7,full_text + noisy_diagram[blur],OK,B,lies_on,circle
64,7,full_text + noisy_diagram[blur],OK,O,connects,AB
64,7,full_text + noisy_diagram[blur],OK,AB,has_measure,160_units
64,7,full_text + noisy_diagram[blur],OK,circle,diameter_of,AB
64,7,full_text + noisy_diagram[blur],OK,AB,diameter_of,circle
64,7,full_text + noisy_diagram[blur],OK,circle,has_measure,200_units
64,7,full_text + noisy_diagram[blur],OK,depth,is_a,?
,,,,,,
72,7,full_text + noisy_diagram[blur],OK,AB,is_a,segment
72,7,full_text + noisy_diagram[blur],OK,BC,is_a,segment
72,7,full_text + noisy_diagram[blur],OK,CD,is_a,segment
72,7,full_text + noisy_diagram[blur],OK,DA,is_a,segment
72,7,full_text + noisy_diagram[blur],OK,AB + BC + CD + DA,has_measure,16
72,7,full_text + noisy_diagram[blur],OK,ABCD,is_a,parallelogram
72,7,full_text + noisy_diagram[blur],OK,AC,is_a,diagonal
72,7,full_text + noisy_diagram[blur],OK,BD,is_a,diagonal
72,7,full_text + noisy_diagram[blur],OK,AC,intersects,BD
72,7,full_text + noisy_diagram[blur],OK,O,is_a,point
72,7,full_text + noisy_diagram[blur],OK,AC,connects,O
72,7,full_text + noisy_diagram[blur],OK,BD,connects,O
72,7,full_text + noisy_diagram[blur],OK,O,is_a,intersection_point
72,7,full_text + noisy_diagram[blur],OK,line,is_a,line
72,7,full_text + noisy_diagram[blur],OK,line,connects,O
72,7,full_text + noisy_diagram[blur],OK,line,perpendicular_to,AC
72,7,full_text + noisy_diagram[blur],OK,AD,is_a,segment
72,7,full_text + noisy_diagram[blur],OK,line,meets,AD
72,7,full_text + noisy_diagram[blur],OK,E,is_a,point
72,7,full_text + noisy_diagram[blur],OK,line,connects,E
72,7,full_text + noisy_diagram[blur],OK,AD,connects,E
72,7,full_text + noisy_diagram[blur],OK,DCE,is_a,triangle
72,7,full_text + noisy_diagram[blur],OK,perimeter_of_DCE,is_a,query_target
,,,,,,
73,7,full_text + noisy_diagram[blur],OK,A,is_a,point
73,7,full_text + noisy_diagram[blur],OK,B,is_a,point
73,7,full_text + noisy_diagram[blur],OK,C,is_a,point
73,7,full_text + noisy_diagram[blur],OK,O,is_a,point
73,7,full_text + noisy_diagram[blur],OK,ABC,is_a,triangle
73,7,full_text + noisy_diagram[blur],OK,AB,is_a,segment
73,7,full_text + noisy_diagram[blur],OK,BC,is_a,segment
73,7,full_text + noisy_diagram[blur],OK,CA,is_a,segment
73,7,full_text + noisy_diagram[blur],OK,AO,is_a,segment
73,7,full_text + noisy_diagram[blur],OK,BO,is_a,segment
73,7,full_text + noisy_diagram[blur],OK,CO,is_a,segment
73,7,full_text + noisy_diagram[blur],OK,A,lies_on,circle
73,7,full_text + noisy_diagram[blur],OK,B,lies_on,circle
73,7,full_text + noisy_diagram[blur],OK,C,lies_on,circle
73,7,full_text + noisy_diagram[blur],OK,ABC,inscribed_in,circle
73,7,full_text + noisy_diagram[blur],OK,O,center_of,circle
73,7,full_text + noisy_diagram[blur],OK,AB,connects,A
73,7,full_text + noisy_diagram[blur],OK,AB,connects,B
73,7,full_text + noisy_diagram[blur],OK,BC,connects,B
73,7,full_text + noisy_diagram[blur],OK,BC,connects,C
73,7,full_text + noisy_diagram[blur],OK,CA,connects,C
73,7,full_text + noisy_diagram[blur],OK,CA,connects,A
73,7,full_text + noisy_diagram[blur],OK,AO,connects,A
73,7,full_text + noisy_diagram[blur],OK,AO,connects,O
73,7,full_text + noisy_diagram[blur],OK,BO,connects,B
73,7,full_text + noisy_diagram[blur],OK,BO,connects,O
73,7,full_text + noisy_diagram[blur],OK,CO,connects,C
73,7,full_text + noisy_diagram[blur],OK,CO,connects,O
73,7,full_text + noisy_diagram[blur],OK,∠ABC,has_measure,70_deg
,,,,,,
78,7,full_text + noisy_diagram[blur],OK,A,is_a,point
78,7,full_text + noisy_diagram[blur],OK,B,is_a,point
78,7,full_text + noisy_diagram[blur],OK,AB,is_a,segment
78,7,full_text + noisy_diagram[blur],OK,C,is_a,point
78,7,full_text + noisy_diagram[blur],OK,D,is_a,point
78,7,full_text + noisy_diagram[blur],OK,CD,is_a,segment
78,7,full_text + noisy_diagram[blur],OK,E,is_a,point
78,7,full_text + noisy_diagram[blur],OK,AB,parallel_to,CD
78,7,full_text + noisy_diagram[blur],OK,A,lies_on,AB
78,7,full_text + noisy_diagram[blur],OK,B,lies_on,AB
78,7,full_text + noisy_diagram[blur],OK,C,lies_on,CD
78,7,full_text + noisy_diagram[blur],OK,E,lies_on,CD
78,7,full_text + noisy_diagram[blur],OK,D,lies_on,CD
78,7,full_text + noisy_diagram[blur],OK,AC,is_a,segment
78,7,full_text + noisy_diagram[blur],OK,AE,is_a,segment
78,7,full_text + noisy_diagram[blur],OK,ACE,is_a,angle
78,7,full_text + noisy_diagram[blur],OK,ACE,has_measure,70_deg
78,7,full_text + noisy_diagram[blur],OK,AE,bisects,∠CAB
78,7,full_text + noisy_diagram[blur],OK,AE,intersects,CD
78,7,full_text + noisy_diagram[blur],OK,AE,intersects,"CD, at, E"
78,7,full_text + noisy_diagram[blur],OK,∠AED,is_a,angle
78,7,full_text + noisy_diagram[blur],OK,∠AED,has_measure,?
,,,,,,
79,7,full_text + noisy_diagram[blur],OK,AB,is_a,segment
79,7,full_text + noisy_diagram[blur],OK,BC,is_a,segment
79,7,full_text + noisy_diagram[blur],OK,CD,is_a,segment
79,7,full_text + noisy_diagram[blur],OK,DA,is_a,segment
79,7,full_text + noisy_diagram[blur],OK,AB + BC + CD + DA,has_measure,32
79,7,full_text + noisy_diagram[blur],OK,ABCD,is_a,parallelogram
79,7,full_text + noisy_diagram[blur],OK,AC,is_a,diagonal
79,7,full_text + noisy_diagram[blur],OK,BD,is_a,diagonal
79,7,full_text + noisy_diagram[blur],OK,AC,intersects,BD
79,7,full_text + noisy_diagram[blur],OK,O,is_a,point
79,7,full_text + noisy_diagram[blur],OK,O,lies_on,AC
79,7,full_text + noisy_diagram[blur],OK,O,lies_on,BD
79,7,full_text + noisy_diagram[blur],OK,E,is_a,point
79,7,full_text + noisy_diagram[blur],OK,E,lies_on,AD
79,7,full_text + noisy_diagram[blur],OK,CE,is_a,segment
79,7,full_text + noisy_diagram[blur],OK,ED,is_a,segment
79,7,full_text + noisy_diagram[blur],OK,CE + ED,has_measure,AD
79,7,full_text + noisy_diagram[blur],OK,Perimeter of triangle DCE,is_a,query_target
,,,,,,
81,7,full_text + noisy_diagram[blur],OK,A,is_a,point
81,7,full_text + noisy_diagram[blur],OK,B,is_a,point
81,7,full_text + noisy_diagram[blur],OK,C,is_a,point
81,7,full_text + noisy_diagram[blur],OK,D,is_a,point
81,7,full_text + noisy_diagram[blur],OK,E,is_a,point
81,7,full_text + noisy_diagram[blur],OK,ABC,is_a,triangle
81,7,full_text + noisy_diagram[blur],OK,∠BAC,is_a,angle
81,7,full_text + noisy_diagram[blur],OK,∠ABC,is_a,angle
81,7,full_text + noisy_diagram[blur],OK,∠BAC,has_measure,90_deg
81,7,full_text + noisy_diagram[blur],OK,∠ABC,has_measure,50_deg
81,7,full_text + noisy_diagram[blur],OK,D,lies_on,BC
81,7,full_text + noisy_diagram[blur],OK,AD,is_a,segment
81,7,full_text + noisy_diagram[blur],OK,AD,perpendicular_to,BC
81,7,full_text + noisy_diagram[blur],OK,E,lies_on,BC
81,7,full_text + noisy_diagram[blur],OK,AE,is_a,segment
81,7,full_text + noisy_diagram[blur],OK,AE,bisects,∠DAC
81,7,full_text + noisy_diagram[blur],OK,DAE,is_a,angle
81,7,full_text + noisy_diagram[blur],OK,DAE,has_measure,?
,,,,,,
84,7,full_text + noisy_diagram[blur],OK,A,is_a,point
84,7,full_text + noisy_diagram[blur],OK,B,is_a,point
84,7,full_text + noisy_diagram[blur],OK,C,is_a,point
84,7,full_text + noisy_diagram[blur],OK,O,is_a,point
84,7,full_text + noisy_diagram[blur],OK,ABC,is_a,triangle
84,7,full_text + noisy_diagram[blur],OK,O,is_a,center
84,7,full_text + noisy_diagram[blur],OK,AO,is_a,segment
84,7,full_text + noisy_diagram[blur],OK,BO,is_a,segment
84,7,full_text + noisy_diagram[blur],OK,CO,is_a,segment
84,7,full_text + noisy_diagram[blur],OK,AO,has_measure,1.0
84,7,full_text + noisy_diagram[blur],OK,BO,has_measure,1.0
84,7,full_text + noisy_diagram[blur],OK,CO,has_measure,1.0
84,7,full_text + noisy_diagram[blur],OK,ABC,lies_on,circle
84,7,full_text + noisy_diagram[blur],OK,O,center_of,circle
84,7,full_text + noisy_diagram[blur],OK,AO,radius_of,circle
84,7,full_text + noisy_diagram[blur],OK,BO,radius_of,circle
84,7,full_text + noisy_diagram[blur],OK,CO,radius_of,circle
84,7,full_text + noisy_diagram[blur],OK,∠BAC,is_a,angle
84,7,full_text + noisy_diagram[blur],OK,∠BAC,has_measure,60_deg
84,7,full_text + noisy_diagram[blur],OK,BC,is_a,segment
84,7,full_text + noisy_diagram[blur],OK,BC,has_measure,?
,,,,,,
86,7,full_text + noisy_diagram[blur],OK,A,is_a,point
86,7,full_text + noisy_diagram[blur],OK,B,is_a,point
86,7,full_text + noisy_diagram[blur],OK,C,is_a,point
86,7,full_text + noisy_diagram[blur],OK,O,is_a,point
86,7,full_text + noisy_diagram[blur],OK,AB,is_a,segment
86,7,full_text + noisy_diagram[blur],OK,BC,is_a,segment
86,7,full_text + noisy_diagram[blur],OK,CA,is_a,segment
86,7,full_text + noisy_diagram[blur],OK,OB,is_a,segment
86,7,full_text + noisy_diagram[blur],OK,OC,is_a,segment
86,7,full_text + noisy_diagram[blur],OK,ABC,is_a,triangle
86,7,full_text + noisy_diagram[blur],OK,O,is_a,circle
86,7,full_text + noisy_diagram[blur],OK,A,lies_on,O
86,7,full_text + noisy_diagram[blur],OK,B,lies_on,O
86,7,full_text + noisy_diagram[blur],OK,C,lies_on,O
86,7,full_text + noisy_diagram[blur],OK,O,center_of,O
86,7,full_text + noisy_diagram[blur],OK,O,radius_of,OB
86,7,full_text + noisy_diagram[blur],OK,O,radius_of,OC
86,7,full_text + noisy_diagram[blur],OK,OB,has_measure,2_units
86,7,full_text + noisy_diagram[blur],OK,OC,has_measure,2_units
86,7,full_text + noisy_diagram[blur],OK,∠BAC,is_a,angle
86,7,full_text + noisy_diagram[blur],OK,∠BAC,has_measure,60_deg
86,7,full_text + noisy_diagram[blur],OK,BC,is_a,query_target
,,,,,,
88,7,full_text + noisy_diagram[blur],OK,A,is_a,point
88,7,full_text + noisy_diagram[blur],OK,B,is_a,point
88,7,full_text + noisy_diagram[blur],OK,C,is_a,point
88,7,full_text + noisy_diagram[blur],OK,O,is_a,point
88,7,full_text + noisy_diagram[blur],OK,AB,is_a,segment
88,7,full_text + noisy_diagram[blur],OK,AC,is_a,segment
88,7,full_text + noisy_diagram[blur],OK,BC,is_a,segment
88,7,full_text + noisy_diagram[blur],OK,AO,is_a,segment
88,7,full_text + noisy_diagram[blur],OK,BO,is_a,segment
88,7,full_text + noisy_diagram[blur],OK,CO,is_a,segment
88,7,full_text + noisy_diagram[blur],OK,A,lies_on,circle_O
88,7,full_text + noisy_diagram[blur],OK,B,lies_on,circle_O
88,7,full_text + noisy_diagram[blur],OK,C,lies_on,circle_O
88,7,full_text + noisy_diagram[blur],OK,O,center_of,circle_O
88,7,full_text + noisy_diagram[blur],OK,ABO,is_a,angle
88,7,full_text + noisy_diagram[blur],OK,ACO,is_a,angle
88,7,full_text + noisy_diagram[blur],OK,BOC,is_a,angle
88,7,full_text + noisy_diagram[blur],OK,ABO,has_measure,22_deg
88,7,full_text + noisy_diagram[blur],OK,ACO,has_measure,42_deg
88,7,full_text + noisy_diagram[blur],OK,BOC,has_measure,?
,,,,,,
95,7,full_text + noisy_diagram[blur],OK,O,is_a,point
95,7,full_text + noisy_diagram[blur],OK,OA,is_a,radius
95,7,full_text + noisy_diagram[blur],OK,OA,has_measure,?
95,7,full_text + noisy_diagram[blur],OK,O,center_of,circle
95,7,full_text + noisy_diagram[blur],OK,A,is_a,point
95,7,full_text + noisy_diagram[blur],OK,AB,is_a,segment
95,7,full_text + noisy_diagram[blur],OK,AB,has_measure,?
95,7,full_text + noisy_diagram[blur],OK,∠A,is_a,angle
95,7,full_text + noisy_diagram[blur],OK,∠A,has_measure,60_deg
95,7,full_text + noisy_diagram[blur],OK,B,is_a,point
95,7,full_text + noisy_diagram[blur],OK,BC,is_a,chord
95,7,full_text + noisy_diagram[blur],OK,BC,has_measure,?
95,7,full_text + noisy_diagram[blur],OK,C,is_a,point
95,7,full_text + noisy_diagram[blur],OK,OC,is_a,radius
95,7,full_text + noisy_diagram[blur],OK,OC,has_measure,?
95,7,full_text + noisy_diagram[blur],OK,D,is_a,point
95,7,full_text + noisy_diagram[blur],OK,ADC,is_a,angle
95,7,full_text + noisy_diagram[blur],OK,ADC,has_measure,90_deg
95,7,full_text + noisy_diagram[blur],OK,O,lies_on,circle
95,7,full_text + noisy_diagram[blur],OK,A,lies_on,circle
95,7,full_text + noisy_diagram[blur],OK,B,lies_on,circle
95,7,full_text + noisy_diagram[blur],OK,C,lies_on,circle
95,7,full_text + noisy_diagram[blur],OK,D,lies_on,circle
95,7,full_text + noisy_diagram[blur],OK,OA,connects,"O, A"
95,7,full_text + noisy_diagram[blur],OK,BC,connects,"B, C"
95,7,full_text + noisy_diagram[blur],OK,AB,connects,"A, B"
95,7,full_text + noisy_diagram[blur],OK,OC,connects,"O, C"
95,7,full_text + noisy_diagram[blur],OK,OA,intersects,"BC, D"
95,7,full_text + noisy_diagram[blur],OK,AB,intersects,"BC, D"
95,7,full_text + noisy_diagram[blur],OK,OC,intersects,"BC, D"
95,7,full_text + noisy_diagram[blur],OK,∠A,rotated_about,A
95,7,full_text + noisy_diagram[blur],OK,ADC,rotated_about,D
,,,,,,
99,7,full_text + noisy_diagram[blur],OK,A,is_a,point
99,7,full_text + noisy_diagram[blur],OK,B,is_a,point
99,7,full_text + noisy_diagram[blur],OK,C,is_a,point
99,7,full_text + noisy_diagram[blur],OK,D,is_a,point
99,7,full_text + noisy_diagram[blur],OK,O,is_a,point
99,7,full_text + noisy_diagram[blur],OK,AB,is_a,segment
99,7,full_text + noisy_diagram[blur],OK,CD,is_a,segment
99,7,full_text + noisy_diagram[blur],OK,O,center_of,circle
99,7,full_text + noisy_diagram[blur],OK,AB,diameter_of,circle
99,7,full_text + noisy_diagram[blur],OK,CD,is_a,chord
99,7,full_text + noisy_diagram[blur],OK,∠ADC,is_a,angle
99,7,full_text + noisy_diagram[blur],OK,∠ADC,has_measure,26_deg
99,7,full_text + noisy_diagram[blur],OK,∠CAB,is_a,angle
99,7,full_text + noisy_diagram[blur],OK,A,lies_on,circle
99,7,full_text + noisy_diagram[blur],OK,B,lies_on,circle
99,7,full_text + noisy_diagram[blur],OK,C,lies_on,circle
99,7,full_text + noisy_diagram[blur],OK,D,lies_on,circle
99,7,full_text + noisy_diagram[blur],OK,O,lies_on,circle
99,7,full_text + noisy_diagram[blur],OK,AB,connects,A
99,7,full_text + noisy_diagram[blur],OK,AB,connects,B
99,7,full_text + noisy_diagram[blur],OK,CD,connects,C
99,7,full_text + noisy_diagram[blur],OK,CD,connects,D
99,7,full_text + noisy_diagram[blur],OK,A,connects,C
99,7,full_text + noisy_diagram[blur],OK,A,connects,D
99,7,full_text + noisy_diagram[blur],OK,B,connects,C
99,7,full_text + noisy_diagram[blur],OK,B,connects,D
99,7,full_text + noisy_diagram[blur],OK,O,connects,A
99,7,full_text + noisy_diagram[blur],OK,O,connects,B
99,7,full_text + noisy_diagram[blur],OK,O,connects,C
99,7,full_text + noisy_diagram[blur],OK,O,connects,D
,,,,,,
108,7,full_text + noisy_diagram[blur],OK,A,is_a,point
108,7,full_text + noisy_diagram[blur],OK,B,is_a,point
108,7,full_text + noisy_diagram[blur],OK,C,is_a,point
108,7,full_text + noisy_diagram[blur],OK,D,is_a,point
108,7,full_text + noisy_diagram[blur],OK,O,is_a,point
108,7,full_text + noisy_diagram[blur],OK,AB,is_a,segment
108,7,full_text + noisy_diagram[blur],OK,CD,is_a,segment
108,7,full_text + noisy_diagram[blur],OK,OC,is_a,segment
108,7,full_text + noisy_diagram[blur],OK,CD,has_measure,8_units
108,7,full_text + noisy_diagram[blur],OK,OC,has_measure,5_units
108,7,full_text + noisy_diagram[blur],OK,O,center_of,arch
108,7,full_text + noisy_diagram[blur],OK,AB,is_a,width_of_water_surface
108,7,full_text + noisy_diagram[blur],OK,CD,connects,"C, D"
108,7,full_text + noisy_diagram[blur],OK,OC,connects,"O, C"
108,7,full_text + noisy_diagram[blur],OK,AB,connects,"A, B"
108,7,full_text + noisy_diagram[blur],OK,AB,is_a,query_target
,,,,,,
109,7,full_text + noisy_diagram[blur],OK,α,is_a,angle
109,7,full_text + noisy_diagram[blur],OK,α,has_measure,130_deg
109,7,full_text + noisy_diagram[blur],OK,A,is_a,point
109,7,full_text + noisy_diagram[blur],OK,B,is_a,point
109,7,full_text + noisy_diagram[blur],OK,C,is_a,point
109,7,full_text + noisy_diagram[blur],OK,D,is_a,point
109,7,full_text + noisy_diagram[blur],OK,E,is_a,point
109,7,full_text + noisy_diagram[blur],OK,AB,is_a,segment
109,7,full_text + noisy_diagram[blur],OK,AC,is_a,segment
109,7,full_text + noisy_diagram[blur],OK,DE,is_a,segment
109,7,full_text + noisy_diagram[blur],OK,EC,is_a,segment
109,7,full_text + noisy_diagram[blur],OK,D,lies_on,AB
109,7,full_text + noisy_diagram[blur],OK,E,lies_on,AC
109,7,full_text + noisy_diagram[blur],OK,DE,is_a,horizontal
109,7,full_text + noisy_diagram[blur],OK,β,is_a,angle
109,7,full_text + noisy_diagram[blur],OK,β,has_measure,?
109,7,full_text + noisy_diagram[blur],OK,BAC,is_a,angle
109,7,full_text + noisy_diagram[blur],OK,BAC,has_measure,90_deg
,,,,,,
112,7,full_text + noisy_diagram[blur],OK,A,is_a,point
112,7,full_text + noisy_diagram[blur],OK,O,is_a,point
112,7,full_text + noisy_diagram[blur],OK,B,is_a,point
112,7,full_text + noisy_diagram[blur],OK,AO,is_a,segment
112,7,full_text + noisy_diagram[blur],OK,OB,is_a,segment
112,7,full_text + noisy_diagram[blur],OK,AB,is_a,segment
112,7,full_text + noisy_diagram[blur],OK,AO,connects,A
112,7,full_text + noisy_diagram[blur],OK,AO,connects,O
112,7,full_text + noisy_diagram[blur],OK,OB,connects,O
112,7,full_text + noisy_diagram[blur],OK,OB,connects,B
112,7,full_text + noisy_diagram[blur],OK,AB,connects,A
112,7,full_text + noisy_diagram[blur],OK,AB,connects,B
112,7,full_text + noisy_diagram[blur],OK,AO,has_measure,?
112,7,full_text + noisy_diagram[blur],OK,OB,has_measure,0.7
112,7,full_text + noisy_diagram[blur],OK,AB,has_measure,2.5
112,7,full_text + noisy_diagram[blur],OK,AO,is_a,height
112,7,full_text + noisy_diagram[blur],OK,OB,is_a,radius
112,7,full_text + noisy_diagram[blur],OK,AB,is_a,slant_height
,,,,,,
114,7,full_text + noisy_diagram[blur],OK,O,is_a,point
114,7,full_text + noisy_diagram[blur],OK,A,is_a,point
114,7,full_text + noisy_diagram[blur],OK,B,is_a,point
114,7,full_text + noisy_diagram[blur],OK,OA,is_a,segment
114,7,full_text + noisy_diagram[blur],OK,OB,is_a,segment
114,7,full_text + noisy_diagram[blur],OK,OAB,is_a,sector
114,7,full_text + noisy_diagram[blur],OK,OAB,has_measure,1.0
114,7,full_text + noisy_diagram[blur],OK,OAB,has_measure,90_deg
114,7,full_text + noisy_diagram[blur],OK,OA,is_a,diameter
114,7,full_text + noisy_diagram[blur],OK,OB,is_a,diameter
114,7,full_text + noisy_diagram[blur],OK,shaded_part,is_a,area
114,7,full_text + noisy_diagram[blur],OK,shaded_part,has_measure,?
,,,,,,
115,7,full_text + noisy_diagram[blur],OK,sector,is_a,paper_sheet
115,7,full_text + noisy_diagram[blur],OK,sector,has_measure,120_deg
115,7,full_text + noisy_diagram[blur],OK,sector,radius_of,6_units
115,7,full_text + noisy_diagram[blur],OK,conical_cap,is_a,paper_cap
115,7,full_text + noisy_diagram[blur],OK,conical_cap,is_a,bottomless
115,7,full_text + noisy_diagram[blur],OK,sector,mapped_to,conical_cap
115,7,full_text + noisy_diagram[blur],OK,bottom_perimeter,is_a,query_target
,,,,,,
117,7,full_text + noisy_diagram[blur],OK,sector,is_a,sector
117,7,full_text + noisy_diagram[blur],OK,sector,has_measure,120_deg
117,7,full_text + noisy_diagram[blur],OK,sector,radius_of,3.0_cm
117,7,full_text + noisy_diagram[blur],OK,cone,is_a,cone
117,7,full_text + noisy_diagram[blur],OK,cone,has_measure,?_cm
117,7,full_text + noisy_diagram[blur],OK,cone,has_measure,?
117,7,full_text + noisy_diagram[blur],OK,cone,is_a,bottomless
117,7,full_text + noisy_diagram[blur],OK,cone,is_a,paper_cap
117,7,full_text + noisy_diagram[blur],OK,sector,mapped_to,cone
117,7,full_text + noisy_diagram[blur],OK,sector,is_a,piece_of_paper
117,7,full_text + noisy_diagram[blur],OK,cone,has_measure,3_cm
117,7,full_text + noisy_diagram[blur],OK,sector,is_a,sector_piece_of_paper
117,7,full_text + noisy_diagram[blur],OK,sector,has_measure,3.0_cm
117,7,full_text + noisy_diagram[blur],OK,sector,has_measure,120°
,,,,,,
119,7,full_text + noisy_diagram[blur],OK,area,is_a,query_target
119,7,full_text + noisy_diagram[blur],OK,sector,is_a,cardboard
119,7,full_text + noisy_diagram[blur],OK,sector,has_measure,24.0_cm
119,7,full_text + noisy_diagram[blur],OK,sector,is_a,sector_cardboard
119,7,full_text + noisy_diagram[blur],OK,conical_hat,is_a,hat
119,7,full_text + noisy_diagram[blur],OK,conical_hat,has_measure,10.0_cm
119,7,full_text + noisy_diagram[blur],OK,conical_hat,is_a,bottom_surface
119,7,full_text + noisy_diagram[blur],OK,sector_cardboard,connects,conical_hat
119,7,full_text + noisy_diagram[blur],OK,sector_cardboard,has_measure,?
119,7,full_text + noisy_diagram[blur],OK,conical_hat,has_measure,?
,,,,,,
120,7,full_text + noisy_diagram[blur],OK,cone,is_a,cone
120,7,full_text + noisy_diagram[blur],OK,generatrix,is_a,segment
120,7,full_text + noisy_diagram[blur],OK,generatrix,has_measure,5.0
120,7,full_text + noisy_diagram[blur],OK,height,is_a,segment
120,7,full_text + noisy_diagram[blur],OK,height,has_measure,4.0
120,7,full_text + noisy_diagram[blur],OK,base,is_a,circle
120,7,full_text + noisy_diagram[blur],OK,base,has_measure,?
,,,,,,
123,7,full_text + noisy_diagram[blur],OK,A,is_a,point
123,7,full_text + noisy_diagram[blur],OK,B,is_a,point
123,7,full_text + noisy_diagram[blur],OK,C,is_a,point
123,7,full_text + noisy_diagram[blur],OK,AC,is_a,segment
123,7,full_text + noisy_diagram[blur],OK,BC,is_a,segment
123,7,full_text + noisy_diagram[blur],OK,AB,is_a,segment
123,7,full_text + noisy_diagram[blur],OK,ABC,is_a,triangle
123,7,full_text + noisy_diagram[blur],OK,ABC,has_measure,90_deg
123,7,full_text + noisy_diagram[blur],OK,AC,has_measure,4_units
123,7,full_text + noisy_diagram[blur],OK,BC,has_measure,3_units
123,7,full_text + noisy_diagram[blur],OK,ABC,rotated_about,AC
123,7,full_text + noisy_diagram[blur],OK,Lateral Surface Area of Cone,is_a,query_target
,,,,,,
128,7,full_text + noisy_diagram[blur],OK,A,is_a,point
128,7,full_text + noisy_diagram[blur],OK,B,is_a,point
128,7,full_text + noisy_diagram[blur],OK,O,is_a,point
128,7,full_text + noisy_diagram[blur],OK,AB,is_a,segment
128,7,full_text + noisy_diagram[blur],OK,∠AOB,is_a,angle
128,7,full_text + noisy_diagram[blur],OK,∠AOB,has_measure,120_deg
128,7,full_text + noisy_diagram[blur],OK,OA,is_a,segment
128,7,full_text + noisy_diagram[blur],OK,OA,has_measure,6_units
128,7,full_text + noisy_diagram[blur],OK,OB,is_a,segment
128,7,full_text + noisy_diagram[blur],OK,OB,has_measure,6_units
128,7,full_text + noisy_diagram[blur],OK,O,center_of,circle
128,7,full_text + noisy_diagram[blur],OK,OA,radius_of,circle
128,7,full_text + noisy_diagram[blur],OK,OB,radius_of,circle
128,7,full_text + noisy_diagram[blur],OK,cone,is_a,cone
128,7,full_text + noisy_diagram[blur],OK,OA,mapped_to,cone
128,7,full_text + noisy_diagram[blur],OK,OB,mapped_to,cone
128,7,full_text + noisy_diagram[blur],OK,cone,has_measure,?
,,,,,,
132,7,full_text + noisy_diagram[blur],OK,A,is_a,point
132,7,full_text + noisy_diagram[blur],OK,B,is_a,point
132,7,full_text + noisy_diagram[blur],OK,C,is_a,point
132,7,full_text + noisy_diagram[blur],OK,D,is_a,point
132,7,full_text + noisy_diagram[blur],OK,E,is_a,point
132,7,full_text + noisy_diagram[blur],OK,F,is_a,point
132,7,full_text + noisy_diagram[blur],OK,G,is_a,point
132,7,full_text + noisy_diagram[blur],OK,AB,is_a,segment
132,7,full_text + noisy_diagram[blur],OK,BC,is_a,segment
132,7,full_text + noisy_diagram[blur],OK,DE,is_a,segment
132,7,full_text + noisy_diagram[blur],OK,CG,is_a,segment
132,7,full_text + noisy_diagram[blur],OK,GE,is_a,segment
132,7,full_text + noisy_diagram[blur],OK,EF,is_a,segment
132,7,full_text + noisy_diagram[blur],OK,A,lies_on,AB
132,7,full_text + noisy_diagram[blur],OK,B,lies_on,AB
132,7,full_text + noisy_diagram[blur],OK,C,lies_on,AB
132,7,full_text + noisy_diagram[blur],OK,D,lies_on,DE
132,7,full_text + noisy_diagram[blur],OK,E,lies_on,DE
132,7,full_text + noisy_diagram[blur],OK,F,lies_on,EF
132,7,full_text + noisy_diagram[blur],OK,G,lies_on,CG
132,7,full_text + noisy_diagram[blur],OK,G,lies_on,GE
132,7,full_text + noisy_diagram[blur],OK,A,collinear_with,B
132,7,full_text + noisy_diagram[blur],OK,A,collinear_with,C
132,7,full_text + noisy_diagram[blur],OK,B,collinear_with,C
132,7,full_text + noisy_diagram[blur],OK,DE,has_measure,0.6
132,7,full_text + noisy_diagram[blur],OK,BC,has_measure,0.6
132,7,full_text + noisy_diagram[blur],OK,CG,has_measure,12.0
132,7,full_text + noisy_diagram[blur],OK,GE,has_measure,2.0
132,7,full_text + noisy_diagram[blur],OK,EF,has_measure,1.6
132,7,full_text + noisy_diagram[blur],OK,AB,is_a,height
132,7,full_text + noisy_diagram[blur],OK,AB,has_measure,?
,,,,,,
133,7,full_text + noisy_diagram[blur],OK,P,is_a,point
133,7,full_text + noisy_diagram[blur],OK,Q,is_a,point)
133,7,full_text + noisy_diagram[blur],OK,S,is_a,point)
133,7,full_text + noisy_diagram[blur],OK,T,is_a,point)
133,7,full_text + noisy_diagram[blur],OK,PQ,is_a,segment)
133,7,full_text + noisy_diagram[blur],OK,PS,is_a,segment)
133,7,full_text + noisy_diagram[blur],OK,QR,is_a,segment)
133,7,full_text + noisy_diagram[blur],OK,QS,is_a,segment)
133,7,full_text + noisy_diagram[blur],OK,ST,is_a,segment)
133,7,full_text + noisy_diagram[blur],OK,PT,is_a,segment)
133,7,full_text + noisy_diagram[blur],OK,R,is_a,point)
133,7,full_text + noisy_diagram[blur],OK,R',is_a,point)
133,7,full_text + noisy_diagram[blur],OK,a,is_a,line)
133,7,full_text + noisy_diagram[blur],OK,b,is_a,line)
133,7,full_text + noisy_diagram[blur],OK,P,lies_on,line)
133,7,full_text + noisy_diagram[blur],OK,Q,lies_on,line)
133,7,full_text + noisy_diagram[blur],OK,S,lies_on,line)
133,7,full_text + noisy_diagram[blur],OK,T,lies_on,line)
133,7,full_text + noisy_diagram[blur],OK,R,lies_on,line)
133,7,full_text + noisy_diagram[blur],OK,R',lies_on,line)
133,7,full_text + noisy_diagram[blur],OK,a,perpendicular_to,PS)
133,7,full_text + noisy_diagram[blur],OK,b,perpendicular_to,PS)
133,7,full_text + noisy_diagram[blur],OK,PQ,perpendicular_to,river)
133,7,full_text + noisy_diagram[blur],OK,PS,perpendicular_to,river)
133,7,full_text + noisy_diagram[blur],OK,P,connects,Q)
133,7,full_text + noisy_diagram[blur],OK,P,connects,S)
133,7,full_text + noisy_diagram[blur],OK,Q,connects,S)
133,7,full_text + noisy_diagram[blur],OK,Q,connects,R)
133,7,full_text + noisy_diagram[blur],OK,S,connects,T)
133,7,full_text + noisy_diagram[blur],OK,P,connects,T)
133,7,full_text + noisy_diagram[blur],OK,QS,has_measure,60.0_m)
133,7,full_text + noisy_diagram[blur],OK,ST,has_measure,120.0_m)
133,7,full_text + noisy_diagram[blur],OK,QR,has_measure,80.0_m)
,,,,,,
149,7,full_text + noisy_diagram[blur],OK,A,is_a,point
149,7,full_text + noisy_diagram[blur],OK,B,is_a,point
149,7,full_text + noisy_diagram[blur],OK,C,is_a,point
149,7,full_text + noisy_diagram[blur],OK,D,is_a,point
149,7,full_text + noisy_diagram[blur],OK,E,is_a,point
149,7,full_text + noisy_diagram[blur],OK,CD,is_a,segment
149,7,full_text + noisy_diagram[blur],OK,AC,is_a,segment
149,7,full_text + noisy_diagram[blur],OK,BD,is_a,segment
149,7,full_text + noisy_diagram[blur],OK,ED,is_a,segment
149,7,full_text + noisy_diagram[blur],OK,∠AEC,is_a,angle
149,7,full_text + noisy_diagram[blur],OK,CD,is_a,plane_mirror
149,7,full_text + noisy_diagram[blur],OK,light,is_a,"emitted_from, point_A"
149,7,full_text + noisy_diagram[blur],OK,light,is_a,"reflected_at, point_E"
149,7,full_text + noisy_diagram[blur],OK,light,is_a,"directed_to, point_B"
149,7,full_text + noisy_diagram[blur],OK,incident_angle,is_a,angle
149,7,full_text + noisy_diagram[blur],OK,incident_angle,has_measure,α
149,7,full_text + noisy_diagram[blur],OK,AC,perpendicular_to,CD
149,7,full_text + noisy_diagram[blur],OK,BD,perpendicular_to,CD
149,7,full_text + noisy_diagram[blur],OK,AC,has_measure,3.0
149,7,full_text + noisy_diagram[blur],OK,BD,has_measure,6.0
149,7,full_text + noisy_diagram[blur],OK,CD,has_measure,10.0
149,7,full_text + noisy_diagram[blur],OK,ED,has_measure,?
,,,,,,
150,7,full_text + noisy_diagram[blur],OK,A,is_a,point
150,7,full_text + noisy_diagram[blur],OK,B,is_a,point
150,7,full_text + noisy_diagram[blur],OK,C,is_a,point
150,7,full_text + noisy_diagram[blur],OK,AB,is_a,segment
150,7,full_text + noisy_diagram[blur],OK,AB,has_measure,2
150,7,full_text + noisy_diagram[blur],OK,BD,is_a,segment
150,7,full_text + noisy_diagram[blur],OK,BD,has_measure,7/3
150,7,full_text + noisy_diagram[blur],OK,CE,is_a,segment
150,7,full_text + noisy_diagram[blur],OK,CE,has_measure,9
150,7,full_text + noisy_diagram[blur],OK,D,is_a,point
150,7,full_text + noisy_diagram[blur],OK,E,is_a,point
150,7,full_text + noisy_diagram[blur],OK,BCE,is_a,angle
150,7,full_text + noisy_diagram[blur],OK,BC,is_a,segment
150,7,full_text + noisy_diagram[blur],OK,BC,has_measure,?
,,,,,,
151,7,full_text + noisy_diagram[blur],OK,person,is_a,entity
151,7,full_text + noisy_diagram[blur],OK,tree,is_a,entity
151,7,full_text + noisy_diagram[blur],OK,lake,is_a,entity
151,7,full_text + noisy_diagram[blur],OK,person,distance_from,tree
151,7,full_text + noisy_diagram[blur],OK,person,distance_from,20_units
151,7,full_text + noisy_diagram[blur],OK,person,distance_from,reflection
151,7,full_text + noisy_diagram[blur],OK,person,distance_from,5_units
151,7,full_text + noisy_diagram[blur],OK,reflection,is_a,reflection_of_tree
151,7,full_text + noisy_diagram[blur],OK,reflection,lies_on,lake
151,7,full_text + noisy_diagram[blur],OK,tree,has_measure,?
151,7,full_text + noisy_diagram[blur],OK,person,has_measure,1.7_units
,,,,,,
152,7,full_text + noisy_diagram[blur],OK,A,is_a,point
152,7,full_text + noisy_diagram[blur],OK,B,is_a,point
152,7,full_text + noisy_diagram[blur],OK,C,is_a,point
152,7,full_text + noisy_diagram[blur],OK,D,is_a,point
152,7,full_text + noisy_diagram[blur],OK,AB,is_a,segment
152,7,full_text + noisy_diagram[blur],OK,BC,is_a,segment
152,7,full_text + noisy_diagram[blur],OK,BD,is_a,segment
152,7,full_text + noisy_diagram[blur],OK,AB,connects,A
152,7,full_text + noisy_diagram[blur],OK,AB,connects,B
152,7,full_text + noisy_diagram[blur],OK,BC,connects,B
152,7,full_text + noisy_diagram[blur],OK,BC,connects,C
152,7,full_text + noisy_diagram[blur],OK,BD,connects,B
152,7,full_text + noisy_diagram[blur],OK,BD,connects,D
152,7,full_text + noisy_diagram[blur],OK,D,lies_on,AB
152,7,full_text + noisy_diagram[blur],OK,B,is_a,foot
152,7,full_text + noisy_diagram[blur],OK,C,is_a,foot
152,7,full_text + noisy_diagram[blur],OK,BC,has_measure,1.6_units
152,7,full_text + noisy_diagram[blur],OK,BD,has_measure,0.5_units
152,7,full_text + noisy_diagram[blur],OK,D,distance_to_wall,1.4_units
152,7,full_text + noisy_diagram[blur],OK,AB,is_a,ladder
152,7,full_text + noisy_diagram[blur],OK,AB,length,?
,,,,,,
153,7,full_text + noisy_diagram[blur],OK,A,is_a,point
153,7,full_text + noisy_diagram[blur],OK,B,is_a,point
153,7,full_text + noisy_diagram[blur],OK,C,is_a,point
153,7,full_text + noisy_diagram[blur],OK,D,is_a,point
153,7,full_text + noisy_diagram[blur],OK,E,is_a,point
153,7,full_text + noisy_diagram[blur],OK,AB,is_a,segment
153,7,full_text + noisy_diagram[blur],OK,BC,is_a,segment
153,7,full_text + noisy_diagram[blur],OK,DE,is_a,segment
153,7,full_text + noisy_diagram[blur],OK,EC,is_a,segment
153,7,full_text + noisy_diagram[blur],OK,A,connects,B
153,7,full_text + noisy_diagram[blur],OK,B,connects,C
153,7,full_text + noisy_diagram[blur],OK,C,connects,E
153,7,full_text + noisy_diagram[blur],OK,D,connects,E
153,7,full_text + noisy_diagram[blur],OK,E,connects,C
153,7,full_text + noisy_diagram[blur],OK,DE,has_measure,1.8
153,7,full_text + noisy_diagram[blur],OK,BC,has_measure,1.0
153,7,full_text + noisy_diagram[blur],OK,EC,has_measure,1.2
153,7,full_text + noisy_diagram[blur],OK,AB,is_a,query_target
,,,,,,
157,7,full_text + noisy_diagram[blur],OK,A,is_a,point
157,7,full_text + noisy_diagram[blur],OK,B,is_a,point
157,7,full_text + noisy_diagram[blur],OK,C,is_a,point
157,7,full_text + noisy_diagram[blur],OK,ABC,is_a,triangle
157,7,full_text + noisy_diagram[blur],OK,C,is_a,angle
157,7,full_text + noisy_diagram[blur],OK,AC,is_a,segment
157,7,full_text + noisy_diagram[blur],OK,BC,is_a,segment
157,7,full_text + noisy_diagram[blur],OK,AB,is_a,segment
157,7,full_text + noisy_diagram[blur],OK,ABC,is_a,right_triangle
157,7,full_text + noisy_diagram[blur],OK,C,has_measure,90_deg
157,7,full_text + noisy_diagram[blur],OK,AC,has_measure,4_units
157,7,full_text + noisy_diagram[blur],OK,BC,has_measure,3_units
157,7,full_text + noisy_diagram[blur],OK,cos B,is_a,?
,,,,,,
165,7,full_text + noisy_diagram[blur],OK,A,is_a,point
165,7,full_text + noisy_diagram[blur],OK,B,is_a,point
165,7,full_text + noisy_diagram[blur],OK,C,is_a,point
165,7,full_text + noisy_diagram[blur],OK,AB,is_a,segment
165,7,full_text + noisy_diagram[blur],OK,BC,is_a,segment
165,7,full_text + noisy_diagram[blur],OK,CB,is_a,segment
165,7,full_text + noisy_diagram[blur],OK,ABC,is_a,triangle
165,7,full_text + noisy_diagram[blur],OK,ABC,is_a,right_triangle
165,7,full_text + noisy_diagram[blur],OK,C,is_a,right_angle
165,7,full_text + noisy_diagram[blur],OK,AB,has_measure,2_units
165,7,full_text + noisy_diagram[blur],OK,BC,has_measure,1_unit
165,7,full_text + noisy_diagram[blur],OK,CB,has_measure,1_unit
,,,,,,
198,7,full_text + noisy_diagram[blur],OK,A,is_a,point
198,7,full_text + noisy_diagram[blur],OK,B,is_a,point
198,7,full_text + noisy_diagram[blur],OK,C,is_a,point
198,7,full_text + noisy_diagram[blur],OK,AB,is_a,segment
198,7,full_text + noisy_diagram[blur],OK,AC,is_a,segment
198,7,full_text + noisy_diagram[blur],OK,BC,is_a,segment
198,7,full_text + noisy_diagram[blur],OK,AB,has_measure,10_units
198,7,full_text + noisy_diagram[blur],OK,AC,has_measure,13_units
198,7,full_text + noisy_diagram[blur],OK,BC,has_measure,13_units
198,7,full_text + noisy_diagram[blur],OK,ABC,is_a,triangle
198,7,full_text + noisy_diagram[blur],OK,ABC,is_a,isosceles_triangle
198,7,full_text + noisy_diagram[blur],OK,ABC,has_measure,?
198,7,full_text + noisy_diagram[blur],OK,A,is_a,vertex
198,7,full_text + noisy_diagram[blur],OK,B,is_a,vertex
198,7,full_text + noisy_diagram[blur],OK,C,is_a,vertex
198,7,full_text + noisy_diagram[blur],OK,AB,is_a,base
198,7,full_text + noisy_diagram[blur],OK,AC,is_a,side
198,7,full_text + noisy_diagram[blur],OK,BC,is_a,side
198,7,full_text + noisy_diagram[blur],OK,A,connects,B
198,7,full_text + noisy_diagram[blur],OK,B,connects,C
198,7,full_text + noisy_diagram[blur],OK,C,connects,A
,,,,,,
207,7,full_text + noisy_diagram[blur],OK,O,is_a,point
207,7,full_text + noisy_diagram[blur],OK,C1,is_a,circle
207,7,full_text + noisy_diagram[blur],OK,C2,is_a,circle
207,7,full_text + noisy_diagram[blur],OK,C3,is_a,circle
207,7,full_text + noisy_diagram[blur],OK,O,center_of,C1
207,7,full_text + noisy_diagram[blur],OK,O,center_of,C2
207,7,full_text + noisy_diagram[blur],OK,O,center_of,C3
207,7,full_text + noisy_diagram[blur],OK,C1,intersects,C2
207,7,full_text + noisy_diagram[blur],OK,C1,intersects,C3
207,7,full_text + noisy_diagram[blur],OK,C2,intersects,C3
207,7,full_text + noisy_diagram[blur],OK,C1,radius_of,10_units
207,7,full_text + noisy_diagram[blur],OK,C2,radius_of,?
207,7,full_text + noisy_diagram[blur],OK,C3,radius_of,?
207,7,full_text + noisy_diagram[blur],OK,C3,diameter_of,20_units
207,7,full_text + noisy_diagram[blur],OK,Area,is_a,shaded_region
207,7,full_text + noisy_diagram[blur],OK,Area,has_measure,?
,,,,,,
210,7,full_text + noisy_diagram[blur],OK,A,is_a,point
210,7,full_text + noisy_diagram[blur],OK,B,is_a,point
210,7,full_text + noisy_diagram[blur],OK,C,is_a,point
210,7,full_text + noisy_diagram[blur],OK,D,is_a,point
210,7,full_text + noisy_diagram[blur],OK,E,is_a,point
210,7,full_text + noisy_diagram[blur],OK,AB,is_a,segment
210,7,full_text + noisy_diagram[blur],OK,AC,is_a,segment
210,7,full_text + noisy_diagram[blur],OK,AD,is_a,segment
210,7,full_text + noisy_diagram[blur],OK,AE,is_a,segment
210,7,full_text + noisy_diagram[blur],OK,CD,is_a,segment
210,7,full_text + noisy_diagram[blur],OK,ED,is_a,segment
210,7,full_text + noisy_diagram[blur],OK,BE,is_a,segment
210,7,full_text + noisy_diagram[blur],OK,AB,has_measure,12_units
210,7,full_text + noisy_diagram[blur],OK,AC,has_measure,16_units
210,7,full_text + noisy_diagram[blur],OK,ED,has_measure,5_units
210,7,full_text + noisy_diagram[blur],OK,BE,parallel_to,CD
210,7,full_text + noisy_diagram[blur],OK,AE,has_measure,?
210,7,full_text + noisy_diagram[blur],OK,Triangles,ABE,"is_a, triangle"
210,7,full_text + noisy_diagram[blur],OK,Triangles,ACD,"is_a, triangle"
210,7,full_text + noisy_diagram[blur],OK,Triangles,ABE,"shares, vertex, A"
210,7,full_text + noisy_diagram[blur],OK,Triangles,ACD,"shares, vertex, A"
,,,,,,
211,7,full_text + noisy_diagram[blur],OK,MNPR,is_a,parallelogram
211,7,full_text + noisy_diagram[blur],OK,MP,is_a,diagonal
211,7,full_text + noisy_diagram[blur],OK,RN,is_a,diagonal
211,7,full_text + noisy_diagram[blur],OK,Q,is_a,point
211,7,full_text + noisy_diagram[blur],OK,MN,is_a,side
211,7,full_text + noisy_diagram[blur],OK,NP,is_a,side
211,7,full_text + noisy_diagram[blur],OK,RP,is_a,side
211,7,full_text + noisy_diagram[blur],OK,MR,is_a,side
211,7,full_text + noisy_diagram[blur],OK,MN,has_measure,3x - 4
211,7,full_text + noisy_diagram[blur],OK,NP,has_measure,2y + 5
211,7,full_text + noisy_diagram[blur],OK,RP,has_measure,20
211,7,full_text + noisy_diagram[blur],OK,MR,has_measure,17.9
211,7,full_text + noisy_diagram[blur],OK,MP,connects,M
211,7,full_text + noisy_diagram[blur],OK,MP,connects,P
211,7,full_text + noisy_diagram[blur],OK,RN,connects,R
211,7,full_text + noisy_diagram[blur],OK,RN,connects,N
211,7,full_text + noisy_diagram[blur],OK,MP,intersects,RN
211,7,full_text + noisy_diagram[blur],OK,RN,intersects,MP
211,7,full_text + noisy_diagram[blur],OK,Q,lies_on,MP
211,7,full_text + noisy_diagram[blur],OK,Q,lies_on,RN
211,7,full_text + noisy_diagram[blur],OK,∠MQR,has_measure,33_deg
211,7,full_text + noisy_diagram[blur],OK,∠QNP,has_measure,?
211,7,full_text + noisy_diagram[blur],OK,∠QPR,has_measure,83_deg
211,7,full_text + noisy_diagram[blur],OK,∠PRQ,has_measure,38_deg
211,7,full_text + noisy_diagram[blur],OK,NQ,has_measure,15.4
211,7,full_text + noisy_diagram[blur],OK,QP,has_measure,11.1
211,7,full_text + noisy_diagram[blur],OK,MQ,has_measure,4w - 3
211,7,full_text + noisy_diagram[blur],OK,QR,has_measure,3z - 3
,,,,,,
223,7,full_text + noisy_diagram[blur],OK,3√2,is_a,length
223,7,full_text + noisy_diagram[blur],OK,5,is_a,length
223,7,full_text + noisy_diagram[blur],OK,x,is_a,length
223,7,full_text + noisy_diagram[blur],OK,triangle,is_a,right_triangle
223,7,full_text + noisy_diagram[blur],OK,triangle,has_measure,5
223,7,full_text + noisy_diagram[blur],OK,triangle,has_measure,3√2
223,7,full_text + noisy_diagram[blur],OK,triangle,has_measure,x
223,7,full_text + noisy_diagram[blur],OK,?,is_a,question
223,7,full_text + noisy_diagram[blur],OK,?,is_a,value
223,7,full_text + noisy_diagram[blur],OK,?,is_a,x
,,,,,,
239,7,full_text + noisy_diagram[blur],OK,A,is_a,point
239,7,full_text + noisy_diagram[blur],OK,B,is_a,point
239,7,full_text + noisy_diagram[blur],OK,C,is_a,point
239,7,full_text + noisy_diagram[blur],OK,R,is_a,point
239,7,full_text + noisy_diagram[blur],OK,S,is_a,point
239,7,full_text + noisy_diagram[blur],OK,T,is_a,point
239,7,full_text + noisy_diagram[blur],OK,M,is_a,point
239,7,full_text + noisy_diagram[blur],OK,ABC,is_a,triangle
239,7,full_text + noisy_diagram[blur],OK,AT,is_a,segment
239,7,full_text + noisy_diagram[blur],OK,BR,is_a,segment
239,7,full_text + noisy_diagram[blur],OK,CS,is_a,segment
239,7,full_text + noisy_diagram[blur],OK,RM,is_a,segment
239,7,full_text + noisy_diagram[blur],OK,MC,is_a,segment
239,7,full_text + noisy_diagram[blur],OK,AT,has_measure,16
239,7,full_text + noisy_diagram[blur],OK,MC,has_measure,7
239,7,full_text + noisy_diagram[blur],OK,RM,has_measure,4
239,7,full_text + noisy_diagram[blur],OK,R,is_a,midpoint
239,7,full_text + noisy_diagram[blur],OK,S,is_a,midpoint
239,7,full_text + noisy_diagram[blur],OK,T,is_a,midpoint
239,7,full_text + noisy_diagram[blur],OK,R,lies_on,AC
239,7,full_text + noisy_diagram[blur],OK,S,lies_on,AB
239,7,full_text + noisy_diagram[blur],OK,T,lies_on,CB
239,7,full_text + noisy_diagram[blur],OK,AT,connects,A
239,7,full_text + noisy_diagram[blur],OK,AT,connects,T
239,7,full_text + noisy_diagram[blur],OK,BR,connects,B
239,7,full_text + noisy_diagram[blur],OK,BR,connects,R
239,7,full_text + noisy_diagram[blur],OK,CS,connects,C
239,7,full_text + noisy_diagram[blur],OK,CS,connects,S
239,7,full_text + noisy_diagram[blur],OK,AT,intersects,BR
239,7,full_text + noisy_diagram[blur],OK,AT,intersects,CS
239,7,full_text + noisy_diagram[blur],OK,BR,intersects,CS
239,7,full_text + noisy_diagram[blur],OK,AT,intersects,M
239,7,full_text + noisy_diagram[blur],OK,BR,intersects,M
239,7,full_text + noisy_diagram[blur],OK,CS,intersects,M
239,7,full_text + noisy_diagram[blur],OK,RM,connects,R
239,7,full_text + noisy_diagram[blur],OK,RM,connects,M
239,7,full_text + noisy_diagram[blur],OK,MC,connects,M
239,7,full_text + noisy_diagram[blur],OK,MC,connects,C
,,,,,,
243,7,full_text + noisy_diagram[blur],OK,Phoenix,is_a,point
243,7,full_text + noisy_diagram[blur],OK,Des Moines,is_a,point
243,7,full_text + noisy_diagram[blur],OK,Atlanta,is_a,point
243,7,full_text + noisy_diagram[blur],OK,PhoenixDes Moines,is_a,segment
243,7,full_text + noisy_diagram[blur],OK,Des MoinesAtlanta,is_a,segment
243,7,full_text + noisy_diagram[blur],OK,AtlantaPhoenix,is_a,segment
243,7,full_text + noisy_diagram[blur],OK,PhoenixDes Moines,has_measure,110x + 53
243,7,full_text + noisy_diagram[blur],OK,Des MoinesAtlanta,has_measure,73.8x
243,7,full_text + noisy_diagram[blur],OK,AtlantaPhoenix,has_measure,150x + 91
243,7,full_text + noisy_diagram[blur],OK,PhoenixDes Moines,connects,Phoenix
243,7,full_text + noisy_diagram[blur],OK,PhoenixDes Moines,connects,Des Moines
243,7,full_text + noisy_diagram[blur],OK,Des MoinesAtlanta,connects,Des Moines
243,7,full_text + noisy_diagram[blur],OK,Des MoinesAtlanta,connects,Atlanta
243,7,full_text + noisy_diagram[blur],OK,AtlantaPhoenix,connects,Atlanta
243,7,full_text + noisy_diagram[blur],OK,AtlantaPhoenix,connects,Phoenix
243,7,full_text + noisy_diagram[blur],OK,3482,is_a,total distance
243,7,full_text + noisy_diagram[blur],OK,PhoenixAtlanta,is_a,query target
,,,,,,
257,7,full_text + noisy_diagram[blur],OK,A,is_a,point
257,7,full_text + noisy_diagram[blur],OK,B,is_a,point
257,7,full_text + noisy_diagram[blur],OK,C,is_a,point
257,7,full_text + noisy_diagram[blur],OK,D,is_a,point
257,7,full_text + noisy_diagram[blur],OK,E,is_a,point
257,7,full_text + noisy_diagram[blur],OK,AB,is_a,segment
257,7,full_text + noisy_diagram[blur],OK,AC,is_a,segment
257,7,full_text + noisy_diagram[blur],OK,ED,is_a,segment
257,7,full_text + noisy_diagram[blur],OK,BE,is_a,segment
257,7,full_text + noisy_diagram[blur],OK,CD,is_a,segment
257,7,full_text + noisy_diagram[blur],OK,ABE,is_a,triangle
257,7,full_text + noisy_diagram[blur],OK,ACD,is_a,triangle
257,7,full_text + noisy_diagram[blur],OK,AB,has_measure,12_units
257,7,full_text + noisy_diagram[blur],OK,AC,has_measure,16_units
257,7,full_text + noisy_diagram[blur],OK,ED,has_measure,5_units
257,7,full_text + noisy_diagram[blur],OK,BE,parallel_to,CD
257,7,full_text + noisy_diagram[blur],OK,A,shared_by,ABE
257,7,full_text + noisy_diagram[blur],OK,A,shared_by,ACD
257,7,full_text + noisy_diagram[blur],OK,AE,is_a,segment
257,7,full_text + noisy_diagram[blur],OK,AE,has_measure,?
,,,,,,
264,7,full_text + noisy_diagram[blur],OK,M,is_a,point
264,7,full_text + noisy_diagram[blur],OK,N,is_a,point
264,7,full_text + noisy_diagram[blur],OK,P,is_a,point
264,7,full_text + noisy_diagram[blur],OK,Q,is_a,point
264,7,full_text + noisy_diagram[blur],OK,MNPQ,is_a,parallelogram
264,7,full_text + noisy_diagram[blur],OK,∠M,is_a,angle
264,7,full_text + noisy_diagram[blur],OK,∠N,is_a,angle
264,7,full_text + noisy_diagram[blur],OK,∠P,is_a,angle
264,7,full_text + noisy_diagram[blur],OK,∠Q,is_a,angle
264,7,full_text + noisy_diagram[blur],OK,∠M,has_measure,10x
264,7,full_text + noisy_diagram[blur],OK,∠N,has_measure,20x
264,7,full_text + noisy_diagram[blur],OK,∠M,equals,∠P
264,7,full_text + noisy_diagram[blur],OK,∠N,equals,∠Q
264,7,full_text + noisy_diagram[blur],OK,∠M,equals,?
,,,,,,
281,7,full_text + noisy_diagram[blur],OK,A,is_a,point
281,7,full_text + noisy_diagram[blur],OK,B,is_a,point
281,7,full_text + noisy_diagram[blur],OK,C,is_a,point
281,7,full_text + noisy_diagram[blur],OK,ABC,is_a,triangle
281,7,full_text + noisy_diagram[blur],OK,AC,is_a,segment
281,7,full_text + noisy_diagram[blur],OK,AB,is_a,segment
281,7,full_text + noisy_diagram[blur],OK,BC,is_a,segment
281,7,full_text + noisy_diagram[blur],OK,angle C,is_a,angle
281,7,full_text + noisy_diagram[blur],OK,angle C,has_measure,90_deg
281,7,full_text + noisy_diagram[blur],OK,AC,has_measure,24_units
281,7,full_text + noisy_diagram[blur],OK,AB,has_measure,26_units
281,7,full_text + noisy_diagram[blur],OK,BC,has_measure,10_units
281,7,full_text + noisy_diagram[blur],OK,angle B,is_a,angle
281,7,full_text + noisy_diagram[blur],OK,cos B,is_a,ratio
281,7,full_text + noisy_diagram[blur],OK,cos B,has_measure,?
,,,,,,
327,7,full_text + noisy_diagram[blur],OK,N,is_a,point
327,7,full_text + noisy_diagram[blur],OK,Z,is_a,point
327,7,full_text + noisy_diagram[blur],OK,Y,is_a,point
327,7,full_text + noisy_diagram[blur],OK,X,is_a,point
327,7,full_text + noisy_diagram[blur],OK,ZY,is_a,segment
327,7,full_text + noisy_diagram[blur],OK,YX,is_a,segment
327,7,full_text + noisy_diagram[blur],OK,ZX,is_a,segment
327,7,full_text + noisy_diagram[blur],OK,ZY,has_measure,10.7_units
327,7,full_text + noisy_diagram[blur],OK,YX,has_measure,b_units
327,7,full_text + noisy_diagram[blur],OK,ZX,has_measure,d_units
327,7,full_text + noisy_diagram[blur],OK,Y,lies_on,horizontal_line
327,7,full_text + noisy_diagram[blur],OK,X,lies_on,horizontal_line
327,7,full_text + noisy_diagram[blur],OK,Z,lies_on,vertical_line
327,7,full_text + noisy_diagram[blur],OK,N,lies_on,vertical_line
327,7,full_text + noisy_diagram[blur],OK,YX,connects,Y
327,7,full_text + noisy_diagram[blur],OK,YX,connects,X
327,7,full_text + noisy_diagram[blur],OK,ZY,connects,Z
327,7,full_text + noisy_diagram[blur],OK,ZY,connects,Y
327,7,full_text + noisy_diagram[blur],OK,ZX,connects,Z
327,7,full_text + noisy_diagram[blur],OK,ZX,connects,X
327,7,full_text + noisy_diagram[blur],OK,N,rotated_about,X
327,7,full_text + noisy_diagram[blur],OK,N,rotated_about,335_deg
,,,,,,
348,7,full_text + noisy_diagram[blur],OK,helicopter,is_a,helicopter
348,7,full_text + noisy_diagram[blur],OK,helicopter,has_measure,198_m
348,7,full_text + noisy_diagram[blur],OK,helicopter,has_measure,44_deg
348,7,full_text + noisy_diagram[blur],OK,landing_pad,is_a,landing_pad
348,7,full_text + noisy_diagram[blur],OK,helicopter,connects,landing_pad
348,7,full_text + noisy_diagram[blur],OK,d,is_a,distance
348,7,full_text + noisy_diagram[blur],OK,d,connects,helicopter
348,7,full_text + noisy_diagram[blur],OK,d,connects,landing_pad
348,7,full_text + noisy_diagram[blur],OK,helicopter,has_measure,?
348,7,full_text + noisy_diagram[blur],OK,landing_pad,has_measure,?
348,7,full_text + noisy_diagram[blur],OK,helicopter,is_a,point
348,7,full_text + noisy_diagram[blur],OK,landing_pad,is_a,point
348,7,full_text + noisy_diagram[blur],OK,d,is_a,segment
,,,,,,
364,7,full_text + noisy_diagram[blur],OK,A,is_a,point
364,7,full_text + noisy_diagram[blur],OK,B,is_a,point
364,7,full_text + noisy_diagram[blur],OK,C,is_a,point
364,7,full_text + noisy_diagram[blur],OK,AB,is_a,segment
364,7,full_text + noisy_diagram[blur],OK,AC,is_a,segment
364,7,full_text + noisy_diagram[blur],OK,BC,is_a,segment
364,7,full_text + noisy_diagram[blur],OK,AB,has_measure,35.5_units
364,7,full_text + noisy_diagram[blur],OK,BC,has_measure,65.9_units
364,7,full_text + noisy_diagram[blur],OK,h,is_a,segment
364,7,full_text + noisy_diagram[blur],OK,h,has_measure,?
364,7,full_text + noisy_diagram[blur],OK,cable,is_a,segment
364,7,full_text + noisy_diagram[blur],OK,tower,is_a,segment
364,7,full_text + noisy_diagram[blur],OK,bridge,is_a,segment
364,7,full_text + noisy_diagram[blur],OK,AB,connects,A
364,7,full_text + noisy_diagram[blur],OK,AB,connects,B
364,7,full_text + noisy_diagram[blur],OK,AC,connects,A
364,7,full_text + noisy_diagram[blur],OK,AC,connects,C
364,7,full_text + noisy_diagram[blur],OK,BC,connects,B
364,7,full_text + noisy_diagram[blur],OK,BC,connects,C
364,7,full_text + noisy_diagram[blur],OK,tower,connects,A
364,7,full_text + noisy_diagram[blur],OK,tower,connects,B
364,7,full_text + noisy_diagram[blur],OK,bridge,connects,B
364,7,full_text + noisy_diagram[blur],OK,bridge,connects,C
364,7,full_text + noisy_diagram[blur],OK,cable,connects,A
364,7,full_text + noisy_diagram[blur],OK,cable,connects,C
,,,,,,
365,7,full_text + noisy_diagram[blur],OK,plane,is_a,object
365,7,full_text + noisy_diagram[blur],OK,ground,is_a,surface
365,7,full_text + noisy_diagram[blur],OK,airport_runway,is_a,surface
365,7,full_text + noisy_diagram[blur],OK,plane,lies_on,?
365,7,full_text + noisy_diagram[blur],OK,airport_runway,lies_on,?
365,7,full_text + noisy_diagram[blur],OK,plane,has_measure,10369_m
365,7,full_text + noisy_diagram[blur],OK,plane,has_measure,23444_m
365,7,full_text + noisy_diagram[blur],OK,theta,is_a,angle
365,7,full_text + noisy_diagram[blur],OK,theta,has_measure,?
365,7,full_text + noisy_diagram[blur],OK,plane,connects,ground
365,7,full_text + noisy_diagram[blur],OK,airport_runway,connects,ground
365,7,full_text + noisy_diagram[blur],OK,plane,connects,airport_runway
365,7,full_text + noisy_diagram[blur],OK,theta,connects,plane
365,7,full_text + noisy_diagram[blur],OK,theta,connects,ground
365,7,full_text + noisy_diagram[blur],OK,theta,connects,airport_runway
,,,,,,
420,7,full_text + noisy_diagram[blur],OK,A,is_a,point
420,7,full_text + noisy_diagram[blur],OK,B,is_a,point
420,7,full_text + noisy_diagram[blur],OK,C,is_a,point
420,7,full_text + noisy_diagram[blur],OK,D,is_a,point
420,7,full_text + noisy_diagram[blur],OK,AB,is_a,segment
420,7,full_text + noisy_diagram[blur],OK,BC,is_a,segment
420,7,full_text + noisy_diagram[blur],OK,CD,is_a,segment
420,7,full_text + noisy_diagram[blur],OK,AD,is_a,segment
420,7,full_text + noisy_diagram[blur],OK,ABCD,is_a,trapezium
420,7,full_text + noisy_diagram[blur],OK,AB,parallel_to,CD
420,7,full_text + noisy_diagram[blur],OK,BC,has_measure,10_cm
420,7,full_text + noisy_diagram[blur],OK,B,connects,A
420,7,full_text + noisy_diagram[blur],OK,B,connects,C
420,7,full_text + noisy_diagram[blur],OK,A,connects,D
420,7,full_text + noisy_diagram[blur],OK,D,connects,C
420,7,full_text + noisy_diagram[blur],OK,AB,has_measure,?
420,7,full_text + noisy_diagram[blur],OK,B,connects,point
420,7,full_text + noisy_diagram[blur],OK,point,lies_on,line
420,7,full_text + noisy_diagram[blur],OK,line,contains,AD
420,7,full_text + noisy_diagram[blur],OK,point,is_a,point
420,7,full_text + noisy_diagram[blur],OK,segment,has_measure,6_cm
420,7,full_text + noisy_diagram[blur],OK,segment,is_a,segment
,,,,,,
432,7,full_text + noisy_diagram[blur],OK,-3_4,is_a,point
432,7,full_text + noisy_diagram[blur],OK,5_2,is_a,point
432,7,full_text + noisy_diagram[blur],OK,?,is_a,distance
432,7,full_text + noisy_diagram[blur],OK,?,is_a,distance_formula
432,7,full_text + noisy_diagram[blur],OK,-3_4,connects,5_2
432,7,full_text + noisy_diagram[blur],OK,-3_4,has_measure,-3
432,7,full_text + noisy_diagram[blur],OK,-3_4,has_measure,4
432,7,full_text + noisy_diagram[blur],OK,5_2,has_measure,5
432,7,full_text + noisy_diagram[blur],OK,5_2,has_measure,2
432,7,full_text + noisy_diagram[blur],OK,?,is_a,decimal_places
432,7,full_text + noisy_diagram[blur],OK,?,has_measure,3
,,,,,,
438,7,full_text + noisy_diagram[blur],OK,hyperbola,is_a,hyperbola
438,7,full_text + noisy_diagram[blur],OK,hyperbola,has_measure,vertices
438,7,full_text + noisy_diagram[blur],OK,vertices,is_a,point
438,7,full_text + noisy_diagram[blur],OK,hyperbola,has_measure,center
438,7,full_text + noisy_diagram[blur],OK,center,is_a,point
438,7,full_text + noisy_diagram[blur],OK,hyperbola,has_measure,foci
438,7,full_text + noisy_diagram[blur],OK,foci,is_a,point
438,7,full_text + noisy_diagram[blur],OK,hyperbola,has_measure,equation
438,7,full_text + noisy_diagram[blur],OK,equation,is_a,?
,,,,,,
441,7,full_text + noisy_diagram[blur],OK,O,is_a,point
441,7,full_text + noisy_diagram[blur],OK,P,is_a,point
441,7,full_text + noisy_diagram[blur],OK,a,is_a,angle
441,7,full_text + noisy_diagram[blur],OK,a,has_measure,?
441,7,full_text + noisy_diagram[blur],OK,unit_circle,is_a,circle
441,7,full_text + noisy_diagram[blur],OK,P,lies_on,unit_circle
441,7,full_text + noisy_diagram[blur],OK,unit_circle,center_of,O
441,7,full_text + noisy_diagram[blur],OK,unit_circle,radius_of,1_unit
441,7,full_text + noisy_diagram[blur],OK,x_axis,is_a,line
441,7,full_text + noisy_diagram[blur],OK,y_axis,is_a,line
441,7,full_text + noisy_diagram[blur],OK,O,lies_on,x_axis
441,7,full_text + noisy_diagram[blur],OK,O,lies_on,y_axis
441,7,full_text + noisy_diagram[blur],OK,x_axis,perpendicular_to,y_axis
,,,,,,
447,7,full_text + noisy_diagram[blur],OK,O,is_a,point
447,7,full_text + noisy_diagram[blur],OK,C,is_a,point
447,7,full_text + noisy_diagram[blur],OK,P,is_a,point
447,7,full_text + noisy_diagram[blur],OK,O,center_of,circle
447,7,full_text + noisy_diagram[blur],OK,P,lies_on,circle
447,7,full_text + noisy_diagram[blur],OK,a,is_a,angle
447,7,full_text + noisy_diagram[blur],OK,a,has_measure,?
447,7,full_text + noisy_diagram[blur],OK,O,is_a,origin
447,7,full_text + noisy_diagram[blur],OK,x,is_a,axis
447,7,full_text + noisy_diagram[blur],OK,y,is_a,axis
447,7,full_text + noisy_diagram[blur],OK,x,perpendicular_to,y
447,7,full_text + noisy_diagram[blur],OK,P,lies_on,x
447,7,full_text + noisy_diagram[blur],OK,P,lies_on,y
,,,,,,
449,7,full_text + noisy_diagram[blur],OK,O,is_a,point
449,7,full_text + noisy_diagram[blur],OK,O,center_of,circle
449,7,full_text + noisy_diagram[blur],OK,circle,is_a,unit_circle
449,7,full_text + noisy_diagram[blur],OK,circle,has_measure,1_unit
449,7,full_text + noisy_diagram[blur],OK,P,is_a,point
449,7,full_text + noisy_diagram[blur],OK,P,lies_on,circle
449,7,full_text + noisy_diagram[blur],OK,θ,is_a,angle
,,,,,,
457,7,full_text + noisy_diagram[blur],OK,center,is_a,point
457,7,full_text + noisy_diagram[blur],OK,radius,is_a,?
457,7,full_text + noisy_diagram[blur],OK,radius,has_measure,6_units
457,7,full_text + noisy_diagram[blur],OK,equation,is_a,?
457,7,full_text + noisy_diagram[blur],OK,equation,is_a,standard_form
457,7,full_text + noisy_diagram[blur],OK,standard_form,is_a,?
,,,,,,
472,7,full_text + noisy_diagram[blur],OK,0,is_a,point
472,7,full_text + noisy_diagram[blur],OK,0,is_a,center
472,7,full_text + noisy_diagram[blur],OK,-7,is_a,point
472,7,full_text + noisy_diagram[blur],OK,-5,is_a,point
472,7,full_text + noisy_diagram[blur],OK,7,is_a,point
472,7,full_text + noisy_diagram[blur],OK,5,is_a,point
472,7,full_text + noisy_diagram[blur],OK,0,7,"is_a, point"
472,7,full_text + noisy_diagram[blur],OK,-7,0,"is_a, point"
472,7,full_text + noisy_diagram[blur],OK,-5,-5,"is_a, point"
472,7,full_text + noisy_diagram[blur],OK,5,-5,"is_a, point"
472,7,full_text + noisy_diagram[blur],OK,7,0,"is_a, point"
472,7,full_text + noisy_diagram[blur],OK,?,is_a,center
,,,,,,
