problem_index,case_id,case_label,status,subject,predicate,object
1,10,full_text + noisy_diagram[pixel_noise],OK,A,is_a,point
1,10,full_text + noisy_diagram[pixel_noise],OK,B,is_a,point
1,10,full_text + noisy_diagram[pixel_noise],OK,C,is_a,point
1,10,full_text + noisy_diagram[pixel_noise],OK,ABC,is_a,triangle
1,10,full_text + noisy_diagram[pixel_noise],OK,∠A,is_a,angle
1,10,full_text + noisy_diagram[pixel_noise],OK,∠A,has_measure,80_deg
1,10,full_text + noisy_diagram[pixel_noise],OK,∠B,is_a,angle
1,10,full_text + noisy_diagram[pixel_noise],OK,∠B,has_measure,60_deg
1,10,full_text + noisy_diagram[pixel_noise],OK,D,is_a,point
1,10,full_text + noisy_diagram[pixel_noise],OK,D,lies_on,AB
1,10,full_text + noisy_diagram[pixel_noise],OK,E,is_a,point
1,10,full_text + noisy_diagram[pixel_noise],OK,E,lies_on,AC
1,10,full_text + noisy_diagram[pixel_noise],OK,DE,is_a,segment
1,10,full_text + noisy_diagram[pixel_noise],OK,BC,is_a,segment
1,10,full_text + noisy_diagram[pixel_noise],OK,DE,parallel_to,BC
,,,,,,
2,10,full_text + noisy_diagram[pixel_noise],OK,A,is_a,point
2,10,full_text + noisy_diagram[pixel_noise],OK,B,is_a,point
2,10,full_text + noisy_diagram[pixel_noise],OK,C,is_a,point
2,10,full_text + noisy_diagram[pixel_noise],OK,D,is_a,point
2,10,full_text + noisy_diagram[pixel_noise],OK,E,is_a,point
2,10,full_text + noisy_diagram[pixel_noise],OK,F,is_a,point
2,10,full_text + noisy_diagram[pixel_noise],OK,G,is_a,point
2,10,full_text + noisy_diagram[pixel_noise],OK,AB,is_a,segment
2,10,full_text + noisy_diagram[pixel_noise],OK,CD,is_a,segment
2,10,full_text + noisy_diagram[pixel_noise],OK,EF,is_a,segment
2,10,full_text + noisy_diagram[pixel_noise],OK,EG,is_a,segment
2,10,full_text + noisy_diagram[pixel_noise],OK,∠EFG,is_a,angle
2,10,full_text + noisy_diagram[pixel_noise],OK,∠EGF,is_a,angle
2,10,full_text + noisy_diagram[pixel_noise],OK,AB,parallel_to,CD
2,10,full_text + noisy_diagram[pixel_noise],OK,EF,intersects,AB
2,10,full_text + noisy_diagram[pixel_noise],OK,EF,intersects,CD
2,10,full_text + noisy_diagram[pixel_noise],OK,EG,bisects,∠BEF
2,10,full_text + noisy_diagram[pixel_noise],OK,EG,intersects,CD
2,10,full_text + noisy_diagram[pixel_noise],OK,∠EFG,has_measure,50_deg
2,10,full_text + noisy_diagram[pixel_noise],OK,∠EGF,has_measure,?
,,,,,,
3,10,full_text + noisy_diagram[pixel_noise],OK,A,is_a,point
3,10,full_text + noisy_diagram[pixel_noise],OK,B,is_a,point
3,10,full_text + noisy_diagram[pixel_noise],OK,C,is_a,point
3,10,full_text + noisy_diagram[pixel_noise],OK,D,is_a,point
3,10,full_text + noisy_diagram[pixel_noise],OK,BC,is_a,segment
3,10,full_text + noisy_diagram[pixel_noise],OK,BA,is_a,segment
3,10,full_text + noisy_diagram[pixel_noise],OK,BD,is_a,segment
3,10,full_text + noisy_diagram[pixel_noise],OK,CD,is_a,segment
3,10,full_text + noisy_diagram[pixel_noise],OK,AB,is_a,segment
3,10,full_text + noisy_diagram[pixel_noise],OK,∠BCD,is_a,angle
3,10,full_text + noisy_diagram[pixel_noise],OK,∠CDB,is_a,angle
3,10,full_text + noisy_diagram[pixel_noise],OK,BC,intersects,B
3,10,full_text + noisy_diagram[pixel_noise],OK,BA,intersects,B
3,10,full_text + noisy_diagram[pixel_noise],OK,B,connects,C
3,10,full_text + noisy_diagram[pixel_noise],OK,B,connects,A
3,10,full_text + noisy_diagram[pixel_noise],OK,B,connects,D
3,10,full_text + noisy_diagram[pixel_noise],OK,C,connects,D
3,10,full_text + noisy_diagram[pixel_noise],OK,A,connects,B
3,10,full_text + noisy_diagram[pixel_noise],OK,CD,parallel_to,AB
3,10,full_text + noisy_diagram[pixel_noise],OK,BD,bisects,∠ABC
3,10,full_text + noisy_diagram[pixel_noise],OK,∠BCD,has_measure,70_deg
,,,,,,
4,10,full_text + noisy_diagram[pixel_noise],OK,A,is_a,point
4,10,full_text + noisy_diagram[pixel_noise],OK,B,is_a,point
4,10,full_text + noisy_diagram[pixel_noise],OK,O,is_a,point
4,10,full_text + noisy_diagram[pixel_noise],OK,C,is_a,point
4,10,full_text + noisy_diagram[pixel_noise],OK,AB,is_a,segment
4,10,full_text + noisy_diagram[pixel_noise],OK,AO,is_a,segment
4,10,full_text + noisy_diagram[pixel_noise],OK,BC,is_a,segment
4,10,full_text + noisy_diagram[pixel_noise],OK,∠A,is_a,angle
4,10,full_text + noisy_diagram[pixel_noise],OK,AB,is_a,tangent
4,10,full_text + noisy_diagram[pixel_noise],OK,O,is_a,circle
4,10,full_text + noisy_diagram[pixel_noise],OK,AO,intersects,O
4,10,full_text + noisy_diagram[pixel_noise],OK,AO,intersects,C
4,10,full_text + noisy_diagram[pixel_noise],OK,AB,tangent_to,O
4,10,full_text + noisy_diagram[pixel_noise],OK,AB,connects,B
4,10,full_text + noisy_diagram[pixel_noise],OK,AO,connects,C
4,10,full_text + noisy_diagram[pixel_noise],OK,BC,connects,C
4,10,full_text + noisy_diagram[pixel_noise],OK,∠A,has_measure,36_deg
,,,,,,
7,10,full_text + noisy_diagram[pixel_noise],OK,A,is_a,point
7,10,full_text + noisy_diagram[pixel_noise],OK,B,is_a,point
7,10,full_text + noisy_diagram[pixel_noise],OK,C,is_a,point
7,10,full_text + noisy_diagram[pixel_noise],OK,D,is_a,point
7,10,full_text + noisy_diagram[pixel_noise],OK,E,is_a,point
7,10,full_text + noisy_diagram[pixel_noise],OK,ABC,is_a,triangle
7,10,full_text + noisy_diagram[pixel_noise],OK,ADE,is_a,triangle
7,10,full_text + noisy_diagram[pixel_noise],OK,ABC,congruent_to,ADE
7,10,full_text + noisy_diagram[pixel_noise],OK,A,is_a,common_vertex
7,10,full_text + noisy_diagram[pixel_noise],OK,∠B,has_measure,70_deg
7,10,full_text + noisy_diagram[pixel_noise],OK,∠C,has_measure,30_deg
7,10,full_text + noisy_diagram[pixel_noise],OK,∠DAC,has_measure,35_deg
7,10,full_text + noisy_diagram[pixel_noise],OK,∠EAC,has_measure,?
,,,,,,
8,10,full_text + noisy_diagram[pixel_noise],OK,A,is_a,point
8,10,full_text + noisy_diagram[pixel_noise],OK,B,is_a,point
8,10,full_text + noisy_diagram[pixel_noise],OK,C,is_a,point
8,10,full_text + noisy_diagram[pixel_noise],OK,D,is_a,point
8,10,full_text + noisy_diagram[pixel_noise],OK,E,is_a,point
8,10,full_text + noisy_diagram[pixel_noise],OK,F,is_a,point
8,10,full_text + noisy_diagram[pixel_noise],OK,ABC,is_a,triangle
8,10,full_text + noisy_diagram[pixel_noise],OK,DEF,is_a,triangle
8,10,full_text + noisy_diagram[pixel_noise],OK,ABC,congruent_to,DEF
8,10,full_text + noisy_diagram[pixel_noise],OK,A,corresponds_to,D
8,10,full_text + noisy_diagram[pixel_noise],OK,B,corresponds_to,E
8,10,full_text + noisy_diagram[pixel_noise],OK,BC,is_a,segment
8,10,full_text + noisy_diagram[pixel_noise],OK,BF,is_a,segment
8,10,full_text + noisy_diagram[pixel_noise],OK,BC,has_measure,5.0
8,10,full_text + noisy_diagram[pixel_noise],OK,BF,has_measure,7.0
8,10,full_text + noisy_diagram[pixel_noise],OK,EC,is_a,segment
8,10,full_text + noisy_diagram[pixel_noise],OK,EC,has_measure,?
,,,,,,
9,10,full_text + noisy_diagram[pixel_noise],OK,A,is_a,point
9,10,full_text + noisy_diagram[pixel_noise],OK,B,is_a,point
9,10,full_text + noisy_diagram[pixel_noise],OK,C,is_a,point
9,10,full_text + noisy_diagram[pixel_noise],OK,D,is_a,point
9,10,full_text + noisy_diagram[pixel_noise],OK,E,is_a,point
9,10,full_text + noisy_diagram[pixel_noise],OK,AB,is_a,segment
9,10,full_text + noisy_diagram[pixel_noise],OK,AC,is_a,segment
9,10,full_text + noisy_diagram[pixel_noise],OK,BC,is_a,segment
9,10,full_text + noisy_diagram[pixel_noise],OK,AD,is_a,segment
9,10,full_text + noisy_diagram[pixel_noise],OK,DE,is_a,segment
9,10,full_text + noisy_diagram[pixel_noise],OK,∠C,is_a,angle
9,10,full_text + noisy_diagram[pixel_noise],OK,∠CAB,is_a,angle
9,10,full_text + noisy_diagram[pixel_noise],OK,∠DBE,is_a,angle
9,10,full_text + noisy_diagram[pixel_noise],OK,A,connects,B
9,10,full_text + noisy_diagram[pixel_noise],OK,A,connects,C
9,10,full_text + noisy_diagram[pixel_noise],OK,B,connects,C
9,10,full_text + noisy_diagram[pixel_noise],OK,A,connects,D
9,10,full_text + noisy_diagram[pixel_noise],OK,C,connects,D
9,10,full_text + noisy_diagram[pixel_noise],OK,B,connects,D
9,10,full_text + noisy_diagram[pixel_noise],OK,D,connects,E
9,10,full_text + noisy_diagram[pixel_noise],OK,E,connects,B
9,10,full_text + noisy_diagram[pixel_noise],OK,∠C,has_measure,90_deg
9,10,full_text + noisy_diagram[pixel_noise],OK,AC,has_measure,?
9,10,full_text + noisy_diagram[pixel_noise],OK,BC,has_measure,?
9,10,full_text + noisy_diagram[pixel_noise],OK,AB,has_measure,6.0
9,10,full_text + noisy_diagram[pixel_noise],OK,AD,intersects,BC
9,10,full_text + noisy_diagram[pixel_noise],OK,AD,intersects,AB
9,10,full_text + noisy_diagram[pixel_noise],OK,DE,perpendicular_to,AB
9,10,full_text + noisy_diagram[pixel_noise],OK,AC,parallel_to,BC
9,10,full_text + noisy_diagram[pixel_noise],OK,AD,bisects,∠CAB
,,,,,,
10,10,full_text + noisy_diagram[pixel_noise],OK,A,is_a,point
10,10,full_text + noisy_diagram[pixel_noise],OK,B,is_a,point
10,10,full_text + noisy_diagram[pixel_noise],OK,C,is_a,point
10,10,full_text + noisy_diagram[pixel_noise],OK,ABC,is_a,triangle
10,10,full_text + noisy_diagram[pixel_noise],OK,AB,is_a,segment
10,10,full_text + noisy_diagram[pixel_noise],OK,AC,is_a,segment
10,10,full_text + noisy_diagram[pixel_noise],OK,A,connects,B
10,10,full_text + noisy_diagram[pixel_noise],OK,A,connects,C
10,10,full_text + noisy_diagram[pixel_noise],OK,B,connects,C
10,10,full_text + noisy_diagram[pixel_noise],OK,AB,has_measure,?
10,10,full_text + noisy_diagram[pixel_noise],OK,AC,has_measure,?
10,10,full_text + noisy_diagram[pixel_noise],OK,∠A,is_a,angle
10,10,full_text + noisy_diagram[pixel_noise],OK,∠A,has_measure,36_deg
10,10,full_text + noisy_diagram[pixel_noise],OK,D,is_a,point
10,10,full_text + noisy_diagram[pixel_noise],OK,E,is_a,point
10,10,full_text + noisy_diagram[pixel_noise],OK,D,lies_on,AC
10,10,full_text + noisy_diagram[pixel_noise],OK,E,lies_on,AB
10,10,full_text + noisy_diagram[pixel_noise],OK,AB,perpendicular_to,DE
10,10,full_text + noisy_diagram[pixel_noise],OK,DE,is_a,segment
10,10,full_text + noisy_diagram[pixel_noise],OK,BDC,is_a,angle
10,10,full_text + noisy_diagram[pixel_noise],OK,BDC,has_measure,?
,,,,,,
11,10,full_text + noisy_diagram[pixel_noise],OK,A,is_a,point
11,10,full_text + noisy_diagram[pixel_noise],OK,B,is_a,point
11,10,full_text + noisy_diagram[pixel_noise],OK,C,is_a,point
11,10,full_text + noisy_diagram[pixel_noise],OK,D,is_a,point
11,10,full_text + noisy_diagram[pixel_noise],OK,E,is_a,point
11,10,full_text + noisy_diagram[pixel_noise],OK,F,is_a,point
11,10,full_text + noisy_diagram[pixel_noise],OK,AB,is_a,segment
11,10,full_text + noisy_diagram[pixel_noise],OK,AC,is_a,segment
11,10,full_text + noisy_diagram[pixel_noise],OK,AD,is_a,segment
11,10,full_text + noisy_diagram[pixel_noise],OK,AE,is_a,segment
11,10,full_text + noisy_diagram[pixel_noise],OK,BC,is_a,segment
11,10,full_text + noisy_diagram[pixel_noise],OK,∠C,is_a,angle
11,10,full_text + noisy_diagram[pixel_noise],OK,∠C,has_measure,36_deg
11,10,full_text + noisy_diagram[pixel_noise],OK,ABC,is_a,triangle
11,10,full_text + noisy_diagram[pixel_noise],OK,AED,is_a,triangle
11,10,full_text + noisy_diagram[pixel_noise],OK,A,center_of,rotation
11,10,full_text + noisy_diagram[pixel_noise],OK,ABC,rotated_about,A
11,10,full_text + noisy_diagram[pixel_noise],OK,ABC,mapped_to,AED
11,10,full_text + noisy_diagram[pixel_noise],OK,rotation,has_measure,60_deg
11,10,full_text + noisy_diagram[pixel_noise],OK,AD,intersects,BC
11,10,full_text + noisy_diagram[pixel_noise],OK,∠BAE,is_a,angle
11,10,full_text + noisy_diagram[pixel_noise],OK,∠BAE,has_measure,60_deg
11,10,full_text + noisy_diagram[pixel_noise],OK,∠AFC,is_a,angle
11,10,full_text + noisy_diagram[pixel_noise],OK,∠AFC,has_measure,?
,,,,,,
14,10,full_text + noisy_diagram[pixel_noise],OK,A,is_a,point
14,10,full_text + noisy_diagram[pixel_noise],OK,B,is_a,point
14,10,full_text + noisy_diagram[pixel_noise],OK,C,is_a,point
14,10,full_text + noisy_diagram[pixel_noise],OK,O,is_a,point
14,10,full_text + noisy_diagram[pixel_noise],OK,ABC,is_a,triangle
14,10,full_text + noisy_diagram[pixel_noise],OK,O,center_of,circle
14,10,full_text + noisy_diagram[pixel_noise],OK,ABC,inscribed_in,circle
14,10,full_text + noisy_diagram[pixel_noise],OK,OAB,is_a,angle
14,10,full_text + noisy_diagram[pixel_noise],OK,OAB,has_measure,35_deg
14,10,full_text + noisy_diagram[pixel_noise],OK,ACB,is_a,angle
14,10,full_text + noisy_diagram[pixel_noise],OK,ACB,has_measure,?
14,10,full_text + noisy_diagram[pixel_noise],OK,A,connects,B
14,10,full_text + noisy_diagram[pixel_noise],OK,B,connects,C
14,10,full_text + noisy_diagram[pixel_noise],OK,C,connects,A
14,10,full_text + noisy_diagram[pixel_noise],OK,A,lies_on,circle
14,10,full_text + noisy_diagram[pixel_noise],OK,B,lies_on,circle
14,10,full_text + noisy_diagram[pixel_noise],OK,C,lies_on,circle
,,,,,,
16,10,full_text + noisy_diagram[pixel_noise],OK,O,is_a,point
16,10,full_text + noisy_diagram[pixel_noise],OK,A,is_a,point
16,10,full_text + noisy_diagram[pixel_noise],OK,B,is_a,point
16,10,full_text + noisy_diagram[pixel_noise],OK,C,is_a,point
16,10,full_text + noisy_diagram[pixel_noise],OK,OA,is_a,radius
16,10,full_text + noisy_diagram[pixel_noise],OK,OB,is_a,radius
16,10,full_text + noisy_diagram[pixel_noise],OK,AC,is_a,chord
16,10,full_text + noisy_diagram[pixel_noise],OK,∠BOC,is_a,angle
16,10,full_text + noisy_diagram[pixel_noise],OK,O,center_of,circle
16,10,full_text + noisy_diagram[pixel_noise],OK,AC,parallel_to,OB
16,10,full_text + noisy_diagram[pixel_noise],OK,∠BOC,has_measure,50_deg
16,10,full_text + noisy_diagram[pixel_noise],OK,OA,connects,A
16,10,full_text + noisy_diagram[pixel_noise],OK,OA,connects,O
16,10,full_text + noisy_diagram[pixel_noise],OK,OB,connects,B
16,10,full_text + noisy_diagram[pixel_noise],OK,OB,connects,O
16,10,full_text + noisy_diagram[pixel_noise],OK,AC,connects,A
16,10,full_text + noisy_diagram[pixel_noise],OK,AC,connects,C
16,10,full_text + noisy_diagram[pixel_noise],OK,∠BOC,connects,B
16,10,full_text + noisy_diagram[pixel_noise],OK,∠BOC,connects,O
16,10,full_text + noisy_diagram[pixel_noise],OK,∠BOC,connects,C
,,,,,,
17,10,full_text + noisy_diagram[pixel_noise],OK,A,is_a,point
17,10,full_text + noisy_diagram[pixel_noise],OK,B,is_a,point
17,10,full_text + noisy_diagram[pixel_noise],OK,C,is_a,point
17,10,full_text + noisy_diagram[pixel_noise],OK,D,is_a,point
17,10,full_text + noisy_diagram[pixel_noise],OK,O,is_a,point
17,10,full_text + noisy_diagram[pixel_noise],OK,ABCD,is_a,parallelogram
17,10,full_text + noisy_diagram[pixel_noise],OK,AC,is_a,diagonal
17,10,full_text + noisy_diagram[pixel_noise],OK,BD,is_a,diagonal
17,10,full_text + noisy_diagram[pixel_noise],OK,AC,intersects,BD
17,10,full_text + noisy_diagram[pixel_noise],OK,A,connects,D
17,10,full_text + noisy_diagram[pixel_noise],OK,B,connects,D
17,10,full_text + noisy_diagram[pixel_noise],OK,C,connects,D
17,10,full_text + noisy_diagram[pixel_noise],OK,A,connects,B
17,10,full_text + noisy_diagram[pixel_noise],OK,B,connects,C
17,10,full_text + noisy_diagram[pixel_noise],OK,C,connects,A
17,10,full_text + noisy_diagram[pixel_noise],OK,AC,connects,O
17,10,full_text + noisy_diagram[pixel_noise],OK,BD,connects,O
17,10,full_text + noisy_diagram[pixel_noise],OK,∠DAC,is_a,angle
17,10,full_text + noisy_diagram[pixel_noise],OK,∠DAC,has_measure,42_deg
17,10,full_text + noisy_diagram[pixel_noise],OK,∠CBD,is_a,angle
17,10,full_text + noisy_diagram[pixel_noise],OK,∠CBD,has_measure,23_deg
17,10,full_text + noisy_diagram[pixel_noise],OK,∠COD,is_a,angle
17,10,full_text + noisy_diagram[pixel_noise],OK,∠COD,has_measure,?
,,,,,,
20,10,full_text + noisy_diagram[pixel_noise],OK,O,is_a,circle
20,10,full_text + noisy_diagram[pixel_noise],OK,AB,is_a,diameter
20,10,full_text + noisy_diagram[pixel_noise],OK,AB,connects,O
20,10,full_text + noisy_diagram[pixel_noise],OK,C,is_a,point
20,10,full_text + noisy_diagram[pixel_noise],OK,D,is_a,point
20,10,full_text + noisy_diagram[pixel_noise],OK,O,is_a,center
20,10,full_text + noisy_diagram[pixel_noise],OK,AB,diameter_of,O
20,10,full_text + noisy_diagram[pixel_noise],OK,C,lies_on,O
20,10,full_text + noisy_diagram[pixel_noise],OK,D,lies_on,O
20,10,full_text + noisy_diagram[pixel_noise],OK,AC,is_a,segment
20,10,full_text + noisy_diagram[pixel_noise],OK,BC,is_a,segment
20,10,full_text + noisy_diagram[pixel_noise],OK,CD,is_a,segment
20,10,full_text + noisy_diagram[pixel_noise],OK,OD,is_a,segment
20,10,full_text + noisy_diagram[pixel_noise],OK,∠DOB,is_a,angle
20,10,full_text + noisy_diagram[pixel_noise],OK,∠DOB,has_measure,140_deg
20,10,full_text + noisy_diagram[pixel_noise],OK,AB,center_of,O
20,10,full_text + noisy_diagram[pixel_noise],OK,O,center_of,AB
20,10,full_text + noisy_diagram[pixel_noise],OK,AB,radius_of,O
20,10,full_text + noisy_diagram[pixel_noise],OK,O,radius_of,AB
,,,,,,
22,10,full_text + noisy_diagram[pixel_noise],OK,A,is_a,point
22,10,full_text + noisy_diagram[pixel_noise],OK,B,is_a,point
22,10,full_text + noisy_diagram[pixel_noise],OK,C,is_a,point
22,10,full_text + noisy_diagram[pixel_noise],OK,D,is_a,point
22,10,full_text + noisy_diagram[pixel_noise],OK,M,is_a,point
22,10,full_text + noisy_diagram[pixel_noise],OK,N,is_a,point
22,10,full_text + noisy_diagram[pixel_noise],OK,O,is_a,point
22,10,full_text + noisy_diagram[pixel_noise],OK,ABCD,is_a,diamond
22,10,full_text + noisy_diagram[pixel_noise],OK,M,lies_on,AB
22,10,full_text + noisy_diagram[pixel_noise],OK,N,lies_on,CD
22,10,full_text + noisy_diagram[pixel_noise],OK,AM,has_measure,CN
22,10,full_text + noisy_diagram[pixel_noise],OK,MN,intersects,AC
22,10,full_text + noisy_diagram[pixel_noise],OK,O,is_a,"intersection_of, MN, AC"
22,10,full_text + noisy_diagram[pixel_noise],OK,BO,is_a,segment
22,10,full_text + noisy_diagram[pixel_noise],OK,∠DAC,is_a,angle
22,10,full_text + noisy_diagram[pixel_noise],OK,∠DAC,has_measure,28_deg
22,10,full_text + noisy_diagram[pixel_noise],OK,∠OBC,is_a,angle
22,10,full_text + noisy_diagram[pixel_noise],OK,∠OBC,has_measure,?
,,,,,,
25,10,full_text + noisy_diagram[pixel_noise],OK,A,is_a,point
25,10,full_text + noisy_diagram[pixel_noise],OK,B,is_a,point
25,10,full_text + noisy_diagram[pixel_noise],OK,C,is_a,point
25,10,full_text + noisy_diagram[pixel_noise],OK,E,is_a,point
25,10,full_text + noisy_diagram[pixel_noise],OK,F,is_a,point
25,10,full_text + noisy_diagram[pixel_noise],OK,EF,is_a,segment
25,10,full_text + noisy_diagram[pixel_noise],OK,BC,is_a,segment
25,10,full_text + noisy_diagram[pixel_noise],OK,AC,is_a,segment
25,10,full_text + noisy_diagram[pixel_noise],OK,BAF,is_a,angle
25,10,full_text + noisy_diagram[pixel_noise],OK,∠B,is_a,angle
25,10,full_text + noisy_diagram[pixel_noise],OK,EF,parallel_to,BC
25,10,full_text + noisy_diagram[pixel_noise],OK,AC,bisects,∠BAF
25,10,full_text + noisy_diagram[pixel_noise],OK,∠B,has_measure,50_deg
25,10,full_text + noisy_diagram[pixel_noise],OK,?,is_a,query_target
,,,,,,
26,10,full_text + noisy_diagram[pixel_noise],OK,height,is_a,?
26,10,full_text + noisy_diagram[pixel_noise],OK,flagpole,is_a,?
26,10,full_text + noisy_diagram[pixel_noise],OK,bamboo_pole,is_a,?
26,10,full_text + noisy_diagram[pixel_noise],OK,length_of_bamboo_pole,has_measure,3.2_m
26,10,full_text + noisy_diagram[pixel_noise],OK,distance_between_bamboo_pole_and_point,has_measure,8.0_m
26,10,full_text + noisy_diagram[pixel_noise],OK,distance_between_flagpole_and_point,has_measure,22.0_m
26,10,full_text + noisy_diagram[pixel_noise],OK,bamboo_pole,connects,top_of_bamboo_pole
26,10,full_text + noisy_diagram[pixel_noise],OK,top_of_bamboo_pole,lies_on,point_on_ground
26,10,full_text + noisy_diagram[pixel_noise],OK,shadow_of_top_of_flagpole,lies_on,point_on_ground
26,10,full_text + noisy_diagram[pixel_noise],OK,flagpole,connects,top_of_flagpole
26,10,full_text + noisy_diagram[pixel_noise],OK,top_of_flagpole,lies_on,point_on_ground
26,10,full_text + noisy_diagram[pixel_noise],OK,bamboo_pole,rotated_about,point_on_ground
26,10,full_text + noisy_diagram[pixel_noise],OK,flagpole,rotated_about,point_on_ground
,,,,,,
29,10,full_text + noisy_diagram[pixel_noise],OK,A,is_a,point
29,10,full_text + noisy_diagram[pixel_noise],OK,B,is_a,point
29,10,full_text + noisy_diagram[pixel_noise],OK,C,is_a,point
29,10,full_text + noisy_diagram[pixel_noise],OK,D,is_a,point
29,10,full_text + noisy_diagram[pixel_noise],OK,ABC,is_a,triangle
29,10,full_text + noisy_diagram[pixel_noise],OK,AB,is_a,segment
29,10,full_text + noisy_diagram[pixel_noise],OK,BC,is_a,segment
29,10,full_text + noisy_diagram[pixel_noise],OK,CA,is_a,segment
29,10,full_text + noisy_diagram[pixel_noise],OK,BD,is_a,segment
29,10,full_text + noisy_diagram[pixel_noise],OK,CD,is_a,segment
29,10,full_text + noisy_diagram[pixel_noise],OK,A,connects,B
29,10,full_text + noisy_diagram[pixel_noise],OK,B,connects,C
29,10,full_text + noisy_diagram[pixel_noise],OK,C,connects,A
29,10,full_text + noisy_diagram[pixel_noise],OK,B,connects,D
29,10,full_text + noisy_diagram[pixel_noise],OK,C,connects,D
29,10,full_text + noisy_diagram[pixel_noise],OK,∠BAC,is_a,angle
29,10,full_text + noisy_diagram[pixel_noise],OK,∠BAC,has_measure,50_deg
29,10,full_text + noisy_diagram[pixel_noise],OK,D,is_a,intersection_point
29,10,full_text + noisy_diagram[pixel_noise],OK,D,lies_on,BD
29,10,full_text + noisy_diagram[pixel_noise],OK,D,lies_on,CD
29,10,full_text + noisy_diagram[pixel_noise],OK,∠BDC,is_a,angle
29,10,full_text + noisy_diagram[pixel_noise],OK,∠BDC,has_measure,?
,,,,,,
30,10,full_text + noisy_diagram[pixel_noise],OK,O,is_a,point
30,10,full_text + noisy_diagram[pixel_noise],OK,A,is_a,point
30,10,full_text + noisy_diagram[pixel_noise],OK,B,is_a,point
30,10,full_text + noisy_diagram[pixel_noise],OK,C,is_a,point
30,10,full_text + noisy_diagram[pixel_noise],OK,OA,is_a,segment
30,10,full_text + noisy_diagram[pixel_noise],OK,OB,is_a,segment
30,10,full_text + noisy_diagram[pixel_noise],OK,OC,is_a,segment
30,10,full_text + noisy_diagram[pixel_noise],OK,OA,has_measure,?
30,10,full_text + noisy_diagram[pixel_noise],OK,OB,has_measure,?
30,10,full_text + noisy_diagram[pixel_noise],OK,OC,has_measure,?
,,,,,,
32,10,full_text + noisy_diagram[pixel_noise],OK,A,is_a,point
32,10,full_text + noisy_diagram[pixel_noise],OK,B,is_a,point
32,10,full_text + noisy_diagram[pixel_noise],OK,C,is_a,point
32,10,full_text + noisy_diagram[pixel_noise],OK,I,is_a,point
32,10,full_text + noisy_diagram[pixel_noise],OK,D,is_a,point
32,10,full_text + noisy_diagram[pixel_noise],OK,E,is_a,point
32,10,full_text + noisy_diagram[pixel_noise],OK,F,is_a,point
32,10,full_text + noisy_diagram[pixel_noise],OK,ABC,is_a,triangle
32,10,full_text + noisy_diagram[pixel_noise],OK,DEF,is_a,triangle
32,10,full_text + noisy_diagram[pixel_noise],OK,I,is_a,circle
32,10,full_text + noisy_diagram[pixel_noise],OK,ABC,has_measure,?
32,10,full_text + noisy_diagram[pixel_noise],OK,DEF,has_measure,52_deg
32,10,full_text + noisy_diagram[pixel_noise],OK,D,lies_on,ABC
32,10,full_text + noisy_diagram[pixel_noise],OK,E,lies_on,ABC
32,10,full_text + noisy_diagram[pixel_noise],OK,F,lies_on,ABC
32,10,full_text + noisy_diagram[pixel_noise],OK,D,lies_on,DEF
32,10,full_text + noisy_diagram[pixel_noise],OK,E,lies_on,DEF
32,10,full_text + noisy_diagram[pixel_noise],OK,F,lies_on,DEF
32,10,full_text + noisy_diagram[pixel_noise],OK,I,center_of,DEF
32,10,full_text + noisy_diagram[pixel_noise],OK,A,is_a,angle
32,10,full_text + noisy_diagram[pixel_noise],OK,A,has_measure,?
,,,,,,
34,10,full_text + noisy_diagram[pixel_noise],OK,A,is_a,point
34,10,full_text + noisy_diagram[pixel_noise],OK,B,is_a,point
34,10,full_text + noisy_diagram[pixel_noise],OK,C,is_a,point
34,10,full_text + noisy_diagram[pixel_noise],OK,D,is_a,point
34,10,full_text + noisy_diagram[pixel_noise],OK,E,is_a,point
34,10,full_text + noisy_diagram[pixel_noise],OK,F,is_a,point
34,10,full_text + noisy_diagram[pixel_noise],OK,P,is_a,point
34,10,full_text + noisy_diagram[pixel_noise],OK,Q,is_a,point
34,10,full_text + noisy_diagram[pixel_noise],OK,AB,is_a,line
34,10,full_text + noisy_diagram[pixel_noise],OK,CD,is_a,line
34,10,full_text + noisy_diagram[pixel_noise],OK,EF,is_a,line
34,10,full_text + noisy_diagram[pixel_noise],OK,AB,parallel_to,CD
34,10,full_text + noisy_diagram[pixel_noise],OK,EF,intersects,AB
34,10,full_text + noisy_diagram[pixel_noise],OK,EF,intersects,CD
34,10,full_text + noisy_diagram[pixel_noise],OK,P,is_a,intersection
34,10,full_text + noisy_diagram[pixel_noise],OK,Q,is_a,intersection
34,10,full_text + noisy_diagram[pixel_noise],OK,∠BPF,is_a,angle
34,10,full_text + noisy_diagram[pixel_noise],OK,∠BPF,has_measure,100_deg
34,10,full_text + noisy_diagram[pixel_noise],OK,∠CQF,is_a,angle
,,,,,,
36,10,full_text + noisy_diagram[pixel_noise],OK,A,is_a,point
36,10,full_text + noisy_diagram[pixel_noise],OK,B,is_a,point
36,10,full_text + noisy_diagram[pixel_noise],OK,O,is_a,point
36,10,full_text + noisy_diagram[pixel_noise],OK,C,is_a,point
36,10,full_text + noisy_diagram[pixel_noise],OK,D,is_a,point
36,10,full_text + noisy_diagram[pixel_noise],OK,AB,is_a,segment
36,10,full_text + noisy_diagram[pixel_noise],OK,AC,is_a,segment
36,10,full_text + noisy_diagram[pixel_noise],OK,DC,is_a,segment
36,10,full_text + noisy_diagram[pixel_noise],OK,DB,is_a,segment
36,10,full_text + noisy_diagram[pixel_noise],OK,O,is_a,circle
36,10,full_text + noisy_diagram[pixel_noise],OK,O,center_of,circle
36,10,full_text + noisy_diagram[pixel_noise],OK,A,lies_on,circle
36,10,full_text + noisy_diagram[pixel_noise],OK,B,lies_on,circle
36,10,full_text + noisy_diagram[pixel_noise],OK,C,lies_on,circle
36,10,full_text + noisy_diagram[pixel_noise],OK,AB,diameter_of,circle
36,10,full_text + noisy_diagram[pixel_noise],OK,AB,connects,"A, B"
36,10,full_text + noisy_diagram[pixel_noise],OK,AC,connects,"A, C"
36,10,full_text + noisy_diagram[pixel_noise],OK,DC,connects,"D, C"
36,10,full_text + noisy_diagram[pixel_noise],OK,DB,connects,"D, B"
36,10,full_text + noisy_diagram[pixel_noise],OK,DC,tangent_to,circle
36,10,full_text + noisy_diagram[pixel_noise],OK,AB,rotated_about,O
36,10,full_text + noisy_diagram[pixel_noise],OK,∠BDC,is_a,angle
36,10,full_text + noisy_diagram[pixel_noise],OK,∠BDC,has_measure,50_deg
36,10,full_text + noisy_diagram[pixel_noise],OK,∠BAC,is_a,angle
,,,,,,
37,10,full_text + noisy_diagram[pixel_noise],OK,A,is_a,point
37,10,full_text + noisy_diagram[pixel_noise],OK,B,is_a,point
37,10,full_text + noisy_diagram[pixel_noise],OK,C,is_a,point
37,10,full_text + noisy_diagram[pixel_noise],OK,D,is_a,point
37,10,full_text + noisy_diagram[pixel_noise],OK,O,is_a,point
37,10,full_text + noisy_diagram[pixel_noise],OK,P,is_a,point
37,10,full_text + noisy_diagram[pixel_noise],OK,AB,is_a,segment
37,10,full_text + noisy_diagram[pixel_noise],OK,CD,is_a,segment
37,10,full_text + noisy_diagram[pixel_noise],OK,AP,is_a,segment
37,10,full_text + noisy_diagram[pixel_noise],OK,AB,parallel_to,CD
37,10,full_text + noisy_diagram[pixel_noise],OK,AB,intersects,P
37,10,full_text + noisy_diagram[pixel_noise],OK,CD,intersects,C
37,10,full_text + noisy_diagram[pixel_noise],OK,C,collinear_with,O
37,10,full_text + noisy_diagram[pixel_noise],OK,C,collinear_with,P
37,10,full_text + noisy_diagram[pixel_noise],OK,A,lies_on,AB
37,10,full_text + noisy_diagram[pixel_noise],OK,AP,connects,A
37,10,full_text + noisy_diagram[pixel_noise],OK,AP,connects,P
37,10,full_text + noisy_diagram[pixel_noise],OK,AO,has_measure,OP
37,10,full_text + noisy_diagram[pixel_noise],OK,OCD,has_measure,50_deg
,,,,,,
38,10,full_text + noisy_diagram[pixel_noise],OK,A,is_a,point
38,10,full_text + noisy_diagram[pixel_noise],OK,B,is_a,point
38,10,full_text + noisy_diagram[pixel_noise],OK,C,is_a,point
38,10,full_text + noisy_diagram[pixel_noise],OK,D,is_a,point
38,10,full_text + noisy_diagram[pixel_noise],OK,AB,is_a,segment
38,10,full_text + noisy_diagram[pixel_noise],OK,AC,is_a,segment
38,10,full_text + noisy_diagram[pixel_noise],OK,AD,is_a,segment
38,10,full_text + noisy_diagram[pixel_noise],OK,BC,is_a,segment
38,10,full_text + noisy_diagram[pixel_noise],OK,ABC,is_a,triangle
38,10,full_text + noisy_diagram[pixel_noise],OK,AB,has_measure,?
38,10,full_text + noisy_diagram[pixel_noise],OK,AC,has_measure,?
38,10,full_text + noisy_diagram[pixel_noise],OK,AD,is_a,line
38,10,full_text + noisy_diagram[pixel_noise],OK,AD,parallel_to,BC
38,10,full_text + noisy_diagram[pixel_noise],OK,∠CAD,is_a,angle
38,10,full_text + noisy_diagram[pixel_noise],OK,∠CAD,has_measure,70_deg
38,10,full_text + noisy_diagram[pixel_noise],OK,∠BAC,is_a,angle
38,10,full_text + noisy_diagram[pixel_noise],OK,∠BAC,has_measure,?
,,,,,,
40,10,full_text + noisy_diagram[pixel_noise],OK,a,is_a,line
40,10,full_text + noisy_diagram[pixel_noise],OK,b,is_a,line
40,10,full_text + noisy_diagram[pixel_noise],OK,c,is_a,line
40,10,full_text + noisy_diagram[pixel_noise],OK,a,parallel_to,b
40,10,full_text + noisy_diagram[pixel_noise],OK,a,is_a,horizontal
40,10,full_text + noisy_diagram[pixel_noise],OK,b,is_a,horizontal
40,10,full_text + noisy_diagram[pixel_noise],OK,c,intersects,a
40,10,full_text + noisy_diagram[pixel_noise],OK,c,intersects,b
40,10,full_text + noisy_diagram[pixel_noise],OK,E,is_a,point
40,10,full_text + noisy_diagram[pixel_noise],OK,F,is_a,point
40,10,full_text + noisy_diagram[pixel_noise],OK,c,intersects,"a, at, E"
40,10,full_text + noisy_diagram[pixel_noise],OK,c,intersects,"b, at, F"
40,10,full_text + noisy_diagram[pixel_noise],OK,A,is_a,point
40,10,full_text + noisy_diagram[pixel_noise],OK,B,is_a,point
40,10,full_text + noisy_diagram[pixel_noise],OK,C,is_a,point
40,10,full_text + noisy_diagram[pixel_noise],OK,D,is_a,point
40,10,full_text + noisy_diagram[pixel_noise],OK,A,lies_on,a
40,10,full_text + noisy_diagram[pixel_noise],OK,B,lies_on,b
40,10,full_text + noisy_diagram[pixel_noise],OK,C,lies_on,c
40,10,full_text + noisy_diagram[pixel_noise],OK,D,lies_on,c
40,10,full_text + noisy_diagram[pixel_noise],OK,A,to_the_right_of,E
40,10,full_text + noisy_diagram[pixel_noise],OK,B,to_the_right_of,F
40,10,full_text + noisy_diagram[pixel_noise],OK,C,above,E
40,10,full_text + noisy_diagram[pixel_noise],OK,D,below,F
40,10,full_text + noisy_diagram[pixel_noise],OK,∠AEC,is_a,angle
40,10,full_text + noisy_diagram[pixel_noise],OK,∠AEC,has_measure,50_deg
40,10,full_text + noisy_diagram[pixel_noise],OK,∠BFD,is_a,angle
40,10,full_text + noisy_diagram[pixel_noise],OK,∠BFD,has_measure,?
,,,,,,
43,10,full_text + noisy_diagram[pixel_noise],OK,A,is_a,point
43,10,full_text + noisy_diagram[pixel_noise],OK,B,is_a,point
43,10,full_text + noisy_diagram[pixel_noise],OK,C,is_a,point
43,10,full_text + noisy_diagram[pixel_noise],OK,D,is_a,point
43,10,full_text + noisy_diagram[pixel_noise],OK,O,is_a,point
43,10,full_text + noisy_diagram[pixel_noise],OK,OAB,is_a,triangle
43,10,full_text + noisy_diagram[pixel_noise],OK,OD,is_a,segment
43,10,full_text + noisy_diagram[pixel_noise],OK,OC,is_a,segment
43,10,full_text + noisy_diagram[pixel_noise],OK,OA,is_a,segment
43,10,full_text + noisy_diagram[pixel_noise],OK,OB,is_a,segment
43,10,full_text + noisy_diagram[pixel_noise],OK,AOC,is_a,angle
43,10,full_text + noisy_diagram[pixel_noise],OK,DOB,is_a,angle
43,10,full_text + noisy_diagram[pixel_noise],OK,OAB,rotated_about,O
43,10,full_text + noisy_diagram[pixel_noise],OK,A,mapped_to,D
43,10,full_text + noisy_diagram[pixel_noise],OK,B,mapped_to,C
43,10,full_text + noisy_diagram[pixel_noise],OK,OD,is_a,"image_of, OA"
43,10,full_text + noisy_diagram[pixel_noise],OK,OC,is_a,"image_of, OB"
43,10,full_text + noisy_diagram[pixel_noise],OK,AOC,has_measure,100_deg
43,10,full_text + noisy_diagram[pixel_noise],OK,OAB,rotated_about,30_deg
,,,,,,
44,10,full_text + noisy_diagram[pixel_noise],OK,A,is_a,point
44,10,full_text + noisy_diagram[pixel_noise],OK,B,is_a,point
44,10,full_text + noisy_diagram[pixel_noise],OK,AB,is_a,segment
44,10,full_text + noisy_diagram[pixel_noise],OK,AB,has_measure,30_units
44,10,full_text + noisy_diagram[pixel_noise],OK,X,is_a,point
44,10,full_text + noisy_diagram[pixel_noise],OK,Y,is_a,point
44,10,full_text + noisy_diagram[pixel_noise],OK,XY,is_a,segment
44,10,full_text + noisy_diagram[pixel_noise],OK,XY,has_measure,25_units
44,10,full_text + noisy_diagram[pixel_noise],OK,Xiaogang,is_a,person
44,10,full_text + noisy_diagram[pixel_noise],OK,Xiaogang,has_measure,1.5_units
44,10,full_text + noisy_diagram[pixel_noise],OK,Height,is_a,?
44,10,full_text + noisy_diagram[pixel_noise],OK,A,connects,B
44,10,full_text + noisy_diagram[pixel_noise],OK,X,connects,Y
44,10,full_text + noisy_diagram[pixel_noise],OK,Xiaogang,connects,X
44,10,full_text + noisy_diagram[pixel_noise],OK,Xiaogang,connects,Y
44,10,full_text + noisy_diagram[pixel_noise],OK,A,is_a,street_lamp
44,10,full_text + noisy_diagram[pixel_noise],OK,B,is_a,street_lamp
44,10,full_text + noisy_diagram[pixel_noise],OK,Height,is_a,height_of_street_lamp
,,,,,,
45,10,full_text + noisy_diagram[pixel_noise],OK,O,is_a,point
45,10,full_text + noisy_diagram[pixel_noise],OK,A,is_a,point
45,10,full_text + noisy_diagram[pixel_noise],OK,B,is_a,point
45,10,full_text + noisy_diagram[pixel_noise],OK,C,is_a,point
45,10,full_text + noisy_diagram[pixel_noise],OK,O,center_of,circle
45,10,full_text + noisy_diagram[pixel_noise],OK,A,lies_on,circle
45,10,full_text + noisy_diagram[pixel_noise],OK,B,lies_on,circle
45,10,full_text + noisy_diagram[pixel_noise],OK,C,lies_on,circle
45,10,full_text + noisy_diagram[pixel_noise],OK,AO,is_a,segment
45,10,full_text + noisy_diagram[pixel_noise],OK,BO,is_a,segment
45,10,full_text + noisy_diagram[pixel_noise],OK,AC,is_a,segment
45,10,full_text + noisy_diagram[pixel_noise],OK,BC,is_a,segment
45,10,full_text + noisy_diagram[pixel_noise],OK,∠ACB,is_a,angle
45,10,full_text + noisy_diagram[pixel_noise],OK,∠ACB,has_measure,35_deg
45,10,full_text + noisy_diagram[pixel_noise],OK,∠AOB,is_a,angle
,,,,,,
46,10,full_text + noisy_diagram[pixel_noise],OK,A,is_a,point
46,10,full_text + noisy_diagram[pixel_noise],OK,B,is_a,point
46,10,full_text + noisy_diagram[pixel_noise],OK,C,is_a,point
46,10,full_text + noisy_diagram[pixel_noise],OK,D,is_a,point
46,10,full_text + noisy_diagram[pixel_noise],OK,AB,is_a,line
46,10,full_text + noisy_diagram[pixel_noise],OK,CD,is_a,line
46,10,full_text + noisy_diagram[pixel_noise],OK,AB,parallel_to,CD
46,10,full_text + noisy_diagram[pixel_noise],OK,A,lies_on,AB
46,10,full_text + noisy_diagram[pixel_noise],OK,B,lies_on,AB
46,10,full_text + noisy_diagram[pixel_noise],OK,C,lies_on,CD
46,10,full_text + noisy_diagram[pixel_noise],OK,D,lies_on,CD
46,10,full_text + noisy_diagram[pixel_noise],OK,transversal,is_a,line
46,10,full_text + noisy_diagram[pixel_noise],OK,transversal,intersects,AB
46,10,full_text + noisy_diagram[pixel_noise],OK,transversal,intersects,CD
46,10,full_text + noisy_diagram[pixel_noise],OK,angle,is_a,angle
46,10,full_text + noisy_diagram[pixel_noise],OK,angle,has_measure,70_deg
46,10,full_text + noisy_diagram[pixel_noise],OK,angle,connects,A
46,10,full_text + noisy_diagram[pixel_noise],OK,angle,connects,transversal
46,10,full_text + noisy_diagram[pixel_noise],OK,angle1,is_a,angle
46,10,full_text + noisy_diagram[pixel_noise],OK,angle1,connects,CD
46,10,full_text + noisy_diagram[pixel_noise],OK,angle1,connects,transversal
,,,,,,
48,10,full_text + noisy_diagram[pixel_noise],OK,O,is_a,point
48,10,full_text + noisy_diagram[pixel_noise],OK,A,is_a,point
48,10,full_text + noisy_diagram[pixel_noise],OK,B,is_a,point
48,10,full_text + noisy_diagram[pixel_noise],OK,C,is_a,point
48,10,full_text + noisy_diagram[pixel_noise],OK,O,center_of,circle
48,10,full_text + noisy_diagram[pixel_noise],OK,A,lies_on,circle
48,10,full_text + noisy_diagram[pixel_noise],OK,B,lies_on,circle
48,10,full_text + noisy_diagram[pixel_noise],OK,C,lies_on,circle
48,10,full_text + noisy_diagram[pixel_noise],OK,BOC,is_a,angle
48,10,full_text + noisy_diagram[pixel_noise],OK,BOC,has_measure,100_deg
48,10,full_text + noisy_diagram[pixel_noise],OK,BAC,is_a,angle
48,10,full_text + noisy_diagram[pixel_noise],OK,BAC,has_measure,?
,,,,,,
49,10,full_text + noisy_diagram[pixel_noise],OK,A,is_a,point
49,10,full_text + noisy_diagram[pixel_noise],OK,B,is_a,point
49,10,full_text + noisy_diagram[pixel_noise],OK,C,is_a,point
49,10,full_text + noisy_diagram[pixel_noise],OK,D,is_a,point
49,10,full_text + noisy_diagram[pixel_noise],OK,E,is_a,point
49,10,full_text + noisy_diagram[pixel_noise],OK,O,is_a,point
49,10,full_text + noisy_diagram[pixel_noise],OK,AB,is_a,segment
49,10,full_text + noisy_diagram[pixel_noise],OK,AC,is_a,segment
49,10,full_text + noisy_diagram[pixel_noise],OK,AE,is_a,segment
49,10,full_text + noisy_diagram[pixel_noise],OK,AD,is_a,segment
49,10,full_text + noisy_diagram[pixel_noise],OK,BC,is_a,segment
49,10,full_text + noisy_diagram[pixel_noise],OK,CD,is_a,segment
49,10,full_text + noisy_diagram[pixel_noise],OK,DE,is_a,segment
49,10,full_text + noisy_diagram[pixel_noise],OK,∠BAC,is_a,angle
49,10,full_text + noisy_diagram[pixel_noise],OK,∠AED,is_a,angle
49,10,full_text + noisy_diagram[pixel_noise],OK,A,lies_on,circle
49,10,full_text + noisy_diagram[pixel_noise],OK,B,lies_on,circle
49,10,full_text + noisy_diagram[pixel_noise],OK,C,lies_on,circle
49,10,full_text + noisy_diagram[pixel_noise],OK,D,lies_on,circle
49,10,full_text + noisy_diagram[pixel_noise],OK,E,lies_on,circle
49,10,full_text + noisy_diagram[pixel_noise],OK,O,center_of,circle
49,10,full_text + noisy_diagram[pixel_noise],OK,∠BAC,has_measure,35_deg
49,10,full_text + noisy_diagram[pixel_noise],OK,∠AED,has_measure,115_deg
49,10,full_text + noisy_diagram[pixel_noise],OK,∠BAE,has_measure,30_deg
,,,,,,
50,10,full_text + noisy_diagram[pixel_noise],OK,A,is_a,point
50,10,full_text + noisy_diagram[pixel_noise],OK,B,is_a,point
50,10,full_text + noisy_diagram[pixel_noise],OK,C,is_a,point
50,10,full_text + noisy_diagram[pixel_noise],OK,D,is_a,point
50,10,full_text + noisy_diagram[pixel_noise],OK,E,is_a,point
50,10,full_text + noisy_diagram[pixel_noise],OK,O,is_a,point
50,10,full_text + noisy_diagram[pixel_noise],OK,AB,is_a,line
50,10,full_text + noisy_diagram[pixel_noise],OK,CD,is_a,line
50,10,full_text + noisy_diagram[pixel_noise],OK,EO,is_a,line
50,10,full_text + noisy_diagram[pixel_noise],OK,AB,intersects,CD
50,10,full_text + noisy_diagram[pixel_noise],OK,AB,intersects,EO
50,10,full_text + noisy_diagram[pixel_noise],OK,CD,intersects,AB
50,10,full_text + noisy_diagram[pixel_noise],OK,CD,intersects,EO
50,10,full_text + noisy_diagram[pixel_noise],OK,EO,perpendicular_to,AB
50,10,full_text + noisy_diagram[pixel_noise],OK,AB,connects,O
50,10,full_text + noisy_diagram[pixel_noise],OK,CD,connects,O
50,10,full_text + noisy_diagram[pixel_noise],OK,EO,connects,O
50,10,full_text + noisy_diagram[pixel_noise],OK,BOD,is_a,angle
50,10,full_text + noisy_diagram[pixel_noise],OK,BOD,has_measure,50_deg
50,10,full_text + noisy_diagram[pixel_noise],OK,COE,is_a,angle
50,10,full_text + noisy_diagram[pixel_noise],OK,COE,has_measure,?
,,,,,,
53,10,full_text + noisy_diagram[pixel_noise],OK,a,is_a,line
53,10,full_text + noisy_diagram[pixel_noise],OK,b,is_a,line
53,10,full_text + noisy_diagram[pixel_noise],OK,c,is_a,point
53,10,full_text + noisy_diagram[pixel_noise],OK,a,connects,c
53,10,full_text + noisy_diagram[pixel_noise],OK,b,connects,c
53,10,full_text + noisy_diagram[pixel_noise],OK,55_deg,is_a,angle
53,10,full_text + noisy_diagram[pixel_noise],OK,c,has_measure,55_deg
53,10,full_text + noisy_diagram[pixel_noise],OK,2y,is_a,angle
53,10,full_text + noisy_diagram[pixel_noise],OK,b,has_measure,2y
53,10,full_text + noisy_diagram[pixel_noise],OK,a,parallel_to,b
53,10,full_text + noisy_diagram[pixel_noise],OK,a,intersects,c
53,10,full_text + noisy_diagram[pixel_noise],OK,b,intersects,c
53,10,full_text + noisy_diagram[pixel_noise],OK,AB,is_a,line
53,10,full_text + noisy_diagram[pixel_noise],OK,CD,is_a,line
53,10,full_text + noisy_diagram[pixel_noise],OK,AB,parallel_to,CD
53,10,full_text + noisy_diagram[pixel_noise],OK,transversal,is_a,line
53,10,full_text + noisy_diagram[pixel_noise],OK,transversal,intersects,AB
53,10,full_text + noisy_diagram[pixel_noise],OK,transversal,intersects,CD
53,10,full_text + noisy_diagram[pixel_noise],OK,E,is_a,point
53,10,full_text + noisy_diagram[pixel_noise],OK,F,is_a,point
53,10,full_text + noisy_diagram[pixel_noise],OK,transversal,connects,E
53,10,full_text + noisy_diagram[pixel_noise],OK,transversal,connects,F
53,10,full_text + noisy_diagram[pixel_noise],OK,AB,connects,E
53,10,full_text + noisy_diagram[pixel_noise],OK,CD,connects,F
53,10,full_text + noisy_diagram[pixel_noise],OK,C,is_a,point
53,10,full_text + noisy_diagram[pixel_noise],OK,D,is_a,point
53,10,full_text + noisy_diagram[pixel_noise],OK,transversal,connects,C
53,10,full_text + noisy_diagram[pixel_noise],OK,transversal,connects,D
53,10,full_text + noisy_diagram[pixel_noise],OK,C,lies_on,transversal
53,10,full_text + noisy_diagram[pixel_noise],OK,D,lies_on,transversal
53,10,full_text + noisy_diagram[pixel_noise],OK,AEC,is_a,angle
53,10,full_text + noisy_diagram[pixel_noise],OK,AEC,has_measure,55_deg
53,10,full_text + noisy_diagram[pixel_noise],OK,BFD,is_a,angle
,,,,,,
55,10,full_text + noisy_diagram[pixel_noise],OK,A,is_a,point
55,10,full_text + noisy_diagram[pixel_noise],OK,B,is_a,point
55,10,full_text + noisy_diagram[pixel_noise],OK,C,is_a,point
55,10,full_text + noisy_diagram[pixel_noise],OK,D,is_a,point
55,10,full_text + noisy_diagram[pixel_noise],OK,O,is_a,point
55,10,full_text + noisy_diagram[pixel_noise],OK,M,is_a,point
55,10,full_text + noisy_diagram[pixel_noise],OK,N,is_a,point
55,10,full_text + noisy_diagram[pixel_noise],OK,AB,is_a,line
55,10,full_text + noisy_diagram[pixel_noise],OK,CD,is_a,line
55,10,full_text + noisy_diagram[pixel_noise],OK,OM,is_a,line
55,10,full_text + noisy_diagram[pixel_noise],OK,ON,is_a,line
55,10,full_text + noisy_diagram[pixel_noise],OK,AB,intersects,CD
55,10,full_text + noisy_diagram[pixel_noise],OK,AB,intersects,O
55,10,full_text + noisy_diagram[pixel_noise],OK,CD,intersects,O
55,10,full_text + noisy_diagram[pixel_noise],OK,OM,bisects,AOC
55,10,full_text + noisy_diagram[pixel_noise],OK,ON,perpendicular_to,OM
55,10,full_text + noisy_diagram[pixel_noise],OK,AOC,has_measure,70_deg
,,,,,,
56,10,full_text + noisy_diagram[pixel_noise],OK,O,is_a,point
56,10,full_text + noisy_diagram[pixel_noise],OK,CD,is_a,diameter
56,10,full_text + noisy_diagram[pixel_noise],OK,CD,center_of,O
56,10,full_text + noisy_diagram[pixel_noise],OK,C,is_a,point
56,10,full_text + noisy_diagram[pixel_noise],OK,D,is_a,point
56,10,full_text + noisy_diagram[pixel_noise],OK,E,is_a,point
56,10,full_text + noisy_diagram[pixel_noise],OK,F,is_a,point
56,10,full_text + noisy_diagram[pixel_noise],OK,EF,is_a,chord
56,10,full_text + noisy_diagram[pixel_noise],OK,G,is_a,point
56,10,full_text + noisy_diagram[pixel_noise],OK,CD,intersects,EF
56,10,full_text + noisy_diagram[pixel_noise],OK,G,is_a,midpoint
56,10,full_text + noisy_diagram[pixel_noise],OK,∠DCF,is_a,angle
56,10,full_text + noisy_diagram[pixel_noise],OK,∠DCF,has_measure,20_deg
56,10,full_text + noisy_diagram[pixel_noise],OK,C,lies_on,circle
56,10,full_text + noisy_diagram[pixel_noise],OK,E,lies_on,circle
56,10,full_text + noisy_diagram[pixel_noise],OK,F,lies_on,circle
56,10,full_text + noisy_diagram[pixel_noise],OK,O,is_a,center
56,10,full_text + noisy_diagram[pixel_noise],OK,∠EOD,is_a,angle
56,10,full_text + noisy_diagram[pixel_noise],OK,CD,connects,C
56,10,full_text + noisy_diagram[pixel_noise],OK,CD,connects,D
56,10,full_text + noisy_diagram[pixel_noise],OK,EF,connects,E
56,10,full_text + noisy_diagram[pixel_noise],OK,EF,connects,F
,,,,,,
57,10,full_text + noisy_diagram[pixel_noise],OK,A,is_a,point
57,10,full_text + noisy_diagram[pixel_noise],OK,B,is_a,point
57,10,full_text + noisy_diagram[pixel_noise],OK,C,is_a,point
57,10,full_text + noisy_diagram[pixel_noise],OK,D,is_a,point
57,10,full_text + noisy_diagram[pixel_noise],OK,E,is_a,point
57,10,full_text + noisy_diagram[pixel_noise],OK,AB,is_a,segment
57,10,full_text + noisy_diagram[pixel_noise],OK,CD,is_a,segment
57,10,full_text + noisy_diagram[pixel_noise],OK,AD,is_a,segment
57,10,full_text + noisy_diagram[pixel_noise],OK,BC,is_a,segment
57,10,full_text + noisy_diagram[pixel_noise],OK,AB,parallel_to,CD
57,10,full_text + noisy_diagram[pixel_noise],OK,AB,is_a,horizontal
57,10,full_text + noisy_diagram[pixel_noise],OK,CD,is_a,horizontal
57,10,full_text + noisy_diagram[pixel_noise],OK,CD,below,AB
57,10,full_text + noisy_diagram[pixel_noise],OK,A,lies_on,AB
57,10,full_text + noisy_diagram[pixel_noise],OK,B,lies_on,AB
57,10,full_text + noisy_diagram[pixel_noise],OK,C,lies_on,CD
57,10,full_text + noisy_diagram[pixel_noise],OK,D,lies_on,CD
57,10,full_text + noisy_diagram[pixel_noise],OK,AD,intersects,BC
57,10,full_text + noisy_diagram[pixel_noise],OK,E,is_a,intersection_point
57,10,full_text + noisy_diagram[pixel_noise],OK,E,lies_on,AD
57,10,full_text + noisy_diagram[pixel_noise],OK,E,lies_on,BC
57,10,full_text + noisy_diagram[pixel_noise],OK,E,between,AB
57,10,full_text + noisy_diagram[pixel_noise],OK,E,between,CD
57,10,full_text + noisy_diagram[pixel_noise],OK,∠ABC,is_a,angle
57,10,full_text + noisy_diagram[pixel_noise],OK,∠ABC,has_measure,20_deg
57,10,full_text + noisy_diagram[pixel_noise],OK,∠DCB,is_a,angle
,,,,,,
58,10,full_text + noisy_diagram[pixel_noise],OK,A,is_a,point
58,10,full_text + noisy_diagram[pixel_noise],OK,B,is_a,point
58,10,full_text + noisy_diagram[pixel_noise],OK,C,is_a,point
58,10,full_text + noisy_diagram[pixel_noise],OK,D,is_a,point
58,10,full_text + noisy_diagram[pixel_noise],OK,E,is_a,point
58,10,full_text + noisy_diagram[pixel_noise],OK,AB,is_a,segment
58,10,full_text + noisy_diagram[pixel_noise],OK,CD,is_a,segment
58,10,full_text + noisy_diagram[pixel_noise],OK,EC,is_a,segment
58,10,full_text + noisy_diagram[pixel_noise],OK,ED,is_a,segment
58,10,full_text + noisy_diagram[pixel_noise],OK,∠CED,is_a,angle
58,10,full_text + noisy_diagram[pixel_noise],OK,∠AEC,is_a,angle
58,10,full_text + noisy_diagram[pixel_noise],OK,∠CDE,is_a,angle
58,10,full_text + noisy_diagram[pixel_noise],OK,AB,parallel_to,CD
58,10,full_text + noisy_diagram[pixel_noise],OK,E,lies_on,AB
58,10,full_text + noisy_diagram[pixel_noise],OK,C,lies_on,CD
58,10,full_text + noisy_diagram[pixel_noise],OK,D,lies_on,CD
58,10,full_text + noisy_diagram[pixel_noise],OK,EC,connects,"E, C"
58,10,full_text + noisy_diagram[pixel_noise],OK,ED,connects,"E, D"
58,10,full_text + noisy_diagram[pixel_noise],OK,∠CED,has_measure,90_deg
58,10,full_text + noisy_diagram[pixel_noise],OK,∠AEC,has_measure,35_deg
58,10,full_text + noisy_diagram[pixel_noise],OK,A,collinear_with,E
58,10,full_text + noisy_diagram[pixel_noise],OK,E,collinear_with,B
58,10,full_text + noisy_diagram[pixel_noise],OK,A,collinear_with,B
58,10,full_text + noisy_diagram[pixel_noise],OK,∠CDE,has_measure,?
,,,,,,
59,10,full_text + noisy_diagram[pixel_noise],OK,A,is_a,point
59,10,full_text + noisy_diagram[pixel_noise],OK,B,is_a,point
59,10,full_text + noisy_diagram[pixel_noise],OK,C,is_a,point
59,10,full_text + noisy_diagram[pixel_noise],OK,D,is_a,point
59,10,full_text + noisy_diagram[pixel_noise],OK,AB,is_a,segment
59,10,full_text + noisy_diagram[pixel_noise],OK,CD,is_a,segment
59,10,full_text + noisy_diagram[pixel_noise],OK,AC,is_a,segment
59,10,full_text + noisy_diagram[pixel_noise],OK,AD,is_a,segment
59,10,full_text + noisy_diagram[pixel_noise],OK,AB,parallel_to,CD
59,10,full_text + noisy_diagram[pixel_noise],OK,A,lies_on,AB
59,10,full_text + noisy_diagram[pixel_noise],OK,B,lies_on,AB
59,10,full_text + noisy_diagram[pixel_noise],OK,C,lies_on,CD
59,10,full_text + noisy_diagram[pixel_noise],OK,D,lies_on,CD
59,10,full_text + noisy_diagram[pixel_noise],OK,AC,connects,"A, C"
59,10,full_text + noisy_diagram[pixel_noise],OK,AD,connects,"A, D"
59,10,full_text + noisy_diagram[pixel_noise],OK,AD,bisects,∠BAC
59,10,full_text + noisy_diagram[pixel_noise],OK,∠ACD,has_measure,80_deg
59,10,full_text + noisy_diagram[pixel_noise],OK,∠CDA,is_a,angle
,,,,,,
60,10,full_text + noisy_diagram[pixel_noise],OK,A,is_a,point
60,10,full_text + noisy_diagram[pixel_noise],OK,B,is_a,point
60,10,full_text + noisy_diagram[pixel_noise],OK,C,is_a,point
60,10,full_text + noisy_diagram[pixel_noise],OK,D,is_a,point
60,10,full_text + noisy_diagram[pixel_noise],OK,AB,is_a,segment
60,10,full_text + noisy_diagram[pixel_noise],OK,CD,is_a,segment
60,10,full_text + noisy_diagram[pixel_noise],OK,AB,parallel_to,CD
60,10,full_text + noisy_diagram[pixel_noise],OK,∠ACD,is_a,angle
60,10,full_text + noisy_diagram[pixel_noise],OK,∠ACD,has_measure,135_deg
60,10,full_text + noisy_diagram[pixel_noise],OK,∠1,is_a,angle
60,10,full_text + noisy_diagram[pixel_noise],OK,∠2,is_a,angle
60,10,full_text + noisy_diagram[pixel_noise],OK,AB,intersects,transversal
60,10,full_text + noisy_diagram[pixel_noise],OK,CD,intersects,transversal
60,10,full_text + noisy_diagram[pixel_noise],OK,transversal,connects,"AB, CD"
60,10,full_text + noisy_diagram[pixel_noise],OK,∠1,lies_on,AB
60,10,full_text + noisy_diagram[pixel_noise],OK,∠2,lies_on,CD
60,10,full_text + noisy_diagram[pixel_noise],OK,∠1,is_a,upper-right
60,10,full_text + noisy_diagram[pixel_noise],OK,∠2,is_a,upper-left
,,,,,,
64,10,full_text + noisy_diagram[pixel_noise],OK,O,is_a,point
64,10,full_text + noisy_diagram[pixel_noise],OK,AB,is_a,segment
64,10,full_text + noisy_diagram[pixel_noise],OK,O,center_of,circle
64,10,full_text + noisy_diagram[pixel_noise],OK,AB,lies_on,circle
64,10,full_text + noisy_diagram[pixel_noise],OK,O,connects,AB
64,10,full_text + noisy_diagram[pixel_noise],OK,AB,has_measure,160_units
64,10,full_text + noisy_diagram[pixel_noise],OK,circle,diameter_of,AB
64,10,full_text + noisy_diagram[pixel_noise],OK,AB,diameter_of,circle
64,10,full_text + noisy_diagram[pixel_noise],OK,circle,has_measure,200_units
64,10,full_text + noisy_diagram[pixel_noise],OK,depth,is_a,?
64,10,full_text + noisy_diagram[pixel_noise],OK,depth,is_a,target
,,,,,,
72,10,full_text + noisy_diagram[pixel_noise],OK,A,is_a,point
72,10,full_text + noisy_diagram[pixel_noise],OK,B,is_a,point
72,10,full_text + noisy_diagram[pixel_noise],OK,C,is_a,point
72,10,full_text + noisy_diagram[pixel_noise],OK,D,is_a,point
72,10,full_text + noisy_diagram[pixel_noise],OK,O,is_a,point
72,10,full_text + noisy_diagram[pixel_noise],OK,E,is_a,point
72,10,full_text + noisy_diagram[pixel_noise],OK,AB,is_a,segment
72,10,full_text + noisy_diagram[pixel_noise],OK,BC,is_a,segment
72,10,full_text + noisy_diagram[pixel_noise],OK,CD,is_a,segment
72,10,full_text + noisy_diagram[pixel_noise],OK,DA,is_a,segment
72,10,full_text + noisy_diagram[pixel_noise],OK,AC,is_a,segment
72,10,full_text + noisy_diagram[pixel_noise],OK,BD,is_a,segment
72,10,full_text + noisy_diagram[pixel_noise],OK,ABCD,is_a,parallelogram
72,10,full_text + noisy_diagram[pixel_noise],OK,AB + BC + CD + DA,has_measure,16
72,10,full_text + noisy_diagram[pixel_noise],OK,AC,intersects,BD
72,10,full_text + noisy_diagram[pixel_noise],OK,O,is_a,intersection
72,10,full_text + noisy_diagram[pixel_noise],OK,O,lies_on,AC
72,10,full_text + noisy_diagram[pixel_noise],OK,O,lies_on,BD
72,10,full_text + noisy_diagram[pixel_noise],OK,E,lies_on,AD
72,10,full_text + noisy_diagram[pixel_noise],OK,AC,perpendicular_to,OE
72,10,full_text + noisy_diagram[pixel_noise],OK,Perimeter of DCE,is_a,query_target
,,,,,,
73,10,full_text + noisy_diagram[pixel_noise],OK,A,is_a,point
73,10,full_text + noisy_diagram[pixel_noise],OK,B,is_a,point
73,10,full_text + noisy_diagram[pixel_noise],OK,C,is_a,point
73,10,full_text + noisy_diagram[pixel_noise],OK,O,is_a,point
73,10,full_text + noisy_diagram[pixel_noise],OK,ABC,is_a,triangle
73,10,full_text + noisy_diagram[pixel_noise],OK,AB,is_a,segment
73,10,full_text + noisy_diagram[pixel_noise],OK,BC,is_a,segment
73,10,full_text + noisy_diagram[pixel_noise],OK,CA,is_a,segment
73,10,full_text + noisy_diagram[pixel_noise],OK,AO,is_a,segment
73,10,full_text + noisy_diagram[pixel_noise],OK,BO,is_a,segment
73,10,full_text + noisy_diagram[pixel_noise],OK,CO,is_a,segment
73,10,full_text + noisy_diagram[pixel_noise],OK,A,lies_on,circle
73,10,full_text + noisy_diagram[pixel_noise],OK,B,lies_on,circle
73,10,full_text + noisy_diagram[pixel_noise],OK,C,lies_on,circle
73,10,full_text + noisy_diagram[pixel_noise],OK,ABC,inscribed_in,circle
73,10,full_text + noisy_diagram[pixel_noise],OK,O,is_a,"center_of, circle"
73,10,full_text + noisy_diagram[pixel_noise],OK,AB,connects,A
73,10,full_text + noisy_diagram[pixel_noise],OK,AB,connects,B
73,10,full_text + noisy_diagram[pixel_noise],OK,BC,connects,B
73,10,full_text + noisy_diagram[pixel_noise],OK,BC,connects,C
73,10,full_text + noisy_diagram[pixel_noise],OK,CA,connects,C
73,10,full_text + noisy_diagram[pixel_noise],OK,CA,connects,A
73,10,full_text + noisy_diagram[pixel_noise],OK,AO,connects,A
73,10,full_text + noisy_diagram[pixel_noise],OK,AO,connects,O
73,10,full_text + noisy_diagram[pixel_noise],OK,BO,connects,B
73,10,full_text + noisy_diagram[pixel_noise],OK,BO,connects,O
73,10,full_text + noisy_diagram[pixel_noise],OK,CO,connects,C
73,10,full_text + noisy_diagram[pixel_noise],OK,CO,connects,O
73,10,full_text + noisy_diagram[pixel_noise],OK,∠ABC,has_measure,70_deg
,,,,,,
78,10,full_text + noisy_diagram[pixel_noise],OK,A,is_a,point
78,10,full_text + noisy_diagram[pixel_noise],OK,B,is_a,point
78,10,full_text + noisy_diagram[pixel_noise],OK,AB,is_a,segment
78,10,full_text + noisy_diagram[pixel_noise],OK,AB,is_a,line
78,10,full_text + noisy_diagram[pixel_noise],OK,C,is_a,point
78,10,full_text + noisy_diagram[pixel_noise],OK,D,is_a,point
78,10,full_text + noisy_diagram[pixel_noise],OK,CD,is_a,segment
78,10,full_text + noisy_diagram[pixel_noise],OK,CD,is_a,line
78,10,full_text + noisy_diagram[pixel_noise],OK,E,is_a,point
78,10,full_text + noisy_diagram[pixel_noise],OK,A,lies_on,AB
78,10,full_text + noisy_diagram[pixel_noise],OK,B,lies_on,AB
78,10,full_text + noisy_diagram[pixel_noise],OK,C,lies_on,CD
78,10,full_text + noisy_diagram[pixel_noise],OK,E,lies_on,CD
78,10,full_text + noisy_diagram[pixel_noise],OK,D,lies_on,CD
78,10,full_text + noisy_diagram[pixel_noise],OK,AC,is_a,segment
78,10,full_text + noisy_diagram[pixel_noise],OK,AE,is_a,segment
78,10,full_text + noisy_diagram[pixel_noise],OK,ACE,is_a,angle
78,10,full_text + noisy_diagram[pixel_noise],OK,ACE,has_measure,70_deg
78,10,full_text + noisy_diagram[pixel_noise],OK,AB,parallel_to,CD
78,10,full_text + noisy_diagram[pixel_noise],OK,AE,bisects,∠CAB
78,10,full_text + noisy_diagram[pixel_noise],OK,AE,intersects,CD
78,10,full_text + noisy_diagram[pixel_noise],OK,E,is_a,intersection
78,10,full_text + noisy_diagram[pixel_noise],OK,∠AED,is_a,angle
,,,,,,
79,10,full_text + noisy_diagram[pixel_noise],OK,A,is_a,point
79,10,full_text + noisy_diagram[pixel_noise],OK,B,is_a,point
79,10,full_text + noisy_diagram[pixel_noise],OK,C,is_a,point
79,10,full_text + noisy_diagram[pixel_noise],OK,D,is_a,point
79,10,full_text + noisy_diagram[pixel_noise],OK,O,is_a,point
79,10,full_text + noisy_diagram[pixel_noise],OK,E,is_a,point
79,10,full_text + noisy_diagram[pixel_noise],OK,AB,is_a,segment
79,10,full_text + noisy_diagram[pixel_noise],OK,BC,is_a,segment
79,10,full_text + noisy_diagram[pixel_noise],OK,CD,is_a,segment
79,10,full_text + noisy_diagram[pixel_noise],OK,DA,is_a,segment
79,10,full_text + noisy_diagram[pixel_noise],OK,AC,is_a,segment
79,10,full_text + noisy_diagram[pixel_noise],OK,BD,is_a,segment
79,10,full_text + noisy_diagram[pixel_noise],OK,CE,is_a,segment
79,10,full_text + noisy_diagram[pixel_noise],OK,ED,is_a,segment
79,10,full_text + noisy_diagram[pixel_noise],OK,ABCD,is_a,parallelogram
79,10,full_text + noisy_diagram[pixel_noise],OK,AB + BC + CD + DA,has_measure,32
79,10,full_text + noisy_diagram[pixel_noise],OK,AC,intersects,BD
79,10,full_text + noisy_diagram[pixel_noise],OK,O,is_a,"intersection_of, AC, BD"
79,10,full_text + noisy_diagram[pixel_noise],OK,O,lies_on,AC
79,10,full_text + noisy_diagram[pixel_noise],OK,O,lies_on,BD
79,10,full_text + noisy_diagram[pixel_noise],OK,E,lies_on,AD
79,10,full_text + noisy_diagram[pixel_noise],OK,CE + ED,has_measure,AD
79,10,full_text + noisy_diagram[pixel_noise],OK,Perimeter of triangle DCE,is_a,query_target
,,,,,,
81,10,full_text + noisy_diagram[pixel_noise],OK,A,is_a,point
81,10,full_text + noisy_diagram[pixel_noise],OK,B,is_a,point
81,10,full_text + noisy_diagram[pixel_noise],OK,C,is_a,point
81,10,full_text + noisy_diagram[pixel_noise],OK,D,is_a,point
81,10,full_text + noisy_diagram[pixel_noise],OK,E,is_a,point
81,10,full_text + noisy_diagram[pixel_noise],OK,ABC,is_a,triangle
81,10,full_text + noisy_diagram[pixel_noise],OK,∠BAC,is_a,angle
81,10,full_text + noisy_diagram[pixel_noise],OK,∠ABC,is_a,angle
81,10,full_text + noisy_diagram[pixel_noise],OK,∠BAC,has_measure,90_deg
81,10,full_text + noisy_diagram[pixel_noise],OK,∠ABC,has_measure,50_deg
81,10,full_text + noisy_diagram[pixel_noise],OK,D,lies_on,BC
81,10,full_text + noisy_diagram[pixel_noise],OK,AD,is_a,segment
81,10,full_text + noisy_diagram[pixel_noise],OK,AD,perpendicular_to,BC
81,10,full_text + noisy_diagram[pixel_noise],OK,E,lies_on,BC
81,10,full_text + noisy_diagram[pixel_noise],OK,AE,is_a,segment
81,10,full_text + noisy_diagram[pixel_noise],OK,AE,bisects,∠DAC
81,10,full_text + noisy_diagram[pixel_noise],OK,DAE,is_a,angle
81,10,full_text + noisy_diagram[pixel_noise],OK,DAE,has_measure,?
,,,,,,
84,10,full_text + noisy_diagram[pixel_noise],OK,A,is_a,point
84,10,full_text + noisy_diagram[pixel_noise],OK,B,is_a,point
84,10,full_text + noisy_diagram[pixel_noise],OK,C,is_a,point
84,10,full_text + noisy_diagram[pixel_noise],OK,O,is_a,point
84,10,full_text + noisy_diagram[pixel_noise],OK,ABC,is_a,triangle
84,10,full_text + noisy_diagram[pixel_noise],OK,O,is_a,center
84,10,full_text + noisy_diagram[pixel_noise],OK,ABC,lies_on,circle
84,10,full_text + noisy_diagram[pixel_noise],OK,O,center_of,circle
84,10,full_text + noisy_diagram[pixel_noise],OK,AO,is_a,radius
84,10,full_text + noisy_diagram[pixel_noise],OK,BO,is_a,radius
84,10,full_text + noisy_diagram[pixel_noise],OK,CO,is_a,radius
84,10,full_text + noisy_diagram[pixel_noise],OK,AO,has_measure,1.0
84,10,full_text + noisy_diagram[pixel_noise],OK,BO,has_measure,1.0
84,10,full_text + noisy_diagram[pixel_noise],OK,CO,has_measure,1.0
84,10,full_text + noisy_diagram[pixel_noise],OK,∠BAC,is_a,angle
84,10,full_text + noisy_diagram[pixel_noise],OK,∠BAC,has_measure,60_deg
84,10,full_text + noisy_diagram[pixel_noise],OK,AO,connects,A
84,10,full_text + noisy_diagram[pixel_noise],OK,AO,connects,O
84,10,full_text + noisy_diagram[pixel_noise],OK,BO,connects,B
84,10,full_text + noisy_diagram[pixel_noise],OK,BO,connects,O
84,10,full_text + noisy_diagram[pixel_noise],OK,CO,connects,C
84,10,full_text + noisy_diagram[pixel_noise],OK,CO,connects,O
84,10,full_text + noisy_diagram[pixel_noise],OK,ABC,connects,A
84,10,full_text + noisy_diagram[pixel_noise],OK,ABC,connects,B
84,10,full_text + noisy_diagram[pixel_noise],OK,ABC,connects,C
84,10,full_text + noisy_diagram[pixel_noise],OK,BC,is_a,side
84,10,full_text + noisy_diagram[pixel_noise],OK,BC,has_measure,?
,,,,,,
86,10,full_text + noisy_diagram[pixel_noise],OK,A,is_a,point
86,10,full_text + noisy_diagram[pixel_noise],OK,B,is_a,point
86,10,full_text + noisy_diagram[pixel_noise],OK,C,is_a,point
86,10,full_text + noisy_diagram[pixel_noise],OK,O,is_a,point
86,10,full_text + noisy_diagram[pixel_noise],OK,ABC,is_a,triangle
86,10,full_text + noisy_diagram[pixel_noise],OK,O,is_a,circle
86,10,full_text + noisy_diagram[pixel_noise],OK,A,lies_on,O
86,10,full_text + noisy_diagram[pixel_noise],OK,B,lies_on,O
86,10,full_text + noisy_diagram[pixel_noise],OK,C,lies_on,O
86,10,full_text + noisy_diagram[pixel_noise],OK,AB,is_a,segment
86,10,full_text + noisy_diagram[pixel_noise],OK,BC,is_a,segment
86,10,full_text + noisy_diagram[pixel_noise],OK,CA,is_a,segment
86,10,full_text + noisy_diagram[pixel_noise],OK,OB,is_a,segment
86,10,full_text + noisy_diagram[pixel_noise],OK,OC,is_a,segment
86,10,full_text + noisy_diagram[pixel_noise],OK,O,center_of,O
86,10,full_text + noisy_diagram[pixel_noise],OK,O,connects,B
86,10,full_text + noisy_diagram[pixel_noise],OK,O,connects,C
86,10,full_text + noisy_diagram[pixel_noise],OK,O,radius_of,2_units
86,10,full_text + noisy_diagram[pixel_noise],OK,∠BAC,is_a,angle
86,10,full_text + noisy_diagram[pixel_noise],OK,∠BAC,has_measure,60_deg
86,10,full_text + noisy_diagram[pixel_noise],OK,BC,is_a,?
,,,,,,
88,10,full_text + noisy_diagram[pixel_noise],OK,A,is_a,point
88,10,full_text + noisy_diagram[pixel_noise],OK,B,is_a,point
88,10,full_text + noisy_diagram[pixel_noise],OK,C,is_a,point
88,10,full_text + noisy_diagram[pixel_noise],OK,O,is_a,point
88,10,full_text + noisy_diagram[pixel_noise],OK,AB,is_a,segment
88,10,full_text + noisy_diagram[pixel_noise],OK,AC,is_a,segment
88,10,full_text + noisy_diagram[pixel_noise],OK,BC,is_a,segment
88,10,full_text + noisy_diagram[pixel_noise],OK,AO,is_a,segment
88,10,full_text + noisy_diagram[pixel_noise],OK,BO,is_a,segment
88,10,full_text + noisy_diagram[pixel_noise],OK,CO,is_a,segment
88,10,full_text + noisy_diagram[pixel_noise],OK,A,lies_on,circle_O
88,10,full_text + noisy_diagram[pixel_noise],OK,B,lies_on,circle_O
88,10,full_text + noisy_diagram[pixel_noise],OK,C,lies_on,circle_O
88,10,full_text + noisy_diagram[pixel_noise],OK,O,center_of,circle_O
88,10,full_text + noisy_diagram[pixel_noise],OK,∠ABO,is_a,angle
88,10,full_text + noisy_diagram[pixel_noise],OK,∠ACO,is_a,angle
88,10,full_text + noisy_diagram[pixel_noise],OK,∠BOC,is_a,angle
88,10,full_text + noisy_diagram[pixel_noise],OK,∠ABO,has_measure,22_deg
88,10,full_text + noisy_diagram[pixel_noise],OK,∠ACO,has_measure,42_deg
88,10,full_text + noisy_diagram[pixel_noise],OK,∠BOC,has_measure,?
,,,,,,
95,10,full_text + noisy_diagram[pixel_noise],OK,A,is_a,point
95,10,full_text + noisy_diagram[pixel_noise],OK,B,is_a,point
95,10,full_text + noisy_diagram[pixel_noise],OK,C,is_a,point
95,10,full_text + noisy_diagram[pixel_noise],OK,O,is_a,point
95,10,full_text + noisy_diagram[pixel_noise],OK,D,is_a,point
95,10,full_text + noisy_diagram[pixel_noise],OK,OA,is_a,radius
95,10,full_text + noisy_diagram[pixel_noise],OK,BC,is_a,chord
95,10,full_text + noisy_diagram[pixel_noise],OK,O,center_of,circle
95,10,full_text + noisy_diagram[pixel_noise],OK,A,lies_on,circle
95,10,full_text + noisy_diagram[pixel_noise],OK,B,lies_on,circle
95,10,full_text + noisy_diagram[pixel_noise],OK,C,lies_on,circle
95,10,full_text + noisy_diagram[pixel_noise],OK,D,lies_on,circle
95,10,full_text + noisy_diagram[pixel_noise],OK,BC,intersects,OA
95,10,full_text + noisy_diagram[pixel_noise],OK,D,connects,BC
95,10,full_text + noisy_diagram[pixel_noise],OK,D,connects,OA
95,10,full_text + noisy_diagram[pixel_noise],OK,AB,connects,B
95,10,full_text + noisy_diagram[pixel_noise],OK,AB,connects,A
95,10,full_text + noisy_diagram[pixel_noise],OK,OC,connects,O
95,10,full_text + noisy_diagram[pixel_noise],OK,OC,connects,C
95,10,full_text + noisy_diagram[pixel_noise],OK,∠A,is_a,angle
95,10,full_text + noisy_diagram[pixel_noise],OK,∠A,has_measure,60_deg
95,10,full_text + noisy_diagram[pixel_noise],OK,∠ADC,is_a,angle
95,10,full_text + noisy_diagram[pixel_noise],OK,∠ADC,has_measure,90_deg
,,,,,,
99,10,full_text + noisy_diagram[pixel_noise],OK,A,is_a,point
99,10,full_text + noisy_diagram[pixel_noise],OK,B,is_a,point
99,10,full_text + noisy_diagram[pixel_noise],OK,C,is_a,point
99,10,full_text + noisy_diagram[pixel_noise],OK,D,is_a,point
99,10,full_text + noisy_diagram[pixel_noise],OK,O,is_a,point
99,10,full_text + noisy_diagram[pixel_noise],OK,AB,is_a,segment
99,10,full_text + noisy_diagram[pixel_noise],OK,CD,is_a,segment
99,10,full_text + noisy_diagram[pixel_noise],OK,O,center_of,circle
99,10,full_text + noisy_diagram[pixel_noise],OK,AB,diameter_of,circle
99,10,full_text + noisy_diagram[pixel_noise],OK,CD,is_a,chord
99,10,full_text + noisy_diagram[pixel_noise],OK,∠ADC,is_a,angle
99,10,full_text + noisy_diagram[pixel_noise],OK,∠ADC,has_measure,26_deg
99,10,full_text + noisy_diagram[pixel_noise],OK,∠CAB,is_a,angle
99,10,full_text + noisy_diagram[pixel_noise],OK,A,lies_on,circle
99,10,full_text + noisy_diagram[pixel_noise],OK,B,lies_on,circle
99,10,full_text + noisy_diagram[pixel_noise],OK,C,lies_on,circle
99,10,full_text + noisy_diagram[pixel_noise],OK,D,lies_on,circle
99,10,full_text + noisy_diagram[pixel_noise],OK,AB,connects,A
99,10,full_text + noisy_diagram[pixel_noise],OK,AB,connects,B
99,10,full_text + noisy_diagram[pixel_noise],OK,CD,connects,C
99,10,full_text + noisy_diagram[pixel_noise],OK,CD,connects,D
99,10,full_text + noisy_diagram[pixel_noise],OK,O,lies_on,AB
99,10,full_text + noisy_diagram[pixel_noise],OK,∠ADC,connects,A
99,10,full_text + noisy_diagram[pixel_noise],OK,∠ADC,connects,D
99,10,full_text + noisy_diagram[pixel_noise],OK,∠ADC,connects,C
99,10,full_text + noisy_diagram[pixel_noise],OK,∠CAB,connects,C
99,10,full_text + noisy_diagram[pixel_noise],OK,∠CAB,connects,A
99,10,full_text + noisy_diagram[pixel_noise],OK,∠CAB,connects,B
,,,,,,
108,10,full_text + noisy_diagram[pixel_noise],OK,A,is_a,point
108,10,full_text + noisy_diagram[pixel_noise],OK,B,is_a,point
108,10,full_text + noisy_diagram[pixel_noise],OK,C,is_a,point
108,10,full_text + noisy_diagram[pixel_noise],OK,D,is_a,point
108,10,full_text + noisy_diagram[pixel_noise],OK,O,is_a,point
108,10,full_text + noisy_diagram[pixel_noise],OK,AB,is_a,segment
108,10,full_text + noisy_diagram[pixel_noise],OK,CD,is_a,segment
108,10,full_text + noisy_diagram[pixel_noise],OK,OC,is_a,segment
108,10,full_text + noisy_diagram[pixel_noise],OK,A,connects,B
108,10,full_text + noisy_diagram[pixel_noise],OK,C,connects,D
108,10,full_text + noisy_diagram[pixel_noise],OK,O,connects,C
108,10,full_text + noisy_diagram[pixel_noise],OK,CD,has_measure,8.0
108,10,full_text + noisy_diagram[pixel_noise],OK,OC,has_measure,5.0
108,10,full_text + noisy_diagram[pixel_noise],OK,AB,is_a,query_target
,,,,,,
109,10,full_text + noisy_diagram[pixel_noise],OK,α,is_a,angle
109,10,full_text + noisy_diagram[pixel_noise],OK,α,has_measure,130_deg
109,10,full_text + noisy_diagram[pixel_noise],OK,DE,is_a,segment
109,10,full_text + noisy_diagram[pixel_noise],OK,DE,is_a,horizontal
109,10,full_text + noisy_diagram[pixel_noise],OK,β,is_a,angle
109,10,full_text + noisy_diagram[pixel_noise],OK,A,is_a,point
109,10,full_text + noisy_diagram[pixel_noise],OK,B,is_a,point
109,10,full_text + noisy_diagram[pixel_noise],OK,C,is_a,point
109,10,full_text + noisy_diagram[pixel_noise],OK,D,is_a,point
109,10,full_text + noisy_diagram[pixel_noise],OK,E,is_a,point
109,10,full_text + noisy_diagram[pixel_noise],OK,AB,is_a,segment
109,10,full_text + noisy_diagram[pixel_noise],OK,AC,is_a,segment
109,10,full_text + noisy_diagram[pixel_noise],OK,BC,is_a,segment
109,10,full_text + noisy_diagram[pixel_noise],OK,DE,connects,D
109,10,full_text + noisy_diagram[pixel_noise],OK,DE,connects,E
109,10,full_text + noisy_diagram[pixel_noise],OK,AB,connects,A
109,10,full_text + noisy_diagram[pixel_noise],OK,AB,connects,B
109,10,full_text + noisy_diagram[pixel_noise],OK,AC,connects,A
109,10,full_text + noisy_diagram[pixel_noise],OK,AC,connects,C
109,10,full_text + noisy_diagram[pixel_noise],OK,BC,connects,B
109,10,full_text + noisy_diagram[pixel_noise],OK,BC,connects,C
109,10,full_text + noisy_diagram[pixel_noise],OK,A,connects,B
109,10,full_text + noisy_diagram[pixel_noise],OK,A,connects,C
109,10,full_text + noisy_diagram[pixel_noise],OK,D,lies_on,AB
109,10,full_text + noisy_diagram[pixel_noise],OK,E,lies_on,AC
109,10,full_text + noisy_diagram[pixel_noise],OK,α,connects,AB
109,10,full_text + noisy_diagram[pixel_noise],OK,α,connects,DE
109,10,full_text + noisy_diagram[pixel_noise],OK,β,connects,DE
109,10,full_text + noisy_diagram[pixel_noise],OK,β,connects,EC
109,10,full_text + noisy_diagram[pixel_noise],OK,Triangle ABC,is_a,triangle
109,10,full_text + noisy_diagram[pixel_noise],OK,Triangle ABC,connects,A
109,10,full_text + noisy_diagram[pixel_noise],OK,Triangle ABC,connects,B
109,10,full_text + noisy_diagram[pixel_noise],OK,Triangle ABC,connects,C
109,10,full_text + noisy_diagram[pixel_noise],OK,BAC,is_a,angle
109,10,full_text + noisy_diagram[pixel_noise],OK,BAC,has_measure,90_deg
,,,,,,
112,10,full_text + noisy_diagram[pixel_noise],OK,A,is_a,point
112,10,full_text + noisy_diagram[pixel_noise],OK,O,is_a,point
112,10,full_text + noisy_diagram[pixel_noise],OK,B,is_a,point
112,10,full_text + noisy_diagram[pixel_noise],OK,AO,is_a,segment
112,10,full_text + noisy_diagram[pixel_noise],OK,OB,is_a,segment
112,10,full_text + noisy_diagram[pixel_noise],OK,AB,is_a,segment
112,10,full_text + noisy_diagram[pixel_noise],OK,AO,is_a,height
112,10,full_text + noisy_diagram[pixel_noise],OK,OB,is_a,radius
112,10,full_text + noisy_diagram[pixel_noise],OK,AB,is_a,slant_height
112,10,full_text + noisy_diagram[pixel_noise],OK,O,center_of,cone
112,10,full_text + noisy_diagram[pixel_noise],OK,AO,connects,A
112,10,full_text + noisy_diagram[pixel_noise],OK,AO,connects,O
112,10,full_text + noisy_diagram[pixel_noise],OK,OB,connects,O
112,10,full_text + noisy_diagram[pixel_noise],OK,OB,connects,B
112,10,full_text + noisy_diagram[pixel_noise],OK,AB,connects,A
112,10,full_text + noisy_diagram[pixel_noise],OK,AB,connects,B
112,10,full_text + noisy_diagram[pixel_noise],OK,OB,has_measure,0.7
112,10,full_text + noisy_diagram[pixel_noise],OK,AB,has_measure,2.5
,,,,,,
114,10,full_text + noisy_diagram[pixel_noise],OK,O,is_a,point
114,10,full_text + noisy_diagram[pixel_noise],OK,A,is_a,point
114,10,full_text + noisy_diagram[pixel_noise],OK,B,is_a,point
114,10,full_text + noisy_diagram[pixel_noise],OK,OA,is_a,segment
114,10,full_text + noisy_diagram[pixel_noise],OK,OB,is_a,segment
114,10,full_text + noisy_diagram[pixel_noise],OK,OAB,is_a,sector
114,10,full_text + noisy_diagram[pixel_noise],OK,OAB,has_measure,1.0
114,10,full_text + noisy_diagram[pixel_noise],OK,OA,has_measure,1.0
114,10,full_text + noisy_diagram[pixel_noise],OK,OB,has_measure,1.0
114,10,full_text + noisy_diagram[pixel_noise],OK,OAB,has_measure,90_deg
114,10,full_text + noisy_diagram[pixel_noise],OK,OA,is_a,diameter
114,10,full_text + noisy_diagram[pixel_noise],OK,OB,is_a,diameter
114,10,full_text + noisy_diagram[pixel_noise],OK,shaded_part,is_a,area
114,10,full_text + noisy_diagram[pixel_noise],OK,shaded_part,has_measure,?
,,,,,,
115,10,full_text + noisy_diagram[pixel_noise],OK,sector,is_a,shape
115,10,full_text + noisy_diagram[pixel_noise],OK,sector,has_measure,120_deg
115,10,full_text + noisy_diagram[pixel_noise],OK,sector,has_measure,6_units
115,10,full_text + noisy_diagram[pixel_noise],OK,conical_cap,is_a,shape
115,10,full_text + noisy_diagram[pixel_noise],OK,conical_cap,has_measure,?
115,10,full_text + noisy_diagram[pixel_noise],OK,bottom_perimeter,is_a,target
115,10,full_text + noisy_diagram[pixel_noise],OK,sector,mapped_to,conical_cap
115,10,full_text + noisy_diagram[pixel_noise],OK,sector,is_a,sector
115,10,full_text + noisy_diagram[pixel_noise],OK,conical_cap,is_a,cone
,,,,,,
117,10,full_text + noisy_diagram[pixel_noise],OK,sector,is_a,sector
117,10,full_text + noisy_diagram[pixel_noise],OK,sector,has_measure,120_deg
117,10,full_text + noisy_diagram[pixel_noise],OK,sector,radius_of,3.0_cm
117,10,full_text + noisy_diagram[pixel_noise],OK,cone,is_a,cone
117,10,full_text + noisy_diagram[pixel_noise],OK,cone,height_of,?_cm
117,10,full_text + noisy_diagram[pixel_noise],OK,cone,radius_of,?_cm
,,,,,,
119,10,full_text + noisy_diagram[pixel_noise],OK,Area,is_a,query_target
119,10,full_text + noisy_diagram[pixel_noise],OK,sector,is_a,cardboard
119,10,full_text + noisy_diagram[pixel_noise],OK,sector,has_measure,24.0_cm
119,10,full_text + noisy_diagram[pixel_noise],OK,conical_hat,is_a,hat
119,10,full_text + noisy_diagram[pixel_noise],OK,conical_hat,has_measure,10.0_cm
119,10,full_text + noisy_diagram[pixel_noise],OK,conical_hat,is_a,bottom_surface
119,10,full_text + noisy_diagram[pixel_noise],OK,sector,mapped_to,conical_hat
119,10,full_text + noisy_diagram[pixel_noise],OK,sector,connects,conical_hat
119,10,full_text + noisy_diagram[pixel_noise],OK,radius,is_a,bottom_surface
119,10,full_text + noisy_diagram[pixel_noise],OK,radius,has_measure,10.0_cm
119,10,full_text + noisy_diagram[pixel_noise],OK,sector,is_a,sector_cardboard
119,10,full_text + noisy_diagram[pixel_noise],OK,conical_hat,is_a,conical_hat
119,10,full_text + noisy_diagram[pixel_noise],OK,sector,has_measure,?
119,10,full_text + noisy_diagram[pixel_noise],OK,conical_hat,has_measure,?
119,10,full_text + noisy_diagram[pixel_noise],OK,sector,is_a,sector
119,10,full_text + noisy_diagram[pixel_noise],OK,conical_hat,is_a,surface
119,10,full_text + noisy_diagram[pixel_noise],OK,sector,is_a,cardboard_sector
119,10,full_text + noisy_diagram[pixel_noise],OK,conical_hat,is_a,conical_hat_surface
119,10,full_text + noisy_diagram[pixel_noise],OK,sector,has_measure,24.0_cm_radius
119,10,full_text + noisy_diagram[pixel_noise],OK,conical_hat,has_measure,10.0_cm_radius
119,10,full_text + noisy_diagram[pixel_noise],OK,conical_hat,mapped_to,sector
,,,,,,
120,10,full_text + noisy_diagram[pixel_noise],OK,cone,is_a,cone
120,10,full_text + noisy_diagram[pixel_noise],OK,generatrix,is_a,segment
120,10,full_text + noisy_diagram[pixel_noise],OK,generatrix,has_measure,5.0_units
120,10,full_text + noisy_diagram[pixel_noise],OK,height,is_a,segment
120,10,full_text + noisy_diagram[pixel_noise],OK,height,has_measure,4.0_units
120,10,full_text + noisy_diagram[pixel_noise],OK,cone,has_measure,?
,,,,,,
123,10,full_text + noisy_diagram[pixel_noise],OK,A,is_a,point
123,10,full_text + noisy_diagram[pixel_noise],OK,B,is_a,point
123,10,full_text + noisy_diagram[pixel_noise],OK,C,is_a,point
123,10,full_text + noisy_diagram[pixel_noise],OK,AC,is_a,segment
123,10,full_text + noisy_diagram[pixel_noise],OK,BC,is_a,segment
123,10,full_text + noisy_diagram[pixel_noise],OK,∠ACB,is_a,angle
123,10,full_text + noisy_diagram[pixel_noise],OK,∠ACB,has_measure,90_deg
123,10,full_text + noisy_diagram[pixel_noise],OK,AC,has_measure,4_units
123,10,full_text + noisy_diagram[pixel_noise],OK,BC,has_measure,3_units
123,10,full_text + noisy_diagram[pixel_noise],OK,ABC,is_a,triangle
123,10,full_text + noisy_diagram[pixel_noise],OK,ABC,is_a,right_triangle
123,10,full_text + noisy_diagram[pixel_noise],OK,ACB,is_a,right_angle
123,10,full_text + noisy_diagram[pixel_noise],OK,ABC,rotated_about,AC
123,10,full_text + noisy_diagram[pixel_noise],OK,ABC,mapped_to,cone
123,10,full_text + noisy_diagram[pixel_noise],OK,lateral_surface_area,is_a,query_target
,,,,,,
128,10,full_text + noisy_diagram[pixel_noise],OK,O,is_a,point
128,10,full_text + noisy_diagram[pixel_noise],OK,B,is_a,point
128,10,full_text + noisy_diagram[pixel_noise],OK,A,is_a,point
128,10,full_text + noisy_diagram[pixel_noise],OK,OA,is_a,segment
128,10,full_text + noisy_diagram[pixel_noise],OK,OB,is_a,segment
128,10,full_text + noisy_diagram[pixel_noise],OK,∠AOB,is_a,angle
128,10,full_text + noisy_diagram[pixel_noise],OK,∠AOB,has_measure,120_deg
128,10,full_text + noisy_diagram[pixel_noise],OK,OA,has_measure,6_units
128,10,full_text + noisy_diagram[pixel_noise],OK,OB,has_measure,6_units
128,10,full_text + noisy_diagram[pixel_noise],OK,cone,is_a,cone
128,10,full_text + noisy_diagram[pixel_noise],OK,OA,connects,A
128,10,full_text + noisy_diagram[pixel_noise],OK,OA,connects,O
128,10,full_text + noisy_diagram[pixel_noise],OK,OB,connects,B
128,10,full_text + noisy_diagram[pixel_noise],OK,OB,connects,O
128,10,full_text + noisy_diagram[pixel_noise],OK,∠AOB,connects,A
128,10,full_text + noisy_diagram[pixel_noise],OK,∠AOB,connects,B
128,10,full_text + noisy_diagram[pixel_noise],OK,∠AOB,connects,O
128,10,full_text + noisy_diagram[pixel_noise],OK,cone,center_of,O
128,10,full_text + noisy_diagram[pixel_noise],OK,cone,radius_of,6_units
128,10,full_text + noisy_diagram[pixel_noise],OK,cone,diameter_of,?
128,10,full_text + noisy_diagram[pixel_noise],OK,cone,mapped_to,sector
,,,,,,
132,10,full_text + noisy_diagram[pixel_noise],OK,A,is_a,point
132,10,full_text + noisy_diagram[pixel_noise],OK,B,is_a,point
132,10,full_text + noisy_diagram[pixel_noise],OK,C,is_a,point
132,10,full_text + noisy_diagram[pixel_noise],OK,D,is_a,point
132,10,full_text + noisy_diagram[pixel_noise],OK,E,is_a,point
132,10,full_text + noisy_diagram[pixel_noise],OK,F,is_a,point
132,10,full_text + noisy_diagram[pixel_noise],OK,G,is_a,point
132,10,full_text + noisy_diagram[pixel_noise],OK,AB,is_a,segment
132,10,full_text + noisy_diagram[pixel_noise],OK,DE,is_a,segment
132,10,full_text + noisy_diagram[pixel_noise],OK,BC,is_a,segment
132,10,full_text + noisy_diagram[pixel_noise],OK,CG,is_a,segment
132,10,full_text + noisy_diagram[pixel_noise],OK,GE,is_a,segment
132,10,full_text + noisy_diagram[pixel_noise],OK,EF,is_a,segment
132,10,full_text + noisy_diagram[pixel_noise],OK,A,lies_on,AB
132,10,full_text + noisy_diagram[pixel_noise],OK,B,lies_on,AB
132,10,full_text + noisy_diagram[pixel_noise],OK,C,lies_on,AB
132,10,full_text + noisy_diagram[pixel_noise],OK,D,lies_on,DE
132,10,full_text + noisy_diagram[pixel_noise],OK,E,lies_on,DE
132,10,full_text + noisy_diagram[pixel_noise],OK,F,lies_on,EF
132,10,full_text + noisy_diagram[pixel_noise],OK,G,lies_on,CG
132,10,full_text + noisy_diagram[pixel_noise],OK,G,lies_on,GE
132,10,full_text + noisy_diagram[pixel_noise],OK,A,collinear_with,B
132,10,full_text + noisy_diagram[pixel_noise],OK,A,collinear_with,C
132,10,full_text + noisy_diagram[pixel_noise],OK,B,collinear_with,C
132,10,full_text + noisy_diagram[pixel_noise],OK,DE,has_measure,0.6
132,10,full_text + noisy_diagram[pixel_noise],OK,BC,has_measure,0.6
132,10,full_text + noisy_diagram[pixel_noise],OK,CG,has_measure,12.0
132,10,full_text + noisy_diagram[pixel_noise],OK,GE,has_measure,2.0
132,10,full_text + noisy_diagram[pixel_noise],OK,EF,has_measure,1.6
132,10,full_text + noisy_diagram[pixel_noise],OK,AB,has_measure,?
132,10,full_text + noisy_diagram[pixel_noise],OK,DE,is_a,step
132,10,full_text + noisy_diagram[pixel_noise],OK,BC,is_a,step
132,10,full_text + noisy_diagram[pixel_noise],OK,G,is_a,point_on_platform
132,10,full_text + noisy_diagram[pixel_noise],OK,E,is_a,point_on_platform
132,10,full_text + noisy_diagram[pixel_noise],OK,A,is_a,top_of_pavilion
132,10,full_text + noisy_diagram[pixel_noise],OK,B,is_a,ground
132,10,full_text + noisy_diagram[pixel_noise],OK,D,is_a,ground
,,,,,,
133,10,full_text + noisy_diagram[pixel_noise],OK,P,is_a,point
133,10,full_text + noisy_diagram[pixel_noise],OK,Q,is_a,point)
133,10,full_text + noisy_diagram[pixel_noise],OK,S,is_a,point)
133,10,full_text + noisy_diagram[pixel_noise],OK,T,is_a,point)
133,10,full_text + noisy_diagram[pixel_noise],OK,R,is_a,point)
133,10,full_text + noisy_diagram[pixel_noise],OK,PQ,is_a,segment)
133,10,full_text + noisy_diagram[pixel_noise],OK,PS,is_a,segment)
133,10,full_text + noisy_diagram[pixel_noise],OK,QR,is_a,segment)
133,10,full_text + noisy_diagram[pixel_noise],OK,ST,is_a,segment)
133,10,full_text + noisy_diagram[pixel_noise],OK,PT,is_a,segment)
133,10,full_text + noisy_diagram[pixel_noise],OK,P,lies_on,line
133,10,full_text + noisy_diagram[pixel_noise],OK,Q,lies_on,line
133,10,full_text + noisy_diagram[pixel_noise],OK,S,lies_on,line
133,10,full_text + noisy_diagram[pixel_noise],OK,T,lies_on,line
133,10,full_text + noisy_diagram[pixel_noise],OK,a,is_a,line
133,10,full_text + noisy_diagram[pixel_noise],OK,b,is_a,line
133,10,full_text + noisy_diagram[pixel_noise],OK,PQ,perpendicular_to,PS
133,10,full_text + noisy_diagram[pixel_noise],OK,ST,perpendicular_to,PS
133,10,full_text + noisy_diagram[pixel_noise],OK,QR,perpendicular_to,PS
133,10,full_text + noisy_diagram[pixel_noise],OK,PT,intersects,line
133,10,full_text + noisy_diagram[pixel_noise],OK,QR,has_measure,80.0_m
133,10,full_text + noisy_diagram[pixel_noise],OK,QS,has_measure,60.0_m
133,10,full_text + noisy_diagram[pixel_noise],OK,ST,has_measure,120.0_m
,,,,,,
149,10,full_text + noisy_diagram[pixel_noise],OK,A,is_a,point
149,10,full_text + noisy_diagram[pixel_noise],OK,B,is_a,point
149,10,full_text + noisy_diagram[pixel_noise],OK,C,is_a,point
149,10,full_text + noisy_diagram[pixel_noise],OK,D,is_a,point
149,10,full_text + noisy_diagram[pixel_noise],OK,E,is_a,point
149,10,full_text + noisy_diagram[pixel_noise],OK,CD,is_a,segment
149,10,full_text + noisy_diagram[pixel_noise],OK,AC,is_a,segment
149,10,full_text + noisy_diagram[pixel_noise],OK,BD,is_a,segment
149,10,full_text + noisy_diagram[pixel_noise],OK,ED,is_a,segment
149,10,full_text + noisy_diagram[pixel_noise],OK,α,is_a,angle
149,10,full_text + noisy_diagram[pixel_noise],OK,CD,is_a,mirror
149,10,full_text + noisy_diagram[pixel_noise],OK,AC,perpendicular_to,CD
149,10,full_text + noisy_diagram[pixel_noise],OK,BD,perpendicular_to,CD
149,10,full_text + noisy_diagram[pixel_noise],OK,AC,has_measure,3_units
149,10,full_text + noisy_diagram[pixel_noise],OK,BD,has_measure,6_units
149,10,full_text + noisy_diagram[pixel_noise],OK,CD,has_measure,10_units
149,10,full_text + noisy_diagram[pixel_noise],OK,ED,has_measure,?
149,10,full_text + noisy_diagram[pixel_noise],OK,light,is_emitted_from,A
149,10,full_text + noisy_diagram[pixel_noise],OK,light,is_reflected_at,E
149,10,full_text + noisy_diagram[pixel_noise],OK,light,is_directed_to,B
,,,,,,
150,10,full_text + noisy_diagram[pixel_noise],OK,A,is_a,point
150,10,full_text + noisy_diagram[pixel_noise],OK,B,is_a,point
150,10,full_text + noisy_diagram[pixel_noise],OK,C,is_a,point
150,10,full_text + noisy_diagram[pixel_noise],OK,AB,is_a,segment
150,10,full_text + noisy_diagram[pixel_noise],OK,AB,has_measure,2
150,10,full_text + noisy_diagram[pixel_noise],OK,BD,is_a,segment
150,10,full_text + noisy_diagram[pixel_noise],OK,BD,has_measure,7/3
150,10,full_text + noisy_diagram[pixel_noise],OK,CE,is_a,segment
150,10,full_text + noisy_diagram[pixel_noise],OK,CE,has_measure,9
150,10,full_text + noisy_diagram[pixel_noise],OK,D,is_a,point
150,10,full_text + noisy_diagram[pixel_noise],OK,E,is_a,point
150,10,full_text + noisy_diagram[pixel_noise],OK,BC,is_a,segment
150,10,full_text + noisy_diagram[pixel_noise],OK,BD,perpendicular_to,AB
150,10,full_text + noisy_diagram[pixel_noise],OK,CE,perpendicular_to,AB
150,10,full_text + noisy_diagram[pixel_noise],OK,BD,connects,B
150,10,full_text + noisy_diagram[pixel_noise],OK,BD,connects,D
150,10,full_text + noisy_diagram[pixel_noise],OK,CE,connects,C
150,10,full_text + noisy_diagram[pixel_noise],OK,CE,connects,E
150,10,full_text + noisy_diagram[pixel_noise],OK,A,connects,D
150,10,full_text + noisy_diagram[pixel_noise],OK,A,connects,E
150,10,full_text + noisy_diagram[pixel_noise],OK,BCE,is_a,angle
,,,,,,
151,10,full_text + noisy_diagram[pixel_noise],OK,student,is_a,entity
151,10,full_text + noisy_diagram[pixel_noise],OK,tree,is_a,entity
151,10,full_text + noisy_diagram[pixel_noise],OK,lake,is_a,entity
151,10,full_text + noisy_diagram[pixel_noise],OK,student,distance_from,tree
151,10,full_text + noisy_diagram[pixel_noise],OK,student,distance_from,20.0_units
151,10,full_text + noisy_diagram[pixel_noise],OK,reflection,is_a,entity
151,10,full_text + noisy_diagram[pixel_noise],OK,reflection,distance_from,student
151,10,full_text + noisy_diagram[pixel_noise],OK,reflection,distance_from,5.0_units
151,10,full_text + noisy_diagram[pixel_noise],OK,student,has_measure,1.7_units
151,10,full_text + noisy_diagram[pixel_noise],OK,student,height,1.7_units
151,10,full_text + noisy_diagram[pixel_noise],OK,tree,height,?
151,10,full_text + noisy_diagram[pixel_noise],OK,student,standing_on,lake
151,10,full_text + noisy_diagram[pixel_noise],OK,reflection,of,tree
151,10,full_text + noisy_diagram[pixel_noise],OK,reflection,in,water
151,10,full_text + noisy_diagram[pixel_noise],OK,water,part_of,lake
151,10,full_text + noisy_diagram[pixel_noise],OK,tree,has,reflection
151,10,full_text + noisy_diagram[pixel_noise],OK,reflection,located_in,lake
,,,,,,
152,10,full_text + noisy_diagram[pixel_noise],OK,A,is_a,point
152,10,full_text + noisy_diagram[pixel_noise],OK,B,is_a,point
152,10,full_text + noisy_diagram[pixel_noise],OK,C,is_a,point
152,10,full_text + noisy_diagram[pixel_noise],OK,D,is_a,point
152,10,full_text + noisy_diagram[pixel_noise],OK,AB,is_a,segment
152,10,full_text + noisy_diagram[pixel_noise],OK,BC,is_a,segment
152,10,full_text + noisy_diagram[pixel_noise],OK,BD,is_a,segment
152,10,full_text + noisy_diagram[pixel_noise],OK,A,lies_on,AB
152,10,full_text + noisy_diagram[pixel_noise],OK,B,lies_on,AB
152,10,full_text + noisy_diagram[pixel_noise],OK,B,lies_on,BC
152,10,full_text + noisy_diagram[pixel_noise],OK,C,lies_on,BC
152,10,full_text + noisy_diagram[pixel_noise],OK,D,lies_on,AB
152,10,full_text + noisy_diagram[pixel_noise],OK,D,lies_on,BD
152,10,full_text + noisy_diagram[pixel_noise],OK,AB,connects,A
152,10,full_text + noisy_diagram[pixel_noise],OK,AB,connects,B
152,10,full_text + noisy_diagram[pixel_noise],OK,BC,connects,B
152,10,full_text + noisy_diagram[pixel_noise],OK,BC,connects,C
152,10,full_text + noisy_diagram[pixel_noise],OK,BD,connects,B
152,10,full_text + noisy_diagram[pixel_noise],OK,BD,connects,D
152,10,full_text + noisy_diagram[pixel_noise],OK,BC,has_measure,1.6
152,10,full_text + noisy_diagram[pixel_noise],OK,BD,has_measure,0.5
152,10,full_text + noisy_diagram[pixel_noise],OK,D,distance_to,"C, 1.4"
152,10,full_text + noisy_diagram[pixel_noise],OK,AB,has_measure,?
,,,,,,
153,10,full_text + noisy_diagram[pixel_noise],OK,A,is_a,point
153,10,full_text + noisy_diagram[pixel_noise],OK,B,is_a,point
153,10,full_text + noisy_diagram[pixel_noise],OK,C,is_a,point
153,10,full_text + noisy_diagram[pixel_noise],OK,D,is_a,point
153,10,full_text + noisy_diagram[pixel_noise],OK,E,is_a,point
153,10,full_text + noisy_diagram[pixel_noise],OK,AB,is_a,segment
153,10,full_text + noisy_diagram[pixel_noise],OK,BC,is_a,segment
153,10,full_text + noisy_diagram[pixel_noise],OK,DE,is_a,segment
153,10,full_text + noisy_diagram[pixel_noise],OK,EC,is_a,segment
153,10,full_text + noisy_diagram[pixel_noise],OK,A,connects,B
153,10,full_text + noisy_diagram[pixel_noise],OK,B,connects,C
153,10,full_text + noisy_diagram[pixel_noise],OK,C,connects,E
153,10,full_text + noisy_diagram[pixel_noise],OK,D,connects,E
153,10,full_text + noisy_diagram[pixel_noise],OK,E,connects,C
153,10,full_text + noisy_diagram[pixel_noise],OK,DE,has_measure,1.8
153,10,full_text + noisy_diagram[pixel_noise],OK,BC,has_measure,1.0
153,10,full_text + noisy_diagram[pixel_noise],OK,EC,has_measure,1.2
153,10,full_text + noisy_diagram[pixel_noise],OK,AB,is_a,query_target
,,,,,,
157,10,full_text + noisy_diagram[pixel_noise],OK,A,is_a,point
157,10,full_text + noisy_diagram[pixel_noise],OK,B,is_a,point
157,10,full_text + noisy_diagram[pixel_noise],OK,C,is_a,point
157,10,full_text + noisy_diagram[pixel_noise],OK,ABC,is_a,triangle
157,10,full_text + noisy_diagram[pixel_noise],OK,C,is_a,angle
157,10,full_text + noisy_diagram[pixel_noise],OK,AC,is_a,segment
157,10,full_text + noisy_diagram[pixel_noise],OK,BC,is_a,segment
157,10,full_text + noisy_diagram[pixel_noise],OK,AB,is_a,segment
157,10,full_text + noisy_diagram[pixel_noise],OK,ABC,has_measure,90_deg
157,10,full_text + noisy_diagram[pixel_noise],OK,AC,has_measure,4_units
157,10,full_text + noisy_diagram[pixel_noise],OK,BC,has_measure,3_units
157,10,full_text + noisy_diagram[pixel_noise],OK,cos B,is_a,?
,,,,,,
165,10,full_text + noisy_diagram[pixel_noise],OK,A,is_a,point
165,10,full_text + noisy_diagram[pixel_noise],OK,B,is_a,point
165,10,full_text + noisy_diagram[pixel_noise],OK,C,is_a,point
165,10,full_text + noisy_diagram[pixel_noise],OK,AB,is_a,segment
165,10,full_text + noisy_diagram[pixel_noise],OK,BC,is_a,segment
165,10,full_text + noisy_diagram[pixel_noise],OK,AC,is_a,segment
165,10,full_text + noisy_diagram[pixel_noise],OK,ABC,is_a,triangle
165,10,full_text + noisy_diagram[pixel_noise],OK,C,is_a,right_angle
165,10,full_text + noisy_diagram[pixel_noise],OK,AB,has_measure,2_units
165,10,full_text + noisy_diagram[pixel_noise],OK,BC,has_measure,1_unit
,,,,,,
198,10,full_text + noisy_diagram[pixel_noise],OK,A,is_a,point
198,10,full_text + noisy_diagram[pixel_noise],OK,B,is_a,point
198,10,full_text + noisy_diagram[pixel_noise],OK,C,is_a,point
198,10,full_text + noisy_diagram[pixel_noise],OK,AB,is_a,segment
198,10,full_text + noisy_diagram[pixel_noise],OK,BC,is_a,segment
198,10,full_text + noisy_diagram[pixel_noise],OK,CA,is_a,segment
198,10,full_text + noisy_diagram[pixel_noise],OK,ABC,is_a,triangle
198,10,full_text + noisy_diagram[pixel_noise],OK,ABC,is_a,isosceles_triangle
198,10,full_text + noisy_diagram[pixel_noise],OK,AB,has_measure,13
198,10,full_text + noisy_diagram[pixel_noise],OK,BC,has_measure,13
198,10,full_text + noisy_diagram[pixel_noise],OK,CA,has_measure,10
198,10,full_text + noisy_diagram[pixel_noise],OK,ABC,has_measure,?
,,,,,,
207,10,full_text + noisy_diagram[pixel_noise],OK,A,is_a,point
207,10,full_text + noisy_diagram[pixel_noise],OK,large_circle,is_a,circle
207,10,full_text + noisy_diagram[pixel_noise],OK,small_circle1,is_a,circle
207,10,full_text + noisy_diagram[pixel_noise],OK,small_circle2,is_a,circle
207,10,full_text + noisy_diagram[pixel_noise],OK,A,center_of,large_circle
207,10,full_text + noisy_diagram[pixel_noise],OK,A,center_of,small_circle1
207,10,full_text + noisy_diagram[pixel_noise],OK,A,center_of,small_circle2
207,10,full_text + noisy_diagram[pixel_noise],OK,large_circle,diameter_of,20_units
207,10,full_text + noisy_diagram[pixel_noise],OK,shaded_region,is_a,region
207,10,full_text + noisy_diagram[pixel_noise],OK,shaded_region,lies_on,large_circle
207,10,full_text + noisy_diagram[pixel_noise],OK,shaded_region,intersects,small_circle1
207,10,full_text + noisy_diagram[pixel_noise],OK,shaded_region,intersects,small_circle2
207,10,full_text + noisy_diagram[pixel_noise],OK,shaded_region,has_measure,?
207,10,full_text + noisy_diagram[pixel_noise],OK,large_circle,connects,small_circle1
207,10,full_text + noisy_diagram[pixel_noise],OK,large_circle,connects,small_circle2
207,10,full_text + noisy_diagram[pixel_noise],OK,small_circle1,collinear_with,small_circle2
207,10,full_text + noisy_diagram[pixel_noise],OK,large_circle,has_measure,?
207,10,full_text + noisy_diagram[pixel_noise],OK,small_circle1,has_measure,?
207,10,full_text + noisy_diagram[pixel_noise],OK,small_circle2,has_measure,?
,,,,,,
210,10,full_text + noisy_diagram[pixel_noise],OK,A,is_a,point
210,10,full_text + noisy_diagram[pixel_noise],OK,B,is_a,point
210,10,full_text + noisy_diagram[pixel_noise],OK,C,is_a,point
210,10,full_text + noisy_diagram[pixel_noise],OK,D,is_a,point
210,10,full_text + noisy_diagram[pixel_noise],OK,E,is_a,point
210,10,full_text + noisy_diagram[pixel_noise],OK,AB,is_a,segment
210,10,full_text + noisy_diagram[pixel_noise],OK,AC,is_a,segment
210,10,full_text + noisy_diagram[pixel_noise],OK,AD,is_a,segment
210,10,full_text + noisy_diagram[pixel_noise],OK,AE,is_a,segment
210,10,full_text + noisy_diagram[pixel_noise],OK,CD,is_a,segment
210,10,full_text + noisy_diagram[pixel_noise],OK,BE,is_a,segment
210,10,full_text + noisy_diagram[pixel_noise],OK,ED,is_a,segment
210,10,full_text + noisy_diagram[pixel_noise],OK,Triangles,is_a,shape
210,10,full_text + noisy_diagram[pixel_noise],OK,ABE,is_a,triangle
210,10,full_text + noisy_diagram[pixel_noise],OK,ACD,is_a,triangle
210,10,full_text + noisy_diagram[pixel_noise],OK,Triangles,share,vertex
210,10,full_text + noisy_diagram[pixel_noise],OK,Triangles,share,"vertex, A"
210,10,full_text + noisy_diagram[pixel_noise],OK,BE,parallel_to,CD
210,10,full_text + noisy_diagram[pixel_noise],OK,AB,has_measure,12_units
210,10,full_text + noisy_diagram[pixel_noise],OK,AC,has_measure,16_units
210,10,full_text + noisy_diagram[pixel_noise],OK,ED,has_measure,5_units
210,10,full_text + noisy_diagram[pixel_noise],OK,AE,has_measure,?
,,,,,,
211,10,full_text + noisy_diagram[pixel_noise],OK,MNPR,is_a,parallelogram
211,10,full_text + noisy_diagram[pixel_noise],OK,MN,is_a,side
211,10,full_text + noisy_diagram[pixel_noise],OK,MN,has_measure,3x - 4
211,10,full_text + noisy_diagram[pixel_noise],OK,NP,is_a,side
211,10,full_text + noisy_diagram[pixel_noise],OK,NP,has_measure,2y + 5
211,10,full_text + noisy_diagram[pixel_noise],OK,RP,is_a,side
211,10,full_text + noisy_diagram[pixel_noise],OK,RP,has_measure,20
211,10,full_text + noisy_diagram[pixel_noise],OK,MR,is_a,side
211,10,full_text + noisy_diagram[pixel_noise],OK,MR,has_measure,17.9
211,10,full_text + noisy_diagram[pixel_noise],OK,MP,is_a,diagonal
211,10,full_text + noisy_diagram[pixel_noise],OK,RN,is_a,diagonal
211,10,full_text + noisy_diagram[pixel_noise],OK,Q,is_a,point
211,10,full_text + noisy_diagram[pixel_noise],OK,MP,intersects,RN
211,10,full_text + noisy_diagram[pixel_noise],OK,MP,connects,M
211,10,full_text + noisy_diagram[pixel_noise],OK,MP,connects,P
211,10,full_text + noisy_diagram[pixel_noise],OK,RN,connects,R
211,10,full_text + noisy_diagram[pixel_noise],OK,RN,connects,N
211,10,full_text + noisy_diagram[pixel_noise],OK,∠MNR,is_a,angle
211,10,full_text + noisy_diagram[pixel_noise],OK,∠MNR,has_measure,33_deg
211,10,full_text + noisy_diagram[pixel_noise],OK,∠RNP,is_a,angle
211,10,full_text + noisy_diagram[pixel_noise],OK,∠RNP,has_measure,?
211,10,full_text + noisy_diagram[pixel_noise],OK,∠QNP,is_a,angle
211,10,full_text + noisy_diagram[pixel_noise],OK,∠QNP,has_measure,83_deg
211,10,full_text + noisy_diagram[pixel_noise],OK,NQ,is_a,segment
211,10,full_text + noisy_diagram[pixel_noise],OK,NQ,has_measure,15.4
211,10,full_text + noisy_diagram[pixel_noise],OK,PQ,is_a,segment
211,10,full_text + noisy_diagram[pixel_noise],OK,PQ,has_measure,11.1
211,10,full_text + noisy_diagram[pixel_noise],OK,MQ,is_a,segment
211,10,full_text + noisy_diagram[pixel_noise],OK,MQ,has_measure,4w - 3
211,10,full_text + noisy_diagram[pixel_noise],OK,QR,is_a,segment
211,10,full_text + noisy_diagram[pixel_noise],OK,QR,has_measure,3z - 3
211,10,full_text + noisy_diagram[pixel_noise],OK,∠MRN,is_a,angle
211,10,full_text + noisy_diagram[pixel_noise],OK,∠MRN,has_measure,38_deg
,,,,,,
223,10,full_text + noisy_diagram[pixel_noise],OK,"""hypotenuse""",is_a,segment
223,10,full_text + noisy_diagram[pixel_noise],OK,"""hypotenuse""",has_measure,5
223,10,full_text + noisy_diagram[pixel_noise],OK,"""side1""",is_a,segment
223,10,full_text + noisy_diagram[pixel_noise],OK,"""side1""",has_measure,3√2
223,10,full_text + noisy_diagram[pixel_noise],OK,"""side2""",is_a,segment
223,10,full_text + noisy_diagram[pixel_noise],OK,"""side2""",has_measure,?
223,10,full_text + noisy_diagram[pixel_noise],OK,"""x""",is_a,variable
223,10,full_text + noisy_diagram[pixel_noise],OK,"""x""",has_measure,?
223,10,full_text + noisy_diagram[pixel_noise],OK,"""triangle""",is_a,right_triangle
223,10,full_text + noisy_diagram[pixel_noise],OK,"""triangle""",connects,"""hypotenuse"""
223,10,full_text + noisy_diagram[pixel_noise],OK,"""triangle""",connects,"""side1"""
223,10,full_text + noisy_diagram[pixel_noise],OK,"""triangle""",connects,"""side2"""
223,10,full_text + noisy_diagram[pixel_noise],OK,"""x""",is_a,query_target
,,,,,,
239,10,full_text + noisy_diagram[pixel_noise],OK,A,is_a,point
239,10,full_text + noisy_diagram[pixel_noise],OK,B,is_a,point
239,10,full_text + noisy_diagram[pixel_noise],OK,C,is_a,point
239,10,full_text + noisy_diagram[pixel_noise],OK,R,is_a,point
239,10,full_text + noisy_diagram[pixel_noise],OK,S,is_a,point
239,10,full_text + noisy_diagram[pixel_noise],OK,T,is_a,point
239,10,full_text + noisy_diagram[pixel_noise],OK,M,is_a,point
239,10,full_text + noisy_diagram[pixel_noise],OK,AT,is_a,segment
239,10,full_text + noisy_diagram[pixel_noise],OK,BR,is_a,segment
239,10,full_text + noisy_diagram[pixel_noise],OK,CS,is_a,segment
239,10,full_text + noisy_diagram[pixel_noise],OK,MC,is_a,segment
239,10,full_text + noisy_diagram[pixel_noise],OK,RM,is_a,segment
239,10,full_text + noisy_diagram[pixel_noise],OK,MB,is_a,segment
239,10,full_text + noisy_diagram[pixel_noise],OK,ABC,is_a,triangle
239,10,full_text + noisy_diagram[pixel_noise],OK,R,is_a,midpoint
239,10,full_text + noisy_diagram[pixel_noise],OK,S,is_a,midpoint
239,10,full_text + noisy_diagram[pixel_noise],OK,T,is_a,midpoint
239,10,full_text + noisy_diagram[pixel_noise],OK,AT,connects,A
239,10,full_text + noisy_diagram[pixel_noise],OK,AT,connects,T
239,10,full_text + noisy_diagram[pixel_noise],OK,BR,connects,B
239,10,full_text + noisy_diagram[pixel_noise],OK,BR,connects,R
239,10,full_text + noisy_diagram[pixel_noise],OK,CS,connects,C
239,10,full_text + noisy_diagram[pixel_noise],OK,CS,connects,S
239,10,full_text + noisy_diagram[pixel_noise],OK,MC,connects,M
239,10,full_text + noisy_diagram[pixel_noise],OK,MC,connects,C
239,10,full_text + noisy_diagram[pixel_noise],OK,RM,connects,R
239,10,full_text + noisy_diagram[pixel_noise],OK,RM,connects,M
239,10,full_text + noisy_diagram[pixel_noise],OK,MB,connects,M
239,10,full_text + noisy_diagram[pixel_noise],OK,MB,connects,B
239,10,full_text + noisy_diagram[pixel_noise],OK,R,lies_on,AC
239,10,full_text + noisy_diagram[pixel_noise],OK,S,lies_on,AB
239,10,full_text + noisy_diagram[pixel_noise],OK,T,lies_on,CB
239,10,full_text + noisy_diagram[pixel_noise],OK,AT,intersects,BR
239,10,full_text + noisy_diagram[pixel_noise],OK,AT,intersects,CS
239,10,full_text + noisy_diagram[pixel_noise],OK,BR,intersects,CS
239,10,full_text + noisy_diagram[pixel_noise],OK,AT,intersects,M
239,10,full_text + noisy_diagram[pixel_noise],OK,BR,intersects,M
239,10,full_text + noisy_diagram[pixel_noise],OK,CS,intersects,M
239,10,full_text + noisy_diagram[pixel_noise],OK,MC,has_measure,7_units
239,10,full_text + noisy_diagram[pixel_noise],OK,RM,has_measure,4_units
239,10,full_text + noisy_diagram[pixel_noise],OK,AT,has_measure,16_units
,,,,,,
243,10,full_text + noisy_diagram[pixel_noise],OK,Phoenix,is_a,point
243,10,full_text + noisy_diagram[pixel_noise],OK,Des_Moines,is_a,point
243,10,full_text + noisy_diagram[pixel_noise],OK,Atlanta,is_a,point
243,10,full_text + noisy_diagram[pixel_noise],OK,Phoenix_Des_Moines,is_a,segment
243,10,full_text + noisy_diagram[pixel_noise],OK,Des_Moines_Atlanta,is_a,segment
243,10,full_text + noisy_diagram[pixel_noise],OK,Atlanta_Phoenix,is_a,segment
243,10,full_text + noisy_diagram[pixel_noise],OK,Phoenix_Des_Moines,has_measure,110x + 53
243,10,full_text + noisy_diagram[pixel_noise],OK,Des_Moines_Atlanta,has_measure,73.8x
243,10,full_text + noisy_diagram[pixel_noise],OK,Atlanta_Phoenix,has_measure,150x + 91
243,10,full_text + noisy_diagram[pixel_noise],OK,Phoenix_Des_Moines,connects,Phoenix
243,10,full_text + noisy_diagram[pixel_noise],OK,Phoenix_Des_Moines,connects,Des_Moines
243,10,full_text + noisy_diagram[pixel_noise],OK,Des_Moines_Atlanta,connects,Des_Moines
243,10,full_text + noisy_diagram[pixel_noise],OK,Des_Moines_Atlanta,connects,Atlanta
243,10,full_text + noisy_diagram[pixel_noise],OK,Atlanta_Phoenix,connects,Atlanta
243,10,full_text + noisy_diagram[pixel_noise],OK,Atlanta_Phoenix,connects,Phoenix
243,10,full_text + noisy_diagram[pixel_noise],OK,total_trip_distance,has_measure,3482
243,10,full_text + noisy_diagram[pixel_noise],OK,Atlanta_Phoenix,is_a,query_target
,,,,,,
257,10,full_text + noisy_diagram[pixel_noise],OK,A,is_a,point
257,10,full_text + noisy_diagram[pixel_noise],OK,B,is_a,point
257,10,full_text + noisy_diagram[pixel_noise],OK,C,is_a,point
257,10,full_text + noisy_diagram[pixel_noise],OK,D,is_a,point
257,10,full_text + noisy_diagram[pixel_noise],OK,E,is_a,point
257,10,full_text + noisy_diagram[pixel_noise],OK,AB,is_a,segment
257,10,full_text + noisy_diagram[pixel_noise],OK,AC,is_a,segment
257,10,full_text + noisy_diagram[pixel_noise],OK,ED,is_a,segment
257,10,full_text + noisy_diagram[pixel_noise],OK,AE,is_a,segment
257,10,full_text + noisy_diagram[pixel_noise],OK,BE,is_a,segment
257,10,full_text + noisy_diagram[pixel_noise],OK,CD,is_a,segment
257,10,full_text + noisy_diagram[pixel_noise],OK,triangle_ABE,is_a,triangle
257,10,full_text + noisy_diagram[pixel_noise],OK,triangle_ACD,is_a,triangle
257,10,full_text + noisy_diagram[pixel_noise],OK,AB,connects,"A, B"
257,10,full_text + noisy_diagram[pixel_noise],OK,AC,connects,"A, C"
257,10,full_text + noisy_diagram[pixel_noise],OK,ED,connects,"E, D"
257,10,full_text + noisy_diagram[pixel_noise],OK,AE,connects,"A, E"
257,10,full_text + noisy_diagram[pixel_noise],OK,BE,connects,"B, E"
257,10,full_text + noisy_diagram[pixel_noise],OK,CD,connects,"C, D"
257,10,full_text + noisy_diagram[pixel_noise],OK,triangle_ABE,has_measure,12_units
257,10,full_text + noisy_diagram[pixel_noise],OK,triangle_ACD,has_measure,16_units
257,10,full_text + noisy_diagram[pixel_noise],OK,ED,has_measure,5_units
257,10,full_text + noisy_diagram[pixel_noise],OK,BE,parallel_to,CD
,,,,,,
264,10,full_text + noisy_diagram[pixel_noise],OK,M,is_a,point
264,10,full_text + noisy_diagram[pixel_noise],OK,N,is_a,point
264,10,full_text + noisy_diagram[pixel_noise],OK,P,is_a,point
264,10,full_text + noisy_diagram[pixel_noise],OK,Q,is_a,point
264,10,full_text + noisy_diagram[pixel_noise],OK,MNPQ,is_a,parallelogram
264,10,full_text + noisy_diagram[pixel_noise],OK,angle_M,is_a,angle
264,10,full_text + noisy_diagram[pixel_noise],OK,angle_N,is_a,angle
264,10,full_text + noisy_diagram[pixel_noise],OK,angle_P,is_a,angle
264,10,full_text + noisy_diagram[pixel_noise],OK,angle_Q,is_a,angle
264,10,full_text + noisy_diagram[pixel_noise],OK,angle_M,has_measure,10x
264,10,full_text + noisy_diagram[pixel_noise],OK,angle_N,has_measure,20x
264,10,full_text + noisy_diagram[pixel_noise],OK,angle_M,equals,angle_P
264,10,full_text + noisy_diagram[pixel_noise],OK,angle_N,equals,angle_Q
264,10,full_text + noisy_diagram[pixel_noise],OK,angle_M,equals,?
,,,,,,
281,10,full_text + noisy_diagram[pixel_noise],OK,A,is_a,point
281,10,full_text + noisy_diagram[pixel_noise],OK,B,is_a,point
281,10,full_text + noisy_diagram[pixel_noise],OK,C,is_a,point
281,10,full_text + noisy_diagram[pixel_noise],OK,ABC,is_a,triangle
281,10,full_text + noisy_diagram[pixel_noise],OK,∠C,is_a,angle
281,10,full_text + noisy_diagram[pixel_noise],OK,∠C,has_measure,90_deg
281,10,full_text + noisy_diagram[pixel_noise],OK,AC,is_a,segment
281,10,full_text + noisy_diagram[pixel_noise],OK,AC,has_measure,24_units
281,10,full_text + noisy_diagram[pixel_noise],OK,AB,is_a,segment
281,10,full_text + noisy_diagram[pixel_noise],OK,AB,has_measure,26_units
281,10,full_text + noisy_diagram[pixel_noise],OK,BC,is_a,segment
281,10,full_text + noisy_diagram[pixel_noise],OK,BC,has_measure,10_units
281,10,full_text + noisy_diagram[pixel_noise],OK,cos B,is_a,ratio
281,10,full_text + noisy_diagram[pixel_noise],OK,cos B,has_measure,?
,,,,,,
327,10,full_text + noisy_diagram[pixel_noise],OK,N,is_a,point
327,10,full_text + noisy_diagram[pixel_noise],OK,Z,is_a,point
327,10,full_text + noisy_diagram[pixel_noise],OK,Y,is_a,point
327,10,full_text + noisy_diagram[pixel_noise],OK,X,is_a,point
327,10,full_text + noisy_diagram[pixel_noise],OK,helicopter,is_a,object
327,10,full_text + noisy_diagram[pixel_noise],OK,b,is_a,distance
327,10,full_text + noisy_diagram[pixel_noise],OK,d,is_a,distance
327,10,full_text + noisy_diagram[pixel_noise],OK,10.7,is_a,distance
327,10,full_text + noisy_diagram[pixel_noise],OK,335,is_a,angle
327,10,full_text + noisy_diagram[pixel_noise],OK,helicopter,connects,X
327,10,full_text + noisy_diagram[pixel_noise],OK,helicopter,connects,Y
327,10,full_text + noisy_diagram[pixel_noise],OK,helicopter,connects,Z
327,10,full_text + noisy_diagram[pixel_noise],OK,Y,connects,X
327,10,full_text + noisy_diagram[pixel_noise],OK,Z,connects,X
327,10,full_text + noisy_diagram[pixel_noise],OK,Y,connects,Z
327,10,full_text + noisy_diagram[pixel_noise],OK,XY,is_a,segment
327,10,full_text + noisy_diagram[pixel_noise],OK,YZ,is_a,segment
327,10,full_text + noisy_diagram[pixel_noise],OK,XZ,is_a,segment
327,10,full_text + noisy_diagram[pixel_noise],OK,helicopter,flew,b
327,10,full_text + noisy_diagram[pixel_noise],OK,helicopter,flew,10.7
327,10,full_text + noisy_diagram[pixel_noise],OK,Y,lies_on,XY
327,10,full_text + noisy_diagram[pixel_noise],OK,Z,lies_on,YZ
327,10,full_text + noisy_diagram[pixel_noise],OK,X,lies_on,XZ
327,10,full_text + noisy_diagram[pixel_noise],OK,XY,has_measure,b
327,10,full_text + noisy_diagram[pixel_noise],OK,YZ,has_measure,10.7
327,10,full_text + noisy_diagram[pixel_noise],OK,XZ,has_measure,d
327,10,full_text + noisy_diagram[pixel_noise],OK,Z,has_measure,335_deg
,,,,,,
348,10,full_text + noisy_diagram[pixel_noise],OK,helicopter,is_a,point
348,10,full_text + noisy_diagram[pixel_noise],OK,altitude,is_a,segment
348,10,full_text + noisy_diagram[pixel_noise],OK,landing_pad,is_a,point
348,10,full_text + noisy_diagram[pixel_noise],OK,altitude,connects,helicopter
348,10,full_text + noisy_diagram[pixel_noise],OK,altitude,connects,landing_pad
348,10,full_text + noisy_diagram[pixel_noise],OK,altitude,has_measure,198_units
348,10,full_text + noisy_diagram[pixel_noise],OK,angle_of_depression,is_a,angle
348,10,full_text + noisy_diagram[pixel_noise],OK,angle_of_depression,has_measure,44_deg
348,10,full_text + noisy_diagram[pixel_noise],OK,distance,is_a,segment
348,10,full_text + noisy_diagram[pixel_noise],OK,distance,connects,helicopter
348,10,full_text + noisy_diagram[pixel_noise],OK,distance,connects,landing_pad
348,10,full_text + noisy_diagram[pixel_noise],OK,distance,has_measure,?
348,10,full_text + noisy_diagram[pixel_noise],OK,altitude,perpendicular_to,distance
,,,,,,
364,10,full_text + noisy_diagram[pixel_noise],OK,cable,is_a,cable
364,10,full_text + noisy_diagram[pixel_noise],OK,tower,is_a,tower
364,10,full_text + noisy_diagram[pixel_noise],OK,bridge,is_a,bridge
364,10,full_text + noisy_diagram[pixel_noise],OK,tower,connects,bridge
364,10,full_text + noisy_diagram[pixel_noise],OK,cable,connects,tower
364,10,full_text + noisy_diagram[pixel_noise],OK,cable,connects,bridge
364,10,full_text + noisy_diagram[pixel_noise],OK,tower,has_measure,35.5_units
364,10,full_text + noisy_diagram[pixel_noise],OK,connection_point,has_measure,65.9_units
364,10,full_text + noisy_diagram[pixel_noise],OK,connection_point,connects,tower
364,10,full_text + noisy_diagram[pixel_noise],OK,h,is_a,length
364,10,full_text + noisy_diagram[pixel_noise],OK,h,has_measure,?
364,10,full_text + noisy_diagram[pixel_noise],OK,tower,perpendicular_to,bridge
,,,,,,
365,10,full_text + noisy_diagram[pixel_noise],OK,plane,is_a,object
365,10,full_text + noisy_diagram[pixel_noise],OK,airport_runway,is_a,object
365,10,full_text + noisy_diagram[pixel_noise],OK,ground,is_a,object
365,10,full_text + noisy_diagram[pixel_noise],OK,plane,lies_on,?
365,10,full_text + noisy_diagram[pixel_noise],OK,airport_runway,lies_on,?
365,10,full_text + noisy_diagram[pixel_noise],OK,ground,lies_on,?
365,10,full_text + noisy_diagram[pixel_noise],OK,plane,has_measure,10369_m
365,10,full_text + noisy_diagram[pixel_noise],OK,plane,has_measure,23444_m
365,10,full_text + noisy_diagram[pixel_noise],OK,theta,is_a,angle
365,10,full_text + noisy_diagram[pixel_noise],OK,theta,has_measure,?
365,10,full_text + noisy_diagram[pixel_noise],OK,plane,connects,airport_runway
365,10,full_text + noisy_diagram[pixel_noise],OK,plane,connects,ground
365,10,full_text + noisy_diagram[pixel_noise],OK,airport_runway,connects,ground
,,,,,,
420,10,full_text + noisy_diagram[pixel_noise],OK,A,is_a,point
420,10,full_text + noisy_diagram[pixel_noise],OK,B,is_a,point
420,10,full_text + noisy_diagram[pixel_noise],OK,C,is_a,point
420,10,full_text + noisy_diagram[pixel_noise],OK,D,is_a,point
420,10,full_text + noisy_diagram[pixel_noise],OK,AB,is_a,segment
420,10,full_text + noisy_diagram[pixel_noise],OK,AD,is_a,segment
420,10,full_text + noisy_diagram[pixel_noise],OK,BC,is_a,segment
420,10,full_text + noisy_diagram[pixel_noise],OK,CD,is_a,segment
420,10,full_text + noisy_diagram[pixel_noise],OK,ABCD,is_a,trapezium
420,10,full_text + noisy_diagram[pixel_noise],OK,AB,parallel_to,CD
420,10,full_text + noisy_diagram[pixel_noise],OK,BC,has_measure,10_cm
420,10,full_text + noisy_diagram[pixel_noise],OK,6_cm_segment,is_a,segment
420,10,full_text + noisy_diagram[pixel_noise],OK,6_cm_segment,has_measure,6_cm
420,10,full_text + noisy_diagram[pixel_noise],OK,6_cm_segment,perpendicular_to,AD
420,10,full_text + noisy_diagram[pixel_noise],OK,AB,has_measure,?
,,,,,,
432,10,full_text + noisy_diagram[pixel_noise],OK,-3,4,"is_a, point"
432,10,full_text + noisy_diagram[pixel_noise],OK,5,2,"is_a, point"
432,10,full_text + noisy_diagram[pixel_noise],OK,-3,4,"connects, 5, 2"
432,10,full_text + noisy_diagram[pixel_noise],OK,d,is_a,distance
432,10,full_text + noisy_diagram[pixel_noise],OK,d,has_measure,?
,,,,,,
438,10,full_text + noisy_diagram[pixel_noise],OK,hyperbola,is_a,hyperbola
438,10,full_text + noisy_diagram[pixel_noise],OK,hyperbola,has_measure,vertices
438,10,full_text + noisy_diagram[pixel_noise],OK,vertices,is_a,point
438,10,full_text + noisy_diagram[pixel_noise],OK,hyperbola,has_measure,center
438,10,full_text + noisy_diagram[pixel_noise],OK,center,is_a,point
438,10,full_text + noisy_diagram[pixel_noise],OK,hyperbola,has_measure,foci
438,10,full_text + noisy_diagram[pixel_noise],OK,foci,is_a,point
438,10,full_text + noisy_diagram[pixel_noise],OK,hyperbola,has_measure,equation
438,10,full_text + noisy_diagram[pixel_noise],OK,equation,is_a,?
,,,,,,
441,10,full_text + noisy_diagram[pixel_noise],OK,angle,is_a,angle
441,10,full_text + noisy_diagram[pixel_noise],OK,a,is_a,angle
441,10,full_text + noisy_diagram[pixel_noise],OK,angle,is_a,standard_position
441,10,full_text + noisy_diagram[pixel_noise],OK,a,is_a,standard_position
441,10,full_text + noisy_diagram[pixel_noise],OK,terminal_side,is_a,side
441,10,full_text + noisy_diagram[pixel_noise],OK,terminal_side,intersects,unit_circle
441,10,full_text + noisy_diagram[pixel_noise],OK,unit_circle,is_a,circle
441,10,full_text + noisy_diagram[pixel_noise],OK,P,is_a,point
,,,,,,
447,10,full_text + noisy_diagram[pixel_noise],OK,angle,is_a,angle
447,10,full_text + noisy_diagram[pixel_noise],OK,a,is_a,angle
447,10,full_text + noisy_diagram[pixel_noise],OK,angle,is_a,standard_position
447,10,full_text + noisy_diagram[pixel_noise],OK,a,is_a,standard_position
447,10,full_text + noisy_diagram[pixel_noise],OK,P,is_a,point
447,10,full_text + noisy_diagram[pixel_noise],OK,unit_circle,is_a,circle
447,10,full_text + noisy_diagram[pixel_noise],OK,unit_circle,has_measure,1
447,10,full_text + noisy_diagram[pixel_noise],OK,terminal_side,is_a,side
447,10,full_text + noisy_diagram[pixel_noise],OK,terminal_side,intersects,unit_circle
447,10,full_text + noisy_diagram[pixel_noise],OK,terminal_side,intersects,P
,,,,,,
449,10,full_text + noisy_diagram[pixel_noise],OK,O,is_a,point
449,10,full_text + noisy_diagram[pixel_noise],OK,O,center_of,unit_circle
449,10,full_text + noisy_diagram[pixel_noise],OK,unit_circle,is_a,circle
449,10,full_text + noisy_diagram[pixel_noise],OK,unit_circle,radius_of,1_unit
449,10,full_text + noisy_diagram[pixel_noise],OK,unit_circle,lies_on,x_axis
449,10,full_text + noisy_diagram[pixel_noise],OK,unit_circle,lies_on,y_axis
449,10,full_text + noisy_diagram[pixel_noise],OK,P,is_a,point
449,10,full_text + noisy_diagram[pixel_noise],OK,P,lies_on,unit_circle
449,10,full_text + noisy_diagram[pixel_noise],OK,θ,is_a,angle
449,10,full_text + noisy_diagram[pixel_noise],OK,sec_θ,is_a,trigonometric_function
449,10,full_text + noisy_diagram[pixel_noise],OK,sec_θ,mapped_to,?
,,,,,,
457,10,full_text + noisy_diagram[pixel_noise],OK,O,is_a,point
457,10,full_text + noisy_diagram[pixel_noise],OK,O,center_of,circle
457,10,full_text + noisy_diagram[pixel_noise],OK,circle,is_a,circle
457,10,full_text + noisy_diagram[pixel_noise],OK,circle,radius_of,6_units
457,10,full_text + noisy_diagram[pixel_noise],OK,Equation,is_a,query_target
,,,,,,
472,10,full_text + noisy_diagram[pixel_noise],OK,Question,is_a,math_problem
472,10,full_text + noisy_diagram[pixel_noise],OK,semicircle,is_a,shape
472,10,full_text + noisy_diagram[pixel_noise],OK,semicircle,passes_through,point
472,10,full_text + noisy_diagram[pixel_noise],OK,point,is_a,entity
472,10,full_text + noisy_diagram[pixel_noise],OK,point,has_measure,-7_0
472,10,full_text + noisy_diagram[pixel_noise],OK,point,has_measure,-5_-5
472,10,full_text + noisy_diagram[pixel_noise],OK,point,has_measure,0_7
472,10,full_text + noisy_diagram[pixel_noise],OK,point,has_measure,5_-5
472,10,full_text + noisy_diagram[pixel_noise],OK,point,has_measure,7_0
472,10,full_text + noisy_diagram[pixel_noise],OK,Question,asks_for,center_of
472,10,full_text + noisy_diagram[pixel_noise],OK,center_of,is_a,point
472,10,full_text + noisy_diagram[pixel_noise],OK,center_of,has_measure,?
,,,,,,
