problem_index,case_id,case_label,status,subject,predicate,object
1,8,full_text + noisy_diagram[illumination],OK,A,is_a,point
1,8,full_text + noisy_diagram[illumination],OK,B,is_a,point
1,8,full_text + noisy_diagram[illumination],OK,C,is_a,point
1,8,full_text + noisy_diagram[illumination],OK,D,is_a,point
1,8,full_text + noisy_diagram[illumination],OK,E,is_a,point
1,8,full_text + noisy_diagram[illumination],OK,ABC,is_a,triangle
1,8,full_text + noisy_diagram[illumination],OK,A,connects,B
1,8,full_text + noisy_diagram[illumination],OK,A,connects,C
1,8,full_text + noisy_diagram[illumination],OK,B,connects,C
1,8,full_text + noisy_diagram[illumination],OK,DE,is_a,segment
1,8,full_text + noisy_diagram[illumination],OK,D,connects,E
1,8,full_text + noisy_diagram[illumination],OK,DE,parallel_to,BC
1,8,full_text + noisy_diagram[illumination],OK,∠A,is_a,angle
1,8,full_text + noisy_diagram[illumination],OK,∠A,has_measure,80_deg
1,8,full_text + noisy_diagram[illumination],OK,∠B,is_a,angle
1,8,full_text + noisy_diagram[illumination],OK,∠B,has_measure,60_deg
1,8,full_text + noisy_diagram[illumination],OK,D,lies_on,AB
1,8,full_text + noisy_diagram[illumination],OK,E,lies_on,AC
,,,,,,
2,8,full_text + noisy_diagram[illumination],OK,A,is_a,point
2,8,full_text + noisy_diagram[illumination],OK,B,is_a,point
2,8,full_text + noisy_diagram[illumination],OK,C,is_a,point
2,8,full_text + noisy_diagram[illumination],OK,D,is_a,point
2,8,full_text + noisy_diagram[illumination],OK,E,is_a,point
2,8,full_text + noisy_diagram[illumination],OK,F,is_a,point
2,8,full_text + noisy_diagram[illumination],OK,G,is_a,point
2,8,full_text + noisy_diagram[illumination],OK,AB,is_a,segment
2,8,full_text + noisy_diagram[illumination],OK,CD,is_a,segment
2,8,full_text + noisy_diagram[illumination],OK,EF,is_a,segment
2,8,full_text + noisy_diagram[illumination],OK,EG,is_a,segment
2,8,full_text + noisy_diagram[illumination],OK,∠EFG,is_a,angle
2,8,full_text + noisy_diagram[illumination],OK,∠EGF,is_a,angle
2,8,full_text + noisy_diagram[illumination],OK,AB,parallel_to,CD
2,8,full_text + noisy_diagram[illumination],OK,EF,intersects,AB
2,8,full_text + noisy_diagram[illumination],OK,EF,intersects,CD
2,8,full_text + noisy_diagram[illumination],OK,EF,intersects,"AB, at, E"
2,8,full_text + noisy_diagram[illumination],OK,EF,intersects,"CD, at, F"
2,8,full_text + noisy_diagram[illumination],OK,EG,bisects,∠BEF
2,8,full_text + noisy_diagram[illumination],OK,EG,intersects,"CD, at, G"
2,8,full_text + noisy_diagram[illumination],OK,∠EFG,has_measure,50_deg
,,,,,,
3,8,full_text + noisy_diagram[illumination],OK,A,is_a,point
3,8,full_text + noisy_diagram[illumination],OK,B,is_a,point
3,8,full_text + noisy_diagram[illumination],OK,C,is_a,point
3,8,full_text + noisy_diagram[illumination],OK,D,is_a,point
3,8,full_text + noisy_diagram[illumination],OK,AB,is_a,segment
3,8,full_text + noisy_diagram[illumination],OK,BC,is_a,segment
3,8,full_text + noisy_diagram[illumination],OK,BD,is_a,segment
3,8,full_text + noisy_diagram[illumination],OK,CD,is_a,segment
3,8,full_text + noisy_diagram[illumination],OK,BA,is_a,segment
3,8,full_text + noisy_diagram[illumination],OK,∠ABC,is_a,angle
3,8,full_text + noisy_diagram[illumination],OK,∠BCD,is_a,angle
3,8,full_text + noisy_diagram[illumination],OK,∠CDB,is_a,angle
3,8,full_text + noisy_diagram[illumination],OK,B,connects,A
3,8,full_text + noisy_diagram[illumination],OK,B,connects,C
3,8,full_text + noisy_diagram[illumination],OK,B,connects,D
3,8,full_text + noisy_diagram[illumination],OK,C,connects,D
3,8,full_text + noisy_diagram[illumination],OK,A,connects,B
3,8,full_text + noisy_diagram[illumination],OK,B,intersects,C
3,8,full_text + noisy_diagram[illumination],OK,B,intersects,A
3,8,full_text + noisy_diagram[illumination],OK,BD,bisects,∠ABC
3,8,full_text + noisy_diagram[illumination],OK,CD,parallel_to,AB
3,8,full_text + noisy_diagram[illumination],OK,∠BCD,has_measure,70_deg
3,8,full_text + noisy_diagram[illumination],OK,∠CDB,has_measure,?
,,,,,,
4,8,full_text + noisy_diagram[illumination],OK,A,is_a,point
4,8,full_text + noisy_diagram[illumination],OK,B,is_a,point
4,8,full_text + noisy_diagram[illumination],OK,O,is_a,point
4,8,full_text + noisy_diagram[illumination],OK,C,is_a,point
4,8,full_text + noisy_diagram[illumination],OK,AB,is_a,segment
4,8,full_text + noisy_diagram[illumination],OK,AO,is_a,segment
4,8,full_text + noisy_diagram[illumination],OK,BC,is_a,segment
4,8,full_text + noisy_diagram[illumination],OK,O,is_a,circle
4,8,full_text + noisy_diagram[illumination],OK,AB,tangent_to,O
4,8,full_text + noisy_diagram[illumination],OK,AO,intersects,O
4,8,full_text + noisy_diagram[illumination],OK,AO,intersects,C
4,8,full_text + noisy_diagram[illumination],OK,AB,connects,B
4,8,full_text + noisy_diagram[illumination],OK,AO,connects,O
4,8,full_text + noisy_diagram[illumination],OK,AO,connects,C
4,8,full_text + noisy_diagram[illumination],OK,BC,connects,C
4,8,full_text + noisy_diagram[illumination],OK,BC,connects,B
4,8,full_text + noisy_diagram[illumination],OK,angle_A,is_a,angle
4,8,full_text + noisy_diagram[illumination],OK,angle_A,has_measure,36_deg
4,8,full_text + noisy_diagram[illumination],OK,angle_C,is_a,angle
4,8,full_text + noisy_diagram[illumination],OK,O,center_of,O
4,8,full_text + noisy_diagram[illumination],OK,B,lies_on,O
4,8,full_text + noisy_diagram[illumination],OK,C,lies_on,O
4,8,full_text + noisy_diagram[illumination],OK,angle_OCB,is_a,angle
,,,,,,
7,8,full_text + noisy_diagram[illumination],OK,A,is_a,point
7,8,full_text + noisy_diagram[illumination],OK,B,is_a,point
7,8,full_text + noisy_diagram[illumination],OK,C,is_a,point
7,8,full_text + noisy_diagram[illumination],OK,D,is_a,point
7,8,full_text + noisy_diagram[illumination],OK,E,is_a,point
7,8,full_text + noisy_diagram[illumination],OK,ABC,is_a,triangle
7,8,full_text + noisy_diagram[illumination],OK,ADE,is_a,triangle
7,8,full_text + noisy_diagram[illumination],OK,ABC,is_a,congruent
7,8,full_text + noisy_diagram[illumination],OK,ADE,is_a,congruent
7,8,full_text + noisy_diagram[illumination],OK,A,is_a,vertex
7,8,full_text + noisy_diagram[illumination],OK,B,is_a,vertex
7,8,full_text + noisy_diagram[illumination],OK,C,is_a,vertex
7,8,full_text + noisy_diagram[illumination],OK,D,is_a,vertex
7,8,full_text + noisy_diagram[illumination],OK,E,is_a,vertex
7,8,full_text + noisy_diagram[illumination],OK,∠B,is_a,angle
7,8,full_text + noisy_diagram[illumination],OK,∠C,is_a,angle
7,8,full_text + noisy_diagram[illumination],OK,∠DAC,is_a,angle
7,8,full_text + noisy_diagram[illumination],OK,∠B,has_measure,70_deg
7,8,full_text + noisy_diagram[illumination],OK,∠C,has_measure,30_deg
7,8,full_text + noisy_diagram[illumination],OK,∠DAC,has_measure,35_deg
7,8,full_text + noisy_diagram[illumination],OK,∠EAC,is_a,angle
7,8,full_text + noisy_diagram[illumination],OK,∠EAC,has_measure,?
,,,,,,
8,8,full_text + noisy_diagram[illumination],OK,A,is_a,point
8,8,full_text + noisy_diagram[illumination],OK,B,is_a,point
8,8,full_text + noisy_diagram[illumination],OK,C,is_a,point
8,8,full_text + noisy_diagram[illumination],OK,D,is_a,point
8,8,full_text + noisy_diagram[illumination],OK,E,is_a,point
8,8,full_text + noisy_diagram[illumination],OK,F,is_a,point
8,8,full_text + noisy_diagram[illumination],OK,ABC,is_a,triangle
8,8,full_text + noisy_diagram[illumination],OK,DEF,is_a,triangle
8,8,full_text + noisy_diagram[illumination],OK,A,is_a,vertex
8,8,full_text + noisy_diagram[illumination],OK,B,is_a,vertex
8,8,full_text + noisy_diagram[illumination],OK,C,is_a,vertex
8,8,full_text + noisy_diagram[illumination],OK,D,is_a,vertex
8,8,full_text + noisy_diagram[illumination],OK,E,is_a,vertex
8,8,full_text + noisy_diagram[illumination],OK,F,is_a,vertex
8,8,full_text + noisy_diagram[illumination],OK,A,mapped_to,D
8,8,full_text + noisy_diagram[illumination],OK,B,mapped_to,E
8,8,full_text + noisy_diagram[illumination],OK,BC,is_a,segment
8,8,full_text + noisy_diagram[illumination],OK,BF,is_a,segment
8,8,full_text + noisy_diagram[illumination],OK,BC,has_measure,5.0
8,8,full_text + noisy_diagram[illumination],OK,BF,has_measure,7.0
8,8,full_text + noisy_diagram[illumination],OK,EC,is_a,segment
8,8,full_text + noisy_diagram[illumination],OK,ABC,congruent_to,DEF
,,,,,,
9,8,full_text + noisy_diagram[illumination],OK,A,is_a,point
9,8,full_text + noisy_diagram[illumination],OK,B,is_a,point
9,8,full_text + noisy_diagram[illumination],OK,C,is_a,point
9,8,full_text + noisy_diagram[illumination],OK,D,is_a,point
9,8,full_text + noisy_diagram[illumination],OK,E,is_a,point
9,8,full_text + noisy_diagram[illumination],OK,AB,is_a,segment
9,8,full_text + noisy_diagram[illumination],OK,AC,is_a,segment
9,8,full_text + noisy_diagram[illumination],OK,BC,is_a,segment
9,8,full_text + noisy_diagram[illumination],OK,AD,is_a,segment
9,8,full_text + noisy_diagram[illumination],OK,DE,is_a,segment
9,8,full_text + noisy_diagram[illumination],OK,∠C,is_a,angle
9,8,full_text + noisy_diagram[illumination],OK,∠CAB,is_a,angle
9,8,full_text + noisy_diagram[illumination],OK,triangle ABC,is_a,triangle
9,8,full_text + noisy_diagram[illumination],OK,triangle DBE,is_a,triangle
9,8,full_text + noisy_diagram[illumination],OK,C,lies_on,triangle ABC
9,8,full_text + noisy_diagram[illumination],OK,A,lies_on,triangle ABC
9,8,full_text + noisy_diagram[illumination],OK,B,lies_on,triangle ABC
9,8,full_text + noisy_diagram[illumination],OK,D,lies_on,triangle ABC
9,8,full_text + noisy_diagram[illumination],OK,E,lies_on,triangle ABC
9,8,full_text + noisy_diagram[illumination],OK,AB,connects,A
9,8,full_text + noisy_diagram[illumination],OK,AB,connects,B
9,8,full_text + noisy_diagram[illumination],OK,AC,connects,A
9,8,full_text + noisy_diagram[illumination],OK,AC,connects,C
9,8,full_text + noisy_diagram[illumination],OK,BC,connects,B
9,8,full_text + noisy_diagram[illumination],OK,BC,connects,C
9,8,full_text + noisy_diagram[illumination],OK,AD,connects,A
9,8,full_text + noisy_diagram[illumination],OK,AD,connects,D
9,8,full_text + noisy_diagram[illumination],OK,DE,connects,D
9,8,full_text + noisy_diagram[illumination],OK,DE,connects,E
9,8,full_text + noisy_diagram[illumination],OK,∠C,connects,C
9,8,full_text + noisy_diagram[illumination],OK,∠CAB,connects,A
9,8,full_text + noisy_diagram[illumination],OK,∠CAB,connects,B
9,8,full_text + noisy_diagram[illumination],OK,triangle ABC,connects,A
9,8,full_text + noisy_diagram[illumination],OK,triangle ABC,connects,B
9,8,full_text + noisy_diagram[illumination],OK,triangle ABC,connects,C
9,8,full_text + noisy_diagram[illumination],OK,triangle DBE,connects,D
9,8,full_text + noisy_diagram[illumination],OK,triangle DBE,connects,B
9,8,full_text + noisy_diagram[illumination],OK,triangle DBE,connects,E
9,8,full_text + noisy_diagram[illumination],OK,∠C,has_measure,90_deg
9,8,full_text + noisy_diagram[illumination],OK,AC,has_measure,?
9,8,full_text + noisy_diagram[illumination],OK,BC,has_measure,?
9,8,full_text + noisy_diagram[illumination],OK,AB,has_measure,6.0
9,8,full_text + noisy_diagram[illumination],OK,AD,bisects,∠CAB
9,8,full_text + noisy_diagram[illumination],OK,AD,intersects,BC
9,8,full_text + noisy_diagram[illumination],OK,AD,intersects,D
9,8,full_text + noisy_diagram[illumination],OK,DE,perpendicular_to,AB
9,8,full_text + noisy_diagram[illumination],OK,DE,intersects,E
,,,,,,
10,8,full_text + noisy_diagram[illumination],OK,A,is_a,point
10,8,full_text + noisy_diagram[illumination],OK,B,is_a,point
10,8,full_text + noisy_diagram[illumination],OK,C,is_a,point
10,8,full_text + noisy_diagram[illumination],OK,A,is_a,vertex
10,8,full_text + noisy_diagram[illumination],OK,B,is_a,vertex
10,8,full_text + noisy_diagram[illumination],OK,C,is_a,vertex
10,8,full_text + noisy_diagram[illumination],OK,AB,is_a,segment
10,8,full_text + noisy_diagram[illumination],OK,AC,is_a,segment
10,8,full_text + noisy_diagram[illumination],OK,BC,is_a,segment
10,8,full_text + noisy_diagram[illumination],OK,ABC,is_a,triangle
10,8,full_text + noisy_diagram[illumination],OK,AB,has_measure,?
10,8,full_text + noisy_diagram[illumination],OK,AC,has_measure,?
10,8,full_text + noisy_diagram[illumination],OK,BC,has_measure,?
10,8,full_text + noisy_diagram[illumination],OK,∠A,is_a,angle
10,8,full_text + noisy_diagram[illumination],OK,∠A,has_measure,36_deg
10,8,full_text + noisy_diagram[illumination],OK,D,is_a,point
10,8,full_text + noisy_diagram[illumination],OK,E,is_a,point
10,8,full_text + noisy_diagram[illumination],OK,DE,is_a,segment
10,8,full_text + noisy_diagram[illumination],OK,DE,perpendicular_to,AB
10,8,full_text + noisy_diagram[illumination],OK,DE,intersects,AB
10,8,full_text + noisy_diagram[illumination],OK,DE,intersects,AC
10,8,full_text + noisy_diagram[illumination],OK,E,lies_on,AB
10,8,full_text + noisy_diagram[illumination],OK,D,lies_on,AC
10,8,full_text + noisy_diagram[illumination],OK,BDC,is_a,angle
10,8,full_text + noisy_diagram[illumination],OK,BDC,has_measure,?
,,,,,,
11,8,full_text + noisy_diagram[illumination],OK,A,is_a,point
11,8,full_text + noisy_diagram[illumination],OK,B,is_a,point
11,8,full_text + noisy_diagram[illumination],OK,C,is_a,point
11,8,full_text + noisy_diagram[illumination],OK,ABC,is_a,triangle
11,8,full_text + noisy_diagram[illumination],OK,∠C,is_a,angle
11,8,full_text + noisy_diagram[illumination],OK,∠C,has_measure,36_deg
11,8,full_text + noisy_diagram[illumination],OK,E,is_a,point
11,8,full_text + noisy_diagram[illumination],OK,D,is_a,point
11,8,full_text + noisy_diagram[illumination],OK,AED,is_a,triangle
11,8,full_text + noisy_diagram[illumination],OK,ABC,rotated_about,A
11,8,full_text + noisy_diagram[illumination],OK,ABC,mapped_to,AED
11,8,full_text + noisy_diagram[illumination],OK,AD,is_a,segment
11,8,full_text + noisy_diagram[illumination],OK,BC,is_a,segment
11,8,full_text + noisy_diagram[illumination],OK,AD,intersects,BC
11,8,full_text + noisy_diagram[illumination],OK,F,is_a,point
11,8,full_text + noisy_diagram[illumination],OK,∠AFC,is_a,angle
11,8,full_text + noisy_diagram[illumination],OK,∠EAB,has_measure,60_deg
,,,,,,
14,8,full_text + noisy_diagram[illumination],OK,A,is_a,point
14,8,full_text + noisy_diagram[illumination],OK,B,is_a,point
14,8,full_text + noisy_diagram[illumination],OK,C,is_a,point
14,8,full_text + noisy_diagram[illumination],OK,O,is_a,point
14,8,full_text + noisy_diagram[illumination],OK,ABC,is_a,triangle
14,8,full_text + noisy_diagram[illumination],OK,O,is_a,circle
14,8,full_text + noisy_diagram[illumination],OK,ABC,lies_on,O
14,8,full_text + noisy_diagram[illumination],OK,OAB,is_a,angle
14,8,full_text + noisy_diagram[illumination],OK,OAB,has_measure,35_deg
14,8,full_text + noisy_diagram[illumination],OK,ACB,is_a,angle
14,8,full_text + noisy_diagram[illumination],OK,ACB,has_measure,?
14,8,full_text + noisy_diagram[illumination],OK,A,connects,B
14,8,full_text + noisy_diagram[illumination],OK,B,connects,C
14,8,full_text + noisy_diagram[illumination],OK,C,connects,A
14,8,full_text + noisy_diagram[illumination],OK,O,center_of,O
14,8,full_text + noisy_diagram[illumination],OK,A,lies_on,O
14,8,full_text + noisy_diagram[illumination],OK,B,lies_on,O
14,8,full_text + noisy_diagram[illumination],OK,C,lies_on,O
14,8,full_text + noisy_diagram[illumination],OK,OAB,connects,A
14,8,full_text + noisy_diagram[illumination],OK,OAB,connects,B
14,8,full_text + noisy_diagram[illumination],OK,ACB,connects,A
14,8,full_text + noisy_diagram[illumination],OK,ACB,connects,C
,,,,,,
16,8,full_text + noisy_diagram[illumination],OK,O,is_a,point
16,8,full_text + noisy_diagram[illumination],OK,A,is_a,point
16,8,full_text + noisy_diagram[illumination],OK,B,is_a,point
16,8,full_text + noisy_diagram[illumination],OK,C,is_a,point
16,8,full_text + noisy_diagram[illumination],OK,OA,is_a,segment
16,8,full_text + noisy_diagram[illumination],OK,OB,is_a,segment
16,8,full_text + noisy_diagram[illumination],OK,AC,is_a,segment
16,8,full_text + noisy_diagram[illumination],OK,∠BOC,is_a,angle
16,8,full_text + noisy_diagram[illumination],OK,O,center_of,circle
16,8,full_text + noisy_diagram[illumination],OK,AC,parallel_to,OB
16,8,full_text + noisy_diagram[illumination],OK,∠BOC,has_measure,50_deg
16,8,full_text + noisy_diagram[illumination],OK,OA,connects,A
16,8,full_text + noisy_diagram[illumination],OK,OA,connects,O
16,8,full_text + noisy_diagram[illumination],OK,OB,connects,B
16,8,full_text + noisy_diagram[illumination],OK,OB,connects,O
16,8,full_text + noisy_diagram[illumination],OK,AC,connects,A
16,8,full_text + noisy_diagram[illumination],OK,AC,connects,C
16,8,full_text + noisy_diagram[illumination],OK,∠BOC,connects,B
16,8,full_text + noisy_diagram[illumination],OK,∠BOC,connects,O
16,8,full_text + noisy_diagram[illumination],OK,∠BOC,connects,C
16,8,full_text + noisy_diagram[illumination],OK,?,is_a,query_target
,,,,,,
17,8,full_text + noisy_diagram[illumination],OK,A,is_a,point
17,8,full_text + noisy_diagram[illumination],OK,B,is_a,point
17,8,full_text + noisy_diagram[illumination],OK,C,is_a,point
17,8,full_text + noisy_diagram[illumination],OK,D,is_a,point
17,8,full_text + noisy_diagram[illumination],OK,O,is_a,point
17,8,full_text + noisy_diagram[illumination],OK,ABCD,is_a,parallelogram
17,8,full_text + noisy_diagram[illumination],OK,AC,is_a,diagonal
17,8,full_text + noisy_diagram[illumination],OK,BD,is_a,diagonal
17,8,full_text + noisy_diagram[illumination],OK,AC,intersects,BD
17,8,full_text + noisy_diagram[illumination],OK,AC,intersects,O
17,8,full_text + noisy_diagram[illumination],OK,BD,intersects,O
17,8,full_text + noisy_diagram[illumination],OK,∠DAC,is_a,angle
17,8,full_text + noisy_diagram[illumination],OK,∠DAC,has_measure,42_deg
17,8,full_text + noisy_diagram[illumination],OK,∠CBD,is_a,angle
17,8,full_text + noisy_diagram[illumination],OK,∠CBD,has_measure,23_deg
17,8,full_text + noisy_diagram[illumination],OK,∠COD,is_a,angle
17,8,full_text + noisy_diagram[illumination],OK,∠COD,has_measure,?
,,,,,,
20,8,full_text + noisy_diagram[illumination],OK,A,is_a,point
20,8,full_text + noisy_diagram[illumination],OK,B,is_a,point
20,8,full_text + noisy_diagram[illumination],OK,O,is_a,point
20,8,full_text + noisy_diagram[illumination],OK,C,is_a,point
20,8,full_text + noisy_diagram[illumination],OK,D,is_a,point
20,8,full_text + noisy_diagram[illumination],OK,AB,is_a,segment
20,8,full_text + noisy_diagram[illumination],OK,AC,is_a,segment
20,8,full_text + noisy_diagram[illumination],OK,BC,is_a,segment
20,8,full_text + noisy_diagram[illumination],OK,CD,is_a,segment
20,8,full_text + noisy_diagram[illumination],OK,OD,is_a,segment
20,8,full_text + noisy_diagram[illumination],OK,AB,is_a,diameter
20,8,full_text + noisy_diagram[illumination],OK,O,is_a,center
20,8,full_text + noisy_diagram[illumination],OK,O,center_of,circle
20,8,full_text + noisy_diagram[illumination],OK,A,lies_on,circle
20,8,full_text + noisy_diagram[illumination],OK,B,lies_on,circle
20,8,full_text + noisy_diagram[illumination],OK,C,lies_on,circle
20,8,full_text + noisy_diagram[illumination],OK,D,lies_on,circle
20,8,full_text + noisy_diagram[illumination],OK,AB,diameter_of,circle
20,8,full_text + noisy_diagram[illumination],OK,∠DOB,is_a,angle
20,8,full_text + noisy_diagram[illumination],OK,∠DOB,has_measure,140_deg
,,,,,,
22,8,full_text + noisy_diagram[illumination],OK,A,is_a,point
22,8,full_text + noisy_diagram[illumination],OK,B,is_a,point
22,8,full_text + noisy_diagram[illumination],OK,C,is_a,point
22,8,full_text + noisy_diagram[illumination],OK,D,is_a,point
22,8,full_text + noisy_diagram[illumination],OK,M,is_a,point
22,8,full_text + noisy_diagram[illumination],OK,N,is_a,point
22,8,full_text + noisy_diagram[illumination],OK,O,is_a,point
22,8,full_text + noisy_diagram[illumination],OK,AM,is_a,segment
22,8,full_text + noisy_diagram[illumination],OK,CN,is_a,segment
22,8,full_text + noisy_diagram[illumination],OK,MN,is_a,segment
22,8,full_text + noisy_diagram[illumination],OK,AC,is_a,segment
22,8,full_text + noisy_diagram[illumination],OK,BO,is_a,segment
22,8,full_text + noisy_diagram[illumination],OK,ABCD,is_a,diamond
22,8,full_text + noisy_diagram[illumination],OK,M,lies_on,AB
22,8,full_text + noisy_diagram[illumination],OK,N,lies_on,CD
22,8,full_text + noisy_diagram[illumination],OK,MN,intersects,AC
22,8,full_text + noisy_diagram[illumination],OK,AC,intersects,MN
22,8,full_text + noisy_diagram[illumination],OK,MN,intersects,BO
22,8,full_text + noisy_diagram[illumination],OK,BO,intersects,MN
22,8,full_text + noisy_diagram[illumination],OK,AM,has_measure,CN
22,8,full_text + noisy_diagram[illumination],OK,∠DAC,is_a,angle
22,8,full_text + noisy_diagram[illumination],OK,∠DAC,has_measure,28_deg
22,8,full_text + noisy_diagram[illumination],OK,∠OBC,is_a,angle
,,,,,,
25,8,full_text + noisy_diagram[illumination],OK,A,is_a,point
25,8,full_text + noisy_diagram[illumination],OK,B,is_a,point
25,8,full_text + noisy_diagram[illumination],OK,C,is_a,point
25,8,full_text + noisy_diagram[illumination],OK,E,is_a,point
25,8,full_text + noisy_diagram[illumination],OK,F,is_a,point
25,8,full_text + noisy_diagram[illumination],OK,EF,is_a,segment
25,8,full_text + noisy_diagram[illumination],OK,BC,is_a,segment
25,8,full_text + noisy_diagram[illumination],OK,AC,is_a,segment
25,8,full_text + noisy_diagram[illumination],OK,BAF,is_a,angle
25,8,full_text + noisy_diagram[illumination],OK,∠B,is_a,angle
25,8,full_text + noisy_diagram[illumination],OK,EF,parallel_to,BC
25,8,full_text + noisy_diagram[illumination],OK,AC,bisects,∠BAF
25,8,full_text + noisy_diagram[illumination],OK,∠B,has_measure,50_deg
,,,,,,
26,8,full_text + noisy_diagram[illumination],OK,A,is_a,point
26,8,full_text + noisy_diagram[illumination],OK,B,is_a,point
26,8,full_text + noisy_diagram[illumination],OK,C,is_a,point
26,8,full_text + noisy_diagram[illumination],OK,AB,is_a,segment
26,8,full_text + noisy_diagram[illumination],OK,AC,is_a,segment
26,8,full_text + noisy_diagram[illumination],OK,BC,is_a,segment
26,8,full_text + noisy_diagram[illumination],OK,AB,has_measure,3.2_m
26,8,full_text + noisy_diagram[illumination],OK,BC,has_measure,8.0_m
26,8,full_text + noisy_diagram[illumination],OK,AC,has_measure,22.0_m
26,8,full_text + noisy_diagram[illumination],OK,?,is_a,height
26,8,full_text + noisy_diagram[illumination],OK,?,is_a,flagpole
26,8,full_text + noisy_diagram[illumination],OK,?,is_a,bamboo_pole
26,8,full_text + noisy_diagram[illumination],OK,A,is_a,top_of_bamboo_pole
26,8,full_text + noisy_diagram[illumination],OK,B,is_a,shadow_of_top_of_flagpole
26,8,full_text + noisy_diagram[illumination],OK,C,is_a,point_on_ground
26,8,full_text + noisy_diagram[illumination],OK,A,connects,B
26,8,full_text + noisy_diagram[illumination],OK,B,connects,C
26,8,full_text + noisy_diagram[illumination],OK,C,connects,A
26,8,full_text + noisy_diagram[illumination],OK,A,lies_on,ground
26,8,full_text + noisy_diagram[illumination],OK,B,lies_on,ground
26,8,full_text + noisy_diagram[illumination],OK,C,lies_on,ground
26,8,full_text + noisy_diagram[illumination],OK,?,is_a,height_of_flagpole
26,8,full_text + noisy_diagram[illumination],OK,?,is_a,height_of_bamboo_pole
,,,,,,
29,8,full_text + noisy_diagram[illumination],OK,A,is_a,point
29,8,full_text + noisy_diagram[illumination],OK,B,is_a,point
29,8,full_text + noisy_diagram[illumination],OK,C,is_a,point
29,8,full_text + noisy_diagram[illumination],OK,D,is_a,point
29,8,full_text + noisy_diagram[illumination],OK,ABC,is_a,triangle
29,8,full_text + noisy_diagram[illumination],OK,AB,is_a,segment
29,8,full_text + noisy_diagram[illumination],OK,BC,is_a,segment
29,8,full_text + noisy_diagram[illumination],OK,CA,is_a,segment
29,8,full_text + noisy_diagram[illumination],OK,BD,is_a,segment
29,8,full_text + noisy_diagram[illumination],OK,CD,is_a,segment
29,8,full_text + noisy_diagram[illumination],OK,∠BAC,is_a,angle
29,8,full_text + noisy_diagram[illumination],OK,∠BDC,is_a,angle
29,8,full_text + noisy_diagram[illumination],OK,D,is_a,intersection_point
29,8,full_text + noisy_diagram[illumination],OK,A,has_measure,50_deg
29,8,full_text + noisy_diagram[illumination],OK,∠BAC,connects,A
29,8,full_text + noisy_diagram[illumination],OK,∠BAC,connects,B
29,8,full_text + noisy_diagram[illumination],OK,∠BAC,connects,C
29,8,full_text + noisy_diagram[illumination],OK,∠BDC,connects,B
29,8,full_text + noisy_diagram[illumination],OK,∠BDC,connects,D
29,8,full_text + noisy_diagram[illumination],OK,∠BDC,connects,C
29,8,full_text + noisy_diagram[illumination],OK,BD,connects,B
29,8,full_text + noisy_diagram[illumination],OK,BD,connects,D
29,8,full_text + noisy_diagram[illumination],OK,CD,connects,C
29,8,full_text + noisy_diagram[illumination],OK,CD,connects,D
29,8,full_text + noisy_diagram[illumination],OK,ABC,connects,A
29,8,full_text + noisy_diagram[illumination],OK,ABC,connects,B
29,8,full_text + noisy_diagram[illumination],OK,ABC,connects,C
,,,,,,
30,8,full_text + noisy_diagram[illumination],OK,O,is_a,point
30,8,full_text + noisy_diagram[illumination],OK,A,is_a,point
30,8,full_text + noisy_diagram[illumination],OK,B,is_a,point
30,8,full_text + noisy_diagram[illumination],OK,C,is_a,point
30,8,full_text + noisy_diagram[illumination],OK,OA,is_a,segment
30,8,full_text + noisy_diagram[illumination],OK,OB,is_a,segment
30,8,full_text + noisy_diagram[illumination],OK,OC,is_a,segment
30,8,full_text + noisy_diagram[illumination],OK,OA,has_measure,?
30,8,full_text + noisy_diagram[illumination],OK,OB,has_measure,?
30,8,full_text + noisy_diagram[illumination],OK,OC,has_measure,?
30,8,full_text + noisy_diagram[illumination],OK,OA,has_measure,OB
30,8,full_text + noisy_diagram[illumination],OK,OA,has_measure,OC
30,8,full_text + noisy_diagram[illumination],OK,AC,is_a,segment
30,8,full_text + noisy_diagram[illumination],OK,BC,is_a,segment
30,8,full_text + noisy_diagram[illumination],OK,∠ACB,is_a,angle
30,8,full_text + noisy_diagram[illumination],OK,∠ACB,has_measure,30_deg
30,8,full_text + noisy_diagram[illumination],OK,∠AOB,is_a,angle
30,8,full_text + noisy_diagram[illumination],OK,∠AOB,has_measure,?
,,,,,,
32,8,full_text + noisy_diagram[illumination],OK,A,is_a,point
32,8,full_text + noisy_diagram[illumination],OK,B,is_a,point
32,8,full_text + noisy_diagram[illumination],OK,C,is_a,point
32,8,full_text + noisy_diagram[illumination],OK,I,is_a,point
32,8,full_text + noisy_diagram[illumination],OK,D,is_a,point
32,8,full_text + noisy_diagram[illumination],OK,E,is_a,point
32,8,full_text + noisy_diagram[illumination],OK,F,is_a,point
32,8,full_text + noisy_diagram[illumination],OK,ABC,is_a,triangle
32,8,full_text + noisy_diagram[illumination],OK,I,is_a,circle
32,8,full_text + noisy_diagram[illumination],OK,I,center_of,circle
32,8,full_text + noisy_diagram[illumination],OK,DEF,is_a,angle
32,8,full_text + noisy_diagram[illumination],OK,DEF,has_measure,52_deg
32,8,full_text + noisy_diagram[illumination],OK,D,lies_on,ABC
32,8,full_text + noisy_diagram[illumination],OK,E,lies_on,ABC
32,8,full_text + noisy_diagram[illumination],OK,F,lies_on,ABC
32,8,full_text + noisy_diagram[illumination],OK,D,tangent_to,circle
32,8,full_text + noisy_diagram[illumination],OK,E,tangent_to,circle
32,8,full_text + noisy_diagram[illumination],OK,F,tangent_to,circle
32,8,full_text + noisy_diagram[illumination],OK,?,is_a,angle
,,,,,,
34,8,full_text + noisy_diagram[illumination],OK,A,is_a,point
34,8,full_text + noisy_diagram[illumination],OK,B,is_a,point
34,8,full_text + noisy_diagram[illumination],OK,C,is_a,point
34,8,full_text + noisy_diagram[illumination],OK,D,is_a,point
34,8,full_text + noisy_diagram[illumination],OK,E,is_a,point
34,8,full_text + noisy_diagram[illumination],OK,F,is_a,point
34,8,full_text + noisy_diagram[illumination],OK,P,is_a,point
34,8,full_text + noisy_diagram[illumination],OK,Q,is_a,point
34,8,full_text + noisy_diagram[illumination],OK,AB,is_a,line
34,8,full_text + noisy_diagram[illumination],OK,CD,is_a,line
34,8,full_text + noisy_diagram[illumination],OK,EF,is_a,line
34,8,full_text + noisy_diagram[illumination],OK,AB,parallel_to,CD
34,8,full_text + noisy_diagram[illumination],OK,P,is_a,intersection
34,8,full_text + noisy_diagram[illumination],OK,Q,is_a,intersection
34,8,full_text + noisy_diagram[illumination],OK,∠BPF,is_a,angle
34,8,full_text + noisy_diagram[illumination],OK,∠CQF,is_a,angle
34,8,full_text + noisy_diagram[illumination],OK,∠BPF,has_measure,100_deg
34,8,full_text + noisy_diagram[illumination],OK,∠CQF,has_measure,?
,,,,,,
36,8,full_text + noisy_diagram[illumination],OK,A,is_a,point
36,8,full_text + noisy_diagram[illumination],OK,B,is_a,point
36,8,full_text + noisy_diagram[illumination],OK,O,is_a,point
36,8,full_text + noisy_diagram[illumination],OK,C,is_a,point
36,8,full_text + noisy_diagram[illumination],OK,D,is_a,point
36,8,full_text + noisy_diagram[illumination],OK,AB,is_a,segment
36,8,full_text + noisy_diagram[illumination],OK,AC,is_a,segment
36,8,full_text + noisy_diagram[illumination],OK,DC,is_a,segment
36,8,full_text + noisy_diagram[illumination],OK,DB,is_a,segment
36,8,full_text + noisy_diagram[illumination],OK,O,is_a,"center_of, circle"
36,8,full_text + noisy_diagram[illumination],OK,AB,is_a,"diameter_of, circle"
36,8,full_text + noisy_diagram[illumination],OK,C,lies_on,circle
36,8,full_text + noisy_diagram[illumination],OK,DC,is_a,"tangent_to, circle"
36,8,full_text + noisy_diagram[illumination],OK,∠BDC,is_a,angle
36,8,full_text + noisy_diagram[illumination],OK,∠BDC,has_measure,50_deg
36,8,full_text + noisy_diagram[illumination],OK,∠BAC,is_a,angle
,,,,,,
37,8,full_text + noisy_diagram[illumination],OK,A,is_a,point
37,8,full_text + noisy_diagram[illumination],OK,B,is_a,point
37,8,full_text + noisy_diagram[illumination],OK,C,is_a,point
37,8,full_text + noisy_diagram[illumination],OK,D,is_a,point
37,8,full_text + noisy_diagram[illumination],OK,P,is_a,point
37,8,full_text + noisy_diagram[illumination],OK,O,is_a,point
37,8,full_text + noisy_diagram[illumination],OK,AB,is_a,segment
37,8,full_text + noisy_diagram[illumination],OK,CD,is_a,segment
37,8,full_text + noisy_diagram[illumination],OK,AP,is_a,segment
37,8,full_text + noisy_diagram[illumination],OK,AB,parallel_to,CD
37,8,full_text + noisy_diagram[illumination],OK,AB,intersects,O
37,8,full_text + noisy_diagram[illumination],OK,CD,intersects,C
37,8,full_text + noisy_diagram[illumination],OK,C,collinear_with,O
37,8,full_text + noisy_diagram[illumination],OK,O,collinear_with,P
37,8,full_text + noisy_diagram[illumination],OK,A,lies_on,AB
37,8,full_text + noisy_diagram[illumination],OK,P,lies_on,AP
37,8,full_text + noisy_diagram[illumination],OK,AO,has_measure,OP
37,8,full_text + noisy_diagram[illumination],OK,OCD,has_measure,50_deg
,,,,,,
38,8,full_text + noisy_diagram[illumination],OK,A,is_a,point
38,8,full_text + noisy_diagram[illumination],OK,B,is_a,point
38,8,full_text + noisy_diagram[illumination],OK,C,is_a,point
38,8,full_text + noisy_diagram[illumination],OK,D,is_a,point
38,8,full_text + noisy_diagram[illumination],OK,AB,is_a,segment
38,8,full_text + noisy_diagram[illumination],OK,AC,is_a,segment
38,8,full_text + noisy_diagram[illumination],OK,AD,is_a,segment
38,8,full_text + noisy_diagram[illumination],OK,ABC,is_a,triangle
38,8,full_text + noisy_diagram[illumination],OK,AB,has_measure,?
38,8,full_text + noisy_diagram[illumination],OK,AC,has_measure,?
38,8,full_text + noisy_diagram[illumination],OK,AD,is_a,line
38,8,full_text + noisy_diagram[illumination],OK,AD,parallel_to,BC
38,8,full_text + noisy_diagram[illumination],OK,∠CAD,is_a,angle
38,8,full_text + noisy_diagram[illumination],OK,∠CAD,has_measure,70_deg
38,8,full_text + noisy_diagram[illumination],OK,∠BAC,is_a,angle
38,8,full_text + noisy_diagram[illumination],OK,∠BAC,has_measure,?
,,,,,,
40,8,full_text + noisy_diagram[illumination],OK,a,is_a,line
40,8,full_text + noisy_diagram[illumination],OK,b,is_a,line
40,8,full_text + noisy_diagram[illumination],OK,c,is_a,line
40,8,full_text + noisy_diagram[illumination],OK,a,parallel_to,b
40,8,full_text + noisy_diagram[illumination],OK,a,is_a,horizontal
40,8,full_text + noisy_diagram[illumination],OK,b,is_a,horizontal
40,8,full_text + noisy_diagram[illumination],OK,c,intersects,a
40,8,full_text + noisy_diagram[illumination],OK,c,intersects,b
40,8,full_text + noisy_diagram[illumination],OK,E,is_a,point
40,8,full_text + noisy_diagram[illumination],OK,F,is_a,point
40,8,full_text + noisy_diagram[illumination],OK,c,connects,E
40,8,full_text + noisy_diagram[illumination],OK,c,connects,F
40,8,full_text + noisy_diagram[illumination],OK,A,is_a,point
40,8,full_text + noisy_diagram[illumination],OK,B,is_a,point
40,8,full_text + noisy_diagram[illumination],OK,C,is_a,point
40,8,full_text + noisy_diagram[illumination],OK,D,is_a,point
40,8,full_text + noisy_diagram[illumination],OK,A,lies_on,a
40,8,full_text + noisy_diagram[illumination],OK,B,lies_on,b
40,8,full_text + noisy_diagram[illumination],OK,C,lies_on,c
40,8,full_text + noisy_diagram[illumination],OK,D,lies_on,c
40,8,full_text + noisy_diagram[illumination],OK,E,lies_on,a
40,8,full_text + noisy_diagram[illumination],OK,F,lies_on,b
40,8,full_text + noisy_diagram[illumination],OK,AEC,is_a,angle
40,8,full_text + noisy_diagram[illumination],OK,AEC,has_measure,50_deg
40,8,full_text + noisy_diagram[illumination],OK,BFD,is_a,angle
,,,,,,
43,8,full_text + noisy_diagram[illumination],OK,A,is_a,point
43,8,full_text + noisy_diagram[illumination],OK,B,is_a,point
43,8,full_text + noisy_diagram[illumination],OK,O,is_a,point
43,8,full_text + noisy_diagram[illumination],OK,D,is_a,point
43,8,full_text + noisy_diagram[illumination],OK,C,is_a,point
43,8,full_text + noisy_diagram[illumination],OK,OAB,is_a,triangle
43,8,full_text + noisy_diagram[illumination],OK,OD,is_a,segment
43,8,full_text + noisy_diagram[illumination],OK,OC,is_a,segment
43,8,full_text + noisy_diagram[illumination],OK,OA,is_a,segment
43,8,full_text + noisy_diagram[illumination],OK,OB,is_a,segment
43,8,full_text + noisy_diagram[illumination],OK,A,mapped_to,D
43,8,full_text + noisy_diagram[illumination],OK,B,mapped_to,C
43,8,full_text + noisy_diagram[illumination],OK,OAB,rotated_about,O
43,8,full_text + noisy_diagram[illumination],OK,OAB,rotated_about,30_deg
43,8,full_text + noisy_diagram[illumination],OK,OD,is_a,"image_of, OA"
43,8,full_text + noisy_diagram[illumination],OK,OC,is_a,"image_of, OB"
43,8,full_text + noisy_diagram[illumination],OK,AOC,is_a,angle
43,8,full_text + noisy_diagram[illumination],OK,AOC,has_measure,100_deg
43,8,full_text + noisy_diagram[illumination],OK,DOB,is_a,angle
,,,,,,
44,8,full_text + noisy_diagram[illumination],OK,A,is_a,point
44,8,full_text + noisy_diagram[illumination],OK,B,is_a,point
44,8,full_text + noisy_diagram[illumination],OK,AB,is_a,segment
44,8,full_text + noisy_diagram[illumination],OK,AB,has_measure,30_units
44,8,full_text + noisy_diagram[illumination],OK,Xiaogang,is_a,person
44,8,full_text + noisy_diagram[illumination],OK,Xiaogang,has_measure,1.5_units
44,8,full_text + noisy_diagram[illumination],OK,Xiaogang_path,is_a,segment
44,8,full_text + noisy_diagram[illumination],OK,Xiaogang_path,has_measure,25_units
44,8,full_text + noisy_diagram[illumination],OK,Height,is_a,?
44,8,full_text + noisy_diagram[illumination],OK,A,connects,B
44,8,full_text + noisy_diagram[illumination],OK,Xiaogang,connects,A
44,8,full_text + noisy_diagram[illumination],OK,Xiaogang,connects,B
44,8,full_text + noisy_diagram[illumination],OK,Height,connects,B
44,8,full_text + noisy_diagram[illumination],OK,Xiaogang_path,connects,A
44,8,full_text + noisy_diagram[illumination],OK,Xiaogang_path,connects,B
,,,,,,
45,8,full_text + noisy_diagram[illumination],OK,O,is_a,point
45,8,full_text + noisy_diagram[illumination],OK,A,is_a,point
45,8,full_text + noisy_diagram[illumination],OK,B,is_a,point
45,8,full_text + noisy_diagram[illumination],OK,C,is_a,point
45,8,full_text + noisy_diagram[illumination],OK,O,is_a,center
45,8,full_text + noisy_diagram[illumination],OK,AO,is_a,segment
45,8,full_text + noisy_diagram[illumination],OK,BO,is_a,segment
45,8,full_text + noisy_diagram[illumination],OK,AC,is_a,segment
45,8,full_text + noisy_diagram[illumination],OK,BC,is_a,segment
45,8,full_text + noisy_diagram[illumination],OK,∠ACB,is_a,angle
45,8,full_text + noisy_diagram[illumination],OK,∠ACB,has_measure,35_deg
45,8,full_text + noisy_diagram[illumination],OK,∠AOB,is_a,angle
45,8,full_text + noisy_diagram[illumination],OK,A,lies_on,circumference
45,8,full_text + noisy_diagram[illumination],OK,B,lies_on,circumference
45,8,full_text + noisy_diagram[illumination],OK,C,lies_on,circumference
45,8,full_text + noisy_diagram[illumination],OK,O,center_of,circle
45,8,full_text + noisy_diagram[illumination],OK,AO,connects,A
45,8,full_text + noisy_diagram[illumination],OK,AO,connects,O
45,8,full_text + noisy_diagram[illumination],OK,BO,connects,B
45,8,full_text + noisy_diagram[illumination],OK,BO,connects,O
45,8,full_text + noisy_diagram[illumination],OK,AC,connects,A
45,8,full_text + noisy_diagram[illumination],OK,AC,connects,C
45,8,full_text + noisy_diagram[illumination],OK,BC,connects,B
45,8,full_text + noisy_diagram[illumination],OK,BC,connects,C
,,,,,,
46,8,full_text + noisy_diagram[illumination],OK,A,is_a,point
46,8,full_text + noisy_diagram[illumination],OK,B,is_a,point
46,8,full_text + noisy_diagram[illumination],OK,C,is_a,point
46,8,full_text + noisy_diagram[illumination],OK,D,is_a,point
46,8,full_text + noisy_diagram[illumination],OK,AB,is_a,line
46,8,full_text + noisy_diagram[illumination],OK,CD,is_a,line
46,8,full_text + noisy_diagram[illumination],OK,AB,parallel_to,CD
46,8,full_text + noisy_diagram[illumination],OK,transversal,is_a,line
46,8,full_text + noisy_diagram[illumination],OK,transversal,intersects,AB
46,8,full_text + noisy_diagram[illumination],OK,transversal,intersects,CD
46,8,full_text + noisy_diagram[illumination],OK,angle,is_a,angle
46,8,full_text + noisy_diagram[illumination],OK,angle,has_measure,70_deg
46,8,full_text + noisy_diagram[illumination],OK,angle1,is_a,angle
46,8,full_text + noisy_diagram[illumination],OK,AB,connects,A
46,8,full_text + noisy_diagram[illumination],OK,AB,connects,B
46,8,full_text + noisy_diagram[illumination],OK,CD,connects,C
46,8,full_text + noisy_diagram[illumination],OK,CD,connects,D
46,8,full_text + noisy_diagram[illumination],OK,transversal,connects,A
46,8,full_text + noisy_diagram[illumination],OK,transversal,connects,C
46,8,full_text + noisy_diagram[illumination],OK,angle,lies_on,A
46,8,full_text + noisy_diagram[illumination],OK,angle1,lies_on,C
,,,,,,
48,8,full_text + noisy_diagram[illumination],OK,O,is_a,point
48,8,full_text + noisy_diagram[illumination],OK,A,is_a,point
48,8,full_text + noisy_diagram[illumination],OK,B,is_a,point
48,8,full_text + noisy_diagram[illumination],OK,C,is_a,point
48,8,full_text + noisy_diagram[illumination],OK,O,center_of,circle
48,8,full_text + noisy_diagram[illumination],OK,A,lies_on,circle
48,8,full_text + noisy_diagram[illumination],OK,B,lies_on,circle
48,8,full_text + noisy_diagram[illumination],OK,C,lies_on,circle
48,8,full_text + noisy_diagram[illumination],OK,BOC,is_a,angle
48,8,full_text + noisy_diagram[illumination],OK,BOC,has_measure,100_deg
48,8,full_text + noisy_diagram[illumination],OK,BAC,is_a,angle
48,8,full_text + noisy_diagram[illumination],OK,BAC,has_measure,?
,,,,,,
49,8,full_text + noisy_diagram[illumination],OK,A,is_a,point
49,8,full_text + noisy_diagram[illumination],OK,B,is_a,point
49,8,full_text + noisy_diagram[illumination],OK,C,is_a,point
49,8,full_text + noisy_diagram[illumination],OK,D,is_a,point
49,8,full_text + noisy_diagram[illumination],OK,E,is_a,point
49,8,full_text + noisy_diagram[illumination],OK,O,is_a,point
49,8,full_text + noisy_diagram[illumination],OK,ABCDE,is_a,cyclic_pentagon
49,8,full_text + noisy_diagram[illumination],OK,A,lies_on,circle
49,8,full_text + noisy_diagram[illumination],OK,B,lies_on,circle
49,8,full_text + noisy_diagram[illumination],OK,C,lies_on,circle
49,8,full_text + noisy_diagram[illumination],OK,D,lies_on,circle
49,8,full_text + noisy_diagram[illumination],OK,E,lies_on,circle
49,8,full_text + noisy_diagram[illumination],OK,O,center_of,circle
49,8,full_text + noisy_diagram[illumination],OK,∠BAC,has_measure,35_deg
49,8,full_text + noisy_diagram[illumination],OK,∠AED,has_measure,115_deg
49,8,full_text + noisy_diagram[illumination],OK,∠BAE,has_measure,30_deg
,,,,,,
50,8,full_text + noisy_diagram[illumination],OK,A,is_a,point
50,8,full_text + noisy_diagram[illumination],OK,B,is_a,point
50,8,full_text + noisy_diagram[illumination],OK,C,is_a,point
50,8,full_text + noisy_diagram[illumination],OK,D,is_a,point
50,8,full_text + noisy_diagram[illumination],OK,E,is_a,point
50,8,full_text + noisy_diagram[illumination],OK,O,is_a,point
50,8,full_text + noisy_diagram[illumination],OK,AB,is_a,line
50,8,full_text + noisy_diagram[illumination],OK,CD,is_a,line
50,8,full_text + noisy_diagram[illumination],OK,EO,is_a,line
50,8,full_text + noisy_diagram[illumination],OK,AB,intersects,CD
50,8,full_text + noisy_diagram[illumination],OK,AB,intersects,EO
50,8,full_text + noisy_diagram[illumination],OK,CD,intersects,EO
50,8,full_text + noisy_diagram[illumination],OK,O,is_a,"intersection_of, AB, CD"
50,8,full_text + noisy_diagram[illumination],OK,O,is_a,"intersection_of, AB, EO"
50,8,full_text + noisy_diagram[illumination],OK,O,is_a,"intersection_of, CD, EO"
50,8,full_text + noisy_diagram[illumination],OK,EO,perpendicular_to,AB
50,8,full_text + noisy_diagram[illumination],OK,BOD,is_a,angle
50,8,full_text + noisy_diagram[illumination],OK,BOD,has_measure,50_deg
50,8,full_text + noisy_diagram[illumination],OK,COE,is_a,angle
50,8,full_text + noisy_diagram[illumination],OK,COE,has_measure,?
,,,,,,
53,8,full_text + noisy_diagram[illumination],OK,a,is_a,line
53,8,full_text + noisy_diagram[illumination],OK,c,is_a,point
53,8,full_text + noisy_diagram[illumination],OK,55_deg,is_a,angle
53,8,full_text + noisy_diagram[illumination],OK,a,connects,c
53,8,full_text + noisy_diagram[illumination],OK,1,is_a,angle
53,8,full_text + noisy_diagram[illumination],OK,2,is_a,angle
53,8,full_text + noisy_diagram[illumination],OK,b,is_a,line
53,8,full_text + noisy_diagram[illumination],OK,y,is_a,angle
53,8,full_text + noisy_diagram[illumination],OK,?,is_a,angle
53,8,full_text + noisy_diagram[illumination],OK,c,lies_on,a
53,8,full_text + noisy_diagram[illumination],OK,1,has_measure,55_deg
53,8,full_text + noisy_diagram[illumination],OK,?,has_measure,?
53,8,full_text + noisy_diagram[illumination],OK,2,has_measure,2*y
53,8,full_text + noisy_diagram[illumination],OK,b,parallel_to,a
,,,,,,
55,8,full_text + noisy_diagram[illumination],OK,A,is_a,point
55,8,full_text + noisy_diagram[illumination],OK,B,is_a,point)
55,8,full_text + noisy_diagram[illumination],OK,C,is_a,point)
55,8,full_text + noisy_diagram[illumination],OK,D,is_a,point)
55,8,full_text + noisy_diagram[illumination],OK,O,is_a,point)
55,8,full_text + noisy_diagram[illumination],OK,M,is_a,point)
55,8,full_text + noisy_diagram[illumination],OK,N,is_a,point)
55,8,full_text + noisy_diagram[illumination],OK,AB,is_a,line)
55,8,full_text + noisy_diagram[illumination],OK,CD,is_a,line)
55,8,full_text + noisy_diagram[illumination],OK,OM,is_a,line)
55,8,full_text + noisy_diagram[illumination],OK,ON,is_a,line)
55,8,full_text + noisy_diagram[illumination],OK,AOC,is_a,angle)
55,8,full_text + noisy_diagram[illumination],OK,CON,is_a,angle)
55,8,full_text + noisy_diagram[illumination],OK,AB,intersects,CD)
55,8,full_text + noisy_diagram[illumination],OK,AB,intersects,O)
55,8,full_text + noisy_diagram[illumination],OK,CD,intersects,O)
55,8,full_text + noisy_diagram[illumination],OK,OM,bisects,AOC)
55,8,full_text + noisy_diagram[illumination],OK,ON,perpendicular_to,OM)
55,8,full_text + noisy_diagram[illumination],OK,AOC,has_measure,70_deg)
,,,,,,
56,8,full_text + noisy_diagram[illumination],OK,O,is_a,point
56,8,full_text + noisy_diagram[illumination],OK,C,is_a,point
56,8,full_text + noisy_diagram[illumination],OK,D,is_a,point
56,8,full_text + noisy_diagram[illumination],OK,E,is_a,point
56,8,full_text + noisy_diagram[illumination],OK,F,is_a,point
56,8,full_text + noisy_diagram[illumination],OK,G,is_a,point
56,8,full_text + noisy_diagram[illumination],OK,CD,is_a,diameter
56,8,full_text + noisy_diagram[illumination],OK,EF,is_a,chord
56,8,full_text + noisy_diagram[illumination],OK,CD,intersects,EF
56,8,full_text + noisy_diagram[illumination],OK,G,is_a,midpoint
56,8,full_text + noisy_diagram[illumination],OK,CD,connects,G
56,8,full_text + noisy_diagram[illumination],OK,EF,connects,G
56,8,full_text + noisy_diagram[illumination],OK,C,lies_on,circle
56,8,full_text + noisy_diagram[illumination],OK,E,lies_on,circle
56,8,full_text + noisy_diagram[illumination],OK,F,lies_on,circle
56,8,full_text + noisy_diagram[illumination],OK,DCF,is_a,angle
56,8,full_text + noisy_diagram[illumination],OK,DCF,has_measure,20_deg
56,8,full_text + noisy_diagram[illumination],OK,EOD,is_a,angle
56,8,full_text + noisy_diagram[illumination],OK,O,center_of,circle
56,8,full_text + noisy_diagram[illumination],OK,CD,diameter_of,circle
,,,,,,
57,8,full_text + noisy_diagram[illumination],OK,A,is_a,point
57,8,full_text + noisy_diagram[illumination],OK,B,is_a,point
57,8,full_text + noisy_diagram[illumination],OK,AB,is_a,segment
57,8,full_text + noisy_diagram[illumination],OK,C,is_a,point
57,8,full_text + noisy_diagram[illumination],OK,D,is_a,point
57,8,full_text + noisy_diagram[illumination],OK,CD,is_a,segment
57,8,full_text + noisy_diagram[illumination],OK,AB,parallel_to,CD
57,8,full_text + noisy_diagram[illumination],OK,AB,is_a,horizontal
57,8,full_text + noisy_diagram[illumination],OK,CD,is_a,horizontal
57,8,full_text + noisy_diagram[illumination],OK,CD,below,AB
57,8,full_text + noisy_diagram[illumination],OK,A,lies_on,AB
57,8,full_text + noisy_diagram[illumination],OK,B,lies_on,AB
57,8,full_text + noisy_diagram[illumination],OK,C,lies_on,CD
57,8,full_text + noisy_diagram[illumination],OK,D,lies_on,CD
57,8,full_text + noisy_diagram[illumination],OK,AD,is_a,line
57,8,full_text + noisy_diagram[illumination],OK,BC,is_a,line
57,8,full_text + noisy_diagram[illumination],OK,AD,intersects,BC
57,8,full_text + noisy_diagram[illumination],OK,E,is_a,point
57,8,full_text + noisy_diagram[illumination],OK,AD,intersects,"BC, at, E"
57,8,full_text + noisy_diagram[illumination],OK,E,between,AB
57,8,full_text + noisy_diagram[illumination],OK,E,between,CD
57,8,full_text + noisy_diagram[illumination],OK,∠ABC,is_a,angle
57,8,full_text + noisy_diagram[illumination],OK,∠ABC,has_measure,20_deg
57,8,full_text + noisy_diagram[illumination],OK,∠DCB,is_a,angle
57,8,full_text + noisy_diagram[illumination],OK,∠DCB,has_measure,?
,,,,,,
58,8,full_text + noisy_diagram[illumination],OK,A,is_a,point
58,8,full_text + noisy_diagram[illumination],OK,B,is_a,point
58,8,full_text + noisy_diagram[illumination],OK,C,is_a,point
58,8,full_text + noisy_diagram[illumination],OK,D,is_a,point
58,8,full_text + noisy_diagram[illumination],OK,E,is_a,point
58,8,full_text + noisy_diagram[illumination],OK,AB,is_a,segment
58,8,full_text + noisy_diagram[illumination],OK,CD,is_a,segment
58,8,full_text + noisy_diagram[illumination],OK,EC,is_a,segment
58,8,full_text + noisy_diagram[illumination],OK,ED,is_a,segment
58,8,full_text + noisy_diagram[illumination],OK,∠CED,is_a,angle
58,8,full_text + noisy_diagram[illumination],OK,∠AEC,is_a,angle
58,8,full_text + noisy_diagram[illumination],OK,∠CDE,is_a,angle
58,8,full_text + noisy_diagram[illumination],OK,AB,parallel_to,CD
58,8,full_text + noisy_diagram[illumination],OK,E,lies_on,AB
58,8,full_text + noisy_diagram[illumination],OK,C,lies_on,CD
58,8,full_text + noisy_diagram[illumination],OK,D,lies_on,CD
58,8,full_text + noisy_diagram[illumination],OK,EC,connects,"E, C"
58,8,full_text + noisy_diagram[illumination],OK,ED,connects,"E, D"
58,8,full_text + noisy_diagram[illumination],OK,∠CED,has_measure,90_deg
58,8,full_text + noisy_diagram[illumination],OK,∠AEC,has_measure,35_deg
58,8,full_text + noisy_diagram[illumination],OK,A,collinear_with,E
58,8,full_text + noisy_diagram[illumination],OK,E,collinear_with,B
,,,,,,
59,8,full_text + noisy_diagram[illumination],OK,A,is_a,point
59,8,full_text + noisy_diagram[illumination],OK,B,is_a,point
59,8,full_text + noisy_diagram[illumination],OK,C,is_a,point
59,8,full_text + noisy_diagram[illumination],OK,D,is_a,point
59,8,full_text + noisy_diagram[illumination],OK,AB,is_a,segment
59,8,full_text + noisy_diagram[illumination],OK,CD,is_a,segment
59,8,full_text + noisy_diagram[illumination],OK,AC,is_a,segment
59,8,full_text + noisy_diagram[illumination],OK,AD,is_a,segment
59,8,full_text + noisy_diagram[illumination],OK,AB,parallel_to,CD
59,8,full_text + noisy_diagram[illumination],OK,A,lies_on,AB
59,8,full_text + noisy_diagram[illumination],OK,B,lies_on,AB
59,8,full_text + noisy_diagram[illumination],OK,C,lies_on,CD
59,8,full_text + noisy_diagram[illumination],OK,D,lies_on,CD
59,8,full_text + noisy_diagram[illumination],OK,AD,bisects,∠BAC
59,8,full_text + noisy_diagram[illumination],OK,∠ACD,has_measure,80_deg
,,,,,,
60,8,full_text + noisy_diagram[illumination],OK,A,is_a,point
60,8,full_text + noisy_diagram[illumination],OK,B,is_a,point
60,8,full_text + noisy_diagram[illumination],OK,C,is_a,point
60,8,full_text + noisy_diagram[illumination],OK,D,is_a,point
60,8,full_text + noisy_diagram[illumination],OK,AB,is_a,segment
60,8,full_text + noisy_diagram[illumination],OK,CD,is_a,segment
60,8,full_text + noisy_diagram[illumination],OK,AB,parallel_to,CD
60,8,full_text + noisy_diagram[illumination],OK,∠2,is_a,angle
60,8,full_text + noisy_diagram[illumination],OK,∠2,has_measure,135_deg
60,8,full_text + noisy_diagram[illumination],OK,∠1,is_a,angle
60,8,full_text + noisy_diagram[illumination],OK,∠1,has_measure,?
60,8,full_text + noisy_diagram[illumination],OK,AB,intersects,CD
,,,,,,
64,8,full_text + noisy_diagram[illumination],OK,O,is_a,point
64,8,full_text + noisy_diagram[illumination],OK,O,center_of,circle
64,8,full_text + noisy_diagram[illumination],OK,AB,is_a,segment
64,8,full_text + noisy_diagram[illumination],OK,AB,has_measure,160_units
64,8,full_text + noisy_diagram[illumination],OK,circle,has_measure,200_units
64,8,full_text + noisy_diagram[illumination],OK,O,connects,AB
64,8,full_text + noisy_diagram[illumination],OK,A,is_a,point
64,8,full_text + noisy_diagram[illumination],OK,B,is_a,point
64,8,full_text + noisy_diagram[illumination],OK,A,lies_on,circle
64,8,full_text + noisy_diagram[illumination],OK,B,lies_on,circle
64,8,full_text + noisy_diagram[illumination],OK,AB,connects,A
64,8,full_text + noisy_diagram[illumination],OK,AB,connects,B
64,8,full_text + noisy_diagram[illumination],OK,depth,is_a,?
64,8,full_text + noisy_diagram[illumination],OK,depth,is_a,query_target
,,,,,,
72,8,full_text + noisy_diagram[illumination],OK,A,is_a,point
72,8,full_text + noisy_diagram[illumination],OK,B,is_a,point
72,8,full_text + noisy_diagram[illumination],OK,C,is_a,point
72,8,full_text + noisy_diagram[illumination],OK,D,is_a,point
72,8,full_text + noisy_diagram[illumination],OK,E,is_a,point
72,8,full_text + noisy_diagram[illumination],OK,O,is_a,point
72,8,full_text + noisy_diagram[illumination],OK,AB,is_a,segment
72,8,full_text + noisy_diagram[illumination],OK,BC,is_a,segment
72,8,full_text + noisy_diagram[illumination],OK,CD,is_a,segment
72,8,full_text + noisy_diagram[illumination],OK,DA,is_a,segment
72,8,full_text + noisy_diagram[illumination],OK,AC,is_a,segment
72,8,full_text + noisy_diagram[illumination],OK,BD,is_a,segment
72,8,full_text + noisy_diagram[illumination],OK,ABCD,is_a,parallelogram
72,8,full_text + noisy_diagram[illumination],OK,AB + BC + CD + DA,has_measure,16
72,8,full_text + noisy_diagram[illumination],OK,AC,intersects,BD
72,8,full_text + noisy_diagram[illumination],OK,O,lies_on,AC
72,8,full_text + noisy_diagram[illumination],OK,O,lies_on,BD
72,8,full_text + noisy_diagram[illumination],OK,E,lies_on,AD
72,8,full_text + noisy_diagram[illumination],OK,O,connects,E
72,8,full_text + noisy_diagram[illumination],OK,AC,perpendicular_to,OE
72,8,full_text + noisy_diagram[illumination],OK,Perimeter of DCE,is_a,query_target
,,,,,,
73,8,full_text + noisy_diagram[illumination],OK,A,is_a,point
73,8,full_text + noisy_diagram[illumination],OK,B,is_a,point
73,8,full_text + noisy_diagram[illumination],OK,C,is_a,point
73,8,full_text + noisy_diagram[illumination],OK,O,is_a,point
73,8,full_text + noisy_diagram[illumination],OK,AB,is_a,segment
73,8,full_text + noisy_diagram[illumination],OK,BC,is_a,segment
73,8,full_text + noisy_diagram[illumination],OK,CA,is_a,segment
73,8,full_text + noisy_diagram[illumination],OK,AO,is_a,segment
73,8,full_text + noisy_diagram[illumination],OK,BO,is_a,segment
73,8,full_text + noisy_diagram[illumination],OK,CO,is_a,segment
73,8,full_text + noisy_diagram[illumination],OK,A,lies_on,circle
73,8,full_text + noisy_diagram[illumination],OK,B,lies_on,circle
73,8,full_text + noisy_diagram[illumination],OK,C,lies_on,circle
73,8,full_text + noisy_diagram[illumination],OK,AB,connects,A
73,8,full_text + noisy_diagram[illumination],OK,AB,connects,B
73,8,full_text + noisy_diagram[illumination],OK,BC,connects,B
73,8,full_text + noisy_diagram[illumination],OK,BC,connects,C
73,8,full_text + noisy_diagram[illumination],OK,CA,connects,C
73,8,full_text + noisy_diagram[illumination],OK,CA,connects,A
73,8,full_text + noisy_diagram[illumination],OK,AO,connects,A
73,8,full_text + noisy_diagram[illumination],OK,AO,connects,O
73,8,full_text + noisy_diagram[illumination],OK,BO,connects,B
73,8,full_text + noisy_diagram[illumination],OK,BO,connects,O
73,8,full_text + noisy_diagram[illumination],OK,CO,connects,C
73,8,full_text + noisy_diagram[illumination],OK,CO,connects,O
73,8,full_text + noisy_diagram[illumination],OK,O,center_of,circle
73,8,full_text + noisy_diagram[illumination],OK,∠ABC,is_a,angle
73,8,full_text + noisy_diagram[illumination],OK,∠ABC,has_measure,70_deg
73,8,full_text + noisy_diagram[illumination],OK,∠AOC,is_a,angle
,,,,,,
78,8,full_text + noisy_diagram[illumination],OK,A,is_a,point
78,8,full_text + noisy_diagram[illumination],OK,B,is_a,point
78,8,full_text + noisy_diagram[illumination],OK,C,is_a,point
78,8,full_text + noisy_diagram[illumination],OK,D,is_a,point
78,8,full_text + noisy_diagram[illumination],OK,E,is_a,point
78,8,full_text + noisy_diagram[illumination],OK,AB,is_a,segment
78,8,full_text + noisy_diagram[illumination],OK,CD,is_a,segment
78,8,full_text + noisy_diagram[illumination],OK,AC,is_a,segment
78,8,full_text + noisy_diagram[illumination],OK,AE,is_a,segment
78,8,full_text + noisy_diagram[illumination],OK,ACE,is_a,angle
78,8,full_text + noisy_diagram[illumination],OK,AED,is_a,angle
78,8,full_text + noisy_diagram[illumination],OK,AB,parallel_to,CD
78,8,full_text + noisy_diagram[illumination],OK,A,lies_on,AB
78,8,full_text + noisy_diagram[illumination],OK,B,lies_on,AB
78,8,full_text + noisy_diagram[illumination],OK,C,lies_on,CD
78,8,full_text + noisy_diagram[illumination],OK,E,lies_on,CD
78,8,full_text + noisy_diagram[illumination],OK,D,lies_on,CD
78,8,full_text + noisy_diagram[illumination],OK,AC,connects,"A, C"
78,8,full_text + noisy_diagram[illumination],OK,AE,connects,"A, E"
78,8,full_text + noisy_diagram[illumination],OK,AE,bisects,∠CAB
78,8,full_text + noisy_diagram[illumination],OK,AE,intersects,"CD, E"
78,8,full_text + noisy_diagram[illumination],OK,ACE,has_measure,70_deg
,,,,,,
79,8,full_text + noisy_diagram[illumination],OK,A,is_a,point
79,8,full_text + noisy_diagram[illumination],OK,B,is_a,point
79,8,full_text + noisy_diagram[illumination],OK,C,is_a,point
79,8,full_text + noisy_diagram[illumination],OK,D,is_a,point
79,8,full_text + noisy_diagram[illumination],OK,E,is_a,point
79,8,full_text + noisy_diagram[illumination],OK,O,is_a,point
79,8,full_text + noisy_diagram[illumination],OK,AB,is_a,segment
79,8,full_text + noisy_diagram[illumination],OK,BC,is_a,segment
79,8,full_text + noisy_diagram[illumination],OK,CD,is_a,segment
79,8,full_text + noisy_diagram[illumination],OK,DA,is_a,segment
79,8,full_text + noisy_diagram[illumination],OK,AC,is_a,segment
79,8,full_text + noisy_diagram[illumination],OK,BD,is_a,segment
79,8,full_text + noisy_diagram[illumination],OK,ABCD,is_a,parallelogram
79,8,full_text + noisy_diagram[illumination],OK,AB,connects,"A, B"
79,8,full_text + noisy_diagram[illumination],OK,BC,connects,"B, C"
79,8,full_text + noisy_diagram[illumination],OK,CD,connects,"C, D"
79,8,full_text + noisy_diagram[illumination],OK,DA,connects,"D, A"
79,8,full_text + noisy_diagram[illumination],OK,AC,connects,"A, C"
79,8,full_text + noisy_diagram[illumination],OK,BD,connects,"B, D"
79,8,full_text + noisy_diagram[illumination],OK,AB + BC + CD + DA,has_measure,32
79,8,full_text + noisy_diagram[illumination],OK,AC,intersects,BD
79,8,full_text + noisy_diagram[illumination],OK,O,is_a,intersection
79,8,full_text + noisy_diagram[illumination],OK,O,lies_on,AC
79,8,full_text + noisy_diagram[illumination],OK,O,lies_on,BD
79,8,full_text + noisy_diagram[illumination],OK,E,lies_on,AD
79,8,full_text + noisy_diagram[illumination],OK,CE + ED,has_measure,AD
79,8,full_text + noisy_diagram[illumination],OK,Perimeter of triangle DCE,is_a,query_target
,,,,,,
81,8,full_text + noisy_diagram[illumination],OK,A,is_a,point
81,8,full_text + noisy_diagram[illumination],OK,B,is_a,point
81,8,full_text + noisy_diagram[illumination],OK,C,is_a,point
81,8,full_text + noisy_diagram[illumination],OK,D,is_a,point
81,8,full_text + noisy_diagram[illumination],OK,E,is_a,point
81,8,full_text + noisy_diagram[illumination],OK,ABC,is_a,triangle
81,8,full_text + noisy_diagram[illumination],OK,∠BAC,is_a,angle
81,8,full_text + noisy_diagram[illumination],OK,∠ABC,is_a,angle
81,8,full_text + noisy_diagram[illumination],OK,AD,is_a,segment
81,8,full_text + noisy_diagram[illumination],OK,BC,is_a,segment
81,8,full_text + noisy_diagram[illumination],OK,AE,is_a,segment
81,8,full_text + noisy_diagram[illumination],OK,∠BAC,has_measure,90_deg
81,8,full_text + noisy_diagram[illumination],OK,∠ABC,has_measure,50_deg
81,8,full_text + noisy_diagram[illumination],OK,D,lies_on,BC
81,8,full_text + noisy_diagram[illumination],OK,AD,perpendicular_to,BC
81,8,full_text + noisy_diagram[illumination],OK,E,lies_on,BC
81,8,full_text + noisy_diagram[illumination],OK,AE,bisects,∠DAC
,,,,,,
84,8,full_text + noisy_diagram[illumination],OK,A,is_a,point
84,8,full_text + noisy_diagram[illumination],OK,B,is_a,point
84,8,full_text + noisy_diagram[illumination],OK,C,is_a,point
84,8,full_text + noisy_diagram[illumination],OK,O,is_a,point
84,8,full_text + noisy_diagram[illumination],OK,ABC,is_a,triangle
84,8,full_text + noisy_diagram[illumination],OK,O,is_a,center
84,8,full_text + noisy_diagram[illumination],OK,ABC,lies_on,circle
84,8,full_text + noisy_diagram[illumination],OK,O,center_of,circle
84,8,full_text + noisy_diagram[illumination],OK,AO,is_a,radius
84,8,full_text + noisy_diagram[illumination],OK,BO,is_a,radius
84,8,full_text + noisy_diagram[illumination],OK,CO,is_a,radius
84,8,full_text + noisy_diagram[illumination],OK,AO,has_measure,1_unit
84,8,full_text + noisy_diagram[illumination],OK,BO,has_measure,1_unit
84,8,full_text + noisy_diagram[illumination],OK,CO,has_measure,1_unit
84,8,full_text + noisy_diagram[illumination],OK,∠BAC,is_a,angle
84,8,full_text + noisy_diagram[illumination],OK,∠BAC,has_measure,60_deg
84,8,full_text + noisy_diagram[illumination],OK,BC,is_a,segment
84,8,full_text + noisy_diagram[illumination],OK,BC,has_measure,?
,,,,,,
86,8,full_text + noisy_diagram[illumination],OK,A,is_a,point
86,8,full_text + noisy_diagram[illumination],OK,B,is_a,point
86,8,full_text + noisy_diagram[illumination],OK,C,is_a,point
86,8,full_text + noisy_diagram[illumination],OK,O,is_a,point
86,8,full_text + noisy_diagram[illumination],OK,AB,is_a,segment
86,8,full_text + noisy_diagram[illumination],OK,BC,is_a,segment
86,8,full_text + noisy_diagram[illumination],OK,CA,is_a,segment
86,8,full_text + noisy_diagram[illumination],OK,OB,is_a,segment
86,8,full_text + noisy_diagram[illumination],OK,OC,is_a,segment
86,8,full_text + noisy_diagram[illumination],OK,∠BAC,is_a,angle
86,8,full_text + noisy_diagram[illumination],OK,O,center_of,circle
86,8,full_text + noisy_diagram[illumination],OK,A,lies_on,circle
86,8,full_text + noisy_diagram[illumination],OK,B,lies_on,circle
86,8,full_text + noisy_diagram[illumination],OK,C,lies_on,circle
86,8,full_text + noisy_diagram[illumination],OK,AB,connects,"A, B"
86,8,full_text + noisy_diagram[illumination],OK,BC,connects,"B, C"
86,8,full_text + noisy_diagram[illumination],OK,CA,connects,"C, A"
86,8,full_text + noisy_diagram[illumination],OK,O,connects,"B, O"
86,8,full_text + noisy_diagram[illumination],OK,O,connects,"C, O"
86,8,full_text + noisy_diagram[illumination],OK,O,radius_of,"circle, 2_units"
86,8,full_text + noisy_diagram[illumination],OK,∠BAC,has_measure,60_deg
86,8,full_text + noisy_diagram[illumination],OK,BC,is_a,query_target
,,,,,,
88,8,full_text + noisy_diagram[illumination],OK,A,is_a,point
88,8,full_text + noisy_diagram[illumination],OK,B,is_a,point
88,8,full_text + noisy_diagram[illumination],OK,C,is_a,point
88,8,full_text + noisy_diagram[illumination],OK,O,is_a,point
88,8,full_text + noisy_diagram[illumination],OK,AB,is_a,segment
88,8,full_text + noisy_diagram[illumination],OK,AC,is_a,segment
88,8,full_text + noisy_diagram[illumination],OK,BC,is_a,segment
88,8,full_text + noisy_diagram[illumination],OK,AO,is_a,segment
88,8,full_text + noisy_diagram[illumination],OK,BO,is_a,segment
88,8,full_text + noisy_diagram[illumination],OK,CO,is_a,segment
88,8,full_text + noisy_diagram[illumination],OK,A,lies_on,circle_O
88,8,full_text + noisy_diagram[illumination],OK,B,lies_on,circle_O
88,8,full_text + noisy_diagram[illumination],OK,C,lies_on,circle_O
88,8,full_text + noisy_diagram[illumination],OK,O,center_of,circle_O
88,8,full_text + noisy_diagram[illumination],OK,ABO,is_a,angle
88,8,full_text + noisy_diagram[illumination],OK,ACO,is_a,angle
88,8,full_text + noisy_diagram[illumination],OK,BOC,is_a,angle
88,8,full_text + noisy_diagram[illumination],OK,ABO,has_measure,22_deg
88,8,full_text + noisy_diagram[illumination],OK,ACO,has_measure,42_deg
88,8,full_text + noisy_diagram[illumination],OK,BOC,has_measure,?
,,,,,,
95,8,full_text + noisy_diagram[illumination],OK,O,is_a,point
95,8,full_text + noisy_diagram[illumination],OK,OA,is_a,radius
95,8,full_text + noisy_diagram[illumination],OK,OA,connects,A
95,8,full_text + noisy_diagram[illumination],OK,OA,connects,O
95,8,full_text + noisy_diagram[illumination],OK,BC,is_a,chord
95,8,full_text + noisy_diagram[illumination],OK,BC,connects,B
95,8,full_text + noisy_diagram[illumination],OK,BC,connects,C
95,8,full_text + noisy_diagram[illumination],OK,D,is_a,point
95,8,full_text + noisy_diagram[illumination],OK,BC,intersects,OA
95,8,full_text + noisy_diagram[illumination],OK,BC,intersects,D
95,8,full_text + noisy_diagram[illumination],OK,OA,intersects,D
95,8,full_text + noisy_diagram[illumination],OK,AB,is_a,segment
95,8,full_text + noisy_diagram[illumination],OK,AB,connects,A
95,8,full_text + noisy_diagram[illumination],OK,AB,connects,B
95,8,full_text + noisy_diagram[illumination],OK,OC,is_a,segment
95,8,full_text + noisy_diagram[illumination],OK,OC,connects,O
95,8,full_text + noisy_diagram[illumination],OK,OC,connects,C
95,8,full_text + noisy_diagram[illumination],OK,∠A,is_a,angle
95,8,full_text + noisy_diagram[illumination],OK,∠A,has_measure,60_deg
95,8,full_text + noisy_diagram[illumination],OK,∠ADC,is_a,angle
95,8,full_text + noisy_diagram[illumination],OK,∠ADC,has_measure,90_deg
,,,,,,
99,8,full_text + noisy_diagram[illumination],OK,A,is_a,point
99,8,full_text + noisy_diagram[illumination],OK,B,is_a,point
99,8,full_text + noisy_diagram[illumination],OK,C,is_a,point
99,8,full_text + noisy_diagram[illumination],OK,D,is_a,point
99,8,full_text + noisy_diagram[illumination],OK,O,is_a,point
99,8,full_text + noisy_diagram[illumination],OK,AB,is_a,segment
99,8,full_text + noisy_diagram[illumination],OK,CD,is_a,segment
99,8,full_text + noisy_diagram[illumination],OK,∠ADC,is_a,angle
99,8,full_text + noisy_diagram[illumination],OK,O,center_of,circle
99,8,full_text + noisy_diagram[illumination],OK,AB,diameter_of,circle
99,8,full_text + noisy_diagram[illumination],OK,CD,is_a,chord
99,8,full_text + noisy_diagram[illumination],OK,∠ADC,has_measure,26_deg
99,8,full_text + noisy_diagram[illumination],OK,A,lies_on,circle
99,8,full_text + noisy_diagram[illumination],OK,B,lies_on,circle
99,8,full_text + noisy_diagram[illumination],OK,C,lies_on,circle
99,8,full_text + noisy_diagram[illumination],OK,D,lies_on,circle
99,8,full_text + noisy_diagram[illumination],OK,O,lies_on,AB
99,8,full_text + noisy_diagram[illumination],OK,AB,connects,"A, B"
99,8,full_text + noisy_diagram[illumination],OK,CD,connects,"C, D"
99,8,full_text + noisy_diagram[illumination],OK,∠ADC,connects,"A, D, C"
99,8,full_text + noisy_diagram[illumination],OK,∠CAB,is_a,angle
99,8,full_text + noisy_diagram[illumination],OK,∠CAB,connects,"C, A, B"
,,,,,,
108,8,full_text + noisy_diagram[illumination],OK,A,is_a,point
108,8,full_text + noisy_diagram[illumination],OK,B,is_a,point
108,8,full_text + noisy_diagram[illumination],OK,C,is_a,point
108,8,full_text + noisy_diagram[illumination],OK,D,is_a,point
108,8,full_text + noisy_diagram[illumination],OK,O,is_a,point
108,8,full_text + noisy_diagram[illumination],OK,AB,is_a,segment
108,8,full_text + noisy_diagram[illumination],OK,CD,is_a,segment
108,8,full_text + noisy_diagram[illumination],OK,OC,is_a,segment
108,8,full_text + noisy_diagram[illumination],OK,8.0,is_a,length
108,8,full_text + noisy_diagram[illumination],OK,5.0,is_a,length
108,8,full_text + noisy_diagram[illumination],OK,CD,has_measure,8.0
108,8,full_text + noisy_diagram[illumination],OK,OC,has_measure,5.0
108,8,full_text + noisy_diagram[illumination],OK,AB,is_a,width
108,8,full_text + noisy_diagram[illumination],OK,CD,connects,C
108,8,full_text + noisy_diagram[illumination],OK,CD,connects,D
108,8,full_text + noisy_diagram[illumination],OK,OC,connects,O
108,8,full_text + noisy_diagram[illumination],OK,OC,connects,C
,,,,,,
109,8,full_text + noisy_diagram[illumination],OK,α,is_a,angle
109,8,full_text + noisy_diagram[illumination],OK,α,has_measure,130_deg
109,8,full_text + noisy_diagram[illumination],OK,A,is_a,point
109,8,full_text + noisy_diagram[illumination],OK,B,is_a,point
109,8,full_text + noisy_diagram[illumination],OK,C,is_a,point
109,8,full_text + noisy_diagram[illumination],OK,D,is_a,point
109,8,full_text + noisy_diagram[illumination],OK,E,is_a,point
109,8,full_text + noisy_diagram[illumination],OK,AB,is_a,segment
109,8,full_text + noisy_diagram[illumination],OK,AC,is_a,segment
109,8,full_text + noisy_diagram[illumination],OK,DE,is_a,segment
109,8,full_text + noisy_diagram[illumination],OK,EC,is_a,segment
109,8,full_text + noisy_diagram[illumination],OK,β,is_a,angle
109,8,full_text + noisy_diagram[illumination],OK,Triangle_ABC,is_a,triangle
109,8,full_text + noisy_diagram[illumination],OK,BAC,is_a,angle
109,8,full_text + noisy_diagram[illumination],OK,BAC,has_measure,90_deg
109,8,full_text + noisy_diagram[illumination],OK,D,lies_on,AB
109,8,full_text + noisy_diagram[illumination],OK,E,lies_on,AC
109,8,full_text + noisy_diagram[illumination],OK,DE,is_a,horizontal
109,8,full_text + noisy_diagram[illumination],OK,β,is_a,query_target
,,,,,,
112,8,full_text + noisy_diagram[illumination],OK,A,is_a,point
112,8,full_text + noisy_diagram[illumination],OK,O,is_a,point
112,8,full_text + noisy_diagram[illumination],OK,B,is_a,point
112,8,full_text + noisy_diagram[illumination],OK,AO,is_a,segment
112,8,full_text + noisy_diagram[illumination],OK,OB,is_a,segment
112,8,full_text + noisy_diagram[illumination],OK,AB,is_a,segment
112,8,full_text + noisy_diagram[illumination],OK,AO,connects,A
112,8,full_text + noisy_diagram[illumination],OK,AO,connects,O
112,8,full_text + noisy_diagram[illumination],OK,OB,connects,O
112,8,full_text + noisy_diagram[illumination],OK,OB,connects,B
112,8,full_text + noisy_diagram[illumination],OK,AB,connects,A
112,8,full_text + noisy_diagram[illumination],OK,AB,connects,B
112,8,full_text + noisy_diagram[illumination],OK,OB,has_measure,0.7
112,8,full_text + noisy_diagram[illumination],OK,AB,has_measure,2.5
112,8,full_text + noisy_diagram[illumination],OK,AO,is_a,height
112,8,full_text + noisy_diagram[illumination],OK,OB,is_a,radius
112,8,full_text + noisy_diagram[illumination],OK,AB,is_a,slant_height
,,,,,,
114,8,full_text + noisy_diagram[illumination],OK,O,is_a,point
114,8,full_text + noisy_diagram[illumination],OK,A,is_a,point
114,8,full_text + noisy_diagram[illumination],OK,B,is_a,point
114,8,full_text + noisy_diagram[illumination],OK,OA,is_a,segment
114,8,full_text + noisy_diagram[illumination],OK,OB,is_a,segment
114,8,full_text + noisy_diagram[illumination],OK,OAB,is_a,sector
114,8,full_text + noisy_diagram[illumination],OK,OAB,has_measure,1.0
114,8,full_text + noisy_diagram[illumination],OK,∠OAB,has_measure,90_deg
114,8,full_text + noisy_diagram[illumination],OK,OA,is_a,diameter
114,8,full_text + noisy_diagram[illumination],OK,OB,is_a,diameter
114,8,full_text + noisy_diagram[illumination],OK,OA,is_a,semicircle
114,8,full_text + noisy_diagram[illumination],OK,OB,is_a,semicircle
114,8,full_text + noisy_diagram[illumination],OK,shaded_part,is_a,area
114,8,full_text + noisy_diagram[illumination],OK,shaded_part,has_measure,?
,,,,,,
115,8,full_text + noisy_diagram[illumination],OK,sector,is_a,shape
115,8,full_text + noisy_diagram[illumination],OK,sector,has_measure,120_deg
115,8,full_text + noisy_diagram[illumination],OK,sector,has_measure,6_units
115,8,full_text + noisy_diagram[illumination],OK,conical_paper_cap,is_a,shape
115,8,full_text + noisy_diagram[illumination],OK,bottom_perimeter,is_a,perimeter
115,8,full_text + noisy_diagram[illumination],OK,bottom_perimeter,has_measure,?
115,8,full_text + noisy_diagram[illumination],OK,sector,mapped_to,conical_paper_cap
,,,,,,
117,8,full_text + noisy_diagram[illumination],OK,sector,is_a,sector
117,8,full_text + noisy_diagram[illumination],OK,sector,has_measure,120_deg
117,8,full_text + noisy_diagram[illumination],OK,sector,radius_of,3.0_cm
117,8,full_text + noisy_diagram[illumination],OK,cone,is_a,cone
117,8,full_text + noisy_diagram[illumination],OK,cone,has_measure,?_cm
117,8,full_text + noisy_diagram[illumination],OK,sector,mapped_to,cone
117,8,full_text + noisy_diagram[illumination],OK,cone,has_measure,3_cm
,,,,,,
119,8,full_text + noisy_diagram[illumination],OK,Area,is_a,query_target
119,8,full_text + noisy_diagram[illumination],OK,sector_cardboard,is_a,sector_cardboard
119,8,full_text + noisy_diagram[illumination],OK,sector_cardboard,has_measure,24.0_cm
119,8,full_text + noisy_diagram[illumination],OK,sector_cardboard,mapped_to,conical_hat
119,8,full_text + noisy_diagram[illumination],OK,conical_hat,has_measure,10.0_cm
119,8,full_text + noisy_diagram[illumination],OK,conical_hat,is_a,conical_hat
119,8,full_text + noisy_diagram[illumination],OK,O,is_a,point
119,8,full_text + noisy_diagram[illumination],OK,O,center_of,conical_hat
119,8,full_text + noisy_diagram[illumination],OK,10,is_a,radius
119,8,full_text + noisy_diagram[illumination],OK,24,is_a,radius
,,,,,,
120,8,full_text + noisy_diagram[illumination],OK,cone,is_a,cone
120,8,full_text + noisy_diagram[illumination],OK,generatrix,is_a,generatrix
120,8,full_text + noisy_diagram[illumination],OK,height_line,is_a,height_line
120,8,full_text + noisy_diagram[illumination],OK,generatrix,has_measure,5.0
120,8,full_text + noisy_diagram[illumination],OK,height_line,has_measure,4.0
120,8,full_text + noisy_diagram[illumination],OK,cone,has_measure,?
,,,,,,
123,8,full_text + noisy_diagram[illumination],OK,A,is_a,point
123,8,full_text + noisy_diagram[illumination],OK,B,is_a,point
123,8,full_text + noisy_diagram[illumination],OK,C,is_a,point
123,8,full_text + noisy_diagram[illumination],OK,AC,is_a,segment
123,8,full_text + noisy_diagram[illumination],OK,BC,is_a,segment
123,8,full_text + noisy_diagram[illumination],OK,ABC,is_a,triangle
123,8,full_text + noisy_diagram[illumination],OK,ABC,has_measure,90_deg
123,8,full_text + noisy_diagram[illumination],OK,AC,has_measure,4_units
123,8,full_text + noisy_diagram[illumination],OK,BC,has_measure,3_units
123,8,full_text + noisy_diagram[illumination],OK,ABC,rotated_about,AC
123,8,full_text + noisy_diagram[illumination],OK,Lateral Surface Area of Cone,is_a,query_target
,,,,,,
128,8,full_text + noisy_diagram[illumination],OK,O,is_a,point
128,8,full_text + noisy_diagram[illumination],OK,B,is_a,point
128,8,full_text + noisy_diagram[illumination],OK,A,is_a,point
128,8,full_text + noisy_diagram[illumination],OK,OA,is_a,segment
128,8,full_text + noisy_diagram[illumination],OK,OB,is_a,segment
128,8,full_text + noisy_diagram[illumination],OK,OA,has_measure,6_units
128,8,full_text + noisy_diagram[illumination],OK,OB,has_measure,6_units
128,8,full_text + noisy_diagram[illumination],OK,∠AOB,is_a,angle
128,8,full_text + noisy_diagram[illumination],OK,∠AOB,has_measure,120_deg
128,8,full_text + noisy_diagram[illumination],OK,O,center_of,sector
128,8,full_text + noisy_diagram[illumination],OK,OA,connects,A
128,8,full_text + noisy_diagram[illumination],OK,OB,connects,B
128,8,full_text + noisy_diagram[illumination],OK,sector,has_measure,6_units
128,8,full_text + noisy_diagram[illumination],OK,sector,has_measure,120_deg
128,8,full_text + noisy_diagram[illumination],OK,OA,mapped_to,cone
128,8,full_text + noisy_diagram[illumination],OK,OB,mapped_to,cone
128,8,full_text + noisy_diagram[illumination],OK,cone,is_a,cone
128,8,full_text + noisy_diagram[illumination],OK,A,lies_on,cone
128,8,full_text + noisy_diagram[illumination],OK,B,lies_on,cone
128,8,full_text + noisy_diagram[illumination],OK,cone,has_measure,?
,,,,,,
132,8,full_text + noisy_diagram[illumination],OK,A,is_a,point
132,8,full_text + noisy_diagram[illumination],OK,B,is_a,point
132,8,full_text + noisy_diagram[illumination],OK,C,is_a,point
132,8,full_text + noisy_diagram[illumination],OK,D,is_a,point
132,8,full_text + noisy_diagram[illumination],OK,E,is_a,point
132,8,full_text + noisy_diagram[illumination],OK,F,is_a,point
132,8,full_text + noisy_diagram[illumination],OK,G,is_a,point
132,8,full_text + noisy_diagram[illumination],OK,AB,is_a,segment
132,8,full_text + noisy_diagram[illumination],OK,BC,is_a,segment
132,8,full_text + noisy_diagram[illumination],OK,DE,is_a,segment
132,8,full_text + noisy_diagram[illumination],OK,CG,is_a,segment
132,8,full_text + noisy_diagram[illumination],OK,GE,is_a,segment
132,8,full_text + noisy_diagram[illumination],OK,EF,is_a,segment
132,8,full_text + noisy_diagram[illumination],OK,A,lies_on,AB
132,8,full_text + noisy_diagram[illumination],OK,B,lies_on,AB
132,8,full_text + noisy_diagram[illumination],OK,C,lies_on,AB
132,8,full_text + noisy_diagram[illumination],OK,D,lies_on,DE
132,8,full_text + noisy_diagram[illumination],OK,E,lies_on,DE
132,8,full_text + noisy_diagram[illumination],OK,F,lies_on,EF
132,8,full_text + noisy_diagram[illumination],OK,G,lies_on,CG
132,8,full_text + noisy_diagram[illumination],OK,G,lies_on,GE
132,8,full_text + noisy_diagram[illumination],OK,A,collinear_with,B
132,8,full_text + noisy_diagram[illumination],OK,A,collinear_with,C
132,8,full_text + noisy_diagram[illumination],OK,B,collinear_with,C
132,8,full_text + noisy_diagram[illumination],OK,DE,has_measure,0.6
132,8,full_text + noisy_diagram[illumination],OK,BC,has_measure,0.6
132,8,full_text + noisy_diagram[illumination],OK,CG,has_measure,12.0
132,8,full_text + noisy_diagram[illumination],OK,GE,has_measure,2.0
132,8,full_text + noisy_diagram[illumination],OK,EF,has_measure,1.6
132,8,full_text + noisy_diagram[illumination],OK,AB,is_a,height
132,8,full_text + noisy_diagram[illumination],OK,AB,has_measure,?
,,,,,,
133,8,full_text + noisy_diagram[illumination],OK,P,is_a,point
133,8,full_text + noisy_diagram[illumination],OK,Q,is_a,point)
133,8,full_text + noisy_diagram[illumination],OK,S,is_a,point)
133,8,full_text + noisy_diagram[illumination],OK,T,is_a,point)
133,8,full_text + noisy_diagram[illumination],OK,R,is_a,point)
133,8,full_text + noisy_diagram[illumination],OK,PS,is_a,segment)
133,8,full_text + noisy_diagram[illumination],OK,PT,is_a,segment)
133,8,full_text + noisy_diagram[illumination],OK,QR,is_a,segment)
133,8,full_text + noisy_diagram[illumination],OK,QS,is_a,segment)
133,8,full_text + noisy_diagram[illumination],OK,ST,is_a,segment)
133,8,full_text + noisy_diagram[illumination],OK,PQ,is_a,segment)
133,8,full_text + noisy_diagram[illumination],OK,line a,is_a,line)
133,8,full_text + noisy_diagram[illumination],OK,line b,is_a,line)
133,8,full_text + noisy_diagram[illumination],OK,PS,perpendicular_to,river)
133,8,full_text + noisy_diagram[illumination],OK,line a,perpendicular_to,PS)
133,8,full_text + noisy_diagram[illumination],OK,line b,perpendicular_to,PS)
133,8,full_text + noisy_diagram[illumination],OK,P,lies_on,line b)
133,8,full_text + noisy_diagram[illumination],OK,Q,lies_on,line b)
133,8,full_text + noisy_diagram[illumination],OK,S,lies_on,line a)
133,8,full_text + noisy_diagram[illumination],OK,T,lies_on,line a)
133,8,full_text + noisy_diagram[illumination],OK,R,lies_on,line b)
133,8,full_text + noisy_diagram[illumination],OK,R,lies_on,PT)
133,8,full_text + noisy_diagram[illumination],OK,QS,has_measure,60.0_m)
133,8,full_text + noisy_diagram[illumination],OK,ST,has_measure,120.0_m)
133,8,full_text + noisy_diagram[illumination],OK,QR,has_measure,80.0_m)
,,,,,,
149,8,full_text + noisy_diagram[illumination],OK,A,is_a,point
149,8,full_text + noisy_diagram[illumination],OK,B,is_a,point
149,8,full_text + noisy_diagram[illumination],OK,C,is_a,point
149,8,full_text + noisy_diagram[illumination],OK,D,is_a,point
149,8,full_text + noisy_diagram[illumination],OK,E,is_a,point
149,8,full_text + noisy_diagram[illumination],OK,CD,is_a,segment
149,8,full_text + noisy_diagram[illumination],OK,AC,is_a,segment
149,8,full_text + noisy_diagram[illumination],OK,BD,is_a,segment
149,8,full_text + noisy_diagram[illumination],OK,ED,is_a,segment
149,8,full_text + noisy_diagram[illumination],OK,α,is_a,angle
149,8,full_text + noisy_diagram[illumination],OK,CD,is_a,mirror
149,8,full_text + noisy_diagram[illumination],OK,AC,perpendicular_to,CD
149,8,full_text + noisy_diagram[illumination],OK,BD,perpendicular_to,CD
149,8,full_text + noisy_diagram[illumination],OK,AC,has_measure,3_units
149,8,full_text + noisy_diagram[illumination],OK,BD,has_measure,6_units
149,8,full_text + noisy_diagram[illumination],OK,CD,has_measure,10_units
149,8,full_text + noisy_diagram[illumination],OK,ED,is_a,query_target
,,,,,,
150,8,full_text + noisy_diagram[illumination],OK,A,is_a,point
150,8,full_text + noisy_diagram[illumination],OK,B,is_a,point
150,8,full_text + noisy_diagram[illumination],OK,C,is_a,point
150,8,full_text + noisy_diagram[illumination],OK,A,collinear_with,B
150,8,full_text + noisy_diagram[illumination],OK,B,collinear_with,C
150,8,full_text + noisy_diagram[illumination],OK,AB,is_a,segment
150,8,full_text + noisy_diagram[illumination],OK,AB,has_measure,2_units
150,8,full_text + noisy_diagram[illumination],OK,BD,is_a,segment
150,8,full_text + noisy_diagram[illumination],OK,BD,has_measure,7/3_units
150,8,full_text + noisy_diagram[illumination],OK,CE,is_a,segment
150,8,full_text + noisy_diagram[illumination],OK,CE,has_measure,9_units
150,8,full_text + noisy_diagram[illumination],OK,BD,perpendicular_to,BC
150,8,full_text + noisy_diagram[illumination],OK,CE,perpendicular_to,BC
150,8,full_text + noisy_diagram[illumination],OK,D,is_a,point
150,8,full_text + noisy_diagram[illumination],OK,E,is_a,point
150,8,full_text + noisy_diagram[illumination],OK,A,connects,E
150,8,full_text + noisy_diagram[illumination],OK,E,connects,B
150,8,full_text + noisy_diagram[illumination],OK,B,connects,D
150,8,full_text + noisy_diagram[illumination],OK,D,connects,A
150,8,full_text + noisy_diagram[illumination],OK,BCE,is_a,angle
,,,,,,
151,8,full_text + noisy_diagram[illumination],OK,student,is_a,point
151,8,full_text + noisy_diagram[illumination],OK,tree,is_a,object
151,8,full_text + noisy_diagram[illumination],OK,lake,is_a,surface
151,8,full_text + noisy_diagram[illumination],OK,reflection,is_a,point
151,8,full_text + noisy_diagram[illumination],OK,student,lies_on,lake
151,8,full_text + noisy_diagram[illumination],OK,tree,lies_on,lake
151,8,full_text + noisy_diagram[illumination],OK,reflection,lies_on,lake
151,8,full_text + noisy_diagram[illumination],OK,student,connects,tree
151,8,full_text + noisy_diagram[illumination],OK,student,connects,reflection
151,8,full_text + noisy_diagram[illumination],OK,student,has_measure,20.0_units
151,8,full_text + noisy_diagram[illumination],OK,reflection,has_measure,5.0_units
151,8,full_text + noisy_diagram[illumination],OK,student,has_measure,1.7_units
151,8,full_text + noisy_diagram[illumination],OK,tree,has_measure,?
151,8,full_text + noisy_diagram[illumination],OK,reflection,is_a,"reflection_of, tree"
151,8,full_text + noisy_diagram[illumination],OK,student,is_a,person
151,8,full_text + noisy_diagram[illumination],OK,tree,is_a,tree
151,8,full_text + noisy_diagram[illumination],OK,lake,is_a,lake
151,8,full_text + noisy_diagram[illumination],OK,reflection,is_a,reflection
151,8,full_text + noisy_diagram[illumination],OK,student,connects,lake
151,8,full_text + noisy_diagram[illumination],OK,tree,connects,lake
151,8,full_text + noisy_diagram[illumination],OK,reflection,connects,lake
,,,,,,
152,8,full_text + noisy_diagram[illumination],OK,A,is_a,point
152,8,full_text + noisy_diagram[illumination],OK,B,is_a,point
152,8,full_text + noisy_diagram[illumination],OK,C,is_a,point
152,8,full_text + noisy_diagram[illumination],OK,D,is_a,point
152,8,full_text + noisy_diagram[illumination],OK,AB,is_a,segment
152,8,full_text + noisy_diagram[illumination],OK,AC,is_a,segment
152,8,full_text + noisy_diagram[illumination],OK,BC,is_a,segment
152,8,full_text + noisy_diagram[illumination],OK,BD,is_a,segment
152,8,full_text + noisy_diagram[illumination],OK,CD,is_a,segment
152,8,full_text + noisy_diagram[illumination],OK,B,connects,C
152,8,full_text + noisy_diagram[illumination],OK,C,has_measure,1.6
152,8,full_text + noisy_diagram[illumination],OK,D,has_measure,1.4
152,8,full_text + noisy_diagram[illumination],OK,BD,has_measure,0.5
152,8,full_text + noisy_diagram[illumination],OK,AB,is_a,query_target
,,,,,,
153,8,full_text + noisy_diagram[illumination],OK,A,is_a,point
153,8,full_text + noisy_diagram[illumination],OK,B,is_a,point
153,8,full_text + noisy_diagram[illumination],OK,C,is_a,point
153,8,full_text + noisy_diagram[illumination],OK,D,is_a,point
153,8,full_text + noisy_diagram[illumination],OK,E,is_a,point
153,8,full_text + noisy_diagram[illumination],OK,AB,is_a,segment
153,8,full_text + noisy_diagram[illumination],OK,BC,is_a,segment
153,8,full_text + noisy_diagram[illumination],OK,DE,is_a,segment
153,8,full_text + noisy_diagram[illumination],OK,EC,is_a,segment
153,8,full_text + noisy_diagram[illumination],OK,A,connects,B
153,8,full_text + noisy_diagram[illumination],OK,B,connects,C
153,8,full_text + noisy_diagram[illumination],OK,C,connects,E
153,8,full_text + noisy_diagram[illumination],OK,D,connects,E
153,8,full_text + noisy_diagram[illumination],OK,E,connects,B
153,8,full_text + noisy_diagram[illumination],OK,DE,has_measure,1.8
153,8,full_text + noisy_diagram[illumination],OK,BC,has_measure,1.0
153,8,full_text + noisy_diagram[illumination],OK,EC,has_measure,1.2
153,8,full_text + noisy_diagram[illumination],OK,AB,is_a,query_target
,,,,,,
157,8,full_text + noisy_diagram[illumination],OK,A,is_a,point
157,8,full_text + noisy_diagram[illumination],OK,B,is_a,point
157,8,full_text + noisy_diagram[illumination],OK,C,is_a,point
157,8,full_text + noisy_diagram[illumination],OK,AB,is_a,segment
157,8,full_text + noisy_diagram[illumination],OK,BC,is_a,segment
157,8,full_text + noisy_diagram[illumination],OK,AC,is_a,segment
157,8,full_text + noisy_diagram[illumination],OK,ABC,is_a,triangle
157,8,full_text + noisy_diagram[illumination],OK,∠C,is_a,angle
157,8,full_text + noisy_diagram[illumination],OK,∠C,has_measure,90_deg
157,8,full_text + noisy_diagram[illumination],OK,AC,has_measure,4_units
157,8,full_text + noisy_diagram[illumination],OK,BC,has_measure,3_units
157,8,full_text + noisy_diagram[illumination],OK,cos B,is_a,query_target
,,,,,,
165,8,full_text + noisy_diagram[illumination],OK,A,is_a,point
165,8,full_text + noisy_diagram[illumination],OK,B,is_a,point
165,8,full_text + noisy_diagram[illumination],OK,C,is_a,point
165,8,full_text + noisy_diagram[illumination],OK,AB,is_a,segment
165,8,full_text + noisy_diagram[illumination],OK,BC,is_a,segment
165,8,full_text + noisy_diagram[illumination],OK,AC,is_a,segment
165,8,full_text + noisy_diagram[illumination],OK,ABC,is_a,triangle
165,8,full_text + noisy_diagram[illumination],OK,C,is_a,right_angle
165,8,full_text + noisy_diagram[illumination],OK,AB,has_measure,2_units
165,8,full_text + noisy_diagram[illumination],OK,BC,has_measure,1_unit
,,,,,,
198,8,full_text + noisy_diagram[illumination],OK,A,is_a,point
198,8,full_text + noisy_diagram[illumination],OK,B,is_a,point
198,8,full_text + noisy_diagram[illumination],OK,C,is_a,point
198,8,full_text + noisy_diagram[illumination],OK,AB,is_a,segment
198,8,full_text + noisy_diagram[illumination],OK,AC,is_a,segment
198,8,full_text + noisy_diagram[illumination],OK,BC,is_a,segment
198,8,full_text + noisy_diagram[illumination],OK,AB,has_measure,10_units
198,8,full_text + noisy_diagram[illumination],OK,AC,has_measure,13_units
198,8,full_text + noisy_diagram[illumination],OK,BC,has_measure,13_units
198,8,full_text + noisy_diagram[illumination],OK,ABC,is_a,triangle
198,8,full_text + noisy_diagram[illumination],OK,ABC,is_a,isosceles_triangle
198,8,full_text + noisy_diagram[illumination],OK,ABC,has_measure,?
,,,,,,
207,8,full_text + noisy_diagram[illumination],OK,O,is_a,point
207,8,full_text + noisy_diagram[illumination],OK,C1,is_a,circle
207,8,full_text + noisy_diagram[illumination],OK,C2,is_a,circle
207,8,full_text + noisy_diagram[illumination],OK,C3,is_a,circle
207,8,full_text + noisy_diagram[illumination],OK,O,center_of,C1
207,8,full_text + noisy_diagram[illumination],OK,O,center_of,C2
207,8,full_text + noisy_diagram[illumination],OK,O,center_of,C3
207,8,full_text + noisy_diagram[illumination],OK,C1,intersects,C2
207,8,full_text + noisy_diagram[illumination],OK,C1,intersects,C3
207,8,full_text + noisy_diagram[illumination],OK,C2,intersects,C3
207,8,full_text + noisy_diagram[illumination],OK,C1,lies_on,C3
207,8,full_text + noisy_diagram[illumination],OK,C2,lies_on,C3
207,8,full_text + noisy_diagram[illumination],OK,C3,is_a,shaded_region
207,8,full_text + noisy_diagram[illumination],OK,C3,has_measure,?
207,8,full_text + noisy_diagram[illumination],OK,C3,diameter_of,20_units
207,8,full_text + noisy_diagram[illumination],OK,Question,target,"area_of, C3"
,,,,,,
210,8,full_text + noisy_diagram[illumination],OK,A,is_a,point
210,8,full_text + noisy_diagram[illumination],OK,B,is_a,point
210,8,full_text + noisy_diagram[illumination],OK,E,is_a,point
210,8,full_text + noisy_diagram[illumination],OK,Triangle ABE,is_a,triangle
210,8,full_text + noisy_diagram[illumination],OK,AE,is_a,segment
210,8,full_text + noisy_diagram[illumination],OK,AB,is_a,segment
210,8,full_text + noisy_diagram[illumination],OK,BE,is_a,segment
210,8,full_text + noisy_diagram[illumination],OK,C,is_a,point
210,8,full_text + noisy_diagram[illumination],OK,D,is_a,point
210,8,full_text + noisy_diagram[illumination],OK,Triangle ACD,is_a,triangle
210,8,full_text + noisy_diagram[illumination],OK,AC,is_a,segment
210,8,full_text + noisy_diagram[illumination],OK,CD,is_a,segment
210,8,full_text + noisy_diagram[illumination],OK,Triangles ABE and ACD,share,vertex A
210,8,full_text + noisy_diagram[illumination],OK,BE,parallel_to,CD
210,8,full_text + noisy_diagram[illumination],OK,AB,has_measure,12_units
210,8,full_text + noisy_diagram[illumination],OK,AC,has_measure,16_units
210,8,full_text + noisy_diagram[illumination],OK,ED,has_measure,5_units
210,8,full_text + noisy_diagram[illumination],OK,AE,has_measure,?
,,,,,,
211,8,full_text + noisy_diagram[illumination],OK,MNPR,is_a,parallelogram
211,8,full_text + noisy_diagram[illumination],OK,MN,is_a,segment
211,8,full_text + noisy_diagram[illumination],OK,NP,is_a,segment
211,8,full_text + noisy_diagram[illumination],OK,RP,is_a,segment
211,8,full_text + noisy_diagram[illumination],OK,MR,is_a,segment
211,8,full_text + noisy_diagram[illumination],OK,MP,is_a,segment
211,8,full_text + noisy_diagram[illumination],OK,RN,is_a,segment
211,8,full_text + noisy_diagram[illumination],OK,Q,is_a,point
211,8,full_text + noisy_diagram[illumination],OK,MN,connects,M
211,8,full_text + noisy_diagram[illumination],OK,MN,connects,N
211,8,full_text + noisy_diagram[illumination],OK,NP,connects,N
211,8,full_text + noisy_diagram[illumination],OK,NP,connects,P
211,8,full_text + noisy_diagram[illumination],OK,RP,connects,R
211,8,full_text + noisy_diagram[illumination],OK,RP,connects,P
211,8,full_text + noisy_diagram[illumination],OK,MR,connects,M
211,8,full_text + noisy_diagram[illumination],OK,MR,connects,R
211,8,full_text + noisy_diagram[illumination],OK,MP,connects,M
211,8,full_text + noisy_diagram[illumination],OK,MP,connects,P
211,8,full_text + noisy_diagram[illumination],OK,RN,connects,R
211,8,full_text + noisy_diagram[illumination],OK,RN,connects,N
211,8,full_text + noisy_diagram[illumination],OK,MP,intersects,RN
211,8,full_text + noisy_diagram[illumination],OK,MP,intersects,Q
211,8,full_text + noisy_diagram[illumination],OK,RN,intersects,Q
211,8,full_text + noisy_diagram[illumination],OK,MN,has_measure,3x - 4
211,8,full_text + noisy_diagram[illumination],OK,NP,has_measure,2y + 5
211,8,full_text + noisy_diagram[illumination],OK,RP,has_measure,20
211,8,full_text + noisy_diagram[illumination],OK,MR,has_measure,17.9
211,8,full_text + noisy_diagram[illumination],OK,∠MQR,has_measure,33_deg
211,8,full_text + noisy_diagram[illumination],OK,∠QNP,has_measure,?
211,8,full_text + noisy_diagram[illumination],OK,∠QPR,has_measure,11.1_deg
211,8,full_text + noisy_diagram[illumination],OK,∠QRP,has_measure,38_deg
211,8,full_text + noisy_diagram[illumination],OK,NQ,has_measure,15.4
211,8,full_text + noisy_diagram[illumination],OK,QP,has_measure,11.1
211,8,full_text + noisy_diagram[illumination],OK,QR,has_measure,3z - 3
211,8,full_text + noisy_diagram[illumination],OK,MQ,has_measure,4w - 3
211,8,full_text + noisy_diagram[illumination],OK,∠MQN,has_measure,83_deg
,,,,,,
223,8,full_text + noisy_diagram[illumination],OK,A,is_a,point
223,8,full_text + noisy_diagram[illumination],OK,B,is_a,point
223,8,full_text + noisy_diagram[illumination],OK,C,is_a,point
223,8,full_text + noisy_diagram[illumination],OK,AB,is_a,segment
223,8,full_text + noisy_diagram[illumination],OK,BC,is_a,segment
223,8,full_text + noisy_diagram[illumination],OK,AC,is_a,segment
223,8,full_text + noisy_diagram[illumination],OK,AC,has_measure,5_units
223,8,full_text + noisy_diagram[illumination],OK,AB,has_measure,3√2_units
223,8,full_text + noisy_diagram[illumination],OK,∠ABC,is_a,angle
223,8,full_text + noisy_diagram[illumination],OK,∠ABC,has_measure,90_deg
223,8,full_text + noisy_diagram[illumination],OK,AB,perpendicular_to,BC
223,8,full_text + noisy_diagram[illumination],OK,AC,is_a,hypotenuse
223,8,full_text + noisy_diagram[illumination],OK,AB,is_a,leg
223,8,full_text + noisy_diagram[illumination],OK,BC,is_a,leg
223,8,full_text + noisy_diagram[illumination],OK,BC,has_measure,?_units
223,8,full_text + noisy_diagram[illumination],OK,BC,is_a,query_target
,,,,,,
239,8,full_text + noisy_diagram[illumination],OK,A,is_a,point
239,8,full_text + noisy_diagram[illumination],OK,B,is_a,point
239,8,full_text + noisy_diagram[illumination],OK,C,is_a,point
239,8,full_text + noisy_diagram[illumination],OK,R,is_a,point
239,8,full_text + noisy_diagram[illumination],OK,S,is_a,point
239,8,full_text + noisy_diagram[illumination],OK,T,is_a,point
239,8,full_text + noisy_diagram[illumination],OK,M,is_a,point
239,8,full_text + noisy_diagram[illumination],OK,ABC,is_a,triangle
239,8,full_text + noisy_diagram[illumination],OK,AT,is_a,segment
239,8,full_text + noisy_diagram[illumination],OK,BR,is_a,segment
239,8,full_text + noisy_diagram[illumination],OK,CS,is_a,segment
239,8,full_text + noisy_diagram[illumination],OK,AC,is_a,segment
239,8,full_text + noisy_diagram[illumination],OK,AB,is_a,segment
239,8,full_text + noisy_diagram[illumination],OK,CB,is_a,segment
239,8,full_text + noisy_diagram[illumination],OK,R,is_a,midpoint
239,8,full_text + noisy_diagram[illumination],OK,S,is_a,midpoint
239,8,full_text + noisy_diagram[illumination],OK,T,is_a,midpoint
239,8,full_text + noisy_diagram[illumination],OK,R,lies_on,AC
239,8,full_text + noisy_diagram[illumination],OK,S,lies_on,AB
239,8,full_text + noisy_diagram[illumination],OK,T,lies_on,CB
239,8,full_text + noisy_diagram[illumination],OK,AT,connects,A
239,8,full_text + noisy_diagram[illumination],OK,AT,connects,T
239,8,full_text + noisy_diagram[illumination],OK,BR,connects,B
239,8,full_text + noisy_diagram[illumination],OK,BR,connects,R
239,8,full_text + noisy_diagram[illumination],OK,CS,connects,C
239,8,full_text + noisy_diagram[illumination],OK,CS,connects,S
239,8,full_text + noisy_diagram[illumination],OK,MC,has_measure,7_units
239,8,full_text + noisy_diagram[illumination],OK,RM,has_measure,4_units
239,8,full_text + noisy_diagram[illumination],OK,AT,has_measure,16_units
,,,,,,
243,8,full_text + noisy_diagram[illumination],OK,Phoenix,is_a,point
243,8,full_text + noisy_diagram[illumination],OK,Des_Moines,is_a,point
243,8,full_text + noisy_diagram[illumination],OK,Atlanta,is_a,point
243,8,full_text + noisy_diagram[illumination],OK,Des_Moines_Phoenix,is_a,segment
243,8,full_text + noisy_diagram[illumination],OK,Phoenix_Atlanta,is_a,segment
243,8,full_text + noisy_diagram[illumination],OK,Atlanta_Des_Moines,is_a,segment
243,8,full_text + noisy_diagram[illumination],OK,Des_Moines_Phoenix,has_measure,110x + 53
243,8,full_text + noisy_diagram[illumination],OK,Phoenix_Atlanta,has_measure,150x + 91
243,8,full_text + noisy_diagram[illumination],OK,Atlanta_Des_Moines,has_measure,73.8x
243,8,full_text + noisy_diagram[illumination],OK,Des_Moines_Phoenix,connects,Des_Moines
243,8,full_text + noisy_diagram[illumination],OK,Des_Moines_Phoenix,connects,Phoenix
243,8,full_text + noisy_diagram[illumination],OK,Phoenix_Atlanta,connects,Phoenix
243,8,full_text + noisy_diagram[illumination],OK,Phoenix_Atlanta,connects,Atlanta
243,8,full_text + noisy_diagram[illumination],OK,Atlanta_Des_Moines,connects,Atlanta
243,8,full_text + noisy_diagram[illumination],OK,Atlanta_Des_Moines,connects,Des_Moines
243,8,full_text + noisy_diagram[illumination],OK,Des_Moines_Phoenix,is_a,"part_of, trip"
243,8,full_text + noisy_diagram[illumination],OK,Phoenix_Atlanta,is_a,"part_of, trip"
243,8,full_text + noisy_diagram[illumination],OK,Atlanta_Des_Moines,is_a,"part_of, trip"
243,8,full_text + noisy_diagram[illumination],OK,trip,has_measure,3482_miles
243,8,full_text + noisy_diagram[illumination],OK,Phoenix_Atlanta,has_measure,?
,,,,,,
257,8,full_text + noisy_diagram[illumination],OK,A,is_a,point
257,8,full_text + noisy_diagram[illumination],OK,B,is_a,point
257,8,full_text + noisy_diagram[illumination],OK,C,is_a,point
257,8,full_text + noisy_diagram[illumination],OK,D,is_a,point
257,8,full_text + noisy_diagram[illumination],OK,E,is_a,point
257,8,full_text + noisy_diagram[illumination],OK,AB,is_a,segment
257,8,full_text + noisy_diagram[illumination],OK,AC,is_a,segment
257,8,full_text + noisy_diagram[illumination],OK,CD,is_a,segment
257,8,full_text + noisy_diagram[illumination],OK,ED,is_a,segment
257,8,full_text + noisy_diagram[illumination],OK,BE,is_a,segment
257,8,full_text + noisy_diagram[illumination],OK,AE,is_a,segment
257,8,full_text + noisy_diagram[illumination],OK,AB,has_measure,12_units
257,8,full_text + noisy_diagram[illumination],OK,AC,has_measure,16_units
257,8,full_text + noisy_diagram[illumination],OK,ED,has_measure,5_units
257,8,full_text + noisy_diagram[illumination],OK,BE,parallel_to,CD
257,8,full_text + noisy_diagram[illumination],OK,triangles,ABE,"is_a, triangle"
257,8,full_text + noisy_diagram[illumination],OK,triangles,ACD,"is_a, triangle"
257,8,full_text + noisy_diagram[illumination],OK,triangles,ABE,"shares, vertex, A"
257,8,full_text + noisy_diagram[illumination],OK,triangles,ACD,"shares, vertex, A"
257,8,full_text + noisy_diagram[illumination],OK,triangles,ABE,"similar_to, ACD"
,,,,,,
264,8,full_text + noisy_diagram[illumination],OK,M,is_a,point
264,8,full_text + noisy_diagram[illumination],OK,N,is_a,point
264,8,full_text + noisy_diagram[illumination],OK,P,is_a,point
264,8,full_text + noisy_diagram[illumination],OK,Q,is_a,point
264,8,full_text + noisy_diagram[illumination],OK,MNPQ,is_a,parallelogram
264,8,full_text + noisy_diagram[illumination],OK,angle_M,is_a,angle
264,8,full_text + noisy_diagram[illumination],OK,angle_N,is_a,angle
264,8,full_text + noisy_diagram[illumination],OK,angle_M,has_measure,10x
264,8,full_text + noisy_diagram[illumination],OK,angle_N,has_measure,20x
264,8,full_text + noisy_diagram[illumination],OK,angle_M,equals,angle_P
264,8,full_text + noisy_diagram[illumination],OK,angle_N,equals,angle_Q
,,,,,,
281,8,full_text + noisy_diagram[illumination],OK,A,is_a,point
281,8,full_text + noisy_diagram[illumination],OK,B,is_a,point
281,8,full_text + noisy_diagram[illumination],OK,C,is_a,point
281,8,full_text + noisy_diagram[illumination],OK,ABC,is_a,triangle
281,8,full_text + noisy_diagram[illumination],OK,ABC,is_a,right_triangle
281,8,full_text + noisy_diagram[illumination],OK,C,is_a,angle
281,8,full_text + noisy_diagram[illumination],OK,AC,is_a,segment
281,8,full_text + noisy_diagram[illumination],OK,AB,is_a,segment
281,8,full_text + noisy_diagram[illumination],OK,BC,is_a,segment
281,8,full_text + noisy_diagram[illumination],OK,ABC,has_measure,90_deg
281,8,full_text + noisy_diagram[illumination],OK,AC,has_measure,24_units
281,8,full_text + noisy_diagram[illumination],OK,AB,has_measure,26_units
281,8,full_text + noisy_diagram[illumination],OK,BC,has_measure,10_units
281,8,full_text + noisy_diagram[illumination],OK,cos B,is_a,?
,,,,,,
327,8,full_text + noisy_diagram[illumination],OK,Z,is_a,point
327,8,full_text + noisy_diagram[illumination],OK,Y,is_a,point
327,8,full_text + noisy_diagram[illumination],OK,X,is_a,point
327,8,full_text + noisy_diagram[illumination],OK,N,is_a,point
327,8,full_text + noisy_diagram[illumination],OK,ZY,is_a,segment
327,8,full_text + noisy_diagram[illumination],OK,YX,is_a,segment
327,8,full_text + noisy_diagram[illumination],OK,ZX,is_a,segment
327,8,full_text + noisy_diagram[illumination],OK,ZY,has_measure,10.7_units
327,8,full_text + noisy_diagram[illumination],OK,YX,has_measure,b_units
327,8,full_text + noisy_diagram[illumination],OK,ZX,has_measure,d_units
327,8,full_text + noisy_diagram[illumination],OK,Z,lies_on,YX
327,8,full_text + noisy_diagram[illumination],OK,Y,lies_on,YX
327,8,full_text + noisy_diagram[illumination],OK,X,lies_on,YX
327,8,full_text + noisy_diagram[illumination],OK,N,lies_on,YX
327,8,full_text + noisy_diagram[illumination],OK,Z,lies_on,ZY
327,8,full_text + noisy_diagram[illumination],OK,Y,lies_on,ZY
327,8,full_text + noisy_diagram[illumination],OK,∠YXZ,is_a,angle
327,8,full_text + noisy_diagram[illumination],OK,∠YXZ,has_measure,335_deg
,,,,,,
348,8,full_text + noisy_diagram[illumination],OK,helicopter,is_a,helicopter
348,8,full_text + noisy_diagram[illumination],OK,helicopter,has_measure,198_m
348,8,full_text + noisy_diagram[illumination],OK,helicopter,has_measure,44_deg
348,8,full_text + noisy_diagram[illumination],OK,helicopter,has_measure,?
348,8,full_text + noisy_diagram[illumination],OK,landing_pad,is_a,landing_pad
,,,,,,
364,8,full_text + noisy_diagram[illumination],OK,cable,is_a,cable
364,8,full_text + noisy_diagram[illumination],OK,tower,is_a,tower
364,8,full_text + noisy_diagram[illumination],OK,bridge,is_a,bridge
364,8,full_text + noisy_diagram[illumination],OK,tower,connects,bridge
364,8,full_text + noisy_diagram[illumination],OK,cable,connects,tower
364,8,full_text + noisy_diagram[illumination],OK,cable,connects,bridge
364,8,full_text + noisy_diagram[illumination],OK,tower,has_measure,35.5_m
364,8,full_text + noisy_diagram[illumination],OK,connection_point,has_measure,65.9_m
364,8,full_text + noisy_diagram[illumination],OK,connection_point,lies_on,bridge
364,8,full_text + noisy_diagram[illumination],OK,tower,perpendicular_to,bridge
364,8,full_text + noisy_diagram[illumination],OK,h,is_a,length
364,8,full_text + noisy_diagram[illumination],OK,h,has_measure,?
,,,,,,
365,8,full_text + noisy_diagram[illumination],OK,plane,is_a,object
365,8,full_text + noisy_diagram[illumination],OK,airport_runway,is_a,object
365,8,full_text + noisy_diagram[illumination],OK,plane,has_measure,10369_m
365,8,full_text + noisy_diagram[illumination],OK,plane,has_measure,23444_m
365,8,full_text + noisy_diagram[illumination],OK,theta,is_a,angle
365,8,full_text + noisy_diagram[illumination],OK,theta,has_measure,?
,,,,,,
420,8,full_text + noisy_diagram[illumination],OK,A,is_a,point
420,8,full_text + noisy_diagram[illumination],OK,B,is_a,point
420,8,full_text + noisy_diagram[illumination],OK,C,is_a,point
420,8,full_text + noisy_diagram[illumination],OK,D,is_a,point
420,8,full_text + noisy_diagram[illumination],OK,AB,is_a,segment
420,8,full_text + noisy_diagram[illumination],OK,BC,is_a,segment
420,8,full_text + noisy_diagram[illumination],OK,CD,is_a,segment
420,8,full_text + noisy_diagram[illumination],OK,AD,is_a,segment
420,8,full_text + noisy_diagram[illumination],OK,ABCD,is_a,trapezium
420,8,full_text + noisy_diagram[illumination],OK,AB,parallel_to,CD
420,8,full_text + noisy_diagram[illumination],OK,BC,has_measure,10_cm
420,8,full_text + noisy_diagram[illumination],OK,B,connects,A
420,8,full_text + noisy_diagram[illumination],OK,B,connects,C
420,8,full_text + noisy_diagram[illumination],OK,A,connects,D
420,8,full_text + noisy_diagram[illumination],OK,C,connects,D
420,8,full_text + noisy_diagram[illumination],OK,AB,has_measure,?
420,8,full_text + noisy_diagram[illumination],OK,perpendicular_segment,has_measure,6_cm
420,8,full_text + noisy_diagram[illumination],OK,perpendicular_segment,connects,B
420,8,full_text + noisy_diagram[illumination],OK,perpendicular_segment,connects,line_containing_AD
420,8,full_text + noisy_diagram[illumination],OK,line_containing_AD,contains,AD
,,,,,,
432,8,full_text + noisy_diagram[illumination],OK,-3,4,"is_a, point"
432,8,full_text + noisy_diagram[illumination],OK,5,2,"is_a, point"
432,8,full_text + noisy_diagram[illumination],OK,-3,4,"connects, 5, 2"
432,8,full_text + noisy_diagram[illumination],OK,d,is_a,distance
432,8,full_text + noisy_diagram[illumination],OK,d,has_measure,?
,,,,,,
438,8,full_text + noisy_diagram[illumination],OK,"""hyperbola""",is_a,hyperbola
438,8,full_text + noisy_diagram[illumination],OK,"""hyperbola""",has_measure,vertices
438,8,full_text + noisy_diagram[illumination],OK,"""hyperbola""",has_measure,center
438,8,full_text + noisy_diagram[illumination],OK,"""hyperbola""",has_measure,foci
438,8,full_text + noisy_diagram[illumination],OK,"""hyperbola""",has_measure,?
,,,,,,
441,8,full_text + noisy_diagram[illumination],OK,a,is_a,angle
441,8,full_text + noisy_diagram[illumination],OK,a,is_a,standard_position
441,8,full_text + noisy_diagram[illumination],OK,a,has_measure,?
441,8,full_text + noisy_diagram[illumination],OK,P,is_a,point
441,8,full_text + noisy_diagram[illumination],OK,unit_circle,is_a,circle
441,8,full_text + noisy_diagram[illumination],OK,unit_circle,radius_of,1_unit
441,8,full_text + noisy_diagram[illumination],OK,P,lies_on,unit_circle
441,8,full_text + noisy_diagram[illumination],OK,a,connects,P
441,8,full_text + noisy_diagram[illumination],OK,y,is_a,axis
441,8,full_text + noisy_diagram[illumination],OK,x,is_a,axis
441,8,full_text + noisy_diagram[illumination],OK,y,has_measure,?
,,,,,,
447,8,full_text + noisy_diagram[illumination],OK,O,is_a,point
447,8,full_text + noisy_diagram[illumination],OK,O,center_of,circle
447,8,full_text + noisy_diagram[illumination],OK,circle,is_a,unit_circle
447,8,full_text + noisy_diagram[illumination],OK,P,is_a,point
447,8,full_text + noisy_diagram[illumination],OK,P,lies_on,circle
447,8,full_text + noisy_diagram[illumination],OK,a,is_a,angle
447,8,full_text + noisy_diagram[illumination],OK,a,has_measure,?
447,8,full_text + noisy_diagram[illumination],OK,x,is_a,axis
447,8,full_text + noisy_diagram[illumination],OK,y,is_a,axis
447,8,full_text + noisy_diagram[illumination],OK,x,perpendicular_to,y
447,8,full_text + noisy_diagram[illumination],OK,O,lies_on,x
447,8,full_text + noisy_diagram[illumination],OK,O,lies_on,y
447,8,full_text + noisy_diagram[illumination],OK,P,lies_on,x
447,8,full_text + noisy_diagram[illumination],OK,P,lies_on,y
,,,,,,
449,8,full_text + noisy_diagram[illumination],OK,O,is_a,point
449,8,full_text + noisy_diagram[illumination],OK,O,center_of,circle
449,8,full_text + noisy_diagram[illumination],OK,circle,is_a,unit_circle
449,8,full_text + noisy_diagram[illumination],OK,circle,has_measure,1_unit
449,8,full_text + noisy_diagram[illumination],OK,P,is_a,point
449,8,full_text + noisy_diagram[illumination],OK,P,lies_on,circle
449,8,full_text + noisy_diagram[illumination],OK,θ,is_a,angle
,,,,,,
457,8,full_text + noisy_diagram[illumination],OK,center,is_a,point
457,8,full_text + noisy_diagram[illumination],OK,radius,is_a,measure
457,8,full_text + noisy_diagram[illumination],OK,radius,has_measure,6_units
457,8,full_text + noisy_diagram[illumination],OK,equation,is_a,query_target
,,,,,,
472,8,full_text + noisy_diagram[illumination],OK,?,is_a,point
472,8,full_text + noisy_diagram[illumination],OK,?,has_measure,0
472,8,full_text + noisy_diagram[illumination],OK,?,has_measure,7
472,8,full_text + noisy_diagram[illumination],OK,?,has_measure,-5
472,8,full_text + noisy_diagram[illumination],OK,?,has_measure,5
472,8,full_text + noisy_diagram[illumination],OK,?,has_measure,-7
472,8,full_text + noisy_diagram[illumination],OK,?,is_a,semicircle
472,8,full_text + noisy_diagram[illumination],OK,?,passes_through,?
,,,,,,
