problem_index,case_id,case_label,status,subject,predicate,object
1,14,noisy_half_text[sentence] + half_diagram,OK,A,is_a,point
1,14,noisy_half_text[sentence] + half_diagram,OK,B,is_a,point
1,14,noisy_half_text[sentence] + half_diagram,OK,C,is_a,point
1,14,noisy_half_text[sentence] + half_diagram,OK,ABC,is_a,triangle
1,14,noisy_half_text[sentence] + half_diagram,OK,angle_A,is_a,angle
1,14,noisy_half_text[sentence] + half_diagram,OK,angle_A,has_measure,80_deg
1,14,noisy_half_text[sentence] + half_diagram,OK,D,is_a,point
1,14,noisy_half_text[sentence] + half_diagram,OK,D,lies_on,AB
1,14,noisy_half_text[sentence] + half_diagram,OK,E,is_a,point
1,14,noisy_half_text[sentence] + half_diagram,OK,E,lies_on,AC
1,14,noisy_half_text[sentence] + half_diagram,OK,DE,is_a,segment
1,14,noisy_half_text[sentence] + half_diagram,OK,BC,is_a,segment
1,14,noisy_half_text[sentence] + half_diagram,OK,DE,parallel_to,BC
1,14,noisy_half_text[sentence] + half_diagram,OK,angle_B,is_a,angle
1,14,noisy_half_text[sentence] + half_diagram,OK,angle_B,has_measure,60_deg
,,,,,,
2,14,noisy_half_text[sentence] + half_diagram,OK,A,is_a,point
2,14,noisy_half_text[sentence] + half_diagram,OK,B,is_a,point
2,14,noisy_half_text[sentence] + half_diagram,OK,AB,is_a,segment
2,14,noisy_half_text[sentence] + half_diagram,OK,AB,parallel_to,CD
2,14,noisy_half_text[sentence] + half_diagram,OK,CD,is_a,segment
2,14,noisy_half_text[sentence] + half_diagram,OK,C,is_a,point
2,14,noisy_half_text[sentence] + half_diagram,OK,D,is_a,point
2,14,noisy_half_text[sentence] + half_diagram,OK,E,is_a,point
2,14,noisy_half_text[sentence] + half_diagram,OK,F,is_a,point
2,14,noisy_half_text[sentence] + half_diagram,OK,EF,is_a,segment
2,14,noisy_half_text[sentence] + half_diagram,OK,EG,is_a,segment
2,14,noisy_half_text[sentence] + half_diagram,OK,∠BEF,is_a,angle
2,14,noisy_half_text[sentence] + half_diagram,OK,∠EFG,is_a,angle
2,14,noisy_half_text[sentence] + half_diagram,OK,∠EGF,is_a,angle
2,14,noisy_half_text[sentence] + half_diagram,OK,EF,intersects,AB
2,14,noisy_half_text[sentence] + half_diagram,OK,EF,intersects,CD
2,14,noisy_half_text[sentence] + half_diagram,OK,EF,intersects,"AB, at, E"
2,14,noisy_half_text[sentence] + half_diagram,OK,EF,intersects,"CD, at, F"
2,14,noisy_half_text[sentence] + half_diagram,OK,EG,bisects,∠BEF
2,14,noisy_half_text[sentence] + half_diagram,OK,EG,intersects,"CD, at, G"
2,14,noisy_half_text[sentence] + half_diagram,OK,∠EFG,has_measure,50_deg
,,,,,,
3,14,noisy_half_text[sentence] + half_diagram,OK,A,is_a,point
3,14,noisy_half_text[sentence] + half_diagram,OK,B,is_a,point
3,14,noisy_half_text[sentence] + half_diagram,OK,C,is_a,point
3,14,noisy_half_text[sentence] + half_diagram,OK,D,is_a,point
3,14,noisy_half_text[sentence] + half_diagram,OK,BC,is_a,segment
3,14,noisy_half_text[sentence] + half_diagram,OK,BA,is_a,segment
3,14,noisy_half_text[sentence] + half_diagram,OK,BD,is_a,segment
3,14,noisy_half_text[sentence] + half_diagram,OK,CD,is_a,segment
3,14,noisy_half_text[sentence] + half_diagram,OK,∠BCD,is_a,angle
3,14,noisy_half_text[sentence] + half_diagram,OK,∠ABC,is_a,angle
3,14,noisy_half_text[sentence] + half_diagram,OK,∠CDB,is_a,angle
3,14,noisy_half_text[sentence] + half_diagram,OK,BC,connects,B
3,14,noisy_half_text[sentence] + half_diagram,OK,BC,connects,C
3,14,noisy_half_text[sentence] + half_diagram,OK,BA,connects,B
3,14,noisy_half_text[sentence] + half_diagram,OK,BA,connects,A
3,14,noisy_half_text[sentence] + half_diagram,OK,BD,connects,B
3,14,noisy_half_text[sentence] + half_diagram,OK,BD,connects,D
3,14,noisy_half_text[sentence] + half_diagram,OK,CD,connects,C
3,14,noisy_half_text[sentence] + half_diagram,OK,CD,connects,D
3,14,noisy_half_text[sentence] + half_diagram,OK,∠BCD,has_measure,70_deg
3,14,noisy_half_text[sentence] + half_diagram,OK,CD,parallel_to,AB
3,14,noisy_half_text[sentence] + half_diagram,OK,BD,bisects,∠ABC
,,,,,,
4,14,noisy_half_text[sentence] + half_diagram,OK,A,is_a,point
4,14,noisy_half_text[sentence] + half_diagram,OK,B,is_a,point
4,14,noisy_half_text[sentence] + half_diagram,OK,O,is_a,point
4,14,noisy_half_text[sentence] + half_diagram,OK,C,is_a,point
4,14,noisy_half_text[sentence] + half_diagram,OK,AB,is_a,segment
4,14,noisy_half_text[sentence] + half_diagram,OK,AO,is_a,segment
4,14,noisy_half_text[sentence] + half_diagram,OK,BC,is_a,segment
4,14,noisy_half_text[sentence] + half_diagram,OK,∠A,is_a,angle
4,14,noisy_half_text[sentence] + half_diagram,OK,AB,tangent_to,circle_O
4,14,noisy_half_text[sentence] + half_diagram,OK,AO,intersects,circle_O
4,14,noisy_half_text[sentence] + half_diagram,OK,AO,intersects,"circle_O_at, point_C"
4,14,noisy_half_text[sentence] + half_diagram,OK,∠A,has_measure,36_deg
,,,,,,
7,14,noisy_half_text[sentence] + half_diagram,OK,A,is_a,point
7,14,noisy_half_text[sentence] + half_diagram,OK,B,is_a,point
7,14,noisy_half_text[sentence] + half_diagram,OK,C,is_a,point
7,14,noisy_half_text[sentence] + half_diagram,OK,D,is_a,point
7,14,noisy_half_text[sentence] + half_diagram,OK,E,is_a,point
7,14,noisy_half_text[sentence] + half_diagram,OK,ABC,is_a,triangle
7,14,noisy_half_text[sentence] + half_diagram,OK,ADE,is_a,triangle
7,14,noisy_half_text[sentence] + half_diagram,OK,ABC,is_a,"congruent_to, ADE"
7,14,noisy_half_text[sentence] + half_diagram,OK,A,is_a,common_vertex
7,14,noisy_half_text[sentence] + half_diagram,OK,∠B,has_measure,70_deg
7,14,noisy_half_text[sentence] + half_diagram,OK,∠C,has_measure,30_deg
7,14,noisy_half_text[sentence] + half_diagram,OK,∠DAC,has_measure,?
7,14,noisy_half_text[sentence] + half_diagram,OK,∠EAC,has_measure,?
,,,,,,
8,14,noisy_half_text[sentence] + half_diagram,OK,A,is_a,point
8,14,noisy_half_text[sentence] + half_diagram,OK,B,is_a,point
8,14,noisy_half_text[sentence] + half_diagram,OK,C,is_a,point
8,14,noisy_half_text[sentence] + half_diagram,OK,D,is_a,point
8,14,noisy_half_text[sentence] + half_diagram,OK,E,is_a,point
8,14,noisy_half_text[sentence] + half_diagram,OK,F,is_a,point
8,14,noisy_half_text[sentence] + half_diagram,OK,ABC,is_a,triangle
8,14,noisy_half_text[sentence] + half_diagram,OK,DEF,is_a,triangle
8,14,noisy_half_text[sentence] + half_diagram,OK,A,is_a,vertex
8,14,noisy_half_text[sentence] + half_diagram,OK,B,is_a,vertex
8,14,noisy_half_text[sentence] + half_diagram,OK,C,is_a,vertex
8,14,noisy_half_text[sentence] + half_diagram,OK,D,is_a,vertex
8,14,noisy_half_text[sentence] + half_diagram,OK,E,is_a,vertex
8,14,noisy_half_text[sentence] + half_diagram,OK,F,is_a,vertex
8,14,noisy_half_text[sentence] + half_diagram,OK,A,corresponds_to,D
8,14,noisy_half_text[sentence] + half_diagram,OK,B,corresponds_to,E
8,14,noisy_half_text[sentence] + half_diagram,OK,BF,is_a,segment
8,14,noisy_half_text[sentence] + half_diagram,OK,BF,has_measure,7.0_units
8,14,noisy_half_text[sentence] + half_diagram,OK,EC,is_a,segment
8,14,noisy_half_text[sentence] + half_diagram,OK,EC,has_measure,?
,,,,,,
9,14,noisy_half_text[sentence] + half_diagram,OK,A,is_a,point
9,14,noisy_half_text[sentence] + half_diagram,OK,B,is_a,point
9,14,noisy_half_text[sentence] + half_diagram,OK,C,is_a,point
9,14,noisy_half_text[sentence] + half_diagram,OK,D,is_a,point
9,14,noisy_half_text[sentence] + half_diagram,OK,E,is_a,point
9,14,noisy_half_text[sentence] + half_diagram,OK,ABC,is_a,triangle
9,14,noisy_half_text[sentence] + half_diagram,OK,∠C,is_a,angle
9,14,noisy_half_text[sentence] + half_diagram,OK,∠C,has_measure,90_deg
9,14,noisy_half_text[sentence] + half_diagram,OK,AC,is_a,segment
9,14,noisy_half_text[sentence] + half_diagram,OK,BC,is_a,segment
9,14,noisy_half_text[sentence] + half_diagram,OK,AC,has_measure,?
9,14,noisy_half_text[sentence] + half_diagram,OK,BC,has_measure,?
9,14,noisy_half_text[sentence] + half_diagram,OK,AD,is_a,segment
9,14,noisy_half_text[sentence] + half_diagram,OK,∠CAB,is_a,angle
9,14,noisy_half_text[sentence] + half_diagram,OK,AD,intersects,BC
9,14,noisy_half_text[sentence] + half_diagram,OK,DE,is_a,segment
9,14,noisy_half_text[sentence] + half_diagram,OK,DE,perpendicular_to,AB
9,14,noisy_half_text[sentence] + half_diagram,OK,AB,is_a,segment
9,14,noisy_half_text[sentence] + half_diagram,OK,AB,has_measure,6_units
,,,,,,
10,14,noisy_half_text[sentence] + half_diagram,OK,A,is_a,point
10,14,noisy_half_text[sentence] + half_diagram,OK,B,is_a,point
10,14,noisy_half_text[sentence] + half_diagram,OK,C,is_a,point
10,14,noisy_half_text[sentence] + half_diagram,OK,ABC,is_a,triangle
10,14,noisy_half_text[sentence] + half_diagram,OK,AB,is_a,segment
10,14,noisy_half_text[sentence] + half_diagram,OK,AC,is_a,segment
10,14,noisy_half_text[sentence] + half_diagram,OK,AB,has_measure,?
10,14,noisy_half_text[sentence] + half_diagram,OK,AC,has_measure,?
10,14,noisy_half_text[sentence] + half_diagram,OK,AB,equals,AC
10,14,noisy_half_text[sentence] + half_diagram,OK,D,is_a,point
10,14,noisy_half_text[sentence] + half_diagram,OK,E,is_a,point
10,14,noisy_half_text[sentence] + half_diagram,OK,AB,perpendicular_bisector,?
10,14,noisy_half_text[sentence] + half_diagram,OK,perpendicular_bisector,intersects,AC
10,14,noisy_half_text[sentence] + half_diagram,OK,perpendicular_bisector,intersects,AB
10,14,noisy_half_text[sentence] + half_diagram,OK,perpendicular_bisector,intersects,"AC, at, D"
10,14,noisy_half_text[sentence] + half_diagram,OK,perpendicular_bisector,intersects,"AB, at, E"
10,14,noisy_half_text[sentence] + half_diagram,OK,∠BAC,is_a,angle
10,14,noisy_half_text[sentence] + half_diagram,OK,∠BAC,has_measure,36_deg
,,,,,,
11,14,noisy_half_text[sentence] + half_diagram,OK,A,is_a,point
11,14,noisy_half_text[sentence] + half_diagram,OK,B,is_a,point
11,14,noisy_half_text[sentence] + half_diagram,OK,C,is_a,point
11,14,noisy_half_text[sentence] + half_diagram,OK,ABC,is_a,triangle
11,14,noisy_half_text[sentence] + half_diagram,OK,angle C,has_measure,36_deg
11,14,noisy_half_text[sentence] + half_diagram,OK,E,is_a,point
11,14,noisy_half_text[sentence] + half_diagram,OK,D,is_a,point
11,14,noisy_half_text[sentence] + half_diagram,OK,AED,is_a,triangle
11,14,noisy_half_text[sentence] + half_diagram,OK,AD,is_a,segment
11,14,noisy_half_text[sentence] + half_diagram,OK,BC,is_a,segment
11,14,noisy_half_text[sentence] + half_diagram,OK,F,is_a,point
11,14,noisy_half_text[sentence] + half_diagram,OK,AD,intersects,BC
11,14,noisy_half_text[sentence] + half_diagram,OK,AD,intersects,"BC, at, F"
11,14,noisy_half_text[sentence] + half_diagram,OK,ABC,rotated_about,A
11,14,noisy_half_text[sentence] + half_diagram,OK,ABC,mapped_to,AED
11,14,noisy_half_text[sentence] + half_diagram,OK,angle BAE,has_measure,60_deg
,,,,,,
14,14,noisy_half_text[sentence] + half_diagram,OK,O,is_a,circle
14,14,noisy_half_text[sentence] + half_diagram,OK,A,is_a,point
14,14,noisy_half_text[sentence] + half_diagram,OK,B,is_a,point
14,14,noisy_half_text[sentence] + half_diagram,OK,C,is_a,point
14,14,noisy_half_text[sentence] + half_diagram,OK,O,center_of,circle
14,14,noisy_half_text[sentence] + half_diagram,OK,A,lies_on,circle
14,14,noisy_half_text[sentence] + half_diagram,OK,B,lies_on,circle
14,14,noisy_half_text[sentence] + half_diagram,OK,C,lies_on,circle
14,14,noisy_half_text[sentence] + half_diagram,OK,A,connects,B
14,14,noisy_half_text[sentence] + half_diagram,OK,B,connects,C
14,14,noisy_half_text[sentence] + half_diagram,OK,C,connects,A
14,14,noisy_half_text[sentence] + half_diagram,OK,A,connects,O
14,14,noisy_half_text[sentence] + half_diagram,OK,B,connects,O
14,14,noisy_half_text[sentence] + half_diagram,OK,C,connects,O
14,14,noisy_half_text[sentence] + half_diagram,OK,ABC,is_a,triangle
14,14,noisy_half_text[sentence] + half_diagram,OK,triangle,inscribed_in,circle
14,14,noisy_half_text[sentence] + half_diagram,OK,∠AOB,is_a,angle
14,14,noisy_half_text[sentence] + half_diagram,OK,∠AOB,has_measure,35_deg
14,14,noisy_half_text[sentence] + half_diagram,OK,?,is_a,query
14,14,noisy_half_text[sentence] + half_diagram,OK,?,target_of,query
,,,,,,
16,14,noisy_half_text[sentence] + half_diagram,OK,O,is_a,point
16,14,noisy_half_text[sentence] + half_diagram,OK,OB,is_a,radius
16,14,noisy_half_text[sentence] + half_diagram,OK,AC,is_a,chord
16,14,noisy_half_text[sentence] + half_diagram,OK,AC,parallel_to,OB
16,14,noisy_half_text[sentence] + half_diagram,OK,∠BOC,is_a,angle
16,14,noisy_half_text[sentence] + half_diagram,OK,∠BOC,has_measure,50_deg
16,14,noisy_half_text[sentence] + half_diagram,OK,O,center_of,circle
16,14,noisy_half_text[sentence] + half_diagram,OK,AC,lies_on,circle
16,14,noisy_half_text[sentence] + half_diagram,OK,OB,lies_on,circle
16,14,noisy_half_text[sentence] + half_diagram,OK,OB,connects,"O, B"
16,14,noisy_half_text[sentence] + half_diagram,OK,AC,connects,"A, C"
16,14,noisy_half_text[sentence] + half_diagram,OK,∠BOC,connects,"B, O, C"
16,14,noisy_half_text[sentence] + half_diagram,OK,O,is_a,center
16,14,noisy_half_text[sentence] + half_diagram,OK,B,is_a,point
16,14,noisy_half_text[sentence] + half_diagram,OK,C,is_a,point
16,14,noisy_half_text[sentence] + half_diagram,OK,A,is_a,point
16,14,noisy_half_text[sentence] + half_diagram,OK,circle,is_a,circle
16,14,noisy_half_text[sentence] + half_diagram,OK,phone,is_a,phone
16,14,noisy_half_text[sentence] + half_diagram,OK,table,is_a,table
16,14,noisy_half_text[sentence] + half_diagram,OK,bicycle,is_a,bicycle
16,14,noisy_half_text[sentence] + half_diagram,OK,wall,is_a,wall
,,,,,,
17,14,noisy_half_text[sentence] + half_diagram,OK,A,is_a,point
17,14,noisy_half_text[sentence] + half_diagram,OK,B,is_a,point
17,14,noisy_half_text[sentence] + half_diagram,OK,C,is_a,point
17,14,noisy_half_text[sentence] + half_diagram,OK,D,is_a,point
17,14,noisy_half_text[sentence] + half_diagram,OK,ABCD,is_a,parallelogram
17,14,noisy_half_text[sentence] + half_diagram,OK,AC,is_a,diagonal
17,14,noisy_half_text[sentence] + half_diagram,OK,BD,is_a,diagonal
17,14,noisy_half_text[sentence] + half_diagram,OK,O,is_a,point
17,14,noisy_half_text[sentence] + half_diagram,OK,AC,intersects,BD
17,14,noisy_half_text[sentence] + half_diagram,OK,AC,intersects,O
17,14,noisy_half_text[sentence] + half_diagram,OK,BD,intersects,O
17,14,noisy_half_text[sentence] + half_diagram,OK,∠DAC,is_a,angle
17,14,noisy_half_text[sentence] + half_diagram,OK,∠DAC,has_measure,42_deg
17,14,noisy_half_text[sentence] + half_diagram,OK,∠CBD,is_a,angle
17,14,noisy_half_text[sentence] + half_diagram,OK,∠CBD,has_measure,23_deg
17,14,noisy_half_text[sentence] + half_diagram,OK,A,connects,B
17,14,noisy_half_text[sentence] + half_diagram,OK,B,connects,C
17,14,noisy_half_text[sentence] + half_diagram,OK,C,connects,D
17,14,noisy_half_text[sentence] + half_diagram,OK,D,connects,A
17,14,noisy_half_text[sentence] + half_diagram,OK,AC,connects,A
17,14,noisy_half_text[sentence] + half_diagram,OK,AC,connects,C
17,14,noisy_half_text[sentence] + half_diagram,OK,BD,connects,B
17,14,noisy_half_text[sentence] + half_diagram,OK,BD,connects,D
17,14,noisy_half_text[sentence] + half_diagram,OK,A,connects,D
17,14,noisy_half_text[sentence] + half_diagram,OK,C,connects,B
,,,,,,
20,14,noisy_half_text[sentence] + half_diagram,OK,O,is_a,circle
20,14,noisy_half_text[sentence] + half_diagram,OK,AB,is_a,"diameter_of, O"
20,14,noisy_half_text[sentence] + half_diagram,OK,A,is_a,point
20,14,noisy_half_text[sentence] + half_diagram,OK,B,is_a,point
20,14,noisy_half_text[sentence] + half_diagram,OK,C,is_a,point
20,14,noisy_half_text[sentence] + half_diagram,OK,D,is_a,point
20,14,noisy_half_text[sentence] + half_diagram,OK,C,lies_on,O
20,14,noisy_half_text[sentence] + half_diagram,OK,D,lies_on,O
20,14,noisy_half_text[sentence] + half_diagram,OK,AC,is_a,segment
20,14,noisy_half_text[sentence] + half_diagram,OK,BC,is_a,segment
20,14,noisy_half_text[sentence] + half_diagram,OK,CD,is_a,segment
20,14,noisy_half_text[sentence] + half_diagram,OK,OD,is_a,segment
20,14,noisy_half_text[sentence] + half_diagram,OK,∠DOB,is_a,angle
20,14,noisy_half_text[sentence] + half_diagram,OK,∠DOB,has_measure,?
20,14,noisy_half_text[sentence] + half_diagram,OK,∠ACD,is_a,angle
20,14,noisy_half_text[sentence] + half_diagram,OK,∠ACD,has_measure,?
,,,,,,
22,14,noisy_half_text[sentence] + half_diagram,OK,A,is_a,point
22,14,noisy_half_text[sentence] + half_diagram,OK,N,is_a,point
22,14,noisy_half_text[sentence] + half_diagram,OK,28_deg,is_a,angle
22,14,noisy_half_text[sentence] + half_diagram,OK,ABCD,is_a,diamond
22,14,noisy_half_text[sentence] + half_diagram,OK,M,is_a,point
22,14,noisy_half_text[sentence] + half_diagram,OK,AB,is_a,segment
22,14,noisy_half_text[sentence] + half_diagram,OK,CD,is_a,segment
22,14,noisy_half_text[sentence] + half_diagram,OK,M,lies_on,AB
22,14,noisy_half_text[sentence] + half_diagram,OK,N,lies_on,CD
22,14,noisy_half_text[sentence] + half_diagram,OK,AM,is_a,segment
22,14,noisy_half_text[sentence] + half_diagram,OK,CN,is_a,segment
22,14,noisy_half_text[sentence] + half_diagram,OK,AM,has_measure,?
22,14,noisy_half_text[sentence] + half_diagram,OK,CN,has_measure,?
22,14,noisy_half_text[sentence] + half_diagram,OK,MN,is_a,segment
22,14,noisy_half_text[sentence] + half_diagram,OK,AC,is_a,segment
22,14,noisy_half_text[sentence] + half_diagram,OK,MN,intersects,AC
22,14,noisy_half_text[sentence] + half_diagram,OK,O,is_a,point
22,14,noisy_half_text[sentence] + half_diagram,OK,MN,intersects,"AC, at, O"
22,14,noisy_half_text[sentence] + half_diagram,OK,AC,intersects,"MN, at, O"
22,14,noisy_half_text[sentence] + half_diagram,OK,BO,is_a,segment
22,14,noisy_half_text[sentence] + half_diagram,OK,DAC,is_a,angle
22,14,noisy_half_text[sentence] + half_diagram,OK,OBC,is_a,angle
22,14,noisy_half_text[sentence] + half_diagram,OK,angle DAC,has_measure,?
22,14,noisy_half_text[sentence] + half_diagram,OK,angle OBC,has_measure,?
,,,,,,
25,14,noisy_half_text[sentence] + half_diagram,OK,A,is_a,point
25,14,noisy_half_text[sentence] + half_diagram,OK,E,is_a,point
25,14,noisy_half_text[sentence] + half_diagram,OK,F,is_a,point
25,14,noisy_half_text[sentence] + half_diagram,OK,B,is_a,point
25,14,noisy_half_text[sentence] + half_diagram,OK,C,is_a,point
25,14,noisy_half_text[sentence] + half_diagram,OK,EF,is_a,segment
25,14,noisy_half_text[sentence] + half_diagram,OK,BC,is_a,segment
25,14,noisy_half_text[sentence] + half_diagram,OK,AC,is_a,segment
25,14,noisy_half_text[sentence] + half_diagram,OK,BAF,is_a,angle
25,14,noisy_half_text[sentence] + half_diagram,OK,∠B,is_a,angle
25,14,noisy_half_text[sentence] + half_diagram,OK,EF,parallel_to,BC
25,14,noisy_half_text[sentence] + half_diagram,OK,AC,bisects,∠BAF
25,14,noisy_half_text[sentence] + half_diagram,OK,∠B,has_measure,50_deg
25,14,noisy_half_text[sentence] + half_diagram,OK,A,is_a,cup
25,14,noisy_half_text[sentence] + half_diagram,OK,A,is_a,bicycle
,,,,,,
26,14,noisy_half_text[sentence] + half_diagram,OK,bamboo_pole,is_a,object
26,14,noisy_half_text[sentence] + half_diagram,OK,bamboo_pole,distance_to,8.0_m
26,14,noisy_half_text[sentence] + half_diagram,OK,flagpole,is_a,object
26,14,noisy_half_text[sentence] + half_diagram,OK,flagpole,distance_to,22.0_m
26,14,noisy_half_text[sentence] + half_diagram,OK,chair,is_a,object
26,14,noisy_half_text[sentence] + half_diagram,OK,bicycle,is_a,object
26,14,noisy_half_text[sentence] + half_diagram,OK,bicycle,leaning_against,wall
26,14,noisy_half_text[sentence] + half_diagram,OK,wall,is_a,object
26,14,noisy_half_text[sentence] + half_diagram,OK,height,is_a,?
26,14,noisy_half_text[sentence] + half_diagram,OK,bamboo_pole,distance_to,point
26,14,noisy_half_text[sentence] + half_diagram,OK,flagpole,distance_to,point
26,14,noisy_half_text[sentence] + half_diagram,OK,point,is_a,?
,,,,,,
29,14,noisy_half_text[sentence] + half_diagram,OK,A,is_a,point
29,14,noisy_half_text[sentence] + half_diagram,OK,B,is_a,point
29,14,noisy_half_text[sentence] + half_diagram,OK,C,is_a,point
29,14,noisy_half_text[sentence] + half_diagram,OK,D,is_a,point
29,14,noisy_half_text[sentence] + half_diagram,OK,ABC,is_a,triangle
29,14,noisy_half_text[sentence] + half_diagram,OK,A,lies_on,ABC
29,14,noisy_half_text[sentence] + half_diagram,OK,B,lies_on,ABC
29,14,noisy_half_text[sentence] + half_diagram,OK,C,lies_on,ABC
29,14,noisy_half_text[sentence] + half_diagram,OK,BD,is_a,segment
29,14,noisy_half_text[sentence] + half_diagram,OK,CD,is_a,segment
29,14,noisy_half_text[sentence] + half_diagram,OK,BD,intersects,CD
29,14,noisy_half_text[sentence] + half_diagram,OK,D,is_a,intersection_point
29,14,noisy_half_text[sentence] + half_diagram,OK,∠A,is_a,angle
29,14,noisy_half_text[sentence] + half_diagram,OK,∠A,has_measure,50_deg
29,14,noisy_half_text[sentence] + half_diagram,OK,∠BDC,is_a,angle
29,14,noisy_half_text[sentence] + half_diagram,OK,∠BDC,has_measure,?
,,,,,,
30,14,noisy_half_text[sentence] + half_diagram,OK,A,is_a,point
30,14,noisy_half_text[sentence] + half_diagram,OK,B,is_a,point
30,14,noisy_half_text[sentence] + half_diagram,OK,C,is_a,point
30,14,noisy_half_text[sentence] + half_diagram,OK,O,is_a,point
30,14,noisy_half_text[sentence] + half_diagram,OK,OA,is_a,segment
30,14,noisy_half_text[sentence] + half_diagram,OK,OB,is_a,segment
30,14,noisy_half_text[sentence] + half_diagram,OK,OC,is_a,segment
30,14,noisy_half_text[sentence] + half_diagram,OK,OA,has_measure,?
30,14,noisy_half_text[sentence] + half_diagram,OK,OB,has_measure,?
30,14,noisy_half_text[sentence] + half_diagram,OK,OC,has_measure,?
30,14,noisy_half_text[sentence] + half_diagram,OK,∠ACB,is_a,angle
30,14,noisy_half_text[sentence] + half_diagram,OK,∠ACB,has_measure,?
30,14,noisy_half_text[sentence] + half_diagram,OK,∠AOB,is_a,angle
30,14,noisy_half_text[sentence] + half_diagram,OK,∠AOB,has_measure,?
,,,,,,
32,14,noisy_half_text[sentence] + half_diagram,OK,A,is_a,point
32,14,noisy_half_text[sentence] + half_diagram,OK,ABC,is_a,triangle
32,14,noisy_half_text[sentence] + half_diagram,OK,I,is_a,inscribed_circle
32,14,noisy_half_text[sentence] + half_diagram,OK,I,center_of,triangle_ABC
32,14,noisy_half_text[sentence] + half_diagram,OK,D,lies_on,circle_I
32,14,noisy_half_text[sentence] + half_diagram,OK,E,lies_on,circle_I
32,14,noisy_half_text[sentence] + half_diagram,OK,F,lies_on,circle_I
32,14,noisy_half_text[sentence] + half_diagram,OK,D,is_a,tangent_point
32,14,noisy_half_text[sentence] + half_diagram,OK,E,is_a,tangent_point
32,14,noisy_half_text[sentence] + half_diagram,OK,F,is_a,tangent_point
32,14,noisy_half_text[sentence] + half_diagram,OK,∠IEF,is_a,angle
32,14,noisy_half_text[sentence] + half_diagram,OK,∠IEF,has_measure,52_deg
32,14,noisy_half_text[sentence] + half_diagram,OK,B,is_a,point)
32,14,noisy_half_text[sentence] + half_diagram,OK,C,is_a,point)
32,14,noisy_half_text[sentence] + half_diagram,OK,I,is_a,circle)
32,14,noisy_half_text[sentence] + half_diagram,OK,D,is_a,point)
32,14,noisy_half_text[sentence] + half_diagram,OK,E,is_a,point)
32,14,noisy_half_text[sentence] + half_diagram,OK,F,is_a,point)
,,,,,,
34,14,noisy_half_text[sentence] + half_diagram,OK,A,is_a,point
34,14,noisy_half_text[sentence] + half_diagram,OK,B,is_a,point
34,14,noisy_half_text[sentence] + half_diagram,OK,C,is_a,point
34,14,noisy_half_text[sentence] + half_diagram,OK,D,is_a,point
34,14,noisy_half_text[sentence] + half_diagram,OK,E,is_a,point
34,14,noisy_half_text[sentence] + half_diagram,OK,F,is_a,point
34,14,noisy_half_text[sentence] + half_diagram,OK,P,is_a,point
34,14,noisy_half_text[sentence] + half_diagram,OK,Q,is_a,point
34,14,noisy_half_text[sentence] + half_diagram,OK,AB,is_a,line
34,14,noisy_half_text[sentence] + half_diagram,OK,CD,is_a,line
34,14,noisy_half_text[sentence] + half_diagram,OK,EF,is_a,line
34,14,noisy_half_text[sentence] + half_diagram,OK,AB,parallel_to,CD
34,14,noisy_half_text[sentence] + half_diagram,OK,EF,intersects,AB
34,14,noisy_half_text[sentence] + half_diagram,OK,EF,intersects,CD
34,14,noisy_half_text[sentence] + half_diagram,OK,P,is_a,intersection
34,14,noisy_half_text[sentence] + half_diagram,OK,Q,is_a,intersection
34,14,noisy_half_text[sentence] + half_diagram,OK,P,is_a,"intersection_of, EF, AB"
34,14,noisy_half_text[sentence] + half_diagram,OK,Q,is_a,"intersection_of, EF, CD"
34,14,noisy_half_text[sentence] + half_diagram,OK,100_deg,is_a,angle
34,14,noisy_half_text[sentence] + half_diagram,OK,angle,is_a,angle
34,14,noisy_half_text[sentence] + half_diagram,OK,angle,has_measure,?
34,14,noisy_half_text[sentence] + half_diagram,OK,angle,is_a,angle_CQF
34,14,noisy_half_text[sentence] + half_diagram,OK,angle,lies_on,EF
34,14,noisy_half_text[sentence] + half_diagram,OK,angle,lies_on,CD
,,,,,,
36,14,noisy_half_text[sentence] + half_diagram,OK,A,is_a,point
36,14,noisy_half_text[sentence] + half_diagram,OK,B,is_a,point
36,14,noisy_half_text[sentence] + half_diagram,OK,O,is_a,point
36,14,noisy_half_text[sentence] + half_diagram,OK,AB,is_a,segment
36,14,noisy_half_text[sentence] + half_diagram,OK,D,is_a,point
36,14,noisy_half_text[sentence] + half_diagram,OK,C,is_a,point
36,14,noisy_half_text[sentence] + half_diagram,OK,CD,is_a,segment
36,14,noisy_half_text[sentence] + half_diagram,OK,circle O,is_a,circle
36,14,noisy_half_text[sentence] + half_diagram,OK,AB,center_of,circle O
36,14,noisy_half_text[sentence] + half_diagram,OK,AB,diameter_of,circle O
36,14,noisy_half_text[sentence] + half_diagram,OK,C,lies_on,circle O
36,14,noisy_half_text[sentence] + half_diagram,OK,CD,tangent_to,circle O
36,14,noisy_half_text[sentence] + half_diagram,OK,CD,tangent_to,C
36,14,noisy_half_text[sentence] + half_diagram,OK,∠BCD,has_measure,50_deg
,,,,,,
37,14,noisy_half_text[sentence] + half_diagram,OK,A,is_a,point
37,14,noisy_half_text[sentence] + half_diagram,OK,B,is_a,point
37,14,noisy_half_text[sentence] + half_diagram,OK,C,is_a,point
37,14,noisy_half_text[sentence] + half_diagram,OK,D,is_a,point
37,14,noisy_half_text[sentence] + half_diagram,OK,P,is_a,point
37,14,noisy_half_text[sentence] + half_diagram,OK,O,is_a,point
37,14,noisy_half_text[sentence] + half_diagram,OK,AB,is_a,segment
37,14,noisy_half_text[sentence] + half_diagram,OK,CD,is_a,segment
37,14,noisy_half_text[sentence] + half_diagram,OK,CP,is_a,segment
37,14,noisy_half_text[sentence] + half_diagram,OK,AO,is_a,segment
37,14,noisy_half_text[sentence] + half_diagram,OK,PO,is_a,segment
37,14,noisy_half_text[sentence] + half_diagram,OK,AB,parallel_to,CD
37,14,noisy_half_text[sentence] + half_diagram,OK,AO,has_measure,?
37,14,noisy_half_text[sentence] + half_diagram,OK,PO,has_measure,?
37,14,noisy_half_text[sentence] + half_diagram,OK,∠CPO,is_a,angle
37,14,noisy_half_text[sentence] + half_diagram,OK,∠CPO,has_measure,50_deg
37,14,noisy_half_text[sentence] + half_diagram,OK,AO,has_measure,PO
,,,,,,
38,14,noisy_half_text[sentence] + half_diagram,OK,A,is_a,point
38,14,noisy_half_text[sentence] + half_diagram,OK,B,is_a,point
38,14,noisy_half_text[sentence] + half_diagram,OK,C,is_a,point
38,14,noisy_half_text[sentence] + half_diagram,OK,D,is_a,point
38,14,noisy_half_text[sentence] + half_diagram,OK,AB,is_a,segment
38,14,noisy_half_text[sentence] + half_diagram,OK,AC,is_a,segment
38,14,noisy_half_text[sentence] + half_diagram,OK,AD,is_a,segment
38,14,noisy_half_text[sentence] + half_diagram,OK,BC,is_a,segment
38,14,noisy_half_text[sentence] + half_diagram,OK,Triangle_ABC,is_a,triangle
38,14,noisy_half_text[sentence] + half_diagram,OK,AB,has_measure,?
38,14,noisy_half_text[sentence] + half_diagram,OK,AC,has_measure,?
38,14,noisy_half_text[sentence] + half_diagram,OK,AD,is_a,line
38,14,noisy_half_text[sentence] + half_diagram,OK,BC,is_a,line
38,14,noisy_half_text[sentence] + half_diagram,OK,AD,parallel_to,BC
38,14,noisy_half_text[sentence] + half_diagram,OK,∠BAC,is_a,angle
38,14,noisy_half_text[sentence] + half_diagram,OK,∠BAC,has_measure,70_deg
,,,,,,
40,14,noisy_half_text[sentence] + half_diagram,OK,line a,is_a,line
40,14,noisy_half_text[sentence] + half_diagram,OK,line b,is_a,line
40,14,noisy_half_text[sentence] + half_diagram,OK,line a,parallel_to,line b
40,14,noisy_half_text[sentence] + half_diagram,OK,line a,above,line b
40,14,noisy_half_text[sentence] + half_diagram,OK,line c,is_a,line
40,14,noisy_half_text[sentence] + half_diagram,OK,line c,intersects,line a
40,14,noisy_half_text[sentence] + half_diagram,OK,line c,intersects,line b
40,14,noisy_half_text[sentence] + half_diagram,OK,angle 1,is_a,angle
40,14,noisy_half_text[sentence] + half_diagram,OK,angle 1,above,line a
40,14,noisy_half_text[sentence] + half_diagram,OK,angle 1,right_of,line c
40,14,noisy_half_text[sentence] + half_diagram,OK,angle 1,has_measure,50_deg
40,14,noisy_half_text[sentence] + half_diagram,OK,angle 2,is_a,angle
40,14,noisy_half_text[sentence] + half_diagram,OK,angle 2,below,line b
40,14,noisy_half_text[sentence] + half_diagram,OK,angle 2,left_of,line c
,,,,,,
43,14,noisy_half_text[sentence] + half_diagram,OK,A,is_a,point
43,14,noisy_half_text[sentence] + half_diagram,OK,B,is_a,point
43,14,noisy_half_text[sentence] + half_diagram,OK,O,is_a,point
43,14,noisy_half_text[sentence] + half_diagram,OK,AB,is_a,segment
43,14,noisy_half_text[sentence] + half_diagram,OK,D,is_a,point
43,14,noisy_half_text[sentence] + half_diagram,OK,D,lies_on,AB
43,14,noisy_half_text[sentence] + half_diagram,OK,OAB,is_a,triangle
43,14,noisy_half_text[sentence] + half_diagram,OK,ODC,is_a,triangle
43,14,noisy_half_text[sentence] + half_diagram,OK,OAB,rotated_about,ODC
43,14,noisy_half_text[sentence] + half_diagram,OK,OAB,rotated_about,30_deg
43,14,noisy_half_text[sentence] + half_diagram,OK,AOD,is_a,angle
43,14,noisy_half_text[sentence] + half_diagram,OK,AOD,has_measure,30_deg
43,14,noisy_half_text[sentence] + half_diagram,OK,AOB,is_a,angle
43,14,noisy_half_text[sentence] + half_diagram,OK,AOB,has_measure,100_deg
43,14,noisy_half_text[sentence] + half_diagram,OK,DOB,is_a,angle
,,,,,,
44,14,noisy_half_text[sentence] + half_diagram,OK,A,is_a,point
44,14,noisy_half_text[sentence] + half_diagram,OK,B,is_a,point
44,14,noisy_half_text[sentence] + half_diagram,OK,AB,is_a,segment
44,14,noisy_half_text[sentence] + half_diagram,OK,AB,has_measure,30_units
44,14,noisy_half_text[sentence] + half_diagram,OK,A,is_a,street_lamp
44,14,noisy_half_text[sentence] + half_diagram,OK,B,is_a,street_lamp
44,14,noisy_half_text[sentence] + half_diagram,OK,Xiaogang,is_a,person
44,14,noisy_half_text[sentence] + half_diagram,OK,Xiaogang,has_measure,1.5_units
44,14,noisy_half_text[sentence] + half_diagram,OK,?,is_a,height
44,14,noisy_half_text[sentence] + half_diagram,OK,?,is_a,street_lamp
,,,,,,
45,14,noisy_half_text[sentence] + half_diagram,OK,A,is_a,point
45,14,noisy_half_text[sentence] + half_diagram,OK,B,is_a,point
45,14,noisy_half_text[sentence] + half_diagram,OK,C,is_a,point
45,14,noisy_half_text[sentence] + half_diagram,OK,O,is_a,point
45,14,noisy_half_text[sentence] + half_diagram,OK,ABC,is_a,triangle
45,14,noisy_half_text[sentence] + half_diagram,OK,A,lies_on,circle
45,14,noisy_half_text[sentence] + half_diagram,OK,B,lies_on,circle
45,14,noisy_half_text[sentence] + half_diagram,OK,C,lies_on,circle
45,14,noisy_half_text[sentence] + half_diagram,OK,O,center_of,circle
45,14,noisy_half_text[sentence] + half_diagram,OK,∠ACB,has_measure,35_deg
45,14,noisy_half_text[sentence] + half_diagram,OK,∠AOB,has_measure,?
,,,,,,
46,14,noisy_half_text[sentence] + half_diagram,OK,A,is_a,point
46,14,noisy_half_text[sentence] + half_diagram,OK,B,is_a,point
46,14,noisy_half_text[sentence] + half_diagram,OK,C,is_a,point
46,14,noisy_half_text[sentence] + half_diagram,OK,D,is_a,point
46,14,noisy_half_text[sentence] + half_diagram,OK,E,is_a,point
46,14,noisy_half_text[sentence] + half_diagram,OK,O,is_a,point
46,14,noisy_half_text[sentence] + half_diagram,OK,AB,is_a,segment
46,14,noisy_half_text[sentence] + half_diagram,OK,CD,is_a,segment
46,14,noisy_half_text[sentence] + half_diagram,OK,AE,is_a,segment
46,14,noisy_half_text[sentence] + half_diagram,OK,∠EOC,is_a,angle
46,14,noisy_half_text[sentence] + half_diagram,OK,AB,parallel_to,CD
46,14,noisy_half_text[sentence] + half_diagram,OK,AB,intersects,AE
46,14,noisy_half_text[sentence] + half_diagram,OK,CD,intersects,AE
46,14,noisy_half_text[sentence] + half_diagram,OK,AE,intersects,"AB, at, A"
46,14,noisy_half_text[sentence] + half_diagram,OK,AE,intersects,"CD, at, O"
46,14,noisy_half_text[sentence] + half_diagram,OK,∠EAB,has_measure,70_deg
,,,,,,
48,14,noisy_half_text[sentence] + half_diagram,OK,O,is_a,circle
48,14,noisy_half_text[sentence] + half_diagram,OK,A,is_a,point
48,14,noisy_half_text[sentence] + half_diagram,OK,B,is_a,point
48,14,noisy_half_text[sentence] + half_diagram,OK,C,is_a,point
48,14,noisy_half_text[sentence] + half_diagram,OK,A,lies_on,O
48,14,noisy_half_text[sentence] + half_diagram,OK,B,lies_on,O
48,14,noisy_half_text[sentence] + half_diagram,OK,C,lies_on,O
48,14,noisy_half_text[sentence] + half_diagram,OK,O,center_of,O
48,14,noisy_half_text[sentence] + half_diagram,OK,∠BOC,is_a,angle
48,14,noisy_half_text[sentence] + half_diagram,OK,∠BOC,has_measure,100_deg
48,14,noisy_half_text[sentence] + half_diagram,OK,A,lies_on,arc_BC
48,14,noisy_half_text[sentence] + half_diagram,OK,cup,is_a,object
48,14,noisy_half_text[sentence] + half_diagram,OK,cup,lies_on,window
48,14,noisy_half_text[sentence] + half_diagram,OK,phone,is_a,object
48,14,noisy_half_text[sentence] + half_diagram,OK,phone,vibrated,once
48,14,noisy_half_text[sentence] + half_diagram,OK,phone,lies_on,table
,,,,,,
49,14,noisy_half_text[sentence] + half_diagram,OK,A,is_a,point
49,14,noisy_half_text[sentence] + half_diagram,OK,B,is_a,point
49,14,noisy_half_text[sentence] + half_diagram,OK,C,is_a,point
49,14,noisy_half_text[sentence] + half_diagram,OK,D,is_a,point
49,14,noisy_half_text[sentence] + half_diagram,OK,E,is_a,point
49,14,noisy_half_text[sentence] + half_diagram,OK,O,is_a,point
49,14,noisy_half_text[sentence] + half_diagram,OK,ABCDE,is_a,pentagon
49,14,noisy_half_text[sentence] + half_diagram,OK,O,center_of,circle
49,14,noisy_half_text[sentence] + half_diagram,OK,A,lies_on,circle
49,14,noisy_half_text[sentence] + half_diagram,OK,B,lies_on,circle
49,14,noisy_half_text[sentence] + half_diagram,OK,C,lies_on,circle
49,14,noisy_half_text[sentence] + half_diagram,OK,D,lies_on,circle
49,14,noisy_half_text[sentence] + half_diagram,OK,E,lies_on,circle
49,14,noisy_half_text[sentence] + half_diagram,OK,A,connects,B
49,14,noisy_half_text[sentence] + half_diagram,OK,B,connects,C
49,14,noisy_half_text[sentence] + half_diagram,OK,C,connects,D
49,14,noisy_half_text[sentence] + half_diagram,OK,D,connects,E
49,14,noisy_half_text[sentence] + half_diagram,OK,E,connects,A
49,14,noisy_half_text[sentence] + half_diagram,OK,A,connects,E
49,14,noisy_half_text[sentence] + half_diagram,OK,E,connects,D
49,14,noisy_half_text[sentence] + half_diagram,OK,AED,is_a,angle
49,14,noisy_half_text[sentence] + half_diagram,OK,AED,has_measure,115_deg
49,14,noisy_half_text[sentence] + half_diagram,OK,ABC,is_a,angle
49,14,noisy_half_text[sentence] + half_diagram,OK,ABC,has_measure,?
49,14,noisy_half_text[sentence] + half_diagram,OK,∠AOE,is_a,angle
49,14,noisy_half_text[sentence] + half_diagram,OK,∠AOE,has_measure,30_deg
,,,,,,
50,14,noisy_half_text[sentence] + half_diagram,OK,A,is_a,point
50,14,noisy_half_text[sentence] + half_diagram,OK,B,is_a,point
50,14,noisy_half_text[sentence] + half_diagram,OK,C,is_a,point
50,14,noisy_half_text[sentence] + half_diagram,OK,D,is_a,point
50,14,noisy_half_text[sentence] + half_diagram,OK,E,is_a,point
50,14,noisy_half_text[sentence] + half_diagram,OK,O,is_a,point
50,14,noisy_half_text[sentence] + half_diagram,OK,AB,is_a,segment
50,14,noisy_half_text[sentence] + half_diagram,OK,CD,is_a,segment
50,14,noisy_half_text[sentence] + half_diagram,OK,EO,is_a,segment
50,14,noisy_half_text[sentence] + half_diagram,OK,AB,intersects,CD
50,14,noisy_half_text[sentence] + half_diagram,OK,AB,intersects,EO
50,14,noisy_half_text[sentence] + half_diagram,OK,CD,intersects,AB
50,14,noisy_half_text[sentence] + half_diagram,OK,EO,intersects,AB
50,14,noisy_half_text[sentence] + half_diagram,OK,EO,perpendicular_to,AB
50,14,noisy_half_text[sentence] + half_diagram,OK,∠AOB,is_a,angle
50,14,noisy_half_text[sentence] + half_diagram,OK,∠AOB,has_measure,50_deg
50,14,noisy_half_text[sentence] + half_diagram,OK,A,lies_on,AB
50,14,noisy_half_text[sentence] + half_diagram,OK,B,lies_on,AB
50,14,noisy_half_text[sentence] + half_diagram,OK,C,lies_on,CD
50,14,noisy_half_text[sentence] + half_diagram,OK,D,lies_on,CD
50,14,noisy_half_text[sentence] + half_diagram,OK,E,lies_on,EO
50,14,noisy_half_text[sentence] + half_diagram,OK,O,lies_on,AB
50,14,noisy_half_text[sentence] + half_diagram,OK,O,lies_on,CD
50,14,noisy_half_text[sentence] + half_diagram,OK,O,lies_on,EO
,,,,,,
53,14,noisy_half_text[sentence] + half_diagram,OK,a,is_a,line
53,14,noisy_half_text[sentence] + half_diagram,OK,b,is_a,line
53,14,noisy_half_text[sentence] + half_diagram,OK,c,is_a,line
53,14,noisy_half_text[sentence] + half_diagram,OK,a,parallel_to,b
53,14,noisy_half_text[sentence] + half_diagram,OK,c,intersects,a
53,14,noisy_half_text[sentence] + half_diagram,OK,c,intersects,b
53,14,noisy_half_text[sentence] + half_diagram,OK,P,is_a,point
53,14,noisy_half_text[sentence] + half_diagram,OK,Q,is_a,point
53,14,noisy_half_text[sentence] + half_diagram,OK,c,intersects,"a, at, P"
53,14,noisy_half_text[sentence] + half_diagram,OK,c,intersects,"b, at, Q"
53,14,noisy_half_text[sentence] + half_diagram,OK,∠P,is_a,angle
53,14,noisy_half_text[sentence] + half_diagram,OK,∠P,has_measure,155_deg
53,14,noisy_half_text[sentence] + half_diagram,OK,∠Q,is_a,angle
53,14,noisy_half_text[sentence] + half_diagram,OK,∠Q,has_measure,2
,,,,,,
55,14,noisy_half_text[sentence] + half_diagram,OK,A,is_a,point
55,14,noisy_half_text[sentence] + half_diagram,OK,B,is_a,point)
55,14,noisy_half_text[sentence] + half_diagram,OK,C,is_a,point)
55,14,noisy_half_text[sentence] + half_diagram,OK,D,is_a,point)
55,14,noisy_half_text[sentence] + half_diagram,OK,O,is_a,point)
55,14,noisy_half_text[sentence] + half_diagram,OK,M,is_a,point)
55,14,noisy_half_text[sentence] + half_diagram,OK,AB,is_a,line)
55,14,noisy_half_text[sentence] + half_diagram,OK,CD,is_a,line)
55,14,noisy_half_text[sentence] + half_diagram,OK,OM,is_a,line)
55,14,noisy_half_text[sentence] + half_diagram,OK,ON,is_a,line)
55,14,noisy_half_text[sentence] + half_diagram,OK,AB,intersects,CD)
55,14,noisy_half_text[sentence] + half_diagram,OK,OM,bisects,∠AOC)
55,14,noisy_half_text[sentence] + half_diagram,OK,ON,perpendicular_to,OM)
55,14,noisy_half_text[sentence] + half_diagram,OK,∠AOM,has_measure,70_deg)
,,,,,,
56,14,noisy_half_text[sentence] + half_diagram,OK,C,is_a,point
56,14,noisy_half_text[sentence] + half_diagram,OK,O,is_a,point
56,14,noisy_half_text[sentence] + half_diagram,OK,D,is_a,point
56,14,noisy_half_text[sentence] + half_diagram,OK,E,is_a,point
56,14,noisy_half_text[sentence] + half_diagram,OK,F,is_a,point
56,14,noisy_half_text[sentence] + half_diagram,OK,G,is_a,point
56,14,noisy_half_text[sentence] + half_diagram,OK,O,is_a,circle
56,14,noisy_half_text[sentence] + half_diagram,OK,CD,is_a,diameter
56,14,noisy_half_text[sentence] + half_diagram,OK,EF,is_a,chord
56,14,noisy_half_text[sentence] + half_diagram,OK,CD,intersects,EF
56,14,noisy_half_text[sentence] + half_diagram,OK,G,is_a,midpoint
56,14,noisy_half_text[sentence] + half_diagram,OK,CD,connects,G
56,14,noisy_half_text[sentence] + half_diagram,OK,EF,connects,G
56,14,noisy_half_text[sentence] + half_diagram,OK,∠COD,is_a,angle
56,14,noisy_half_text[sentence] + half_diagram,OK,∠COD,has_measure,20_deg
,,,,,,
57,14,noisy_half_text[sentence] + half_diagram,OK,A,is_a,point
57,14,noisy_half_text[sentence] + half_diagram,OK,B,is_a,point
57,14,noisy_half_text[sentence] + half_diagram,OK,C,is_a,point
57,14,noisy_half_text[sentence] + half_diagram,OK,D,is_a,point
57,14,noisy_half_text[sentence] + half_diagram,OK,AB,is_a,segment
57,14,noisy_half_text[sentence] + half_diagram,OK,CD,is_a,segment
57,14,noisy_half_text[sentence] + half_diagram,OK,AD,is_a,segment
57,14,noisy_half_text[sentence] + half_diagram,OK,BC,is_a,segment
57,14,noisy_half_text[sentence] + half_diagram,OK,AB,parallel_to,CD
57,14,noisy_half_text[sentence] + half_diagram,OK,AD,intersects,A
57,14,noisy_half_text[sentence] + half_diagram,OK,AD,intersects,D
57,14,noisy_half_text[sentence] + half_diagram,OK,BC,intersects,B
57,14,noisy_half_text[sentence] + half_diagram,OK,BC,intersects,C
57,14,noisy_half_text[sentence] + half_diagram,OK,∠B,has_measure,20_deg
57,14,noisy_half_text[sentence] + half_diagram,OK,?,is_a,angle
,,,,,,
58,14,noisy_half_text[sentence] + half_diagram,OK,A,is_a,point
58,14,noisy_half_text[sentence] + half_diagram,OK,B,is_a,point
58,14,noisy_half_text[sentence] + half_diagram,OK,AB,is_a,segment
58,14,noisy_half_text[sentence] + half_diagram,OK,C,is_a,point
58,14,noisy_half_text[sentence] + half_diagram,OK,D,is_a,point
58,14,noisy_half_text[sentence] + half_diagram,OK,CD,is_a,segment
58,14,noisy_half_text[sentence] + half_diagram,OK,E,is_a,point
58,14,noisy_half_text[sentence] + half_diagram,OK,AB,parallel_to,CD
58,14,noisy_half_text[sentence] + half_diagram,OK,E,lies_on,AB
58,14,noisy_half_text[sentence] + half_diagram,OK,EC,is_a,segment
58,14,noisy_half_text[sentence] + half_diagram,OK,ED,is_a,segment
58,14,noisy_half_text[sentence] + half_diagram,OK,EC,intersects,CD
58,14,noisy_half_text[sentence] + half_diagram,OK,ED,intersects,CD
58,14,noisy_half_text[sentence] + half_diagram,OK,EC,intersects,"CD, at, C"
58,14,noisy_half_text[sentence] + half_diagram,OK,ED,intersects,"CD, at, D"
58,14,noisy_half_text[sentence] + half_diagram,OK,∠AEC,is_a,angle
58,14,noisy_half_text[sentence] + half_diagram,OK,∠AEC,has_measure,35_deg
58,14,noisy_half_text[sentence] + half_diagram,OK,∠CED,is_a,angle
58,14,noisy_half_text[sentence] + half_diagram,OK,∠CED,has_measure,90_deg
58,14,noisy_half_text[sentence] + half_diagram,OK,∠EDC,is_a,angle
58,14,noisy_half_text[sentence] + half_diagram,OK,∠EDC,has_measure,?
,,,,,,
59,14,noisy_half_text[sentence] + half_diagram,OK,A,is_a,point
59,14,noisy_half_text[sentence] + half_diagram,OK,B,is_a,point
59,14,noisy_half_text[sentence] + half_diagram,OK,C,is_a,point
59,14,noisy_half_text[sentence] + half_diagram,OK,D,is_a,point
59,14,noisy_half_text[sentence] + half_diagram,OK,AB,is_a,segment
59,14,noisy_half_text[sentence] + half_diagram,OK,CD,is_a,segment
59,14,noisy_half_text[sentence] + half_diagram,OK,AD,is_a,segment
59,14,noisy_half_text[sentence] + half_diagram,OK,AC,is_a,segment
59,14,noisy_half_text[sentence] + half_diagram,OK,BC,is_a,segment
59,14,noisy_half_text[sentence] + half_diagram,OK,BD,is_a,segment
59,14,noisy_half_text[sentence] + half_diagram,OK,AB,parallel_to,CD
59,14,noisy_half_text[sentence] + half_diagram,OK,AD,bisects,∠BAC
59,14,noisy_half_text[sentence] + half_diagram,OK,∠ACD,has_measure,80_deg
,,,,,,
60,14,noisy_half_text[sentence] + half_diagram,OK,A,is_a,point
60,14,noisy_half_text[sentence] + half_diagram,OK,B,is_a,point
60,14,noisy_half_text[sentence] + half_diagram,OK,AB,is_a,segment
60,14,noisy_half_text[sentence] + half_diagram,OK,C,is_a,point
60,14,noisy_half_text[sentence] + half_diagram,OK,D,is_a,point
60,14,noisy_half_text[sentence] + half_diagram,OK,CD,is_a,segment
60,14,noisy_half_text[sentence] + half_diagram,OK,E,is_a,point
60,14,noisy_half_text[sentence] + half_diagram,OK,F,is_a,point
60,14,noisy_half_text[sentence] + half_diagram,OK,EF,is_a,segment
60,14,noisy_half_text[sentence] + half_diagram,OK,AB,parallel_to,CD
60,14,noisy_half_text[sentence] + half_diagram,OK,AB,intersects,EF
60,14,noisy_half_text[sentence] + half_diagram,OK,CD,intersects,EF
60,14,noisy_half_text[sentence] + half_diagram,OK,∠CEF,is_a,angle
60,14,noisy_half_text[sentence] + half_diagram,OK,∠CEF,has_measure,135_deg
60,14,noisy_half_text[sentence] + half_diagram,OK,∠1,is_a,angle
60,14,noisy_half_text[sentence] + half_diagram,OK,∠2,is_a,angle
60,14,noisy_half_text[sentence] + half_diagram,OK,P,is_a,point
60,14,noisy_half_text[sentence] + half_diagram,OK,EF,intersects,"AB, P"
60,14,noisy_half_text[sentence] + half_diagram,OK,EF,intersects,"CD, E"
60,14,noisy_half_text[sentence] + half_diagram,OK,Question,is_a,angle
60,14,noisy_half_text[sentence] + half_diagram,OK,Question,mapped_to,∠1
,,,,,,
64,14,noisy_half_text[sentence] + half_diagram,OK,O,is_a,point
64,14,noisy_half_text[sentence] + half_diagram,OK,A,is_a,point
64,14,noisy_half_text[sentence] + half_diagram,OK,B,is_a,point
64,14,noisy_half_text[sentence] + half_diagram,OK,AB,is_a,segment
64,14,noisy_half_text[sentence] + half_diagram,OK,AB,connects,A
64,14,noisy_half_text[sentence] + half_diagram,OK,AB,connects,B
64,14,noisy_half_text[sentence] + half_diagram,OK,O,center_of,circle
64,14,noisy_half_text[sentence] + half_diagram,OK,AB,lies_on,circle
64,14,noisy_half_text[sentence] + half_diagram,OK,AB,has_measure,160_units
64,14,noisy_half_text[sentence] + half_diagram,OK,circle,radius_of,O
64,14,noisy_half_text[sentence] + half_diagram,OK,O,is_a,center
64,14,noisy_half_text[sentence] + half_diagram,OK,200,is_a,diameter
64,14,noisy_half_text[sentence] + half_diagram,OK,200,has_measure,200_units
64,14,noisy_half_text[sentence] + half_diagram,OK,AB,is_a,chord
64,14,noisy_half_text[sentence] + half_diagram,OK,?,is_a,depth
64,14,noisy_half_text[sentence] + half_diagram,OK,?,is_a,maximum_depth
64,14,noisy_half_text[sentence] + half_diagram,OK,maximum_depth,is_a,query_target
,,,,,,
72,14,noisy_half_text[sentence] + half_diagram,OK,AB,is_a,segment
72,14,noisy_half_text[sentence] + half_diagram,OK,BC,is_a,segment
72,14,noisy_half_text[sentence] + half_diagram,OK,CD,is_a,segment
72,14,noisy_half_text[sentence] + half_diagram,OK,DA,is_a,segment
72,14,noisy_half_text[sentence] + half_diagram,OK,AB+BC+CD+DA,has_measure,16
72,14,noisy_half_text[sentence] + half_diagram,OK,A,is_a,point
72,14,noisy_half_text[sentence] + half_diagram,OK,B,is_a,point
72,14,noisy_half_text[sentence] + half_diagram,OK,C,is_a,point
72,14,noisy_half_text[sentence] + half_diagram,OK,D,is_a,point
72,14,noisy_half_text[sentence] + half_diagram,OK,O,is_a,point
72,14,noisy_half_text[sentence] + half_diagram,OK,E,is_a,point
72,14,noisy_half_text[sentence] + half_diagram,OK,ABCD,is_a,parallelogram
72,14,noisy_half_text[sentence] + half_diagram,OK,O,intersects,AB
72,14,noisy_half_text[sentence] + half_diagram,OK,O,intersects,CD
72,14,noisy_half_text[sentence] + half_diagram,OK,O,intersects,AC
72,14,noisy_half_text[sentence] + half_diagram,OK,O,intersects,BD
72,14,noisy_half_text[sentence] + half_diagram,OK,OE,is_a,segment
72,14,noisy_half_text[sentence] + half_diagram,OK,OE,perpendicular_to,AC
72,14,noisy_half_text[sentence] + half_diagram,OK,E,lies_on,AD
,,,,,,
73,14,noisy_half_text[sentence] + half_diagram,OK,A,is_a,point
73,14,noisy_half_text[sentence] + half_diagram,OK,B,is_a,point
73,14,noisy_half_text[sentence] + half_diagram,OK,C,is_a,point
73,14,noisy_half_text[sentence] + half_diagram,OK,O,is_a,point
73,14,noisy_half_text[sentence] + half_diagram,OK,ABC,is_a,triangle
73,14,noisy_half_text[sentence] + half_diagram,OK,O,is_a,circle
73,14,noisy_half_text[sentence] + half_diagram,OK,ABC,lies_on,O
73,14,noisy_half_text[sentence] + half_diagram,OK,O,center_of,O
73,14,noisy_half_text[sentence] + half_diagram,OK,A,connects,B
73,14,noisy_half_text[sentence] + half_diagram,OK,B,connects,C
73,14,noisy_half_text[sentence] + half_diagram,OK,C,connects,A
73,14,noisy_half_text[sentence] + half_diagram,OK,AB,is_a,segment
73,14,noisy_half_text[sentence] + half_diagram,OK,BC,is_a,segment
73,14,noisy_half_text[sentence] + half_diagram,OK,CA,is_a,segment
73,14,noisy_half_text[sentence] + half_diagram,OK,∠ABC,is_a,angle
73,14,noisy_half_text[sentence] + half_diagram,OK,∠ABC,has_measure,70_deg
,,,,,,
78,14,noisy_half_text[sentence] + half_diagram,OK,A,is_a,point
78,14,noisy_half_text[sentence] + half_diagram,OK,B,is_a,point
78,14,noisy_half_text[sentence] + half_diagram,OK,C,is_a,point
78,14,noisy_half_text[sentence] + half_diagram,OK,D,is_a,point
78,14,noisy_half_text[sentence] + half_diagram,OK,E,is_a,point
78,14,noisy_half_text[sentence] + half_diagram,OK,AB,is_a,segment
78,14,noisy_half_text[sentence] + half_diagram,OK,CD,is_a,segment
78,14,noisy_half_text[sentence] + half_diagram,OK,AE,is_a,segment
78,14,noisy_half_text[sentence] + half_diagram,OK,∠CAB,is_a,angle
78,14,noisy_half_text[sentence] + half_diagram,OK,AB,parallel_to,CD
78,14,noisy_half_text[sentence] + half_diagram,OK,AE,bisects,∠CAB
78,14,noisy_half_text[sentence] + half_diagram,OK,E,lies_on,CD
78,14,noisy_half_text[sentence] + half_diagram,OK,?,is_a,query_target
,,,,,,
79,14,noisy_half_text[sentence] + half_diagram,OK,AB,is_a,segment
79,14,noisy_half_text[sentence] + half_diagram,OK,BC,is_a,segment
79,14,noisy_half_text[sentence] + half_diagram,OK,CD,is_a,segment
79,14,noisy_half_text[sentence] + half_diagram,OK,DA,is_a,segment
79,14,noisy_half_text[sentence] + half_diagram,OK,A,is_a,point
79,14,noisy_half_text[sentence] + half_diagram,OK,B,is_a,point
79,14,noisy_half_text[sentence] + half_diagram,OK,C,is_a,point
79,14,noisy_half_text[sentence] + half_diagram,OK,D,is_a,point
79,14,noisy_half_text[sentence] + half_diagram,OK,O,is_a,point
79,14,noisy_half_text[sentence] + half_diagram,OK,ABCD,is_a,parallelogram
79,14,noisy_half_text[sentence] + half_diagram,OK,AC,is_a,diagonal
79,14,noisy_half_text[sentence] + half_diagram,OK,BD,is_a,diagonal
79,14,noisy_half_text[sentence] + half_diagram,OK,AC,intersects,BD
79,14,noisy_half_text[sentence] + half_diagram,OK,AC,intersects,O
79,14,noisy_half_text[sentence] + half_diagram,OK,BD,intersects,O
79,14,noisy_half_text[sentence] + half_diagram,OK,E,is_a,point
79,14,noisy_half_text[sentence] + half_diagram,OK,E,lies_on,AD
79,14,noisy_half_text[sentence] + half_diagram,OK,O,perpendicular_to,AC
79,14,noisy_half_text[sentence] + half_diagram,OK,AB+BC+CD+DA,has_measure,32
,,,,,,
81,14,noisy_half_text[sentence] + half_diagram,OK,A,is_a,point
81,14,noisy_half_text[sentence] + half_diagram,OK,B,is_a,point
81,14,noisy_half_text[sentence] + half_diagram,OK,C,is_a,point
81,14,noisy_half_text[sentence] + half_diagram,OK,ABC,is_a,triangle
81,14,noisy_half_text[sentence] + half_diagram,OK,∠BAC,is_a,angle
81,14,noisy_half_text[sentence] + half_diagram,OK,∠BAC,has_measure,90_deg
81,14,noisy_half_text[sentence] + half_diagram,OK,AD,is_a,segment
81,14,noisy_half_text[sentence] + half_diagram,OK,AD,perpendicular_to,BC
81,14,noisy_half_text[sentence] + half_diagram,OK,D,is_a,point
81,14,noisy_half_text[sentence] + half_diagram,OK,BC,is_a,segment
81,14,noisy_half_text[sentence] + half_diagram,OK,AE,is_a,segment
81,14,noisy_half_text[sentence] + half_diagram,OK,∠DAC,is_a,angle
81,14,noisy_half_text[sentence] + half_diagram,OK,AE,bisects,∠DAC
81,14,noisy_half_text[sentence] + half_diagram,OK,E,is_a,point
81,14,noisy_half_text[sentence] + half_diagram,OK,DC,is_a,segment
81,14,noisy_half_text[sentence] + half_diagram,OK,D,lies_on,BC
81,14,noisy_half_text[sentence] + half_diagram,OK,E,lies_on,DC
81,14,noisy_half_text[sentence] + half_diagram,OK,∠DAE,is_a,angle
81,14,noisy_half_text[sentence] + half_diagram,OK,∠DAE,has_measure,?
,,,,,,
84,14,noisy_half_text[sentence] + half_diagram,OK,A,is_a,point
84,14,noisy_half_text[sentence] + half_diagram,OK,ABC,is_a,triangle
84,14,noisy_half_text[sentence] + half_diagram,OK,ABC,lies_on,O
84,14,noisy_half_text[sentence] + half_diagram,OK,AB,is_a,segment
84,14,noisy_half_text[sentence] + half_diagram,OK,AC,is_a,segment
84,14,noisy_half_text[sentence] + half_diagram,OK,BC,is_a,segment
84,14,noisy_half_text[sentence] + half_diagram,OK,∠BAC,is_a,angle
84,14,noisy_half_text[sentence] + half_diagram,OK,∠BAC,has_measure,60_deg
84,14,noisy_half_text[sentence] + half_diagram,OK,O,center_of,O
84,14,noisy_half_text[sentence] + half_diagram,OK,A,connects,B
84,14,noisy_half_text[sentence] + half_diagram,OK,A,connects,C
84,14,noisy_half_text[sentence] + half_diagram,OK,B,connects,C
84,14,noisy_half_text[sentence] + half_diagram,OK,BC,has_measure,?
84,14,noisy_half_text[sentence] + half_diagram,OK,B,is_a,point
84,14,noisy_half_text[sentence] + half_diagram,OK,C,is_a,point
84,14,noisy_half_text[sentence] + half_diagram,OK,O,is_a,point
84,14,noisy_half_text[sentence] + half_diagram,OK,O,is_a,circle
84,14,noisy_half_text[sentence] + half_diagram,OK,B,is_a,point)
84,14,noisy_half_text[sentence] + half_diagram,OK,C,is_a,point)
84,14,noisy_half_text[sentence] + half_diagram,OK,O,is_a,point)
84,14,noisy_half_text[sentence] + half_diagram,OK,O,is_a,circle)
,,,,,,
86,14,noisy_half_text[sentence] + half_diagram,OK,A,is_a,point
86,14,noisy_half_text[sentence] + half_diagram,OK,B,is_a,point
86,14,noisy_half_text[sentence] + half_diagram,OK,C,is_a,point
86,14,noisy_half_text[sentence] + half_diagram,OK,O,is_a,point
86,14,noisy_half_text[sentence] + half_diagram,OK,ABC,is_a,triangle
86,14,noisy_half_text[sentence] + half_diagram,OK,O,is_a,circle
86,14,noisy_half_text[sentence] + half_diagram,OK,O,center_of,ABC
86,14,noisy_half_text[sentence] + half_diagram,OK,A,lies_on,O
86,14,noisy_half_text[sentence] + half_diagram,OK,B,lies_on,O
86,14,noisy_half_text[sentence] + half_diagram,OK,C,lies_on,O
86,14,noisy_half_text[sentence] + half_diagram,OK,∠BAC,is_a,angle
86,14,noisy_half_text[sentence] + half_diagram,OK,∠BAC,has_measure,60_deg
86,14,noisy_half_text[sentence] + half_diagram,OK,O,connects,A
86,14,noisy_half_text[sentence] + half_diagram,OK,O,connects,B
86,14,noisy_half_text[sentence] + half_diagram,OK,O,connects,C
86,14,noisy_half_text[sentence] + half_diagram,OK,A,connects,B
86,14,noisy_half_text[sentence] + half_diagram,OK,A,connects,C
86,14,noisy_half_text[sentence] + half_diagram,OK,B,connects,C
86,14,noisy_half_text[sentence] + half_diagram,OK,OB,is_a,"radius_of, O"
86,14,noisy_half_text[sentence] + half_diagram,OK,OC,is_a,"radius_of, O"
86,14,noisy_half_text[sentence] + half_diagram,OK,OA,is_a,"radius_of, O"
86,14,noisy_half_text[sentence] + half_diagram,OK,∠BOC,is_a,angle
86,14,noisy_half_text[sentence] + half_diagram,OK,∠BOC,has_measure,2 * ∠BAC
86,14,noisy_half_text[sentence] + half_diagram,OK,O,perpendicular_to,BC
,,,,,,
88,14,noisy_half_text[sentence] + half_diagram,OK,A,is_a,point
88,14,noisy_half_text[sentence] + half_diagram,OK,B,is_a,point
88,14,noisy_half_text[sentence] + half_diagram,OK,C,is_a,point
88,14,noisy_half_text[sentence] + half_diagram,OK,O,is_a,point
88,14,noisy_half_text[sentence] + half_diagram,OK,A,lies_on,circle
88,14,noisy_half_text[sentence] + half_diagram,OK,B,lies_on,circle
88,14,noisy_half_text[sentence] + half_diagram,OK,C,lies_on,circle
88,14,noisy_half_text[sentence] + half_diagram,OK,O,center_of,circle
88,14,noisy_half_text[sentence] + half_diagram,OK,AB,is_a,segment
88,14,noisy_half_text[sentence] + half_diagram,OK,BO,is_a,segment
88,14,noisy_half_text[sentence] + half_diagram,OK,CO,is_a,segment
88,14,noisy_half_text[sentence] + half_diagram,OK,∠ABO,is_a,angle
88,14,noisy_half_text[sentence] + half_diagram,OK,∠BOC,is_a,angle
88,14,noisy_half_text[sentence] + half_diagram,OK,∠ACB,is_a,angle
88,14,noisy_half_text[sentence] + half_diagram,OK,∠ACB,has_measure,42_deg
88,14,noisy_half_text[sentence] + half_diagram,OK,∠ABO,has_measure,22_deg
88,14,noisy_half_text[sentence] + half_diagram,OK,∠BOC,has_measure,?
,,,,,,
95,14,noisy_half_text[sentence] + half_diagram,OK,O,is_a,point
95,14,noisy_half_text[sentence] + half_diagram,OK,OA,is_a,radius
95,14,noisy_half_text[sentence] + half_diagram,OK,BC,is_a,chord
95,14,noisy_half_text[sentence] + half_diagram,OK,O,center_of,circle
95,14,noisy_half_text[sentence] + half_diagram,OK,BC,intersects,OA
95,14,noisy_half_text[sentence] + half_diagram,OK,A,is_a,point
95,14,noisy_half_text[sentence] + half_diagram,OK,D,is_a,point
95,14,noisy_half_text[sentence] + half_diagram,OK,∠BAD,has_measure,60_deg
95,14,noisy_half_text[sentence] + half_diagram,OK,AB,is_a,segment
95,14,noisy_half_text[sentence] + half_diagram,OK,OC,is_a,radius
95,14,noisy_half_text[sentence] + half_diagram,OK,AB,connects,OC
95,14,noisy_half_text[sentence] + half_diagram,OK,∠ADC,has_measure,90_deg
95,14,noisy_half_text[sentence] + half_diagram,OK,C,is_a,point
95,14,noisy_half_text[sentence] + half_diagram,OK,?,is_a,angle
,,,,,,
99,14,noisy_half_text[sentence] + half_diagram,OK,A,is_a,point
99,14,noisy_half_text[sentence] + half_diagram,OK,B,is_a,point
99,14,noisy_half_text[sentence] + half_diagram,OK,C,is_a,point
99,14,noisy_half_text[sentence] + half_diagram,OK,D,is_a,point
99,14,noisy_half_text[sentence] + half_diagram,OK,AB,is_a,segment
99,14,noisy_half_text[sentence] + half_diagram,OK,CD,is_a,segment
99,14,noisy_half_text[sentence] + half_diagram,OK,AB,is_a,diameter
99,14,noisy_half_text[sentence] + half_diagram,OK,O,is_a,point
99,14,noisy_half_text[sentence] + half_diagram,OK,O,center_of,circle
99,14,noisy_half_text[sentence] + half_diagram,OK,AB,diameter_of,circle
99,14,noisy_half_text[sentence] + half_diagram,OK,CD,is_a,chord
99,14,noisy_half_text[sentence] + half_diagram,OK,∠CDA,is_a,angle
99,14,noisy_half_text[sentence] + half_diagram,OK,∠CDA,has_measure,26_deg
99,14,noisy_half_text[sentence] + half_diagram,OK,∠CAB,is_a,angle
99,14,noisy_half_text[sentence] + half_diagram,OK,∠CAB,has_measure,?
,,,,,,
108,14,noisy_half_text[sentence] + half_diagram,OK,A,is_a,point
108,14,noisy_half_text[sentence] + half_diagram,OK,B,is_a,point
108,14,noisy_half_text[sentence] + half_diagram,OK,C,is_a,point
108,14,noisy_half_text[sentence] + half_diagram,OK,D,is_a,point
108,14,noisy_half_text[sentence] + half_diagram,OK,O,is_a,point
108,14,noisy_half_text[sentence] + half_diagram,OK,AB,is_a,segment
108,14,noisy_half_text[sentence] + half_diagram,OK,CD,is_a,segment
108,14,noisy_half_text[sentence] + half_diagram,OK,O,center_of,arch
108,14,noisy_half_text[sentence] + half_diagram,OK,CD,has_measure,8_units
108,14,noisy_half_text[sentence] + half_diagram,OK,CD,connects,"C, D"
108,14,noisy_half_text[sentence] + half_diagram,OK,AB,connects,"A, B"
108,14,noisy_half_text[sentence] + half_diagram,OK,C,lies_on,arch
108,14,noisy_half_text[sentence] + half_diagram,OK,D,lies_on,arch
108,14,noisy_half_text[sentence] + half_diagram,OK,A,lies_on,arch
108,14,noisy_half_text[sentence] + half_diagram,OK,B,lies_on,arch
108,14,noisy_half_text[sentence] + half_diagram,OK,O,lies_on,arch
108,14,noisy_half_text[sentence] + half_diagram,OK,AB,is_a,width
108,14,noisy_half_text[sentence] + half_diagram,OK,keys,is_a,object
108,14,noisy_half_text[sentence] + half_diagram,OK,table,is_a,object
108,14,noisy_half_text[sentence] + half_diagram,OK,shadow,is_a,object
108,14,noisy_half_text[sentence] + half_diagram,OK,floor,is_a,object
108,14,noisy_half_text[sentence] + half_diagram,OK,keys,lies_on,table
108,14,noisy_half_text[sentence] + half_diagram,OK,shadow,moved_across,floor
,,,,,,
109,14,noisy_half_text[sentence] + half_diagram,OK,DE,is_a,segment
109,14,noisy_half_text[sentence] + half_diagram,OK,DE,intersects,AB
109,14,noisy_half_text[sentence] + half_diagram,OK,DE,intersects,BC
109,14,noisy_half_text[sentence] + half_diagram,OK,A,is_a,point
109,14,noisy_half_text[sentence] + half_diagram,OK,B,is_a,point
109,14,noisy_half_text[sentence] + half_diagram,OK,C,is_a,point
109,14,noisy_half_text[sentence] + half_diagram,OK,D,is_a,point
109,14,noisy_half_text[sentence] + half_diagram,OK,E,is_a,point
109,14,noisy_half_text[sentence] + half_diagram,OK,ADB,is_a,angle
109,14,noisy_half_text[sentence] + half_diagram,OK,ADB,has_measure,130_deg
109,14,noisy_half_text[sentence] + half_diagram,OK,BEC,is_a,angle
109,14,noisy_half_text[sentence] + half_diagram,OK,BEC,has_measure,?
,,,,,,
112,14,noisy_half_text[sentence] + half_diagram,OK,A,is_a,point
112,14,noisy_half_text[sentence] + half_diagram,OK,B,is_a,point
112,14,noisy_half_text[sentence] + half_diagram,OK,O,is_a,point
112,14,noisy_half_text[sentence] + half_diagram,OK,AO,is_a,segment
112,14,noisy_half_text[sentence] + half_diagram,OK,AB,is_a,segment
112,14,noisy_half_text[sentence] + half_diagram,OK,AO,connects,A
112,14,noisy_half_text[sentence] + half_diagram,OK,AO,connects,O
112,14,noisy_half_text[sentence] + half_diagram,OK,AB,connects,A
112,14,noisy_half_text[sentence] + half_diagram,OK,AB,connects,B
112,14,noisy_half_text[sentence] + half_diagram,OK,AO,is_a,height
112,14,noisy_half_text[sentence] + half_diagram,OK,AB,is_a,slant_height
112,14,noisy_half_text[sentence] + half_diagram,OK,AB,has_measure,2.5
112,14,noisy_half_text[sentence] + half_diagram,OK,AO,has_measure,?
,,,,,,
114,14,noisy_half_text[sentence] + half_diagram,OK,O,is_a,point
114,14,noisy_half_text[sentence] + half_diagram,OK,A,is_a,point
114,14,noisy_half_text[sentence] + half_diagram,OK,B,is_a,point
114,14,noisy_half_text[sentence] + half_diagram,OK,OA,is_a,segment
114,14,noisy_half_text[sentence] + half_diagram,OK,OB,is_a,segment
114,14,noisy_half_text[sentence] + half_diagram,OK,OAB,is_a,sector
114,14,noisy_half_text[sentence] + half_diagram,OK,OA,is_a,diameter
114,14,noisy_half_text[sentence] + half_diagram,OK,OB,is_a,diameter
114,14,noisy_half_text[sentence] + half_diagram,OK,OA,has_measure,1.0
114,14,noisy_half_text[sentence] + half_diagram,OK,OB,has_measure,1.0
114,14,noisy_half_text[sentence] + half_diagram,OK,OA,connects,A
114,14,noisy_half_text[sentence] + half_diagram,OK,OB,connects,B
114,14,noisy_half_text[sentence] + half_diagram,OK,O,center_of,OAB
114,14,noisy_half_text[sentence] + half_diagram,OK,OA,radius_of,OAB
114,14,noisy_half_text[sentence] + half_diagram,OK,OB,radius_of,OAB
114,14,noisy_half_text[sentence] + half_diagram,OK,∠AOB,is_a,angle
114,14,noisy_half_text[sentence] + half_diagram,OK,∠AOB,has_measure,90_deg
114,14,noisy_half_text[sentence] + half_diagram,OK,shaded_part,is_a,area
114,14,noisy_half_text[sentence] + half_diagram,OK,shaded_part,has_measure,?
,,,,,,
115,14,noisy_half_text[sentence] + half_diagram,OK,SECTOR,is_a,shape
115,14,noisy_half_text[sentence] + half_diagram,OK,SECTOR,has_measure,120_deg
115,14,noisy_half_text[sentence] + half_diagram,OK,SECTOR,has_measure,6_units
115,14,noisy_half_text[sentence] + half_diagram,OK,SECTOR,mapped_to,CONE
115,14,noisy_half_text[sentence] + half_diagram,OK,CONE,is_a,shape
115,14,noisy_half_text[sentence] + half_diagram,OK,CONE,has_measure,?
,,,,,,
117,14,noisy_half_text[sentence] + half_diagram,OK,sector,is_a,shape
117,14,noisy_half_text[sentence] + half_diagram,OK,sector,has_measure,120_deg
117,14,noisy_half_text[sentence] + half_diagram,OK,sector,is_a,paper
117,14,noisy_half_text[sentence] + half_diagram,OK,cone,is_a,shape
117,14,noisy_half_text[sentence] + half_diagram,OK,cone,is_a,bottomless
117,14,noisy_half_text[sentence] + half_diagram,OK,cone,is_a,paper
117,14,noisy_half_text[sentence] + half_diagram,OK,chair,is_a,object
117,14,noisy_half_text[sentence] + half_diagram,OK,chair,mapped_to,pushed_back
117,14,noisy_half_text[sentence] + half_diagram,OK,bicycle,is_a,object
117,14,noisy_half_text[sentence] + half_diagram,OK,bicycle,mapped_to,leaning_against_wall
117,14,noisy_half_text[sentence] + half_diagram,OK,cone,has_measure,?
117,14,noisy_half_text[sentence] + half_diagram,OK,height,is_a,?
117,14,noisy_half_text[sentence] + half_diagram,OK,height,is_a,cone
,,,,,,
119,14,noisy_half_text[sentence] + half_diagram,OK,Area,is_a,area
119,14,noisy_half_text[sentence] + half_diagram,OK,Area,has_measure,?
119,14,noisy_half_text[sentence] + half_diagram,OK,24,is_a,number
119,14,noisy_half_text[sentence] + half_diagram,OK,10.0,is_a,number
119,14,noisy_half_text[sentence] + half_diagram,OK,radius,is_a,radius
119,14,noisy_half_text[sentence] + half_diagram,OK,radius,has_measure,10.0
119,14,noisy_half_text[sentence] + half_diagram,OK,cone,is_a,cone
119,14,noisy_half_text[sentence] + half_diagram,OK,cone,center_of,O
119,14,noisy_half_text[sentence] + half_diagram,OK,sector,is_a,sector
119,14,noisy_half_text[sentence] + half_diagram,OK,sector,radius_of,24
119,14,noisy_half_text[sentence] + half_diagram,OK,sector,mapped_to,cone
119,14,noisy_half_text[sentence] + half_diagram,OK,question,is_a,question
119,14,noisy_half_text[sentence] + half_diagram,OK,question,has_measure,Area
,,,,,,
120,14,noisy_half_text[sentence] + half_diagram,OK,cone,is_a,cone
120,14,noisy_half_text[sentence] + half_diagram,OK,generatrix,is_a,segment
120,14,noisy_half_text[sentence] + half_diagram,OK,generatrix,has_measure,5.0_units
120,14,noisy_half_text[sentence] + half_diagram,OK,door,is_a,door
120,14,noisy_half_text[sentence] + half_diagram,OK,door,has_state,ajar
120,14,noisy_half_text[sentence] + half_diagram,OK,keys,is_a,keys
120,14,noisy_half_text[sentence] + half_diagram,OK,keys,lies_on,table
120,14,noisy_half_text[sentence] + half_diagram,OK,bottom_area,is_a,area
120,14,noisy_half_text[sentence] + half_diagram,OK,bottom_area,has_measure,?
120,14,noisy_half_text[sentence] + half_diagram,OK,cone,has_part,generatrix
120,14,noisy_half_text[sentence] + half_diagram,OK,cone,has_part,bottom_area
120,14,noisy_half_text[sentence] + half_diagram,OK,door,has_state,slightly
120,14,noisy_half_text[sentence] + half_diagram,OK,table,is_a,table
,,,,,,
123,14,noisy_half_text[sentence] + half_diagram,OK,A,is_a,point
123,14,noisy_half_text[sentence] + half_diagram,OK,B,is_a,point
123,14,noisy_half_text[sentence] + half_diagram,OK,C,is_a,point
123,14,noisy_half_text[sentence] + half_diagram,OK,AC,is_a,segment
123,14,noisy_half_text[sentence] + half_diagram,OK,BC,is_a,segment
123,14,noisy_half_text[sentence] + half_diagram,OK,AB,is_a,segment
123,14,noisy_half_text[sentence] + half_diagram,OK,∠ACB,is_a,angle
123,14,noisy_half_text[sentence] + half_diagram,OK,∠ACB,has_measure,90_deg
123,14,noisy_half_text[sentence] + half_diagram,OK,AC,has_measure,4_units
123,14,noisy_half_text[sentence] + half_diagram,OK,BC,has_measure,3_units
123,14,noisy_half_text[sentence] + half_diagram,OK,ABC,is_a,triangle
123,14,noisy_half_text[sentence] + half_diagram,OK,ABC,is_a,right_triangle
123,14,noisy_half_text[sentence] + half_diagram,OK,Lateral Surface Area,is_a,query_target
,,,,,,
128,14,noisy_half_text[sentence] + half_diagram,OK,O,is_a,point
128,14,noisy_half_text[sentence] + half_diagram,OK,A,is_a,point
128,14,noisy_half_text[sentence] + half_diagram,OK,B,is_a,point
128,14,noisy_half_text[sentence] + half_diagram,OK,OA,is_a,segment
128,14,noisy_half_text[sentence] + half_diagram,OK,OB,is_a,segment
128,14,noisy_half_text[sentence] + half_diagram,OK,AB,is_a,segment
128,14,noisy_half_text[sentence] + half_diagram,OK,OA,has_measure,?
128,14,noisy_half_text[sentence] + half_diagram,OK,OB,has_measure,6_units
128,14,noisy_half_text[sentence] + half_diagram,OK,∠AOB,is_a,angle
128,14,noisy_half_text[sentence] + half_diagram,OK,∠AOB,has_measure,120_deg
128,14,noisy_half_text[sentence] + half_diagram,OK,OA,connects,A
128,14,noisy_half_text[sentence] + half_diagram,OK,OA,connects,O
128,14,noisy_half_text[sentence] + half_diagram,OK,OB,connects,B
128,14,noisy_half_text[sentence] + half_diagram,OK,OB,connects,O
128,14,noisy_half_text[sentence] + half_diagram,OK,AB,connects,A
128,14,noisy_half_text[sentence] + half_diagram,OK,AB,connects,B
128,14,noisy_half_text[sentence] + half_diagram,OK,O,center_of,sector
128,14,noisy_half_text[sentence] + half_diagram,OK,OA,radius_of,sector
128,14,noisy_half_text[sentence] + half_diagram,OK,OB,radius_of,sector
128,14,noisy_half_text[sentence] + half_diagram,OK,sector,has_measure,120_deg
128,14,noisy_half_text[sentence] + half_diagram,OK,AB,is_a,"diameter_of, cone"
128,14,noisy_half_text[sentence] + half_diagram,OK,cone,is_a,cone
128,14,noisy_half_text[sentence] + half_diagram,OK,cone,has_measure,?
,,,,,,
132,14,noisy_half_text[sentence] + half_diagram,OK,A,is_a,point
132,14,noisy_half_text[sentence] + half_diagram,OK,B,is_a,point
132,14,noisy_half_text[sentence] + half_diagram,OK,C,is_a,point
132,14,noisy_half_text[sentence] + half_diagram,OK,D,is_a,point
132,14,noisy_half_text[sentence] + half_diagram,OK,E,is_a,point
132,14,noisy_half_text[sentence] + half_diagram,OK,F,is_a,point
132,14,noisy_half_text[sentence] + half_diagram,OK,G,is_a,point
132,14,noisy_half_text[sentence] + half_diagram,OK,AB,is_a,segment
132,14,noisy_half_text[sentence] + half_diagram,OK,BC,is_a,segment
132,14,noisy_half_text[sentence] + half_diagram,OK,DE,is_a,segment
132,14,noisy_half_text[sentence] + half_diagram,OK,GE,is_a,segment
132,14,noisy_half_text[sentence] + half_diagram,OK,EF,is_a,segment
132,14,noisy_half_text[sentence] + half_diagram,OK,A,lies_on,AB
132,14,noisy_half_text[sentence] + half_diagram,OK,B,lies_on,AB
132,14,noisy_half_text[sentence] + half_diagram,OK,C,lies_on,AB
,,,,,,
133,14,noisy_half_text[sentence] + half_diagram,OK,P,is_a,point
133,14,noisy_half_text[sentence] + half_diagram,OK,Q,is_a,point
133,14,noisy_half_text[sentence] + half_diagram,OK,S,is_a,point
133,14,noisy_half_text[sentence] + half_diagram,OK,R,is_a,point
133,14,noisy_half_text[sentence] + half_diagram,OK,PQ,is_a,segment
133,14,noisy_half_text[sentence] + half_diagram,OK,QS,is_a,segment
133,14,noisy_half_text[sentence] + half_diagram,OK,QR,is_a,segment
133,14,noisy_half_text[sentence] + half_diagram,OK,RT,is_a,segment
133,14,noisy_half_text[sentence] + half_diagram,OK,PS,is_a,segment
133,14,noisy_half_text[sentence] + half_diagram,OK,a,is_a,segment
133,14,noisy_half_text[sentence] + half_diagram,OK,b,is_a,segment
133,14,noisy_half_text[sentence] + half_diagram,OK,∠PQS,is_a,angle
133,14,noisy_half_text[sentence] + half_diagram,OK,∠QRS,is_a,angle
133,14,noisy_half_text[sentence] + half_diagram,OK,∠QSR,is_a,angle
133,14,noisy_half_text[sentence] + half_diagram,OK,PS,perpendicular_to,river
133,14,noisy_half_text[sentence] + half_diagram,OK,QS,has_measure,60.0_m
133,14,noisy_half_text[sentence] + half_diagram,OK,QR,has_measure,80.0_m
133,14,noisy_half_text[sentence] + half_diagram,OK,ST,has_measure,120.0_m
133,14,noisy_half_text[sentence] + half_diagram,OK,PQ,is_a,query_target
,,,,,,
149,14,noisy_half_text[sentence] + half_diagram,OK,A,is_a,point
149,14,noisy_half_text[sentence] + half_diagram,OK,B,is_a,point
149,14,noisy_half_text[sentence] + half_diagram,OK,C,is_a,point
149,14,noisy_half_text[sentence] + half_diagram,OK,D,is_a,point
149,14,noisy_half_text[sentence] + half_diagram,OK,E,is_a,point
149,14,noisy_half_text[sentence] + half_diagram,OK,CD,is_a,segment
149,14,noisy_half_text[sentence] + half_diagram,OK,AC,is_a,segment
149,14,noisy_half_text[sentence] + half_diagram,OK,BD,is_a,segment
149,14,noisy_half_text[sentence] + half_diagram,OK,ED,is_a,segment
149,14,noisy_half_text[sentence] + half_diagram,OK,CD,is_a,plane_mirror
149,14,noisy_half_text[sentence] + half_diagram,OK,AC,perpendicular_to,CD
149,14,noisy_half_text[sentence] + half_diagram,OK,BD,perpendicular_to,CD
149,14,noisy_half_text[sentence] + half_diagram,OK,AC,has_measure,3.0
149,14,noisy_half_text[sentence] + half_diagram,OK,CD,has_measure,10.0
149,14,noisy_half_text[sentence] + half_diagram,OK,BD,has_measure,6.0
149,14,noisy_half_text[sentence] + half_diagram,OK,ED,is_a,query_target
,,,,,,
150,14,noisy_half_text[sentence] + half_diagram,OK,A,is_a,point
150,14,noisy_half_text[sentence] + half_diagram,OK,B,is_a,point)
150,14,noisy_half_text[sentence] + half_diagram,OK,C,is_a,point)
150,14,noisy_half_text[sentence] + half_diagram,OK,E,is_a,point)
150,14,noisy_half_text[sentence] + half_diagram,OK,D,is_a,point)
150,14,noisy_half_text[sentence] + half_diagram,OK,A,B,"C, collinear_with, A, B, C)"
150,14,noisy_half_text[sentence] + half_diagram,OK,bicycle,is_a,object)
150,14,noisy_half_text[sentence] + half_diagram,OK,wall,is_a,object)
150,14,noisy_half_text[sentence] + half_diagram,OK,BD,is_a,segment)
150,14,noisy_half_text[sentence] + half_diagram,OK,BD,perpendicular_to,AC)
150,14,noisy_half_text[sentence] + half_diagram,OK,CE,is_a,segment)
150,14,noisy_half_text[sentence] + half_diagram,OK,CE,perpendicular_to,AC)
150,14,noisy_half_text[sentence] + half_diagram,OK,AB,is_a,segment)
150,14,noisy_half_text[sentence] + half_diagram,OK,AB,has_measure,2.0)
150,14,noisy_half_text[sentence] + half_diagram,OK,BD,has_measure,7/3)
150,14,noisy_half_text[sentence] + half_diagram,OK,room,is_a,object)
150,14,noisy_half_text[sentence] + half_diagram,OK,smell,is_a,attribute)
150,14,noisy_half_text[sentence] + half_diagram,OK,rain,is_a,attribute)
150,14,noisy_half_text[sentence] + half_diagram,OK,BC,is_a,segment)
,,,,,,
151,14,noisy_half_text[sentence] + half_diagram,OK,person,is_a,person
151,14,noisy_half_text[sentence] + half_diagram,OK,tree,is_a,tree
151,14,noisy_half_text[sentence] + half_diagram,OK,lake,is_a,lake
151,14,noisy_half_text[sentence] + half_diagram,OK,door,is_a,door
151,14,noisy_half_text[sentence] + half_diagram,OK,reflection,is_a,reflection
151,14,noisy_half_text[sentence] + half_diagram,OK,water,is_a,water
151,14,noisy_half_text[sentence] + half_diagram,OK,table,is_a,table
151,14,noisy_half_text[sentence] + half_diagram,OK,person,is_a,student
151,14,noisy_half_text[sentence] + half_diagram,OK,student,is_a,person
151,14,noisy_half_text[sentence] + half_diagram,OK,student,has_measure,1.7_units
151,14,noisy_half_text[sentence] + half_diagram,OK,reflection,has_measure,5_units
,,,,,,
152,14,noisy_half_text[sentence] + half_diagram,OK,A,is_a,point
152,14,noisy_half_text[sentence] + half_diagram,OK,B,is_a,point
152,14,noisy_half_text[sentence] + half_diagram,OK,C,is_a,point
152,14,noisy_half_text[sentence] + half_diagram,OK,D,is_a,point
152,14,noisy_half_text[sentence] + half_diagram,OK,AB,is_a,segment
152,14,noisy_half_text[sentence] + half_diagram,OK,BC,is_a,segment
152,14,noisy_half_text[sentence] + half_diagram,OK,DE,is_a,segment
152,14,noisy_half_text[sentence] + half_diagram,OK,A,lies_on,AB
152,14,noisy_half_text[sentence] + half_diagram,OK,B,lies_on,AB
152,14,noisy_half_text[sentence] + half_diagram,OK,B,lies_on,BC
152,14,noisy_half_text[sentence] + half_diagram,OK,C,lies_on,BC
152,14,noisy_half_text[sentence] + half_diagram,OK,D,lies_on,AB
152,14,noisy_half_text[sentence] + half_diagram,OK,E,lies_on,BC
152,14,noisy_half_text[sentence] + half_diagram,OK,AB,connects,A
152,14,noisy_half_text[sentence] + half_diagram,OK,AB,connects,B
152,14,noisy_half_text[sentence] + half_diagram,OK,BC,connects,B
152,14,noisy_half_text[sentence] + half_diagram,OK,BC,connects,C
152,14,noisy_half_text[sentence] + half_diagram,OK,DE,connects,D
152,14,noisy_half_text[sentence] + half_diagram,OK,DE,connects,E
152,14,noisy_half_text[sentence] + half_diagram,OK,BC,has_measure,1.6
152,14,noisy_half_text[sentence] + half_diagram,OK,EC,has_measure,0.5
152,14,noisy_half_text[sentence] + half_diagram,OK,DE,has_measure,1.4
152,14,noisy_half_text[sentence] + half_diagram,OK,AB,has_measure,?
,,,,,,
153,14,noisy_half_text[sentence] + half_diagram,OK,A,is_a,point
153,14,noisy_half_text[sentence] + half_diagram,OK,B,is_a,point
153,14,noisy_half_text[sentence] + half_diagram,OK,C,is_a,point
153,14,noisy_half_text[sentence] + half_diagram,OK,D,is_a,point
153,14,noisy_half_text[sentence] + half_diagram,OK,E,is_a,point
153,14,noisy_half_text[sentence] + half_diagram,OK,AB,is_a,segment
153,14,noisy_half_text[sentence] + half_diagram,OK,BC,is_a,segment
153,14,noisy_half_text[sentence] + half_diagram,OK,DE,is_a,segment
153,14,noisy_half_text[sentence] + half_diagram,OK,DE,has_measure,1.8_units
153,14,noisy_half_text[sentence] + half_diagram,OK,BC,has_measure,1.0_units
153,14,noisy_half_text[sentence] + half_diagram,OK,A,connects,B
153,14,noisy_half_text[sentence] + half_diagram,OK,B,connects,C
153,14,noisy_half_text[sentence] + half_diagram,OK,D,connects,E
153,14,noisy_half_text[sentence] + half_diagram,OK,E,connects,C
153,14,noisy_half_text[sentence] + half_diagram,OK,AB,is_a,height
153,14,noisy_half_text[sentence] + half_diagram,OK,AB,has_measure,?
,,,,,,
157,14,noisy_half_text[sentence] + half_diagram,OK,A,is_a,point
157,14,noisy_half_text[sentence] + half_diagram,OK,B,is_a,point
157,14,noisy_half_text[sentence] + half_diagram,OK,C,is_a,point
157,14,noisy_half_text[sentence] + half_diagram,OK,AC,is_a,segment
157,14,noisy_half_text[sentence] + half_diagram,OK,BC,is_a,segment
157,14,noisy_half_text[sentence] + half_diagram,OK,ABC,is_a,triangle
157,14,noisy_half_text[sentence] + half_diagram,OK,∠C,is_a,angle
157,14,noisy_half_text[sentence] + half_diagram,OK,∠C,has_measure,90_deg
157,14,noisy_half_text[sentence] + half_diagram,OK,AC,has_measure,4_units
157,14,noisy_half_text[sentence] + half_diagram,OK,BC,has_measure,3_units
157,14,noisy_half_text[sentence] + half_diagram,OK,cos B,is_a,query_target
,,,,,,
165,14,noisy_half_text[sentence] + half_diagram,OK,A,is_a,point
165,14,noisy_half_text[sentence] + half_diagram,OK,B,is_a,point
165,14,noisy_half_text[sentence] + half_diagram,OK,C,is_a,point
165,14,noisy_half_text[sentence] + half_diagram,OK,AB,is_a,segment
165,14,noisy_half_text[sentence] + half_diagram,OK,ABC,is_a,triangle
165,14,noisy_half_text[sentence] + half_diagram,OK,ABC,is_a,right_triangle
165,14,noisy_half_text[sentence] + half_diagram,OK,ACB,is_a,angle
165,14,noisy_half_text[sentence] + half_diagram,OK,ACB,has_measure,90_deg
165,14,noisy_half_text[sentence] + half_diagram,OK,AB,has_measure,2_units
165,14,noisy_half_text[sentence] + half_diagram,OK,BC,has_measure,1_units
165,14,noisy_half_text[sentence] + half_diagram,OK,A,lies_on,AB
165,14,noisy_half_text[sentence] + half_diagram,OK,B,lies_on,AB
165,14,noisy_half_text[sentence] + half_diagram,OK,C,lies_on,BC
165,14,noisy_half_text[sentence] + half_diagram,OK,A,lies_on,AC
165,14,noisy_half_text[sentence] + half_diagram,OK,B,lies_on,BC
165,14,noisy_half_text[sentence] + half_diagram,OK,C,lies_on,AC
165,14,noisy_half_text[sentence] + half_diagram,OK,A,connects,B
165,14,noisy_half_text[sentence] + half_diagram,OK,B,connects,C
165,14,noisy_half_text[sentence] + half_diagram,OK,C,connects,A
165,14,noisy_half_text[sentence] + half_diagram,OK,ACB,connects,A
165,14,noisy_half_text[sentence] + half_diagram,OK,ACB,connects,C
165,14,noisy_half_text[sentence] + half_diagram,OK,ACB,connects,B
165,14,noisy_half_text[sentence] + half_diagram,OK,ABC,connects,A
165,14,noisy_half_text[sentence] + half_diagram,OK,ABC,connects,B
165,14,noisy_half_text[sentence] + half_diagram,OK,ABC,connects,C
,,,,,,
198,14,noisy_half_text[sentence] + half_diagram,OK,A,is_a,point
198,14,noisy_half_text[sentence] + half_diagram,OK,B,is_a,point
198,14,noisy_half_text[sentence] + half_diagram,OK,C,is_a,point
198,14,noisy_half_text[sentence] + half_diagram,OK,AB,is_a,segment
198,14,noisy_half_text[sentence] + half_diagram,OK,BC,is_a,segment
198,14,noisy_half_text[sentence] + half_diagram,OK,CA,is_a,segment
198,14,noisy_half_text[sentence] + half_diagram,OK,ABC,is_a,triangle
198,14,noisy_half_text[sentence] + half_diagram,OK,ABC,is_a,isosceles_triangle
198,14,noisy_half_text[sentence] + half_diagram,OK,ABC,has_measure,13_units
198,14,noisy_half_text[sentence] + half_diagram,OK,ABC,has_measure,10_units
198,14,noisy_half_text[sentence] + half_diagram,OK,ABC,has_measure,?
,,,,,,
207,14,noisy_half_text[sentence] + half_diagram,OK,O,is_a,point
207,14,noisy_half_text[sentence] + half_diagram,OK,C1,is_a,circle
207,14,noisy_half_text[sentence] + half_diagram,OK,C2,is_a,circle
207,14,noisy_half_text[sentence] + half_diagram,OK,C3,is_a,circle
207,14,noisy_half_text[sentence] + half_diagram,OK,O,center_of,C1
207,14,noisy_half_text[sentence] + half_diagram,OK,O,center_of,C2
207,14,noisy_half_text[sentence] + half_diagram,OK,O,center_of,C3
207,14,noisy_half_text[sentence] + half_diagram,OK,C1,radius_of,10_units
207,14,noisy_half_text[sentence] + half_diagram,OK,C2,radius_of,10_units
207,14,noisy_half_text[sentence] + half_diagram,OK,C3,radius_of,20_units
207,14,noisy_half_text[sentence] + half_diagram,OK,C1,diameter_of,20_units
207,14,noisy_half_text[sentence] + half_diagram,OK,C2,diameter_of,20_units
207,14,noisy_half_text[sentence] + half_diagram,OK,C3,diameter_of,40_units
207,14,noisy_half_text[sentence] + half_diagram,OK,C1,is_a,shaded_region
207,14,noisy_half_text[sentence] + half_diagram,OK,C2,is_a,shaded_region
207,14,noisy_half_text[sentence] + half_diagram,OK,C3,is_a,shaded_region
,,,,,,
210,14,noisy_half_text[sentence] + half_diagram,OK,A,is_a,point
210,14,noisy_half_text[sentence] + half_diagram,OK,B,is_a,point
210,14,noisy_half_text[sentence] + half_diagram,OK,C,is_a,point
210,14,noisy_half_text[sentence] + half_diagram,OK,D,is_a,point
210,14,noisy_half_text[sentence] + half_diagram,OK,E,is_a,point
210,14,noisy_half_text[sentence] + half_diagram,OK,AB,is_a,segment
210,14,noisy_half_text[sentence] + half_diagram,OK,AC,is_a,segment
210,14,noisy_half_text[sentence] + half_diagram,OK,AE,is_a,segment
210,14,noisy_half_text[sentence] + half_diagram,OK,CD,is_a,segment
210,14,noisy_half_text[sentence] + half_diagram,OK,BE,is_a,segment
210,14,noisy_half_text[sentence] + half_diagram,OK,ABE,is_a,triangle
210,14,noisy_half_text[sentence] + half_diagram,OK,ACD,is_a,triangle
210,14,noisy_half_text[sentence] + half_diagram,OK,A,connects,B
210,14,noisy_half_text[sentence] + half_diagram,OK,A,connects,C
210,14,noisy_half_text[sentence] + half_diagram,OK,A,connects,E
210,14,noisy_half_text[sentence] + half_diagram,OK,B,connects,E
210,14,noisy_half_text[sentence] + half_diagram,OK,C,connects,D
210,14,noisy_half_text[sentence] + half_diagram,OK,AB,has_measure,12_units
210,14,noisy_half_text[sentence] + half_diagram,OK,AC,has_measure,16_units
210,14,noisy_half_text[sentence] + half_diagram,OK,CD,has_measure,5_units
210,14,noisy_half_text[sentence] + half_diagram,OK,BE,parallel_to,CD
210,14,noisy_half_text[sentence] + half_diagram,OK,Triangles,ABE,"similar_to, ACD"
210,14,noisy_half_text[sentence] + half_diagram,OK,ABE,shares,"vertex, A"
210,14,noisy_half_text[sentence] + half_diagram,OK,ACD,shares,"vertex, A"
,,,,,,
211,14,noisy_half_text[sentence] + half_diagram,OK,MN,is_a,segment
211,14,noisy_half_text[sentence] + half_diagram,OK,MN,has_measure,3x - 4
211,14,noisy_half_text[sentence] + half_diagram,OK,NP,is_a,segment
211,14,noisy_half_text[sentence] + half_diagram,OK,NP,has_measure,2y + 5
211,14,noisy_half_text[sentence] + half_diagram,OK,MR,is_a,segment
211,14,noisy_half_text[sentence] + half_diagram,OK,MR,has_measure,17.9
211,14,noisy_half_text[sentence] + half_diagram,OK,MNPR,is_a,parallelogram
211,14,noisy_half_text[sentence] + half_diagram,OK,MP,is_a,diagonal
211,14,noisy_half_text[sentence] + half_diagram,OK,RN,is_a,diagonal
211,14,noisy_half_text[sentence] + half_diagram,OK,MP,intersects,RN
211,14,noisy_half_text[sentence] + half_diagram,OK,Q,is_a,point
211,14,noisy_half_text[sentence] + half_diagram,OK,M,is_a,point
211,14,noisy_half_text[sentence] + half_diagram,OK,N,is_a,point
211,14,noisy_half_text[sentence] + half_diagram,OK,P,is_a,point
211,14,noisy_half_text[sentence] + half_diagram,OK,R,is_a,point
211,14,noisy_half_text[sentence] + half_diagram,OK,Q,lies_on,MP
211,14,noisy_half_text[sentence] + half_diagram,OK,Q,lies_on,RN
211,14,noisy_half_text[sentence] + half_diagram,OK,Q,connects,M
211,14,noisy_half_text[sentence] + half_diagram,OK,Q,connects,P
211,14,noisy_half_text[sentence] + half_diagram,OK,Q,connects,R
211,14,noisy_half_text[sentence] + half_diagram,OK,Q,connects,N
211,14,noisy_half_text[sentence] + half_diagram,OK,∠MNR,has_measure,33_deg
211,14,noisy_half_text[sentence] + half_diagram,OK,∠RNP,has_measure,?
211,14,noisy_half_text[sentence] + half_diagram,OK,∠MRQ,has_measure,38_deg
211,14,noisy_half_text[sentence] + half_diagram,OK,∠RQN,has_measure,83_deg
211,14,noisy_half_text[sentence] + half_diagram,OK,NQ,has_measure,15.4
211,14,noisy_half_text[sentence] + half_diagram,OK,QP,has_measure,11.1
211,14,noisy_half_text[sentence] + half_diagram,OK,∠RQM,has_measure,3z - 3
,,,,,,
223,14,noisy_half_text[sentence] + half_diagram,OK,triangle,is_a,right_triangle
223,14,noisy_half_text[sentence] + half_diagram,OK,triangle,has_measure,5
223,14,noisy_half_text[sentence] + half_diagram,OK,triangle,has_measure,x
223,14,noisy_half_text[sentence] + half_diagram,OK,triangle,has_measure,3√2
223,14,noisy_half_text[sentence] + half_diagram,OK,keys,is_a,keys
223,14,noisy_half_text[sentence] + half_diagram,OK,table,is_a,table
223,14,noisy_half_text[sentence] + half_diagram,OK,keys,lies_on,table
223,14,noisy_half_text[sentence] + half_diagram,OK,hallway,is_a,hallway
223,14,noisy_half_text[sentence] + half_diagram,OK,footsteps,is_a,footsteps
223,14,noisy_half_text[sentence] + half_diagram,OK,hallway,has_measure,faint
223,14,noisy_half_text[sentence] + half_diagram,OK,footsteps,lies_on,hallway
223,14,noisy_half_text[sentence] + half_diagram,OK,question,is_a,question
223,14,noisy_half_text[sentence] + half_diagram,OK,question,has_measure,x
,,,,,,
239,14,noisy_half_text[sentence] + half_diagram,OK,A,is_a,point
239,14,noisy_half_text[sentence] + half_diagram,OK,B,is_a,point
239,14,noisy_half_text[sentence] + half_diagram,OK,C,is_a,point
239,14,noisy_half_text[sentence] + half_diagram,OK,R,is_a,point
239,14,noisy_half_text[sentence] + half_diagram,OK,S,is_a,point
239,14,noisy_half_text[sentence] + half_diagram,OK,T,is_a,point
239,14,noisy_half_text[sentence] + half_diagram,OK,M,is_a,point
239,14,noisy_half_text[sentence] + half_diagram,OK,AB,is_a,segment
239,14,noisy_half_text[sentence] + half_diagram,OK,AC,is_a,segment
239,14,noisy_half_text[sentence] + half_diagram,OK,BC,is_a,segment
239,14,noisy_half_text[sentence] + half_diagram,OK,RM,is_a,segment
239,14,noisy_half_text[sentence] + half_diagram,OK,AT,is_a,segment
239,14,noisy_half_text[sentence] + half_diagram,OK,AT,has_measure,16_units
239,14,noisy_half_text[sentence] + half_diagram,OK,RM,has_measure,4_units
239,14,noisy_half_text[sentence] + half_diagram,OK,AT,connects,A
239,14,noisy_half_text[sentence] + half_diagram,OK,AT,connects,T
239,14,noisy_half_text[sentence] + half_diagram,OK,BR,connects,B
239,14,noisy_half_text[sentence] + half_diagram,OK,BR,connects,R
239,14,noisy_half_text[sentence] + half_diagram,OK,CS,connects,C
239,14,noisy_half_text[sentence] + half_diagram,OK,CS,connects,S
239,14,noisy_half_text[sentence] + half_diagram,OK,AT,intersects,BR
239,14,noisy_half_text[sentence] + half_diagram,OK,AT,intersects,CS
239,14,noisy_half_text[sentence] + half_diagram,OK,BR,intersects,CS
239,14,noisy_half_text[sentence] + half_diagram,OK,AT,intersects,M
239,14,noisy_half_text[sentence] + half_diagram,OK,BR,intersects,M
239,14,noisy_half_text[sentence] + half_diagram,OK,CS,intersects,M
239,14,noisy_half_text[sentence] + half_diagram,OK,R,is_a,midpoint
239,14,noisy_half_text[sentence] + half_diagram,OK,S,is_a,midpoint
239,14,noisy_half_text[sentence] + half_diagram,OK,T,is_a,midpoint
,,,,,,
243,14,noisy_half_text[sentence] + half_diagram,OK,Des Moines,is_a,point
243,14,noisy_half_text[sentence] + half_diagram,OK,Phoenix,is_a,point
243,14,noisy_half_text[sentence] + half_diagram,OK,Atlanta,is_a,point
243,14,noisy_half_text[sentence] + half_diagram,OK,Des Moines,connects,Phoenix
243,14,noisy_half_text[sentence] + half_diagram,OK,Phoenix,connects,Atlanta
243,14,noisy_half_text[sentence] + half_diagram,OK,Atlanta,connects,Des Moines
243,14,noisy_half_text[sentence] + half_diagram,OK,PhoenixAtlanta,is_a,segment
243,14,noisy_half_text[sentence] + half_diagram,OK,PhoenixAtlanta,has_measure,150x + 91
243,14,noisy_half_text[sentence] + half_diagram,OK,Des MoinesPhoenix,is_a,segment
243,14,noisy_half_text[sentence] + half_diagram,OK,Des MoinesPhoenix,has_measure,110x + 53
243,14,noisy_half_text[sentence] + half_diagram,OK,AtlantaDes Moines,is_a,segment
243,14,noisy_half_text[sentence] + half_diagram,OK,AtlantaDes Moines,has_measure,73.8x
243,14,noisy_half_text[sentence] + half_diagram,OK,Des MoinesPhoenixAtlanta,is_a,triangle
243,14,noisy_half_text[sentence] + half_diagram,OK,Des MoinesPhoenixAtlanta,is_a,trip
243,14,noisy_half_text[sentence] + half_diagram,OK,PhoenixAtlanta,is_a,query_target
,,,,,,
257,14,noisy_half_text[sentence] + half_diagram,OK,A,is_a,point
257,14,noisy_half_text[sentence] + half_diagram,OK,B,is_a,point
257,14,noisy_half_text[sentence] + half_diagram,OK,C,is_a,point
257,14,noisy_half_text[sentence] + half_diagram,OK,D,is_a,point
257,14,noisy_half_text[sentence] + half_diagram,OK,E,is_a,point
257,14,noisy_half_text[sentence] + half_diagram,OK,AB,is_a,segment
257,14,noisy_half_text[sentence] + half_diagram,OK,AC,is_a,segment
257,14,noisy_half_text[sentence] + half_diagram,OK,AD,is_a,segment
257,14,noisy_half_text[sentence] + half_diagram,OK,AE,is_a,segment
257,14,noisy_half_text[sentence] + half_diagram,OK,CD,is_a,segment
257,14,noisy_half_text[sentence] + half_diagram,OK,BE,is_a,segment
257,14,noisy_half_text[sentence] + half_diagram,OK,ABE,is_a,triangle
257,14,noisy_half_text[sentence] + half_diagram,OK,ACD,is_a,triangle
257,14,noisy_half_text[sentence] + half_diagram,OK,A,connects,B
257,14,noisy_half_text[sentence] + half_diagram,OK,A,connects,C
257,14,noisy_half_text[sentence] + half_diagram,OK,A,connects,D
257,14,noisy_half_text[sentence] + half_diagram,OK,A,connects,E
257,14,noisy_half_text[sentence] + half_diagram,OK,B,connects,E
257,14,noisy_half_text[sentence] + half_diagram,OK,C,connects,D
257,14,noisy_half_text[sentence] + half_diagram,OK,D,connects,E
257,14,noisy_half_text[sentence] + half_diagram,OK,AB,has_measure,12
257,14,noisy_half_text[sentence] + half_diagram,OK,ED,has_measure,5
257,14,noisy_half_text[sentence] + half_diagram,OK,BE,parallel_to,CD
,,,,,,
264,14,noisy_half_text[sentence] + half_diagram,OK,M,is_a,point
264,14,noisy_half_text[sentence] + half_diagram,OK,N,is_a,point
264,14,noisy_half_text[sentence] + half_diagram,OK,P,is_a,point
264,14,noisy_half_text[sentence] + half_diagram,OK,Q,is_a,point
264,14,noisy_half_text[sentence] + half_diagram,OK,MN,is_a,segment
264,14,noisy_half_text[sentence] + half_diagram,OK,NP,is_a,segment
264,14,noisy_half_text[sentence] + half_diagram,OK,PQ,is_a,segment
264,14,noisy_half_text[sentence] + half_diagram,OK,QM,is_a,segment
264,14,noisy_half_text[sentence] + half_diagram,OK,MNPQ,is_a,parallelogram
264,14,noisy_half_text[sentence] + half_diagram,OK,LM,is_a,segment
264,14,noisy_half_text[sentence] + half_diagram,OK,LM,has_measure,10x
264,14,noisy_half_text[sentence] + half_diagram,OK,LP,is_a,segment
264,14,noisy_half_text[sentence] + half_diagram,OK,LM,has_measure,LP
264,14,noisy_half_text[sentence] + half_diagram,OK,2N,has_measure,angle Q
264,14,noisy_half_text[sentence] + half_diagram,OK,LM,is_a,query_target
,,,,,,
281,14,noisy_half_text[sentence] + half_diagram,OK,A,is_a,point
281,14,noisy_half_text[sentence] + half_diagram,OK,B,is_a,point
281,14,noisy_half_text[sentence] + half_diagram,OK,C,is_a,point
281,14,noisy_half_text[sentence] + half_diagram,OK,AC,is_a,segment
281,14,noisy_half_text[sentence] + half_diagram,OK,BC,is_a,segment
281,14,noisy_half_text[sentence] + half_diagram,OK,AB,is_a,segment
281,14,noisy_half_text[sentence] + half_diagram,OK,ABC,is_a,triangle
281,14,noisy_half_text[sentence] + half_diagram,OK,ABC,is_a,right_triangle
281,14,noisy_half_text[sentence] + half_diagram,OK,∠C,is_a,angle
281,14,noisy_half_text[sentence] + half_diagram,OK,∠C,has_measure,90_deg
281,14,noisy_half_text[sentence] + half_diagram,OK,AC,has_measure,24_units
281,14,noisy_half_text[sentence] + half_diagram,OK,BC,has_measure,10_units
281,14,noisy_half_text[sentence] + half_diagram,OK,AB,has_measure,26_units
281,14,noisy_half_text[sentence] + half_diagram,OK,AC,connects,A
281,14,noisy_half_text[sentence] + half_diagram,OK,AC,connects,C
281,14,noisy_half_text[sentence] + half_diagram,OK,BC,connects,B
281,14,noisy_half_text[sentence] + half_diagram,OK,BC,connects,C
281,14,noisy_half_text[sentence] + half_diagram,OK,AB,connects,A
281,14,noisy_half_text[sentence] + half_diagram,OK,AB,connects,B
281,14,noisy_half_text[sentence] + half_diagram,OK,∠C,connects,C
281,14,noisy_half_text[sentence] + half_diagram,OK,∠C,connects,B
281,14,noisy_half_text[sentence] + half_diagram,OK,∠C,connects,A
281,14,noisy_half_text[sentence] + half_diagram,OK,ratio,is_a,query_target
281,14,noisy_half_text[sentence] + half_diagram,OK,ratio,connects,cos
281,14,noisy_half_text[sentence] + half_diagram,OK,ratio,connects,B
,,,,,,
327,14,noisy_half_text[sentence] + half_diagram,OK,Z,is_a,point
327,14,noisy_half_text[sentence] + half_diagram,OK,X,is_a,point
327,14,noisy_half_text[sentence] + half_diagram,OK,Y,is_a,point
327,14,noisy_half_text[sentence] + half_diagram,OK,N,is_a,point
327,14,noisy_half_text[sentence] + half_diagram,OK,ZY,is_a,segment
327,14,noisy_half_text[sentence] + half_diagram,OK,YX,is_a,segment
327,14,noisy_half_text[sentence] + half_diagram,OK,XZ,is_a,segment
327,14,noisy_half_text[sentence] + half_diagram,OK,ZY,has_measure,10.7_km
327,14,noisy_half_text[sentence] + half_diagram,OK,YX,has_measure,b_km
327,14,noisy_half_text[sentence] + half_diagram,OK,XZ,has_measure,d_km
327,14,noisy_half_text[sentence] + half_diagram,OK,Z,lies_on,YX
327,14,noisy_half_text[sentence] + half_diagram,OK,Y,lies_on,YX
327,14,noisy_half_text[sentence] + half_diagram,OK,X,lies_on,YX
327,14,noisy_half_text[sentence] + half_diagram,OK,N,lies_on,XZ
327,14,noisy_half_text[sentence] + half_diagram,OK,Z,lies_on,XZ
327,14,noisy_half_text[sentence] + half_diagram,OK,X,lies_on,XZ
327,14,noisy_half_text[sentence] + half_diagram,OK,Y,lies_on,XZ
,,,,,,
348,14,noisy_half_text[sentence] + half_diagram,OK,helicopter,is_a,helicopter
348,14,noisy_half_text[sentence] + half_diagram,OK,altitude,is_a,measurement
348,14,noisy_half_text[sentence] + half_diagram,OK,altitude,has_measure,198_m
348,14,noisy_half_text[sentence] + half_diagram,OK,angle_of_depression,is_a,angle
348,14,noisy_half_text[sentence] + half_diagram,OK,angle_of_depression,has_measure,44_deg
348,14,noisy_half_text[sentence] + half_diagram,OK,landing_pad,is_a,landing_pad
348,14,noisy_half_text[sentence] + half_diagram,OK,d,is_a,distance
348,14,noisy_half_text[sentence] + half_diagram,OK,bicycle,is_a,bicycle
348,14,noisy_half_text[sentence] + half_diagram,OK,wall,is_a,wall
348,14,noisy_half_text[sentence] + half_diagram,OK,room,is_a,room
348,14,noisy_half_text[sentence] + half_diagram,OK,rain,is_a,smell
348,14,noisy_half_text[sentence] + half_diagram,OK,helicopter,has_measure,altitude
348,14,noisy_half_text[sentence] + half_diagram,OK,angle_of_depression,connects,helicopter
348,14,noisy_half_text[sentence] + half_diagram,OK,angle_of_depression,connects,landing_pad
348,14,noisy_half_text[sentence] + half_diagram,OK,d,connects,helicopter
348,14,noisy_half_text[sentence] + half_diagram,OK,d,connects,landing_pad
348,14,noisy_half_text[sentence] + half_diagram,OK,bicycle,lies_on,wall
348,14,noisy_half_text[sentence] + half_diagram,OK,room,has_measure,smell
348,14,noisy_half_text[sentence] + half_diagram,OK,smell,is_a,rain
348,14,noisy_half_text[sentence] + half_diagram,OK,question_target,is_a,d
,,,,,,
364,14,noisy_half_text[sentence] + half_diagram,OK,tower,is_a,object
364,14,noisy_half_text[sentence] + half_diagram,OK,concrete_tower,is_a,tower
364,14,noisy_half_text[sentence] + half_diagram,OK,bridge,is_a,structure
364,14,noisy_half_text[sentence] + half_diagram,OK,connection_point,is_a,point
364,14,noisy_half_text[sentence] + half_diagram,OK,main_cable,is_a,cable
364,14,noisy_half_text[sentence] + half_diagram,OK,chair,is_a,object
364,14,noisy_half_text[sentence] + half_diagram,OK,creak,is_a,sound
364,14,noisy_half_text[sentence] + half_diagram,OK,pause,is_a,action
364,14,noisy_half_text[sentence] + half_diagram,OK,step,is_a,action
364,14,noisy_half_text[sentence] + half_diagram,OK,tower,perpendicular_to,bridge
364,14,noisy_half_text[sentence] + half_diagram,OK,concrete_tower,has_measure,35.5_metres
364,14,noisy_half_text[sentence] + half_diagram,OK,bridge,has_measure,65.9_metres
364,14,noisy_half_text[sentence] + half_diagram,OK,connection_point,lies_on,main_cable
364,14,noisy_half_text[sentence] + half_diagram,OK,chair,has_action,creaked
364,14,noisy_half_text[sentence] + half_diagram,OK,he,has_action,sat
364,14,noisy_half_text[sentence] + half_diagram,OK,he,has_action,paused
364,14,noisy_half_text[sentence] + half_diagram,OK,he,has_action,stepped
364,14,noisy_half_text[sentence] + half_diagram,OK,main_cable,has_measure,?
364,14,noisy_half_text[sentence] + half_diagram,OK,h,is_a,length
364,14,noisy_half_text[sentence] + half_diagram,OK,h,has_measure,?
,,,,,,
365,14,noisy_half_text[sentence] + half_diagram,OK,plane,is_a,object
365,14,noisy_half_text[sentence] + half_diagram,OK,plane,has_measure,10369_m
365,14,noisy_half_text[sentence] + half_diagram,OK,airport_runway,is_a,location
365,14,noisy_half_text[sentence] + half_diagram,OK,theta,is_a,angle
365,14,noisy_half_text[sentence] + half_diagram,OK,theta,has_measure,?
365,14,noisy_half_text[sentence] + half_diagram,OK,distance,has_measure,23444_m
365,14,noisy_half_text[sentence] + half_diagram,OK,note,is_a,object
365,14,noisy_half_text[sentence] + half_diagram,OK,door,is_a,object
365,14,noisy_half_text[sentence] + half_diagram,OK,sound,is_a,object
365,14,noisy_half_text[sentence] + half_diagram,OK,sound,has_measure,silence
365,14,noisy_half_text[sentence] + half_diagram,OK,plane,has_measure,?
365,14,noisy_half_text[sentence] + half_diagram,OK,airport_runway,has_measure,?
365,14,noisy_half_text[sentence] + half_diagram,OK,note,has_measure,?
365,14,noisy_half_text[sentence] + half_diagram,OK,door,has_measure,?
365,14,noisy_half_text[sentence] + half_diagram,OK,sound,has_measure,?
,,,,,,
420,14,noisy_half_text[sentence] + half_diagram,OK,A,is_a,point
420,14,noisy_half_text[sentence] + half_diagram,OK,B,is_a,point
420,14,noisy_half_text[sentence] + half_diagram,OK,C,is_a,point
420,14,noisy_half_text[sentence] + half_diagram,OK,D,is_a,point
420,14,noisy_half_text[sentence] + half_diagram,OK,E,is_a,point
420,14,noisy_half_text[sentence] + half_diagram,OK,AB,is_a,segment
420,14,noisy_half_text[sentence] + half_diagram,OK,BC,is_a,segment
420,14,noisy_half_text[sentence] + half_diagram,OK,CD,is_a,segment
420,14,noisy_half_text[sentence] + half_diagram,OK,DE,is_a,segment
420,14,noisy_half_text[sentence] + half_diagram,OK,EA,is_a,segment
420,14,noisy_half_text[sentence] + half_diagram,OK,AE,is_a,segment
420,14,noisy_half_text[sentence] + half_diagram,OK,AB,has_measure,10_units
420,14,noisy_half_text[sentence] + half_diagram,OK,AE,has_measure,6_units
420,14,noisy_half_text[sentence] + half_diagram,OK,AB,perpendicular_to,AE
420,14,noisy_half_text[sentence] + half_diagram,OK,A,connects,B
420,14,noisy_half_text[sentence] + half_diagram,OK,B,connects,C
420,14,noisy_half_text[sentence] + half_diagram,OK,C,connects,D
420,14,noisy_half_text[sentence] + half_diagram,OK,D,connects,E
420,14,noisy_half_text[sentence] + half_diagram,OK,E,connects,A
,,,,,,
432,14,noisy_half_text[sentence] + half_diagram,OK,A,is_a,point
432,14,noisy_half_text[sentence] + half_diagram,OK,B,is_a,point
432,14,noisy_half_text[sentence] + half_diagram,OK,A,has_measure,-3
432,14,noisy_half_text[sentence] + half_diagram,OK,A,has_measure,4
432,14,noisy_half_text[sentence] + half_diagram,OK,B,has_measure,5
432,14,noisy_half_text[sentence] + half_diagram,OK,B,has_measure,2
432,14,noisy_half_text[sentence] + half_diagram,OK,d,is_a,distance
432,14,noisy_half_text[sentence] + half_diagram,OK,d,has_measure,?
432,14,noisy_half_text[sentence] + half_diagram,OK,A,is_a,bicycle
432,14,noisy_half_text[sentence] + half_diagram,OK,A,is_a,paper
,,,,,,
438,14,noisy_half_text[sentence] + half_diagram,OK,hyperbola,is_a,hyperbola
438,14,noisy_half_text[sentence] + half_diagram,OK,vertices,is_a,points
438,14,noisy_half_text[sentence] + half_diagram,OK,center,is_a,point
438,14,noisy_half_text[sentence] + half_diagram,OK,question,is_a,query
438,14,noisy_half_text[sentence] + half_diagram,OK,question,has_measure,equation
,,,,,,
441,14,noisy_half_text[sentence] + half_diagram,OK,O,is_a,point
441,14,noisy_half_text[sentence] + half_diagram,OK,P,is_a,point
441,14,noisy_half_text[sentence] + half_diagram,OK,a,is_a,angle
441,14,noisy_half_text[sentence] + half_diagram,OK,O,center_of,unit_circle
441,14,noisy_half_text[sentence] + half_diagram,OK,unit_circle,radius_of,1_unit
441,14,noisy_half_text[sentence] + half_diagram,OK,P,lies_on,unit_circle
441,14,noisy_half_text[sentence] + half_diagram,OK,a,is_a,standard_position_angle
441,14,noisy_half_text[sentence] + half_diagram,OK,a,has_measure,?
441,14,noisy_half_text[sentence] + half_diagram,OK,unit_circle,intersects,P
441,14,noisy_half_text[sentence] + half_diagram,OK,unit_circle,intersects,x_axis
441,14,noisy_half_text[sentence] + half_diagram,OK,unit_circle,intersects,y_axis
441,14,noisy_half_text[sentence] + half_diagram,OK,x_axis,is_a,line
441,14,noisy_half_text[sentence] + half_diagram,OK,y_axis,is_a,line
441,14,noisy_half_text[sentence] + half_diagram,OK,x_axis,perpendicular_to,y_axis
441,14,noisy_half_text[sentence] + half_diagram,OK,a,connects,O
441,14,noisy_half_text[sentence] + half_diagram,OK,a,connects,P
441,14,noisy_half_text[sentence] + half_diagram,OK,unit_circle,has_measure,1_unit
441,14,noisy_half_text[sentence] + half_diagram,OK,unit_circle,center_of,O
,,,,,,
447,14,noisy_half_text[sentence] + half_diagram,OK,A,is_a,point
447,14,noisy_half_text[sentence] + half_diagram,OK,B,is_a,point
447,14,noisy_half_text[sentence] + half_diagram,OK,C,is_a,point
447,14,noisy_half_text[sentence] + half_diagram,OK,O,is_a,point
447,14,noisy_half_text[sentence] + half_diagram,OK,AB,is_a,segment
447,14,noisy_half_text[sentence] + half_diagram,OK,∠AOB,is_a,angle
,,,,,,
449,14,noisy_half_text[sentence] + half_diagram,OK,sec_theta,is_a,query_target
449,14,noisy_half_text[sentence] + half_diagram,OK,circle,is_a,circle
449,14,noisy_half_text[sentence] + half_diagram,OK,circle,center_of,origin
449,14,noisy_half_text[sentence] + half_diagram,OK,point_P,is_a,point
449,14,noisy_half_text[sentence] + half_diagram,OK,point_P,lies_on,circle
449,14,noisy_half_text[sentence] + half_diagram,OK,keys,is_a,keys
449,14,noisy_half_text[sentence] + half_diagram,OK,keys,lies_on,table
449,14,noisy_half_text[sentence] + half_diagram,OK,note,is_a,note
449,14,noisy_half_text[sentence] + half_diagram,OK,note,pinned_to,door
449,14,noisy_half_text[sentence] + half_diagram,OK,sec_theta,is_a,?
,,,,,,
457,14,noisy_half_text[sentence] + half_diagram,OK,O,is_a,point
457,14,noisy_half_text[sentence] + half_diagram,OK,O,center_of,circle
457,14,noisy_half_text[sentence] + half_diagram,OK,Equation,is_a,query_target
,,,,,,
472,14,noisy_half_text[sentence] + half_diagram,OK,-7,0,"is_a, point"
472,14,noisy_half_text[sentence] + half_diagram,OK,5,-5,"is_a, point"
472,14,noisy_half_text[sentence] + half_diagram,OK,7,0,"is_a, point"
472,14,noisy_half_text[sentence] + half_diagram,OK,-7,0,"lies_on, semicircle"
472,14,noisy_half_text[sentence] + half_diagram,OK,5,-5,"lies_on, semicircle"
472,14,noisy_half_text[sentence] + half_diagram,OK,7,0,"lies_on, semicircle"
472,14,noisy_half_text[sentence] + half_diagram,OK,?,is_a,"center_of, semicircle"
,,,,,,
