run_folder,case_label,problem_index,ground_truth,predicted,correct,status
first run,full_text + full_diagram,1,140°,60 degrees,0,OK
first run,full_text + full_diagram,2,65°,50 degrees,0,OK
first run,full_text + full_diagram,3,55°,70 degrees,0,OK
first run,full_text + full_diagram,4,27°,36_deg,0,OK
first run,full_text + full_diagram,7,45°,30 degrees,0,OK
first run,full_text + full_diagram,8,3cm,7.0,0,OK
first run,full_text + full_diagram,9,6cm,6 units,1,OK_AFTER_JSON_REPAIR
first run,full_text + full_diagram,10,72°,36_deg,0,OK
first run,full_text + full_diagram,11,84°,36_deg,0,OK
first run,full_text + full_diagram,14,55°,35 degrees,0,OK
first run,full_text + full_diagram,16,25°,50 degrees,0,OK
first run,full_text + full_diagram,17,65°,unknown,0,OK
first run,full_text + full_diagram,20,20°,140,0,OK
first run,full_text + full_diagram,22,62°,28 degrees,0,OK
first run,full_text + full_diagram,25,65°,50,0,OK
first run,full_text + full_diagram,26,12,3.2 meters,0,OK
first run,full_text + full_diagram,29,115°,50 degrees,0,OK
first run,full_text + full_diagram,30,60°,30 degrees,0,OK
first run,full_text + full_diagram,32,76°,52 degrees,0,OK
first run,full_text + full_diagram,34,80°,100 degrees,0,OK
first run,full_text + full_diagram,36,20°,50 degrees,0,OK
first run,full_text + full_diagram,37,25°,50 degrees,0,OK
first run,full_text + full_diagram,38,40°,Cannot be determined,0,OK
first run,full_text + full_diagram,40,50°,50 degrees,1,OK
first run,full_text + full_diagram,43,40°,30 degrees,0,OK
first run,full_text + full_diagram,44,9m,30.0,0,OK
first run,full_text + full_diagram,45,70°,35_deg,0,OK
first run,full_text + full_diagram,46,110°,70_deg,0,OK
first run,full_text + full_diagram,48,130°,50,0,OK_AFTER_JSON_REPAIR
first run,full_text + full_diagram,49,100°,35_deg,0,OK
first run,full_text + full_diagram,50,140°,50 degrees,0,OK
first run,full_text + full_diagram,53,55°,BFD,0,OK
first run,full_text + full_diagram,55,55°,3,0,OK
first run,full_text + full_diagram,56,40°,90,0,OK_AFTER_JSON_REPAIR
first run,full_text + full_diagram,57,20°,20 degrees,1,OK
first run,full_text + full_diagram,58,55°,55,1,OK
first run,full_text + full_diagram,59,50°,80 degrees,0,OK
first run,full_text + full_diagram,60,45°,135_deg,0,OK
first run,full_text + full_diagram,64,40cm,200,0,OK
first run,full_text + full_diagram,72,8cm,16,0,OK
first run,full_text + full_diagram,73,140°,70 degrees,0,OK
first run,full_text + full_diagram,78,125°,70 degrees,0,OK
first run,full_text + full_diagram,79,16cm,32,0,OK
first run,full_text + full_diagram,81,25°,50,0,OK
first run,full_text + full_diagram,84,√{3},0,0,OK
first run,full_text + full_diagram,86,2√{3},2,0,OK
first run,full_text + full_diagram,88,128°,64,0,OK_AFTER_JSON_REPAIR
first run,full_text + full_diagram,95,30°,90_deg,0,OK
first run,full_text + full_diagram,99,64°,26,0,OK
first run,full_text + full_diagram,108,8m,8.0,1,OK
first run,full_text + full_diagram,109,40°,30,0,OK_AFTER_JSON_REPAIR
first run,full_text + full_diagram,112,2.4,1.25,0,OK_AFTER_JSON_REPAIR
first run,full_text + full_diagram,114,\frac{1}{2}cm^{2},π/4,0,OK_AFTER_JSON_REPAIR
first run,full_text + full_diagram,115,4πcm,120,0,OK
first run,full_text + full_diagram,117,2√{2}cm,3 units,0,OK
first run,full_text + full_diagram,119,240cm^{2},0,0,OK
first run,full_text + full_diagram,120,9πcm^{2},4,0,OK
first run,full_text + full_diagram,123,15π,Cannot be determined,0,OK
first run,full_text + full_diagram,128,4cm,6,0,OK
first run,full_text + full_diagram,132,10.2m,13.6,0,OK_AFTER_JSON_REPAIR
first run,full_text + full_diagram,133,120m,80.0_m,0,OK
first run,full_text + full_diagram,149,\frac{20}{3},16,0,OK_AFTER_JSON_REPAIR
first run,full_text + full_diagram,150,\frac{40}{7}m,-1/3,0,OK_AFTER_JSON_REPAIR
first run,full_text + full_diagram,151,5.1,20 units,0,OK
first run,full_text + full_diagram,152,4m,0.5,0,OK
first run,full_text + full_diagram,153,1.5m,1.8,0,OK
first run,full_text + full_diagram,157,\frac{3}{5},0.75,0,OK_AFTER_JSON_REPAIR
first run,full_text + full_diagram,165,\frac{√{3}}{2},sin(B) cannot be determined from the given information.,0,OK
first run,full_text + full_diagram,198,60,60,1,OK_AFTER_JSON_REPAIR
first run,full_text + full_diagram,207,157.1,58.9,0,OK_AFTER_JSON_REPAIR
first run,full_text + full_diagram,210,15,16,0,OK
first run,full_text + full_diagram,211,38,38,1,OK
first run,full_text + full_diagram,223,\sqrt{7},√7,0,OK_AFTER_JSON_REPAIR
first run,full_text + full_diagram,239,8,16,0,OK
first run,full_text + full_diagram,243,1591,Unknown,0,OK
first run,full_text + full_diagram,257,15,5,0,OK
first run,full_text + full_diagram,264,60,10x,0,OK
first run,full_text + full_diagram,281,0.38,0.91,0,OK
first run,full_text + full_diagram,327,11.8,10.7,0,OK
first run,full_text + full_diagram,348,285,198,0,OK
first run,full_text + full_diagram,364,74.85,65.90,0,OK
first run,full_text + full_diagram,365,23.9,1.0,0,OK
first run,full_text + full_diagram,420,8,6,0,OK
first run,full_text + full_diagram,432,8.246,0,0,OK
first run,full_text + full_diagram,438,\frac{(x+3)^2}{25}-\frac{(y+3)^2}{25}=1,The equation of the hyperbola is ((x - (-3))² - (y + 3)²)/25 - ((x - (-3))² - (y + 3)²)/25 = 1,0,OK
first run,full_text + full_diagram,441,$\frac{4}{5}$,Cannot be determined,0,OK
first run,full_text + full_diagram,447,$\frac{20}{29}$,1/sqrt(3),0,OK
first run,full_text + full_diagram,449,$\frac{1}{x}$,The value of sec theta at point P is 1.,0,OK
first run,full_text + full_diagram,457,$(x-1)^{2}+(y-3)^{2}=36$,(AB)^2 = 6^2,0,OK
first run,full_text + full_diagram,472,"(0,0)",O,0,OK
first run,full_text + noisy_diagram[bg_change],1,140°,40,0,OK
first run,full_text + noisy_diagram[bg_change],2,65°,50 degrees,0,OK
first run,full_text + noisy_diagram[bg_change],3,55°,70 degrees,0,OK
first run,full_text + noisy_diagram[bg_change],4,27°,36_deg,0,OK
first run,full_text + noisy_diagram[bg_change],7,45°,35_deg,0,OK
first run,full_text + noisy_diagram[bg_change],8,3cm,7.0,0,OK
first run,full_text + noisy_diagram[bg_change],9,6cm,12,0,OK_AFTER_JSON_REPAIR
first run,full_text + noisy_diagram[bg_change],10,72°,36_deg,0,OK
first run,full_text + noisy_diagram[bg_change],11,84°,36_deg,0,OK
first run,full_text + noisy_diagram[bg_change],14,55°,35 degrees,0,OK
first run,full_text + noisy_diagram[bg_change],16,25°,50 degrees,0,OK
first run,full_text + noisy_diagram[bg_change],17,65°,23 degrees,0,OK
first run,full_text + noisy_diagram[bg_change],20,20°,140,0,OK
first run,full_text + noisy_diagram[bg_change],22,62°,unknown,0,OK
first run,full_text + noisy_diagram[bg_change],25,65°,50 degrees,0,OK
first run,full_text + noisy_diagram[bg_change],26,12,22,0,OK
first run,full_text + noisy_diagram[bg_change],29,115°,50_deg,0,OK
first run,full_text + noisy_diagram[bg_change],30,60°,30_deg,0,OK
first run,full_text + noisy_diagram[bg_change],32,76°,52 degrees,0,OK
first run,full_text + noisy_diagram[bg_change],34,80°,100 degrees,0,OK
first run,full_text + noisy_diagram[bg_change],36,20°,BAC,0,OK
first run,full_text + noisy_diagram[bg_change],37,25°,50 degrees,0,OK
first run,full_text + noisy_diagram[bg_change],38,40°,70_deg,0,OK
first run,full_text + noisy_diagram[bg_change],40,50°,50 degrees,1,OK
first run,full_text + noisy_diagram[bg_change],43,40°,100 degrees,0,OK
first run,full_text + noisy_diagram[bg_change],44,9m,1.5,0,OK
first run,full_text + noisy_diagram[bg_change],45,70°,30_deg,0,OK
first run,full_text + noisy_diagram[bg_change],46,110°,70,0,OK
first run,full_text + noisy_diagram[bg_change],48,130°,100 degrees,0,OK
first run,full_text + noisy_diagram[bg_change],49,100°,35_deg,0,OK
first run,full_text + noisy_diagram[bg_change],50,140°,50 degrees,0,OK
first run,full_text + noisy_diagram[bg_change],53,55°,C,0,OK
first run,full_text + noisy_diagram[bg_change],55,55°,70,0,OK
first run,full_text + noisy_diagram[bg_change],56,40°,20 degrees,0,OK
first run,full_text + noisy_diagram[bg_change],57,20°,20 degrees,1,OK
first run,full_text + noisy_diagram[bg_change],58,55°,35,0,OK_AFTER_JSON_REPAIR
first run,full_text + noisy_diagram[bg_change],59,50°,80_deg,0,OK
first run,full_text + noisy_diagram[bg_change],60,45°,135_deg,0,OK
first run,full_text + noisy_diagram[bg_change],64,40cm,160 units,0,OK
first run,full_text + noisy_diagram[bg_change],72,8cm,16,0,OK
first run,full_text + noisy_diagram[bg_change],73,140°,70_deg,0,OK
first run,full_text + noisy_diagram[bg_change],78,125°,70 degrees,0,OK
first run,full_text + noisy_diagram[bg_change],79,16cm,Cannot be determined,0,OK
first run,full_text + noisy_diagram[bg_change],81,25°,50,0,OK
first run,full_text + noisy_diagram[bg_change],84,√{3},Cannot be determined,0,OK
first run,full_text + noisy_diagram[bg_change],86,2√{3},2,0,OK
first run,full_text + noisy_diagram[bg_change],88,128°,42_deg,0,OK
first run,full_text + noisy_diagram[bg_change],95,30°,150_deg,0,OK
first run,full_text + noisy_diagram[bg_change],99,64°,26 degrees,0,OK
first run,full_text + noisy_diagram[bg_change],108,8m,8 units,1,OK
first run,full_text + noisy_diagram[bg_change],109,40°,90,0,OK
first run,full_text + noisy_diagram[bg_change],112,2.4,3.2,0,OK_AFTER_JSON_REPAIR
first run,full_text + noisy_diagram[bg_change],114,\frac{1}{2}cm^{2},π/4,0,OK_AFTER_JSON_REPAIR
first run,full_text + noisy_diagram[bg_change],115,4πcm,6 units,0,OK
first run,full_text + noisy_diagram[bg_change],117,2√{2}cm,3 cm,0,OK
first run,full_text + noisy_diagram[bg_change],119,240cm^{2},576π cm²,0,OK_AFTER_JSON_REPAIR
first run,full_text + noisy_diagram[bg_change],120,9πcm^{2},0,0,OK
first run,full_text + noisy_diagram[bg_change],123,15π,15π,1,OK
first run,full_text + noisy_diagram[bg_change],128,4cm,6,0,OK
first run,full_text + noisy_diagram[bg_change],132,10.2m,12.0,0,OK
first run,full_text + noisy_diagram[bg_change],133,120m,60.0_m,0,OK
first run,full_text + noisy_diagram[bg_change],149,\frac{20}{3},16.0,0,OK_AFTER_JSON_REPAIR
first run,full_text + noisy_diagram[bg_change],150,\frac{40}{7}m,9,0,OK
first run,full_text + noisy_diagram[bg_change],151,5.1,5.0,1,OK
first run,full_text + noisy_diagram[bg_change],152,4m,2,0,OK
first run,full_text + noisy_diagram[bg_change],153,1.5m,1.8,0,OK
first run,full_text + noisy_diagram[bg_change],157,\frac{3}{5},0.75,0,OK
first run,full_text + noisy_diagram[bg_change],165,\frac{√{3}}{2},sin(B) cannot be determined from the given information.,0,OK
first run,full_text + noisy_diagram[bg_change],198,60,0,0,OK
first run,full_text + noisy_diagram[bg_change],207,157.1,62.8,0,OK
first run,full_text + noisy_diagram[bg_change],210,15,16,0,OK
first run,full_text + noisy_diagram[bg_change],211,38,83°,0,OK
first run,full_text + noisy_diagram[bg_change],223,\sqrt{7},x√2,0,OK
first run,full_text + noisy_diagram[bg_change],239,8,4,0,OK
first run,full_text + noisy_diagram[bg_change],243,1591,91 miles,0,OK
first run,full_text + noisy_diagram[bg_change],257,15,16,0,OK
first run,full_text + noisy_diagram[bg_change],264,60,30 degrees,0,OK
first run,full_text + noisy_diagram[bg_change],281,0.38,0.96,0,OK
first run,full_text + noisy_diagram[bg_change],327,11.8,5.0,0,OK
first run,full_text + noisy_diagram[bg_change],348,285,198,0,OK
first run,full_text + noisy_diagram[bg_change],364,74.85,65.90,0,OK
first run,full_text + noisy_diagram[bg_change],365,23.9,67.4,0,OK
first run,full_text + noisy_diagram[bg_change],420,8,16,0,OK_AFTER_JSON_REPAIR
first run,full_text + noisy_diagram[bg_change],432,8.246,"The distance between A and B is not explicitly provided in the triples. The triples only define the relationships between points A, B, and the segment AB.",0,OK
first run,full_text + noisy_diagram[bg_change],438,\frac{(x+3)^2}{25}-\frac{(y+3)^2}{25}=1,x^2 - y^2 = 25,0,OK
first run,full_text + noisy_diagram[bg_change],441,$\frac{4}{5}$,Cannot be determined,0,OK
first run,full_text + noisy_diagram[bg_change],447,$\frac{20}{29}$,20/29,0,OK
first run,full_text + noisy_diagram[bg_change],449,$\frac{1}{x}$,The value of sec theta at point P is not determinable from the given triples.,0,OK
first run,full_text + noisy_diagram[bg_change],457,$(x-1)^{2}+(y-3)^{2}=36$,x^2 + y^2 = 6^2,0,OK
first run,full_text + noisy_diagram[bg_change],472,"(0,0)",B,0,OK
first run,full_text + noisy_diagram[blur],1,140°,60 degrees,0,OK
first run,full_text + noisy_diagram[blur],2,65°,Unknown,0,OK
first run,full_text + noisy_diagram[blur],3,55°,70 degrees,0,OK
first run,full_text + noisy_diagram[blur],4,27°,36_deg,0,OK
first run,full_text + noisy_diagram[blur],7,45°,35,0,OK
first run,full_text + noisy_diagram[blur],8,3cm,12 units,0,OK
first run,full_text + noisy_diagram[blur],9,6cm,12 units,0,OK_AFTER_JSON_REPAIR
first run,full_text + noisy_diagram[blur],10,72°,36_deg,0,OK
first run,full_text + noisy_diagram[blur],11,84°,60_deg,0,OK
first run,full_text + noisy_diagram[blur],14,55°,30 degrees,0,OK
first run,full_text + noisy_diagram[blur],16,25°,50 degrees,0,OK
first run,full_text + noisy_diagram[blur],17,65°,65_deg,1,OK
first run,full_text + noisy_diagram[blur],20,20°,40_deg,0,OK
first run,full_text + noisy_diagram[blur],22,62°,28 degrees,0,OK
first run,full_text + noisy_diagram[blur],25,65°,50 degrees,0,OK
first run,full_text + noisy_diagram[blur],26,12,22.0_m,0,OK
first run,full_text + noisy_diagram[blur],29,115°,50_deg,0,OK
first run,full_text + noisy_diagram[blur],30,60°,30_deg,0,OK
first run,full_text + noisy_diagram[blur],32,76°,52 degrees,0,OK
first run,full_text + noisy_diagram[blur],34,80°,100,0,OK
first run,full_text + noisy_diagram[blur],36,20°,50 degrees,0,OK
first run,full_text + noisy_diagram[blur],37,25°,50 degrees,0,OK
first run,full_text + noisy_diagram[blur],38,40°,70 degrees,0,OK
first run,full_text + noisy_diagram[blur],40,50°,50 degrees,1,OK
first run,full_text + noisy_diagram[blur],43,40°,130 degrees,0,OK
first run,full_text + noisy_diagram[blur],44,9m,1.5,0,OK
first run,full_text + noisy_diagram[blur],45,70°,35_deg,0,OK
first run,full_text + noisy_diagram[blur],46,110°,70_deg,0,OK
first run,full_text + noisy_diagram[blur],48,130°,100°,0,OK
first run,full_text + noisy_diagram[blur],49,100°,35_deg,0,OK
first run,full_text + noisy_diagram[blur],50,140°,50_deg,0,OK
first run,full_text + noisy_diagram[blur],53,55°,BFD,0,OK
first run,full_text + noisy_diagram[blur],55,55°,3,0,OK
first run,full_text + noisy_diagram[blur],56,40°,20 degrees,0,OK
first run,full_text + noisy_diagram[blur],57,20°,20 degrees,1,OK
first run,full_text + noisy_diagram[blur],58,55°,55,1,OK_AFTER_JSON_REPAIR
first run,full_text + noisy_diagram[blur],59,50°,80 degrees,0,OK
first run,full_text + noisy_diagram[blur],60,45°,135_deg,0,OK
first run,full_text + noisy_diagram[blur],64,40cm,200.0,0,OK
first run,full_text + noisy_diagram[blur],72,8cm,16,0,OK
first run,full_text + noisy_diagram[blur],73,140°,70 degrees,0,OK
first run,full_text + noisy_diagram[blur],78,125°,70 degrees,0,OK
first run,full_text + noisy_diagram[blur],79,16cm,AD,0,OK
first run,full_text + noisy_diagram[blur],81,25°,40,0,OK
first run,full_text + noisy_diagram[blur],84,√{3},BC,0,OK
first run,full_text + noisy_diagram[blur],86,2√{3},2,0,OK
first run,full_text + noisy_diagram[blur],88,128°,42_deg,0,OK
first run,full_text + noisy_diagram[blur],95,30°,90_deg,0,OK
first run,full_text + noisy_diagram[blur],99,64°,26 degrees,0,OK
first run,full_text + noisy_diagram[blur],108,8m,8,1,OK
first run,full_text + noisy_diagram[blur],109,40°,130,0,OK
first run,full_text + noisy_diagram[blur],112,2.4,2.5,0,OK
first run,full_text + noisy_diagram[blur],114,\frac{1}{2}cm^{2},0.5,0,OK_AFTER_JSON_REPAIR
first run,full_text + noisy_diagram[blur],115,4πcm,4*pi + 12,0,OK_AFTER_JSON_REPAIR
first run,full_text + noisy_diagram[blur],117,2√{2}cm,120 degrees,0,OK
first run,full_text + noisy_diagram[blur],119,240cm^{2},0,0,OK
first run,full_text + noisy_diagram[blur],120,9πcm^{2},5 units,0,OK
first run,full_text + noisy_diagram[blur],123,15π,12π,0,OK_AFTER_JSON_REPAIR
first run,full_text + noisy_diagram[blur],128,4cm,6,0,OK
first run,full_text + noisy_diagram[blur],132,10.2m,The height of the pavilion AB is not explicitly stated in the provided triples.,0,OK
first run,full_text + noisy_diagram[blur],133,120m,89.44_m,0,OK_AFTER_JSON_REPAIR
first run,full_text + noisy_diagram[blur],149,\frac{20}{3},16.0,0,OK
first run,full_text + noisy_diagram[blur],150,\frac{40}{7}m,9,0,OK
first run,full_text + noisy_diagram[blur],151,5.1,5 units,1,OK
first run,full_text + noisy_diagram[blur],152,4m,1.9,0,OK_AFTER_JSON_REPAIR
first run,full_text + noisy_diagram[blur],153,1.5m,1.8,0,OK
first run,full_text + noisy_diagram[blur],157,\frac{3}{5},4/5,0,OK
first run,full_text + noisy_diagram[blur],165,\frac{√{3}}{2},sin(B) = 1/sqrt(5),0,OK_AFTER_JSON_REPAIR
first run,full_text + noisy_diagram[blur],198,60,60,1,OK_AFTER_JSON_REPAIR
first run,full_text + noisy_diagram[blur],207,157.1,62.8,0,OK
first run,full_text + noisy_diagram[blur],210,15,16,0,OK
first run,full_text + noisy_diagram[blur],211,38,38,1,OK
first run,full_text + noisy_diagram[blur],223,\sqrt{7},3√2,0,OK_AFTER_JSON_REPAIR
first run,full_text + noisy_diagram[blur],239,8,7,0,OK
first run,full_text + noisy_diagram[blur],243,1591,Unknown,0,OK
first run,full_text + noisy_diagram[blur],257,15,5,0,OK
first run,full_text + noisy_diagram[blur],264,60,10x,0,OK
first run,full_text + noisy_diagram[blur],281,0.38,0.60,0,OK
first run,full_text + noisy_diagram[blur],327,11.8,10.7,0,OK
first run,full_text + noisy_diagram[blur],348,285,198,0,OK_AFTER_JSON_REPAIR
first run,full_text + noisy_diagram[blur],364,74.85,65.90,0,OK
first run,full_text + noisy_diagram[blur],365,23.9,10.3,0,OK
first run,full_text + noisy_diagram[blur],420,8,Cannot be determined,0,OK
first run,full_text + noisy_diagram[blur],432,8.246,8,0,OK_AFTER_JSON_REPAIR
first run,full_text + noisy_diagram[blur],438,\frac{(x+3)^2}{25}-\frac{(y+3)^2}{25}=1,The equation of the hyperbola is not explicitly defined by the provided triples.,0,OK
first run,full_text + noisy_diagram[blur],441,$\frac{4}{5}$,1/2,0,OK_AFTER_JSON_REPAIR
first run,full_text + noisy_diagram[blur],447,$\frac{20}{29}$,20/29,0,OK
first run,full_text + noisy_diagram[blur],449,$\frac{1}{x}$,1.5,0,OK
first run,full_text + noisy_diagram[blur],457,$(x-1)^{2}+(y-3)^{2}=36$,x^2 + y^2 = 6^2,0,OK
first run,full_text + noisy_diagram[blur],472,"(0,0)",O,0,OK
first run,full_text + noisy_diagram[illumination],1,140°,60 degrees,0,OK
first run,full_text + noisy_diagram[illumination],2,65°,Unknown,0,OK
first run,full_text + noisy_diagram[illumination],3,55°,70 degrees,0,OK
first run,full_text + noisy_diagram[illumination],4,27°,36_deg,0,OK
first run,full_text + noisy_diagram[illumination],7,45°,35,0,OK
first run,full_text + noisy_diagram[illumination],8,3cm,7.0,0,OK
first run,full_text + noisy_diagram[illumination],9,6cm,12,0,OK_AFTER_JSON_REPAIR
first run,full_text + noisy_diagram[illumination],10,72°,36,0,OK
first run,full_text + noisy_diagram[illumination],11,84°,36,0,OK
first run,full_text + noisy_diagram[illumination],14,55°,35 degrees,0,OK
first run,full_text + noisy_diagram[illumination],16,25°,50 degrees,0,OK
first run,full_text + noisy_diagram[illumination],17,65°,42_deg,0,OK
first run,full_text + noisy_diagram[illumination],20,20°,140 degrees,0,OK
first run,full_text + noisy_diagram[illumination],22,62°,28_deg,0,OK
first run,full_text + noisy_diagram[illumination],25,65°,50 degrees,0,OK
first run,full_text + noisy_diagram[illumination],26,12,22.0_m,0,OK
first run,full_text + noisy_diagram[illumination],29,115°,30,0,OK
first run,full_text + noisy_diagram[illumination],30,60°,30_deg,0,OK
first run,full_text + noisy_diagram[illumination],32,76°,52 degrees,0,OK
first run,full_text + noisy_diagram[illumination],34,80°,100 degrees,0,OK
first run,full_text + noisy_diagram[illumination],36,20°,50 degrees,0,OK
first run,full_text + noisy_diagram[illumination],37,25°,50 degrees,0,OK
first run,full_text + noisy_diagram[illumination],38,40°,Cannot be determined.,0,OK
first run,full_text + noisy_diagram[illumination],40,50°,50 degrees,1,OK
first run,full_text + noisy_diagram[illumination],43,40°,30_deg,0,OK
first run,full_text + noisy_diagram[illumination],44,9m,1.5,0,OK
first run,full_text + noisy_diagram[illumination],45,70°,35 degrees,0,OK
first run,full_text + noisy_diagram[illumination],46,110°,70_deg,0,OK
first run,full_text + noisy_diagram[illumination],48,130°,50,0,OK_AFTER_JSON_REPAIR
first run,full_text + noisy_diagram[illumination],49,100°,35_deg,0,OK
first run,full_text + noisy_diagram[illumination],50,140°,50 degrees,0,OK
first run,full_text + noisy_diagram[illumination],53,55°,BFD,0,OK
first run,full_text + noisy_diagram[illumination],55,55°,3,0,OK
first run,full_text + noisy_diagram[illumination],56,40°,20 degrees,0,OK
first run,full_text + noisy_diagram[illumination],57,20°,20 degrees,1,OK
first run,full_text + noisy_diagram[illumination],58,55°,55,1,OK_AFTER_JSON_REPAIR
first run,full_text + noisy_diagram[illumination],59,50°,80_deg,0,OK
first run,full_text + noisy_diagram[illumination],60,45°,135,0,OK
first run,full_text + noisy_diagram[illumination],64,40cm,200,0,OK
first run,full_text + noisy_diagram[illumination],72,8cm,16,0,OK_AFTER_JSON_REPAIR
first run,full_text + noisy_diagram[illumination],73,140°,70 degrees,0,OK
first run,full_text + noisy_diagram[illumination],78,125°,70 degrees,0,OK
first run,full_text + noisy_diagram[illumination],79,16cm,AD,0,OK
first run,full_text + noisy_diagram[illumination],81,25°,40,0,OK_AFTER_JSON_REPAIR
first run,full_text + noisy_diagram[illumination],84,√{3},OA + OB + OC,0,OK
first run,full_text + noisy_diagram[illumination],86,2√{3},2,0,OK
first run,full_text + noisy_diagram[illumination],88,128°,42_deg,0,OK
first run,full_text + noisy_diagram[illumination],95,30°,90 degrees,0,OK
first run,full_text + noisy_diagram[illumination],99,64°,26 degrees,0,OK
first run,full_text + noisy_diagram[illumination],108,8m,8 units,1,OK
first run,full_text + noisy_diagram[illumination],109,40°,90,0,OK_AFTER_JSON_REPAIR
first run,full_text + noisy_diagram[illumination],112,2.4,2.5,0,OK
first run,full_text + noisy_diagram[illumination],114,\frac{1}{2}cm^{2},1.5,0,OK
first run,full_text + noisy_diagram[illumination],115,4πcm,6 * 3.464,0,OK
first run,full_text + noisy_diagram[illumination],117,2√{2}cm,3,0,OK
first run,full_text + noisy_diagram[illumination],119,240cm^{2},0,0,OK
first run,full_text + noisy_diagram[illumination],120,9πcm^{2},25π,0,OK_AFTER_JSON_REPAIR
first run,full_text + noisy_diagram[illumination],123,15π,12.0,0,OK_AFTER_JSON_REPAIR
first run,full_text + noisy_diagram[illumination],128,4cm,6,0,OK
first run,full_text + noisy_diagram[illumination],132,10.2m,3.6,0,OK_AFTER_JSON_REPAIR
first run,full_text + noisy_diagram[illumination],133,120m,120.0_units,0,OK
first run,full_text + noisy_diagram[illumination],149,\frac{20}{3},Not enough information,0,OK
first run,full_text + noisy_diagram[illumination],150,\frac{40}{7}m,BC,0,OK
first run,full_text + noisy_diagram[illumination],151,5.1,20_units,0,OK
first run,full_text + noisy_diagram[illumination],152,4m,1.6,0,OK
first run,full_text + noisy_diagram[illumination],153,1.5m,1.8,0,OK
first run,full_text + noisy_diagram[illumination],157,\frac{3}{5},-1,0,OK_AFTER_JSON_REPAIR
first run,full_text + noisy_diagram[illumination],165,\frac{√{3}}{2},sin(B) cannot be determined from the given information.,0,OK
first run,full_text + noisy_diagram[illumination],198,60,169,0,OK_AFTER_JSON_REPAIR
first run,full_text + noisy_diagram[illumination],207,157.1,628.3,0,OK
first run,full_text + noisy_diagram[illumination],210,15,16,0,OK
first run,full_text + noisy_diagram[illumination],211,38,83,0,OK
first run,full_text + noisy_diagram[illumination],223,\sqrt{7},x = √43,0,OK_AFTER_JSON_REPAIR
first run,full_text + noisy_diagram[illumination],239,8,3,0,OK_AFTER_JSON_REPAIR
first run,full_text + noisy_diagram[illumination],243,1591,The distance from Phoenix to Atlanta is 73.8x.,0,OK
first run,full_text + noisy_diagram[illumination],257,15,16,0,OK_AFTER_JSON_REPAIR
first run,full_text + noisy_diagram[illumination],264,60,30_deg,0,OK
first run,full_text + noisy_diagram[illumination],281,0.38,0.81,0,OK
first run,full_text + noisy_diagram[illumination],327,11.8,10.7,0,OK
first run,full_text + noisy_diagram[illumination],348,285,198,0,OK
first run,full_text + noisy_diagram[illumination],364,74.85,65.90,0,OK
first run,full_text + noisy_diagram[illumination],365,23.9,90.0,0,OK
first run,full_text + noisy_diagram[illumination],420,8,x = 6,0,OK_AFTER_JSON_REPAIR
first run,full_text + noisy_diagram[illumination],432,8.246,5,0,OK_AFTER_JSON_REPAIR
first run,full_text + noisy_diagram[illumination],438,\frac{(x+3)^2}{25}-\frac{(y+3)^2}{25}=1,The equation of the hyperbola is (x+3)^2 - (y+3)^2 = 1,0,OK_AFTER_JSON_REPAIR
first run,full_text + noisy_diagram[illumination],441,$\frac{4}{5}$,undefined,0,OK
first run,full_text + noisy_diagram[illumination],447,$\frac{20}{29}$,20/29,0,OK
first run,full_text + noisy_diagram[illumination],449,$\frac{1}{x}$,1,0,OK
first run,full_text + noisy_diagram[illumination],457,$(x-1)^{2}+(y-3)^{2}=36$,x^2 + y^2 = 6^2,0,OK
first run,full_text + noisy_diagram[illumination],472,"(0,0)",O,0,OK
first run,full_text + noisy_diagram[irr_objects],1,140°,60 degrees,0,OK
first run,full_text + noisy_diagram[irr_objects],2,65°,90_deg,0,OK
first run,full_text + noisy_diagram[irr_objects],3,55°,70 degrees,0,OK
first run,full_text + noisy_diagram[irr_objects],4,27°,36_deg,0,OK
first run,full_text + noisy_diagram[irr_objects],7,45°,70,0,OK
first run,full_text + noisy_diagram[irr_objects],8,3cm,12 units,0,OK_AFTER_JSON_REPAIR
first run,full_text + noisy_diagram[irr_objects],9,6cm,12,0,OK_AFTER_JSON_REPAIR
first run,full_text + noisy_diagram[irr_objects],10,72°,90,0,OK
first run,full_text + noisy_diagram[irr_objects],11,84°,36 degrees,0,OK
first run,full_text + noisy_diagram[irr_objects],14,55°,35_deg,0,OK
first run,full_text + noisy_diagram[irr_objects],16,25°,50,0,OK
first run,full_text + noisy_diagram[irr_objects],17,65°,23_deg,0,OK
first run,full_text + noisy_diagram[irr_objects],20,20°,40,0,OK
first run,full_text + noisy_diagram[irr_objects],22,62°,28_deg,0,OK
first run,full_text + noisy_diagram[irr_objects],25,65°,50 degrees,0,OK
first run,full_text + noisy_diagram[irr_objects],26,12,22.0_m,0,OK
first run,full_text + noisy_diagram[irr_objects],29,115°,50_deg,0,OK
first run,full_text + noisy_diagram[irr_objects],30,60°,30 degrees,0,OK
first run,full_text + noisy_diagram[irr_objects],32,76°,52 degrees,0,OK
first run,full_text + noisy_diagram[irr_objects],34,80°,100 degrees,0,OK
first run,full_text + noisy_diagram[irr_objects],36,20°,Cannot be determined.,0,OK
first run,full_text + noisy_diagram[irr_objects],37,25°,50 degrees,0,OK
first run,full_text + noisy_diagram[irr_objects],38,40°,Cannot be determined.,0,OK
first run,full_text + noisy_diagram[irr_objects],40,50°,50 degrees,1,OK
first run,full_text + noisy_diagram[irr_objects],43,40°,100_deg,0,OK
first run,full_text + noisy_diagram[irr_objects],44,9m,1.5,0,OK
first run,full_text + noisy_diagram[irr_objects],45,70°,35_deg,0,OK
first run,full_text + noisy_diagram[irr_objects],46,110°,70_deg,0,OK
first run,full_text + noisy_diagram[irr_objects],48,130°,50,0,OK_AFTER_JSON_REPAIR
first run,full_text + noisy_diagram[irr_objects],49,100°,35_deg,0,OK
first run,full_text + noisy_diagram[irr_objects],50,140°,50 degrees,0,OK
first run,full_text + noisy_diagram[irr_objects],53,55°,BFD,0,OK
first run,full_text + noisy_diagram[irr_objects],55,55°,3,0,OK
first run,full_text + noisy_diagram[irr_objects],56,40°,20 degrees,0,OK
first run,full_text + noisy_diagram[irr_objects],57,20°,20 degrees,1,OK
first run,full_text + noisy_diagram[irr_objects],58,55°,125,0,OK_AFTER_JSON_REPAIR
first run,full_text + noisy_diagram[irr_objects],59,50°,80 degrees,0,OK
first run,full_text + noisy_diagram[irr_objects],60,45°,135_deg,0,OK
first run,full_text + noisy_diagram[irr_objects],64,40cm,200.0,0,OK
first run,full_text + noisy_diagram[irr_objects],72,8cm,8,1,OK_AFTER_JSON_REPAIR
first run,full_text + noisy_diagram[irr_objects],73,140°,70 degrees,0,OK
first run,full_text + noisy_diagram[irr_objects],78,125°,70 degrees,0,OK
first run,full_text + noisy_diagram[irr_objects],79,16cm,Cannot be determined,0,OK
first run,full_text + noisy_diagram[irr_objects],81,25°,90_deg,0,OK
first run,full_text + noisy_diagram[irr_objects],84,√{3},1,0,OK
first run,full_text + noisy_diagram[irr_objects],86,2√{3},2,0,OK
first run,full_text + noisy_diagram[irr_objects],88,128°,20,0,OK_AFTER_JSON_REPAIR
first run,full_text + noisy_diagram[irr_objects],95,30°,90,0,OK
first run,full_text + noisy_diagram[irr_objects],99,64°,26 degrees,0,OK
first run,full_text + noisy_diagram[irr_objects],108,8m,8,1,OK
first run,full_text + noisy_diagram[irr_objects],109,40°,130,0,OK
first run,full_text + noisy_diagram[irr_objects],112,2.4,1.25,0,OK_AFTER_JSON_REPAIR
first run,full_text + noisy_diagram[irr_objects],114,\frac{1}{2}cm^{2},π/4,0,OK_AFTER_JSON_REPAIR
first run,full_text + noisy_diagram[irr_objects],115,4πcm,6 * 3.464,0,OK_AFTER_JSON_REPAIR
first run,full_text + noisy_diagram[irr_objects],117,2√{2}cm,3,0,OK
first run,full_text + noisy_diagram[irr_objects],119,240cm^{2},The area of the sector cardboard cannot be determined from the given information.,0,OK
first run,full_text + noisy_diagram[irr_objects],120,9πcm^{2},5 square units,0,OK
first run,full_text + noisy_diagram[irr_objects],123,15π,Cannot be determined,0,OK
first run,full_text + noisy_diagram[irr_objects],128,4cm,6 units,0,OK
first run,full_text + noisy_diagram[irr_objects],132,10.2m,0.6,0,OK
first run,full_text + noisy_diagram[irr_objects],133,120m,80.0_m,0,OK
first run,full_text + noisy_diagram[irr_objects],149,\frac{20}{3},16.0,0,OK_AFTER_JSON_REPAIR
first run,full_text + noisy_diagram[irr_objects],150,\frac{40}{7}m,9,0,OK
first run,full_text + noisy_diagram[irr_objects],151,5.1,20 units,0,OK
first run,full_text + noisy_diagram[irr_objects],152,4m,1.9,0,OK_AFTER_JSON_REPAIR
first run,full_text + noisy_diagram[irr_objects],153,1.5m,1.8,0,OK
first run,full_text + noisy_diagram[irr_objects],157,\frac{3}{5},0.8,0,OK
first run,full_text + noisy_diagram[irr_objects],165,\frac{√{3}}{2},1,0,OK
first run,full_text + noisy_diagram[irr_objects],198,60,0,0,OK
first run,full_text + noisy_diagram[irr_objects],207,157.1,39.3,0,OK
first run,full_text + noisy_diagram[irr_objects],210,15,16,0,OK
first run,full_text + noisy_diagram[irr_objects],211,38,38,1,OK
first run,full_text + noisy_diagram[irr_objects],223,\sqrt{7},x = 5,0,OK
first run,full_text + noisy_diagram[irr_objects],239,8,4,0,OK
first run,full_text + noisy_diagram[irr_objects],243,1591,Cannot be determined.,0,OK
first run,full_text + noisy_diagram[irr_objects],257,15,16,0,OK
first run,full_text + noisy_diagram[irr_objects],264,60,10x,0,OK
first run,full_text + noisy_diagram[irr_objects],281,0.38,0.96,0,OK
first run,full_text + noisy_diagram[irr_objects],327,11.8,10.7,0,OK
first run,full_text + noisy_diagram[irr_objects],348,285,198,0,OK
first run,full_text + noisy_diagram[irr_objects],364,74.85,65.90,0,OK
first run,full_text + noisy_diagram[irr_objects],365,23.9,90.0,0,OK
first run,full_text + noisy_diagram[irr_objects],420,8,10,0,OK
first run,full_text + noisy_diagram[irr_objects],432,8.246,sqrt(68),1,OK_AFTER_JSON_REPAIR
first run,full_text + noisy_diagram[irr_objects],438,\frac{(x+3)^2}{25}-\frac{(y+3)^2}{25}=1,"The equation of the hyperbola is centered at (0,0) with vertices at (0, ±a) and asymptotes given by y = ±(x/a)",0,OK
first run,full_text + noisy_diagram[irr_objects],441,$\frac{4}{5}$,4/5,0,OK
first run,full_text + noisy_diagram[irr_objects],447,$\frac{20}{29}$,20/29,0,OK
first run,full_text + noisy_diagram[irr_objects],449,$\frac{1}{x}$,Cannot be determined,0,OK
first run,full_text + noisy_diagram[irr_objects],457,$(x-1)^{2}+(y-3)^{2}=36$,x^2 + y^2 = 6^2,0,OK
first run,full_text + noisy_diagram[irr_objects],472,"(0,0)",O,0,OK
first run,full_text + noisy_diagram[pixel_noise],1,140°,60 degrees,0,OK
first run,full_text + noisy_diagram[pixel_noise],2,65°,50 degrees,0,OK
first run,full_text + noisy_diagram[pixel_noise],3,55°,70 degrees,0,OK
first run,full_text + noisy_diagram[pixel_noise],4,27°,36_deg,0,OK
first run,full_text + noisy_diagram[pixel_noise],7,45°,30,0,OK
first run,full_text + noisy_diagram[pixel_noise],8,3cm,12,0,OK_AFTER_JSON_REPAIR
first run,full_text + noisy_diagram[pixel_noise],9,6cm,12,0,OK_AFTER_JSON_REPAIR
first run,full_text + noisy_diagram[pixel_noise],10,72°,36 degrees,0,OK
first run,full_text + noisy_diagram[pixel_noise],11,84°,36,0,OK
first run,full_text + noisy_diagram[pixel_noise],14,55°,35_deg,0,OK
first run,full_text + noisy_diagram[pixel_noise],16,25°,50 degrees,0,OK
first run,full_text + noisy_diagram[pixel_noise],17,65°,unknown,0,OK
first run,full_text + noisy_diagram[pixel_noise],20,20°,140_deg,0,OK
first run,full_text + noisy_diagram[pixel_noise],22,62°,28 degrees,0,OK
first run,full_text + noisy_diagram[pixel_noise],25,65°,50 degrees,0,OK
first run,full_text + noisy_diagram[pixel_noise],26,12,22.0,0,OK
first run,full_text + noisy_diagram[pixel_noise],29,115°,50 degrees,0,OK
first run,full_text + noisy_diagram[pixel_noise],30,60°,30_deg,0,OK
first run,full_text + noisy_diagram[pixel_noise],32,76°,52 degrees,0,OK
first run,full_text + noisy_diagram[pixel_noise],34,80°,100 degrees,0,OK
first run,full_text + noisy_diagram[pixel_noise],36,20°,Unknown,0,OK
first run,full_text + noisy_diagram[pixel_noise],37,25°,50 degrees,0,OK
first run,full_text + noisy_diagram[pixel_noise],38,40°,70_deg,0,OK
first run,full_text + noisy_diagram[pixel_noise],40,50°,50 degrees,1,OK
first run,full_text + noisy_diagram[pixel_noise],43,40°,130_deg,0,OK_AFTER_JSON_REPAIR
first run,full_text + noisy_diagram[pixel_noise],44,9m,1.5,0,OK
first run,full_text + noisy_diagram[pixel_noise],45,70°,35_deg,0,OK
first run,full_text + noisy_diagram[pixel_noise],46,110°,70,0,OK
first run,full_text + noisy_diagram[pixel_noise],48,130°,100°,0,OK
first run,full_text + noisy_diagram[pixel_noise],49,100°,35_deg,0,OK
first run,full_text + noisy_diagram[pixel_noise],50,140°,50 degrees,0,OK
first run,full_text + noisy_diagram[pixel_noise],53,55°,transversal,0,OK
first run,full_text + noisy_diagram[pixel_noise],55,55°,70,0,OK
first run,full_text + noisy_diagram[pixel_noise],56,40°,20 degrees,0,OK
first run,full_text + noisy_diagram[pixel_noise],57,20°,20 degrees,1,OK
first run,full_text + noisy_diagram[pixel_noise],58,55°,90_deg,0,OK
first run,full_text + noisy_diagram[pixel_noise],59,50°,80 degrees,0,OK
first run,full_text + noisy_diagram[pixel_noise],60,45°,135_deg,0,OK
first run,full_text + noisy_diagram[pixel_noise],64,40cm,200.0,0,OK
first run,full_text + noisy_diagram[pixel_noise],72,8cm,16,0,OK_AFTER_JSON_REPAIR
first run,full_text + noisy_diagram[pixel_noise],73,140°,70 degrees,0,OK
first run,full_text + noisy_diagram[pixel_noise],78,125°,70 degrees,0,OK
first run,full_text + noisy_diagram[pixel_noise],79,16cm,AD,0,OK
first run,full_text + noisy_diagram[pixel_noise],81,25°,50,0,OK
first run,full_text + noisy_diagram[pixel_noise],84,√{3},1,0,OK_AFTER_JSON_REPAIR
first run,full_text + noisy_diagram[pixel_noise],86,2√{3},2.0,0,OK
first run,full_text + noisy_diagram[pixel_noise],88,128°,42_deg,0,OK
first run,full_text + noisy_diagram[pixel_noise],95,30°,90.0_deg,0,OK
first run,full_text + noisy_diagram[pixel_noise],99,64°,26 degrees,0,OK
first run,full_text + noisy_diagram[pixel_noise],108,8m,5,0,OK
first run,full_text + noisy_diagram[pixel_noise],109,40°,90,0,OK
first run,full_text + noisy_diagram[pixel_noise],112,2.4,3.2,0,OK_AFTER_JSON_REPAIR
first run,full_text + noisy_diagram[pixel_noise],114,\frac{1}{2}cm^{2},0.285,0,OK_AFTER_JSON_REPAIR
first run,full_text + noisy_diagram[pixel_noise],115,4πcm,6π,0,OK
first run,full_text + noisy_diagram[pixel_noise],117,2√{2}cm,3,0,OK
first run,full_text + noisy_diagram[pixel_noise],119,240cm^{2},20π/3,0,OK_AFTER_JSON_REPAIR
first run,full_text + noisy_diagram[pixel_noise],120,9πcm^{2},25,0,OK
first run,full_text + noisy_diagram[pixel_noise],123,15π,6.0,0,OK_AFTER_JSON_REPAIR
first run,full_text + noisy_diagram[pixel_noise],128,4cm,6,0,OK
first run,full_text + noisy_diagram[pixel_noise],132,10.2m,2,0,OK
first run,full_text + noisy_diagram[pixel_noise],133,120m,120.0_m,0,OK_AFTER_JSON_REPAIR
first run,full_text + noisy_diagram[pixel_noise],149,\frac{20}{3},16.0,0,OK_AFTER_JSON_REPAIR
first run,full_text + noisy_diagram[pixel_noise],150,\frac{40}{7}m,BC,0,OK
first run,full_text + noisy_diagram[pixel_noise],151,5.1,20 units,0,OK
first run,full_text + noisy_diagram[pixel_noise],152,4m,3.5,0,OK
first run,full_text + noisy_diagram[pixel_noise],153,1.5m,4.0,0,OK_AFTER_JSON_REPAIR
first run,full_text + noisy_diagram[pixel_noise],157,\frac{3}{5},sqrt(5)/2,0,OK
first run,full_text + noisy_diagram[pixel_noise],165,\frac{√{3}}{2},sin(B) cannot be determined,0,OK
first run,full_text + noisy_diagram[pixel_noise],198,60,13.0,0,OK
first run,full_text + noisy_diagram[pixel_noise],207,157.1,50π,0,OK_AFTER_JSON_REPAIR
first run,full_text + noisy_diagram[pixel_noise],210,15,16,0,OK
first run,full_text + noisy_diagram[pixel_noise],211,38,38,1,OK
first run,full_text + noisy_diagram[pixel_noise],223,\sqrt{7},5,0,OK
first run,full_text + noisy_diagram[pixel_noise],239,8,4,0,OK
first run,full_text + noisy_diagram[pixel_noise],243,1591,1034 miles,0,OK
first run,full_text + noisy_diagram[pixel_noise],257,15,5,0,OK
first run,full_text + noisy_diagram[pixel_noise],264,60,10x,0,OK
first run,full_text + noisy_diagram[pixel_noise],281,0.38,0.69,0,OK
first run,full_text + noisy_diagram[pixel_noise],327,11.8,10.7,0,OK
first run,full_text + noisy_diagram[pixel_noise],348,285,198,0,OK
first run,full_text + noisy_diagram[pixel_noise],364,74.85,32.45,0,OK
first run,full_text + noisy_diagram[pixel_noise],365,23.9,90.0,0,OK
first run,full_text + noisy_diagram[pixel_noise],420,8,x = sqrt(136),0,OK_AFTER_JSON_REPAIR
first run,full_text + noisy_diagram[pixel_noise],432,8.246,"The distance between A and B is not explicitly provided in the triples. The triples only define the relationships between points A, B, and the segment AB.",0,OK
first run,full_text + noisy_diagram[pixel_noise],438,\frac{(x+3)^2}{25}-\frac{(y+3)^2}{25}=1,The equation of the hyperbola is ((x+3)^2 - (y+3)^2)/25 = 1,0,OK_AFTER_JSON_REPAIR
first run,full_text + noisy_diagram[pixel_noise],441,$\frac{4}{5}$,0,0,OK
first run,full_text + noisy_diagram[pixel_noise],447,$\frac{20}{29}$,Cannot be determined,0,OK
first run,full_text + noisy_diagram[pixel_noise],449,$\frac{1}{x}$,1,0,OK
first run,full_text + noisy_diagram[pixel_noise],457,$(x-1)^{2}+(y-3)^{2}=36$,The equation is indeterminate based on the provided triples.,0,OK
first run,full_text + noisy_diagram[pixel_noise],472,"(0,0)",O,0,OK
first run,half_text + half_diagram,1,140°,60 degrees,0,OK
first run,half_text + half_diagram,2,65°,50_deg,0,OK
first run,half_text + half_diagram,3,55°,70,0,OK
first run,half_text + half_diagram,4,27°,36 degrees,0,OK
first run,half_text + half_diagram,7,45°,70_deg,0,OK
first run,half_text + half_diagram,8,3cm,7.0,0,OK
first run,half_text + half_diagram,9,6cm,12.0,0,OK_AFTER_JSON_REPAIR
first run,half_text + half_diagram,10,72°,unknown,0,OK
first run,half_text + half_diagram,11,84°,36 degrees,0,OK
first run,half_text + half_diagram,14,55°,35,0,OK
first run,half_text + half_diagram,16,25°,50 degrees,0,OK
first run,half_text + half_diagram,17,65°,42 degrees,0,OK
first run,half_text + half_diagram,20,20°,140 degrees,0,OK
first run,half_text + half_diagram,22,62°,28 degrees,0,OK
first run,half_text + half_diagram,25,65°,50 degrees,0,OK
first run,half_text + half_diagram,26,12,22.0_units,0,OK
first run,half_text + half_diagram,29,115°,50,0,OK
first run,half_text + half_diagram,30,60°,30_deg,0,OK
first run,half_text + half_diagram,32,76°,52_deg,0,OK
first run,half_text + half_diagram,34,80°,100 degrees,0,OK
first run,half_text + half_diagram,36,20°,50 degrees,0,OK
first run,half_text + half_diagram,37,25°,50 degrees,0,OK
first run,half_text + half_diagram,38,40°,70_deg,0,OK
first run,half_text + half_diagram,40,50°,50_deg,1,OK
first run,half_text + half_diagram,43,40°,30_deg,0,OK
first run,half_text + half_diagram,44,9m,30.0,0,OK
first run,half_text + half_diagram,45,70°,35_deg,0,OK
first run,half_text + half_diagram,46,110°,70 degrees,0,OK
first run,half_text + half_diagram,48,130°,100 degrees,0,OK
first run,half_text + half_diagram,49,100°,115 degrees,0,OK
first run,half_text + half_diagram,50,140°,50,0,OK
first run,half_text + half_diagram,53,55°,2,0,OK
first run,half_text + half_diagram,55,55°,3,0,OK
first run,half_text + half_diagram,56,40°,20 degrees,0,OK
first run,half_text + half_diagram,57,20°,30 degrees,0,OK
first run,half_text + half_diagram,58,55°,35,0,OK
first run,half_text + half_diagram,59,50°,80_deg,0,OK
first run,half_text + half_diagram,60,45°,135_deg,0,OK
first run,half_text + half_diagram,64,40cm,160.0,0,OK
first run,half_text + half_diagram,72,8cm,Cannot be determined,0,OK
first run,half_text + half_diagram,73,140°,70 degrees,0,OK
first run,half_text + half_diagram,78,125°,90,0,OK_AFTER_JSON_REPAIR
first run,half_text + half_diagram,79,16cm,32,0,OK_AFTER_JSON_REPAIR
first run,half_text + half_diagram,81,25°,50 degrees,0,OK
first run,half_text + half_diagram,84,√{3},0,0,OK
first run,half_text + half_diagram,86,2√{3},0,0,OK
first run,half_text + half_diagram,88,128°,22 degrees,0,OK
first run,half_text + half_diagram,95,30°,60_deg,0,OK
first run,half_text + half_diagram,99,64°,26 degrees,0,OK
first run,half_text + half_diagram,108,8m,8.0,1,OK
first run,half_text + half_diagram,109,40°,130 degrees,0,OK
first run,half_text + half_diagram,112,2.4,2.5,0,OK
first run,half_text + half_diagram,114,\frac{1}{2}cm^{2},0,0,OK
first run,half_text + half_diagram,115,4πcm,120,0,OK
first run,half_text + half_diagram,117,2√{2}cm,The height of the cone is not explicitly stated in the provided triples.,0,OK
first run,half_text + half_diagram,119,240cm^{2},20.94,0,OK_AFTER_JSON_REPAIR
first run,half_text + half_diagram,120,9πcm^{2},6.25 * 3.14159,0,OK_AFTER_JSON_REPAIR
first run,half_text + half_diagram,123,15π,47.12,0,OK_AFTER_JSON_REPAIR
first run,half_text + half_diagram,128,4cm,6,0,OK
first run,half_text + half_diagram,132,10.2m,14.2,0,OK_AFTER_JSON_REPAIR
first run,half_text + half_diagram,133,120m,60 units,0,OK
first run,half_text + half_diagram,149,\frac{20}{3},10.0,0,OK
first run,half_text + half_diagram,150,\frac{40}{7}m,7/3,0,OK_AFTER_JSON_REPAIR
first run,half_text + half_diagram,151,5.1,1 units,0,OK
first run,half_text + half_diagram,152,4m,3.0,0,OK
first run,half_text + half_diagram,153,1.5m,2.8,0,OK
first run,half_text + half_diagram,157,\frac{3}{5},4/5,0,OK
first run,half_text + half_diagram,165,\frac{√{3}}{2},1/sqrt(2),0,OK_AFTER_JSON_REPAIR
first run,half_text + half_diagram,198,60,33.8,0,OK
first run,half_text + half_diagram,207,157.1,6.283,0,OK_AFTER_JSON_REPAIR
first run,half_text + half_diagram,210,15,12,0,OK
first run,half_text + half_diagram,211,38,38°,1,OK
first run,half_text + half_diagram,223,\sqrt{7},5,0,OK
first run,half_text + half_diagram,239,8,20,0,OK
first run,half_text + half_diagram,243,1591,Cannot be determined from the provided triples.,0,OK
first run,half_text + half_diagram,257,15,12,0,OK
first run,half_text + half_diagram,264,60,30_deg,0,OK
first run,half_text + half_diagram,281,0.38,0.94,0,OK_AFTER_JSON_REPAIR
first run,half_text + half_diagram,327,11.8,10.7,0,OK
first run,half_text + half_diagram,348,285,44,0,OK
first run,half_text + half_diagram,364,74.85,65.9,0,OK
first run,half_text + half_diagram,365,23.9,10.3,0,OK
first run,half_text + half_diagram,420,8,6,0,OK
first run,half_text + half_diagram,432,8.246,√[54],0,OK
first run,half_text + half_diagram,438,\frac{(x+3)^2}{25}-\frac{(y+3)^2}{25}=1,The equation of the hyperbola is (x-2)^2 - (y+3)^2 = 16,0,OK
first run,half_text + half_diagram,441,$\frac{4}{5}$,Cannot be determined,0,OK
first run,half_text + half_diagram,447,$\frac{20}{29}$,Cannot be determined,0,OK
first run,half_text + half_diagram,449,$\frac{1}{x}$,The value of sec theta at point P cannot be determined from the given triples.,0,OK
first run,half_text + half_diagram,457,$(x-1)^{2}+(y-3)^{2}=36$,x² + y² = 25,0,OK
first run,half_text + half_diagram,472,"(0,0)",O,0,OK
first run,half_text + noisy_half_diagram[bg_change],1,140°,60 degrees,0,OK
first run,half_text + noisy_half_diagram[bg_change],2,65°,50_deg,0,OK
first run,half_text + noisy_half_diagram[bg_change],3,55°,70,0,OK
first run,half_text + noisy_half_diagram[bg_change],4,27°,36 degrees,0,OK
first run,half_text + noisy_half_diagram[bg_change],7,45°,70 degrees,0,OK
first run,half_text + noisy_half_diagram[bg_change],8,3cm,7.0,0,OK
first run,half_text + noisy_half_diagram[bg_change],9,6cm,12,0,OK_AFTER_JSON_REPAIR
first run,half_text + noisy_half_diagram[bg_change],10,72°,36,0,OK
first run,half_text + noisy_half_diagram[bg_change],11,84°,60_deg,0,OK
first run,half_text + noisy_half_diagram[bg_change],14,55°,The degree of angle ACB cannot be determined from the provided triples.,0,OK
first run,half_text + noisy_half_diagram[bg_change],16,25°,30 degrees,0,OK
first run,half_text + noisy_half_diagram[bg_change],17,65°,42 degrees,0,OK
first run,half_text + noisy_half_diagram[bg_change],20,20°,70_deg,0,OK_AFTER_JSON_REPAIR
first run,half_text + noisy_half_diagram[bg_change],22,62°,28 degrees,0,OK
first run,half_text + noisy_half_diagram[bg_change],25,65°,50,0,OK
first run,half_text + noisy_half_diagram[bg_change],26,12,3.2,0,OK
first run,half_text + noisy_half_diagram[bg_change],29,115°,50 degrees,0,OK
first run,half_text + noisy_half_diagram[bg_change],30,60°,30_deg,0,OK
first run,half_text + noisy_half_diagram[bg_change],32,76°,52,0,OK
first run,half_text + noisy_half_diagram[bg_change],34,80°,100 degrees,0,OK
first run,half_text + noisy_half_diagram[bg_change],36,20°,50 degrees,0,OK
first run,half_text + noisy_half_diagram[bg_change],37,25°,50,0,OK
first run,half_text + noisy_half_diagram[bg_change],38,40°,70_deg,0,OK
first run,half_text + noisy_half_diagram[bg_change],40,50°,50_deg,1,OK
first run,half_text + noisy_half_diagram[bg_change],43,40°,30_deg,0,OK
first run,half_text + noisy_half_diagram[bg_change],44,9m,1.5_units,0,OK
first run,half_text + noisy_half_diagram[bg_change],45,70°,35,0,OK
first run,half_text + noisy_half_diagram[bg_change],46,110°,70 degrees,0,OK
first run,half_text + noisy_half_diagram[bg_change],48,130°,100 degrees,0,OK
first run,half_text + noisy_half_diagram[bg_change],49,100°,115 degrees,0,OK
first run,half_text + noisy_half_diagram[bg_change],50,140°,50_deg,0,OK
first run,half_text + noisy_half_diagram[bg_change],53,55°,BFD,0,OK
first run,half_text + noisy_half_diagram[bg_change],55,55°,70,0,OK
first run,half_text + noisy_half_diagram[bg_change],56,40°,20 degrees,0,OK
first run,half_text + noisy_half_diagram[bg_change],57,20°,20,1,OK
first run,half_text + noisy_half_diagram[bg_change],58,55°,35,0,OK
first run,half_text + noisy_half_diagram[bg_change],59,50°,80,0,OK
first run,half_text + noisy_half_diagram[bg_change],60,45°,135_deg,0,OK
first run,half_text + noisy_half_diagram[bg_change],64,40cm,160.0,0,OK
first run,half_text + noisy_half_diagram[bg_change],72,8cm,16,0,OK
first run,half_text + noisy_half_diagram[bg_change],73,140°,70,0,OK
first run,half_text + noisy_half_diagram[bg_change],78,125°,90 degrees,0,OK_AFTER_JSON_REPAIR
first run,half_text + noisy_half_diagram[bg_change],79,16cm,Cannot be determined,0,OK
first run,half_text + noisy_half_diagram[bg_change],81,25°,40_deg,0,OK_AFTER_JSON_REPAIR
first run,half_text + noisy_half_diagram[bg_change],84,√{3},BC,0,OK
first run,half_text + noisy_half_diagram[bg_change],86,2√{3},BC,0,OK
first run,half_text + noisy_half_diagram[bg_change],88,128°,22 degrees,0,OK
first run,half_text + noisy_half_diagram[bg_change],95,30°,90,0,OK
first run,half_text + noisy_half_diagram[bg_change],99,64°,26 degrees,0,OK
first run,half_text + noisy_half_diagram[bg_change],108,8m,8.0,1,OK
first run,half_text + noisy_half_diagram[bg_change],109,40°,130 degrees,0,OK
first run,half_text + noisy_half_diagram[bg_change],112,2.4,2.5_units,0,OK
first run,half_text + noisy_half_diagram[bg_change],114,\frac{1}{2}cm^{2},π/4,0,OK_AFTER_JSON_REPAIR
first run,half_text + noisy_half_diagram[bg_change],115,4πcm,60_units,0,OK_AFTER_JSON_REPAIR
first run,half_text + noisy_half_diagram[bg_change],117,2√{2}cm,3 units,0,OK
first run,half_text + noisy_half_diagram[bg_change],119,240cm^{2},26.18,0,OK_AFTER_JSON_REPAIR
first run,half_text + noisy_half_diagram[bg_change],120,9πcm^{2},5.0,0,OK
first run,half_text + noisy_half_diagram[bg_change],123,15π,15π,1,OK_AFTER_JSON_REPAIR
first run,half_text + noisy_half_diagram[bg_change],128,4cm,6,0,OK
first run,half_text + noisy_half_diagram[bg_change],132,10.2m,12,0,OK
first run,half_text + noisy_half_diagram[bg_change],133,120m,80.0,0,OK
first run,half_text + noisy_half_diagram[bg_change],149,\frac{20}{3},10.0,0,OK
first run,half_text + noisy_half_diagram[bg_change],150,\frac{40}{7}m,7/3,0,OK_AFTER_JSON_REPAIR
first run,half_text + noisy_half_diagram[bg_change],151,5.1,20,0,OK
first run,half_text + noisy_half_diagram[bg_change],152,4m,3.0,0,OK
first run,half_text + noisy_half_diagram[bg_change],153,1.5m,1.8,0,OK
first run,half_text + noisy_half_diagram[bg_change],157,\frac{3}{5},4/5,0,OK
first run,half_text + noisy_half_diagram[bg_change],165,\frac{√{3}}{2},1,0,OK_AFTER_JSON_REPAIR
first run,half_text + noisy_half_diagram[bg_change],198,60,72.83,0,OK_AFTER_JSON_REPAIR
first run,half_text + noisy_half_diagram[bg_change],207,157.1,0.0,0,OK
first run,half_text + noisy_half_diagram[bg_change],210,15,16,0,OK
first run,half_text + noisy_half_diagram[bg_change],211,38,83°,0,OK
first run,half_text + noisy_half_diagram[bg_change],223,\sqrt{7},5,0,OK
first run,half_text + noisy_half_diagram[bg_change],239,8,4,0,OK
first run,half_text + noisy_half_diagram[bg_change],243,1591,1048.8 miles,0,OK_AFTER_JSON_REPAIR
first run,half_text + noisy_half_diagram[bg_change],257,15,AE,0,OK
first run,half_text + noisy_half_diagram[bg_change],264,60,10x = 2N,0,OK
first run,half_text + noisy_half_diagram[bg_change],281,0.38,0.92,0,OK
first run,half_text + noisy_half_diagram[bg_change],327,11.8,30.5,0,OK
first run,half_text + noisy_half_diagram[bg_change],348,285,286,0,OK_AFTER_JSON_REPAIR
first run,half_text + noisy_half_diagram[bg_change],364,74.85,35.5,0,OK
first run,half_text + noisy_half_diagram[bg_change],365,23.9,90.0,0,OK
first run,half_text + noisy_half_diagram[bg_change],420,8,Cannot be determined,0,OK
first run,half_text + noisy_half_diagram[bg_change],432,8.246,The distance between points A and B is not calculable with the given information.,0,OK
first run,half_text + noisy_half_diagram[bg_change],438,\frac{(x+3)^2}{25}-\frac{(y+3)^2}{25}=1,The equation of the hyperbola is not explicitly defined by the given triples.,0,OK
first run,half_text + noisy_half_diagram[bg_change],441,$\frac{4}{5}$,3/5,0,OK
first run,half_text + noisy_half_diagram[bg_change],447,$\frac{20}{29}$,Insufficient information,0,OK
first run,half_text + noisy_half_diagram[bg_change],449,$\frac{1}{x}$,1,0,OK
first run,half_text + noisy_half_diagram[bg_change],457,$(x-1)^{2}+(y-3)^{2}=36$,x² + y² = 1,0,OK
first run,half_text + noisy_half_diagram[bg_change],472,"(0,0)",B,0,OK
first run,half_text + noisy_half_diagram[blur],1,140°,80 degrees,0,OK
first run,half_text + noisy_half_diagram[blur],2,65°,50 degrees,0,OK
first run,half_text + noisy_half_diagram[blur],3,55°,70 degrees,0,OK
first run,half_text + noisy_half_diagram[blur],4,27°,36 degrees,0,OK
first run,half_text + noisy_half_diagram[blur],7,45°,35,0,OK
first run,half_text + noisy_half_diagram[blur],8,3cm,7,0,OK
first run,half_text + noisy_half_diagram[blur],9,6cm,12,0,OK_AFTER_JSON_REPAIR
first run,half_text + noisy_half_diagram[blur],10,72°,30_deg,0,OK
first run,half_text + noisy_half_diagram[blur],11,84°,36,0,OK
first run,half_text + noisy_half_diagram[blur],14,55°,35_deg,0,OK
first run,half_text + noisy_half_diagram[blur],16,25°,50,0,OK
first run,half_text + noisy_half_diagram[blur],17,65°,65 degrees,1,OK
first run,half_text + noisy_half_diagram[blur],20,20°,70,0,OK_AFTER_JSON_REPAIR
first run,half_text + noisy_half_diagram[blur],22,62°,28_deg,0,OK
first run,half_text + noisy_half_diagram[blur],25,65°,50 degrees,0,OK_AFTER_JSON_REPAIR
first run,half_text + noisy_half_diagram[blur],26,12,22.0,0,OK
first run,half_text + noisy_half_diagram[blur],29,115°,50 degrees,0,OK
first run,half_text + noisy_half_diagram[blur],30,60°,30_deg,0,OK
first run,half_text + noisy_half_diagram[blur],32,76°,52,0,OK
first run,half_text + noisy_half_diagram[blur],34,80°,100 degrees,0,OK
first run,half_text + noisy_half_diagram[blur],36,20°,50 degrees,0,OK
first run,half_text + noisy_half_diagram[blur],37,25°,50 degrees,0,OK
first run,half_text + noisy_half_diagram[blur],38,40°,70_deg,0,OK
first run,half_text + noisy_half_diagram[blur],40,50°,50_deg,1,OK
first run,half_text + noisy_half_diagram[blur],43,40°,100 degrees,0,OK
first run,half_text + noisy_half_diagram[blur],44,9m,25 units,0,OK
first run,half_text + noisy_half_diagram[blur],45,70°,35_deg,0,OK
first run,half_text + noisy_half_diagram[blur],46,110°,70,0,OK
first run,half_text + noisy_half_diagram[blur],48,130°,100 degrees,0,OK
first run,half_text + noisy_half_diagram[blur],49,100°,unknown,0,OK
first run,half_text + noisy_half_diagram[blur],50,140°,50 degrees,0,OK
first run,half_text + noisy_half_diagram[blur],53,55°,B,0,OK
first run,half_text + noisy_half_diagram[blur],55,55°,70,0,OK
first run,half_text + noisy_half_diagram[blur],56,40°,20_deg,0,OK
first run,half_text + noisy_half_diagram[blur],57,20°,20 degrees,1,OK
first run,half_text + noisy_half_diagram[blur],58,55°,35,0,OK
first run,half_text + noisy_half_diagram[blur],59,50°,80 degrees,0,OK
first run,half_text + noisy_half_diagram[blur],60,45°,135_deg,0,OK
first run,half_text + noisy_half_diagram[blur],64,40cm,160.0,0,OK
first run,half_text + noisy_half_diagram[blur],72,8cm,16,0,OK
first run,half_text + noisy_half_diagram[blur],73,140°,70 degrees,0,OK
first run,half_text + noisy_half_diagram[blur],78,125°,90 degrees,0,OK_AFTER_JSON_REPAIR
first run,half_text + noisy_half_diagram[blur],79,16cm,The perimeter of triangle DCE cannot be determined from the given triples.,0,OK
first run,half_text + noisy_half_diagram[blur],81,25°,25,1,OK_AFTER_JSON_REPAIR
first run,half_text + noisy_half_diagram[blur],84,√{3},BC,0,OK
first run,half_text + noisy_half_diagram[blur],86,2√{3},BC,0,OK
first run,half_text + noisy_half_diagram[blur],88,128°,22 degrees,0,OK
first run,half_text + noisy_half_diagram[blur],95,30°,90 degrees,0,OK
first run,half_text + noisy_half_diagram[blur],99,64°,90 degrees,0,OK
first run,half_text + noisy_half_diagram[blur],108,8m,8,1,OK
first run,half_text + noisy_half_diagram[blur],109,40°,130 degrees,0,OK
first run,half_text + noisy_half_diagram[blur],112,2.4,2.5,0,OK_AFTER_JSON_REPAIR
first run,half_text + noisy_half_diagram[blur],114,\frac{1}{2}cm^{2},π/4,0,OK_AFTER_JSON_REPAIR
first run,half_text + noisy_half_diagram[blur],115,4πcm,120,0,OK
first run,half_text + noisy_half_diagram[blur],117,2√{2}cm,3,0,OK
first run,half_text + noisy_half_diagram[blur],119,240cm^{2},Cannot be determined.,0,OK
first run,half_text + noisy_half_diagram[blur],120,9πcm^{2},0,0,OK
first run,half_text + noisy_half_diagram[blur],123,15π,Cannot be determined,0,OK
first run,half_text + noisy_half_diagram[blur],128,4cm,0,0,OK
first run,half_text + noisy_half_diagram[blur],132,10.2m,15.2,0,OK_AFTER_JSON_REPAIR
first run,half_text + noisy_half_diagram[blur],133,120m,80.0,0,OK
first run,half_text + noisy_half_diagram[blur],149,\frac{20}{3},10,0,OK
first run,half_text + noisy_half_diagram[blur],150,\frac{40}{7}m,7/3,0,OK_AFTER_JSON_REPAIR
first run,half_text + noisy_half_diagram[blur],151,5.1,5 units,1,OK
first run,half_text + noisy_half_diagram[blur],152,4m,3.0,0,OK
first run,half_text + noisy_half_diagram[blur],153,1.5m,3.0,0,OK_AFTER_JSON_REPAIR
first run,half_text + noisy_half_diagram[blur],157,\frac{3}{5},0.6,0,OK_AFTER_JSON_REPAIR
first run,half_text + noisy_half_diagram[blur],165,\frac{√{3}}{2},1/sqrt(2),0,OK_AFTER_JSON_REPAIR
first run,half_text + noisy_half_diagram[blur],198,60,13,0,OK
first run,half_text + noisy_half_diagram[blur],207,157.1,14.1,0,OK
first run,half_text + noisy_half_diagram[blur],210,15,16,0,OK
first run,half_text + noisy_half_diagram[blur],211,38,38,1,OK
first run,half_text + noisy_half_diagram[blur],223,\sqrt{7},5,0,OK
first run,half_text + noisy_half_diagram[blur],239,8,4,0,OK
first run,half_text + noisy_half_diagram[blur],243,1591,3482 miles,0,OK
first run,half_text + noisy_half_diagram[blur],257,15,5,0,OK
first run,half_text + noisy_half_diagram[blur],264,60,10,0,OK
first run,half_text + noisy_half_diagram[blur],281,0.38,0.92,0,OK_AFTER_JSON_REPAIR
first run,half_text + noisy_half_diagram[blur],327,11.8,10.7,0,OK
first run,half_text + noisy_half_diagram[blur],348,285,44,0,OK
first run,half_text + noisy_half_diagram[blur],364,74.85,35.5,0,OK
first run,half_text + noisy_half_diagram[blur],365,23.9,0.0,0,OK
first run,half_text + noisy_half_diagram[blur],420,8,10,0,OK
first run,half_text + noisy_half_diagram[blur],432,8.246,5,0,OK
first run,half_text + noisy_half_diagram[blur],438,\frac{(x+3)^2}{25}-\frac{(y+3)^2}{25}=1,The equation of the hyperbola is (x-2)^2 - (y+3)^2 = 1,0,OK
first run,half_text + noisy_half_diagram[blur],441,$\frac{4}{5}$,1/sqrt(2),0,OK
first run,half_text + noisy_half_diagram[blur],447,$\frac{20}{29}$,Cannot be determined,0,OK
first run,half_text + noisy_half_diagram[blur],449,$\frac{1}{x}$,Cannot be determined,0,OK
first run,half_text + noisy_half_diagram[blur],457,$(x-1)^{2}+(y-3)^{2}=36$,(x-1)^2 + (y-3)^2 = 25,0,OK
first run,half_text + noisy_half_diagram[blur],472,"(0,0)",O,0,OK
first run,half_text + noisy_half_diagram[illumination],1,140°,80 degrees,0,OK
first run,half_text + noisy_half_diagram[illumination],2,65°,50_deg,0,OK
first run,half_text + noisy_half_diagram[illumination],3,55°,70,0,OK
first run,half_text + noisy_half_diagram[illumination],4,27°,36 degrees,0,OK
first run,half_text + noisy_half_diagram[illumination],7,45°,35 degrees,0,OK
first run,half_text + noisy_half_diagram[illumination],8,3cm,5 units,0,OK
first run,half_text + noisy_half_diagram[illumination],9,6cm,11,0,OK_AFTER_JSON_REPAIR
first run,half_text + noisy_half_diagram[illumination],10,72°,36,0,OK
first run,half_text + noisy_half_diagram[illumination],11,84°,72,0,OK_AFTER_JSON_REPAIR
first run,half_text + noisy_half_diagram[illumination],14,55°,35_deg,0,OK
first run,half_text + noisy_half_diagram[illumination],16,25°,50,0,OK
first run,half_text + noisy_half_diagram[illumination],17,65°,42 degrees,0,OK
first run,half_text + noisy_half_diagram[illumination],20,20°,140 degrees,0,OK
first run,half_text + noisy_half_diagram[illumination],22,62°,28_deg,0,OK
first run,half_text + noisy_half_diagram[illumination],25,65°,50 degrees,0,OK
first run,half_text + noisy_half_diagram[illumination],26,12,22.0,0,OK
first run,half_text + noisy_half_diagram[illumination],29,115°,50,0,OK
first run,half_text + noisy_half_diagram[illumination],30,60°,30_deg,0,OK
first run,half_text + noisy_half_diagram[illumination],32,76°,52_deg,0,OK
first run,half_text + noisy_half_diagram[illumination],34,80°,100 degrees,0,OK
first run,half_text + noisy_half_diagram[illumination],36,20°,50 degrees,0,OK
first run,half_text + noisy_half_diagram[illumination],37,25°,50 degrees,0,OK
first run,half_text + noisy_half_diagram[illumination],38,40°,70_deg,0,OK
first run,half_text + noisy_half_diagram[illumination],40,50°,50 degrees,1,OK
first run,half_text + noisy_half_diagram[illumination],43,40°,100_deg,0,OK
first run,half_text + noisy_half_diagram[illumination],44,9m,25,0,OK
first run,half_text + noisy_half_diagram[illumination],45,70°,35_deg,0,OK
first run,half_text + noisy_half_diagram[illumination],46,110°,70,0,OK
first run,half_text + noisy_half_diagram[illumination],48,130°,100 degrees,0,OK
first run,half_text + noisy_half_diagram[illumination],49,100°,115,0,OK
first run,half_text + noisy_half_diagram[illumination],50,140°,50_deg,0,OK
first run,half_text + noisy_half_diagram[illumination],53,55°,c,0,OK
first run,half_text + noisy_half_diagram[illumination],55,55°,70,0,OK
first run,half_text + noisy_half_diagram[illumination],56,40°,20_deg,0,OK
first run,half_text + noisy_half_diagram[illumination],57,20°,30_deg,0,OK
first run,half_text + noisy_half_diagram[illumination],58,55°,35,0,OK
first run,half_text + noisy_half_diagram[illumination],59,50°,80,0,OK
first run,half_text + noisy_half_diagram[illumination],60,45°,135_deg,0,OK
first run,half_text + noisy_half_diagram[illumination],64,40cm,160.0,0,OK
first run,half_text + noisy_half_diagram[illumination],72,8cm,16,0,OK
first run,half_text + noisy_half_diagram[illumination],73,140°,70 degrees,0,OK
first run,half_text + noisy_half_diagram[illumination],78,125°,90 degrees,0,OK_AFTER_JSON_REPAIR
first run,half_text + noisy_half_diagram[illumination],79,16cm,Cannot be determined,0,OK
first run,half_text + noisy_half_diagram[illumination],81,25°,45_deg,0,OK
first run,half_text + noisy_half_diagram[illumination],84,√{3},0,0,OK
first run,half_text + noisy_half_diagram[illumination],86,2√{3},BC,0,OK
first run,half_text + noisy_half_diagram[illumination],88,128°,42_deg,0,OK
first run,half_text + noisy_half_diagram[illumination],95,30°,60_deg,0,OK
first run,half_text + noisy_half_diagram[illumination],99,64°,26 degrees,0,OK
first run,half_text + noisy_half_diagram[illumination],108,8m,10,0,OK
first run,half_text + noisy_half_diagram[illumination],109,40°,30 degrees,0,OK
first run,half_text + noisy_half_diagram[illumination],112,2.4,Unknown,0,OK
first run,half_text + noisy_half_diagram[illumination],114,\frac{1}{2}cm^{2},0.285,0,OK_AFTER_JSON_REPAIR
first run,half_text + noisy_half_diagram[illumination],115,4πcm,60,0,OK
first run,half_text + noisy_half_diagram[illumination],117,2√{2}cm,120 degrees,0,OK
first run,half_text + noisy_half_diagram[illumination],119,240cm^{2},The area of the sector cardboard cannot be determined from the provided triples.,0,OK
first run,half_text + noisy_half_diagram[illumination],120,9πcm^{2},5.0,0,OK
first run,half_text + noisy_half_diagram[illumination],123,15π,Cannot be determined,0,OK
first run,half_text + noisy_half_diagram[illumination],128,4cm,6,0,OK
first run,half_text + noisy_half_diagram[illumination],132,10.2m,1.6,0,OK_AFTER_JSON_REPAIR
first run,half_text + noisy_half_diagram[illumination],133,120m,60.0,0,OK
first run,half_text + noisy_half_diagram[illumination],149,\frac{20}{3},10,0,OK
first run,half_text + noisy_half_diagram[illumination],150,\frac{40}{7}m,7/3,0,OK_AFTER_JSON_REPAIR
first run,half_text + noisy_half_diagram[illumination],151,5.1,5_units,0,OK
first run,half_text + noisy_half_diagram[illumination],152,4m,2.1,0,OK
first run,half_text + noisy_half_diagram[illumination],153,1.5m,2.2,0,OK_AFTER_JSON_REPAIR
first run,half_text + noisy_half_diagram[illumination],157,\frac{3}{5},cos(B) = 0,0,OK
first run,half_text + noisy_half_diagram[illumination],165,\frac{√{3}}{2},Cannot be determined,0,OK
first run,half_text + noisy_half_diagram[illumination],198,60,Cannot be determined,0,OK
first run,half_text + noisy_half_diagram[illumination],207,157.1,12.566,0,OK
first run,half_text + noisy_half_diagram[illumination],210,15,AE,0,OK
first run,half_text + noisy_half_diagram[illumination],211,38,83 degrees,0,OK
first run,half_text + noisy_half_diagram[illumination],223,\sqrt{7},5,0,OK
first run,half_text + noisy_half_diagram[illumination],239,8,4,0,OK
first run,half_text + noisy_half_diagram[illumination],243,1591,Unknown,0,OK
first run,half_text + noisy_half_diagram[illumination],257,15,12,0,OK
first run,half_text + noisy_half_diagram[illumination],264,60,2N,0,OK
first run,half_text + noisy_half_diagram[illumination],281,0.38,0.38,1,OK_AFTER_JSON_REPAIR
first run,half_text + noisy_half_diagram[illumination],327,11.8,10.7,0,OK
first run,half_text + noisy_half_diagram[illumination],348,285,44,0,OK
first run,half_text + noisy_half_diagram[illumination],364,74.85,35.5,0,OK
first run,half_text + noisy_half_diagram[illumination],365,23.9,30.0,0,OK
first run,half_text + noisy_half_diagram[illumination],420,8,16,0,OK
first run,half_text + noisy_half_diagram[illumination],432,8.246,5,0,OK
first run,half_text + noisy_half_diagram[illumination],438,\frac{(x+3)^2}{25}-\frac{(y+3)^2}{25}=1,The equation of the hyperbola is not explicitly defined by the provided triples.,0,OK
first run,half_text + noisy_half_diagram[illumination],441,$\frac{4}{5}$,Cannot be determined,0,OK
first run,half_text + noisy_half_diagram[illumination],447,$\frac{20}{29}$,Cannot be determined,0,OK
first run,half_text + noisy_half_diagram[illumination],449,$\frac{1}{x}$,1,0,OK
first run,half_text + noisy_half_diagram[illumination],457,$(x-1)^{2}+(y-3)^{2}=36$,x² + y² = 25,0,OK
first run,half_text + noisy_half_diagram[illumination],472,"(0,0)",O,0,OK
first run,half_text + noisy_half_diagram[irr_objects],1,140°,60 degrees,0,OK
first run,half_text + noisy_half_diagram[irr_objects],2,65°,50_deg,0,OK
first run,half_text + noisy_half_diagram[irr_objects],3,55°,90_deg,0,OK
first run,half_text + noisy_half_diagram[irr_objects],4,27°,36_deg,0,OK
first run,half_text + noisy_half_diagram[irr_objects],7,45°,30,0,OK
first run,half_text + noisy_half_diagram[irr_objects],8,3cm,5 units,0,OK
first run,half_text + noisy_half_diagram[irr_objects],9,6cm,12,0,OK_AFTER_JSON_REPAIR
first run,half_text + noisy_half_diagram[irr_objects],10,72°,36 degrees,0,OK
first run,half_text + noisy_half_diagram[irr_objects],11,84°,36 degrees,0,OK
first run,half_text + noisy_half_diagram[irr_objects],14,55°,30 degrees,0,OK
first run,half_text + noisy_half_diagram[irr_objects],16,25°,50,0,OK
first run,half_text + noisy_half_diagram[irr_objects],17,65°,23 degrees,0,OK
first run,half_text + noisy_half_diagram[irr_objects],20,20°,140 degrees,0,OK
first run,half_text + noisy_half_diagram[irr_objects],22,62°,28 degrees,0,OK
first run,half_text + noisy_half_diagram[irr_objects],25,65°,25,0,OK_AFTER_JSON_REPAIR
first run,half_text + noisy_half_diagram[irr_objects],26,12,22.0_m,0,OK
first run,half_text + noisy_half_diagram[irr_objects],29,115°,50 degrees,0,OK
first run,half_text + noisy_half_diagram[irr_objects],30,60°,30_deg,0,OK
first run,half_text + noisy_half_diagram[irr_objects],32,76°,52_deg,0,OK
first run,half_text + noisy_half_diagram[irr_objects],34,80°,The measure of angle 2 = CQF is unknown.,0,OK
first run,half_text + noisy_half_diagram[irr_objects],36,20°,Unknown,0,OK
first run,half_text + noisy_half_diagram[irr_objects],37,25°,50 degrees,0,OK
first run,half_text + noisy_half_diagram[irr_objects],38,40°,70_deg,0,OK
first run,half_text + noisy_half_diagram[irr_objects],40,50°,60_deg,0,OK
first run,half_text + noisy_half_diagram[irr_objects],43,40°,30_deg,0,OK
first run,half_text + noisy_half_diagram[irr_objects],44,9m,30_units,0,OK
first run,half_text + noisy_half_diagram[irr_objects],45,70°,35_deg,0,OK
first run,half_text + noisy_half_diagram[irr_objects],46,110°,70,0,OK
first run,half_text + noisy_half_diagram[irr_objects],48,130°,50,0,OK
first run,half_text + noisy_half_diagram[irr_objects],49,100°,The measure of angle ABC cannot be determined from the given triples.,0,OK
first run,half_text + noisy_half_diagram[irr_objects],50,140°,50_deg,0,OK
first run,half_text + noisy_half_diagram[irr_objects],53,55°,c,0,OK
first run,half_text + noisy_half_diagram[irr_objects],55,55°,70,0,OK
first run,half_text + noisy_half_diagram[irr_objects],56,40°,20_deg,0,OK
first run,half_text + noisy_half_diagram[irr_objects],57,20°,20 degrees,1,OK
first run,half_text + noisy_half_diagram[irr_objects],58,55°,90_deg,0,OK_AFTER_JSON_REPAIR
first run,half_text + noisy_half_diagram[irr_objects],59,50°,80 degrees,0,OK
first run,half_text + noisy_half_diagram[irr_objects],60,45°,135_deg,0,OK
first run,half_text + noisy_half_diagram[irr_objects],64,40cm,160.0,0,OK
first run,half_text + noisy_half_diagram[irr_objects],72,8cm,16,0,OK
first run,half_text + noisy_half_diagram[irr_objects],73,140°,70_deg,0,OK
first run,half_text + noisy_half_diagram[irr_objects],78,125°,The measure of ∠AEB cannot be determined from the given triples.,0,OK
first run,half_text + noisy_half_diagram[irr_objects],79,16cm,The perimeter of triangle DCE cannot be determined from the given triples.,0,OK
first run,half_text + noisy_half_diagram[irr_objects],81,25°,50 degrees,0,OK
first run,half_text + noisy_half_diagram[irr_objects],84,√{3},Cannot be determined,0,OK
first run,half_text + noisy_half_diagram[irr_objects],86,2√{3},Cannot be determined,0,OK
first run,half_text + noisy_half_diagram[irr_objects],88,128°,42 degrees,0,OK
first run,half_text + noisy_half_diagram[irr_objects],95,30°,60_deg,0,OK
first run,half_text + noisy_half_diagram[irr_objects],99,64°,90 degrees,0,OK
first run,half_text + noisy_half_diagram[irr_objects],108,8m,5_units,0,OK
first run,half_text + noisy_half_diagram[irr_objects],109,40°,130 degrees,0,OK
first run,half_text + noisy_half_diagram[irr_objects],112,2.4,2.5,0,OK
first run,half_text + noisy_half_diagram[irr_objects],114,\frac{1}{2}cm^{2},π/4,0,OK_AFTER_JSON_REPAIR
first run,half_text + noisy_half_diagram[irr_objects],115,4πcm,12,0,OK_AFTER_JSON_REPAIR
first run,half_text + noisy_half_diagram[irr_objects],117,2√{2}cm,3 units,0,OK
first run,half_text + noisy_half_diagram[irr_objects],119,240cm^{2},10.0,0,OK
first run,half_text + noisy_half_diagram[irr_objects],120,9πcm^{2},5_units,0,OK
first run,half_text + noisy_half_diagram[irr_objects],123,15π,15.7,0,OK_AFTER_JSON_REPAIR
first run,half_text + noisy_half_diagram[irr_objects],128,4cm,5 units,0,OK
first run,half_text + noisy_half_diagram[irr_objects],132,10.2m,12 units,0,OK
first run,half_text + noisy_half_diagram[irr_objects],133,120m,80.0,0,OK
first run,half_text + noisy_half_diagram[irr_objects],149,\frac{20}{3},3.0,0,OK
first run,half_text + noisy_half_diagram[irr_objects],150,\frac{40}{7}m,7/3,0,OK_AFTER_JSON_REPAIR
first run,half_text + noisy_half_diagram[irr_objects],151,5.1,5 units,1,OK
first run,half_text + noisy_half_diagram[irr_objects],152,4m,1.6,0,OK
first run,half_text + noisy_half_diagram[irr_objects],153,1.5m,1.8,0,OK
first run,half_text + noisy_half_diagram[irr_objects],157,\frac{3}{5},Undefined,0,OK
first run,half_text + noisy_half_diagram[irr_objects],165,\frac{√{3}}{2},1/sqrt(2),0,OK_AFTER_JSON_REPAIR
first run,half_text + noisy_half_diagram[irr_objects],198,60,72.83,0,OK_AFTER_JSON_REPAIR
first run,half_text + noisy_half_diagram[irr_objects],207,157.1,25π,0,OK_AFTER_JSON_REPAIR
first run,half_text + noisy_half_diagram[irr_objects],210,15,Not enough information,0,OK
first run,half_text + noisy_half_diagram[irr_objects],211,38,83 degrees,0,OK
first run,half_text + noisy_half_diagram[irr_objects],223,\sqrt{7},5,0,OK
first run,half_text + noisy_half_diagram[irr_objects],239,8,20,0,OK_AFTER_JSON_REPAIR
first run,half_text + noisy_half_diagram[irr_objects],243,1591,Cannot be determined from the provided triples.,0,OK
first run,half_text + noisy_half_diagram[irr_objects],257,15,5,0,OK
first run,half_text + noisy_half_diagram[irr_objects],264,60,10x + 2N,0,OK
first run,half_text + noisy_half_diagram[irr_objects],281,0.38,0.6,0,OK
first run,half_text + noisy_half_diagram[irr_objects],327,11.8,10.7,0,OK
first run,half_text + noisy_half_diagram[irr_objects],348,285,44,0,OK
first run,half_text + noisy_half_diagram[irr_objects],364,74.85,35.5,0,OK
first run,half_text + noisy_half_diagram[irr_objects],365,23.9,0.0,0,OK
first run,half_text + noisy_half_diagram[irr_objects],420,8,CD,0,OK
first run,half_text + noisy_half_diagram[irr_objects],432,8.246,Cannot be determined.,0,OK
first run,half_text + noisy_half_diagram[irr_objects],438,\frac{(x+3)^2}{25}-\frac{(y+3)^2}{25}=1,x-axis,0,OK
first run,half_text + noisy_half_diagram[irr_objects],441,$\frac{4}{5}$,sin(a) = 0.6,0,OK
first run,half_text + noisy_half_diagram[irr_objects],447,$\frac{20}{29}$,Insufficient information,0,OK
first run,half_text + noisy_half_diagram[irr_objects],449,$\frac{1}{x}$,1,0,OK_AFTER_JSON_REPAIR
first run,half_text + noisy_half_diagram[irr_objects],457,$(x-1)^{2}+(y-3)^{2}=36$,The equation of the circle is (x-A)(x-B) + (y-A)(y-B) = 0,0,OK
first run,half_text + noisy_half_diagram[irr_objects],472,"(0,0)",B,0,OK
first run,half_text + noisy_half_diagram[pixel_noise],1,140°,80 degrees,0,OK
first run,half_text + noisy_half_diagram[pixel_noise],2,65°,50 degrees,0,OK
first run,half_text + noisy_half_diagram[pixel_noise],3,55°,70 degrees,0,OK
first run,half_text + noisy_half_diagram[pixel_noise],4,27°,36 degrees,0,OK
first run,half_text + noisy_half_diagram[pixel_noise],7,45°,70 degrees,0,OK
first run,half_text + noisy_half_diagram[pixel_noise],8,3cm,5.0,0,OK
first run,half_text + noisy_half_diagram[pixel_noise],9,6cm,12,0,OK_AFTER_JSON_REPAIR
first run,half_text + noisy_half_diagram[pixel_noise],10,72°,36_deg,0,OK
first run,half_text + noisy_half_diagram[pixel_noise],11,84°,60_deg,0,OK
first run,half_text + noisy_half_diagram[pixel_noise],14,55°,35 degrees,0,OK
first run,half_text + noisy_half_diagram[pixel_noise],16,25°,50,0,OK
first run,half_text + noisy_half_diagram[pixel_noise],17,65°,123_deg,0,OK
first run,half_text + noisy_half_diagram[pixel_noise],20,20°,140 degrees,0,OK
first run,half_text + noisy_half_diagram[pixel_noise],22,62°,28 degrees,0,OK
first run,half_text + noisy_half_diagram[pixel_noise],25,65°,50 degrees,0,OK
first run,half_text + noisy_half_diagram[pixel_noise],26,12,22_m,0,OK
first run,half_text + noisy_half_diagram[pixel_noise],29,115°,50,0,OK
first run,half_text + noisy_half_diagram[pixel_noise],30,60°,30_deg,0,OK
first run,half_text + noisy_half_diagram[pixel_noise],32,76°,52,0,OK
first run,half_text + noisy_half_diagram[pixel_noise],34,80°,100 degrees,0,OK
first run,half_text + noisy_half_diagram[pixel_noise],36,20°,50_deg,0,OK
first run,half_text + noisy_half_diagram[pixel_noise],37,25°,50 degrees,0,OK
first run,half_text + noisy_half_diagram[pixel_noise],38,40°,70_deg,0,OK
first run,half_text + noisy_half_diagram[pixel_noise],40,50°,50_deg,1,OK
first run,half_text + noisy_half_diagram[pixel_noise],43,40°,100_deg,0,OK
first run,half_text + noisy_half_diagram[pixel_noise],44,9m,30 units,0,OK
first run,half_text + noisy_half_diagram[pixel_noise],45,70°,35_deg,0,OK
first run,half_text + noisy_half_diagram[pixel_noise],46,110°,70 degrees,0,OK
first run,half_text + noisy_half_diagram[pixel_noise],48,130°,100 degrees,0,OK
first run,half_text + noisy_half_diagram[pixel_noise],49,100°,115 degrees,0,OK
first run,half_text + noisy_half_diagram[pixel_noise],50,140°,50,0,OK
first run,half_text + noisy_half_diagram[pixel_noise],53,55°,2,0,OK
first run,half_text + noisy_half_diagram[pixel_noise],55,55°,70,0,OK
first run,half_text + noisy_half_diagram[pixel_noise],56,40°,20_deg,0,OK
first run,half_text + noisy_half_diagram[pixel_noise],57,20°,20,1,OK
first run,half_text + noisy_half_diagram[pixel_noise],58,55°,35,0,OK
first run,half_text + noisy_half_diagram[pixel_noise],59,50°,80 degrees,0,OK
first run,half_text + noisy_half_diagram[pixel_noise],60,45°,135_deg,0,OK
first run,half_text + noisy_half_diagram[pixel_noise],64,40cm,160.0,0,OK
first run,half_text + noisy_half_diagram[pixel_noise],72,8cm,16,0,OK
first run,half_text + noisy_half_diagram[pixel_noise],73,140°,70 degrees,0,OK
first run,half_text + noisy_half_diagram[pixel_noise],78,125°,90 degrees,0,OK
first run,half_text + noisy_half_diagram[pixel_noise],79,16cm,Cannot be determined,0,OK
first run,half_text + noisy_half_diagram[pixel_noise],81,25°,5,0,OK_AFTER_JSON_REPAIR
first run,half_text + noisy_half_diagram[pixel_noise],84,√{3},0,0,OK
first run,half_text + noisy_half_diagram[pixel_noise],86,2√{3},BC,0,OK
first run,half_text + noisy_half_diagram[pixel_noise],88,128°,42_deg,0,OK
first run,half_text + noisy_half_diagram[pixel_noise],95,30°,90_deg,0,OK
first run,half_text + noisy_half_diagram[pixel_noise],99,64°,26 degrees,0,OK
first run,half_text + noisy_half_diagram[pixel_noise],108,8m,8.0,1,OK
first run,half_text + noisy_half_diagram[pixel_noise],109,40°,130_deg,0,OK
first run,half_text + noisy_half_diagram[pixel_noise],112,2.4,2.5,0,OK
first run,half_text + noisy_half_diagram[pixel_noise],114,\frac{1}{2}cm^{2},0.5,0,OK
first run,half_text + noisy_half_diagram[pixel_noise],115,4πcm,4π + 12,0,OK_AFTER_JSON_REPAIR
first run,half_text + noisy_half_diagram[pixel_noise],117,2√{2}cm,3,0,OK
first run,half_text + noisy_half_diagram[pixel_noise],119,240cm^{2},10 units,0,OK
first run,half_text + noisy_half_diagram[pixel_noise],120,9πcm^{2},5_units,0,OK
first run,half_text + noisy_half_diagram[pixel_noise],123,15π,Cannot be determined,0,OK
first run,half_text + noisy_half_diagram[pixel_noise],128,4cm,6,0,OK
first run,half_text + noisy_half_diagram[pixel_noise],132,10.2m,0.6,0,OK
first run,half_text + noisy_half_diagram[pixel_noise],133,120m,80.0,0,OK
first run,half_text + noisy_half_diagram[pixel_noise],149,\frac{20}{3},10.0,0,OK
first run,half_text + noisy_half_diagram[pixel_noise],150,\frac{40}{7}m,7/3,0,OK
first run,half_text + noisy_half_diagram[pixel_noise],151,5.1,5 units,1,OK
first run,half_text + noisy_half_diagram[pixel_noise],152,4m,1.6,0,OK
first run,half_text + noisy_half_diagram[pixel_noise],153,1.5m,1.8,0,OK
first run,half_text + noisy_half_diagram[pixel_noise],157,\frac{3}{5},4/5,0,OK
first run,half_text + noisy_half_diagram[pixel_noise],165,\frac{√{3}}{2},1/sqrt(2),0,OK_AFTER_JSON_REPAIR
first run,half_text + noisy_half_diagram[pixel_noise],198,60,73.1845,0,OK_AFTER_JSON_REPAIR
first run,half_text + noisy_half_diagram[pixel_noise],207,157.1,19.6,0,OK
first run,half_text + noisy_half_diagram[pixel_noise],210,15,16,0,OK
first run,half_text + noisy_half_diagram[pixel_noise],211,38,83 degrees,0,OK
first run,half_text + noisy_half_diagram[pixel_noise],223,\sqrt{7},5,0,OK
first run,half_text + noisy_half_diagram[pixel_noise],239,8,4,0,OK
first run,half_text + noisy_half_diagram[pixel_noise],243,1591,110 units,0,OK
first run,half_text + noisy_half_diagram[pixel_noise],257,15,12,0,OK
first run,half_text + noisy_half_diagram[pixel_noise],264,60,10x,0,OK
first run,half_text + noisy_half_diagram[pixel_noise],281,0.38,0.99,0,OK
first run,half_text + noisy_half_diagram[pixel_noise],327,11.8,10.7,0,OK
first run,half_text + noisy_half_diagram[pixel_noise],348,285,1,0,OK
first run,half_text + noisy_half_diagram[pixel_noise],364,74.85,35.50,0,OK
first run,half_text + noisy_half_diagram[pixel_noise],365,23.9,10369.0,0,OK
first run,half_text + noisy_half_diagram[pixel_noise],420,8,10_cm,0,OK
first run,half_text + noisy_half_diagram[pixel_noise],432,8.246,7,0,OK_AFTER_JSON_REPAIR
first run,half_text + noisy_half_diagram[pixel_noise],438,\frac{(x+3)^2}{25}-\frac{(y+3)^2}{25}=1,The equation of the hyperbola is (x-2)^2 - (y+3)^2 = 1,0,OK
first run,half_text + noisy_half_diagram[pixel_noise],441,$\frac{4}{5}$,1/2,0,OK_AFTER_JSON_REPAIR
first run,half_text + noisy_half_diagram[pixel_noise],447,$\frac{20}{29}$,Cannot be determined,0,OK
first run,half_text + noisy_half_diagram[pixel_noise],449,$\frac{1}{x}$,1,0,OK
first run,half_text + noisy_half_diagram[pixel_noise],457,$(x-1)^{2}+(y-3)^{2}=36$,x² + y² = 25,0,OK
first run,half_text + noisy_half_diagram[pixel_noise],472,"(0,0)",B,0,OK
first run,noisy_half_text[numeric] + half_diagram,1,140°,60_deg,0,OK
first run,noisy_half_text[numeric] + half_diagram,2,65°,50_deg,0,OK
first run,noisy_half_text[numeric] + half_diagram,3,55°,70,0,OK
first run,noisy_half_text[numeric] + half_diagram,4,27°,36 degrees,0,OK
first run,noisy_half_text[numeric] + half_diagram,7,45°,Unknown,0,OK
first run,noisy_half_text[numeric] + half_diagram,8,3cm,5 units,0,OK
first run,noisy_half_text[numeric] + half_diagram,9,6cm,6 + 457,0,OK
first run,noisy_half_text[numeric] + half_diagram,10,72°,90_deg,0,OK
first run,noisy_half_text[numeric] + half_diagram,11,84°,60 degrees,0,OK
first run,noisy_half_text[numeric] + half_diagram,14,55°,35 degrees,0,OK
first run,noisy_half_text[numeric] + half_diagram,16,25°,30 degrees,0,OK
first run,noisy_half_text[numeric] + half_diagram,17,65°,65_deg,1,OK
first run,noisy_half_text[numeric] + half_diagram,20,20°,40_deg,0,OK
first run,noisy_half_text[numeric] + half_diagram,22,62°,28 degrees,0,OK
first run,noisy_half_text[numeric] + half_diagram,25,65°,50 degrees,0,OK
first run,noisy_half_text[numeric] + half_diagram,26,12,22.0_m,0,OK
first run,noisy_half_text[numeric] + half_diagram,29,115°,30 degrees,0,OK
first run,noisy_half_text[numeric] + half_diagram,30,60°,30_deg,0,OK
first run,noisy_half_text[numeric] + half_diagram,32,76°,52_deg,0,OK
first run,noisy_half_text[numeric] + half_diagram,34,80°,100 degrees,0,OK
first run,noisy_half_text[numeric] + half_diagram,36,20°,0,0,OK
first run,noisy_half_text[numeric] + half_diagram,37,25°,50 degrees,0,OK
first run,noisy_half_text[numeric] + half_diagram,38,40°,0,0,OK
first run,noisy_half_text[numeric] + half_diagram,40,50°,The measure of BFD is 50 degrees.,1,OK
first run,noisy_half_text[numeric] + half_diagram,43,40°,30 degrees,0,OK
first run,noisy_half_text[numeric] + half_diagram,44,9m,30.0,0,OK
first run,noisy_half_text[numeric] + half_diagram,45,70°,35_deg,0,OK
first run,noisy_half_text[numeric] + half_diagram,46,110°,70,0,OK
first run,noisy_half_text[numeric] + half_diagram,48,130°,100 degrees,0,OK
first run,noisy_half_text[numeric] + half_diagram,49,100°,unknown,0,OK
first run,noisy_half_text[numeric] + half_diagram,50,140°,50_deg,0,OK
first run,noisy_half_text[numeric] + half_diagram,53,55°,BFD,0,OK
first run,noisy_half_text[numeric] + half_diagram,55,55°,70,0,OK
first run,noisy_half_text[numeric] + half_diagram,56,40°,20 degrees,0,OK
first run,noisy_half_text[numeric] + half_diagram,57,20°,20 degrees,1,OK
first run,noisy_half_text[numeric] + half_diagram,58,55°,35,0,OK
first run,noisy_half_text[numeric] + half_diagram,59,50°,80 degrees,0,OK
first run,noisy_half_text[numeric] + half_diagram,60,45°,135_deg,0,OK
first run,noisy_half_text[numeric] + half_diagram,64,40cm,160.0,0,OK
first run,noisy_half_text[numeric] + half_diagram,72,8cm,16,0,OK
first run,noisy_half_text[numeric] + half_diagram,73,140°,70,0,OK
first run,noisy_half_text[numeric] + half_diagram,78,125°,90,0,OK
first run,noisy_half_text[numeric] + half_diagram,79,16cm,unknown,0,OK
first run,noisy_half_text[numeric] + half_diagram,81,25°,45,0,OK_AFTER_JSON_REPAIR
first run,noisy_half_text[numeric] + half_diagram,84,√{3},Cannot be determined,0,OK
first run,noisy_half_text[numeric] + half_diagram,86,2√{3},BC,0,OK
first run,noisy_half_text[numeric] + half_diagram,88,128°,42_deg,0,OK
first run,noisy_half_text[numeric] + half_diagram,95,30°,90,0,OK
first run,noisy_half_text[numeric] + half_diagram,99,64°,26 degrees,0,OK
first run,noisy_half_text[numeric] + half_diagram,108,8m,5,0,OK
first run,noisy_half_text[numeric] + half_diagram,109,40°,130 degrees,0,OK
first run,noisy_half_text[numeric] + half_diagram,112,2.4,Unknown,0,OK
first run,noisy_half_text[numeric] + half_diagram,114,\frac{1}{2}cm^{2},π/4,0,OK_AFTER_JSON_REPAIR
first run,noisy_half_text[numeric] + half_diagram,115,4πcm,60,0,OK_AFTER_JSON_REPAIR
first run,noisy_half_text[numeric] + half_diagram,117,2√{2}cm,3,0,OK
first run,noisy_half_text[numeric] + half_diagram,119,240cm^{2},100,0,OK_AFTER_JSON_REPAIR
first run,noisy_half_text[numeric] + half_diagram,120,9πcm^{2},4,0,OK
first run,noisy_half_text[numeric] + half_diagram,123,15π,6.25 * π,0,OK_AFTER_JSON_REPAIR
first run,noisy_half_text[numeric] + half_diagram,128,4cm,579,0,OK
first run,noisy_half_text[numeric] + half_diagram,132,10.2m,2.6,0,OK
first run,noisy_half_text[numeric] + half_diagram,133,120m,80.0,0,OK
first run,noisy_half_text[numeric] + half_diagram,149,\frac{20}{3},10 units,0,OK
first run,noisy_half_text[numeric] + half_diagram,150,\frac{40}{7}m,BC,0,OK
first run,noisy_half_text[numeric] + half_diagram,151,5.1,1.7,0,OK
first run,noisy_half_text[numeric] + half_diagram,152,4m,1.4,0,OK
first run,noisy_half_text[numeric] + half_diagram,153,1.5m,1.8,0,OK
first run,noisy_half_text[numeric] + half_diagram,157,\frac{3}{5},0.8,0,OK_AFTER_JSON_REPAIR
first run,noisy_half_text[numeric] + half_diagram,165,\frac{√{3}}{2},1/2,0,OK_AFTER_JSON_REPAIR
first run,noisy_half_text[numeric] + half_diagram,198,60,Cannot be determined,0,OK
first run,noisy_half_text[numeric] + half_diagram,207,157.1,0.0,0,OK
first run,noisy_half_text[numeric] + half_diagram,210,15,16,0,OK
first run,noisy_half_text[numeric] + half_diagram,211,38,38,1,OK
first run,noisy_half_text[numeric] + half_diagram,223,\sqrt{7},5,0,OK
first run,noisy_half_text[numeric] + half_diagram,239,8,4,0,OK
first run,noisy_half_text[numeric] + half_diagram,243,1591,73.8 miles,0,OK
first run,noisy_half_text[numeric] + half_diagram,257,15,16,0,OK
first run,noisy_half_text[numeric] + half_diagram,264,60,2 degrees,0,OK
first run,noisy_half_text[numeric] + half_diagram,281,0.38,0.38,1,OK_AFTER_JSON_REPAIR
first run,noisy_half_text[numeric] + half_diagram,327,11.8,33.5,0,OK
first run,noisy_half_text[numeric] + half_diagram,348,285,44,0,OK
first run,noisy_half_text[numeric] + half_diagram,364,74.85,35.50,0,OK
first run,noisy_half_text[numeric] + half_diagram,365,23.9,23.6,0,OK
first run,noisy_half_text[numeric] + half_diagram,420,8,16,0,OK_AFTER_JSON_REPAIR
first run,noisy_half_text[numeric] + half_diagram,432,8.246,5,0,OK
first run,noisy_half_text[numeric] + half_diagram,438,\frac{(x+3)^2}{25}-\frac{(y+3)^2}{25}=1,"The hyperbola has center (-3, -3) and vertices at (-8, -3) and (2, -3). Therefore, the equation is of the form (x - h)^2/a^2 - (y - k)^2/b^2 = 1, where (h, k) is the center and a is the distance from the center to a vertex.",0,OK
first run,noisy_half_text[numeric] + half_diagram,441,$\frac{4}{5}$,3/5,0,OK
first run,noisy_half_text[numeric] + half_diagram,447,$\frac{20}{29}$,Cannot be determined,0,OK
first run,noisy_half_text[numeric] + half_diagram,449,$\frac{1}{x}$,1,0,OK
first run,noisy_half_text[numeric] + half_diagram,457,$(x-1)^{2}+(y-3)^{2}=36$,x² + y² = 25,0,OK
first run,noisy_half_text[numeric] + half_diagram,472,"(0,0)",O,0,OK
first run,noisy_half_text[punctuation] + half_diagram,1,140°,60 degrees,0,OK
first run,noisy_half_text[punctuation] + half_diagram,2,65°,50_deg,0,OK
first run,noisy_half_text[punctuation] + half_diagram,3,55°,70 degrees,0,OK
first run,noisy_half_text[punctuation] + half_diagram,4,27°,36 degrees,0,OK
first run,noisy_half_text[punctuation] + half_diagram,7,45°,35 degrees,0,OK
first run,noisy_half_text[punctuation] + half_diagram,8,3cm,7.0,0,OK
first run,noisy_half_text[punctuation] + half_diagram,9,6cm,11,0,OK_AFTER_JSON_REPAIR
first run,noisy_half_text[punctuation] + half_diagram,10,72°,36_deg,0,OK
first run,noisy_half_text[punctuation] + half_diagram,11,84°,36,0,OK
first run,noisy_half_text[punctuation] + half_diagram,14,55°,35 degrees,0,OK
first run,noisy_half_text[punctuation] + half_diagram,16,25°,50,0,OK
first run,noisy_half_text[punctuation] + half_diagram,17,65°,42_deg,0,OK
first run,noisy_half_text[punctuation] + half_diagram,20,20°,70,0,OK
first run,noisy_half_text[punctuation] + half_diagram,22,62°,28 degrees,0,OK
first run,noisy_half_text[punctuation] + half_diagram,25,65°,50 degrees,0,OK
first run,noisy_half_text[punctuation] + half_diagram,26,12,22.0_m,0,OK
first run,noisy_half_text[punctuation] + half_diagram,29,115°,50 degrees,0,OK
first run,noisy_half_text[punctuation] + half_diagram,30,60°,30_deg,0,OK
first run,noisy_half_text[punctuation] + half_diagram,32,76°,52,0,OK
first run,noisy_half_text[punctuation] + half_diagram,34,80°,100 degrees,0,OK
first run,noisy_half_text[punctuation] + half_diagram,36,20°,50 degrees,0,OK
first run,noisy_half_text[punctuation] + half_diagram,37,25°,50 degrees,0,OK
first run,noisy_half_text[punctuation] + half_diagram,38,40°,70_deg,0,OK
first run,noisy_half_text[punctuation] + half_diagram,40,50°,50_deg,1,OK
first run,noisy_half_text[punctuation] + half_diagram,43,40°,30 degrees,0,OK
first run,noisy_half_text[punctuation] + half_diagram,44,9m,30.0,0,OK
first run,noisy_half_text[punctuation] + half_diagram,45,70°,35_deg,0,OK
first run,noisy_half_text[punctuation] + half_diagram,46,110°,70,0,OK
first run,noisy_half_text[punctuation] + half_diagram,48,130°,50,0,OK
first run,noisy_half_text[punctuation] + half_diagram,49,100°,145 degrees,0,OK
first run,noisy_half_text[punctuation] + half_diagram,50,140°,50,0,OK
first run,noisy_half_text[punctuation] + half_diagram,53,55°,c,0,OK
first run,noisy_half_text[punctuation] + half_diagram,55,55°,70,0,OK
first run,noisy_half_text[punctuation] + half_diagram,56,40°,20_deg,0,OK
first run,noisy_half_text[punctuation] + half_diagram,57,20°,20 degrees,1,OK
first run,noisy_half_text[punctuation] + half_diagram,58,55°,35,0,OK
first run,noisy_half_text[punctuation] + half_diagram,59,50°,80,0,OK
first run,noisy_half_text[punctuation] + half_diagram,60,45°,135_deg,0,OK
first run,noisy_half_text[punctuation] + half_diagram,64,40cm,160.0,0,OK
first run,noisy_half_text[punctuation] + half_diagram,72,8cm,16,0,OK
first run,noisy_half_text[punctuation] + half_diagram,73,140°,70 degrees,0,OK
first run,noisy_half_text[punctuation] + half_diagram,78,125°,90 degrees,0,OK
first run,noisy_half_text[punctuation] + half_diagram,79,16cm,Cannot be determined,0,OK
first run,noisy_half_text[punctuation] + half_diagram,81,25°,45,0,OK_AFTER_JSON_REPAIR
first run,noisy_half_text[punctuation] + half_diagram,84,√{3},BC,0,OK
first run,noisy_half_text[punctuation] + half_diagram,86,2√{3},BC,0,OK
first run,noisy_half_text[punctuation] + half_diagram,88,128°,42,0,OK
first run,noisy_half_text[punctuation] + half_diagram,95,30°,60_deg,0,OK
first run,noisy_half_text[punctuation] + half_diagram,99,64°,26 degrees,0,OK
first run,noisy_half_text[punctuation] + half_diagram,108,8m,5 units,0,OK
first run,noisy_half_text[punctuation] + half_diagram,109,40°,130 degrees,0,OK
first run,noisy_half_text[punctuation] + half_diagram,112,2.4,2.5,0,OK
first run,noisy_half_text[punctuation] + half_diagram,114,\frac{1}{2}cm^{2},π/4,0,OK_AFTER_JSON_REPAIR
first run,noisy_half_text[punctuation] + half_diagram,115,4πcm,60,0,OK_AFTER_JSON_REPAIR
first run,noisy_half_text[punctuation] + half_diagram,117,2√{2}cm,120 degrees,0,OK
first run,noisy_half_text[punctuation] + half_diagram,119,240cm^{2},0,0,OK
first run,noisy_half_text[punctuation] + half_diagram,120,9πcm^{2},4,0,OK
first run,noisy_half_text[punctuation] + half_diagram,123,15π,6π,0,OK_AFTER_JSON_REPAIR
first run,noisy_half_text[punctuation] + half_diagram,128,4cm,6,0,OK
first run,noisy_half_text[punctuation] + half_diagram,132,10.2m,12,0,OK
first run,noisy_half_text[punctuation] + half_diagram,133,120m,80.0,0,OK
first run,noisy_half_text[punctuation] + half_diagram,149,\frac{20}{3},10.0,0,OK
first run,noisy_half_text[punctuation] + half_diagram,150,\frac{40}{7}m,7/3,0,OK
first run,noisy_half_text[punctuation] + half_diagram,151,5.1,5.0,1,OK
first run,noisy_half_text[punctuation] + half_diagram,152,4m,2.1,0,OK
first run,noisy_half_text[punctuation] + half_diagram,153,1.5m,2.0,0,OK
first run,noisy_half_text[punctuation] + half_diagram,157,\frac{3}{5},4/5,0,OK
first run,noisy_half_text[punctuation] + half_diagram,165,\frac{√{3}}{2},1/sqrt(2),0,OK_AFTER_JSON_REPAIR
first run,noisy_half_text[punctuation] + half_diagram,198,60,66.5,0,OK
first run,noisy_half_text[punctuation] + half_diagram,207,157.1,0.0,0,OK
first run,noisy_half_text[punctuation] + half_diagram,210,15,16,0,OK
first run,noisy_half_text[punctuation] + half_diagram,211,38,83,0,OK
first run,noisy_half_text[punctuation] + half_diagram,223,\sqrt{7},5,0,OK
first run,noisy_half_text[punctuation] + half_diagram,239,8,4,0,OK
first run,noisy_half_text[punctuation] + half_diagram,243,1591,Cannot be determined from the provided triples.,0,OK
first run,noisy_half_text[punctuation] + half_diagram,257,15,12,0,OK_AFTER_JSON_REPAIR
first run,noisy_half_text[punctuation] + half_diagram,264,60,10,0,OK
first run,noisy_half_text[punctuation] + half_diagram,281,0.38,0.92,0,OK_AFTER_JSON_REPAIR
first run,noisy_half_text[punctuation] + half_diagram,327,11.8,10.7,0,OK
first run,noisy_half_text[punctuation] + half_diagram,348,285,44,0,OK
first run,noisy_half_text[punctuation] + half_diagram,364,74.85,65.90,0,OK
first run,noisy_half_text[punctuation] + half_diagram,365,23.9,1.0,0,OK
first run,noisy_half_text[punctuation] + half_diagram,420,8,30,0,OK
first run,noisy_half_text[punctuation] + half_diagram,432,8.246,5,0,OK
first run,noisy_half_text[punctuation] + half_diagram,438,\frac{(x+3)^2}{25}-\frac{(y+3)^2}{25}=1,Cannot be determined from the given triples.,0,OK
first run,noisy_half_text[punctuation] + half_diagram,441,$\frac{4}{5}$,3/5,0,OK
first run,noisy_half_text[punctuation] + half_diagram,447,$\frac{20}{29}$,Cannot be determined,0,OK
first run,noisy_half_text[punctuation] + half_diagram,449,$\frac{1}{x}$,Cannot be determined,0,OK
first run,noisy_half_text[punctuation] + half_diagram,457,$(x-1)^{2}+(y-3)^{2}=36$,(x-1)^2 + (y-3)^2 = 25,0,OK
first run,noisy_half_text[punctuation] + half_diagram,472,"(0,0)",O,0,OK
first run,noisy_half_text[sentence] + half_diagram,1,140°,60 degrees,0,OK
first run,noisy_half_text[sentence] + half_diagram,2,65°,50 degrees,0,OK
first run,noisy_half_text[sentence] + half_diagram,3,55°,70,0,OK
first run,noisy_half_text[sentence] + half_diagram,4,27°,36 degrees,0,OK
first run,noisy_half_text[sentence] + half_diagram,7,45°,35,0,OK
first run,noisy_half_text[sentence] + half_diagram,8,3cm,7.0,0,OK
first run,noisy_half_text[sentence] + half_diagram,9,6cm,12,0,OK_AFTER_JSON_REPAIR
first run,noisy_half_text[sentence] + half_diagram,10,72°,90,0,OK
first run,noisy_half_text[sentence] + half_diagram,11,84°,36 degrees,0,OK
first run,noisy_half_text[sentence] + half_diagram,14,55°,35 degrees,0,OK
first run,noisy_half_text[sentence] + half_diagram,16,25°,50,0,OK_AFTER_JSON_REPAIR
first run,noisy_half_text[sentence] + half_diagram,17,65°,42 degrees,0,OK
first run,noisy_half_text[sentence] + half_diagram,20,20°,140 degrees,0,OK
first run,noisy_half_text[sentence] + half_diagram,22,62°,28 degrees,0,OK
first run,noisy_half_text[sentence] + half_diagram,25,65°,30_deg,0,OK
first run,noisy_half_text[sentence] + half_diagram,26,12,22.0,0,OK
first run,noisy_half_text[sentence] + half_diagram,29,115°,50 degrees,0,OK
first run,noisy_half_text[sentence] + half_diagram,30,60°,30 degrees,0,OK
first run,noisy_half_text[sentence] + half_diagram,32,76°,52_deg,0,OK
first run,noisy_half_text[sentence] + half_diagram,34,80°,100 degrees,0,OK
first run,noisy_half_text[sentence] + half_diagram,36,20°,50_deg,0,OK
first run,noisy_half_text[sentence] + half_diagram,37,25°,50 degrees,0,OK
first run,noisy_half_text[sentence] + half_diagram,38,40°,70_deg,0,OK
first run,noisy_half_text[sentence] + half_diagram,40,50°,50_deg,1,OK
first run,noisy_half_text[sentence] + half_diagram,43,40°,100_deg,0,OK
first run,noisy_half_text[sentence] + half_diagram,44,9m,25,0,OK
first run,noisy_half_text[sentence] + half_diagram,45,70°,35,0,OK
first run,noisy_half_text[sentence] + half_diagram,46,110°,70,0,OK
first run,noisy_half_text[sentence] + half_diagram,48,130°,100,0,OK
first run,noisy_half_text[sentence] + half_diagram,49,100°,30_deg,0,OK
first run,noisy_half_text[sentence] + half_diagram,50,140°,50 degrees,0,OK
first run,noisy_half_text[sentence] + half_diagram,53,55°,b,0,OK
first run,noisy_half_text[sentence] + half_diagram,55,55°,90,0,OK
first run,noisy_half_text[sentence] + half_diagram,56,40°,20_deg,0,OK
first run,noisy_half_text[sentence] + half_diagram,57,20°,20 degrees,1,OK
first run,noisy_half_text[sentence] + half_diagram,58,55°,35,0,OK
first run,noisy_half_text[sentence] + half_diagram,59,50°,40_deg,0,OK
first run,noisy_half_text[sentence] + half_diagram,60,45°,135_deg,0,OK
first run,noisy_half_text[sentence] + half_diagram,64,40cm,160_units,0,OK
first run,noisy_half_text[sentence] + half_diagram,72,8cm,16,0,OK
first run,noisy_half_text[sentence] + half_diagram,73,140°,120,0,OK
first run,noisy_half_text[sentence] + half_diagram,78,125°,90,0,OK
first run,noisy_half_text[sentence] + half_diagram,79,16cm,Cannot be determined,0,OK
first run,noisy_half_text[sentence] + half_diagram,81,25°,50,0,OK
first run,noisy_half_text[sentence] + half_diagram,84,√{3},0,0,OK
first run,noisy_half_text[sentence] + half_diagram,86,2√{3},BC,0,OK
first run,noisy_half_text[sentence] + half_diagram,88,128°,42,0,OK
first run,noisy_half_text[sentence] + half_diagram,95,30°,90 degrees,0,OK
first run,noisy_half_text[sentence] + half_diagram,99,64°,90 degrees,0,OK
first run,noisy_half_text[sentence] + half_diagram,108,8m,8 units,1,OK
first run,noisy_half_text[sentence] + half_diagram,109,40°,130 degrees,0,OK
first run,noisy_half_text[sentence] + half_diagram,112,2.4,2.5,0,OK
first run,noisy_half_text[sentence] + half_diagram,114,\frac{1}{2}cm^{2},1.5,0,OK
first run,noisy_half_text[sentence] + half_diagram,115,4πcm,120,0,OK
first run,noisy_half_text[sentence] + half_diagram,117,2√{2}cm,3,0,OK
first run,noisy_half_text[sentence] + half_diagram,119,240cm^{2},The area of the sector cardboard cannot be determined from the given information.,0,OK
first run,noisy_half_text[sentence] + half_diagram,120,9πcm^{2},5.0,0,OK
first run,noisy_half_text[sentence] + half_diagram,123,15π,Cannot be determined,0,OK
first run,noisy_half_text[sentence] + half_diagram,128,4cm,0,0,OK
first run,noisy_half_text[sentence] + half_diagram,132,10.2m,2.6,0,OK
first run,noisy_half_text[sentence] + half_diagram,133,120m,80.0,0,OK
first run,noisy_half_text[sentence] + half_diagram,149,\frac{20}{3},10.0,0,OK
first run,noisy_half_text[sentence] + half_diagram,150,\frac{40}{7}m,7/3,0,OK
first run,noisy_half_text[sentence] + half_diagram,151,5.1,5 units,1,OK
first run,noisy_half_text[sentence] + half_diagram,152,4m,3.0,0,OK
first run,noisy_half_text[sentence] + half_diagram,153,1.5m,1.8,0,OK
first run,noisy_half_text[sentence] + half_diagram,157,\frac{3}{5},0.0,0,OK
first run,noisy_half_text[sentence] + half_diagram,165,\frac{√{3}}{2},0.5,0,OK_AFTER_JSON_REPAIR
first run,noisy_half_text[sentence] + half_diagram,198,60,169*sqrt(3)/4,0,OK_AFTER_JSON_REPAIR
first run,noisy_half_text[sentence] + half_diagram,207,157.1,19.6,0,OK
first run,noisy_half_text[sentence] + half_diagram,210,15,16,0,OK_AFTER_JSON_REPAIR
first run,noisy_half_text[sentence] + half_diagram,211,38,83°,0,OK
first run,noisy_half_text[sentence] + half_diagram,223,\sqrt{7},5,0,OK
first run,noisy_half_text[sentence] + half_diagram,239,8,4,0,OK
first run,noisy_half_text[sentence] + half_diagram,243,1591,150,0,OK
first run,noisy_half_text[sentence] + half_diagram,257,15,12,0,OK
first run,noisy_half_text[sentence] + half_diagram,264,60,30_deg,0,OK
first run,noisy_half_text[sentence] + half_diagram,281,0.38,0.92,0,OK_AFTER_JSON_REPAIR
first run,noisy_half_text[sentence] + half_diagram,327,11.8,335.0,0,OK
first run,noisy_half_text[sentence] + half_diagram,348,285,198,0,OK
first run,noisy_half_text[sentence] + half_diagram,364,74.85,35.5,0,OK
first run,noisy_half_text[sentence] + half_diagram,365,23.9,30.0,0,OK
first run,noisy_half_text[sentence] + half_diagram,420,8,14,0,OK_AFTER_JSON_REPAIR
first run,noisy_half_text[sentence] + half_diagram,432,8.246,5,0,OK
first run,noisy_half_text[sentence] + half_diagram,438,\frac{(x+3)^2}{25}-\frac{(y+3)^2}{25}=1,The equation of the hyperbola is undefined based on the provided triples.,0,OK
first run,noisy_half_text[sentence] + half_diagram,441,$\frac{4}{5}$,1/2,0,OK
first run,noisy_half_text[sentence] + half_diagram,447,$\frac{20}{29}$,Cannot be determined,0,OK
first run,noisy_half_text[sentence] + half_diagram,449,$\frac{1}{x}$,1.5,0,OK
first run,noisy_half_text[sentence] + half_diagram,457,$(x-1)^{2}+(y-3)^{2}=36$,The equation is (x-1)(x-3) + y^2 = 0,0,OK_AFTER_JSON_REPAIR
first run,noisy_half_text[sentence] + half_diagram,472,"(0,0)",O,0,OK
first run,noisy_half_text[typo] + half_diagram,1,140°,60 degrees,0,OK
first run,noisy_half_text[typo] + half_diagram,2,65°,unknown,0,OK
first run,noisy_half_text[typo] + half_diagram,3,55°,70 degrees,0,OK
first run,noisy_half_text[typo] + half_diagram,4,27°,36 degrees,0,OK
first run,noisy_half_text[typo] + half_diagram,7,45°,70 degrees,0,OK
first run,noisy_half_text[typo] + half_diagram,8,3cm,0,0,OK
first run,noisy_half_text[typo] + half_diagram,9,6cm,6,1,OK_AFTER_JSON_REPAIR
first run,noisy_half_text[typo] + half_diagram,10,72°,36_deg,0,OK
first run,noisy_half_text[typo] + half_diagram,11,84°,36,0,OK
first run,noisy_half_text[typo] + half_diagram,14,55°,35 degrees,0,OK
first run,noisy_half_text[typo] + half_diagram,16,25°,50,0,OK
first run,noisy_half_text[typo] + half_diagram,17,65°,42_deg,0,OK
first run,noisy_half_text[typo] + half_diagram,20,20°,140,0,OK
first run,noisy_half_text[typo] + half_diagram,22,62°,28 degrees,0,OK
first run,noisy_half_text[typo] + half_diagram,25,65°,50 degrees,0,OK
first run,noisy_half_text[typo] + half_diagram,26,12,22.0_m,0,OK
first run,noisy_half_text[typo] + half_diagram,29,115°,50 degrees,0,OK
first run,noisy_half_text[typo] + half_diagram,30,60°,30_deg,0,OK
first run,noisy_half_text[typo] + half_diagram,32,76°,52,0,OK
first run,noisy_half_text[typo] + half_diagram,34,80°,100 degrees,0,OK
first run,noisy_half_text[typo] + half_diagram,36,20°,Cannot be determined.,0,OK
first run,noisy_half_text[typo] + half_diagram,37,25°,50 degrees,0,OK
first run,noisy_half_text[typo] + half_diagram,38,40°,70_deg,0,OK
first run,noisy_half_text[typo] + half_diagram,40,50°,50 degrees,1,OK
first run,noisy_half_text[typo] + half_diagram,43,40°,30_deg,0,OK
first run,noisy_half_text[typo] + half_diagram,44,9m,1.5 units,0,OK
first run,noisy_half_text[typo] + half_diagram,45,70°,35,0,OK
first run,noisy_half_text[typo] + half_diagram,46,110°,70,0,OK
first run,noisy_half_text[typo] + half_diagram,48,130°,50,0,OK
first run,noisy_half_text[typo] + half_diagram,49,100°,30_deg,0,OK
first run,noisy_half_text[typo] + half_diagram,50,140°,50 degrees,0,OK
first run,noisy_half_text[typo] + half_diagram,53,55°,BFD,0,OK
first run,noisy_half_text[typo] + half_diagram,55,55°,70,0,OK
first run,noisy_half_text[typo] + half_diagram,56,40°,20,0,OK
first run,noisy_half_text[typo] + half_diagram,57,20°,50,0,OK
first run,noisy_half_text[typo] + half_diagram,58,55°,35.0_deg,0,OK
first run,noisy_half_text[typo] + half_diagram,59,50°,80 degrees,0,OK
first run,noisy_half_text[typo] + half_diagram,60,45°,135_deg,0,OK
first run,noisy_half_text[typo] + half_diagram,64,40cm,200,0,OK
first run,noisy_half_text[typo] + half_diagram,72,8cm,10,0,OK_AFTER_JSON_REPAIR
first run,noisy_half_text[typo] + half_diagram,73,140°,70,0,OK
first run,noisy_half_text[typo] + half_diagram,78,125°,90 degrees,0,OK
first run,noisy_half_text[typo] + half_diagram,79,16cm,Cannot be determined,0,OK
first run,noisy_half_text[typo] + half_diagram,81,25°,90_deg,0,OK
first run,noisy_half_text[typo] + half_diagram,84,√{3},60_deg,0,OK
first run,noisy_half_text[typo] + half_diagram,86,2√{3},O,0,OK
first run,noisy_half_text[typo] + half_diagram,88,128°,42_deg,0,OK
first run,noisy_half_text[typo] + half_diagram,95,30°,60_deg,0,OK
first run,noisy_half_text[typo] + half_diagram,99,64°,26_deg,0,OK
first run,noisy_half_text[typo] + half_diagram,108,8m,5_units,0,OK
first run,noisy_half_text[typo] + half_diagram,109,40°,130_deg,0,OK
first run,noisy_half_text[typo] + half_diagram,112,2.4,2.5 units,0,OK
first run,noisy_half_text[typo] + half_diagram,114,\frac{1}{2}cm^{2},0.7854,0,OK_AFTER_JSON_REPAIR
first run,noisy_half_text[typo] + half_diagram,115,4πcm,30 degrees,0,OK
first run,noisy_half_text[typo] + half_diagram,117,2√{2}cm,3 units,0,OK
first run,noisy_half_text[typo] + half_diagram,119,240cm^{2},100.0_units,0,OK
first run,noisy_half_text[typo] + half_diagram,120,9πcm^{2},16 * pi,0,OK_AFTER_JSON_REPAIR
first run,noisy_half_text[typo] + half_diagram,123,15π,Cannot be determined,0,OK
first run,noisy_half_text[typo] + half_diagram,128,4cm,6,0,OK
first run,noisy_half_text[typo] + half_diagram,132,10.2m,13.8,0,OK
first run,noisy_half_text[typo] + half_diagram,133,120m,80.0_m,0,OK
first run,noisy_half_text[typo] + half_diagram,149,\frac{20}{3},10.0,0,OK
first run,noisy_half_text[typo] + half_diagram,150,\frac{40}{7}m,2.0,0,OK
first run,noisy_half_text[typo] + half_diagram,151,5.1,5.0 units,1,OK
first run,noisy_half_text[typo] + half_diagram,152,4m,2.1,0,OK
first run,noisy_half_text[typo] + half_diagram,153,1.5m,1.0,0,OK
first run,noisy_half_text[typo] + half_diagram,157,\frac{3}{5},4/5,0,OK
first run,noisy_half_text[typo] + half_diagram,165,\frac{√{3}}{2},1/sqrt(2),0,OK_AFTER_JSON_REPAIR
first run,noisy_half_text[typo] + half_diagram,198,60,13,0,OK_AFTER_JSON_REPAIR
first run,noisy_half_text[typo] + half_diagram,207,157.1,0,0,OK_AFTER_JSON_REPAIR
first run,noisy_half_text[typo] + half_diagram,210,15,16,0,OK
first run,noisy_half_text[typo] + half_diagram,211,38,33 degrees,0,OK
first run,noisy_half_text[typo] + half_diagram,223,\sqrt{7},5,0,OK
first run,noisy_half_text[typo] + half_diagram,239,8,16,0,OK
first run,noisy_half_text[typo] + half_diagram,243,1591,1043 miles,0,OK
first run,noisy_half_text[typo] + half_diagram,257,15,12,0,OK
first run,noisy_half_text[typo] + half_diagram,264,60,10x + 2N,0,OK
first run,noisy_half_text[typo] + half_diagram,281,0.38,0.36,1,OK_AFTER_JSON_REPAIR
first run,noisy_half_text[typo] + half_diagram,327,11.8,10.7,0,OK
first run,noisy_half_text[typo] + half_diagram,348,285,44,0,OK
first run,noisy_half_text[typo] + half_diagram,364,74.85,65.90,0,OK
first run,noisy_half_text[typo] + half_diagram,365,23.9,10.0,0,OK
first run,noisy_half_text[typo] + half_diagram,420,8,Cannot be determined,0,OK
first run,noisy_half_text[typo] + half_diagram,432,8.246,5,0,OK
first run,noisy_half_text[typo] + half_diagram,438,\frac{(x+3)^2}{25}-\frac{(y+3)^2}{25}=1,x^2 - 8x + 9 = 0,0,OK_AFTER_JSON_REPAIR
first run,noisy_half_text[typo] + half_diagram,441,$\frac{4}{5}$,sin(a) = 0.5,0,OK
first run,noisy_half_text[typo] + half_diagram,447,$\frac{20}{29}$,Cannot be determined,0,OK
first run,noisy_half_text[typo] + half_diagram,449,$\frac{1}{x}$,undefined,0,OK
first run,noisy_half_text[typo] + half_diagram,457,$(x-1)^{2}+(y-3)^{2}=36$,(x-1)^2 + (y-3)^2 = 25,0,OK
first run,noisy_half_text[typo] + half_diagram,472,"(0,0)",O,0,OK
first run,noisy_text[numeric] + full_diagram,1,140°,60 degrees,0,OK_AFTER_JSON_REPAIR
first run,noisy_text[numeric] + full_diagram,2,65°,50 degrees,0,OK
first run,noisy_text[numeric] + full_diagram,3,55°,70,0,OK
first run,noisy_text[numeric] + full_diagram,4,27°,36_deg,0,OK
first run,noisy_text[numeric] + full_diagram,7,45°,35 degrees,0,OK
first run,noisy_text[numeric] + full_diagram,8,3cm,5 units,0,OK
first run,noisy_text[numeric] + full_diagram,9,6cm,12,0,OK_AFTER_JSON_REPAIR
first run,noisy_text[numeric] + full_diagram,10,72°,36_deg,0,OK
first run,noisy_text[numeric] + full_diagram,11,84°,36,0,OK
first run,noisy_text[numeric] + full_diagram,14,55°,35_deg,0,OK
first run,noisy_text[numeric] + full_diagram,16,25°,50 degrees,0,OK
first run,noisy_text[numeric] + full_diagram,17,65°,65 degrees,1,OK
first run,noisy_text[numeric] + full_diagram,20,20°,140 degrees,0,OK
first run,noisy_text[numeric] + full_diagram,22,62°,28 degrees,0,OK
first run,noisy_text[numeric] + full_diagram,25,65°,50 degrees,0,OK
first run,noisy_text[numeric] + full_diagram,26,12,22 m,0,OK
first run,noisy_text[numeric] + full_diagram,29,115°,50,0,OK
first run,noisy_text[numeric] + full_diagram,30,60°,30_deg,0,OK
first run,noisy_text[numeric] + full_diagram,32,76°,52,0,OK
first run,noisy_text[numeric] + full_diagram,34,80°,2 degrees,0,OK
first run,noisy_text[numeric] + full_diagram,36,20°,BAC,0,OK
first run,noisy_text[numeric] + full_diagram,37,25°,50 degrees,0,OK
first run,noisy_text[numeric] + full_diagram,38,40°,Cannot be determined.,0,OK
first run,noisy_text[numeric] + full_diagram,40,50°,50 degrees,1,OK
first run,noisy_text[numeric] + full_diagram,43,40°,100 degrees,0,OK
first run,noisy_text[numeric] + full_diagram,44,9m,1.5,0,OK
first run,noisy_text[numeric] + full_diagram,45,70°,35_deg,0,OK
first run,noisy_text[numeric] + full_diagram,46,110°,70_deg,0,OK
first run,noisy_text[numeric] + full_diagram,48,130°,100,0,OK
first run,noisy_text[numeric] + full_diagram,49,100°,Cannot be determined,0,OK
first run,noisy_text[numeric] + full_diagram,50,140°,50 degrees,0,OK
first run,noisy_text[numeric] + full_diagram,53,55°,F,0,OK
first run,noisy_text[numeric] + full_diagram,55,55°,70,0,OK
first run,noisy_text[numeric] + full_diagram,56,40°,20 degrees,0,OK
first run,noisy_text[numeric] + full_diagram,57,20°,20 degrees,1,OK
first run,noisy_text[numeric] + full_diagram,58,55°,90_deg,0,OK
first run,noisy_text[numeric] + full_diagram,59,50°,80 degrees,0,OK
first run,noisy_text[numeric] + full_diagram,60,45°,135_deg,0,OK
first run,noisy_text[numeric] + full_diagram,64,40cm,160.0,0,OK
first run,noisy_text[numeric] + full_diagram,72,8cm,16,0,OK
first run,noisy_text[numeric] + full_diagram,73,140°,70 degrees,0,OK
first run,noisy_text[numeric] + full_diagram,78,125°,70 degrees,0,OK
first run,noisy_text[numeric] + full_diagram,79,16cm,32,0,OK_AFTER_JSON_REPAIR
first run,noisy_text[numeric] + full_diagram,81,25°,50,0,OK
first run,noisy_text[numeric] + full_diagram,84,√{3},Impossible to determine,0,OK
first run,noisy_text[numeric] + full_diagram,86,2√{3},5,0,OK
first run,noisy_text[numeric] + full_diagram,88,128°,60_deg,0,OK_AFTER_JSON_REPAIR
first run,noisy_text[numeric] + full_diagram,95,30°,90_deg,0,OK
first run,noisy_text[numeric] + full_diagram,99,64°,26 degrees,0,OK
first run,noisy_text[numeric] + full_diagram,108,8m,8,1,OK
first run,noisy_text[numeric] + full_diagram,109,40°,90,0,OK
first run,noisy_text[numeric] + full_diagram,112,2.4,3.2,0,OK
first run,noisy_text[numeric] + full_diagram,114,\frac{1}{2}cm^{2},π/4,0,OK_AFTER_JSON_REPAIR
first run,noisy_text[numeric] + full_diagram,115,4πcm,30_deg,0,OK
first run,noisy_text[numeric] + full_diagram,117,2√{2}cm,3,0,OK
first run,noisy_text[numeric] + full_diagram,119,240cm^{2},0,0,OK
first run,noisy_text[numeric] + full_diagram,120,9πcm^{2},5 units,0,OK
first run,noisy_text[numeric] + full_diagram,123,15π,7.5π,0,OK_AFTER_JSON_REPAIR
first run,noisy_text[numeric] + full_diagram,128,4cm,6,0,OK
first run,noisy_text[numeric] + full_diagram,132,10.2m,12.0,0,OK
first run,noisy_text[numeric] + full_diagram,133,120m,60.0_m,0,OK
first run,noisy_text[numeric] + full_diagram,149,\frac{20}{3},6.0,0,OK
first run,noisy_text[numeric] + full_diagram,150,\frac{40}{7}m,7/3,0,OK
first run,noisy_text[numeric] + full_diagram,151,5.1,5,1,OK
first run,noisy_text[numeric] + full_diagram,152,4m,1.9,0,OK
first run,noisy_text[numeric] + full_diagram,153,1.5m,1.8,0,OK
first run,noisy_text[numeric] + full_diagram,157,\frac{3}{5},3/5,0,OK_AFTER_JSON_REPAIR
first run,noisy_text[numeric] + full_diagram,165,\frac{√{3}}{2},sin(B) cannot be determined,0,OK
first run,noisy_text[numeric] + full_diagram,198,60,60,1,OK
first run,noisy_text[numeric] + full_diagram,207,157.1,19.9,0,OK
first run,noisy_text[numeric] + full_diagram,210,15,Cannot be determined,0,OK
first run,noisy_text[numeric] + full_diagram,211,38,83,0,OK
first run,noisy_text[numeric] + full_diagram,223,\sqrt{7},4,0,OK_AFTER_JSON_REPAIR
first run,noisy_text[numeric] + full_diagram,239,8,7,0,OK
first run,noisy_text[numeric] + full_diagram,243,1591,1037 miles,0,OK
first run,noisy_text[numeric] + full_diagram,257,15,5,0,OK
first run,noisy_text[numeric] + full_diagram,264,60,30 degrees,0,OK
first run,noisy_text[numeric] + full_diagram,281,0.38,0.92,0,OK_AFTER_JSON_REPAIR
first run,noisy_text[numeric] + full_diagram,327,11.8,10.7,0,OK
first run,noisy_text[numeric] + full_diagram,348,285,198,0,OK
first run,noisy_text[numeric] + full_diagram,364,74.85,65.90,0,OK
first run,noisy_text[numeric] + full_diagram,365,23.9,90.0,0,OK
first run,noisy_text[numeric] + full_diagram,420,8,10,0,OK_AFTER_JSON_REPAIR
first run,noisy_text[numeric] + full_diagram,432,8.246,"The distance between A and B is not explicitly provided in the triples. The triples only define the relationships between points A, B, and the segment AB.",0,OK
first run,noisy_text[numeric] + full_diagram,438,\frac{(x+3)^2}{25}-\frac{(y+3)^2}{25}=1,This question cannot be answered using the provided triples.,0,OK
first run,noisy_text[numeric] + full_diagram,441,$\frac{4}{5}$,4/5,0,OK
first run,noisy_text[numeric] + full_diagram,447,$\frac{20}{29}$,20/29,0,OK
first run,noisy_text[numeric] + full_diagram,449,$\frac{1}{x}$,1,0,OK
first run,noisy_text[numeric] + full_diagram,457,$(x-1)^{2}+(y-3)^{2}=36$,(x-0)^2 + (y-0)^2 = 6^2,0,OK
first run,noisy_text[numeric] + full_diagram,472,"(0,0)",O,0,OK
first run,noisy_text[punctuation] + full_diagram,1,140°,60 degrees,0,OK
first run,noisy_text[punctuation] + full_diagram,2,65°,50 degrees,0,OK
first run,noisy_text[punctuation] + full_diagram,3,55°,70,0,OK
first run,noisy_text[punctuation] + full_diagram,4,27°,36_deg,0,OK
first run,noisy_text[punctuation] + full_diagram,7,45°,unknown,0,OK
first run,noisy_text[punctuation] + full_diagram,8,3cm,12 units,0,OK
first run,noisy_text[punctuation] + full_diagram,9,6cm,6 + 6 = 12,0,OK_AFTER_JSON_REPAIR
first run,noisy_text[punctuation] + full_diagram,10,72°,30 degrees,0,OK
first run,noisy_text[punctuation] + full_diagram,11,84°,60_deg,0,OK
first run,noisy_text[punctuation] + full_diagram,14,55°,35 degrees,0,OK
first run,noisy_text[punctuation] + full_diagram,16,25°,50 degrees,0,OK
first run,noisy_text[punctuation] + full_diagram,17,65°,42_deg,0,OK
first run,noisy_text[punctuation] + full_diagram,20,20°,140_deg,0,OK
first run,noisy_text[punctuation] + full_diagram,22,62°,28 degrees,0,OK
first run,noisy_text[punctuation] + full_diagram,25,65°,50 degrees,0,OK
first run,noisy_text[punctuation] + full_diagram,26,12,3.2,0,OK
first run,noisy_text[punctuation] + full_diagram,29,115°,50 degrees,0,OK
first run,noisy_text[punctuation] + full_diagram,30,60°,30,0,OK
first run,noisy_text[punctuation] + full_diagram,32,76°,The degree of angle A is not explicitly provided in the given triples.,0,OK
first run,noisy_text[punctuation] + full_diagram,34,80°,100 degrees,0,OK
first run,noisy_text[punctuation] + full_diagram,36,20°,Cannot be determined,0,OK
first run,noisy_text[punctuation] + full_diagram,37,25°,50 degrees,0,OK
first run,noisy_text[punctuation] + full_diagram,38,40°,Cannot be determined.,0,OK
first run,noisy_text[punctuation] + full_diagram,40,50°,50 degrees,1,OK
first run,noisy_text[punctuation] + full_diagram,43,40°,100_deg,0,OK
first run,noisy_text[punctuation] + full_diagram,44,9m,1.5,0,OK
first run,noisy_text[punctuation] + full_diagram,45,70°,35_deg,0,OK
first run,noisy_text[punctuation] + full_diagram,46,110°,70_deg,0,OK
first run,noisy_text[punctuation] + full_diagram,48,130°,100,0,OK
first run,noisy_text[punctuation] + full_diagram,49,100°,30_deg,0,OK
first run,noisy_text[punctuation] + full_diagram,50,140°,50,0,OK
first run,noisy_text[punctuation] + full_diagram,53,55°,F,0,OK
first run,noisy_text[punctuation] + full_diagram,55,55°,3,0,OK
first run,noisy_text[punctuation] + full_diagram,56,40°,20 degrees,0,OK
first run,noisy_text[punctuation] + full_diagram,57,20°,20 degrees,1,OK
first run,noisy_text[punctuation] + full_diagram,58,55°,90,0,OK
first run,noisy_text[punctuation] + full_diagram,59,50°,80 degrees,0,OK
first run,noisy_text[punctuation] + full_diagram,60,45°,135_deg,0,OK
first run,noisy_text[punctuation] + full_diagram,64,40cm,160.0,0,OK
first run,noisy_text[punctuation] + full_diagram,72,8cm,16,0,OK_AFTER_JSON_REPAIR
first run,noisy_text[punctuation] + full_diagram,73,140°,70 degrees,0,OK
first run,noisy_text[punctuation] + full_diagram,78,125°,35 degrees,0,OK
first run,noisy_text[punctuation] + full_diagram,79,16cm,AD,0,OK
first run,noisy_text[punctuation] + full_diagram,81,25°,50,0,OK
first run,noisy_text[punctuation] + full_diagram,84,√{3},BC,0,OK
first run,noisy_text[punctuation] + full_diagram,86,2√{3},2,0,OK
first run,noisy_text[punctuation] + full_diagram,88,128°,60,0,OK
first run,noisy_text[punctuation] + full_diagram,95,30°,90_deg,0,OK
first run,noisy_text[punctuation] + full_diagram,99,64°,26.0_deg,0,OK
first run,noisy_text[punctuation] + full_diagram,108,8m,O to C,0,OK
first run,noisy_text[punctuation] + full_diagram,109,40°,130,0,OK
first run,noisy_text[punctuation] + full_diagram,112,2.4,2.5,0,OK
first run,noisy_text[punctuation] + full_diagram,114,\frac{1}{2}cm^{2},π/4,0,OK_AFTER_JSON_REPAIR
first run,noisy_text[punctuation] + full_diagram,115,4πcm,4π,0,OK_AFTER_JSON_REPAIR
first run,noisy_text[punctuation] + full_diagram,117,2√{2}cm,3 units,0,OK
first run,noisy_text[punctuation] + full_diagram,119,240cm^{2},The area of the sector cardboard cannot be determined from the given information.,0,OK
first run,noisy_text[punctuation] + full_diagram,120,9πcm^{2},5π,0,OK
first run,noisy_text[punctuation] + full_diagram,123,15π,15.0,0,OK_AFTER_JSON_REPAIR
first run,noisy_text[punctuation] + full_diagram,128,4cm,6 units,0,OK
first run,noisy_text[punctuation] + full_diagram,132,10.2m,2.2,0,OK_AFTER_JSON_REPAIR
first run,noisy_text[punctuation] + full_diagram,133,120m,80.0_m,0,OK
first run,noisy_text[punctuation] + full_diagram,149,\frac{20}{3},Cannot be determined,0,OK_AFTER_JSON_REPAIR
first run,noisy_text[punctuation] + full_diagram,150,\frac{40}{7}m,9,0,OK
first run,noisy_text[punctuation] + full_diagram,151,5.1,20 units,0,OK
first run,noisy_text[punctuation] + full_diagram,152,4m,1.9,0,OK
first run,noisy_text[punctuation] + full_diagram,153,1.5m,1.8,0,OK
first run,noisy_text[punctuation] + full_diagram,157,\frac{3}{5},3/5,0,OK_AFTER_JSON_REPAIR
first run,noisy_text[punctuation] + full_diagram,165,\frac{√{3}}{2},1,0,OK_AFTER_JSON_REPAIR
first run,noisy_text[punctuation] + full_diagram,198,60,130,0,OK
first run,noisy_text[punctuation] + full_diagram,207,157.1,25π,0,OK_AFTER_JSON_REPAIR
first run,noisy_text[punctuation] + full_diagram,210,15,16,0,OK
first run,noisy_text[punctuation] + full_diagram,211,38,83,0,OK
first run,noisy_text[punctuation] + full_diagram,223,\sqrt{7},5,0,OK
first run,noisy_text[punctuation] + full_diagram,239,8,23,0,OK
first run,noisy_text[punctuation] + full_diagram,243,1591,The distance between Phoenix and Atlanta is 3482 miles.,0,OK
first run,noisy_text[punctuation] + full_diagram,257,15,16,0,OK
first run,noisy_text[punctuation] + full_diagram,264,60,10x,0,OK
first run,noisy_text[punctuation] + full_diagram,281,0.38,0.96,0,OK
first run,noisy_text[punctuation] + full_diagram,327,11.8,10.7,0,OK
first run,noisy_text[punctuation] + full_diagram,348,285,198,0,OK
first run,noisy_text[punctuation] + full_diagram,364,74.85,65.90,0,OK
first run,noisy_text[punctuation] + full_diagram,365,23.9,49.3,0,OK
first run,noisy_text[punctuation] + full_diagram,420,8,Cannot be determined,0,OK
first run,noisy_text[punctuation] + full_diagram,432,8.246,5,0,OK
first run,noisy_text[punctuation] + full_diagram,438,\frac{(x+3)^2}{25}-\frac{(y+3)^2}{25}=1,(x - (-3))^2 - (y + 3)^2 = 50,0,OK_AFTER_JSON_REPAIR
first run,noisy_text[punctuation] + full_diagram,441,$\frac{4}{5}$,2/5,0,OK
first run,noisy_text[punctuation] + full_diagram,447,$\frac{20}{29}$,20/29,0,OK
first run,noisy_text[punctuation] + full_diagram,449,$\frac{1}{x}$,The value of sec theta at point P cannot be determined from the given triples.,0,OK
first run,noisy_text[punctuation] + full_diagram,457,$(x-1)^{2}+(y-3)^{2}=36$,x^2 + y^2 = 6^2,0,OK
first run,noisy_text[punctuation] + full_diagram,472,"(0,0)",B,0,OK
first run,noisy_text[sentence] + full_diagram,1,140°,60 degrees,0,OK
first run,noisy_text[sentence] + full_diagram,2,65°,50,0,OK
first run,noisy_text[sentence] + full_diagram,3,55°,35,0,OK_AFTER_JSON_REPAIR
first run,noisy_text[sentence] + full_diagram,4,27°,36_deg,0,OK
first run,noisy_text[sentence] + full_diagram,7,45°,35 degrees,0,OK
first run,noisy_text[sentence] + full_diagram,8,3cm,5 units,0,OK
first run,noisy_text[sentence] + full_diagram,9,6cm,Cannot be determined,0,OK
first run,noisy_text[sentence] + full_diagram,10,72°,30 degrees,0,OK
first run,noisy_text[sentence] + full_diagram,11,84°,36_deg,0,OK
first run,noisy_text[sentence] + full_diagram,14,55°,35 degrees,0,OK
first run,noisy_text[sentence] + full_diagram,16,25°,50,0,OK
first run,noisy_text[sentence] + full_diagram,17,65°,unknown,0,OK
first run,noisy_text[sentence] + full_diagram,20,20°,40 degrees,0,OK
first run,noisy_text[sentence] + full_diagram,22,62°,28_deg,0,OK
first run,noisy_text[sentence] + full_diagram,25,65°,50 degrees,0,OK
first run,noisy_text[sentence] + full_diagram,26,12,22 units,0,OK
first run,noisy_text[sentence] + full_diagram,29,115°,50,0,OK
first run,noisy_text[sentence] + full_diagram,30,60°,30_deg,0,OK
first run,noisy_text[sentence] + full_diagram,32,76°,52 degrees,0,OK
first run,noisy_text[sentence] + full_diagram,34,80°,100 degrees,0,OK
first run,noisy_text[sentence] + full_diagram,36,20°,Cannot be determined,0,OK
first run,noisy_text[sentence] + full_diagram,37,25°,50 degrees,0,OK
first run,noisy_text[sentence] + full_diagram,38,40°,70 degrees,0,OK
first run,noisy_text[sentence] + full_diagram,40,50°,50 degrees,1,OK
first run,noisy_text[sentence] + full_diagram,43,40°,30_deg,0,OK
first run,noisy_text[sentence] + full_diagram,44,9m,1.5,0,OK
first run,noisy_text[sentence] + full_diagram,45,70°,35_deg,0,OK
first run,noisy_text[sentence] + full_diagram,46,110°,70 degrees,0,OK
first run,noisy_text[sentence] + full_diagram,48,130°,100,0,OK
first run,noisy_text[sentence] + full_diagram,49,100°,145 degrees,0,OK_AFTER_JSON_REPAIR
first run,noisy_text[sentence] + full_diagram,50,140°,50_deg,0,OK
first run,noisy_text[sentence] + full_diagram,53,55°,CD,0,OK
first run,noisy_text[sentence] + full_diagram,55,55°,70,0,OK
first run,noisy_text[sentence] + full_diagram,56,40°,20 degrees,0,OK
first run,noisy_text[sentence] + full_diagram,57,20°,20 degrees,1,OK
first run,noisy_text[sentence] + full_diagram,58,55°,145,0,OK_AFTER_JSON_REPAIR
first run,noisy_text[sentence] + full_diagram,59,50°,80 degrees,0,OK
first run,noisy_text[sentence] + full_diagram,60,45°,135_deg,0,OK
first run,noisy_text[sentence] + full_diagram,64,40cm,160.0,0,OK
first run,noisy_text[sentence] + full_diagram,72,8cm,16,0,OK
first run,noisy_text[sentence] + full_diagram,73,140°,70 degrees,0,OK
first run,noisy_text[sentence] + full_diagram,78,125°,70 degrees,0,OK
first run,noisy_text[sentence] + full_diagram,79,16cm,32,0,OK
first run,noisy_text[sentence] + full_diagram,81,25°,50 degrees,0,OK
first run,noisy_text[sentence] + full_diagram,84,√{3},0,0,OK
first run,noisy_text[sentence] + full_diagram,86,2√{3},2√3,0,OK_AFTER_JSON_REPAIR
first run,noisy_text[sentence] + full_diagram,88,128°,42_deg,0,OK
first run,noisy_text[sentence] + full_diagram,95,30°,90 degrees,0,OK
first run,noisy_text[sentence] + full_diagram,99,64°,26 degrees,0,OK
first run,noisy_text[sentence] + full_diagram,108,8m,8.0,1,OK
first run,noisy_text[sentence] + full_diagram,109,40°,90_deg,0,OK
first run,noisy_text[sentence] + full_diagram,112,2.4,2.5,0,OK
first run,noisy_text[sentence] + full_diagram,114,\frac{1}{2}cm^{2},π/4,0,OK_AFTER_JSON_REPAIR
first run,noisy_text[sentence] + full_diagram,115,4πcm,18.566,0,OK_AFTER_JSON_REPAIR
first run,noisy_text[sentence] + full_diagram,117,2√{2}cm,3 units,0,OK
first run,noisy_text[sentence] + full_diagram,119,240cm^{2},50 cm^2,0,OK
first run,noisy_text[sentence] + full_diagram,120,9πcm^{2},0,0,OK
first run,noisy_text[sentence] + full_diagram,123,15π,15π,1,OK_AFTER_JSON_REPAIR
first run,noisy_text[sentence] + full_diagram,128,4cm,12,0,OK_AFTER_JSON_REPAIR
first run,noisy_text[sentence] + full_diagram,132,10.2m,1.6,0,OK
first run,noisy_text[sentence] + full_diagram,133,120m,80.0,0,OK
first run,noisy_text[sentence] + full_diagram,149,\frac{20}{3},7,0,OK_AFTER_JSON_REPAIR
first run,noisy_text[sentence] + full_diagram,150,\frac{40}{7}m,7/3,0,OK
first run,noisy_text[sentence] + full_diagram,151,5.1,5.0_units,0,OK
first run,noisy_text[sentence] + full_diagram,152,4m,1.4,0,OK
first run,noisy_text[sentence] + full_diagram,153,1.5m,1.8,0,OK
first run,noisy_text[sentence] + full_diagram,157,\frac{3}{5},4/5,0,OK
first run,noisy_text[sentence] + full_diagram,165,\frac{√{3}}{2},sin(B) cannot be determined from the given information.,0,OK
first run,noisy_text[sentence] + full_diagram,198,60,0,0,OK
first run,noisy_text[sentence] + full_diagram,207,157.1,78.5,0,OK
first run,noisy_text[sentence] + full_diagram,210,15,5,0,OK
first run,noisy_text[sentence] + full_diagram,211,38,83°,0,OK
first run,noisy_text[sentence] + full_diagram,223,\sqrt{7},3√2,0,OK
first run,noisy_text[sentence] + full_diagram,239,8,11,0,OK
first run,noisy_text[sentence] + full_diagram,243,1591,3482 miles,0,OK
first run,noisy_text[sentence] + full_diagram,257,15,16,0,OK
first run,noisy_text[sentence] + full_diagram,264,60,10x,0,OK
first run,noisy_text[sentence] + full_diagram,281,0.38,0.69,0,OK
first run,noisy_text[sentence] + full_diagram,327,11.8,33.5,0,OK
first run,noisy_text[sentence] + full_diagram,348,285,198,0,OK
first run,noisy_text[sentence] + full_diagram,364,74.85,65.90,0,OK
first run,noisy_text[sentence] + full_diagram,365,23.9,30.0,0,OK
first run,noisy_text[sentence] + full_diagram,420,8,x = 5,0,OK_AFTER_JSON_REPAIR
first run,noisy_text[sentence] + full_diagram,432,8.246,The distance between A and B is undefined as A and B are endpoints of a segment AB.,0,OK
first run,noisy_text[sentence] + full_diagram,438,\frac{(x+3)^2}{25}-\frac{(y+3)^2}{25}=1,The equation of the hyperbola is (x-2)^2 - (y+3)^2 = 64,0,OK
first run,noisy_text[sentence] + full_diagram,441,$\frac{4}{5}$,4/5,0,OK
first run,noisy_text[sentence] + full_diagram,447,$\frac{20}{29}$,21/29,0,OK
first run,noisy_text[sentence] + full_diagram,449,$\frac{1}{x}$,The value of sec theta at point P is not determinable from the given triples.,0,OK
first run,noisy_text[sentence] + full_diagram,457,$(x-1)^{2}+(y-3)^{2}=36$,(x-3)^2 + (y-3)^2 = 36,0,OK
first run,noisy_text[sentence] + full_diagram,472,"(0,0)",O,0,OK
first run,noisy_text[typo] + full_diagram,1,140°,60 degrees,0,OK
first run,noisy_text[typo] + full_diagram,2,65°,50 degrees,0,OK
first run,noisy_text[typo] + full_diagram,3,55°,70,0,OK
first run,noisy_text[typo] + full_diagram,4,27°,36_deg,0,OK
first run,noisy_text[typo] + full_diagram,7,45°,35,0,OK
first run,noisy_text[typo] + full_diagram,8,3cm,Cannot be determined,0,OK_AFTER_JSON_REPAIR
first run,noisy_text[typo] + full_diagram,9,6cm,6,1,OK_AFTER_JSON_REPAIR
first run,noisy_text[typo] + full_diagram,10,72°,unknown,0,OK
first run,noisy_text[typo] + full_diagram,11,84°,36 degrees,0,OK
first run,noisy_text[typo] + full_diagram,14,55°,unknown,0,OK
first run,noisy_text[typo] + full_diagram,16,25°,50,0,OK
first run,noisy_text[typo] + full_diagram,17,65°,65_deg,1,OK
first run,noisy_text[typo] + full_diagram,20,20°,140 degrees,0,OK
first run,noisy_text[typo] + full_diagram,22,62°,28 degrees,0,OK
first run,noisy_text[typo] + full_diagram,25,65°,50 degrees,0,OK
first run,noisy_text[typo] + full_diagram,26,12,22 meters,0,OK
first run,noisy_text[typo] + full_diagram,29,115°,50,0,OK
first run,noisy_text[typo] + full_diagram,30,60°,30_deg,0,OK
first run,noisy_text[typo] + full_diagram,32,76°,52 degrees,0,OK
first run,noisy_text[typo] + full_diagram,34,80°,100 degrees,0,OK
first run,noisy_text[typo] + full_diagram,36,20°,50 degrees,0,OK
first run,noisy_text[typo] + full_diagram,37,25°,50 degrees,0,OK
first run,noisy_text[typo] + full_diagram,38,40°,Unknown,0,OK
first run,noisy_text[typo] + full_diagram,40,50°,50 degrees,1,OK
first run,noisy_text[typo] + full_diagram,43,40°,30_deg,0,OK
first run,noisy_text[typo] + full_diagram,44,9m,25,0,OK
first run,noisy_text[typo] + full_diagram,45,70°,35 degrees,0,OK
first run,noisy_text[typo] + full_diagram,46,110°,70_deg,0,OK
first run,noisy_text[typo] + full_diagram,48,130°,50,0,OK_AFTER_JSON_REPAIR
first run,noisy_text[typo] + full_diagram,49,100°,30_deg,0,OK
first run,noisy_text[typo] + full_diagram,50,140°,50 degrees,0,OK
first run,noisy_text[typo] + full_diagram,53,55°,BFD,0,OK
first run,noisy_text[typo] + full_diagram,55,55°,3,0,OK
first run,noisy_text[typo] + full_diagram,56,40°,20 degrees,0,OK
first run,noisy_text[typo] + full_diagram,57,20°,20 degrees,1,OK
first run,noisy_text[typo] + full_diagram,58,55°,55,1,OK_AFTER_JSON_REPAIR
first run,noisy_text[typo] + full_diagram,59,50°,80_deg,0,OK
first run,noisy_text[typo] + full_diagram,60,45°,135_deg,0,OK
first run,noisy_text[typo] + full_diagram,64,40cm,160,0,OK
first run,noisy_text[typo] + full_diagram,72,8cm,16,0,OK
first run,noisy_text[typo] + full_diagram,73,140°,70,0,OK
first run,noisy_text[typo] + full_diagram,78,125°,70 degrees,0,OK
first run,noisy_text[typo] + full_diagram,79,16cm,32,0,OK
first run,noisy_text[typo] + full_diagram,81,25°,50 degrees,0,OK
first run,noisy_text[typo] + full_diagram,84,√{3},0,0,OK
first run,noisy_text[typo] + full_diagram,86,2√{3},0,0,OK
first run,noisy_text[typo] + full_diagram,88,128°,64,0,OK_AFTER_JSON_REPAIR
first run,noisy_text[typo] + full_diagram,95,30°,90 degrees,0,OK
first run,noisy_text[typo] + full_diagram,99,64°,26 degrees,0,OK
first run,noisy_text[typo] + full_diagram,108,8m,5 units,0,OK
first run,noisy_text[typo] + full_diagram,109,40°,90_deg,0,OK
first run,noisy_text[typo] + full_diagram,112,2.4,2.5,0,OK
first run,noisy_text[typo] + full_diagram,114,\frac{1}{2}cm^{2},0.785,0,OK_AFTER_JSON_REPAIR
first run,noisy_text[typo] + full_diagram,115,4πcm,6,0,OK
first run,noisy_text[typo] + full_diagram,117,2√{2}cm,3 units,0,OK
first run,noisy_text[typo] + full_diagram,119,240cm^{2},Cannot be determined.,0,OK
first run,noisy_text[typo] + full_diagram,120,9πcm^{2},0,0,OK
first run,noisy_text[typo] + full_diagram,123,15π,Cannot be determined,0,OK
first run,noisy_text[typo] + full_diagram,128,4cm,6,0,OK
first run,noisy_text[typo] + full_diagram,132,10.2m,12.0,0,OK
first run,noisy_text[typo] + full_diagram,133,120m,120.0_m,0,OK
first run,noisy_text[typo] + full_diagram,149,\frac{20}{3},6,0,OK_AFTER_JSON_REPAIR
first run,noisy_text[typo] + full_diagram,150,\frac{40}{7}m,BC,0,OK
first run,noisy_text[typo] + full_diagram,151,5.1,20 units,0,OK
first run,noisy_text[typo] + full_diagram,152,4m,2.1,0,OK
first run,noisy_text[typo] + full_diagram,153,1.5m,1.2,0,OK
first run,noisy_text[typo] + full_diagram,157,\frac{3}{5},0.75,0,OK
first run,noisy_text[typo] + full_diagram,165,\frac{√{3}}{2},1/2,0,OK
first run,noisy_text[typo] + full_diagram,198,60,0,0,OK
first run,noisy_text[typo] + full_diagram,207,157.1,0,0,OK_AFTER_JSON_REPAIR
first run,noisy_text[typo] + full_diagram,210,15,16,0,OK
first run,noisy_text[typo] + full_diagram,211,38,17.9,0,OK
first run,noisy_text[typo] + full_diagram,223,\sqrt{7},√7,0,OK_AFTER_JSON_REPAIR
first run,noisy_text[typo] + full_diagram,239,8,16,0,OK
first run,noisy_text[typo] + full_diagram,243,1591,3482,0,OK
first run,noisy_text[typo] + full_diagram,257,15,AE,0,OK
first run,noisy_text[typo] + full_diagram,264,60,20 degrees,0,OK
first run,noisy_text[typo] + full_diagram,281,0.38,0.69,0,OK
first run,noisy_text[typo] + full_diagram,327,11.8,10.7,0,OK
first run,noisy_text[typo] + full_diagram,348,285,198,0,OK
first run,noisy_text[typo] + full_diagram,364,74.85,35.50,0,OK
first run,noisy_text[typo] + full_diagram,365,23.9,48.6,0,OK
first run,noisy_text[typo] + full_diagram,420,8,6 cm,0,OK
first run,noisy_text[typo] + full_diagram,432,8.246,5 units,0,OK
first run,noisy_text[typo] + full_diagram,438,\frac{(x+3)^2}{25}-\frac{(y+3)^2}{25}=1,The equation of the hyperbola is ((x + 3)^2 - 16) / 8 = 1,0,OK
first run,noisy_text[typo] + full_diagram,441,$\frac{4}{5}$,3/5,0,OK
first run,noisy_text[typo] + full_diagram,447,$\frac{20}{29}$,20/29,0,OK
first run,noisy_text[typo] + full_diagram,449,$\frac{1}{x}$,The value of sec theta at point P is 1.,0,OK
first run,noisy_text[typo] + full_diagram,457,$(x-1)^{2}+(y-3)^{2}=36$,x^2 + y^2 = 6^2,0,OK
first run,noisy_text[typo] + full_diagram,472,"(0,0)",B,0,OK
second run,full_text + full_diagram,1,140°,60 degrees,0,OK
second run,full_text + full_diagram,2,65°,50_deg,0,OK
second run,full_text + full_diagram,3,55°,70,0,OK
second run,full_text + full_diagram,4,27°,36_deg,0,OK
second run,full_text + full_diagram,7,45°,35,0,OK
second run,full_text + full_diagram,8,3cm,5.0,0,OK
second run,full_text + full_diagram,9,6cm,12.0,0,OK_AFTER_JSON_REPAIR
second run,full_text + full_diagram,10,72°,90,0,OK
second run,full_text + full_diagram,11,84°,36_deg,0,OK
second run,full_text + full_diagram,14,55°,35 degrees,0,OK
second run,full_text + full_diagram,16,25°,50 degrees,0,OK
second run,full_text + full_diagram,17,65°,unknown,0,OK
second run,full_text + full_diagram,20,20°,140,0,OK
second run,full_text + full_diagram,22,62°,28 degrees,0,OK
second run,full_text + full_diagram,25,65°,50 degrees,0,OK
second run,full_text + full_diagram,26,12,8.0,0,OK
second run,full_text + full_diagram,29,115°,Unknown,0,OK
second run,full_text + full_diagram,30,60°,30_deg,0,OK
second run,full_text + full_diagram,32,76°,52 degrees,0,OK
second run,full_text + full_diagram,34,80°,100 degrees,0,OK
second run,full_text + full_diagram,36,20°,50 degrees,0,OK
second run,full_text + full_diagram,37,25°,50 degrees,0,OK
second run,full_text + full_diagram,38,40°,Cannot be determined.,0,OK
second run,full_text + full_diagram,40,50°,50 degrees,1,OK
second run,full_text + full_diagram,43,40°,100,0,OK_AFTER_JSON_REPAIR
second run,full_text + full_diagram,44,9m,25,0,OK
second run,full_text + full_diagram,45,70°,35_deg,0,OK
second run,full_text + full_diagram,46,110°,70_deg,0,OK
second run,full_text + full_diagram,48,130°,40,0,OK_AFTER_JSON_REPAIR
second run,full_text + full_diagram,49,100°,35_deg,0,OK
second run,full_text + full_diagram,50,140°,50 degrees,0,OK
second run,full_text + full_diagram,53,55°,F,0,OK
second run,full_text + full_diagram,55,55°,3,0,OK
second run,full_text + full_diagram,56,40°,20 degrees,0,OK
second run,full_text + full_diagram,57,20°,20 degrees,1,OK
second run,full_text + full_diagram,58,55°,55,1,OK
second run,full_text + full_diagram,59,50°,80 degrees,0,OK
second run,full_text + full_diagram,60,45°,135_deg,0,OK
second run,full_text + full_diagram,64,40cm,200 units,0,OK
second run,full_text + full_diagram,72,8cm,16,0,OK
second run,full_text + full_diagram,73,140°,70 degrees,0,OK
second run,full_text + full_diagram,78,125°,70 degrees,0,OK
second run,full_text + full_diagram,79,16cm,Insufficient information to determine the perimeter of triangle DCE.,0,OK
second run,full_text + full_diagram,81,25°,50,0,OK
second run,full_text + full_diagram,84,√{3},BC,0,OK
second run,full_text + full_diagram,86,2√{3},0,0,OK
second run,full_text + full_diagram,88,128°,60_deg,0,OK_AFTER_JSON_REPAIR
second run,full_text + full_diagram,95,30°,30_deg,1,OK
second run,full_text + full_diagram,99,64°,26,0,OK
second run,full_text + full_diagram,108,8m,8,1,OK
second run,full_text + full_diagram,109,40°,130,0,OK
second run,full_text + full_diagram,112,2.4,3.2,0,OK
second run,full_text + full_diagram,114,\frac{1}{2}cm^{2},π/4,0,OK_AFTER_JSON_REPAIR
second run,full_text + full_diagram,115,4πcm,6π,0,OK
second run,full_text + full_diagram,117,2√{2}cm,3 units,0,OK
second run,full_text + full_diagram,119,240cm^{2},0.0,0,OK
second run,full_text + full_diagram,120,9πcm^{2},4,0,OK
second run,full_text + full_diagram,123,15π,Cannot be determined,0,OK
second run,full_text + full_diagram,128,4cm,12,0,OK_AFTER_JSON_REPAIR
second run,full_text + full_diagram,132,10.2m,12,0,OK
second run,full_text + full_diagram,133,120m,80.0_m,0,OK
second run,full_text + full_diagram,149,\frac{20}{3},16 units,0,OK
second run,full_text + full_diagram,150,\frac{40}{7}m,7/3,0,OK
second run,full_text + full_diagram,151,5.1,5 units,1,OK
second run,full_text + full_diagram,152,4m,2.1,0,OK
second run,full_text + full_diagram,153,1.5m,1.8,0,OK
second run,full_text + full_diagram,157,\frac{3}{5},1,0,OK
second run,full_text + full_diagram,165,\frac{√{3}}{2},sin(B) cannot be determined from the given information.,0,OK
second run,full_text + full_diagram,198,60,13.0,0,OK
second run,full_text + full_diagram,207,157.1,58.9,0,OK_AFTER_JSON_REPAIR
second run,full_text + full_diagram,210,15,16,0,OK
second run,full_text + full_diagram,211,38,20,0,OK
second run,full_text + full_diagram,223,\sqrt{7},√7,0,OK_AFTER_JSON_REPAIR
second run,full_text + full_diagram,239,8,16,0,OK
second run,full_text + full_diagram,243,1591,3482 miles,0,OK
second run,full_text + full_diagram,257,15,16,0,OK
second run,full_text + full_diagram,264,60,10x,0,OK
second run,full_text + full_diagram,281,0.38,0.38,1,OK_AFTER_JSON_REPAIR
second run,full_text + full_diagram,327,11.8,10.7,0,OK
second run,full_text + full_diagram,348,285,198,0,OK
second run,full_text + full_diagram,364,74.85,65.9,0,OK
second run,full_text + full_diagram,365,23.9,1.0,0,OK
second run,full_text + full_diagram,420,8,11.66,0,OK_AFTER_JSON_REPAIR
second run,full_text + full_diagram,432,8.246,0,0,OK
second run,full_text + full_diagram,438,\frac{(x+3)^2}{25}-\frac{(y+3)^2}{25}=1,The equation of the hyperbola is not determinable from the given triples.,0,OK
second run,full_text + full_diagram,441,$\frac{4}{5}$,Cannot be determined,0,OK
second run,full_text + full_diagram,447,$\frac{20}{29}$,1/sqrt(3),0,OK
second run,full_text + full_diagram,449,$\frac{1}{x}$,Cannot be determined,0,OK
second run,full_text + full_diagram,457,$(x-1)^{2}+(y-3)^{2}=36$,(x-0)^2 + (y-0)^2 = 6^2,0,OK
second run,full_text + full_diagram,472,"(0,0)",B,0,OK
second run,full_text + noisy_diagram[bg_change],1,140°,60 degrees,0,OK
second run,full_text + noisy_diagram[bg_change],2,65°,50 degrees,0,OK
second run,full_text + noisy_diagram[bg_change],3,55°,70 degrees,0,OK
second run,full_text + noisy_diagram[bg_change],4,27°,36_deg,0,OK
second run,full_text + noisy_diagram[bg_change],7,45°,35 degrees,0,OK
second run,full_text + noisy_diagram[bg_change],8,3cm,12 units,0,OK
second run,full_text + noisy_diagram[bg_change],9,6cm,Cannot be determined,0,OK
second run,full_text + noisy_diagram[bg_change],10,72°,36_deg,0,OK
second run,full_text + noisy_diagram[bg_change],11,84°,36,0,OK
second run,full_text + noisy_diagram[bg_change],14,55°,35 degrees,0,OK
second run,full_text + noisy_diagram[bg_change],16,25°,50 degrees,0,OK
second run,full_text + noisy_diagram[bg_change],17,65°,unknown,0,OK
second run,full_text + noisy_diagram[bg_change],20,20°,140,0,OK
second run,full_text + noisy_diagram[bg_change],22,62°,28 degrees,0,OK
second run,full_text + noisy_diagram[bg_change],25,65°,50 degrees,0,OK
second run,full_text + noisy_diagram[bg_change],26,12,22,0,OK
second run,full_text + noisy_diagram[bg_change],29,115°,50 degrees,0,OK
second run,full_text + noisy_diagram[bg_change],30,60°,30_deg,0,OK
second run,full_text + noisy_diagram[bg_change],32,76°,52_deg,0,OK
second run,full_text + noisy_diagram[bg_change],34,80°,100 degrees,0,OK
second run,full_text + noisy_diagram[bg_change],36,20°,45,0,OK_AFTER_JSON_REPAIR
second run,full_text + noisy_diagram[bg_change],37,25°,25,1,OK_AFTER_JSON_REPAIR
second run,full_text + noisy_diagram[bg_change],38,40°,70_deg,0,OK
second run,full_text + noisy_diagram[bg_change],40,50°,50 degrees,1,OK
second run,full_text + noisy_diagram[bg_change],43,40°,30_deg,0,OK
second run,full_text + noisy_diagram[bg_change],44,9m,1.5,0,OK
second run,full_text + noisy_diagram[bg_change],45,70°,The measure of angle AOB is unknown.,0,OK
second run,full_text + noisy_diagram[bg_change],46,110°,70_deg,0,OK
second run,full_text + noisy_diagram[bg_change],48,130°,100 degrees,0,OK
second run,full_text + noisy_diagram[bg_change],49,100°,35_deg,0,OK
second run,full_text + noisy_diagram[bg_change],50,140°,50 degrees,0,OK
second run,full_text + noisy_diagram[bg_change],53,55°,BFD,0,OK
second run,full_text + noisy_diagram[bg_change],55,55°,70,0,OK
second run,full_text + noisy_diagram[bg_change],56,40°,20 degrees,0,OK
second run,full_text + noisy_diagram[bg_change],57,20°,20 degrees,1,OK
second run,full_text + noisy_diagram[bg_change],58,55°,90,0,OK_AFTER_JSON_REPAIR
second run,full_text + noisy_diagram[bg_change],59,50°,80_deg,0,OK
second run,full_text + noisy_diagram[bg_change],60,45°,135_deg,0,OK
second run,full_text + noisy_diagram[bg_change],64,40cm,160 units,0,OK
second run,full_text + noisy_diagram[bg_change],72,8cm,16,0,OK
second run,full_text + noisy_diagram[bg_change],73,140°,Unknown,0,OK
second run,full_text + noisy_diagram[bg_change],78,125°,70 degrees,0,OK_AFTER_JSON_REPAIR
second run,full_text + noisy_diagram[bg_change],79,16cm,32,0,OK
second run,full_text + noisy_diagram[bg_change],81,25°,90,0,OK_AFTER_JSON_REPAIR
second run,full_text + noisy_diagram[bg_change],84,√{3},Cannot be determined,0,OK
second run,full_text + noisy_diagram[bg_change],86,2√{3},2.0_units,0,OK
second run,full_text + noisy_diagram[bg_change],88,128°,42_deg,0,OK
second run,full_text + noisy_diagram[bg_change],95,30°,30_deg,1,OK
second run,full_text + noisy_diagram[bg_change],99,64°,26 degrees,0,OK
second run,full_text + noisy_diagram[bg_change],108,8m,8 units,1,OK
second run,full_text + noisy_diagram[bg_change],109,40°,90,0,OK
second run,full_text + noisy_diagram[bg_change],112,2.4,2.5,0,OK
second run,full_text + noisy_diagram[bg_change],114,\frac{1}{2}cm^{2},1,0,OK
second run,full_text + noisy_diagram[bg_change],115,4πcm,6 units,0,OK
second run,full_text + noisy_diagram[bg_change],117,2√{2}cm,3 cm,0,OK
second run,full_text + noisy_diagram[bg_change],119,240cm^{2},0 cm²,0,OK
second run,full_text + noisy_diagram[bg_change],120,9πcm^{2},0,0,OK
second run,full_text + noisy_diagram[bg_change],123,15π,15π,1,OK_AFTER_JSON_REPAIR
second run,full_text + noisy_diagram[bg_change],128,4cm,6,0,OK
second run,full_text + noisy_diagram[bg_change],132,10.2m,12.6,0,OK
second run,full_text + noisy_diagram[bg_change],133,120m,20.0_m,0,OK_AFTER_JSON_REPAIR
second run,full_text + noisy_diagram[bg_change],149,\frac{20}{3},13.0,0,OK_AFTER_JSON_REPAIR
second run,full_text + noisy_diagram[bg_change],150,\frac{40}{7}m,BC,0,OK
second run,full_text + noisy_diagram[bg_change],151,5.1,20 units,0,OK
second run,full_text + noisy_diagram[bg_change],152,4m,1.9,0,OK_AFTER_JSON_REPAIR
second run,full_text + noisy_diagram[bg_change],153,1.5m,1.8,0,OK
second run,full_text + noisy_diagram[bg_change],157,\frac{3}{5},0.75,0,OK
second run,full_text + noisy_diagram[bg_change],165,\frac{√{3}}{2},sin(B) cannot be determined,0,OK
second run,full_text + noisy_diagram[bg_change],198,60,0,0,OK
second run,full_text + noisy_diagram[bg_change],207,157.1,314.2,0,OK_AFTER_JSON_REPAIR
second run,full_text + noisy_diagram[bg_change],210,15,16,0,OK_AFTER_JSON_REPAIR
second run,full_text + noisy_diagram[bg_change],211,38,38,1,OK
second run,full_text + noisy_diagram[bg_change],223,\sqrt{7},x√2,0,OK
second run,full_text + noisy_diagram[bg_change],239,8,27,0,OK_AFTER_JSON_REPAIR
second run,full_text + noisy_diagram[bg_change],243,1591,Approximately 738 miles,0,OK
second run,full_text + noisy_diagram[bg_change],257,15,16,0,OK
second run,full_text + noisy_diagram[bg_change],264,60,20,0,OK
second run,full_text + noisy_diagram[bg_change],281,0.38,0.92,0,OK_AFTER_JSON_REPAIR
second run,full_text + noisy_diagram[bg_change],327,11.8,10.7,0,OK
second run,full_text + noisy_diagram[bg_change],348,285,109,0,OK
second run,full_text + noisy_diagram[bg_change],364,74.85,65.90,0,OK
second run,full_text + noisy_diagram[bg_change],365,23.9,68.6,0,OK
second run,full_text + noisy_diagram[bg_change],420,8,10,0,OK
second run,full_text + noisy_diagram[bg_change],432,8.246,5,0,OK
second run,full_text + noisy_diagram[bg_change],438,\frac{(x+3)^2}{25}-\frac{(y+3)^2}{25}=1,The equation of the hyperbola is x^2 - y^2 = 0,0,OK
second run,full_text + noisy_diagram[bg_change],441,$\frac{4}{5}$,Cannot be determined,0,OK
second run,full_text + noisy_diagram[bg_change],447,$\frac{20}{29}$,Cannot be determined,0,OK
second run,full_text + noisy_diagram[bg_change],449,$\frac{1}{x}$,The value of sec theta at point P is 1.,0,OK
second run,full_text + noisy_diagram[bg_change],457,$(x-1)^{2}+(y-3)^{2}=36$,x^2 + y^2 = 6^2,0,OK
second run,full_text + noisy_diagram[bg_change],472,"(0,0)",B,0,OK
second run,full_text + noisy_diagram[blur],1,140°,60 degrees,0,OK
second run,full_text + noisy_diagram[blur],2,65°,unknown,0,OK
second run,full_text + noisy_diagram[blur],3,55°,70 degrees,0,OK
second run,full_text + noisy_diagram[blur],4,27°,36_deg,0,OK
second run,full_text + noisy_diagram[blur],7,45°,35,0,OK
second run,full_text + noisy_diagram[blur],8,3cm,5 units,0,OK_AFTER_JSON_REPAIR
second run,full_text + noisy_diagram[blur],9,6cm,11,0,OK_AFTER_JSON_REPAIR
second run,full_text + noisy_diagram[blur],10,72°,36_deg,0,OK
second run,full_text + noisy_diagram[blur],11,84°,60,0,OK
second run,full_text + noisy_diagram[blur],14,55°,30 degrees,0,OK
second run,full_text + noisy_diagram[blur],16,25°,50,0,OK
second run,full_text + noisy_diagram[blur],17,65°,65_deg,1,OK
second run,full_text + noisy_diagram[blur],20,20°,40_deg,0,OK
second run,full_text + noisy_diagram[blur],22,62°,28 degrees,0,OK
second run,full_text + noisy_diagram[blur],25,65°,50 degrees,0,OK
second run,full_text + noisy_diagram[blur],26,12,22.0,0,OK
second run,full_text + noisy_diagram[blur],29,115°,50_deg,0,OK
second run,full_text + noisy_diagram[blur],30,60°,30_deg,0,OK
second run,full_text + noisy_diagram[blur],32,76°,52 degrees,0,OK
second run,full_text + noisy_diagram[blur],34,80°,100 degrees,0,OK
second run,full_text + noisy_diagram[blur],36,20°,50 degrees,0,OK
second run,full_text + noisy_diagram[blur],37,25°,50_deg,0,OK
second run,full_text + noisy_diagram[blur],38,40°,70 degrees,0,OK
second run,full_text + noisy_diagram[blur],40,50°,50 degrees,1,OK
second run,full_text + noisy_diagram[blur],43,40°,30 degrees,0,OK
second run,full_text + noisy_diagram[blur],44,9m,25,0,OK
second run,full_text + noisy_diagram[blur],45,70°,35 degrees,0,OK
second run,full_text + noisy_diagram[blur],46,110°,70_deg,0,OK
second run,full_text + noisy_diagram[blur],48,130°,80,0,OK_AFTER_JSON_REPAIR
second run,full_text + noisy_diagram[blur],49,100°,30_deg,0,OK
second run,full_text + noisy_diagram[blur],50,140°,50_deg,0,OK
second run,full_text + noisy_diagram[blur],53,55°,C,0,OK
second run,full_text + noisy_diagram[blur],55,55°,3,0,OK
second run,full_text + noisy_diagram[blur],56,40°,20 degrees,0,OK
second run,full_text + noisy_diagram[blur],57,20°,20 degrees,1,OK
second run,full_text + noisy_diagram[blur],58,55°,55,1,OK_AFTER_JSON_REPAIR
second run,full_text + noisy_diagram[blur],59,50°,80 degrees,0,OK
second run,full_text + noisy_diagram[blur],60,45°,135_deg,0,OK
second run,full_text + noisy_diagram[blur],64,40cm,160.0,0,OK
second run,full_text + noisy_diagram[blur],72,8cm,16,0,OK
second run,full_text + noisy_diagram[blur],73,140°,70 degrees,0,OK
second run,full_text + noisy_diagram[blur],78,125°,70 degrees,0,OK
second run,full_text + noisy_diagram[blur],79,16cm,Cannot be determined,0,OK
second run,full_text + noisy_diagram[blur],81,25°,50,0,OK
second run,full_text + noisy_diagram[blur],84,√{3},0,0,OK
second run,full_text + noisy_diagram[blur],86,2√{3},2,0,OK
second run,full_text + noisy_diagram[blur],88,128°,60_deg,0,OK_AFTER_JSON_REPAIR
second run,full_text + noisy_diagram[blur],95,30°,90_deg,0,OK
second run,full_text + noisy_diagram[blur],99,64°,26 degrees,0,OK
second run,full_text + noisy_diagram[blur],108,8m,8,1,OK
second run,full_text + noisy_diagram[blur],109,40°,90_deg,0,OK
second run,full_text + noisy_diagram[blur],112,2.4,2.5,0,OK
second run,full_text + noisy_diagram[blur],114,\frac{1}{2}cm^{2},0.2854,0,OK_AFTER_JSON_REPAIR
second run,full_text + noisy_diagram[blur],115,4πcm,6 units,0,OK
second run,full_text + noisy_diagram[blur],117,2√{2}cm,3 units,0,OK
second run,full_text + noisy_diagram[blur],119,240cm^{2},0,0,OK
second run,full_text + noisy_diagram[blur],120,9πcm^{2},5,0,OK
second run,full_text + noisy_diagram[blur],123,15π,15π,1,OK_AFTER_JSON_REPAIR
second run,full_text + noisy_diagram[blur],128,4cm,0,0,OK
second run,full_text + noisy_diagram[blur],132,10.2m,12,0,OK
second run,full_text + noisy_diagram[blur],133,120m,80.0_m,0,OK
second run,full_text + noisy_diagram[blur],149,\frac{20}{3},Not enough information,0,OK
second run,full_text + noisy_diagram[blur],150,\frac{40}{7}m,9,0,OK
second run,full_text + noisy_diagram[blur],151,5.1,20 units,0,OK
second run,full_text + noisy_diagram[blur],152,4m,2.1,0,OK
second run,full_text + noisy_diagram[blur],153,1.5m,3.0,0,OK_AFTER_JSON_REPAIR
second run,full_text + noisy_diagram[blur],157,\frac{3}{5},0.75,0,OK
second run,full_text + noisy_diagram[blur],165,\frac{√{3}}{2},sin(B) = 1/sqrt(5),0,OK_AFTER_JSON_REPAIR
second run,full_text + noisy_diagram[blur],198,60,0,0,OK
second run,full_text + noisy_diagram[blur],207,157.1,62.8,0,OK
second run,full_text + noisy_diagram[blur],210,15,16,0,OK
second run,full_text + noisy_diagram[blur],211,38,38 degrees,1,OK
second run,full_text + noisy_diagram[blur],223,\sqrt{7},5,0,OK
second run,full_text + noisy_diagram[blur],239,8,27,0,OK_AFTER_JSON_REPAIR
second run,full_text + noisy_diagram[blur],243,1591,1044 miles,0,OK
second run,full_text + noisy_diagram[blur],257,15,5,0,OK
second run,full_text + noisy_diagram[blur],264,60,10x,0,OK
second run,full_text + noisy_diagram[blur],281,0.38,0.60,0,OK
second run,full_text + noisy_diagram[blur],327,11.8,10.7,0,OK
second run,full_text + noisy_diagram[blur],348,285,100,0,OK
second run,full_text + noisy_diagram[blur],364,74.85,65.90,0,OK
second run,full_text + noisy_diagram[blur],365,23.9,10.3,0,OK
second run,full_text + noisy_diagram[blur],420,8,8,1,OK_AFTER_JSON_REPAIR
second run,full_text + noisy_diagram[blur],432,8.246,0,0,OK
second run,full_text + noisy_diagram[blur],438,\frac{(x+3)^2}{25}-\frac{(y+3)^2}{25}=1,The equation of the hyperbola is ((x-2)^2 - (y+3)^2) = 25,0,OK
second run,full_text + noisy_diagram[blur],441,$\frac{4}{5}$,sin(a) = 0.5,0,OK
second run,full_text + noisy_diagram[blur],447,$\frac{20}{29}$,20/29,0,OK
second run,full_text + noisy_diagram[blur],449,$\frac{1}{x}$,1.5,0,OK
second run,full_text + noisy_diagram[blur],457,$(x-1)^{2}+(y-3)^{2}=36$,x^2 + y^2 = 6^2,0,OK
second run,full_text + noisy_diagram[blur],472,"(0,0)",E,0,OK
second run,full_text + noisy_diagram[illumination],1,140°,60 degrees,0,OK
second run,full_text + noisy_diagram[illumination],2,65°,The measure of angle EGF is unknown.,0,OK
second run,full_text + noisy_diagram[illumination],3,55°,70 degrees,0,OK
second run,full_text + noisy_diagram[illumination],4,27°,36_deg,0,OK
second run,full_text + noisy_diagram[illumination],7,45°,70 degrees,0,OK
second run,full_text + noisy_diagram[illumination],8,3cm,5.0,0,OK
second run,full_text + noisy_diagram[illumination],9,6cm,12,0,OK_AFTER_JSON_REPAIR
second run,full_text + noisy_diagram[illumination],10,72°,36,0,OK
second run,full_text + noisy_diagram[illumination],11,84°,60,0,OK
second run,full_text + noisy_diagram[illumination],14,55°,35 degrees,0,OK
second run,full_text + noisy_diagram[illumination],16,25°,90 degrees,0,OK
second run,full_text + noisy_diagram[illumination],17,65°,42_deg,0,OK
second run,full_text + noisy_diagram[illumination],20,20°,70,0,OK
second run,full_text + noisy_diagram[illumination],22,62°,28 degrees,0,OK
second run,full_text + noisy_diagram[illumination],25,65°,50 degrees,0,OK
second run,full_text + noisy_diagram[illumination],26,12,22.0_m,0,OK
second run,full_text + noisy_diagram[illumination],29,115°,30 degrees,0,OK
second run,full_text + noisy_diagram[illumination],30,60°,30_deg,0,OK
second run,full_text + noisy_diagram[illumination],32,76°,52 degrees,0,OK
second run,full_text + noisy_diagram[illumination],34,80°,100 degrees,0,OK
second run,full_text + noisy_diagram[illumination],36,20°,50 degrees,0,OK
second run,full_text + noisy_diagram[illumination],37,25°,50 degrees,0,OK
second run,full_text + noisy_diagram[illumination],38,40°,Cannot be determined.,0,OK
second run,full_text + noisy_diagram[illumination],40,50°,50 degrees,1,OK
second run,full_text + noisy_diagram[illumination],43,40°,30 degrees,0,OK
second run,full_text + noisy_diagram[illumination],44,9m,1.5,0,OK
second run,full_text + noisy_diagram[illumination],45,70°,35 degrees,0,OK
second run,full_text + noisy_diagram[illumination],46,110°,70_deg,0,OK
second run,full_text + noisy_diagram[illumination],48,130°,100,0,OK
second run,full_text + noisy_diagram[illumination],49,100°,35_deg,0,OK
second run,full_text + noisy_diagram[illumination],50,140°,50 degrees,0,OK_AFTER_JSON_REPAIR
second run,full_text + noisy_diagram[illumination],53,55°,BFD,0,OK
second run,full_text + noisy_diagram[illumination],55,55°,70,0,OK
second run,full_text + noisy_diagram[illumination],56,40°,20 degrees,0,OK
second run,full_text + noisy_diagram[illumination],57,20°,20 degrees,1,OK
second run,full_text + noisy_diagram[illumination],58,55°,55,1,OK_AFTER_JSON_REPAIR
second run,full_text + noisy_diagram[illumination],59,50°,80_deg,0,OK
second run,full_text + noisy_diagram[illumination],60,45°,135,0,OK
second run,full_text + noisy_diagram[illumination],64,40cm,160 units,0,OK
second run,full_text + noisy_diagram[illumination],72,8cm,Cannot be determined,0,OK
second run,full_text + noisy_diagram[illumination],73,140°,70 degrees,0,OK
second run,full_text + noisy_diagram[illumination],78,125°,70 degrees,0,OK
second run,full_text + noisy_diagram[illumination],79,16cm,AD,0,OK
second run,full_text + noisy_diagram[illumination],81,25°,50 degrees,0,OK_AFTER_JSON_REPAIR
second run,full_text + noisy_diagram[illumination],84,√{3},BC,0,OK
second run,full_text + noisy_diagram[illumination],86,2√{3},0,0,OK
second run,full_text + noisy_diagram[illumination],88,128°,42,0,OK
second run,full_text + noisy_diagram[illumination],95,30°,90.0_deg,0,OK
second run,full_text + noisy_diagram[illumination],99,64°,26 degrees,0,OK
second run,full_text + noisy_diagram[illumination],108,8m,8 units,1,OK
second run,full_text + noisy_diagram[illumination],109,40°,30,0,OK
second run,full_text + noisy_diagram[illumination],112,2.4,0.7,0,OK
second run,full_text + noisy_diagram[illumination],114,\frac{1}{2}cm^{2},0.25π,0,OK_AFTER_JSON_REPAIR
second run,full_text + noisy_diagram[illumination],115,4πcm,6 units,0,OK
second run,full_text + noisy_diagram[illumination],117,2√{2}cm,3,0,OK
second run,full_text + noisy_diagram[illumination],119,240cm^{2},0,0,OK
second run,full_text + noisy_diagram[illumination],120,9πcm^{2},0,0,OK
second run,full_text + noisy_diagram[illumination],123,15π,Cannot be determined,0,OK
second run,full_text + noisy_diagram[illumination],128,4cm,6,0,OK
second run,full_text + noisy_diagram[illumination],132,10.2m,2.2,0,OK
second run,full_text + noisy_diagram[illumination],133,120m,140.0_units,0,OK
second run,full_text + noisy_diagram[illumination],149,\frac{20}{3},Not enough information,0,OK
second run,full_text + noisy_diagram[illumination],150,\frac{40}{7}m,13/3,0,OK_AFTER_JSON_REPAIR
second run,full_text + noisy_diagram[illumination],151,5.1,20_units,0,OK
second run,full_text + noisy_diagram[illumination],152,4m,2.1,0,OK
second run,full_text + noisy_diagram[illumination],153,1.5m,2.0,0,OK
second run,full_text + noisy_diagram[illumination],157,\frac{3}{5},3/5,0,OK_AFTER_JSON_REPAIR
second run,full_text + noisy_diagram[illumination],165,\frac{√{3}}{2},1,0,OK
second run,full_text + noisy_diagram[illumination],198,60,65,0,OK_AFTER_JSON_REPAIR
second run,full_text + noisy_diagram[illumination],207,157.1,628.3,0,OK
second run,full_text + noisy_diagram[illumination],210,15,16,0,OK
second run,full_text + noisy_diagram[illumination],211,38,83,0,OK
second run,full_text + noisy_diagram[illumination],223,\sqrt{7},x = 3√2,0,OK
second run,full_text + noisy_diagram[illumination],239,8,21,0,OK
second run,full_text + noisy_diagram[illumination],243,1591,Cannot be determined from the provided triples.,0,OK
second run,full_text + noisy_diagram[illumination],257,15,12,0,OK_AFTER_JSON_REPAIR
second run,full_text + noisy_diagram[illumination],264,60,10x,0,OK
second run,full_text + noisy_diagram[illumination],281,0.38,0.88,0,OK
second run,full_text + noisy_diagram[illumination],327,11.8,10.7,0,OK
second run,full_text + noisy_diagram[illumination],348,285,198,0,OK
second run,full_text + noisy_diagram[illumination],364,74.85,65.90,0,OK
second run,full_text + noisy_diagram[illumination],365,23.9,18.3,0,OK
second run,full_text + noisy_diagram[illumination],420,8,11.66,0,OK_AFTER_JSON_REPAIR
second run,full_text + noisy_diagram[illumination],432,8.246,5,0,OK_AFTER_JSON_REPAIR
second run,full_text + noisy_diagram[illumination],438,\frac{(x+3)^2}{25}-\frac{(y+3)^2}{25}=1,The equation is not provided in the given triples.,0,OK
second run,full_text + noisy_diagram[illumination],441,$\frac{4}{5}$,1/sqrt(3),0,OK_AFTER_JSON_REPAIR
second run,full_text + noisy_diagram[illumination],447,$\frac{20}{29}$,20/29,0,OK
second run,full_text + noisy_diagram[illumination],449,$\frac{1}{x}$,1,0,OK
second run,full_text + noisy_diagram[illumination],457,$(x-1)^{2}+(y-3)^{2}=36$,x^2 + y^2 = 6^2,0,OK
second run,full_text + noisy_diagram[illumination],472,"(0,0)",B,0,OK
second run,full_text + noisy_diagram[irr_objects],1,140°,60 degrees,0,OK
second run,full_text + noisy_diagram[irr_objects],2,65°,50_deg,0,OK
second run,full_text + noisy_diagram[irr_objects],3,55°,70 degrees,0,OK
second run,full_text + noisy_diagram[irr_objects],4,27°,36_deg,0,OK
second run,full_text + noisy_diagram[irr_objects],7,45°,35_deg,0,OK
second run,full_text + noisy_diagram[irr_objects],8,3cm,12 units,0,OK_AFTER_JSON_REPAIR
second run,full_text + noisy_diagram[irr_objects],9,6cm,12,0,OK_AFTER_JSON_REPAIR
second run,full_text + noisy_diagram[irr_objects],10,72°,36_deg,0,OK
second run,full_text + noisy_diagram[irr_objects],11,84°,36,0,OK_AFTER_JSON_REPAIR
second run,full_text + noisy_diagram[irr_objects],14,55°,35_deg,0,OK
second run,full_text + noisy_diagram[irr_objects],16,25°,50 degrees,0,OK
second run,full_text + noisy_diagram[irr_objects],17,65°,23_deg,0,OK
second run,full_text + noisy_diagram[irr_objects],20,20°,40_deg,0,OK
second run,full_text + noisy_diagram[irr_objects],22,62°,28_deg,0,OK
second run,full_text + noisy_diagram[irr_objects],25,65°,50_deg,0,OK
second run,full_text + noisy_diagram[irr_objects],26,12,22.0,0,OK
second run,full_text + noisy_diagram[irr_objects],29,115°,50_deg,0,OK
second run,full_text + noisy_diagram[irr_objects],30,60°,30_deg,0,OK
second run,full_text + noisy_diagram[irr_objects],32,76°,52 degrees,0,OK
second run,full_text + noisy_diagram[irr_objects],34,80°,100 degrees,0,OK
second run,full_text + noisy_diagram[irr_objects],36,20°,Unknown,0,OK
second run,full_text + noisy_diagram[irr_objects],37,25°,50 degrees,0,OK
second run,full_text + noisy_diagram[irr_objects],38,40°,Cannot be determined.,0,OK
second run,full_text + noisy_diagram[irr_objects],40,50°,50 degrees,1,OK
second run,full_text + noisy_diagram[irr_objects],43,40°,30_deg,0,OK
second run,full_text + noisy_diagram[irr_objects],44,9m,1.5,0,OK
second run,full_text + noisy_diagram[irr_objects],45,70°,35_deg,0,OK
second run,full_text + noisy_diagram[irr_objects],46,110°,70_deg,0,OK
second run,full_text + noisy_diagram[irr_objects],48,130°,50,0,OK_AFTER_JSON_REPAIR
second run,full_text + noisy_diagram[irr_objects],49,100°,35_deg,0,OK
second run,full_text + noisy_diagram[irr_objects],50,140°,50 degrees,0,OK
second run,full_text + noisy_diagram[irr_objects],53,55°,BFD,0,OK
second run,full_text + noisy_diagram[irr_objects],55,55°,2,0,OK
second run,full_text + noisy_diagram[irr_objects],56,40°,20 degrees,0,OK
second run,full_text + noisy_diagram[irr_objects],57,20°,20 degrees,1,OK
second run,full_text + noisy_diagram[irr_objects],58,55°,125,0,OK_AFTER_JSON_REPAIR
second run,full_text + noisy_diagram[irr_objects],59,50°,80 degrees,0,OK
second run,full_text + noisy_diagram[irr_objects],60,45°,135_deg,0,OK
second run,full_text + noisy_diagram[irr_objects],64,40cm,160.0,0,OK
second run,full_text + noisy_diagram[irr_objects],72,8cm,Cannot be determined,0,OK
second run,full_text + noisy_diagram[irr_objects],73,140°,70 degrees,0,OK
second run,full_text + noisy_diagram[irr_objects],78,125°,70 degrees,0,OK
second run,full_text + noisy_diagram[irr_objects],79,16cm,AD,0,OK
second run,full_text + noisy_diagram[irr_objects],81,25°,50 degrees,0,OK
second run,full_text + noisy_diagram[irr_objects],84,√{3},0,0,OK
second run,full_text + noisy_diagram[irr_objects],86,2√{3},2,0,OK
second run,full_text + noisy_diagram[irr_objects],88,128°,60,0,OK_AFTER_JSON_REPAIR
second run,full_text + noisy_diagram[irr_objects],95,30°,90 degrees,0,OK
second run,full_text + noisy_diagram[irr_objects],99,64°,26 degrees,0,OK
second run,full_text + noisy_diagram[irr_objects],108,8m,8,1,OK
second run,full_text + noisy_diagram[irr_objects],109,40°,130,0,OK
second run,full_text + noisy_diagram[irr_objects],112,2.4,1.25,0,OK_AFTER_JSON_REPAIR
second run,full_text + noisy_diagram[irr_objects],114,\frac{1}{2}cm^{2},π/4,0,OK_AFTER_JSON_REPAIR
second run,full_text + noisy_diagram[irr_objects],115,4πcm,6 * 3.464,0,OK_AFTER_JSON_REPAIR
second run,full_text + noisy_diagram[irr_objects],117,2√{2}cm,3 units,0,OK
second run,full_text + noisy_diagram[irr_objects],119,240cm^{2},904.78,0,OK_AFTER_JSON_REPAIR
second run,full_text + noisy_diagram[irr_objects],120,9πcm^{2},5 square units,0,OK
second run,full_text + noisy_diagram[irr_objects],123,15π,Cannot be determined,0,OK
second run,full_text + noisy_diagram[irr_objects],128,4cm,6,0,OK
second run,full_text + noisy_diagram[irr_objects],132,10.2m,0.6,0,OK
second run,full_text + noisy_diagram[irr_objects],133,120m,80.0_m,0,OK
second run,full_text + noisy_diagram[irr_objects],149,\frac{20}{3},16.0,0,OK_AFTER_JSON_REPAIR
second run,full_text + noisy_diagram[irr_objects],150,\frac{40}{7}m,7/3,0,OK
second run,full_text + noisy_diagram[irr_objects],151,5.1,20 units,0,OK
second run,full_text + noisy_diagram[irr_objects],152,4m,1.9,0,OK
second run,full_text + noisy_diagram[irr_objects],153,1.5m,1.8,0,OK
second run,full_text + noisy_diagram[irr_objects],157,\frac{3}{5},0.75,0,OK_AFTER_JSON_REPAIR
second run,full_text + noisy_diagram[irr_objects],165,\frac{√{3}}{2},0.5,0,OK
second run,full_text + noisy_diagram[irr_objects],198,60,0,0,OK
second run,full_text + noisy_diagram[irr_objects],207,157.1,25.1,0,OK
second run,full_text + noisy_diagram[irr_objects],210,15,16,0,OK
second run,full_text + noisy_diagram[irr_objects],211,38,83,0,OK
second run,full_text + noisy_diagram[irr_objects],223,\sqrt{7},5,0,OK
second run,full_text + noisy_diagram[irr_objects],239,8,4,0,OK
second run,full_text + noisy_diagram[irr_objects],243,1591,Cannot be determined.,0,OK
second run,full_text + noisy_diagram[irr_objects],257,15,5,0,OK
second run,full_text + noisy_diagram[irr_objects],264,60,10x,0,OK
second run,full_text + noisy_diagram[irr_objects],281,0.38,0.00,0,OK_AFTER_JSON_REPAIR
second run,full_text + noisy_diagram[irr_objects],327,11.8,10.7,0,OK
second run,full_text + noisy_diagram[irr_objects],348,285,198,0,OK
second run,full_text + noisy_diagram[irr_objects],364,74.85,65.90,0,OK
second run,full_text + noisy_diagram[irr_objects],365,23.9,90.0,0,OK
second run,full_text + noisy_diagram[irr_objects],420,8,10,0,OK
second run,full_text + noisy_diagram[irr_objects],432,8.246,√[58],0,OK
second run,full_text + noisy_diagram[irr_objects],438,\frac{(x+3)^2}{25}-\frac{(y+3)^2}{25}=1,"The equation of the hyperbola is (x-A)^2 - (x-B)^2 = 0, where A, B, C, D, and E are vertices and the center of the hyperbola.",0,OK
second run,full_text + noisy_diagram[irr_objects],441,$\frac{4}{5}$,2/5,0,OK
second run,full_text + noisy_diagram[irr_objects],447,$\frac{20}{29}$,20/29,0,OK
second run,full_text + noisy_diagram[irr_objects],449,$\frac{1}{x}$,1,0,OK
second run,full_text + noisy_diagram[irr_objects],457,$(x-1)^{2}+(y-3)^{2}=36$,x^2 + y^2 = 6^2,0,OK
second run,full_text + noisy_diagram[irr_objects],472,"(0,0)",O,0,OK
second run,full_text + noisy_diagram[pixel_noise],1,140°,40,0,OK_AFTER_JSON_REPAIR
second run,full_text + noisy_diagram[pixel_noise],2,65°,50 degrees,0,OK
second run,full_text + noisy_diagram[pixel_noise],3,55°,35 degrees,0,OK_AFTER_JSON_REPAIR
second run,full_text + noisy_diagram[pixel_noise],4,27°,36_deg,0,OK
second run,full_text + noisy_diagram[pixel_noise],7,45°,35,0,OK
second run,full_text + noisy_diagram[pixel_noise],8,3cm,12,0,OK
second run,full_text + noisy_diagram[pixel_noise],9,6cm,6,1,OK_AFTER_JSON_REPAIR
second run,full_text + noisy_diagram[pixel_noise],10,72°,36_deg,0,OK
second run,full_text + noisy_diagram[pixel_noise],11,84°,60,0,OK
second run,full_text + noisy_diagram[pixel_noise],14,55°,35 degrees,0,OK
second run,full_text + noisy_diagram[pixel_noise],16,25°,50,0,OK
second run,full_text + noisy_diagram[pixel_noise],17,65°,23_deg,0,OK
second run,full_text + noisy_diagram[pixel_noise],20,20°,70_deg,0,OK_AFTER_JSON_REPAIR
second run,full_text + noisy_diagram[pixel_noise],22,62°,28 degrees,0,OK
second run,full_text + noisy_diagram[pixel_noise],25,65°,25 degrees,0,OK_AFTER_JSON_REPAIR
second run,full_text + noisy_diagram[pixel_noise],26,12,22.0_m,0,OK
second run,full_text + noisy_diagram[pixel_noise],29,115°,50 degrees,0,OK
second run,full_text + noisy_diagram[pixel_noise],30,60°,30_deg,0,OK
second run,full_text + noisy_diagram[pixel_noise],32,76°,52 degrees,0,OK
second run,full_text + noisy_diagram[pixel_noise],34,80°,100 degrees,0,OK
second run,full_text + noisy_diagram[pixel_noise],36,20°,50 degrees,0,OK
second run,full_text + noisy_diagram[pixel_noise],37,25°,50 degrees,0,OK
second run,full_text + noisy_diagram[pixel_noise],38,40°,70_deg,0,OK
second run,full_text + noisy_diagram[pixel_noise],40,50°,90 degrees,0,OK
second run,full_text + noisy_diagram[pixel_noise],43,40°,100 degrees,0,OK
second run,full_text + noisy_diagram[pixel_noise],44,9m,25.0,0,OK
second run,full_text + noisy_diagram[pixel_noise],45,70°,35_deg,0,OK
second run,full_text + noisy_diagram[pixel_noise],46,110°,70,0,OK
second run,full_text + noisy_diagram[pixel_noise],48,130°,100,0,OK
second run,full_text + noisy_diagram[pixel_noise],49,100°,30_deg,0,OK
second run,full_text + noisy_diagram[pixel_noise],50,140°,50 degrees,0,OK
second run,full_text + noisy_diagram[pixel_noise],53,55°,BFD,0,OK
second run,full_text + noisy_diagram[pixel_noise],55,55°,70,0,OK
second run,full_text + noisy_diagram[pixel_noise],56,40°,20 degrees,0,OK
second run,full_text + noisy_diagram[pixel_noise],57,20°,20 degrees,1,OK
second run,full_text + noisy_diagram[pixel_noise],58,55°,90_deg,0,OK
second run,full_text + noisy_diagram[pixel_noise],59,50°,80 degrees,0,OK
second run,full_text + noisy_diagram[pixel_noise],60,45°,135_deg,0,OK
second run,full_text + noisy_diagram[pixel_noise],64,40cm,200.0,0,OK
second run,full_text + noisy_diagram[pixel_noise],72,8cm,16,0,OK_AFTER_JSON_REPAIR
second run,full_text + noisy_diagram[pixel_noise],73,140°,100 degrees,0,OK
second run,full_text + noisy_diagram[pixel_noise],78,125°,70 degrees,0,OK
second run,full_text + noisy_diagram[pixel_noise],79,16cm,32,0,OK
second run,full_text + noisy_diagram[pixel_noise],81,25°,50,0,OK
second run,full_text + noisy_diagram[pixel_noise],84,√{3},1,0,OK_AFTER_JSON_REPAIR
second run,full_text + noisy_diagram[pixel_noise],86,2√{3},2,0,OK
second run,full_text + noisy_diagram[pixel_noise],88,128°,64,0,OK_AFTER_JSON_REPAIR
second run,full_text + noisy_diagram[pixel_noise],95,30°,90 degrees,0,OK
second run,full_text + noisy_diagram[pixel_noise],99,64°,26 degrees,0,OK
second run,full_text + noisy_diagram[pixel_noise],108,8m,5,0,OK
second run,full_text + noisy_diagram[pixel_noise],109,40°,90,0,OK
second run,full_text + noisy_diagram[pixel_noise],112,2.4,1.25,0,OK_AFTER_JSON_REPAIR
second run,full_text + noisy_diagram[pixel_noise],114,\frac{1}{2}cm^{2},0.285,0,OK_AFTER_JSON_REPAIR
second run,full_text + noisy_diagram[pixel_noise],115,4πcm,6π,0,OK
second run,full_text + noisy_diagram[pixel_noise],117,2√{2}cm,3 units,0,OK
second run,full_text + noisy_diagram[pixel_noise],119,240cm^{2},20.944,0,OK_AFTER_JSON_REPAIR
second run,full_text + noisy_diagram[pixel_noise],120,9πcm^{2},4,0,OK
second run,full_text + noisy_diagram[pixel_noise],123,15π,6.0,0,OK
second run,full_text + noisy_diagram[pixel_noise],128,4cm,6,0,OK
second run,full_text + noisy_diagram[pixel_noise],132,10.2m,0.6,0,OK
second run,full_text + noisy_diagram[pixel_noise],133,120m,120.0_m,0,OK
second run,full_text + noisy_diagram[pixel_noise],149,\frac{20}{3},16.0,0,OK_AFTER_JSON_REPAIR
second run,full_text + noisy_diagram[pixel_noise],150,\frac{40}{7}m,9,0,OK
second run,full_text + noisy_diagram[pixel_noise],151,5.1,5 units,1,OK
second run,full_text + noisy_diagram[pixel_noise],152,4m,3.5,0,OK
second run,full_text + noisy_diagram[pixel_noise],153,1.5m,3.0,0,OK_AFTER_JSON_REPAIR
second run,full_text + noisy_diagram[pixel_noise],157,\frac{3}{5},sqrt(5)/2,0,OK
second run,full_text + noisy_diagram[pixel_noise],165,\frac{√{3}}{2},sin(B) cannot be determined,0,OK
second run,full_text + noisy_diagram[pixel_noise],198,60,60,1,OK_AFTER_JSON_REPAIR
second run,full_text + noisy_diagram[pixel_noise],207,157.1,62.8,0,OK
second run,full_text + noisy_diagram[pixel_noise],210,15,12,0,OK
second run,full_text + noisy_diagram[pixel_noise],211,38,38,1,OK
second run,full_text + noisy_diagram[pixel_noise],223,\sqrt{7},5,0,OK
second run,full_text + noisy_diagram[pixel_noise],239,8,4,0,OK
second run,full_text + noisy_diagram[pixel_noise],243,1591,374 miles,0,OK
second run,full_text + noisy_diagram[pixel_noise],257,15,5,0,OK
second run,full_text + noisy_diagram[pixel_noise],264,60,10x,0,OK
second run,full_text + noisy_diagram[pixel_noise],281,0.38,0.69,0,OK
second run,full_text + noisy_diagram[pixel_noise],327,11.8,10.7,0,OK
second run,full_text + noisy_diagram[pixel_noise],348,285,100,0,OK
second run,full_text + noisy_diagram[pixel_noise],364,74.85,65.90,0,OK
second run,full_text + noisy_diagram[pixel_noise],365,23.9,10.3,0,OK
second run,full_text + noisy_diagram[pixel_noise],420,8,11.66,0,OK_AFTER_JSON_REPAIR
second run,full_text + noisy_diagram[pixel_noise],432,8.246,"The distance between A and B is not explicitly provided in the triples. The triples only define the relationships between points A, B, and the segment AB.",0,OK
second run,full_text + noisy_diagram[pixel_noise],438,\frac{(x+3)^2}{25}-\frac{(y+3)^2}{25}=1,"The equation of the hyperbola is centered at A, B, C, D, and E with vertices at B, C, D, and E.",0,OK
second run,full_text + noisy_diagram[pixel_noise],441,$\frac{4}{5}$,2/5,0,OK
second run,full_text + noisy_diagram[pixel_noise],447,$\frac{20}{29}$,20/29,0,OK
second run,full_text + noisy_diagram[pixel_noise],449,$\frac{1}{x}$,Cannot be determined,0,OK
second run,full_text + noisy_diagram[pixel_noise],457,$(x-1)^{2}+(y-3)^{2}=36$,The equation of the circle is (x-0)^2 + (y-0)^2 = 6^2,0,OK
second run,full_text + noisy_diagram[pixel_noise],472,"(0,0)",O,0,OK
second run,half_text + half_diagram,1,140°,60 degrees,0,OK
second run,half_text + half_diagram,2,65°,50 degrees,0,OK
second run,half_text + half_diagram,3,55°,70 degrees,0,OK
second run,half_text + half_diagram,4,27°,36 degrees,0,OK
second run,half_text + half_diagram,7,45°,35 degrees,0,OK
second run,half_text + half_diagram,8,3cm,5.0,0,OK
second run,half_text + half_diagram,9,6cm,Cannot be determined,0,OK
second run,half_text + half_diagram,10,72°,The degree of angle BDC cannot be determined from the given triples.,0,OK
second run,half_text + half_diagram,11,84°,90_deg,0,OK
second run,half_text + half_diagram,14,55°,35,0,OK
second run,half_text + half_diagram,16,25°,50,0,OK
second run,half_text + half_diagram,17,65°,42 degrees,0,OK
second run,half_text + half_diagram,20,20°,20,1,OK_AFTER_JSON_REPAIR
second run,half_text + half_diagram,22,62°,28 degrees,0,OK
second run,half_text + half_diagram,25,65°,50,0,OK
second run,half_text + half_diagram,26,12,22.0_m,0,OK
second run,half_text + half_diagram,29,115°,50,0,OK
second run,half_text + half_diagram,30,60°,30_deg,0,OK
second run,half_text + half_diagram,32,76°,52_deg,0,OK
second run,half_text + half_diagram,34,80°,100 degrees,0,OK
second run,half_text + half_diagram,36,20°,50 degrees,0,OK
second run,half_text + half_diagram,37,25°,50 degrees,0,OK
second run,half_text + half_diagram,38,40°,The measure of BAC is 70 degrees.,0,OK
second run,half_text + half_diagram,40,50°,50 degrees,1,OK
second run,half_text + half_diagram,43,40°,30_deg,0,OK
second run,half_text + half_diagram,44,9m,30.0,0,OK
second run,half_text + half_diagram,45,70°,35_deg,0,OK
second run,half_text + half_diagram,46,110°,70,0,OK
second run,half_text + half_diagram,48,130°,100_deg,0,OK
second run,half_text + half_diagram,49,100°,115 degrees,0,OK
second run,half_text + half_diagram,50,140°,50 degrees,0,OK
second run,half_text + half_diagram,53,55°,C,0,OK
second run,half_text + half_diagram,55,55°,2,0,OK
second run,half_text + half_diagram,56,40°,20 degrees,0,OK
second run,half_text + half_diagram,57,20°,30_deg,0,OK
second run,half_text + half_diagram,58,55°,90_deg,0,OK
second run,half_text + half_diagram,59,50°,80_deg,0,OK
second run,half_text + half_diagram,60,45°,135_deg,0,OK
second run,half_text + half_diagram,64,40cm,160.0,0,OK
second run,half_text + half_diagram,72,8cm,16,0,OK_AFTER_JSON_REPAIR
second run,half_text + half_diagram,73,140°,70 degrees,0,OK
second run,half_text + half_diagram,78,125°,30 degrees,0,OK_AFTER_JSON_REPAIR
second run,half_text + half_diagram,79,16cm,32,0,OK
second run,half_text + half_diagram,81,25°,50 degrees,0,OK
second run,half_text + half_diagram,84,√{3},0,0,OK
second run,half_text + half_diagram,86,2√{3},0,0,OK
second run,half_text + half_diagram,88,128°,30,0,OK
second run,half_text + half_diagram,95,30°,60_deg,0,OK
second run,half_text + half_diagram,99,64°,26_deg,0,OK
second run,half_text + half_diagram,108,8m,8.0,1,OK
second run,half_text + half_diagram,109,40°,130 degrees,0,OK
second run,half_text + half_diagram,112,2.4,2.5,0,OK
second run,half_text + half_diagram,114,\frac{1}{2}cm^{2},1.5707963267948966,0,OK_AFTER_JSON_REPAIR
second run,half_text + half_diagram,115,4πcm,10 units,0,OK_AFTER_JSON_REPAIR
second run,half_text + half_diagram,117,2√{2}cm,3,0,OK
second run,half_text + half_diagram,119,240cm^{2},120,0,OK_AFTER_JSON_REPAIR
second run,half_text + half_diagram,120,9πcm^{2},unknown,0,OK
second run,half_text + half_diagram,123,15π,47.12,0,OK_AFTER_JSON_REPAIR
second run,half_text + half_diagram,128,4cm,6,0,OK
second run,half_text + half_diagram,132,10.2m,14.2,0,OK_AFTER_JSON_REPAIR
second run,half_text + half_diagram,133,120m,80m,0,OK
second run,half_text + half_diagram,149,\frac{20}{3},10.0,0,OK
second run,half_text + half_diagram,150,\frac{40}{7}m,BC,0,OK
second run,half_text + half_diagram,151,5.1,1 units,0,OK
second run,half_text + half_diagram,152,4m,2.1,0,OK
second run,half_text + half_diagram,153,1.5m,1.8,0,OK
second run,half_text + half_diagram,157,\frac{3}{5},4/5,0,OK
second run,half_text + half_diagram,165,\frac{√{3}}{2},1/2,0,OK_AFTER_JSON_REPAIR
second run,half_text + half_diagram,198,60,169,0,OK_AFTER_JSON_REPAIR
second run,half_text + half_diagram,207,157.1,2π,0,OK_AFTER_JSON_REPAIR
second run,half_text + half_diagram,210,15,12,0,OK
second run,half_text + half_diagram,211,38,38°,1,OK
second run,half_text + half_diagram,223,\sqrt{7},5,0,OK
second run,half_text + half_diagram,239,8,20,0,OK
second run,half_text + half_diagram,243,1591,Cannot be determined from the provided triples.,0,OK
second run,half_text + half_diagram,257,15,17,0,OK_AFTER_JSON_REPAIR
second run,half_text + half_diagram,264,60,30_deg,0,OK
second run,half_text + half_diagram,281,0.38,0.69,0,OK
second run,half_text + half_diagram,327,11.8,10.7,0,OK
second run,half_text + half_diagram,348,285,44,0,OK
second run,half_text + half_diagram,364,74.85,65.90,0,OK
second run,half_text + half_diagram,365,23.9,10.3,0,OK
second run,half_text + half_diagram,420,8,6 cm,0,OK
second run,half_text + half_diagram,432,8.246,√((-3 - 5)^2 + (4 - 1)^2),0,OK
second run,half_text + half_diagram,438,\frac{(x+3)^2}{25}-\frac{(y+3)^2}{25}=1,The equation of the hyperbola is not explicitly provided in the given triples.,0,OK
second run,half_text + half_diagram,441,$\frac{4}{5}$,Cannot be determined,0,OK
second run,half_text + half_diagram,447,$\frac{20}{29}$,Cannot be determined,0,OK
second run,half_text + half_diagram,449,$\frac{1}{x}$,Cannot be determined,0,OK
second run,half_text + half_diagram,457,$(x-1)^{2}+(y-3)^{2}=36$,x^2 + y^2 = 30^2,0,OK
second run,half_text + half_diagram,472,"(0,0)",O,0,OK
second run,half_text + noisy_half_diagram[bg_change],1,140°,60,0,OK
second run,half_text + noisy_half_diagram[bg_change],2,65°,50_deg,0,OK
second run,half_text + noisy_half_diagram[bg_change],3,55°,70 degrees,0,OK
second run,half_text + noisy_half_diagram[bg_change],4,27°,36 degrees,0,OK
second run,half_text + noisy_half_diagram[bg_change],7,45°,35 degrees,0,OK
second run,half_text + noisy_half_diagram[bg_change],8,3cm,7.0,0,OK
second run,half_text + noisy_half_diagram[bg_change],9,6cm,12,0,OK_AFTER_JSON_REPAIR
second run,half_text + noisy_half_diagram[bg_change],10,72°,36_deg,0,OK
second run,half_text + noisy_half_diagram[bg_change],11,84°,36 degrees,0,OK
second run,half_text + noisy_half_diagram[bg_change],14,55°,35 degrees,0,OK
second run,half_text + noisy_half_diagram[bg_change],16,25°,30 degrees,0,OK
second run,half_text + noisy_half_diagram[bg_change],17,65°,42 degrees,0,OK
second run,half_text + noisy_half_diagram[bg_change],20,20°,70,0,OK_AFTER_JSON_REPAIR
second run,half_text + noisy_half_diagram[bg_change],22,62°,28 degrees,0,OK
second run,half_text + noisy_half_diagram[bg_change],25,65°,50 degrees,0,OK
second run,half_text + noisy_half_diagram[bg_change],26,12,22.0,0,OK
second run,half_text + noisy_half_diagram[bg_change],29,115°,50,0,OK
second run,half_text + noisy_half_diagram[bg_change],30,60°,30 degrees,0,OK
second run,half_text + noisy_half_diagram[bg_change],32,76°,52,0,OK
second run,half_text + noisy_half_diagram[bg_change],34,80°,100 degrees,0,OK
second run,half_text + noisy_half_diagram[bg_change],36,20°,50 degrees,0,OK
second run,half_text + noisy_half_diagram[bg_change],37,25°,50,0,OK
second run,half_text + noisy_half_diagram[bg_change],38,40°,70_deg,0,OK
second run,half_text + noisy_half_diagram[bg_change],40,50°,50_deg,1,OK
second run,half_text + noisy_half_diagram[bg_change],43,40°,100 degrees,0,OK
second run,half_text + noisy_half_diagram[bg_change],44,9m,30 units,0,OK
second run,half_text + noisy_half_diagram[bg_change],45,70°,35,0,OK
second run,half_text + noisy_half_diagram[bg_change],46,110°,70 degrees,0,OK
second run,half_text + noisy_half_diagram[bg_change],48,130°,100 degrees,0,OK
second run,half_text + noisy_half_diagram[bg_change],49,100°,unknown,0,OK
second run,half_text + noisy_half_diagram[bg_change],50,140°,50_deg,0,OK
second run,half_text + noisy_half_diagram[bg_change],53,55°,BFD,0,OK
second run,half_text + noisy_half_diagram[bg_change],55,55°,70,0,OK
second run,half_text + noisy_half_diagram[bg_change],56,40°,20 degrees,0,OK
second run,half_text + noisy_half_diagram[bg_change],57,20°,20,1,OK
second run,half_text + noisy_half_diagram[bg_change],58,55°,35,0,OK
second run,half_text + noisy_half_diagram[bg_change],59,50°,80 degrees,0,OK
second run,half_text + noisy_half_diagram[bg_change],60,45°,135_deg,0,OK
second run,half_text + noisy_half_diagram[bg_change],64,40cm,160.0,0,OK
second run,half_text + noisy_half_diagram[bg_change],72,8cm,Cannot be determined,0,OK
second run,half_text + noisy_half_diagram[bg_change],73,140°,70 degrees,0,OK
second run,half_text + noisy_half_diagram[bg_change],78,125°,90 degrees,0,OK
second run,half_text + noisy_half_diagram[bg_change],79,16cm,Cannot be determined,0,OK
second run,half_text + noisy_half_diagram[bg_change],81,25°,90_deg,0,OK
second run,half_text + noisy_half_diagram[bg_change],84,√{3},BC,0,OK
second run,half_text + noisy_half_diagram[bg_change],86,2√{3},BC,0,OK
second run,half_text + noisy_half_diagram[bg_change],88,128°,22_deg,0,OK
second run,half_text + noisy_half_diagram[bg_change],95,30°,60,0,OK
second run,half_text + noisy_half_diagram[bg_change],99,64°,26 degrees,0,OK
second run,half_text + noisy_half_diagram[bg_change],108,8m,8.0,1,OK
second run,half_text + noisy_half_diagram[bg_change],109,40°,130 degrees,0,OK
second run,half_text + noisy_half_diagram[bg_change],112,2.4,2.5,0,OK
second run,half_text + noisy_half_diagram[bg_change],114,\frac{1}{2}cm^{2},π/4,0,OK_AFTER_JSON_REPAIR
second run,half_text + noisy_half_diagram[bg_change],115,4πcm,6,0,OK
second run,half_text + noisy_half_diagram[bg_change],117,2√{2}cm,3,0,OK
second run,half_text + noisy_half_diagram[bg_change],119,240cm^{2},0,0,OK
second run,half_text + noisy_half_diagram[bg_change],120,9πcm^{2},5.0,0,OK
second run,half_text + noisy_half_diagram[bg_change],123,15π,15π,1,OK_AFTER_JSON_REPAIR
second run,half_text + noisy_half_diagram[bg_change],128,4cm,6,0,OK
second run,half_text + noisy_half_diagram[bg_change],132,10.2m,6.2,0,OK_AFTER_JSON_REPAIR
second run,half_text + noisy_half_diagram[bg_change],133,120m,80.0,0,OK
second run,half_text + noisy_half_diagram[bg_change],149,\frac{20}{3},10.0,0,OK
second run,half_text + noisy_half_diagram[bg_change],150,\frac{40}{7}m,7/3,0,OK_AFTER_JSON_REPAIR
second run,half_text + noisy_half_diagram[bg_change],151,5.1,20,0,OK
second run,half_text + noisy_half_diagram[bg_change],152,4m,1.6,0,OK
second run,half_text + noisy_half_diagram[bg_change],153,1.5m,1.8,0,OK
second run,half_text + noisy_half_diagram[bg_change],157,\frac{3}{5},4/5,0,OK
second run,half_text + noisy_half_diagram[bg_change],165,\frac{√{3}}{2},0.5,0,OK_AFTER_JSON_REPAIR
second run,half_text + noisy_half_diagram[bg_change],198,60,13 * 13 * 0.5 = 84.5,0,OK
second run,half_text + noisy_half_diagram[bg_change],207,157.1,2.356,0,OK_AFTER_JSON_REPAIR
second run,half_text + noisy_half_diagram[bg_change],210,15,16,0,OK
second run,half_text + noisy_half_diagram[bg_change],211,38,2y+5,0,OK
second run,half_text + noisy_half_diagram[bg_change],223,\sqrt{7},x,0,OK
second run,half_text + noisy_half_diagram[bg_change],239,8,16,0,OK
second run,half_text + noisy_half_diagram[bg_change],243,1591,1089 miles,0,OK_AFTER_JSON_REPAIR
second run,half_text + noisy_half_diagram[bg_change],257,15,16,0,OK
second run,half_text + noisy_half_diagram[bg_change],264,60,10x,0,OK
second run,half_text + noisy_half_diagram[bg_change],281,0.38,0.99,0,OK
second run,half_text + noisy_half_diagram[bg_change],327,11.8,3.6,0,OK
second run,half_text + noisy_half_diagram[bg_change],348,285,396,0,OK_AFTER_JSON_REPAIR
second run,half_text + noisy_half_diagram[bg_change],364,74.85,35.5,0,OK
second run,half_text + noisy_half_diagram[bg_change],365,23.9,73.2,0,OK
second run,half_text + noisy_half_diagram[bg_change],420,8,Cannot be determined,0,OK
second run,half_text + noisy_half_diagram[bg_change],432,8.246,The distance between points A and B is not calculable with the given information.,0,OK
second run,half_text + noisy_half_diagram[bg_change],438,\frac{(x+3)^2}{25}-\frac{(y+3)^2}{25}=1,The equation of the hyperbola is (x-2)^2 - (y+3)^2 = 1,0,OK
second run,half_text + noisy_half_diagram[bg_change],441,$\frac{4}{5}$,0,0,OK
second run,half_text + noisy_half_diagram[bg_change],447,$\frac{20}{29}$,Cannot be determined,0,OK
second run,half_text + noisy_half_diagram[bg_change],449,$\frac{1}{x}$,1,0,OK
second run,half_text + noisy_half_diagram[bg_change],457,$(x-1)^{2}+(y-3)^{2}=36$,x^2 + y^2 = 30^2,0,OK
second run,half_text + noisy_half_diagram[bg_change],472,"(0,0)",C,0,OK
second run,half_text + noisy_half_diagram[blur],1,140°,80 degrees,0,OK
second run,half_text + noisy_half_diagram[blur],2,65°,50 degrees,0,OK
second run,half_text + noisy_half_diagram[blur],3,55°,70 degrees,0,OK
second run,half_text + noisy_half_diagram[blur],4,27°,36 degrees,0,OK
second run,half_text + noisy_half_diagram[blur],7,45°,30,0,OK_AFTER_JSON_REPAIR
second run,half_text + noisy_half_diagram[blur],8,3cm,5,0,OK
second run,half_text + noisy_half_diagram[blur],9,6cm,12,0,OK_AFTER_JSON_REPAIR
second run,half_text + noisy_half_diagram[blur],10,72°,36_deg,0,OK
second run,half_text + noisy_half_diagram[blur],11,84°,36,0,OK
second run,half_text + noisy_half_diagram[blur],14,55°,35_deg,0,OK
second run,half_text + noisy_half_diagram[blur],16,25°,50,0,OK
second run,half_text + noisy_half_diagram[blur],17,65°,23 degrees,0,OK
second run,half_text + noisy_half_diagram[blur],20,20°,140 degrees,0,OK
second run,half_text + noisy_half_diagram[blur],22,62°,28 degrees,0,OK
second run,half_text + noisy_half_diagram[blur],25,65°,50 degrees,0,OK
second run,half_text + noisy_half_diagram[blur],26,12,22.0,0,OK
second run,half_text + noisy_half_diagram[blur],29,115°,30_deg,0,OK
second run,half_text + noisy_half_diagram[blur],30,60°,30 degrees,0,OK
second run,half_text + noisy_half_diagram[blur],32,76°,52,0,OK
second run,half_text + noisy_half_diagram[blur],34,80°,100 degrees,0,OK
second run,half_text + noisy_half_diagram[blur],36,20°,Insufficient information,0,OK
second run,half_text + noisy_half_diagram[blur],37,25°,50 degrees,0,OK
second run,half_text + noisy_half_diagram[blur],38,40°,70_deg,0,OK
second run,half_text + noisy_half_diagram[blur],40,50°,50 degrees,1,OK
second run,half_text + noisy_half_diagram[blur],43,40°,30_deg,0,OK
second run,half_text + noisy_half_diagram[blur],44,9m,25 units,0,OK
second run,half_text + noisy_half_diagram[blur],45,70°,35_deg,0,OK
second run,half_text + noisy_half_diagram[blur],46,110°,70,0,OK
second run,half_text + noisy_half_diagram[blur],48,130°,50.00 degrees,0,OK_AFTER_JSON_REPAIR
second run,half_text + noisy_half_diagram[blur],49,100°,115 degrees,0,OK
second run,half_text + noisy_half_diagram[blur],50,140°,50 degrees,0,OK
second run,half_text + noisy_half_diagram[blur],53,55°,Q,0,OK
second run,half_text + noisy_half_diagram[blur],55,55°,70,0,OK
second run,half_text + noisy_half_diagram[blur],56,40°,20_deg,0,OK
second run,half_text + noisy_half_diagram[blur],57,20°,20 degrees,1,OK
second run,half_text + noisy_half_diagram[blur],58,55°,90_deg,0,OK
second run,half_text + noisy_half_diagram[blur],59,50°,80_deg,0,OK
second run,half_text + noisy_half_diagram[blur],60,45°,135_deg,0,OK
second run,half_text + noisy_half_diagram[blur],64,40cm,160.0,0,OK
second run,half_text + noisy_half_diagram[blur],72,8cm,16,0,OK
second run,half_text + noisy_half_diagram[blur],73,140°,70,0,OK
second run,half_text + noisy_half_diagram[blur],78,125°,90 degrees,0,OK_AFTER_JSON_REPAIR
second run,half_text + noisy_half_diagram[blur],79,16cm,Cannot be determined,0,OK
second run,half_text + noisy_half_diagram[blur],81,25°,90,0,OK
second run,half_text + noisy_half_diagram[blur],84,√{3},BC,0,OK
second run,half_text + noisy_half_diagram[blur],86,2√{3},BC,0,OK
second run,half_text + noisy_half_diagram[blur],88,128°,42_deg,0,OK
second run,half_text + noisy_half_diagram[blur],95,30°,90,0,OK
second run,half_text + noisy_half_diagram[blur],99,64°,26 degrees,0,OK
second run,half_text + noisy_half_diagram[blur],108,8m,5 units,0,OK
second run,half_text + noisy_half_diagram[blur],109,40°,130,0,OK
second run,half_text + noisy_half_diagram[blur],112,2.4,Unknown,0,OK
second run,half_text + noisy_half_diagram[blur],114,\frac{1}{2}cm^{2},0.2854,0,OK_AFTER_JSON_REPAIR
second run,half_text + noisy_half_diagram[blur],115,4πcm,120,0,OK
second run,half_text + noisy_half_diagram[blur],117,2√{2}cm,3,0,OK
second run,half_text + noisy_half_diagram[blur],119,240cm^{2},Cannot be determined.,0,OK
second run,half_text + noisy_half_diagram[blur],120,9πcm^{2},The bottom area is not specified in the provided triples.,0,OK
second run,half_text + noisy_half_diagram[blur],123,15π,Cannot be determined,0,OK
second run,half_text + noisy_half_diagram[blur],128,4cm,6,0,OK
second run,half_text + noisy_half_diagram[blur],132,10.2m,15.2,0,OK_AFTER_JSON_REPAIR
second run,half_text + noisy_half_diagram[blur],133,120m,80.0,0,OK
second run,half_text + noisy_half_diagram[blur],149,\frac{20}{3},10,0,OK
second run,half_text + noisy_half_diagram[blur],150,\frac{40}{7}m,7/3,0,OK
second run,half_text + noisy_half_diagram[blur],151,5.1,5,1,OK
second run,half_text + noisy_half_diagram[blur],152,4m,1.6,0,OK
second run,half_text + noisy_half_diagram[blur],153,1.5m,1.0,0,OK
second run,half_text + noisy_half_diagram[blur],157,\frac{3}{5},4/5,0,OK
second run,half_text + noisy_half_diagram[blur],165,\frac{√{3}}{2},1/sqrt(2),0,OK
second run,half_text + noisy_half_diagram[blur],198,60,169 * sqrt(3) / 4,0,OK_AFTER_JSON_REPAIR
second run,half_text + noisy_half_diagram[blur],207,157.1,1.2,0,OK
second run,half_text + noisy_half_diagram[blur],210,15,16,0,OK
second run,half_text + noisy_half_diagram[blur],211,38,83,0,OK
second run,half_text + noisy_half_diagram[blur],223,\sqrt{7},5,0,OK
second run,half_text + noisy_half_diagram[blur],239,8,4,0,OK
second run,half_text + noisy_half_diagram[blur],243,1591,110 miles,0,OK
second run,half_text + noisy_half_diagram[blur],257,15,AE,0,OK
second run,half_text + noisy_half_diagram[blur],264,60,10,0,OK
second run,half_text + noisy_half_diagram[blur],281,0.38,0.99,0,OK
second run,half_text + noisy_half_diagram[blur],327,11.8,10.7,0,OK
second run,half_text + noisy_half_diagram[blur],348,285,44,0,OK_AFTER_JSON_REPAIR
second run,half_text + noisy_half_diagram[blur],364,74.85,35.5,0,OK
second run,half_text + noisy_half_diagram[blur],365,23.9,10.3,0,OK
second run,half_text + noisy_half_diagram[blur],420,8,10,0,OK
second run,half_text + noisy_half_diagram[blur],432,8.246,3 * sqrt(5),0,OK_AFTER_JSON_REPAIR
second run,half_text + noisy_half_diagram[blur],438,\frac{(x+3)^2}{25}-\frac{(y+3)^2}{25}=1,The equation of the hyperbola is (x-2)^2 - (y+3)^2 = 1,0,OK
second run,half_text + noisy_half_diagram[blur],441,$\frac{4}{5}$,3/5,0,OK
second run,half_text + noisy_half_diagram[blur],447,$\frac{20}{29}$,Cannot be determined,0,OK
second run,half_text + noisy_half_diagram[blur],449,$\frac{1}{x}$,The value of sec θ at point P cannot be determined from the given triples.,0,OK
second run,half_text + noisy_half_diagram[blur],457,$(x-1)^{2}+(y-3)^{2}=36$,(x-1)^2 + (y-3)^2 = 5^2,0,OK
second run,half_text + noisy_half_diagram[blur],472,"(0,0)",O,0,OK
second run,half_text + noisy_half_diagram[illumination],1,140°,80 degrees,0,OK
second run,half_text + noisy_half_diagram[illumination],2,65°,50 degrees,0,OK
second run,half_text + noisy_half_diagram[illumination],3,55°,70,0,OK
second run,half_text + noisy_half_diagram[illumination],4,27°,36 degrees,0,OK
second run,half_text + noisy_half_diagram[illumination],7,45°,35_deg,0,OK
second run,half_text + noisy_half_diagram[illumination],8,3cm,7 units,0,OK
second run,half_text + noisy_half_diagram[illumination],9,6cm,12,0,OK_AFTER_JSON_REPAIR
second run,half_text + noisy_half_diagram[illumination],10,72°,36_deg,0,OK
second run,half_text + noisy_half_diagram[illumination],11,84°,36 degrees,0,OK
second run,half_text + noisy_half_diagram[illumination],14,55°,35_deg,0,OK
second run,half_text + noisy_half_diagram[illumination],16,25°,50,0,OK
second run,half_text + noisy_half_diagram[illumination],17,65°,42 degrees,0,OK
second run,half_text + noisy_half_diagram[illumination],20,20°,140 degrees,0,OK
second run,half_text + noisy_half_diagram[illumination],22,62°,28 degrees,0,OK
second run,half_text + noisy_half_diagram[illumination],25,65°,65 degrees,1,OK
second run,half_text + noisy_half_diagram[illumination],26,12,22.0,0,OK
second run,half_text + noisy_half_diagram[illumination],29,115°,50,0,OK
second run,half_text + noisy_half_diagram[illumination],30,60°,30_deg,0,OK
second run,half_text + noisy_half_diagram[illumination],32,76°,52_deg,0,OK
second run,half_text + noisy_half_diagram[illumination],34,80°,100 degrees,0,OK
second run,half_text + noisy_half_diagram[illumination],36,20°,50 degrees,0,OK
second run,half_text + noisy_half_diagram[illumination],37,25°,50 degrees,0,OK
second run,half_text + noisy_half_diagram[illumination],38,40°,70_deg,0,OK
second run,half_text + noisy_half_diagram[illumination],40,50°,50 degrees,1,OK
second run,half_text + noisy_half_diagram[illumination],43,40°,100_deg,0,OK
second run,half_text + noisy_half_diagram[illumination],44,9m,1.5,0,OK
second run,half_text + noisy_half_diagram[illumination],45,70°,35 degrees,0,OK
second run,half_text + noisy_half_diagram[illumination],46,110°,70_deg,0,OK
second run,half_text + noisy_half_diagram[illumination],48,130°,100,0,OK
second run,half_text + noisy_half_diagram[illumination],49,100°,115 degrees,0,OK
second run,half_text + noisy_half_diagram[illumination],50,140°,50_deg,0,OK
second run,half_text + noisy_half_diagram[illumination],53,55°,BFD,0,OK
second run,half_text + noisy_half_diagram[illumination],55,55°,70,0,OK
second run,half_text + noisy_half_diagram[illumination],56,40°,20_deg,0,OK
second run,half_text + noisy_half_diagram[illumination],57,20°,30_deg,0,OK
second run,half_text + noisy_half_diagram[illumination],58,55°,90_deg,0,OK_AFTER_JSON_REPAIR
second run,half_text + noisy_half_diagram[illumination],59,50°,80 degrees,0,OK
second run,half_text + noisy_half_diagram[illumination],60,45°,135_deg,0,OK
second run,half_text + noisy_half_diagram[illumination],64,40cm,160.0,0,OK
second run,half_text + noisy_half_diagram[illumination],72,8cm,16,0,OK
second run,half_text + noisy_half_diagram[illumination],73,140°,70 degrees,0,OK
second run,half_text + noisy_half_diagram[illumination],78,125°,90 degrees,0,OK_AFTER_JSON_REPAIR
second run,half_text + noisy_half_diagram[illumination],79,16cm,0,0,OK
second run,half_text + noisy_half_diagram[illumination],81,25°,90_deg,0,OK
second run,half_text + noisy_half_diagram[illumination],84,√{3},BC,0,OK
second run,half_text + noisy_half_diagram[illumination],86,2√{3},BC,0,OK
second run,half_text + noisy_half_diagram[illumination],88,128°,42_deg,0,OK
second run,half_text + noisy_half_diagram[illumination],95,30°,90 degrees,0,OK
second run,half_text + noisy_half_diagram[illumination],99,64°,26 degrees,0,OK
second run,half_text + noisy_half_diagram[illumination],108,8m,5,0,OK
second run,half_text + noisy_half_diagram[illumination],109,40°,30,0,OK
second run,half_text + noisy_half_diagram[illumination],112,2.4,Unknown,0,OK
second run,half_text + noisy_half_diagram[illumination],114,\frac{1}{2}cm^{2},0.7854,0,OK_AFTER_JSON_REPAIR
second run,half_text + noisy_half_diagram[illumination],115,4πcm,120,0,OK
second run,half_text + noisy_half_diagram[illumination],117,2√{2}cm,3,0,OK
second run,half_text + noisy_half_diagram[illumination],119,240cm^{2},The area cannot be determined from the given triples.,0,OK
second run,half_text + noisy_half_diagram[illumination],120,9πcm^{2},5.0,0,OK
second run,half_text + noisy_half_diagram[illumination],123,15π,15π,1,OK_AFTER_JSON_REPAIR
second run,half_text + noisy_half_diagram[illumination],128,4cm,6,0,OK
second run,half_text + noisy_half_diagram[illumination],132,10.2m,2.0,0,OK_AFTER_JSON_REPAIR
second run,half_text + noisy_half_diagram[illumination],133,120m,80.0,0,OK
second run,half_text + noisy_half_diagram[illumination],149,\frac{20}{3},10,0,OK
second run,half_text + noisy_half_diagram[illumination],150,\frac{40}{7}m,7/3,0,OK_AFTER_JSON_REPAIR
second run,half_text + noisy_half_diagram[illumination],151,5.1,5_units,0,OK
second run,half_text + noisy_half_diagram[illumination],152,4m,2.1,0,OK
second run,half_text + noisy_half_diagram[illumination],153,1.5m,2.0,0,OK
second run,half_text + noisy_half_diagram[illumination],157,\frac{3}{5},4/5,0,OK
second run,half_text + noisy_half_diagram[illumination],165,\frac{√{3}}{2},Cannot be determined,0,OK
second run,half_text + noisy_half_diagram[illumination],198,60,26,0,OK
second run,half_text + noisy_half_diagram[illumination],207,157.1,78.5,0,OK
second run,half_text + noisy_half_diagram[illumination],210,15,5,0,OK
second run,half_text + noisy_half_diagram[illumination],211,38,83,0,OK
second run,half_text + noisy_half_diagram[illumination],223,\sqrt{7},5,0,OK
second run,half_text + noisy_half_diagram[illumination],239,8,16,0,OK
second run,half_text + noisy_half_diagram[illumination],243,1591,Unknown,0,OK
second run,half_text + noisy_half_diagram[illumination],257,15,17,0,OK
second run,half_text + noisy_half_diagram[illumination],264,60,10x,0,OK
second run,half_text + noisy_half_diagram[illumination],281,0.38,0.92,0,OK
second run,half_text + noisy_half_diagram[illumination],327,11.8,30.0,0,OK
second run,half_text + noisy_half_diagram[illumination],348,285,44,0,OK
second run,half_text + noisy_half_diagram[illumination],364,74.85,35.50,0,OK
second run,half_text + noisy_half_diagram[illumination],365,23.9,10.0,0,OK
second run,half_text + noisy_half_diagram[illumination],420,8,x,0,OK
second run,half_text + noisy_half_diagram[illumination],432,8.246,5,0,OK
second run,half_text + noisy_half_diagram[illumination],438,\frac{(x+3)^2}{25}-\frac{(y+3)^2}{25}=1,The equation of the hyperbola is not provided in the given triples.,0,OK
second run,half_text + noisy_half_diagram[illumination],441,$\frac{4}{5}$,undefined,0,OK
second run,half_text + noisy_half_diagram[illumination],447,$\frac{20}{29}$,undefined,0,OK
second run,half_text + noisy_half_diagram[illumination],449,$\frac{1}{x}$,2,0,OK_AFTER_JSON_REPAIR
second run,half_text + noisy_half_diagram[illumination],457,$(x-1)^{2}+(y-3)^{2}=36$,x^2 + y^2 = 0,0,OK
second run,half_text + noisy_half_diagram[illumination],472,"(0,0)",O,0,OK
second run,half_text + noisy_half_diagram[irr_objects],1,140°,80 degrees,0,OK
second run,half_text + noisy_half_diagram[irr_objects],2,65°,50_deg,0,OK
second run,half_text + noisy_half_diagram[irr_objects],3,55°,70,0,OK
second run,half_text + noisy_half_diagram[irr_objects],4,27°,36_deg,0,OK
second run,half_text + noisy_half_diagram[irr_objects],7,45°,35,0,OK
second run,half_text + noisy_half_diagram[irr_objects],8,3cm,5 units,0,OK
second run,half_text + noisy_half_diagram[irr_objects],9,6cm,12,0,OK_AFTER_JSON_REPAIR
second run,half_text + noisy_half_diagram[irr_objects],10,72°,36_deg,0,OK
second run,half_text + noisy_half_diagram[irr_objects],11,84°,72,0,OK
second run,half_text + noisy_half_diagram[irr_objects],14,55°,30 degrees,0,OK
second run,half_text + noisy_half_diagram[irr_objects],16,25°,50,0,OK
second run,half_text + noisy_half_diagram[irr_objects],17,65°,23 degrees,0,OK
second run,half_text + noisy_half_diagram[irr_objects],20,20°,140 degrees,0,OK
second run,half_text + noisy_half_diagram[irr_objects],22,62°,28 degrees,0,OK
second run,half_text + noisy_half_diagram[irr_objects],25,65°,50 degrees,0,OK
second run,half_text + noisy_half_diagram[irr_objects],26,12,22.0,0,OK
second run,half_text + noisy_half_diagram[irr_objects],29,115°,50,0,OK
second run,half_text + noisy_half_diagram[irr_objects],30,60°,30_deg,0,OK
second run,half_text + noisy_half_diagram[irr_objects],32,76°,52,0,OK
second run,half_text + noisy_half_diagram[irr_objects],34,80°,100 degrees,0,OK
second run,half_text + noisy_half_diagram[irr_objects],36,20°,0,0,OK
second run,half_text + noisy_half_diagram[irr_objects],37,25°,50 degrees,0,OK
second run,half_text + noisy_half_diagram[irr_objects],38,40°,70_deg,0,OK
second run,half_text + noisy_half_diagram[irr_objects],40,50°,50_deg,1,OK
second run,half_text + noisy_half_diagram[irr_objects],43,40°,150 degrees,0,OK_AFTER_JSON_REPAIR
second run,half_text + noisy_half_diagram[irr_objects],44,9m,30_units,0,OK
second run,half_text + noisy_half_diagram[irr_objects],45,70°,35_deg,0,OK
second run,half_text + noisy_half_diagram[irr_objects],46,110°,70,0,OK
second run,half_text + noisy_half_diagram[irr_objects],48,130°,Unknown,0,OK
second run,half_text + noisy_half_diagram[irr_objects],49,100°,115 degrees,0,OK
second run,half_text + noisy_half_diagram[irr_objects],50,140°,50 degrees,0,OK
second run,half_text + noisy_half_diagram[irr_objects],53,55°,BFD,0,OK
second run,half_text + noisy_half_diagram[irr_objects],55,55°,70,0,OK
second run,half_text + noisy_half_diagram[irr_objects],56,40°,20_deg,0,OK
second run,half_text + noisy_half_diagram[irr_objects],57,20°,20 degrees,1,OK
second run,half_text + noisy_half_diagram[irr_objects],58,55°,35,0,OK
second run,half_text + noisy_half_diagram[irr_objects],59,50°,80,0,OK
second run,half_text + noisy_half_diagram[irr_objects],60,45°,135_deg,0,OK
second run,half_text + noisy_half_diagram[irr_objects],64,40cm,160.0,0,OK
second run,half_text + noisy_half_diagram[irr_objects],72,8cm,16,0,OK
second run,half_text + noisy_half_diagram[irr_objects],73,140°,70 degrees,0,OK
second run,half_text + noisy_half_diagram[irr_objects],78,125°,The measure of angle AED cannot be determined from the given information.,0,OK
second run,half_text + noisy_half_diagram[irr_objects],79,16cm,Cannot be determined,0,OK
second run,half_text + noisy_half_diagram[irr_objects],81,25°,30,0,OK
second run,half_text + noisy_half_diagram[irr_objects],84,√{3},Cannot be determined,0,OK
second run,half_text + noisy_half_diagram[irr_objects],86,2√{3},Cannot be determined,0,OK
second run,half_text + noisy_half_diagram[irr_objects],88,128°,42 degrees,0,OK_AFTER_JSON_REPAIR
second run,half_text + noisy_half_diagram[irr_objects],95,30°,90_deg,0,OK
second run,half_text + noisy_half_diagram[irr_objects],99,64°,90 degrees,0,OK
second run,half_text + noisy_half_diagram[irr_objects],108,8m,8.0,1,OK
second run,half_text + noisy_half_diagram[irr_objects],109,40°,130,0,OK
second run,half_text + noisy_half_diagram[irr_objects],112,2.4,2.5,0,OK
second run,half_text + noisy_half_diagram[irr_objects],114,\frac{1}{2}cm^{2},0.25π,0,OK_AFTER_JSON_REPAIR
second run,half_text + noisy_half_diagram[irr_objects],115,4πcm,12,0,OK_AFTER_JSON_REPAIR
second run,half_text + noisy_half_diagram[irr_objects],117,2√{2}cm,3 units,0,OK
second run,half_text + noisy_half_diagram[irr_objects],119,240cm^{2},The area of the sector cardboard cannot be determined from the given information.,0,OK
second run,half_text + noisy_half_diagram[irr_objects],120,9πcm^{2},20.0,0,OK
second run,half_text + noisy_half_diagram[irr_objects],123,15π,15π,1,OK_AFTER_JSON_REPAIR
second run,half_text + noisy_half_diagram[irr_objects],128,4cm,5,0,OK
second run,half_text + noisy_half_diagram[irr_objects],132,10.2m,3.6,0,OK
second run,half_text + noisy_half_diagram[irr_objects],133,120m,80.0,0,OK
second run,half_text + noisy_half_diagram[irr_objects],149,\frac{20}{3},3.0,0,OK
second run,half_text + noisy_half_diagram[irr_objects],150,\frac{40}{7}m,7/3,0,OK_AFTER_JSON_REPAIR
second run,half_text + noisy_half_diagram[irr_objects],151,5.1,5 units,1,OK
second run,half_text + noisy_half_diagram[irr_objects],152,4m,3.0,0,OK
second run,half_text + noisy_half_diagram[irr_objects],153,1.5m,1.8,0,OK
second run,half_text + noisy_half_diagram[irr_objects],157,\frac{3}{5},0,0,OK_AFTER_JSON_REPAIR
second run,half_text + noisy_half_diagram[irr_objects],165,\frac{√{3}}{2},1/sqrt(2),0,OK_AFTER_JSON_REPAIR
second run,half_text + noisy_half_diagram[irr_objects],198,60,666.5,0,OK
second run,half_text + noisy_half_diagram[irr_objects],207,157.1,0,0,OK_AFTER_JSON_REPAIR
second run,half_text + noisy_half_diagram[irr_objects],210,15,16,0,OK
second run,half_text + noisy_half_diagram[irr_objects],211,38,83,0,OK
second run,half_text + noisy_half_diagram[irr_objects],223,\sqrt{7},5,0,OK
second run,half_text + noisy_half_diagram[irr_objects],239,8,4,0,OK
second run,half_text + noisy_half_diagram[irr_objects],243,1591,Cannot be determined from the provided triples.,0,OK
second run,half_text + noisy_half_diagram[irr_objects],257,15,5,0,OK
second run,half_text + noisy_half_diagram[irr_objects],264,60,10x + 2N,0,OK
second run,half_text + noisy_half_diagram[irr_objects],281,0.38,0.69,0,OK
second run,half_text + noisy_half_diagram[irr_objects],327,11.8,10.7,0,OK
second run,half_text + noisy_half_diagram[irr_objects],348,285,44,0,OK
second run,half_text + noisy_half_diagram[irr_objects],364,74.85,35.5,0,OK
second run,half_text + noisy_half_diagram[irr_objects],365,23.9,30.0,0,OK
second run,half_text + noisy_half_diagram[irr_objects],420,8,16,0,OK_AFTER_JSON_REPAIR
second run,half_text + noisy_half_diagram[irr_objects],432,8.246,5,0,OK
second run,half_text + noisy_half_diagram[irr_objects],438,\frac{(x+3)^2}{25}-\frac{(y+3)^2}{25}=1,Cannot be determined.,0,OK
second run,half_text + noisy_half_diagram[irr_objects],441,$\frac{4}{5}$,3/5,0,OK
second run,half_text + noisy_half_diagram[irr_objects],447,$\frac{20}{29}$,Insufficient information,0,OK
second run,half_text + noisy_half_diagram[irr_objects],449,$\frac{1}{x}$,1,0,OK
second run,half_text + noisy_half_diagram[irr_objects],457,$(x-1)^{2}+(y-3)^{2}=36$,The equation of the circle is (x-5)^2 + (y-5)^2 = 3^2,0,OK
second run,half_text + noisy_half_diagram[irr_objects],472,"(0,0)",O,0,OK
second run,half_text + noisy_half_diagram[pixel_noise],1,140°,80 degrees,0,OK
second run,half_text + noisy_half_diagram[pixel_noise],2,65°,50 degrees,0,OK
second run,half_text + noisy_half_diagram[pixel_noise],3,55°,70 degrees,0,OK
second run,half_text + noisy_half_diagram[pixel_noise],4,27°,36 degrees,0,OK
second run,half_text + noisy_half_diagram[pixel_noise],7,45°,35 degrees,0,OK
second run,half_text + noisy_half_diagram[pixel_noise],8,3cm,7.0,0,OK
second run,half_text + noisy_half_diagram[pixel_noise],9,6cm,Insufficient information,0,OK_AFTER_JSON_REPAIR
second run,half_text + noisy_half_diagram[pixel_noise],10,72°,36 degrees,0,OK
second run,half_text + noisy_half_diagram[pixel_noise],11,84°,36_deg,0,OK
second run,half_text + noisy_half_diagram[pixel_noise],14,55°,35,0,OK
second run,half_text + noisy_half_diagram[pixel_noise],16,25°,50,0,OK
second run,half_text + noisy_half_diagram[pixel_noise],17,65°,42_deg,0,OK
second run,half_text + noisy_half_diagram[pixel_noise],20,20°,40,0,OK_AFTER_JSON_REPAIR
second run,half_text + noisy_half_diagram[pixel_noise],22,62°,28_deg,0,OK
second run,half_text + noisy_half_diagram[pixel_noise],25,65°,50_deg,0,OK
second run,half_text + noisy_half_diagram[pixel_noise],26,12,8 m,0,OK
second run,half_text + noisy_half_diagram[pixel_noise],29,115°,50 degrees,0,OK
second run,half_text + noisy_half_diagram[pixel_noise],30,60°,30_deg,0,OK
second run,half_text + noisy_half_diagram[pixel_noise],32,76°,52,0,OK
second run,half_text + noisy_half_diagram[pixel_noise],34,80°,100 degrees,0,OK
second run,half_text + noisy_half_diagram[pixel_noise],36,20°,50,0,OK
second run,half_text + noisy_half_diagram[pixel_noise],37,25°,50 degrees,0,OK
second run,half_text + noisy_half_diagram[pixel_noise],38,40°,70 degrees,0,OK
second run,half_text + noisy_half_diagram[pixel_noise],40,50°,50_deg,1,OK
second run,half_text + noisy_half_diagram[pixel_noise],43,40°,100_deg,0,OK
second run,half_text + noisy_half_diagram[pixel_noise],44,9m,30_units,0,OK
second run,half_text + noisy_half_diagram[pixel_noise],45,70°,35_deg,0,OK
second run,half_text + noisy_half_diagram[pixel_noise],46,110°,70 degrees,0,OK
second run,half_text + noisy_half_diagram[pixel_noise],48,130°,0,0,OK_AFTER_JSON_REPAIR
second run,half_text + noisy_half_diagram[pixel_noise],49,100°,30_deg,0,OK
second run,half_text + noisy_half_diagram[pixel_noise],50,140°,50 degrees,0,OK
second run,half_text + noisy_half_diagram[pixel_noise],53,55°,BFD,0,OK
second run,half_text + noisy_half_diagram[pixel_noise],55,55°,70,0,OK
second run,half_text + noisy_half_diagram[pixel_noise],56,40°,20_deg,0,OK
second run,half_text + noisy_half_diagram[pixel_noise],57,20°,20 degrees,1,OK
second run,half_text + noisy_half_diagram[pixel_noise],58,55°,35_deg,0,OK
second run,half_text + noisy_half_diagram[pixel_noise],59,50°,80 degrees,0,OK
second run,half_text + noisy_half_diagram[pixel_noise],60,45°,135_deg,0,OK
second run,half_text + noisy_half_diagram[pixel_noise],64,40cm,200,0,OK
second run,half_text + noisy_half_diagram[pixel_noise],72,8cm,16,0,OK
second run,half_text + noisy_half_diagram[pixel_noise],73,140°,70_deg,0,OK
second run,half_text + noisy_half_diagram[pixel_noise],78,125°,90 degrees,0,OK_AFTER_JSON_REPAIR
second run,half_text + noisy_half_diagram[pixel_noise],79,16cm,32,0,OK
second run,half_text + noisy_half_diagram[pixel_noise],81,25°,30_deg,0,OK
second run,half_text + noisy_half_diagram[pixel_noise],84,√{3},BC,0,OK
second run,half_text + noisy_half_diagram[pixel_noise],86,2√{3},Cannot be determined,0,OK
second run,half_text + noisy_half_diagram[pixel_noise],88,128°,42_deg,0,OK
second run,half_text + noisy_half_diagram[pixel_noise],95,30°,60_deg,0,OK
second run,half_text + noisy_half_diagram[pixel_noise],99,64°,26 degrees,0,OK
second run,half_text + noisy_half_diagram[pixel_noise],108,8m,8.0,1,OK
second run,half_text + noisy_half_diagram[pixel_noise],109,40°,130 degrees,0,OK
second run,half_text + noisy_half_diagram[pixel_noise],112,2.4,2.5,0,OK
second run,half_text + noisy_half_diagram[pixel_noise],114,\frac{1}{2}cm^{2},0.785,0,OK
second run,half_text + noisy_half_diagram[pixel_noise],115,4πcm,4 * pi,0,OK_AFTER_JSON_REPAIR
second run,half_text + noisy_half_diagram[pixel_noise],117,2√{2}cm,3,0,OK
second run,half_text + noisy_half_diagram[pixel_noise],119,240cm^{2},10 units,0,OK
second run,half_text + noisy_half_diagram[pixel_noise],120,9πcm^{2},6.25,0,OK_AFTER_JSON_REPAIR
second run,half_text + noisy_half_diagram[pixel_noise],123,15π,Cannot be determined,0,OK
second run,half_text + noisy_half_diagram[pixel_noise],128,4cm,6,0,OK
second run,half_text + noisy_half_diagram[pixel_noise],132,10.2m,13.2,0,OK
second run,half_text + noisy_half_diagram[pixel_noise],133,120m,80.0,0,OK
second run,half_text + noisy_half_diagram[pixel_noise],149,\frac{20}{3},10.0,0,OK
second run,half_text + noisy_half_diagram[pixel_noise],150,\frac{40}{7}m,7/3,0,OK
second run,half_text + noisy_half_diagram[pixel_noise],151,5.1,5 units,1,OK
second run,half_text + noisy_half_diagram[pixel_noise],152,4m,2.1,0,OK
second run,half_text + noisy_half_diagram[pixel_noise],153,1.5m,1.8,0,OK
second run,half_text + noisy_half_diagram[pixel_noise],157,\frac{3}{5},4/5,0,OK
second run,half_text + noisy_half_diagram[pixel_noise],165,\frac{√{3}}{2},1/2,0,OK_AFTER_JSON_REPAIR
second run,half_text + noisy_half_diagram[pixel_noise],198,60,72.83,0,OK_AFTER_JSON_REPAIR
second run,half_text + noisy_half_diagram[pixel_noise],207,157.1,2.356,0,OK_AFTER_JSON_REPAIR
second run,half_text + noisy_half_diagram[pixel_noise],210,15,16,0,OK
second run,half_text + noisy_half_diagram[pixel_noise],211,38,38,1,OK
second run,half_text + noisy_half_diagram[pixel_noise],223,\sqrt{7},5,0,OK
second run,half_text + noisy_half_diagram[pixel_noise],239,8,4,0,OK
second run,half_text + noisy_half_diagram[pixel_noise],243,1591,183.8 miles,0,OK
second run,half_text + noisy_half_diagram[pixel_noise],257,15,12,0,OK
second run,half_text + noisy_half_diagram[pixel_noise],264,60,90,0,OK
second run,half_text + noisy_half_diagram[pixel_noise],281,0.38,0.99,0,OK
second run,half_text + noisy_half_diagram[pixel_noise],327,11.8,10.7,0,OK
second run,half_text + noisy_half_diagram[pixel_noise],348,285,40,0,OK
second run,half_text + noisy_half_diagram[pixel_noise],364,74.85,35.5,0,OK
second run,half_text + noisy_half_diagram[pixel_noise],365,23.9,90.0,0,OK
second run,half_text + noisy_half_diagram[pixel_noise],420,8,16 cm,0,OK
second run,half_text + noisy_half_diagram[pixel_noise],432,8.246,5,0,OK
second run,half_text + noisy_half_diagram[pixel_noise],438,\frac{(x+3)^2}{25}-\frac{(y+3)^2}{25}=1,Cannot determine the equation of the hyperbola with the given information.,0,OK
second run,half_text + noisy_half_diagram[pixel_noise],441,$\frac{4}{5}$,3/5,0,OK
second run,half_text + noisy_half_diagram[pixel_noise],447,$\frac{20}{29}$,Cannot be determined,0,OK
second run,half_text + noisy_half_diagram[pixel_noise],449,$\frac{1}{x}$,1,0,OK
second run,half_text + noisy_half_diagram[pixel_noise],457,$(x-1)^{2}+(y-3)^{2}=36$,x² + y² = 25,0,OK
second run,half_text + noisy_half_diagram[pixel_noise],472,"(0,0)",B,0,OK
second run,noisy_half_text[numeric] + half_diagram,1,140°,60_deg,0,OK
second run,noisy_half_text[numeric] + half_diagram,2,65°,The measure of angle EGF is unknown.,0,OK
second run,noisy_half_text[numeric] + half_diagram,3,55°,70,0,OK
second run,noisy_half_text[numeric] + half_diagram,4,27°,36 degrees,0,OK
second run,noisy_half_text[numeric] + half_diagram,7,45°,70 degrees,0,OK
second run,noisy_half_text[numeric] + half_diagram,8,3cm,7,0,OK
second run,noisy_half_text[numeric] + half_diagram,9,6cm,12.0,0,OK_AFTER_JSON_REPAIR
second run,noisy_half_text[numeric] + half_diagram,10,72°,36_deg,0,OK
second run,noisy_half_text[numeric] + half_diagram,11,84°,36,0,OK
second run,noisy_half_text[numeric] + half_diagram,14,55°,35 degrees,0,OK
second run,noisy_half_text[numeric] + half_diagram,16,25°,30 degrees,0,OK
second run,noisy_half_text[numeric] + half_diagram,17,65°,65_deg,1,OK
second run,noisy_half_text[numeric] + half_diagram,20,20°,140 degrees,0,OK
second run,noisy_half_text[numeric] + half_diagram,22,62°,28 degrees,0,OK
second run,noisy_half_text[numeric] + half_diagram,25,65°,50,0,OK
second run,noisy_half_text[numeric] + half_diagram,26,12,22.0_m,0,OK
second run,noisy_half_text[numeric] + half_diagram,29,115°,50_deg,0,OK
second run,noisy_half_text[numeric] + half_diagram,30,60°,30_deg,0,OK
second run,noisy_half_text[numeric] + half_diagram,32,76°,52_deg,0,OK
second run,noisy_half_text[numeric] + half_diagram,34,80°,100 degrees,0,OK
second run,noisy_half_text[numeric] + half_diagram,36,20°,0,0,OK
second run,noisy_half_text[numeric] + half_diagram,37,25°,50 degrees,0,OK
second run,noisy_half_text[numeric] + half_diagram,38,40°,70 degrees,0,OK
second run,noisy_half_text[numeric] + half_diagram,40,50°,50 degrees,1,OK
second run,noisy_half_text[numeric] + half_diagram,43,40°,30_deg,0,OK
second run,noisy_half_text[numeric] + half_diagram,44,9m,30.0,0,OK
second run,noisy_half_text[numeric] + half_diagram,45,70°,35_deg,0,OK
second run,noisy_half_text[numeric] + half_diagram,46,110°,70,0,OK
second run,noisy_half_text[numeric] + half_diagram,48,130°,100,0,OK
second run,noisy_half_text[numeric] + half_diagram,49,100°,115 degrees,0,OK
second run,noisy_half_text[numeric] + half_diagram,50,140°,50 degrees,0,OK
second run,noisy_half_text[numeric] + half_diagram,53,55°,BFD,0,OK
second run,noisy_half_text[numeric] + half_diagram,55,55°,70,0,OK
second run,noisy_half_text[numeric] + half_diagram,56,40°,20 degrees,0,OK
second run,noisy_half_text[numeric] + half_diagram,57,20°,20 degrees,1,OK
second run,noisy_half_text[numeric] + half_diagram,58,55°,35,0,OK
second run,noisy_half_text[numeric] + half_diagram,59,50°,80 degrees,0,OK
second run,noisy_half_text[numeric] + half_diagram,60,45°,135_deg,0,OK
second run,noisy_half_text[numeric] + half_diagram,64,40cm,160.0,0,OK
second run,noisy_half_text[numeric] + half_diagram,72,8cm,8,1,OK_AFTER_JSON_REPAIR
second run,noisy_half_text[numeric] + half_diagram,73,140°,70 degrees,0,OK
second run,noisy_half_text[numeric] + half_diagram,78,125°,0,0,OK
second run,noisy_half_text[numeric] + half_diagram,79,16cm,Cannot be determined,0,OK
second run,noisy_half_text[numeric] + half_diagram,81,25°,45,0,OK_AFTER_JSON_REPAIR
second run,noisy_half_text[numeric] + half_diagram,84,√{3},BC,0,OK
second run,noisy_half_text[numeric] + half_diagram,86,2√{3},BC,0,OK
second run,noisy_half_text[numeric] + half_diagram,88,128°,22_deg,0,OK
second run,noisy_half_text[numeric] + half_diagram,95,30°,90_deg,0,OK
second run,noisy_half_text[numeric] + half_diagram,99,64°,26 degrees,0,OK
second run,noisy_half_text[numeric] + half_diagram,108,8m,5,0,OK
second run,noisy_half_text[numeric] + half_diagram,109,40°,130 degrees,0,OK
second run,noisy_half_text[numeric] + half_diagram,112,2.4,Unknown,0,OK
second run,noisy_half_text[numeric] + half_diagram,114,\frac{1}{2}cm^{2},1.5,0,OK
second run,noisy_half_text[numeric] + half_diagram,115,4πcm,120,0,OK
second run,noisy_half_text[numeric] + half_diagram,117,2√{2}cm,3,0,OK
second run,noisy_half_text[numeric] + half_diagram,119,240cm^{2},10 units,0,OK
second run,noisy_half_text[numeric] + half_diagram,120,9πcm^{2},5.0,0,OK
second run,noisy_half_text[numeric] + half_diagram,123,15π,Cannot be determined,0,OK
second run,noisy_half_text[numeric] + half_diagram,128,4cm,6,0,OK
second run,noisy_half_text[numeric] + half_diagram,132,10.2m,12,0,OK
second run,noisy_half_text[numeric] + half_diagram,133,120m,80.0,0,OK
second run,noisy_half_text[numeric] + half_diagram,149,\frac{20}{3},10 units,0,OK
second run,noisy_half_text[numeric] + half_diagram,150,\frac{40}{7}m,7/3,0,OK
second run,noisy_half_text[numeric] + half_diagram,151,5.1,1.7,0,OK
second run,noisy_half_text[numeric] + half_diagram,152,4m,1.4,0,OK
second run,noisy_half_text[numeric] + half_diagram,153,1.5m,1.8,0,OK
second run,noisy_half_text[numeric] + half_diagram,157,\frac{3}{5},0.866,0,OK
second run,noisy_half_text[numeric] + half_diagram,165,\frac{√{3}}{2},1/sqrt(2),0,OK
second run,noisy_half_text[numeric] + half_diagram,198,60,Cannot be determined,0,OK
second run,noisy_half_text[numeric] + half_diagram,207,157.1,0.0,0,OK
second run,noisy_half_text[numeric] + half_diagram,210,15,16,0,OK
second run,noisy_half_text[numeric] + half_diagram,211,38,38,1,OK
second run,noisy_half_text[numeric] + half_diagram,223,\sqrt{7},5,0,OK
second run,noisy_half_text[numeric] + half_diagram,239,8,20,0,OK_AFTER_JSON_REPAIR
second run,noisy_half_text[numeric] + half_diagram,243,1591,73.8 miles,0,OK
second run,noisy_half_text[numeric] + half_diagram,257,15,5,0,OK
second run,noisy_half_text[numeric] + half_diagram,264,60,2 degrees,0,OK
second run,noisy_half_text[numeric] + half_diagram,281,0.38,0.38,1,OK_AFTER_JSON_REPAIR
second run,noisy_half_text[numeric] + half_diagram,327,11.8,30.5,0,OK
second run,noisy_half_text[numeric] + half_diagram,348,285,44,0,OK
second run,noisy_half_text[numeric] + half_diagram,364,74.85,35.50,0,OK
second run,noisy_half_text[numeric] + half_diagram,365,23.9,23.4,0,OK
second run,noisy_half_text[numeric] + half_diagram,420,8,10,0,OK
second run,noisy_half_text[numeric] + half_diagram,432,8.246,5,0,OK
second run,noisy_half_text[numeric] + half_diagram,438,\frac{(x+3)^2}{25}-\frac{(y+3)^2}{25}=1,x-axis,0,OK
second run,noisy_half_text[numeric] + half_diagram,441,$\frac{4}{5}$,sin(a) = 0.5,0,OK
second run,noisy_half_text[numeric] + half_diagram,447,$\frac{20}{29}$,Insufficient information,0,OK
second run,noisy_half_text[numeric] + half_diagram,449,$\frac{1}{x}$,1,0,OK
second run,noisy_half_text[numeric] + half_diagram,457,$(x-1)^{2}+(y-3)^{2}=36$,x^2 + y^2 = 25,0,OK
second run,noisy_half_text[numeric] + half_diagram,472,"(0,0)",O,0,OK
second run,noisy_half_text[punctuation] + half_diagram,1,140°,60 degrees,0,OK_AFTER_JSON_REPAIR
second run,noisy_half_text[punctuation] + half_diagram,2,65°,50_deg,0,OK
second run,noisy_half_text[punctuation] + half_diagram,3,55°,70 degrees,0,OK
second run,noisy_half_text[punctuation] + half_diagram,4,27°,36 degrees,0,OK
second run,noisy_half_text[punctuation] + half_diagram,7,45°,35,0,OK
second run,noisy_half_text[punctuation] + half_diagram,8,3cm,7.0,0,OK
second run,noisy_half_text[punctuation] + half_diagram,9,6cm,12,0,OK_AFTER_JSON_REPAIR
second run,noisy_half_text[punctuation] + half_diagram,10,72°,36_deg,0,OK
second run,noisy_half_text[punctuation] + half_diagram,11,84°,36 degrees,0,OK
second run,noisy_half_text[punctuation] + half_diagram,14,55°,35_deg,0,OK
second run,noisy_half_text[punctuation] + half_diagram,16,25°,50,0,OK
second run,noisy_half_text[punctuation] + half_diagram,17,65°,42_deg,0,OK
second run,noisy_half_text[punctuation] + half_diagram,20,20°,70,0,OK
second run,noisy_half_text[punctuation] + half_diagram,22,62°,28 degrees,0,OK
second run,noisy_half_text[punctuation] + half_diagram,25,65°,50,0,OK
second run,noisy_half_text[punctuation] + half_diagram,26,12,22.0_m,0,OK
second run,noisy_half_text[punctuation] + half_diagram,29,115°,50 degrees,0,OK
second run,noisy_half_text[punctuation] + half_diagram,30,60°,30_deg,0,OK
second run,noisy_half_text[punctuation] + half_diagram,32,76°,52,0,OK
second run,noisy_half_text[punctuation] + half_diagram,34,80°,100 degrees,0,OK
second run,noisy_half_text[punctuation] + half_diagram,36,20°,BAC,0,OK
second run,noisy_half_text[punctuation] + half_diagram,37,25°,50 degrees,0,OK
second run,noisy_half_text[punctuation] + half_diagram,38,40°,70_deg,0,OK
second run,noisy_half_text[punctuation] + half_diagram,40,50°,50_deg,1,OK
second run,noisy_half_text[punctuation] + half_diagram,43,40°,50 degrees,0,OK_AFTER_JSON_REPAIR
second run,noisy_half_text[punctuation] + half_diagram,44,9m,30.0,0,OK
second run,noisy_half_text[punctuation] + half_diagram,45,70°,35_deg,0,OK
second run,noisy_half_text[punctuation] + half_diagram,46,110°,70,0,OK
second run,noisy_half_text[punctuation] + half_diagram,48,130°,50,0,OK
second run,noisy_half_text[punctuation] + half_diagram,49,100°,115 degrees,0,OK
second run,noisy_half_text[punctuation] + half_diagram,50,140°,50 degrees,0,OK
second run,noisy_half_text[punctuation] + half_diagram,53,55°,BFD,0,OK
second run,noisy_half_text[punctuation] + half_diagram,55,55°,70,0,OK
second run,noisy_half_text[punctuation] + half_diagram,56,40°,20_deg,0,OK
second run,noisy_half_text[punctuation] + half_diagram,57,20°,20 degrees,1,OK
second run,noisy_half_text[punctuation] + half_diagram,58,55°,35,0,OK
second run,noisy_half_text[punctuation] + half_diagram,59,50°,80 degrees,0,OK
second run,noisy_half_text[punctuation] + half_diagram,60,45°,135_deg,0,OK
second run,noisy_half_text[punctuation] + half_diagram,64,40cm,160.0,0,OK
second run,noisy_half_text[punctuation] + half_diagram,72,8cm,16,0,OK
second run,noisy_half_text[punctuation] + half_diagram,73,140°,70 degrees,0,OK
second run,noisy_half_text[punctuation] + half_diagram,78,125°,90 degrees,0,OK
second run,noisy_half_text[punctuation] + half_diagram,79,16cm,Cannot be determined,0,OK
second run,noisy_half_text[punctuation] + half_diagram,81,25°,90 degrees,0,OK
second run,noisy_half_text[punctuation] + half_diagram,84,√{3},BC,0,OK
second run,noisy_half_text[punctuation] + half_diagram,86,2√{3},BC,0,OK
second run,noisy_half_text[punctuation] + half_diagram,88,128°,22.0_deg,0,OK
second run,noisy_half_text[punctuation] + half_diagram,95,30°,60_deg,0,OK
second run,noisy_half_text[punctuation] + half_diagram,99,64°,90 degrees,0,OK
second run,noisy_half_text[punctuation] + half_diagram,108,8m,5 units,0,OK
second run,noisy_half_text[punctuation] + half_diagram,109,40°,130,0,OK
second run,noisy_half_text[punctuation] + half_diagram,112,2.4,2.5,0,OK
second run,noisy_half_text[punctuation] + half_diagram,114,\frac{1}{2}cm^{2},0.5,0,OK_AFTER_JSON_REPAIR
second run,noisy_half_text[punctuation] + half_diagram,115,4πcm,120,0,OK
second run,noisy_half_text[punctuation] + half_diagram,117,2√{2}cm,120 degrees,0,OK
second run,noisy_half_text[punctuation] + half_diagram,119,240cm^{2},The area of the sector cardboard cannot be determined from the given triples.,0,OK
second run,noisy_half_text[punctuation] + half_diagram,120,9πcm^{2},16.0,0,OK_AFTER_JSON_REPAIR
second run,noisy_half_text[punctuation] + half_diagram,123,15π,7.5,0,OK_AFTER_JSON_REPAIR
second run,noisy_half_text[punctuation] + half_diagram,128,4cm,6,0,OK
second run,noisy_half_text[punctuation] + half_diagram,132,10.2m,12,0,OK
second run,noisy_half_text[punctuation] + half_diagram,133,120m,80.0,0,OK
second run,noisy_half_text[punctuation] + half_diagram,149,\frac{20}{3},10.0,0,OK
second run,noisy_half_text[punctuation] + half_diagram,150,\frac{40}{7}m,7/3,0,OK
second run,noisy_half_text[punctuation] + half_diagram,151,5.1,5 units,1,OK
second run,noisy_half_text[punctuation] + half_diagram,152,4m,3.0,0,OK
second run,noisy_half_text[punctuation] + half_diagram,153,1.5m,3.0,0,OK
second run,noisy_half_text[punctuation] + half_diagram,157,\frac{3}{5},4/5,0,OK_AFTER_JSON_REPAIR
second run,noisy_half_text[punctuation] + half_diagram,165,\frac{√{3}}{2},1/sqrt(2),0,OK_AFTER_JSON_REPAIR
second run,noisy_half_text[punctuation] + half_diagram,198,60,33.75,0,OK
second run,noisy_half_text[punctuation] + half_diagram,207,157.1,0.0,0,OK
second run,noisy_half_text[punctuation] + half_diagram,210,15,16,0,OK_AFTER_JSON_REPAIR
second run,noisy_half_text[punctuation] + half_diagram,211,38,The measure of angle RNP is 38 degrees.,1,OK
second run,noisy_half_text[punctuation] + half_diagram,223,\sqrt{7},5,0,OK
second run,noisy_half_text[punctuation] + half_diagram,239,8,7,0,OK
second run,noisy_half_text[punctuation] + half_diagram,243,1591,1047 miles,0,OK_AFTER_JSON_REPAIR
second run,noisy_half_text[punctuation] + half_diagram,257,15,12,0,OK
second run,noisy_half_text[punctuation] + half_diagram,264,60,170,0,OK_AFTER_JSON_REPAIR
second run,noisy_half_text[punctuation] + half_diagram,281,0.38,2.4,0,OK_AFTER_JSON_REPAIR
second run,noisy_half_text[punctuation] + half_diagram,327,11.8,10.7,0,OK
second run,noisy_half_text[punctuation] + half_diagram,348,285,44,0,OK
second run,noisy_half_text[punctuation] + half_diagram,364,74.85,35.50,0,OK
second run,noisy_half_text[punctuation] + half_diagram,365,23.9,8025.0,0,OK_AFTER_JSON_REPAIR
second run,noisy_half_text[punctuation] + half_diagram,420,8,16,0,OK
second run,noisy_half_text[punctuation] + half_diagram,432,8.246,5,0,OK
second run,noisy_half_text[punctuation] + half_diagram,438,\frac{(x+3)^2}{25}-\frac{(y+3)^2}{25}=1,"The equation of the hyperbola is centered at (0, -3) with vertices at (2, -3) and (-8, -3).",0,OK
second run,noisy_half_text[punctuation] + half_diagram,441,$\frac{4}{5}$,undefined,0,OK
second run,noisy_half_text[punctuation] + half_diagram,447,$\frac{20}{29}$,The value of cos(a) cannot be determined from the provided triples.,0,OK
second run,noisy_half_text[punctuation] + half_diagram,449,$\frac{1}{x}$,The value of sec theta at point P cannot be determined from the given triples.,0,OK
second run,noisy_half_text[punctuation] + half_diagram,457,$(x-1)^{2}+(y-3)^{2}=36$,x^2 + y^2 = 34,0,OK
second run,noisy_half_text[punctuation] + half_diagram,472,"(0,0)",O,0,OK
second run,noisy_half_text[sentence] + half_diagram,1,140°,60_deg,0,OK
second run,noisy_half_text[sentence] + half_diagram,2,65°,50 degrees,0,OK
second run,noisy_half_text[sentence] + half_diagram,3,55°,70,0,OK
second run,noisy_half_text[sentence] + half_diagram,4,27°,36 degrees,0,OK
second run,noisy_half_text[sentence] + half_diagram,7,45°,30,0,OK
second run,noisy_half_text[sentence] + half_diagram,8,3cm,7.0,0,OK
second run,noisy_half_text[sentence] + half_diagram,9,6cm,Cannot be determined,0,OK
second run,noisy_half_text[sentence] + half_diagram,10,72°,36 degrees,0,OK
second run,noisy_half_text[sentence] + half_diagram,11,84°,60_deg,0,OK
second run,noisy_half_text[sentence] + half_diagram,14,55°,35 degrees,0,OK
second run,noisy_half_text[sentence] + half_diagram,16,25°,90 degrees,0,OK
second run,noisy_half_text[sentence] + half_diagram,17,65°,42 degrees,0,OK
second run,noisy_half_text[sentence] + half_diagram,20,20°,140,0,OK
second run,noisy_half_text[sentence] + half_diagram,22,62°,28 degrees,0,OK
second run,noisy_half_text[sentence] + half_diagram,25,65°,unknown,0,OK
second run,noisy_half_text[sentence] + half_diagram,26,12,22.0,0,OK
second run,noisy_half_text[sentence] + half_diagram,29,115°,30 degrees,0,OK
second run,noisy_half_text[sentence] + half_diagram,30,60°,30 degrees,0,OK
second run,noisy_half_text[sentence] + half_diagram,32,76°,52_deg,0,OK
second run,noisy_half_text[sentence] + half_diagram,34,80°,100 degrees,0,OK
second run,noisy_half_text[sentence] + half_diagram,36,20°,50 degrees,0,OK
second run,noisy_half_text[sentence] + half_diagram,37,25°,50 degrees,0,OK
second run,noisy_half_text[sentence] + half_diagram,38,40°,The measure of BAC is 70 degrees.,0,OK
second run,noisy_half_text[sentence] + half_diagram,40,50°,50_deg,1,OK
second run,noisy_half_text[sentence] + half_diagram,43,40°,100_deg,0,OK
second run,noisy_half_text[sentence] + half_diagram,44,9m,30.0,0,OK
second run,noisy_half_text[sentence] + half_diagram,45,70°,35_deg,0,OK
second run,noisy_half_text[sentence] + half_diagram,46,110°,70_deg,0,OK
second run,noisy_half_text[sentence] + half_diagram,48,130°,100 degrees,0,OK
second run,noisy_half_text[sentence] + half_diagram,49,100°,30_deg,0,OK
second run,noisy_half_text[sentence] + half_diagram,50,140°,50 degrees,0,OK
second run,noisy_half_text[sentence] + half_diagram,53,55°,b,0,OK
second run,noisy_half_text[sentence] + half_diagram,55,55°,90,0,OK
second run,noisy_half_text[sentence] + half_diagram,56,40°,20 degrees,0,OK
second run,noisy_half_text[sentence] + half_diagram,57,20°,20 degrees,1,OK
second run,noisy_half_text[sentence] + half_diagram,58,55°,35,0,OK
second run,noisy_half_text[sentence] + half_diagram,59,50°,40_deg,0,OK
second run,noisy_half_text[sentence] + half_diagram,60,45°,135_deg,0,OK
second run,noisy_half_text[sentence] + half_diagram,64,40cm,160 units,0,OK
second run,noisy_half_text[sentence] + half_diagram,72,8cm,16,0,OK
second run,noisy_half_text[sentence] + half_diagram,73,140°,70 degrees,0,OK
second run,noisy_half_text[sentence] + half_diagram,78,125°,The measure of angle AED cannot be determined from the given triples.,0,OK
second run,noisy_half_text[sentence] + half_diagram,79,16cm,Cannot be determined,0,OK
second run,noisy_half_text[sentence] + half_diagram,81,25°,50 degrees,0,OK
second run,noisy_half_text[sentence] + half_diagram,84,√{3},AC,0,OK
second run,noisy_half_text[sentence] + half_diagram,86,2√{3},BC,0,OK
second run,noisy_half_text[sentence] + half_diagram,88,128°,42,0,OK
second run,noisy_half_text[sentence] + half_diagram,95,30°,90_deg,0,OK
second run,noisy_half_text[sentence] + half_diagram,99,64°,90 degrees,0,OK
second run,noisy_half_text[sentence] + half_diagram,108,8m,5,0,OK
second run,noisy_half_text[sentence] + half_diagram,109,40°,130 degrees,0,OK
second run,noisy_half_text[sentence] + half_diagram,112,2.4,0.7,0,OK
second run,noisy_half_text[sentence] + half_diagram,114,\frac{1}{2}cm^{2},1.5,0,OK
second run,noisy_half_text[sentence] + half_diagram,115,4πcm,120,0,OK
second run,noisy_half_text[sentence] + half_diagram,117,2√{2}cm,3,0,OK
second run,noisy_half_text[sentence] + half_diagram,119,240cm^{2},The area of the sector cardboard cannot be determined from the given information.,0,OK
second run,noisy_half_text[sentence] + half_diagram,120,9πcm^{2},25π,0,OK_AFTER_JSON_REPAIR
second run,noisy_half_text[sentence] + half_diagram,123,15π,15π,1,OK_AFTER_JSON_REPAIR
second run,noisy_half_text[sentence] + half_diagram,128,4cm,6,0,OK
second run,noisy_half_text[sentence] + half_diagram,132,10.2m,14.6,0,OK_AFTER_JSON_REPAIR
second run,noisy_half_text[sentence] + half_diagram,133,120m,60.0_m,0,OK
second run,noisy_half_text[sentence] + half_diagram,149,\frac{20}{3},10.0,0,OK
second run,noisy_half_text[sentence] + half_diagram,150,\frac{40}{7}m,7/3,0,OK
second run,noisy_half_text[sentence] + half_diagram,151,5.1,5 units,1,OK
second run,noisy_half_text[sentence] + half_diagram,152,4m,1.6,0,OK
second run,noisy_half_text[sentence] + half_diagram,153,1.5m,1.8,0,OK
second run,noisy_half_text[sentence] + half_diagram,157,\frac{3}{5},Undefined,0,OK
second run,noisy_half_text[sentence] + half_diagram,165,\frac{√{3}}{2},0.5,0,OK_AFTER_JSON_REPAIR
second run,noisy_half_text[sentence] + half_diagram,198,60,0,0,OK
second run,noisy_half_text[sentence] + half_diagram,207,157.1,Impossible to determine,0,OK_AFTER_JSON_REPAIR
second run,noisy_half_text[sentence] + half_diagram,210,15,16,0,OK
second run,noisy_half_text[sentence] + half_diagram,211,38,38°,1,OK
second run,noisy_half_text[sentence] + half_diagram,223,\sqrt{7},x,0,OK
second run,noisy_half_text[sentence] + half_diagram,239,8,4,0,OK
second run,noisy_half_text[sentence] + half_diagram,243,1591,150,0,OK
second run,noisy_half_text[sentence] + half_diagram,257,15,12,0,OK
second run,noisy_half_text[sentence] + half_diagram,264,60,10 degrees,0,OK
second run,noisy_half_text[sentence] + half_diagram,281,0.38,0.99,0,OK
second run,noisy_half_text[sentence] + half_diagram,327,11.8,10.7,0,OK
second run,noisy_half_text[sentence] + half_diagram,348,285,44,0,OK
second run,noisy_half_text[sentence] + half_diagram,364,74.85,35.5,0,OK
second run,noisy_half_text[sentence] + half_diagram,365,23.9,90.0,0,OK
second run,noisy_half_text[sentence] + half_diagram,420,8,Cannot be determined,0,OK
second run,noisy_half_text[sentence] + half_diagram,432,8.246,5,0,OK
second run,noisy_half_text[sentence] + half_diagram,438,\frac{(x+3)^2}{25}-\frac{(y+3)^2}{25}=1,The equation of the hyperbola is x² - y² = 0,0,OK
second run,noisy_half_text[sentence] + half_diagram,441,$\frac{4}{5}$,sin(a) = 0.5,0,OK
second run,noisy_half_text[sentence] + half_diagram,447,$\frac{20}{29}$,Cannot be determined,0,OK
second run,noisy_half_text[sentence] + half_diagram,449,$\frac{1}{x}$,The value of sec theta at point P cannot be determined from the given triples.,0,OK
second run,noisy_half_text[sentence] + half_diagram,457,$(x-1)^{2}+(y-3)^{2}=36$,The equation is (x-1)(x-3) + y^2 = 0,0,OK_AFTER_JSON_REPAIR
second run,noisy_half_text[sentence] + half_diagram,472,"(0,0)",O,0,OK
second run,noisy_half_text[typo] + half_diagram,1,140°,80 degrees,0,OK
second run,noisy_half_text[typo] + half_diagram,2,65°,50 degrees,0,OK
second run,noisy_half_text[typo] + half_diagram,3,55°,70 degrees,0,OK
second run,noisy_half_text[typo] + half_diagram,4,27°,36 degrees,0,OK
second run,noisy_half_text[typo] + half_diagram,7,45°,unknown,0,OK
second run,noisy_half_text[typo] + half_diagram,8,3cm,7.0,0,OK
second run,noisy_half_text[typo] + half_diagram,9,6cm,6,1,OK_AFTER_JSON_REPAIR
second run,noisy_half_text[typo] + half_diagram,10,72°,36_deg,0,OK
second run,noisy_half_text[typo] + half_diagram,11,84°,60,0,OK
second run,noisy_half_text[typo] + half_diagram,14,55°,35_deg,0,OK
second run,noisy_half_text[typo] + half_diagram,16,25°,50,0,OK
second run,noisy_half_text[typo] + half_diagram,17,65°,42_deg,0,OK
second run,noisy_half_text[typo] + half_diagram,20,20°,140,0,OK
second run,noisy_half_text[typo] + half_diagram,22,62°,28 degrees,0,OK
second run,noisy_half_text[typo] + half_diagram,25,65°,50 degrees,0,OK
second run,noisy_half_text[typo] + half_diagram,26,12,22.0,0,OK
second run,noisy_half_text[typo] + half_diagram,29,115°,50 degrees,0,OK
second run,noisy_half_text[typo] + half_diagram,30,60°,30_deg,0,OK
second run,noisy_half_text[typo] + half_diagram,32,76°,52,0,OK
second run,noisy_half_text[typo] + half_diagram,34,80°,100 degrees,0,OK
second run,noisy_half_text[typo] + half_diagram,36,20°,BAC,0,OK
second run,noisy_half_text[typo] + half_diagram,37,25°,50 degrees,0,OK
second run,noisy_half_text[typo] + half_diagram,38,40°,70_deg,0,OK
second run,noisy_half_text[typo] + half_diagram,40,50°,50 degrees,1,OK
second run,noisy_half_text[typo] + half_diagram,43,40°,30_deg,0,OK
second run,noisy_half_text[typo] + half_diagram,44,9m,1.5_units,0,OK
second run,noisy_half_text[typo] + half_diagram,45,70°,35_deg,0,OK
second run,noisy_half_text[typo] + half_diagram,46,110°,70,0,OK
second run,noisy_half_text[typo] + half_diagram,48,130°,0,0,OK_AFTER_JSON_REPAIR
second run,noisy_half_text[typo] + half_diagram,49,100°,145 degrees,0,OK
second run,noisy_half_text[typo] + half_diagram,50,140°,50 degrees,0,OK
second run,noisy_half_text[typo] + half_diagram,53,55°,c,0,OK
second run,noisy_half_text[typo] + half_diagram,55,55°,70,0,OK
second run,noisy_half_text[typo] + half_diagram,56,40°,20 degrees,0,OK
second run,noisy_half_text[typo] + half_diagram,57,20°,20 degrees,1,OK
second run,noisy_half_text[typo] + half_diagram,58,55°,35.0_deg,0,OK
second run,noisy_half_text[typo] + half_diagram,59,50°,80 degrees,0,OK
second run,noisy_half_text[typo] + half_diagram,60,45°,135_deg,0,OK
second run,noisy_half_text[typo] + half_diagram,64,40cm,160.0,0,OK
second run,noisy_half_text[typo] + half_diagram,72,8cm,8,1,OK_AFTER_JSON_REPAIR
second run,noisy_half_text[typo] + half_diagram,73,140°,70 degrees,0,OK
second run,noisy_half_text[typo] + half_diagram,78,125°,30 degrees,0,OK
second run,noisy_half_text[typo] + half_diagram,79,16cm,Cannot be determined,0,OK
second run,noisy_half_text[typo] + half_diagram,81,25°,30 degrees,0,OK_AFTER_JSON_REPAIR
second run,noisy_half_text[typo] + half_diagram,84,√{3},The length of BC cannot be determined from the given triples.,0,OK
second run,noisy_half_text[typo] + half_diagram,86,2√{3},BC,0,OK
second run,noisy_half_text[typo] + half_diagram,88,128°,42_deg,0,OK
second run,noisy_half_text[typo] + half_diagram,95,30°,60_deg,0,OK
second run,noisy_half_text[typo] + half_diagram,99,64°,26_deg,0,OK
second run,noisy_half_text[typo] + half_diagram,108,8m,5_units,0,OK
second run,noisy_half_text[typo] + half_diagram,109,40°,130 degrees,0,OK
second run,noisy_half_text[typo] + half_diagram,112,2.4,2.5,0,OK
second run,noisy_half_text[typo] + half_diagram,114,\frac{1}{2}cm^{2},π/4,0,OK_AFTER_JSON_REPAIR
second run,noisy_half_text[typo] + half_diagram,115,4πcm,30 degrees,0,OK
second run,noisy_half_text[typo] + half_diagram,117,2√{2}cm,3 units,0,OK
second run,noisy_half_text[typo] + half_diagram,119,240cm^{2},100.0_units,0,OK
second run,noisy_half_text[typo] + half_diagram,120,9πcm^{2},4,0,OK
second run,noisy_half_text[typo] + half_diagram,123,15π,15.7,0,OK_AFTER_JSON_REPAIR
second run,noisy_half_text[typo] + half_diagram,128,4cm,6,0,OK
second run,noisy_half_text[typo] + half_diagram,132,10.2m,1.6,0,OK_AFTER_JSON_REPAIR
second run,noisy_half_text[typo] + half_diagram,133,120m,80.0_m,0,OK
second run,noisy_half_text[typo] + half_diagram,149,\frac{20}{3},10.0,0,OK
second run,noisy_half_text[typo] + half_diagram,150,\frac{40}{7}m,7/3,0,OK
second run,noisy_half_text[typo] + half_diagram,151,5.1,20,0,OK
second run,noisy_half_text[typo] + half_diagram,152,4m,AB,0,OK
second run,noisy_half_text[typo] + half_diagram,153,1.5m,1.8,0,OK
second run,noisy_half_text[typo] + half_diagram,157,\frac{3}{5},4/5,0,OK
second run,noisy_half_text[typo] + half_diagram,165,\frac{√{3}}{2},1/sqrt(5),0,OK_AFTER_JSON_REPAIR
second run,noisy_half_text[typo] + half_diagram,198,60,60,1,OK
second run,noisy_half_text[typo] + half_diagram,207,157.1,0,0,OK_AFTER_JSON_REPAIR
second run,noisy_half_text[typo] + half_diagram,210,15,16,0,OK
second run,noisy_half_text[typo] + half_diagram,211,38,2y + 5,0,OK
second run,noisy_half_text[typo] + half_diagram,223,\sqrt{7},13,0,OK
second run,noisy_half_text[typo] + half_diagram,239,8,4,0,OK
second run,noisy_half_text[typo] + half_diagram,243,1591,Cannot be determined from the provided triples.,0,OK
second run,noisy_half_text[typo] + half_diagram,257,15,17,0,OK_AFTER_JSON_REPAIR
second run,noisy_half_text[typo] + half_diagram,264,60,30_deg,0,OK
second run,noisy_half_text[typo] + half_diagram,281,0.38,0.69,0,OK
second run,noisy_half_text[typo] + half_diagram,327,11.8,10.7,0,OK
second run,noisy_half_text[typo] + half_diagram,348,285,44,0,OK
second run,noisy_half_text[typo] + half_diagram,364,74.85,65.90,0,OK
second run,noisy_half_text[typo] + half_diagram,365,23.9,90.0,0,OK
second run,noisy_half_text[typo] + half_diagram,420,8,6,0,OK
second run,noisy_half_text[typo] + half_diagram,432,8.246,5,0,OK
second run,noisy_half_text[typo] + half_diagram,438,\frac{(x+3)^2}{25}-\frac{(y+3)^2}{25}=1,The equation of the hyperbola is (x-2)^2 - (y+3)^2 = 2,0,OK
second run,noisy_half_text[typo] + half_diagram,441,$\frac{4}{5}$,undefined,0,OK
second run,noisy_half_text[typo] + half_diagram,447,$\frac{20}{29}$,Cannot be determined,0,OK
second run,noisy_half_text[typo] + half_diagram,449,$\frac{1}{x}$,The value of sec theta at point P cannot be determined from the given triples.,0,OK
second run,noisy_half_text[typo] + half_diagram,457,$(x-1)^{2}+(y-3)^{2}=36$,(x-1)(x-3)=0,0,OK
second run,noisy_half_text[typo] + half_diagram,472,"(0,0)",O,0,OK
second run,noisy_text[numeric] + full_diagram,1,140°,60 degrees,0,OK
second run,noisy_text[numeric] + full_diagram,2,65°,50_deg,0,OK
second run,noisy_text[numeric] + full_diagram,3,55°,70,0,OK
second run,noisy_text[numeric] + full_diagram,4,27°,36_deg,0,OK
second run,noisy_text[numeric] + full_diagram,7,45°,35 degrees,0,OK
second run,noisy_text[numeric] + full_diagram,8,3cm,5.0,0,OK
second run,noisy_text[numeric] + full_diagram,9,6cm,12,0,OK_AFTER_JSON_REPAIR
second run,noisy_text[numeric] + full_diagram,10,72°,36_deg,0,OK
second run,noisy_text[numeric] + full_diagram,11,84°,60_deg,0,OK
second run,noisy_text[numeric] + full_diagram,14,55°,Unknown,0,OK
second run,noisy_text[numeric] + full_diagram,16,25°,50,0,OK
second run,noisy_text[numeric] + full_diagram,17,65°,unknown,0,OK
second run,noisy_text[numeric] + full_diagram,20,20°,140 degrees,0,OK
second run,noisy_text[numeric] + full_diagram,22,62°,28 degrees,0,OK
second run,noisy_text[numeric] + full_diagram,25,65°,50 degrees,0,OK
second run,noisy_text[numeric] + full_diagram,26,12,3.2 m,0,OK
second run,noisy_text[numeric] + full_diagram,29,115°,50 degrees,0,OK
second run,noisy_text[numeric] + full_diagram,30,60°,30_deg,0,OK
second run,noisy_text[numeric] + full_diagram,32,76°,52 degrees,0,OK
second run,noisy_text[numeric] + full_diagram,34,80°,100 degrees,0,OK
second run,noisy_text[numeric] + full_diagram,36,20°,BAC,0,OK
second run,noisy_text[numeric] + full_diagram,37,25°,50 degrees,0,OK
second run,noisy_text[numeric] + full_diagram,38,40°,Cannot be determined.,0,OK
second run,noisy_text[numeric] + full_diagram,40,50°,50 degrees,1,OK
second run,noisy_text[numeric] + full_diagram,43,40°,30_deg,0,OK
second run,noisy_text[numeric] + full_diagram,44,9m,1.5,0,OK
second run,noisy_text[numeric] + full_diagram,45,70°,35_deg,0,OK
second run,noisy_text[numeric] + full_diagram,46,110°,70,0,OK
second run,noisy_text[numeric] + full_diagram,48,130°,100,0,OK
second run,noisy_text[numeric] + full_diagram,49,100°,115 degrees,0,OK
second run,noisy_text[numeric] + full_diagram,50,140°,50 degrees,0,OK
second run,noisy_text[numeric] + full_diagram,53,55°,F,0,OK
second run,noisy_text[numeric] + full_diagram,55,55°,70,0,OK
second run,noisy_text[numeric] + full_diagram,56,40°,20 degrees,0,OK
second run,noisy_text[numeric] + full_diagram,57,20°,20 degrees,1,OK
second run,noisy_text[numeric] + full_diagram,58,55°,90,0,OK_AFTER_JSON_REPAIR
second run,noisy_text[numeric] + full_diagram,59,50°,80 degrees,0,OK
second run,noisy_text[numeric] + full_diagram,60,45°,135_deg,0,OK
second run,noisy_text[numeric] + full_diagram,64,40cm,160.0,0,OK
second run,noisy_text[numeric] + full_diagram,72,8cm,16,0,OK
second run,noisy_text[numeric] + full_diagram,73,140°,70 degrees,0,OK
second run,noisy_text[numeric] + full_diagram,78,125°,70 degrees,0,OK
second run,noisy_text[numeric] + full_diagram,79,16cm,32,0,OK
second run,noisy_text[numeric] + full_diagram,81,25°,50,0,OK_AFTER_JSON_REPAIR
second run,noisy_text[numeric] + full_diagram,84,√{3},1,0,OK
second run,noisy_text[numeric] + full_diagram,86,2√{3},2,0,OK
second run,noisy_text[numeric] + full_diagram,88,128°,60_deg,0,OK
second run,noisy_text[numeric] + full_diagram,95,30°,90_deg,0,OK
second run,noisy_text[numeric] + full_diagram,99,64°,26 degrees,0,OK
second run,noisy_text[numeric] + full_diagram,108,8m,5,0,OK
second run,noisy_text[numeric] + full_diagram,109,40°,90,0,OK
second run,noisy_text[numeric] + full_diagram,112,2.4,3.2,0,OK
second run,noisy_text[numeric] + full_diagram,114,\frac{1}{2}cm^{2},π/4,0,OK_AFTER_JSON_REPAIR
second run,noisy_text[numeric] + full_diagram,115,4πcm,6π,0,OK
second run,noisy_text[numeric] + full_diagram,117,2√{2}cm,3 units,0,OK
second run,noisy_text[numeric] + full_diagram,119,240cm^{2},Cannot be determined.,0,OK
second run,noisy_text[numeric] + full_diagram,120,9πcm^{2},5 units,0,OK
second run,noisy_text[numeric] + full_diagram,123,15π,Cannot be determined,0,OK
second run,noisy_text[numeric] + full_diagram,128,4cm,6,0,OK
second run,noisy_text[numeric] + full_diagram,132,10.2m,12.0,0,OK
second run,noisy_text[numeric] + full_diagram,133,120m,PS,0,OK
second run,noisy_text[numeric] + full_diagram,149,\frac{20}{3},10.0,0,OK
second run,noisy_text[numeric] + full_diagram,150,\frac{40}{7}m,2,0,OK
second run,noisy_text[numeric] + full_diagram,151,5.1,5 units,1,OK
second run,noisy_text[numeric] + full_diagram,152,4m,1.9,0,OK
second run,noisy_text[numeric] + full_diagram,153,1.5m,1.8,0,OK
second run,noisy_text[numeric] + full_diagram,157,\frac{3}{5},0.8,0,OK
second run,noisy_text[numeric] + full_diagram,165,\frac{√{3}}{2},sin(B) cannot be determined,0,OK
second run,noisy_text[numeric] + full_diagram,198,60,60,1,OK_AFTER_JSON_REPAIR
second run,noisy_text[numeric] + full_diagram,207,157.1,157.08,1,OK_AFTER_JSON_REPAIR
second run,noisy_text[numeric] + full_diagram,210,15,16,0,OK_AFTER_JSON_REPAIR
second run,noisy_text[numeric] + full_diagram,211,38,83,0,OK
second run,noisy_text[numeric] + full_diagram,223,\sqrt{7},5,0,OK
second run,noisy_text[numeric] + full_diagram,239,8,11,0,OK_AFTER_JSON_REPAIR
second run,noisy_text[numeric] + full_diagram,243,1591,The distance from Phoenix to Atlanta is 150x + 91 miles.,0,OK
second run,noisy_text[numeric] + full_diagram,257,15,AE,0,OK
second run,noisy_text[numeric] + full_diagram,264,60,30 degrees,0,OK
second run,noisy_text[numeric] + full_diagram,281,0.38,0.92,0,OK_AFTER_JSON_REPAIR
second run,noisy_text[numeric] + full_diagram,327,11.8,10.7,0,OK
second run,noisy_text[numeric] + full_diagram,348,285,198,0,OK
second run,noisy_text[numeric] + full_diagram,364,74.85,65.90,0,OK
second run,noisy_text[numeric] + full_diagram,365,23.9,90.0,0,OK
second run,noisy_text[numeric] + full_diagram,420,8,6,0,OK
second run,noisy_text[numeric] + full_diagram,432,8.246,5,0,OK
second run,noisy_text[numeric] + full_diagram,438,\frac{(x+3)^2}{25}-\frac{(y+3)^2}{25}=1,The equation of the hyperbola is (x - (-3))^2 - (y - (-3))^2 = 25,0,OK
second run,noisy_text[numeric] + full_diagram,441,$\frac{4}{5}$,4/5,0,OK
second run,noisy_text[numeric] + full_diagram,447,$\frac{20}{29}$,20/29,0,OK
second run,noisy_text[numeric] + full_diagram,449,$\frac{1}{x}$,The value of sec theta at point P is undefined.,0,OK
second run,noisy_text[numeric] + full_diagram,457,$(x-1)^{2}+(y-3)^{2}=36$,x^2 + y^2 = 6^2,0,OK
second run,noisy_text[numeric] + full_diagram,472,"(0,0)",B,0,OK
second run,noisy_text[punctuation] + full_diagram,1,140°,60 degrees,0,OK
second run,noisy_text[punctuation] + full_diagram,2,65°,unknown,0,OK
second run,noisy_text[punctuation] + full_diagram,3,55°,70,0,OK
second run,noisy_text[punctuation] + full_diagram,4,27°,36_deg,0,OK
second run,noisy_text[punctuation] + full_diagram,7,45°,35 degrees,0,OK
second run,noisy_text[punctuation] + full_diagram,8,3cm,12,0,OK_AFTER_JSON_REPAIR
second run,noisy_text[punctuation] + full_diagram,9,6cm,6 + 6 = 12,0,OK_AFTER_JSON_REPAIR
second run,noisy_text[punctuation] + full_diagram,10,72°,30 degrees,0,OK
second run,noisy_text[punctuation] + full_diagram,11,84°,36,0,OK
second run,noisy_text[punctuation] + full_diagram,14,55°,35 degrees,0,OK
second run,noisy_text[punctuation] + full_diagram,16,25°,50,0,OK
second run,noisy_text[punctuation] + full_diagram,17,65°,42_deg,0,OK
second run,noisy_text[punctuation] + full_diagram,20,20°,90_deg,0,OK
second run,noisy_text[punctuation] + full_diagram,22,62°,28 degrees,0,OK
second run,noisy_text[punctuation] + full_diagram,25,65°,50 degrees,0,OK
second run,noisy_text[punctuation] + full_diagram,26,12,22.0_m,0,OK
second run,noisy_text[punctuation] + full_diagram,29,115°,50 degrees,0,OK
second run,noisy_text[punctuation] + full_diagram,30,60°,30_deg,0,OK
second run,noisy_text[punctuation] + full_diagram,32,76°,52 degrees,0,OK
second run,noisy_text[punctuation] + full_diagram,34,80°,100 degrees,0,OK
second run,noisy_text[punctuation] + full_diagram,36,20°,50 degrees,0,OK
second run,noisy_text[punctuation] + full_diagram,37,25°,50 degrees,0,OK
second run,noisy_text[punctuation] + full_diagram,38,40°,Cannot be determined,0,OK
second run,noisy_text[punctuation] + full_diagram,40,50°,50_deg,1,OK
second run,noisy_text[punctuation] + full_diagram,43,40°,100 degrees,0,OK
second run,noisy_text[punctuation] + full_diagram,44,9m,1.5,0,OK
second run,noisy_text[punctuation] + full_diagram,45,70°,35_deg,0,OK
second run,noisy_text[punctuation] + full_diagram,46,110°,70,0,OK
second run,noisy_text[punctuation] + full_diagram,48,130°,100,0,OK
second run,noisy_text[punctuation] + full_diagram,49,100°,30_deg,0,OK
second run,noisy_text[punctuation] + full_diagram,50,140°,50_deg,0,OK
second run,noisy_text[punctuation] + full_diagram,53,55°,BFD,0,OK
second run,noisy_text[punctuation] + full_diagram,55,55°,70,0,OK
second run,noisy_text[punctuation] + full_diagram,56,40°,20 degrees,0,OK
second run,noisy_text[punctuation] + full_diagram,57,20°,20 degrees,1,OK
second run,noisy_text[punctuation] + full_diagram,58,55°,55,1,OK_AFTER_JSON_REPAIR
second run,noisy_text[punctuation] + full_diagram,59,50°,80 degrees,0,OK
second run,noisy_text[punctuation] + full_diagram,60,45°,135_deg,0,OK
second run,noisy_text[punctuation] + full_diagram,64,40cm,200.0,0,OK
second run,noisy_text[punctuation] + full_diagram,72,8cm,16,0,OK_AFTER_JSON_REPAIR
second run,noisy_text[punctuation] + full_diagram,73,140°,70 degrees,0,OK
second run,noisy_text[punctuation] + full_diagram,78,125°,35 degrees,0,OK
second run,noisy_text[punctuation] + full_diagram,79,16cm,AD,0,OK
second run,noisy_text[punctuation] + full_diagram,81,25°,40,0,OK
second run,noisy_text[punctuation] + full_diagram,84,√{3},0,0,OK
second run,noisy_text[punctuation] + full_diagram,86,2√{3},2,0,OK
second run,noisy_text[punctuation] + full_diagram,88,128°,60,0,OK
second run,noisy_text[punctuation] + full_diagram,95,30°,90_deg,0,OK
second run,noisy_text[punctuation] + full_diagram,99,64°,26.0_deg,0,OK
second run,noisy_text[punctuation] + full_diagram,108,8m,8,1,OK
second run,noisy_text[punctuation] + full_diagram,109,40°,130,0,OK
second run,noisy_text[punctuation] + full_diagram,112,2.4,2.5,0,OK
second run,noisy_text[punctuation] + full_diagram,114,\frac{1}{2}cm^{2},1/4,0,OK_AFTER_JSON_REPAIR
second run,noisy_text[punctuation] + full_diagram,115,4πcm,4π,0,OK_AFTER_JSON_REPAIR
second run,noisy_text[punctuation] + full_diagram,117,2√{2}cm,3 units,0,OK
second run,noisy_text[punctuation] + full_diagram,119,240cm^{2},144π cm²,0,OK_AFTER_JSON_REPAIR
second run,noisy_text[punctuation] + full_diagram,120,9πcm^{2},20,0,OK
second run,noisy_text[punctuation] + full_diagram,123,15π,15.0,0,OK_AFTER_JSON_REPAIR
second run,noisy_text[punctuation] + full_diagram,128,4cm,6 units,0,OK
second run,noisy_text[punctuation] + full_diagram,132,10.2m,0.6,0,OK
second run,noisy_text[punctuation] + full_diagram,133,120m,120.0,1,OK
second run,noisy_text[punctuation] + full_diagram,149,\frac{20}{3},16.0,0,OK_AFTER_JSON_REPAIR
second run,noisy_text[punctuation] + full_diagram,150,\frac{40}{7}m,BC,0,OK
second run,noisy_text[punctuation] + full_diagram,151,5.1,20_units,0,OK
second run,noisy_text[punctuation] + full_diagram,152,4m,1.9,0,OK
second run,noisy_text[punctuation] + full_diagram,153,1.5m,1.2,0,OK
second run,noisy_text[punctuation] + full_diagram,157,\frac{3}{5},4/5,0,OK
second run,noisy_text[punctuation] + full_diagram,165,\frac{√{3}}{2},1/2,0,OK
second run,noisy_text[punctuation] + full_diagram,198,60,0,0,OK
second run,noisy_text[punctuation] + full_diagram,207,157.1,62.8,0,OK
second run,noisy_text[punctuation] + full_diagram,210,15,16,0,OK
second run,noisy_text[punctuation] + full_diagram,211,38,20,0,OK
second run,noisy_text[punctuation] + full_diagram,223,\sqrt{7},5,0,OK_AFTER_JSON_REPAIR
second run,noisy_text[punctuation] + full_diagram,239,8,7,0,OK
second run,noisy_text[punctuation] + full_diagram,243,1591,73.8 miles,0,OK
second run,noisy_text[punctuation] + full_diagram,257,15,16,0,OK
second run,noisy_text[punctuation] + full_diagram,264,60,20,0,OK
second run,noisy_text[punctuation] + full_diagram,281,0.38,0.96,0,OK
second run,noisy_text[punctuation] + full_diagram,327,11.8,10.7,0,OK
second run,noisy_text[punctuation] + full_diagram,348,285,198,0,OK
second run,noisy_text[punctuation] + full_diagram,364,74.85,65.90,0,OK
second run,noisy_text[punctuation] + full_diagram,365,23.9,31.5,0,OK_AFTER_JSON_REPAIR
second run,noisy_text[punctuation] + full_diagram,420,8,6,0,OK
second run,noisy_text[punctuation] + full_diagram,432,8.246,8,0,OK_AFTER_JSON_REPAIR
second run,noisy_text[punctuation] + full_diagram,438,\frac{(x+3)^2}{25}-\frac{(y+3)^2}{25}=1,The equation of the hyperbola is (x - (-3))^2 - (y + 3)^2 = 50,0,OK
second run,noisy_text[punctuation] + full_diagram,441,$\frac{4}{5}$,4/5,0,OK
second run,noisy_text[punctuation] + full_diagram,447,$\frac{20}{29}$,20/29,0,OK
second run,noisy_text[punctuation] + full_diagram,449,$\frac{1}{x}$,The value of sec theta at point P cannot be determined from the given triples.,0,OK
second run,noisy_text[punctuation] + full_diagram,457,$(x-1)^{2}+(y-3)^{2}=36$,The equation of the circle is (x-0)^2 + (y-0)^2 = 6^2,0,OK
second run,noisy_text[punctuation] + full_diagram,472,"(0,0)",B,0,OK
second run,noisy_text[sentence] + full_diagram,1,140°,60 degrees,0,OK
second run,noisy_text[sentence] + full_diagram,2,65°,50,0,OK
second run,noisy_text[sentence] + full_diagram,3,55°,70,0,OK
second run,noisy_text[sentence] + full_diagram,4,27°,30_deg,0,OK
second run,noisy_text[sentence] + full_diagram,7,45°,35 degrees,0,OK
second run,noisy_text[sentence] + full_diagram,8,3cm,5 units,0,OK
second run,noisy_text[sentence] + full_diagram,9,6cm,The perimeter of triangle DBE cannot be determined from the given information.,0,OK
second run,noisy_text[sentence] + full_diagram,10,72°,30 degrees,0,OK
second run,noisy_text[sentence] + full_diagram,11,84°,36_deg,0,OK
second run,noisy_text[sentence] + full_diagram,14,55°,35 degrees,0,OK
second run,noisy_text[sentence] + full_diagram,16,25°,90 degrees,0,OK
second run,noisy_text[sentence] + full_diagram,17,65°,65_deg,1,OK
second run,noisy_text[sentence] + full_diagram,20,20°,40,0,OK_AFTER_JSON_REPAIR
second run,noisy_text[sentence] + full_diagram,22,62°,28 degrees,0,OK
second run,noisy_text[sentence] + full_diagram,25,65°,50 degrees,0,OK
second run,noisy_text[sentence] + full_diagram,26,12,22 m,0,OK
second run,noisy_text[sentence] + full_diagram,29,115°,50 degrees,0,OK
second run,noisy_text[sentence] + full_diagram,30,60°,30 degrees,0,OK
second run,noisy_text[sentence] + full_diagram,32,76°,The degree of angle A is not explicitly stated in the provided triples.,0,OK
second run,noisy_text[sentence] + full_diagram,34,80°,100 degrees,0,OK
second run,noisy_text[sentence] + full_diagram,36,20°,50 degrees,0,OK
second run,noisy_text[sentence] + full_diagram,37,25°,50 degrees,0,OK
second run,noisy_text[sentence] + full_diagram,38,40°,Cannot be determined.,0,OK
second run,noisy_text[sentence] + full_diagram,40,50°,50 degrees,1,OK
second run,noisy_text[sentence] + full_diagram,43,40°,30 degrees,0,OK
second run,noisy_text[sentence] + full_diagram,44,9m,The height of the street lamp is not explicitly stated in the provided triples.,0,OK
second run,noisy_text[sentence] + full_diagram,45,70°,35_deg,0,OK
second run,noisy_text[sentence] + full_diagram,46,110°,70 degrees,0,OK
second run,noisy_text[sentence] + full_diagram,48,130°,100,0,OK
second run,noisy_text[sentence] + full_diagram,49,100°,115 degrees,0,OK
second run,noisy_text[sentence] + full_diagram,50,140°,50,0,OK
second run,noisy_text[sentence] + full_diagram,53,55°,BFD,0,OK
second run,noisy_text[sentence] + full_diagram,55,55°,70,0,OK
second run,noisy_text[sentence] + full_diagram,56,40°,20 degrees,0,OK
second run,noisy_text[sentence] + full_diagram,57,20°,20 degrees,1,OK
second run,noisy_text[sentence] + full_diagram,58,55°,55,1,OK_AFTER_JSON_REPAIR
second run,noisy_text[sentence] + full_diagram,59,50°,80 degrees,0,OK
second run,noisy_text[sentence] + full_diagram,60,45°,135_deg,0,OK
second run,noisy_text[sentence] + full_diagram,64,40cm,160.0,0,OK
second run,noisy_text[sentence] + full_diagram,72,8cm,16,0,OK
second run,noisy_text[sentence] + full_diagram,73,140°,70 degrees,0,OK
second run,noisy_text[sentence] + full_diagram,78,125°,70 degrees,0,OK
second run,noisy_text[sentence] + full_diagram,79,16cm,32,0,OK
second run,noisy_text[sentence] + full_diagram,81,25°,90_deg,0,OK
second run,noisy_text[sentence] + full_diagram,84,√{3},BC,0,OK
second run,noisy_text[sentence] + full_diagram,86,2√{3},2,0,OK
second run,noisy_text[sentence] + full_diagram,88,128°,42_deg,0,OK
second run,noisy_text[sentence] + full_diagram,95,30°,90 degrees,0,OK
second run,noisy_text[sentence] + full_diagram,99,64°,26 degrees,0,OK
second run,noisy_text[sentence] + full_diagram,108,8m,8 units,1,OK
second run,noisy_text[sentence] + full_diagram,109,40°,90,0,OK
second run,noisy_text[sentence] + full_diagram,112,2.4,3.2,0,OK
second run,noisy_text[sentence] + full_diagram,114,\frac{1}{2}cm^{2},0.25π,0,OK_AFTER_JSON_REPAIR
second run,noisy_text[sentence] + full_diagram,115,4πcm,4π,0,OK_AFTER_JSON_REPAIR
second run,noisy_text[sentence] + full_diagram,117,2√{2}cm,3 units,0,OK
second run,noisy_text[sentence] + full_diagram,119,240cm^{2},Cannot be determined.,0,OK
second run,noisy_text[sentence] + full_diagram,120,9πcm^{2},0,0,OK
second run,noisy_text[sentence] + full_diagram,123,15π,15π,1,OK_AFTER_JSON_REPAIR
second run,noisy_text[sentence] + full_diagram,128,4cm,6 units,0,OK
second run,noisy_text[sentence] + full_diagram,132,10.2m,0.6,0,OK
second run,noisy_text[sentence] + full_diagram,133,120m,80.0_m,0,OK
second run,noisy_text[sentence] + full_diagram,149,\frac{20}{3},8,0,OK_AFTER_JSON_REPAIR
second run,noisy_text[sentence] + full_diagram,150,\frac{40}{7}m,7/3,0,OK
second run,noisy_text[sentence] + full_diagram,151,5.1,5.0,1,OK
second run,noisy_text[sentence] + full_diagram,152,4m,1.9,0,OK
second run,noisy_text[sentence] + full_diagram,153,1.5m,1.8,0,OK
second run,noisy_text[sentence] + full_diagram,157,\frac{3}{5},4/5,0,OK
second run,noisy_text[sentence] + full_diagram,165,\frac{√{3}}{2},sin(B) cannot be determined from the given information.,0,OK
second run,noisy_text[sentence] + full_diagram,198,60,0,0,OK
second run,noisy_text[sentence] + full_diagram,207,157.1,78.5,0,OK
second run,noisy_text[sentence] + full_diagram,210,15,16,0,OK
second run,noisy_text[sentence] + full_diagram,211,38,83,0,OK
second run,noisy_text[sentence] + full_diagram,223,\sqrt{7},3√2,0,OK
second run,noisy_text[sentence] + full_diagram,239,8,27,0,OK_AFTER_JSON_REPAIR
second run,noisy_text[sentence] + full_diagram,243,1591,358 miles,0,OK
second run,noisy_text[sentence] + full_diagram,257,15,5,0,OK
second run,noisy_text[sentence] + full_diagram,264,60,10x,0,OK
second run,noisy_text[sentence] + full_diagram,281,0.38,0.69,0,OK
second run,noisy_text[sentence] + full_diagram,327,11.8,10.7,0,OK
second run,noisy_text[sentence] + full_diagram,348,285,198,0,OK
second run,noisy_text[sentence] + full_diagram,364,74.85,65.90,0,OK
second run,noisy_text[sentence] + full_diagram,365,23.9,3.1,0,OK
second run,noisy_text[sentence] + full_diagram,420,8,x = 6,0,OK_AFTER_JSON_REPAIR
second run,noisy_text[sentence] + full_diagram,432,8.246,The distance between A and B is undefined.,0,OK
second run,noisy_text[sentence] + full_diagram,438,\frac{(x+3)^2}{25}-\frac{(y+3)^2}{25}=1,The equation of the hyperbola is (x-2)(x+3) = 0,0,OK
second run,noisy_text[sentence] + full_diagram,441,$\frac{4}{5}$,4/5,0,OK
second run,noisy_text[sentence] + full_diagram,447,$\frac{20}{29}$,20/29,0,OK
second run,noisy_text[sentence] + full_diagram,449,$\frac{1}{x}$,The value of sec theta at point P is not determinable from the given triples.,0,OK
second run,noisy_text[sentence] + full_diagram,457,$(x-1)^{2}+(y-3)^{2}=36$,x² + y² = 36,0,OK
second run,noisy_text[sentence] + full_diagram,472,"(0,0)",O,0,OK
second run,noisy_text[typo] + full_diagram,1,140°,60 degrees,0,OK
second run,noisy_text[typo] + full_diagram,2,65°,50 degrees,0,OK
second run,noisy_text[typo] + full_diagram,3,55°,70,0,OK
second run,noisy_text[typo] + full_diagram,4,27°,36_deg,0,OK
second run,noisy_text[typo] + full_diagram,7,45°,35 degrees,0,OK
second run,noisy_text[typo] + full_diagram,8,3cm,Unknown,0,OK
second run,noisy_text[typo] + full_diagram,9,6cm,6,1,OK_AFTER_JSON_REPAIR
second run,noisy_text[typo] + full_diagram,10,72°,30 degrees,0,OK
second run,noisy_text[typo] + full_diagram,11,84°,84_deg,1,OK
second run,noisy_text[typo] + full_diagram,14,55°,35_deg,0,OK
second run,noisy_text[typo] + full_diagram,16,25°,50 degrees,0,OK
second run,noisy_text[typo] + full_diagram,17,65°,65_deg,1,OK
second run,noisy_text[typo] + full_diagram,20,20°,140 degrees,0,OK
second run,noisy_text[typo] + full_diagram,22,62°,28 degrees,0,OK
second run,noisy_text[typo] + full_diagram,25,65°,50_deg,0,OK
second run,noisy_text[typo] + full_diagram,26,12,22 meters,0,OK
second run,noisy_text[typo] + full_diagram,29,115°,30,0,OK
second run,noisy_text[typo] + full_diagram,30,60°,30_deg,0,OK
second run,noisy_text[typo] + full_diagram,32,76°,52_deg,0,OK
second run,noisy_text[typo] + full_diagram,34,80°,100 degrees,0,OK
second run,noisy_text[typo] + full_diagram,36,20°,50 degrees,0,OK
second run,noisy_text[typo] + full_diagram,37,25°,50 degrees,0,OK
second run,noisy_text[typo] + full_diagram,38,40°,Cannot be determined.,0,OK
second run,noisy_text[typo] + full_diagram,40,50°,50 degrees,1,OK
second run,noisy_text[typo] + full_diagram,43,40°,30_deg,0,OK
second run,noisy_text[typo] + full_diagram,44,9m,30.0,0,OK
second run,noisy_text[typo] + full_diagram,45,70°,35_deg,0,OK
second run,noisy_text[typo] + full_diagram,46,110°,70,0,OK
second run,noisy_text[typo] + full_diagram,48,130°,50,0,OK_AFTER_JSON_REPAIR
second run,noisy_text[typo] + full_diagram,49,100°,30_deg,0,OK
second run,noisy_text[typo] + full_diagram,50,140°,50 degrees,0,OK
second run,noisy_text[typo] + full_diagram,53,55°,BFD,0,OK
second run,noisy_text[typo] + full_diagram,55,55°,3,0,OK
second run,noisy_text[typo] + full_diagram,56,40°,20 degrees,0,OK
second run,noisy_text[typo] + full_diagram,57,20°,20 degrees,1,OK
second run,noisy_text[typo] + full_diagram,58,55°,55,1,OK_AFTER_JSON_REPAIR
second run,noisy_text[typo] + full_diagram,59,50°,80_deg,0,OK
second run,noisy_text[typo] + full_diagram,60,45°,135_deg,0,OK
second run,noisy_text[typo] + full_diagram,64,40cm,200,0,OK
second run,noisy_text[typo] + full_diagram,72,8cm,16,0,OK
second run,noisy_text[typo] + full_diagram,73,140°,70 degrees,0,OK
second run,noisy_text[typo] + full_diagram,78,125°,70 degrees,0,OK
second run,noisy_text[typo] + full_diagram,79,16cm,32,0,OK
second run,noisy_text[typo] + full_diagram,81,25°,50 degrees,0,OK
second run,noisy_text[typo] + full_diagram,84,√{3},0,0,OK
second run,noisy_text[typo] + full_diagram,86,2√{3},0,0,OK
second run,noisy_text[typo] + full_diagram,88,128°,296,0,OK_AFTER_JSON_REPAIR
second run,noisy_text[typo] + full_diagram,95,30°,90 degrees,0,OK
second run,noisy_text[typo] + full_diagram,99,64°,90 degrees,0,OK
second run,noisy_text[typo] + full_diagram,108,8m,8 units,1,OK
second run,noisy_text[typo] + full_diagram,109,40°,130,0,OK
second run,noisy_text[typo] + full_diagram,112,2.4,2.5,0,OK
second run,noisy_text[typo] + full_diagram,114,\frac{1}{2}cm^{2},1/2,0,OK_AFTER_JSON_REPAIR
second run,noisy_text[typo] + full_diagram,115,4πcm,6,0,OK
second run,noisy_text[typo] + full_diagram,117,2√{2}cm,The height of the cone is 3 units.,0,OK
second run,noisy_text[typo] + full_diagram,119,240cm^{2},0 cm²,0,OK
second run,noisy_text[typo] + full_diagram,120,9πcm^{2},0,0,OK
second run,noisy_text[typo] + full_diagram,123,15π,Cannot be determined,0,OK
second run,noisy_text[typo] + full_diagram,128,4cm,6 units,0,OK
second run,noisy_text[typo] + full_diagram,132,10.2m,12.0,0,OK
second run,noisy_text[typo] + full_diagram,133,120m,260.0_m,0,OK_AFTER_JSON_REPAIR
second run,noisy_text[typo] + full_diagram,149,\frac{20}{3},6,0,OK_AFTER_JSON_REPAIR
second run,noisy_text[typo] + full_diagram,150,\frac{40}{7}m,7/3,0,OK
second run,noisy_text[typo] + full_diagram,151,5.1,1.7 units,0,OK
second run,noisy_text[typo] + full_diagram,152,4m,0.5,0,OK_AFTER_JSON_REPAIR
second run,noisy_text[typo] + full_diagram,153,1.5m,1.2,0,OK
second run,noisy_text[typo] + full_diagram,157,\frac{3}{5},4/5,0,OK
second run,noisy_text[typo] + full_diagram,165,\frac{√{3}}{2},1/2,0,OK
second run,noisy_text[typo] + full_diagram,198,60,0,0,OK
second run,noisy_text[typo] + full_diagram,207,157.1,62.8,0,OK
second run,noisy_text[typo] + full_diagram,210,15,16,0,OK
second run,noisy_text[typo] + full_diagram,211,38,83,0,OK
second run,noisy_text[typo] + full_diagram,223,\sqrt{7},x = √43,0,OK_AFTER_JSON_REPAIR
second run,noisy_text[typo] + full_diagram,239,8,16,0,OK
second run,noisy_text[typo] + full_diagram,243,1591,Unknown,0,OK
second run,noisy_text[typo] + full_diagram,257,15,5,0,OK
second run,noisy_text[typo] + full_diagram,264,60,20 degrees,0,OK
second run,noisy_text[typo] + full_diagram,281,0.38,0.60,0,OK
second run,noisy_text[typo] + full_diagram,327,11.8,10.7,0,OK
second run,noisy_text[typo] + full_diagram,348,285,100,0,OK
second run,noisy_text[typo] + full_diagram,364,74.85,35.5,0,OK
second run,noisy_text[typo] + full_diagram,365,23.9,1.0,0,OK
second run,noisy_text[typo] + full_diagram,420,8,6 cm,0,OK
second run,noisy_text[typo] + full_diagram,432,8.246,sqrt(68),1,OK_AFTER_JSON_REPAIR
second run,noisy_text[typo] + full_diagram,438,\frac{(x+3)^2}{25}-\frac{(y+3)^2}{25}=1,,0,NO_TRIPLES_FOR_INDEX
second run,noisy_text[typo] + full_diagram,441,$\frac{4}{5}$,3/5,0,OK
second run,noisy_text[typo] + full_diagram,447,$\frac{20}{29}$,20/29,0,OK
second run,noisy_text[typo] + full_diagram,449,$\frac{1}{x}$,1,0,OK
second run,noisy_text[typo] + full_diagram,457,$(x-1)^{2}+(y-3)^{2}=36$,x^2 + y^2 = 6^2,0,OK
second run,noisy_text[typo] + full_diagram,472,"(0,0)",B,0,OK
third run,full_text + full_diagram,1,140°,60 degrees,0,OK
third run,full_text + full_diagram,2,65°,50_deg,0,OK
third run,full_text + full_diagram,3,55°,110,0,OK_AFTER_JSON_REPAIR
third run,full_text + full_diagram,4,27°,36_deg,0,OK
third run,full_text + full_diagram,7,45°,30 degrees,0,OK
third run,full_text + full_diagram,8,3cm,5 units,0,OK
third run,full_text + full_diagram,9,6cm,12,0,OK_AFTER_JSON_REPAIR
third run,full_text + full_diagram,10,72°,36_deg,0,OK
third run,full_text + full_diagram,11,84°,36 degrees,0,OK
third run,full_text + full_diagram,14,55°,35 degrees,0,OK
third run,full_text + full_diagram,16,25°,50,0,OK
third run,full_text + full_diagram,17,65°,23_deg,0,OK
third run,full_text + full_diagram,20,20°,140 degrees,0,OK
third run,full_text + full_diagram,22,62°,28 degrees,0,OK
third run,full_text + full_diagram,25,65°,50,0,OK
third run,full_text + full_diagram,26,12,3.2,0,OK
third run,full_text + full_diagram,29,115°,unknown,0,OK
third run,full_text + full_diagram,30,60°,30_deg,0,OK
third run,full_text + full_diagram,32,76°,52 degrees,0,OK
third run,full_text + full_diagram,34,80°,100 degrees,0,OK
third run,full_text + full_diagram,36,20°,50 degrees,0,OK
third run,full_text + full_diagram,37,25°,50 degrees,0,OK
third run,full_text + full_diagram,38,40°,BAC,0,OK
third run,full_text + full_diagram,40,50°,50 degrees,1,OK
third run,full_text + full_diagram,43,40°,30_deg,0,OK
third run,full_text + full_diagram,44,9m,30.0,0,OK
third run,full_text + full_diagram,45,70°,35_deg,0,OK
third run,full_text + full_diagram,46,110°,70,0,OK
third run,full_text + full_diagram,48,130°,100,0,OK
third run,full_text + full_diagram,49,100°,30_deg,0,OK
third run,full_text + full_diagram,50,140°,50 degrees,0,OK
third run,full_text + full_diagram,53,55°,BFD,0,OK
third run,full_text + full_diagram,55,55°,70,0,OK
third run,full_text + full_diagram,56,40°,20 degrees,0,OK
third run,full_text + full_diagram,57,20°,20 degrees,1,OK
third run,full_text + full_diagram,58,55°,55,1,OK
third run,full_text + full_diagram,59,50°,80 degrees,0,OK
third run,full_text + full_diagram,60,45°,135,0,OK
third run,full_text + full_diagram,64,40cm,200,0,OK
third run,full_text + full_diagram,72,8cm,16,0,OK
third run,full_text + full_diagram,73,140°,70 degrees,0,OK
third run,full_text + full_diagram,78,125°,70 degrees,0,OK
third run,full_text + full_diagram,79,16cm,96,0,OK_AFTER_JSON_REPAIR
third run,full_text + full_diagram,81,25°,50,0,OK
third run,full_text + full_diagram,84,√{3},0,0,OK
third run,full_text + full_diagram,86,2√{3},2,0,OK
third run,full_text + full_diagram,88,128°,296,0,OK_AFTER_JSON_REPAIR
third run,full_text + full_diagram,95,30°,90 degrees,0,OK
third run,full_text + full_diagram,99,64°,26 degrees,0,OK
third run,full_text + full_diagram,108,8m,8.0,1,OK
third run,full_text + full_diagram,109,40°,90_deg,0,OK
third run,full_text + full_diagram,112,2.4,2.5,0,OK
third run,full_text + full_diagram,114,\frac{1}{2}cm^{2},0.785,0,OK_AFTER_JSON_REPAIR
third run,full_text + full_diagram,115,4πcm,6 units,0,OK
third run,full_text + full_diagram,117,2√{2}cm,3 units,0,OK
third run,full_text + full_diagram,119,240cm^{2},0,0,OK
third run,full_text + full_diagram,120,9πcm^{2},0,0,OK
third run,full_text + full_diagram,123,15π,Cannot be determined,0,OK
third run,full_text + full_diagram,128,4cm,6,0,OK
third run,full_text + full_diagram,132,10.2m,12,0,OK
third run,full_text + full_diagram,133,120m,80.0,0,OK
third run,full_text + full_diagram,149,\frac{20}{3},10,0,OK
third run,full_text + full_diagram,150,\frac{40}{7}m,9,0,OK
third run,full_text + full_diagram,151,5.1,5,1,OK
third run,full_text + full_diagram,152,4m,"The length of AB is not directly provided in the triples. However, we know that D lies on AB and D lies on the wall. We also know that C lies on the wall. Since D is the point on AB, and C is on the wall, we can infer that AB is the length from B to A. The provided triples do not give us the length of AB, but we can deduce that AB is the length of the segment connecting points A and B.",0,OK
third run,full_text + full_diagram,153,1.5m,2.0,0,OK
third run,full_text + full_diagram,157,\frac{3}{5},3/4,0,OK_AFTER_JSON_REPAIR
third run,full_text + full_diagram,165,\frac{√{3}}{2},sin(B) cannot be determined from the given information.,0,OK
third run,full_text + full_diagram,198,60,60,1,OK_AFTER_JSON_REPAIR
third run,full_text + full_diagram,207,157.1,58.9,0,OK_AFTER_JSON_REPAIR
third run,full_text + full_diagram,210,15,12,0,OK
third run,full_text + full_diagram,211,38,33,0,OK
third run,full_text + full_diagram,223,\sqrt{7},3√2,0,OK
third run,full_text + full_diagram,239,8,4,0,OK
third run,full_text + full_diagram,243,1591,374 miles,0,OK
third run,full_text + full_diagram,257,15,16,0,OK
third run,full_text + full_diagram,264,60,10x,0,OK
third run,full_text + full_diagram,281,0.38,1.08,0,OK_AFTER_JSON_REPAIR
third run,full_text + full_diagram,327,11.8,10.7,0,OK
third run,full_text + full_diagram,348,285,198,0,OK
third run,full_text + full_diagram,364,74.85,65.9,0,OK
third run,full_text + full_diagram,365,23.9,1.0,0,OK
third run,full_text + full_diagram,420,8,x = 10 cm,0,OK
third run,full_text + full_diagram,432,8.246,0,0,OK
third run,full_text + full_diagram,438,\frac{(x+3)^2}{25}-\frac{(y+3)^2}{25}=1,The equation of the hyperbola is (x - 0)^2 - (y - 0)^2 = 1,0,OK
third run,full_text + full_diagram,441,$\frac{4}{5}$,Cannot be determined,0,OK
third run,full_text + full_diagram,447,$\frac{20}{29}$,Undefined,0,OK
third run,full_text + full_diagram,449,$\frac{1}{x}$,1,0,OK
third run,full_text + full_diagram,457,$(x-1)^{2}+(y-3)^{2}=36$,x^2 + y^2 = 6^2,0,OK
third run,full_text + full_diagram,472,"(0,0)",O,0,OK
third run,full_text + noisy_diagram[bg_change],1,140°,40,0,OK
third run,full_text + noisy_diagram[bg_change],2,65°,50 degrees,0,OK
third run,full_text + noisy_diagram[bg_change],3,55°,35,0,OK
third run,full_text + noisy_diagram[bg_change],4,27°,36_deg,0,OK
third run,full_text + noisy_diagram[bg_change],7,45°,35,0,OK
third run,full_text + noisy_diagram[bg_change],8,3cm,12,0,OK_AFTER_JSON_REPAIR
third run,full_text + noisy_diagram[bg_change],9,6cm,Cannot be determined,0,OK
third run,full_text + noisy_diagram[bg_change],10,72°,36,0,OK
third run,full_text + noisy_diagram[bg_change],11,84°,60_deg,0,OK
third run,full_text + noisy_diagram[bg_change],14,55°,35 degrees,0,OK
third run,full_text + noisy_diagram[bg_change],16,25°,50 degrees,0,OK
third run,full_text + noisy_diagram[bg_change],17,65°,unknown,0,OK
third run,full_text + noisy_diagram[bg_change],20,20°,140 degrees,0,OK
third run,full_text + noisy_diagram[bg_change],22,62°,28 degrees,0,OK
third run,full_text + noisy_diagram[bg_change],25,65°,50 degrees,0,OK
third run,full_text + noisy_diagram[bg_change],26,12,22,0,OK
third run,full_text + noisy_diagram[bg_change],29,115°,50 degrees,0,OK
third run,full_text + noisy_diagram[bg_change],30,60°,30_deg,0,OK
third run,full_text + noisy_diagram[bg_change],32,76°,52 degrees,0,OK
third run,full_text + noisy_diagram[bg_change],34,80°,100 degrees,0,OK
third run,full_text + noisy_diagram[bg_change],36,20°,50 degrees,0,OK
third run,full_text + noisy_diagram[bg_change],37,25°,50 degrees,0,OK
third run,full_text + noisy_diagram[bg_change],38,40°,70_deg,0,OK
third run,full_text + noisy_diagram[bg_change],40,50°,50 degrees,1,OK
third run,full_text + noisy_diagram[bg_change],43,40°,30_deg,0,OK
third run,full_text + noisy_diagram[bg_change],44,9m,1.5,0,OK
third run,full_text + noisy_diagram[bg_change],45,70°,The measure of angle AOB is unknown.,0,OK
third run,full_text + noisy_diagram[bg_change],46,110°,70_deg,0,OK
third run,full_text + noisy_diagram[bg_change],48,130°,100 degrees,0,OK
third run,full_text + noisy_diagram[bg_change],49,100°,35_deg,0,OK
third run,full_text + noisy_diagram[bg_change],50,140°,50 degrees,0,OK
third run,full_text + noisy_diagram[bg_change],53,55°,BFD,0,OK
third run,full_text + noisy_diagram[bg_change],55,55°,2,0,OK
third run,full_text + noisy_diagram[bg_change],56,40°,20 degrees,0,OK
third run,full_text + noisy_diagram[bg_change],57,20°,20 degrees,1,OK
third run,full_text + noisy_diagram[bg_change],58,55°,0,0,OK_AFTER_JSON_REPAIR
third run,full_text + noisy_diagram[bg_change],59,50°,80 degrees,0,OK
third run,full_text + noisy_diagram[bg_change],60,45°,135_deg,0,OK
third run,full_text + noisy_diagram[bg_change],64,40cm,200,0,OK
third run,full_text + noisy_diagram[bg_change],72,8cm,16,0,OK_AFTER_JSON_REPAIR
third run,full_text + noisy_diagram[bg_change],73,140°,70 degrees,0,OK
third run,full_text + noisy_diagram[bg_change],78,125°,70 degrees,0,OK_AFTER_JSON_REPAIR
third run,full_text + noisy_diagram[bg_change],79,16cm,32,0,OK
third run,full_text + noisy_diagram[bg_change],81,25°,50,0,OK
third run,full_text + noisy_diagram[bg_change],84,√{3},Cannot be determined,0,OK
third run,full_text + noisy_diagram[bg_change],86,2√{3},2,0,OK
third run,full_text + noisy_diagram[bg_change],88,128°,42_deg,0,OK
third run,full_text + noisy_diagram[bg_change],95,30°,30_deg,1,OK
third run,full_text + noisy_diagram[bg_change],99,64°,26 degrees,0,OK
third run,full_text + noisy_diagram[bg_change],108,8m,8 units,1,OK
third run,full_text + noisy_diagram[bg_change],109,40°,90,0,OK
third run,full_text + noisy_diagram[bg_change],112,2.4,1.433,0,OK_AFTER_JSON_REPAIR
third run,full_text + noisy_diagram[bg_change],114,\frac{1}{2}cm^{2},π/4,0,OK_AFTER_JSON_REPAIR
third run,full_text + noisy_diagram[bg_change],115,4πcm,6 units,0,OK
third run,full_text + noisy_diagram[bg_change],117,2√{2}cm,3 cm,0,OK
third run,full_text + noisy_diagram[bg_change],119,240cm^{2},The area of the sector cardboard cannot be determined from the given information.,0,OK
third run,full_text + noisy_diagram[bg_change],120,9πcm^{2},0,0,OK
third run,full_text + noisy_diagram[bg_change],123,15π,6.0,0,OK
third run,full_text + noisy_diagram[bg_change],128,4cm,6,0,OK
third run,full_text + noisy_diagram[bg_change],132,10.2m,Cannot be determined,0,OK
third run,full_text + noisy_diagram[bg_change],133,120m,120.0_m,0,OK
third run,full_text + noisy_diagram[bg_change],149,\frac{20}{3},13.0,0,OK
third run,full_text + noisy_diagram[bg_change],150,\frac{40}{7}m,BC,0,OK
third run,full_text + noisy_diagram[bg_change],151,5.1,20.0,0,OK
third run,full_text + noisy_diagram[bg_change],152,4m,2,0,OK
third run,full_text + noisy_diagram[bg_change],153,1.5m,3.0,0,OK
third run,full_text + noisy_diagram[bg_change],157,\frac{3}{5},0.75,0,OK
third run,full_text + noisy_diagram[bg_change],165,\frac{√{3}}{2},sin(B) cannot be determined from the given information.,0,OK
third run,full_text + noisy_diagram[bg_change],198,60,0,0,OK
third run,full_text + noisy_diagram[bg_change],207,157.1,628.3,0,OK
third run,full_text + noisy_diagram[bg_change],210,15,16,0,OK
third run,full_text + noisy_diagram[bg_change],211,38,38°,1,OK
third run,full_text + noisy_diagram[bg_change],223,\sqrt{7},x√2,0,OK
third run,full_text + noisy_diagram[bg_change],239,8,1,0,OK
third run,full_text + noisy_diagram[bg_change],243,1591,Unknown,0,OK
third run,full_text + noisy_diagram[bg_change],257,15,16,0,OK
third run,full_text + noisy_diagram[bg_change],264,60,30_deg,0,OK
third run,full_text + noisy_diagram[bg_change],281,0.38,0.96,0,OK
third run,full_text + noisy_diagram[bg_change],327,11.8,10.7,0,OK
third run,full_text + noisy_diagram[bg_change],348,285,100,0,OK
third run,full_text + noisy_diagram[bg_change],364,74.85,65.90,0,OK
third run,full_text + noisy_diagram[bg_change],365,23.9,67.4,0,OK
third run,full_text + noisy_diagram[bg_change],420,8,10,0,OK
third run,full_text + noisy_diagram[bg_change],432,8.246,√[58],0,OK
third run,full_text + noisy_diagram[bg_change],438,\frac{(x+3)^2}{25}-\frac{(y+3)^2}{25}=1,x^2 - y^2 = 25,0,OK
third run,full_text + noisy_diagram[bg_change],441,$\frac{4}{5}$,The value of sin(a) cannot be determined from the provided triples.,0,OK
third run,full_text + noisy_diagram[bg_change],447,$\frac{20}{29}$,Cannot be determined,0,OK
third run,full_text + noisy_diagram[bg_change],449,$\frac{1}{x}$,1,0,OK
third run,full_text + noisy_diagram[bg_change],457,$(x-1)^{2}+(y-3)^{2}=36$,x^2 + y^2 = 6^2,0,OK
third run,full_text + noisy_diagram[bg_change],472,"(0,0)",O,0,OK
third run,full_text + noisy_diagram[blur],1,140°,60 degrees,0,OK
third run,full_text + noisy_diagram[blur],2,65°,50_deg,0,OK
third run,full_text + noisy_diagram[blur],3,55°,70,0,OK
third run,full_text + noisy_diagram[blur],4,27°,36_deg,0,OK
third run,full_text + noisy_diagram[blur],7,45°,35,0,OK
third run,full_text + noisy_diagram[blur],8,3cm,5 units,0,OK_AFTER_JSON_REPAIR
third run,full_text + noisy_diagram[blur],9,6cm,Cannot be determined,0,OK
third run,full_text + noisy_diagram[blur],10,72°,36_deg,0,OK
third run,full_text + noisy_diagram[blur],11,84°,60,0,OK
third run,full_text + noisy_diagram[blur],14,55°,35_deg,0,OK
third run,full_text + noisy_diagram[blur],16,25°,50,0,OK
third run,full_text + noisy_diagram[blur],17,65°,65_deg,1,OK
third run,full_text + noisy_diagram[blur],20,20°,40_deg,0,OK
third run,full_text + noisy_diagram[blur],22,62°,28 degrees,0,OK
third run,full_text + noisy_diagram[blur],25,65°,50,0,OK
third run,full_text + noisy_diagram[blur],26,12,25.2m,0,OK
third run,full_text + noisy_diagram[blur],29,115°,50,0,OK
third run,full_text + noisy_diagram[blur],30,60°,30_deg,0,OK
third run,full_text + noisy_diagram[blur],32,76°,52 degrees,0,OK
third run,full_text + noisy_diagram[blur],34,80°,100 degrees,0,OK
third run,full_text + noisy_diagram[blur],36,20°,50 degrees,0,OK
third run,full_text + noisy_diagram[blur],37,25°,50 degrees,0,OK
third run,full_text + noisy_diagram[blur],38,40°,70 degrees,0,OK
third run,full_text + noisy_diagram[blur],40,50°,50 degrees,1,OK
third run,full_text + noisy_diagram[blur],43,40°,30 degrees,0,OK
third run,full_text + noisy_diagram[blur],44,9m,25,0,OK
third run,full_text + noisy_diagram[blur],45,70°,35_deg,0,OK
third run,full_text + noisy_diagram[blur],46,110°,70_deg,0,OK
third run,full_text + noisy_diagram[blur],48,130°,100°,0,OK
third run,full_text + noisy_diagram[blur],49,100°,35_deg,0,OK
third run,full_text + noisy_diagram[blur],50,140°,50 degrees,0,OK
third run,full_text + noisy_diagram[blur],53,55°,A,0,OK
third run,full_text + noisy_diagram[blur],55,55°,3,0,OK
third run,full_text + noisy_diagram[blur],56,40°,20 degrees,0,OK
third run,full_text + noisy_diagram[blur],57,20°,20 degrees,1,OK
third run,full_text + noisy_diagram[blur],58,55°,55,1,OK_AFTER_JSON_REPAIR
third run,full_text + noisy_diagram[blur],59,50°,80 degrees,0,OK
third run,full_text + noisy_diagram[blur],60,45°,135_deg,0,OK
third run,full_text + noisy_diagram[blur],64,40cm,160.0,0,OK
third run,full_text + noisy_diagram[blur],72,8cm,Cannot be determined,0,OK
third run,full_text + noisy_diagram[blur],73,140°,70 degrees,0,OK_AFTER_JSON_REPAIR
third run,full_text + noisy_diagram[blur],78,125°,70 degrees,0,OK
third run,full_text + noisy_diagram[blur],79,16cm,unknown,0,OK
third run,full_text + noisy_diagram[blur],81,25°,50 degrees,0,OK
third run,full_text + noisy_diagram[blur],84,√{3},0,0,OK
third run,full_text + noisy_diagram[blur],86,2√{3},2,0,OK
third run,full_text + noisy_diagram[blur],88,128°,42_deg,0,OK
third run,full_text + noisy_diagram[blur],95,30°,90 degrees,0,OK
third run,full_text + noisy_diagram[blur],99,64°,26 degrees,0,OK
third run,full_text + noisy_diagram[blur],108,8m,8,1,OK
third run,full_text + noisy_diagram[blur],109,40°,130,0,OK
third run,full_text + noisy_diagram[blur],112,2.4,2.5,0,OK
third run,full_text + noisy_diagram[blur],114,\frac{1}{2}cm^{2},0.75,0,OK_AFTER_JSON_REPAIR
third run,full_text + noisy_diagram[blur],115,4πcm,24.566,0,OK_AFTER_JSON_REPAIR
third run,full_text + noisy_diagram[blur],117,2√{2}cm,3 units,0,OK
third run,full_text + noisy_diagram[blur],119,240cm^{2},0,0,OK
third run,full_text + noisy_diagram[blur],120,9πcm^{2},20,0,OK
third run,full_text + noisy_diagram[blur],123,15π,Cannot be determined,0,OK
third run,full_text + noisy_diagram[blur],128,4cm,6 units,0,OK
third run,full_text + noisy_diagram[blur],132,10.2m,12.0,0,OK
third run,full_text + noisy_diagram[blur],133,120m,80.0_m,0,OK
third run,full_text + noisy_diagram[blur],149,\frac{20}{3},Unknown,0,OK
third run,full_text + noisy_diagram[blur],150,\frac{40}{7}m,7/3,0,OK
third run,full_text + noisy_diagram[blur],151,5.1,5 units,1,OK
third run,full_text + noisy_diagram[blur],152,4m,2.1,0,OK
third run,full_text + noisy_diagram[blur],153,1.5m,1.8,0,OK
third run,full_text + noisy_diagram[blur],157,\frac{3}{5},0.75,0,OK
third run,full_text + noisy_diagram[blur],165,\frac{√{3}}{2},sin(B) cannot be determined,0,OK
third run,full_text + noisy_diagram[blur],198,60,10.5,0,OK
third run,full_text + noisy_diagram[blur],207,157.1,62.8,0,OK
third run,full_text + noisy_diagram[blur],210,15,12,0,OK
third run,full_text + noisy_diagram[blur],211,38,38,1,OK
third run,full_text + noisy_diagram[blur],223,\sqrt{7},5,0,OK
third run,full_text + noisy_diagram[blur],239,8,21,0,OK_AFTER_JSON_REPAIR
third run,full_text + noisy_diagram[blur],243,1591,"The distance from Phoenix to Atlanta is not explicitly stated in the provided triples. However, Phoenix connects to Atlanta via Des Moines.",0,OK
third run,full_text + noisy_diagram[blur],257,15,5,0,OK
third run,full_text + noisy_diagram[blur],264,60,10x + 20x,0,OK
third run,full_text + noisy_diagram[blur],281,0.38,0.38,1,OK_AFTER_JSON_REPAIR
third run,full_text + noisy_diagram[blur],327,11.8,10.7,0,OK
third run,full_text + noisy_diagram[blur],348,285,100,0,OK
third run,full_text + noisy_diagram[blur],364,74.85,65.90,0,OK
third run,full_text + noisy_diagram[blur],365,23.9,30.0,0,OK
third run,full_text + noisy_diagram[blur],420,8,Cannot be determined,0,OK
third run,full_text + noisy_diagram[blur],432,8.246,0,0,OK
third run,full_text + noisy_diagram[blur],438,\frac{(x+3)^2}{25}-\frac{(y+3)^2}{25}=1,The equation of the hyperbola is not explicitly defined by the provided triples.,0,OK
third run,full_text + noisy_diagram[blur],441,$\frac{4}{5}$,sin(a) = 0.5,0,OK
third run,full_text + noisy_diagram[blur],447,$\frac{20}{29}$,20/29,0,OK
third run,full_text + noisy_diagram[blur],449,$\frac{1}{x}$,1.5,0,OK
third run,full_text + noisy_diagram[blur],457,$(x-1)^{2}+(y-3)^{2}=36$,(x-3)^2 + (y-0)^2 = 36,0,OK
third run,full_text + noisy_diagram[blur],472,"(0,0)",O,0,OK
third run,full_text + noisy_diagram[illumination],1,140°,60 degrees,0,OK
third run,full_text + noisy_diagram[illumination],2,65°,The measure of angle EGF is unknown.,0,OK
third run,full_text + noisy_diagram[illumination],3,55°,35,0,OK
third run,full_text + noisy_diagram[illumination],4,27°,36_deg,0,OK
third run,full_text + noisy_diagram[illumination],7,45°,35 degrees,0,OK
third run,full_text + noisy_diagram[illumination],8,3cm,5 units,0,OK_AFTER_JSON_REPAIR
third run,full_text + noisy_diagram[illumination],9,6cm,12,0,OK_AFTER_JSON_REPAIR
third run,full_text + noisy_diagram[illumination],10,72°,36,0,OK
third run,full_text + noisy_diagram[illumination],11,84°,60,0,OK
third run,full_text + noisy_diagram[illumination],14,55°,35 degrees,0,OK
third run,full_text + noisy_diagram[illumination],16,25°,90 degrees,0,OK
third run,full_text + noisy_diagram[illumination],17,65°,23_deg,0,OK
third run,full_text + noisy_diagram[illumination],20,20°,140 degrees,0,OK
third run,full_text + noisy_diagram[illumination],22,62°,28 degrees,0,OK
third run,full_text + noisy_diagram[illumination],25,65°,50 degrees,0,OK
third run,full_text + noisy_diagram[illumination],26,12,22.0,0,OK
third run,full_text + noisy_diagram[illumination],29,115°,50 degrees,0,OK
third run,full_text + noisy_diagram[illumination],30,60°,30_deg,0,OK
third run,full_text + noisy_diagram[illumination],32,76°,52 degrees,0,OK
third run,full_text + noisy_diagram[illumination],34,80°,100 degrees,0,OK
third run,full_text + noisy_diagram[illumination],36,20°,50 degrees,0,OK
third run,full_text + noisy_diagram[illumination],37,25°,50 degrees,0,OK
third run,full_text + noisy_diagram[illumination],38,40°,70_deg,0,OK
third run,full_text + noisy_diagram[illumination],40,50°,50 degrees,1,OK
third run,full_text + noisy_diagram[illumination],43,40°,30_deg,0,OK
third run,full_text + noisy_diagram[illumination],44,9m,1.5,0,OK
third run,full_text + noisy_diagram[illumination],45,70°,35 degrees,0,OK
third run,full_text + noisy_diagram[illumination],46,110°,70_deg,0,OK
third run,full_text + noisy_diagram[illumination],48,130°,100,0,OK
third run,full_text + noisy_diagram[illumination],49,100°,35_deg,0,OK
third run,full_text + noisy_diagram[illumination],50,140°,50_deg,0,OK
third run,full_text + noisy_diagram[illumination],53,55°,BFD,0,OK
third run,full_text + noisy_diagram[illumination],55,55°,70,0,OK
third run,full_text + noisy_diagram[illumination],56,40°,20 degrees,0,OK
third run,full_text + noisy_diagram[illumination],57,20°,20 degrees,1,OK
third run,full_text + noisy_diagram[illumination],58,55°,55,1,OK
third run,full_text + noisy_diagram[illumination],59,50°,80_deg,0,OK
third run,full_text + noisy_diagram[illumination],60,45°,30_deg,0,OK
third run,full_text + noisy_diagram[illumination],64,40cm,200,0,OK
third run,full_text + noisy_diagram[illumination],72,8cm,16,0,OK
third run,full_text + noisy_diagram[illumination],73,140°,70 degrees,0,OK
third run,full_text + noisy_diagram[illumination],78,125°,70 degrees,0,OK
third run,full_text + noisy_diagram[illumination],79,16cm,32,0,OK
third run,full_text + noisy_diagram[illumination],81,25°,50,0,OK
third run,full_text + noisy_diagram[illumination],84,√{3},1,0,OK_AFTER_JSON_REPAIR
third run,full_text + noisy_diagram[illumination],86,2√{3},2.0,0,OK
third run,full_text + noisy_diagram[illumination],88,128°,42_deg,0,OK
third run,full_text + noisy_diagram[illumination],95,30°,90 degrees,0,OK
third run,full_text + noisy_diagram[illumination],99,64°,26 degrees,0,OK
third run,full_text + noisy_diagram[illumination],108,8m,8 units,1,OK
third run,full_text + noisy_diagram[illumination],109,40°,90,0,OK
third run,full_text + noisy_diagram[illumination],112,2.4,2.5,0,OK
third run,full_text + noisy_diagram[illumination],114,\frac{1}{2}cm^{2},0.785,0,OK
third run,full_text + noisy_diagram[illumination],115,4πcm,6,0,OK
third run,full_text + noisy_diagram[illumination],117,2√{2}cm,12,0,OK
third run,full_text + noisy_diagram[illumination],119,240cm^{2},0,0,OK
third run,full_text + noisy_diagram[illumination],120,9πcm^{2},6.25,0,OK_AFTER_JSON_REPAIR
third run,full_text + noisy_diagram[illumination],123,15π,15.0,0,OK_AFTER_JSON_REPAIR
third run,full_text + noisy_diagram[illumination],128,4cm,6,0,OK
third run,full_text + noisy_diagram[illumination],132,10.2m,0.6,0,OK
third run,full_text + noisy_diagram[illumination],133,120m,120.0_m,0,OK
third run,full_text + noisy_diagram[illumination],149,\frac{20}{3},Not enough information,0,OK
third run,full_text + noisy_diagram[illumination],150,\frac{40}{7}m,BC,0,OK
third run,full_text + noisy_diagram[illumination],151,5.1,20_units,0,OK
third run,full_text + noisy_diagram[illumination],152,4m,2.1,0,OK
third run,full_text + noisy_diagram[illumination],153,1.5m,1.8,0,OK
third run,full_text + noisy_diagram[illumination],157,\frac{3}{5},4/5,0,OK
third run,full_text + noisy_diagram[illumination],165,\frac{√{3}}{2},sin(B) cannot be determined from the given information.,0,OK
third run,full_text + noisy_diagram[illumination],198,60,60,1,OK_AFTER_JSON_REPAIR
third run,full_text + noisy_diagram[illumination],207,157.1,62.8,0,OK
third run,full_text + noisy_diagram[illumination],210,15,16,0,OK
third run,full_text + noisy_diagram[illumination],211,38,83,0,OK
third run,full_text + noisy_diagram[illumination],223,\sqrt{7},3√2,0,OK
third run,full_text + noisy_diagram[illumination],239,8,21,0,OK_AFTER_JSON_REPAIR
third run,full_text + noisy_diagram[illumination],243,1591,The distance from Phoenix to Atlanta is 73.8x miles.,0,OK
third run,full_text + noisy_diagram[illumination],257,15,16,0,OK
third run,full_text + noisy_diagram[illumination],264,60,0,0,OK
third run,full_text + noisy_diagram[illumination],281,0.38,0.81,0,OK
third run,full_text + noisy_diagram[illumination],327,11.8,10.7,0,OK
third run,full_text + noisy_diagram[illumination],348,285,100,0,OK
third run,full_text + noisy_diagram[illumination],364,74.85,65.90,0,OK
third run,full_text + noisy_diagram[illumination],365,23.9,90.0,0,OK
third run,full_text + noisy_diagram[illumination],420,8,x = sqrt(136),0,OK_AFTER_JSON_REPAIR
third run,full_text + noisy_diagram[illumination],432,8.246,5,0,OK_AFTER_JSON_REPAIR
third run,full_text + noisy_diagram[illumination],438,\frac{(x+3)^2}{25}-\frac{(y+3)^2}{25}=1,x^2 - y^2 = 0,0,OK
third run,full_text + noisy_diagram[illumination],441,$\frac{4}{5}$,sin(30_deg),0,OK
third run,full_text + noisy_diagram[illumination],447,$\frac{20}{29}$,20/29,0,OK
third run,full_text + noisy_diagram[illumination],449,$\frac{1}{x}$,The value of sec theta at point P cannot be determined from the given triples.,0,OK
third run,full_text + noisy_diagram[illumination],457,$(x-1)^{2}+(y-3)^{2}=36$,x^2 + y^2 = 6^2,0,OK
third run,full_text + noisy_diagram[illumination],472,"(0,0)",O,0,OK
third run,full_text + noisy_diagram[irr_objects],1,140°,60 degrees,0,OK
third run,full_text + noisy_diagram[irr_objects],2,65°,50_deg,0,OK
third run,full_text + noisy_diagram[irr_objects],3,55°,70 degrees,0,OK
third run,full_text + noisy_diagram[irr_objects],4,27°,36_deg,0,OK
third run,full_text + noisy_diagram[irr_objects],7,45°,35,0,OK
third run,full_text + noisy_diagram[irr_objects],8,3cm,12,0,OK_AFTER_JSON_REPAIR
third run,full_text + noisy_diagram[irr_objects],9,6cm,6,1,OK_AFTER_JSON_REPAIR
third run,full_text + noisy_diagram[irr_objects],10,72°,36,0,OK
third run,full_text + noisy_diagram[irr_objects],11,84°,36,0,OK
third run,full_text + noisy_diagram[irr_objects],14,55°,30 degrees,0,OK
third run,full_text + noisy_diagram[irr_objects],16,25°,50 degrees,0,OK
third run,full_text + noisy_diagram[irr_objects],17,65°,23_deg,0,OK
third run,full_text + noisy_diagram[irr_objects],20,20°,40,0,OK
third run,full_text + noisy_diagram[irr_objects],22,62°,28 degrees,0,OK
third run,full_text + noisy_diagram[irr_objects],25,65°,50 degrees,0,OK
third run,full_text + noisy_diagram[irr_objects],26,12,22.0,0,OK
third run,full_text + noisy_diagram[irr_objects],29,115°,50 degrees,0,OK
third run,full_text + noisy_diagram[irr_objects],30,60°,30_deg,0,OK
third run,full_text + noisy_diagram[irr_objects],32,76°,52 degrees,0,OK
third run,full_text + noisy_diagram[irr_objects],34,80°,100 degrees,0,OK
third run,full_text + noisy_diagram[irr_objects],36,20°,50 degrees,0,OK
third run,full_text + noisy_diagram[irr_objects],37,25°,50 degrees,0,OK
third run,full_text + noisy_diagram[irr_objects],38,40°,Cannot be determined.,0,OK
third run,full_text + noisy_diagram[irr_objects],40,50°,50 degrees,1,OK
third run,full_text + noisy_diagram[irr_objects],43,40°,30_deg,0,OK
third run,full_text + noisy_diagram[irr_objects],44,9m,1.5,0,OK
third run,full_text + noisy_diagram[irr_objects],45,70°,35_deg,0,OK
third run,full_text + noisy_diagram[irr_objects],46,110°,70_deg,0,OK
third run,full_text + noisy_diagram[irr_objects],48,130°,80,0,OK_AFTER_JSON_REPAIR
third run,full_text + noisy_diagram[irr_objects],49,100°,35_deg,0,OK
third run,full_text + noisy_diagram[irr_objects],50,140°,50 degrees,0,OK
third run,full_text + noisy_diagram[irr_objects],53,55°,BFD,0,OK
third run,full_text + noisy_diagram[irr_objects],55,55°,point,0,OK
third run,full_text + noisy_diagram[irr_objects],56,40°,20 degrees,0,OK
third run,full_text + noisy_diagram[irr_objects],57,20°,20 degrees,1,OK
third run,full_text + noisy_diagram[irr_objects],58,55°,125,0,OK_AFTER_JSON_REPAIR
third run,full_text + noisy_diagram[irr_objects],59,50°,80 degrees,0,OK
third run,full_text + noisy_diagram[irr_objects],60,45°,135_deg,0,OK
third run,full_text + noisy_diagram[irr_objects],64,40cm,200.0,0,OK
third run,full_text + noisy_diagram[irr_objects],72,8cm,16,0,OK
third run,full_text + noisy_diagram[irr_objects],73,140°,70 degrees,0,OK_AFTER_JSON_REPAIR
third run,full_text + noisy_diagram[irr_objects],78,125°,70 degrees,0,OK
third run,full_text + noisy_diagram[irr_objects],79,16cm,AD,0,OK
third run,full_text + noisy_diagram[irr_objects],81,25°,50 degrees,0,OK
third run,full_text + noisy_diagram[irr_objects],84,√{3},0,0,OK
third run,full_text + noisy_diagram[irr_objects],86,2√{3},2,0,OK
third run,full_text + noisy_diagram[irr_objects],88,128°,60,0,OK_AFTER_JSON_REPAIR
third run,full_text + noisy_diagram[irr_objects],95,30°,90 degrees,0,OK
third run,full_text + noisy_diagram[irr_objects],99,64°,26 degrees,0,OK
third run,full_text + noisy_diagram[irr_objects],108,8m,8,1,OK
third run,full_text + noisy_diagram[irr_objects],109,40°,130,0,OK
third run,full_text + noisy_diagram[irr_objects],112,2.4,3.2,0,OK_AFTER_JSON_REPAIR
third run,full_text + noisy_diagram[irr_objects],114,\frac{1}{2}cm^{2},π/4,0,OK_AFTER_JSON_REPAIR
third run,full_text + noisy_diagram[irr_objects],115,4πcm,6 units,0,OK
third run,full_text + noisy_diagram[irr_objects],117,2√{2}cm,3,0,OK
third run,full_text + noisy_diagram[irr_objects],119,240cm^{2},144π cm²,0,OK
third run,full_text + noisy_diagram[irr_objects],120,9πcm^{2},5 square units,0,OK
third run,full_text + noisy_diagram[irr_objects],123,15π,Cannot be determined,0,OK
third run,full_text + noisy_diagram[irr_objects],128,4cm,6,0,OK
third run,full_text + noisy_diagram[irr_objects],132,10.2m,1.0,0,OK_AFTER_JSON_REPAIR
third run,full_text + noisy_diagram[irr_objects],133,120m,80.0_m,0,OK
third run,full_text + noisy_diagram[irr_objects],149,\frac{20}{3},9.165,0,OK_AFTER_JSON_REPAIR
third run,full_text + noisy_diagram[irr_objects],150,\frac{40}{7}m,7/3,0,OK
third run,full_text + noisy_diagram[irr_objects],151,5.1,20 units,0,OK
third run,full_text + noisy_diagram[irr_objects],152,4m,1.9,0,OK
third run,full_text + noisy_diagram[irr_objects],153,1.5m,1.8,0,OK
third run,full_text + noisy_diagram[irr_objects],157,\frac{3}{5},0.75,0,OK_AFTER_JSON_REPAIR
third run,full_text + noisy_diagram[irr_objects],165,\frac{√{3}}{2},0.5,0,OK_AFTER_JSON_REPAIR
third run,full_text + noisy_diagram[irr_objects],198,60,0,0,OK
third run,full_text + noisy_diagram[irr_objects],207,157.1,62.8,0,OK
third run,full_text + noisy_diagram[irr_objects],210,15,16,0,OK
third run,full_text + noisy_diagram[irr_objects],211,38,38,1,OK
third run,full_text + noisy_diagram[irr_objects],223,\sqrt{7},5,0,OK
third run,full_text + noisy_diagram[irr_objects],239,8,4,0,OK
third run,full_text + noisy_diagram[irr_objects],243,1591,Cannot be determined.,0,OK
third run,full_text + noisy_diagram[irr_objects],257,15,5,0,OK
third run,full_text + noisy_diagram[irr_objects],264,60,10x,0,OK
third run,full_text + noisy_diagram[irr_objects],281,0.38,0.38,1,OK_AFTER_JSON_REPAIR
third run,full_text + noisy_diagram[irr_objects],327,11.8,10.7,0,OK
third run,full_text + noisy_diagram[irr_objects],348,285,198,0,OK
third run,full_text + noisy_diagram[irr_objects],364,74.85,65.9,0,OK
third run,full_text + noisy_diagram[irr_objects],365,23.9,90.0,0,OK
third run,full_text + noisy_diagram[irr_objects],420,8,10,0,OK_AFTER_JSON_REPAIR
third run,full_text + noisy_diagram[irr_objects],432,8.246,√((-3-5)^2 + (4-2)^2) = √((-8)^2 + (2)^2) = √(64 + 4) = √68 = 2√17,0,OK
third run,full_text + noisy_diagram[irr_objects],438,\frac{(x+3)^2}{25}-\frac{(y+3)^2}{25}=1,The equation of the hyperbola is not explicitly defined by the provided triples.,0,OK
third run,full_text + noisy_diagram[irr_objects],441,$\frac{4}{5}$,2/5,0,OK
third run,full_text + noisy_diagram[irr_objects],447,$\frac{20}{29}$,20/29,0,OK
third run,full_text + noisy_diagram[irr_objects],449,$\frac{1}{x}$,1,0,OK
third run,full_text + noisy_diagram[irr_objects],457,$(x-1)^{2}+(y-3)^{2}=36$,x^2 + y^2 = 6^2,0,OK
third run,full_text + noisy_diagram[irr_objects],472,"(0,0)",O,0,OK
third run,full_text + noisy_diagram[pixel_noise],1,140°,60 degrees,0,OK
third run,full_text + noisy_diagram[pixel_noise],2,65°,50 degrees,0,OK
third run,full_text + noisy_diagram[pixel_noise],3,55°,70 degrees,0,OK
third run,full_text + noisy_diagram[pixel_noise],4,27°,36_deg,0,OK
third run,full_text + noisy_diagram[pixel_noise],7,45°,30_deg,0,OK
third run,full_text + noisy_diagram[pixel_noise],8,3cm,12.0,0,OK
third run,full_text + noisy_diagram[pixel_noise],9,6cm,12,0,OK_AFTER_JSON_REPAIR
third run,full_text + noisy_diagram[pixel_noise],10,72°,36_deg,0,OK
third run,full_text + noisy_diagram[pixel_noise],11,84°,36 degrees,0,OK
third run,full_text + noisy_diagram[pixel_noise],14,55°,30 degrees,0,OK
third run,full_text + noisy_diagram[pixel_noise],16,25°,50,0,OK
third run,full_text + noisy_diagram[pixel_noise],17,65°,23_deg,0,OK
third run,full_text + noisy_diagram[pixel_noise],20,20°,70,0,OK_AFTER_JSON_REPAIR
third run,full_text + noisy_diagram[pixel_noise],22,62°,28 degrees,0,OK
third run,full_text + noisy_diagram[pixel_noise],25,65°,50 degrees,0,OK
third run,full_text + noisy_diagram[pixel_noise],26,12,22,0,OK
third run,full_text + noisy_diagram[pixel_noise],29,115°,50_deg,0,OK
third run,full_text + noisy_diagram[pixel_noise],30,60°,30_deg,0,OK
third run,full_text + noisy_diagram[pixel_noise],32,76°,52 degrees,0,OK
third run,full_text + noisy_diagram[pixel_noise],34,80°,100 degrees,0,OK
third run,full_text + noisy_diagram[pixel_noise],36,20°,Unknown,0,OK
third run,full_text + noisy_diagram[pixel_noise],37,25°,50 degrees,0,OK
third run,full_text + noisy_diagram[pixel_noise],38,40°,70_deg,0,OK
third run,full_text + noisy_diagram[pixel_noise],40,50°,50 degrees,1,OK
third run,full_text + noisy_diagram[pixel_noise],43,40°,30_deg,0,OK
third run,full_text + noisy_diagram[pixel_noise],44,9m,1.5,0,OK
third run,full_text + noisy_diagram[pixel_noise],45,70°,35 degrees,0,OK
third run,full_text + noisy_diagram[pixel_noise],46,110°,70_deg,0,OK
third run,full_text + noisy_diagram[pixel_noise],48,130°,100°,0,OK
third run,full_text + noisy_diagram[pixel_noise],49,100°,35_deg,0,OK
third run,full_text + noisy_diagram[pixel_noise],50,140°,50 degrees,0,OK
third run,full_text + noisy_diagram[pixel_noise],53,55°,transversal,0,OK
third run,full_text + noisy_diagram[pixel_noise],55,55°,3,0,OK
third run,full_text + noisy_diagram[pixel_noise],56,40°,20 degrees,0,OK
third run,full_text + noisy_diagram[pixel_noise],57,20°,20 degrees,1,OK
third run,full_text + noisy_diagram[pixel_noise],58,55°,90_deg,0,OK
third run,full_text + noisy_diagram[pixel_noise],59,50°,80 degrees,0,OK
third run,full_text + noisy_diagram[pixel_noise],60,45°,135_deg,0,OK
third run,full_text + noisy_diagram[pixel_noise],64,40cm,200.0,0,OK
third run,full_text + noisy_diagram[pixel_noise],72,8cm,16,0,OK
third run,full_text + noisy_diagram[pixel_noise],73,140°,70 degrees,0,OK
third run,full_text + noisy_diagram[pixel_noise],78,125°,70 degrees,0,OK
third run,full_text + noisy_diagram[pixel_noise],79,16cm,ED,0,OK
third run,full_text + noisy_diagram[pixel_noise],81,25°,50,0,OK_AFTER_JSON_REPAIR
third run,full_text + noisy_diagram[pixel_noise],84,√{3},1.0,0,OK
third run,full_text + noisy_diagram[pixel_noise],86,2√{3},2.0_units,0,OK
third run,full_text + noisy_diagram[pixel_noise],88,128°,42_deg,0,OK
third run,full_text + noisy_diagram[pixel_noise],95,30°,90.0,0,OK
third run,full_text + noisy_diagram[pixel_noise],99,64°,26 degrees,0,OK
third run,full_text + noisy_diagram[pixel_noise],108,8m,8 units,1,OK
third run,full_text + noisy_diagram[pixel_noise],109,40°,90,0,OK
third run,full_text + noisy_diagram[pixel_noise],112,2.4,2.6,0,OK_AFTER_JSON_REPAIR
third run,full_text + noisy_diagram[pixel_noise],114,\frac{1}{2}cm^{2},0.5,0,OK_AFTER_JSON_REPAIR
third run,full_text + noisy_diagram[pixel_noise],115,4πcm,12,0,OK
third run,full_text + noisy_diagram[pixel_noise],117,2√{2}cm,3,0,OK
third run,full_text + noisy_diagram[pixel_noise],119,240cm^{2},48π cm²,0,OK
third run,full_text + noisy_diagram[pixel_noise],120,9πcm^{2},5,0,OK
third run,full_text + noisy_diagram[pixel_noise],123,15π,12π,0,OK_AFTER_JSON_REPAIR
third run,full_text + noisy_diagram[pixel_noise],128,4cm,6,0,OK
third run,full_text + noisy_diagram[pixel_noise],132,10.2m,0.6,0,OK
third run,full_text + noisy_diagram[pixel_noise],133,120m,140.0_m,0,OK
third run,full_text + noisy_diagram[pixel_noise],149,\frac{20}{3},Not enough information,0,OK
third run,full_text + noisy_diagram[pixel_noise],150,\frac{40}{7}m,9,0,OK
third run,full_text + noisy_diagram[pixel_noise],151,5.1,5 units,1,OK
third run,full_text + noisy_diagram[pixel_noise],152,4m,3.5,0,OK
third run,full_text + noisy_diagram[pixel_noise],153,1.5m,2.0,0,OK
third run,full_text + noisy_diagram[pixel_noise],157,\frac{3}{5},4/5,0,OK_AFTER_JSON_REPAIR
third run,full_text + noisy_diagram[pixel_noise],165,\frac{√{3}}{2},sin(B) cannot be determined from the given information.,0,OK
third run,full_text + noisy_diagram[pixel_noise],198,60,60,1,OK_AFTER_JSON_REPAIR
third run,full_text + noisy_diagram[pixel_noise],207,157.1,100π,0,OK_AFTER_JSON_REPAIR
third run,full_text + noisy_diagram[pixel_noise],210,15,AE,0,OK
third run,full_text + noisy_diagram[pixel_noise],211,38,38,1,OK
third run,full_text + noisy_diagram[pixel_noise],223,\sqrt{7},5,0,OK
third run,full_text + noisy_diagram[pixel_noise],239,8,4,0,OK
third run,full_text + noisy_diagram[pixel_noise],243,1591,1047 miles,0,OK
third run,full_text + noisy_diagram[pixel_noise],257,15,5,0,OK
third run,full_text + noisy_diagram[pixel_noise],264,60,10x,0,OK
third run,full_text + noisy_diagram[pixel_noise],281,0.38,0.69,0,OK
third run,full_text + noisy_diagram[pixel_noise],327,11.8,10.7,0,OK
third run,full_text + noisy_diagram[pixel_noise],348,285,100,0,OK
third run,full_text + noisy_diagram[pixel_noise],364,74.85,91.40,0,OK
third run,full_text + noisy_diagram[pixel_noise],365,23.9,90.0,0,OK
third run,full_text + noisy_diagram[pixel_noise],420,8,x,0,OK
third run,full_text + noisy_diagram[pixel_noise],432,8.246,0,0,OK
third run,full_text + noisy_diagram[pixel_noise],438,\frac{(x+3)^2}{25}-\frac{(y+3)^2}{25}=1,The equation of the hyperbola is not explicitly defined by the provided triples.,0,OK
third run,full_text + noisy_diagram[pixel_noise],441,$\frac{4}{5}$,Undefined,0,OK
third run,full_text + noisy_diagram[pixel_noise],447,$\frac{20}{29}$,20/29,0,OK
third run,full_text + noisy_diagram[pixel_noise],449,$\frac{1}{x}$,Cannot be determined,0,OK
third run,full_text + noisy_diagram[pixel_noise],457,$(x-1)^{2}+(y-3)^{2}=36$,The equation of the circle is (x-0)^2 + (y-0)^2 = 6^2,0,OK
third run,full_text + noisy_diagram[pixel_noise],472,"(0,0)",O,0,OK
third run,half_text + half_diagram,1,140°,60 degrees,0,OK
third run,half_text + half_diagram,2,65°,50 degrees,0,OK
third run,half_text + half_diagram,3,55°,70,0,OK
third run,half_text + half_diagram,4,27°,36 degrees,0,OK
third run,half_text + half_diagram,7,45°,35 degrees,0,OK
third run,half_text + half_diagram,8,3cm,7.0,0,OK
third run,half_text + half_diagram,9,6cm,6 + 6 = 12,0,OK_AFTER_JSON_REPAIR
third run,half_text + half_diagram,10,72°,36_deg,0,OK
third run,half_text + half_diagram,11,84°,36_deg,0,OK
third run,half_text + half_diagram,14,55°,35 degrees,0,OK
third run,half_text + half_diagram,16,25°,50 degrees,0,OK
third run,half_text + half_diagram,17,65°,23 degrees,0,OK
third run,half_text + half_diagram,20,20°,40_deg,0,OK
third run,half_text + half_diagram,22,62°,28 degrees,0,OK
third run,half_text + half_diagram,25,65°,50,0,OK
third run,half_text + half_diagram,26,12,22.0,0,OK
third run,half_text + half_diagram,29,115°,50_deg,0,OK
third run,half_text + half_diagram,30,60°,30_deg,0,OK
third run,half_text + half_diagram,32,76°,52_deg,0,OK
third run,half_text + half_diagram,34,80°,100 degrees,0,OK
third run,half_text + half_diagram,36,20°,50 degrees,0,OK
third run,half_text + half_diagram,37,25°,50 degrees,0,OK
third run,half_text + half_diagram,38,40°,70_deg,0,OK
third run,half_text + half_diagram,40,50°,50_deg,1,OK
third run,half_text + half_diagram,43,40°,30_deg,0,OK
third run,half_text + half_diagram,44,9m,25,0,OK
third run,half_text + half_diagram,45,70°,35_deg,0,OK
third run,half_text + half_diagram,46,110°,70 degrees,0,OK
third run,half_text + half_diagram,48,130°,100_deg,0,OK
third run,half_text + half_diagram,49,100°,30_deg,0,OK
third run,half_text + half_diagram,50,140°,50 degrees,0,OK
third run,half_text + half_diagram,53,55°,2,0,OK
third run,half_text + half_diagram,55,55°,2,0,OK
third run,half_text + half_diagram,56,40°,20 degrees,0,OK
third run,half_text + half_diagram,57,20°,30_deg,0,OK
third run,half_text + half_diagram,58,55°,35,0,OK
third run,half_text + half_diagram,59,50°,80_deg,0,OK
third run,half_text + half_diagram,60,45°,135_deg,0,OK
third run,half_text + half_diagram,64,40cm,160.0,0,OK
third run,half_text + half_diagram,72,8cm,16,0,OK
third run,half_text + half_diagram,73,140°,70 degrees,0,OK
third run,half_text + half_diagram,78,125°,15 degrees,0,OK
third run,half_text + half_diagram,79,16cm,32,0,OK_AFTER_JSON_REPAIR
third run,half_text + half_diagram,81,25°,40,0,OK_AFTER_JSON_REPAIR
third run,half_text + half_diagram,84,√{3},0,0,OK
third run,half_text + half_diagram,86,2√{3},0,0,OK
third run,half_text + half_diagram,88,128°,22_deg,0,OK
third run,half_text + half_diagram,95,30°,90_deg,0,OK
third run,half_text + half_diagram,99,64°,26 degrees,0,OK
third run,half_text + half_diagram,108,8m,8.0,1,OK
third run,half_text + half_diagram,109,40°,130 degrees,0,OK
third run,half_text + half_diagram,112,2.4,Unknown,0,OK
third run,half_text + half_diagram,114,\frac{1}{2}cm^{2},0.785,0,OK_AFTER_JSON_REPAIR
third run,half_text + half_diagram,115,4πcm,5 * sqrt(3),0,OK_AFTER_JSON_REPAIR
third run,half_text + half_diagram,117,2√{2}cm,120 degrees,0,OK
third run,half_text + half_diagram,119,240cm^{2},24,0,OK
third run,half_text + half_diagram,120,9πcm^{2},unknown,0,OK
third run,half_text + half_diagram,123,15π,15.0,0,OK
third run,half_text + half_diagram,128,4cm,6,0,OK
third run,half_text + half_diagram,132,10.2m,3.6,0,OK_AFTER_JSON_REPAIR
third run,half_text + half_diagram,133,120m,80m,0,OK
third run,half_text + half_diagram,149,\frac{20}{3},10.0,0,OK
third run,half_text + half_diagram,150,\frac{40}{7}m,7/3,0,OK_AFTER_JSON_REPAIR
third run,half_text + half_diagram,151,5.1,1.7,0,OK
third run,half_text + half_diagram,152,4m,2.1,0,OK
third run,half_text + half_diagram,153,1.5m,2.8,0,OK
third run,half_text + half_diagram,157,\frac{3}{5},4/5,0,OK
third run,half_text + half_diagram,165,\frac{√{3}}{2},1/2,0,OK_AFTER_JSON_REPAIR
third run,half_text + half_diagram,198,60,84.5,0,OK_AFTER_JSON_REPAIR
third run,half_text + half_diagram,207,157.1,2π,0,OK_AFTER_JSON_REPAIR
third run,half_text + half_diagram,210,15,16,0,OK
third run,half_text + half_diagram,211,38,38°,1,OK
third run,half_text + half_diagram,223,\sqrt{7},5,0,OK
third run,half_text + half_diagram,239,8,20,0,OK_AFTER_JSON_REPAIR
third run,half_text + half_diagram,243,1591,1044 miles,0,OK_AFTER_JSON_REPAIR
third run,half_text + half_diagram,257,15,unknown,0,OK
third run,half_text + half_diagram,264,60,30_deg,0,OK
third run,half_text + half_diagram,281,0.38,0.36,1,OK_AFTER_JSON_REPAIR
third run,half_text + half_diagram,327,11.8,10.7,0,OK
third run,half_text + half_diagram,348,285,44,0,OK
third run,half_text + half_diagram,364,74.85,65.9,0,OK
third run,half_text + half_diagram,365,23.9,2344.0,0,OK
third run,half_text + half_diagram,420,8,6 cm,0,OK
third run,half_text + half_diagram,432,8.246,√((-3 - 5)^2 + (4 - 0)^2) = √((-8)^2 + (4)^2) = √(64 + 16) = √80 = 4√5,0,OK
third run,half_text + half_diagram,438,\frac{(x+3)^2}{25}-\frac{(y+3)^2}{25}=1,"The equation of the hyperbola is centered at (0, -3) with vertices at (2, -3) and (-8, -3).",0,OK
third run,half_text + half_diagram,441,$\frac{4}{5}$,The value of sin(a) cannot be determined from the given triples.,0,OK
third run,half_text + half_diagram,447,$\frac{20}{29}$,Cannot be determined,0,OK
third run,half_text + half_diagram,449,$\frac{1}{x}$,Cannot be determined,0,OK
third run,half_text + half_diagram,457,$(x-1)^{2}+(y-3)^{2}=36$,x^2 + y^2 = 30^2,0,OK
third run,half_text + half_diagram,472,"(0,0)",O,0,OK
third run,half_text + noisy_half_diagram[bg_change],1,140°,60 degrees,0,OK
third run,half_text + noisy_half_diagram[bg_change],2,65°,50_deg,0,OK
third run,half_text + noisy_half_diagram[bg_change],3,55°,35,0,OK_AFTER_JSON_REPAIR
third run,half_text + noisy_half_diagram[bg_change],4,27°,36 degrees,0,OK
third run,half_text + noisy_half_diagram[bg_change],7,45°,70,0,OK
third run,half_text + noisy_half_diagram[bg_change],8,3cm,7.0,0,OK_AFTER_JSON_REPAIR
third run,half_text + noisy_half_diagram[bg_change],9,6cm,12,0,OK_AFTER_JSON_REPAIR
third run,half_text + noisy_half_diagram[bg_change],10,72°,36,0,OK
third run,half_text + noisy_half_diagram[bg_change],11,84°,60,0,OK
third run,half_text + noisy_half_diagram[bg_change],14,55°,30_deg,0,OK
third run,half_text + noisy_half_diagram[bg_change],16,25°,30 degrees,0,OK
third run,half_text + noisy_half_diagram[bg_change],17,65°,42 degrees,0,OK
third run,half_text + noisy_half_diagram[bg_change],20,20°,70_deg,0,OK_AFTER_JSON_REPAIR
third run,half_text + noisy_half_diagram[bg_change],22,62°,28 degrees,0,OK
third run,half_text + noisy_half_diagram[bg_change],25,65°,50 degrees,0,OK
third run,half_text + noisy_half_diagram[bg_change],26,12,30.0,0,OK
third run,half_text + noisy_half_diagram[bg_change],29,115°,50 degrees,0,OK
third run,half_text + noisy_half_diagram[bg_change],30,60°,30_deg,0,OK
third run,half_text + noisy_half_diagram[bg_change],32,76°,52_deg,0,OK
third run,half_text + noisy_half_diagram[bg_change],34,80°,100,0,OK
third run,half_text + noisy_half_diagram[bg_change],36,20°,50 degrees,0,OK
third run,half_text + noisy_half_diagram[bg_change],37,25°,50,0,OK
third run,half_text + noisy_half_diagram[bg_change],38,40°,70_deg,0,OK
third run,half_text + noisy_half_diagram[bg_change],40,50°,50_deg,1,OK
third run,half_text + noisy_half_diagram[bg_change],43,40°,30_deg,0,OK
third run,half_text + noisy_half_diagram[bg_change],44,9m,1.5 units,0,OK
third run,half_text + noisy_half_diagram[bg_change],45,70°,35,0,OK
third run,half_text + noisy_half_diagram[bg_change],46,110°,70,0,OK
third run,half_text + noisy_half_diagram[bg_change],48,130°,100 degrees,0,OK
third run,half_text + noisy_half_diagram[bg_change],49,100°,115,0,OK
third run,half_text + noisy_half_diagram[bg_change],50,140°,50_deg,0,OK
third run,half_text + noisy_half_diagram[bg_change],53,55°,BFD,0,OK
third run,half_text + noisy_half_diagram[bg_change],55,55°,70,0,OK
third run,half_text + noisy_half_diagram[bg_change],56,40°,20_deg,0,OK
third run,half_text + noisy_half_diagram[bg_change],57,20°,20,1,OK
third run,half_text + noisy_half_diagram[bg_change],58,55°,35,0,OK
third run,half_text + noisy_half_diagram[bg_change],59,50°,80,0,OK
third run,half_text + noisy_half_diagram[bg_change],60,45°,135_deg,0,OK
third run,half_text + noisy_half_diagram[bg_change],64,40cm,160.0,0,OK
third run,half_text + noisy_half_diagram[bg_change],72,8cm,11,0,OK_AFTER_JSON_REPAIR
third run,half_text + noisy_half_diagram[bg_change],73,140°,70 degrees,0,OK
third run,half_text + noisy_half_diagram[bg_change],78,125°,90 degrees,0,OK_AFTER_JSON_REPAIR
third run,half_text + noisy_half_diagram[bg_change],79,16cm,15,0,OK_AFTER_JSON_REPAIR
third run,half_text + noisy_half_diagram[bg_change],81,25°,40,0,OK_AFTER_JSON_REPAIR
third run,half_text + noisy_half_diagram[bg_change],84,√{3},BC,0,OK
third run,half_text + noisy_half_diagram[bg_change],86,2√{3},BC,0,OK
third run,half_text + noisy_half_diagram[bg_change],88,128°,22 degrees,0,OK
third run,half_text + noisy_half_diagram[bg_change],95,30°,90_deg,0,OK
third run,half_text + noisy_half_diagram[bg_change],99,64°,26 degrees,0,OK
third run,half_text + noisy_half_diagram[bg_change],108,8m,8.0,1,OK
third run,half_text + noisy_half_diagram[bg_change],109,40°,130 degrees,0,OK
third run,half_text + noisy_half_diagram[bg_change],112,2.4,2.5,0,OK
third run,half_text + noisy_half_diagram[bg_change],114,\frac{1}{2}cm^{2},π/4,0,OK_AFTER_JSON_REPAIR
third run,half_text + noisy_half_diagram[bg_change],115,4πcm,4π,0,OK_AFTER_JSON_REPAIR
third run,half_text + noisy_half_diagram[bg_change],117,2√{2}cm,3,0,OK
third run,half_text + noisy_half_diagram[bg_change],119,240cm^{2},26.18,0,OK_AFTER_JSON_REPAIR
third run,half_text + noisy_half_diagram[bg_change],120,9πcm^{2},5.0,0,OK
third run,half_text + noisy_half_diagram[bg_change],123,15π,15.7,0,OK_AFTER_JSON_REPAIR
third run,half_text + noisy_half_diagram[bg_change],128,4cm,6,0,OK
third run,half_text + noisy_half_diagram[bg_change],132,10.2m,6.2,0,OK_AFTER_JSON_REPAIR
third run,half_text + noisy_half_diagram[bg_change],133,120m,80.0,0,OK
third run,half_text + noisy_half_diagram[bg_change],149,\frac{20}{3},10.0,0,OK
third run,half_text + noisy_half_diagram[bg_change],150,\frac{40}{7}m,7/3,0,OK_AFTER_JSON_REPAIR
third run,half_text + noisy_half_diagram[bg_change],151,5.1,20,0,OK
third run,half_text + noisy_half_diagram[bg_change],152,4m,1.6,0,OK
third run,half_text + noisy_half_diagram[bg_change],153,1.5m,1.8,0,OK
third run,half_text + noisy_half_diagram[bg_change],157,\frac{3}{5},4/5,0,OK
third run,half_text + noisy_half_diagram[bg_change],165,\frac{√{3}}{2},1,0,OK
third run,half_text + noisy_half_diagram[bg_change],198,60,169 * sqrt(3) / 4,0,OK_AFTER_JSON_REPAIR
third run,half_text + noisy_half_diagram[bg_change],207,157.1,0.0,0,OK
third run,half_text + noisy_half_diagram[bg_change],210,15,16,0,OK
third run,half_text + noisy_half_diagram[bg_change],211,38,83,0,OK
third run,half_text + noisy_half_diagram[bg_change],223,\sqrt{7},x,0,OK
third run,half_text + noisy_half_diagram[bg_change],239,8,4,0,OK
third run,half_text + noisy_half_diagram[bg_change],243,1591,1043.8 miles,0,OK_AFTER_JSON_REPAIR
third run,half_text + noisy_half_diagram[bg_change],257,15,12,0,OK
third run,half_text + noisy_half_diagram[bg_change],264,60,20x,0,OK
third run,half_text + noisy_half_diagram[bg_change],281,0.38,2.4,0,OK_AFTER_JSON_REPAIR
third run,half_text + noisy_half_diagram[bg_change],327,11.8,10.7,0,OK
third run,half_text + noisy_half_diagram[bg_change],348,285,109,0,OK
third run,half_text + noisy_half_diagram[bg_change],364,74.85,65.90,0,OK
third run,half_text + noisy_half_diagram[bg_change],365,23.9,90.0,0,OK
third run,half_text + noisy_half_diagram[bg_change],420,8,6,0,OK
third run,half_text + noisy_half_diagram[bg_change],432,8.246,5,0,OK
third run,half_text + noisy_half_diagram[bg_change],438,\frac{(x+3)^2}{25}-\frac{(y+3)^2}{25}=1,x^2 - y^2 = 25,0,OK
third run,half_text + noisy_half_diagram[bg_change],441,$\frac{4}{5}$,sin(a) = 0.8,0,OK_AFTER_JSON_REPAIR
third run,half_text + noisy_half_diagram[bg_change],447,$\frac{20}{29}$,Cannot be determined,0,OK
third run,half_text + noisy_half_diagram[bg_change],449,$\frac{1}{x}$,2,0,OK_AFTER_JSON_REPAIR
third run,half_text + noisy_half_diagram[bg_change],457,$(x-1)^{2}+(y-3)^{2}=36$,(x-1)^2 + (y-3)^2 = 0,0,OK
third run,half_text + noisy_half_diagram[bg_change],472,"(0,0)",B,0,OK
third run,half_text + noisy_half_diagram[blur],1,140°,60 degrees,0,OK
third run,half_text + noisy_half_diagram[blur],2,65°,The measure of angle EGF is not directly provided in the given triples.,0,OK
third run,half_text + noisy_half_diagram[blur],3,55°,70,0,OK
third run,half_text + noisy_half_diagram[blur],4,27°,36 degrees,0,OK
third run,half_text + noisy_half_diagram[blur],7,45°,30,0,OK_AFTER_JSON_REPAIR
third run,half_text + noisy_half_diagram[blur],8,3cm,7,0,OK
third run,half_text + noisy_half_diagram[blur],9,6cm,15.0,0,OK_AFTER_JSON_REPAIR
third run,half_text + noisy_half_diagram[blur],10,72°,36,0,OK
third run,half_text + noisy_half_diagram[blur],11,84°,36,0,OK
third run,half_text + noisy_half_diagram[blur],14,55°,unknown,0,OK
third run,half_text + noisy_half_diagram[blur],16,25°,50,0,OK
third run,half_text + noisy_half_diagram[blur],17,65°,23 degrees,0,OK
third run,half_text + noisy_half_diagram[blur],20,20°,140 degrees,0,OK
third run,half_text + noisy_half_diagram[blur],22,62°,28 degrees,0,OK
third run,half_text + noisy_half_diagram[blur],25,65°,50 degrees,0,OK
third run,half_text + noisy_half_diagram[blur],26,12,22.0,0,OK
third run,half_text + noisy_half_diagram[blur],29,115°,50 degrees,0,OK
third run,half_text + noisy_half_diagram[blur],30,60°,30_deg,0,OK
third run,half_text + noisy_half_diagram[blur],32,76°,52,0,OK
third run,half_text + noisy_half_diagram[blur],34,80°,100 degrees,0,OK
third run,half_text + noisy_half_diagram[blur],36,20°,Cannot be determined.,0,OK
third run,half_text + noisy_half_diagram[blur],37,25°,50 degrees,0,OK
third run,half_text + noisy_half_diagram[blur],38,40°,70_deg,0,OK
third run,half_text + noisy_half_diagram[blur],40,50°,50_deg,1,OK
third run,half_text + noisy_half_diagram[blur],43,40°,100_deg,0,OK
third run,half_text + noisy_half_diagram[blur],44,9m,1.5 units,0,OK
third run,half_text + noisy_half_diagram[blur],45,70°,35_deg,0,OK
third run,half_text + noisy_half_diagram[blur],46,110°,70,0,OK
third run,half_text + noisy_half_diagram[blur],48,130°,100 degrees,0,OK
third run,half_text + noisy_half_diagram[blur],49,100°,unknown,0,OK
third run,half_text + noisy_half_diagram[blur],50,140°,50 degrees,0,OK
third run,half_text + noisy_half_diagram[blur],53,55°,c,0,OK
third run,half_text + noisy_half_diagram[blur],55,55°,2,0,OK
third run,half_text + noisy_half_diagram[blur],56,40°,20_deg,0,OK
third run,half_text + noisy_half_diagram[blur],57,20°,20 degrees,1,OK
third run,half_text + noisy_half_diagram[blur],58,55°,90_deg,0,OK
third run,half_text + noisy_half_diagram[blur],59,50°,80,0,OK
third run,half_text + noisy_half_diagram[blur],60,45°,30,0,OK
third run,half_text + noisy_half_diagram[blur],64,40cm,160.0,0,OK
third run,half_text + noisy_half_diagram[blur],72,8cm,16,0,OK
third run,half_text + noisy_half_diagram[blur],73,140°,70 degrees,0,OK
third run,half_text + noisy_half_diagram[blur],78,125°,90 degrees,0,OK_AFTER_JSON_REPAIR
third run,half_text + noisy_half_diagram[blur],79,16cm,Cannot be determined,0,OK
third run,half_text + noisy_half_diagram[blur],81,25°,25,1,OK_AFTER_JSON_REPAIR
third run,half_text + noisy_half_diagram[blur],84,√{3},...,0,OK
third run,half_text + noisy_half_diagram[blur],86,2√{3},BC,0,OK
third run,half_text + noisy_half_diagram[blur],88,128°,22,0,OK_AFTER_JSON_REPAIR
third run,half_text + noisy_half_diagram[blur],95,30°,60_deg,0,OK
third run,half_text + noisy_half_diagram[blur],99,64°,90 degrees,0,OK
third run,half_text + noisy_half_diagram[blur],108,8m,8,1,OK
third run,half_text + noisy_half_diagram[blur],109,40°,130 degrees,0,OK
third run,half_text + noisy_half_diagram[blur],112,2.4,Unknown,0,OK
third run,half_text + noisy_half_diagram[blur],114,\frac{1}{2}cm^{2},π/4,0,OK_AFTER_JSON_REPAIR
third run,half_text + noisy_half_diagram[blur],115,4πcm,120,0,OK
third run,half_text + noisy_half_diagram[blur],117,2√{2}cm,120 degrees,0,OK
third run,half_text + noisy_half_diagram[blur],119,240cm^{2},Cannot be determined.,0,OK
third run,half_text + noisy_half_diagram[blur],120,9πcm^{2},6.25π,0,OK_AFTER_JSON_REPAIR
third run,half_text + noisy_half_diagram[blur],123,15π,Cannot be determined,0,OK
third run,half_text + noisy_half_diagram[blur],128,4cm,Cannot be determined,0,OK
third run,half_text + noisy_half_diagram[blur],132,10.2m,12,0,OK
third run,half_text + noisy_half_diagram[blur],133,120m,80.0,0,OK
third run,half_text + noisy_half_diagram[blur],149,\frac{20}{3},10,0,OK
third run,half_text + noisy_half_diagram[blur],150,\frac{40}{7}m,7/3,0,OK
third run,half_text + noisy_half_diagram[blur],151,5.1,20 units,0,OK
third run,half_text + noisy_half_diagram[blur],152,4m,2.1,0,OK_AFTER_JSON_REPAIR
third run,half_text + noisy_half_diagram[blur],153,1.5m,1.0,0,OK
third run,half_text + noisy_half_diagram[blur],157,\frac{3}{5},0.75,0,OK_AFTER_JSON_REPAIR
third run,half_text + noisy_half_diagram[blur],165,\frac{√{3}}{2},1/sqrt(2),0,OK_AFTER_JSON_REPAIR
third run,half_text + noisy_half_diagram[blur],198,60,13 * 13 * 0.5 = 84.5,0,OK
third run,half_text + noisy_half_diagram[blur],207,157.1,14.1,0,OK
third run,half_text + noisy_half_diagram[blur],210,15,16,0,OK
third run,half_text + noisy_half_diagram[blur],211,38,38_deg,1,OK
third run,half_text + noisy_half_diagram[blur],223,\sqrt{7},5,0,OK
third run,half_text + noisy_half_diagram[blur],239,8,4,0,OK
third run,half_text + noisy_half_diagram[blur],243,1591,Cannot be determined.,0,OK_AFTER_JSON_REPAIR
third run,half_text + noisy_half_diagram[blur],257,15,12,0,OK
third run,half_text + noisy_half_diagram[blur],264,60,10,0,OK
third run,half_text + noisy_half_diagram[blur],281,0.38,0.99,0,OK
third run,half_text + noisy_half_diagram[blur],327,11.8,10.7,0,OK
third run,half_text + noisy_half_diagram[blur],348,285,44,0,OK
third run,half_text + noisy_half_diagram[blur],364,74.85,35.50,0,OK
third run,half_text + noisy_half_diagram[blur],365,23.9,10.3,0,OK
third run,half_text + noisy_half_diagram[blur],420,8,10,0,OK
third run,half_text + noisy_half_diagram[blur],432,8.246,5,0,OK
third run,half_text + noisy_half_diagram[blur],438,\frac{(x+3)^2}{25}-\frac{(y+3)^2}{25}=1,The equation of the hyperbola is (x-2)^2 - (y+3)^2 = 25,0,OK
third run,half_text + noisy_half_diagram[blur],441,$\frac{4}{5}$,1/sqrt(2),0,OK
third run,half_text + noisy_half_diagram[blur],447,$\frac{20}{29}$,Cannot be determined,0,OK
third run,half_text + noisy_half_diagram[blur],449,$\frac{1}{x}$,Cannot be determined.,0,OK
third run,half_text + noisy_half_diagram[blur],457,$(x-1)^{2}+(y-3)^{2}=36$,(x-1)^2 + (y-3)^2 = 25,0,OK
third run,half_text + noisy_half_diagram[blur],472,"(0,0)",O,0,OK
third run,half_text + noisy_half_diagram[illumination],1,140°,80 degrees,0,OK
third run,half_text + noisy_half_diagram[illumination],2,65°,Unknown,0,OK
third run,half_text + noisy_half_diagram[illumination],3,55°,70,0,OK
third run,half_text + noisy_half_diagram[illumination],4,27°,36 degrees,0,OK
third run,half_text + noisy_half_diagram[illumination],7,45°,30 degrees,0,OK
third run,half_text + noisy_half_diagram[illumination],8,3cm,7,0,OK
third run,half_text + noisy_half_diagram[illumination],9,6cm,6,1,OK
third run,half_text + noisy_half_diagram[illumination],10,72°,36_deg,0,OK
third run,half_text + noisy_half_diagram[illumination],11,84°,36 degrees,0,OK
third run,half_text + noisy_half_diagram[illumination],14,55°,35 degrees,0,OK
third run,half_text + noisy_half_diagram[illumination],16,25°,50,0,OK
third run,half_text + noisy_half_diagram[illumination],17,65°,42 degrees,0,OK
third run,half_text + noisy_half_diagram[illumination],20,20°,140 degrees,0,OK
third run,half_text + noisy_half_diagram[illumination],22,62°,28 degrees,0,OK
third run,half_text + noisy_half_diagram[illumination],25,65°,50 degrees,0,OK
third run,half_text + noisy_half_diagram[illumination],26,12,22.0,0,OK
third run,half_text + noisy_half_diagram[illumination],29,115°,50,0,OK
third run,half_text + noisy_half_diagram[illumination],30,60°,30_deg,0,OK
third run,half_text + noisy_half_diagram[illumination],32,76°,52_deg,0,OK
third run,half_text + noisy_half_diagram[illumination],34,80°,100 degrees,0,OK
third run,half_text + noisy_half_diagram[illumination],36,20°,50 degrees,0,OK
third run,half_text + noisy_half_diagram[illumination],37,25°,50 degrees,0,OK
third run,half_text + noisy_half_diagram[illumination],38,40°,70_deg,0,OK
third run,half_text + noisy_half_diagram[illumination],40,50°,50 degrees,1,OK
third run,half_text + noisy_half_diagram[illumination],43,40°,100_deg,0,OK
third run,half_text + noisy_half_diagram[illumination],44,9m,1.5,0,OK
third run,half_text + noisy_half_diagram[illumination],45,70°,35 degrees,0,OK
third run,half_text + noisy_half_diagram[illumination],46,110°,70,0,OK
third run,half_text + noisy_half_diagram[illumination],48,130°,100 degrees,0,OK
third run,half_text + noisy_half_diagram[illumination],49,100°,unknown,0,OK
third run,half_text + noisy_half_diagram[illumination],50,140°,50_deg,0,OK
third run,half_text + noisy_half_diagram[illumination],53,55°,c,0,OK
third run,half_text + noisy_half_diagram[illumination],55,55°,70,0,OK
third run,half_text + noisy_half_diagram[illumination],56,40°,20_deg,0,OK
third run,half_text + noisy_half_diagram[illumination],57,20°,20 degrees,1,OK
third run,half_text + noisy_half_diagram[illumination],58,55°,35,0,OK
third run,half_text + noisy_half_diagram[illumination],59,50°,40_deg,0,OK
third run,half_text + noisy_half_diagram[illumination],60,45°,135_deg,0,OK
third run,half_text + noisy_half_diagram[illumination],64,40cm,160.0,0,OK
third run,half_text + noisy_half_diagram[illumination],72,8cm,Cannot be determined,0,OK
third run,half_text + noisy_half_diagram[illumination],73,140°,70 degrees,0,OK
third run,half_text + noisy_half_diagram[illumination],78,125°,90,0,OK
third run,half_text + noisy_half_diagram[illumination],79,16cm,Cannot be determined,0,OK
third run,half_text + noisy_half_diagram[illumination],81,25°,50,0,OK
third run,half_text + noisy_half_diagram[illumination],84,√{3},The length of BC cannot be determined from the given triples.,0,OK
third run,half_text + noisy_half_diagram[illumination],86,2√{3},BC,0,OK
third run,half_text + noisy_half_diagram[illumination],88,128°,42_deg,0,OK
third run,half_text + noisy_half_diagram[illumination],95,30°,60_deg,0,OK
third run,half_text + noisy_half_diagram[illumination],99,64°,26 degrees,0,OK
third run,half_text + noisy_half_diagram[illumination],108,8m,5,0,OK
third run,half_text + noisy_half_diagram[illumination],109,40°,130 degrees,0,OK
third run,half_text + noisy_half_diagram[illumination],112,2.4,Unknown,0,OK
third run,half_text + noisy_half_diagram[illumination],114,\frac{1}{2}cm^{2},0,0,OK
third run,half_text + noisy_half_diagram[illumination],115,4πcm,10.47,0,OK_AFTER_JSON_REPAIR
third run,half_text + noisy_half_diagram[illumination],117,2√{2}cm,3,0,OK
third run,half_text + noisy_half_diagram[illumination],119,240cm^{2},Cannot be determined.,0,OK
third run,half_text + noisy_half_diagram[illumination],120,9πcm^{2},5.0,0,OK
third run,half_text + noisy_half_diagram[illumination],123,15π,15 * 3.14,0,OK_AFTER_JSON_REPAIR
third run,half_text + noisy_half_diagram[illumination],128,4cm,6,0,OK
third run,half_text + noisy_half_diagram[illumination],132,10.2m,0.6,0,OK
third run,half_text + noisy_half_diagram[illumination],133,120m,80.0,0,OK
third run,half_text + noisy_half_diagram[illumination],149,\frac{20}{3},10,0,OK
third run,half_text + noisy_half_diagram[illumination],150,\frac{40}{7}m,7/3,0,OK_AFTER_JSON_REPAIR
third run,half_text + noisy_half_diagram[illumination],151,5.1,5_units,0,OK
third run,half_text + noisy_half_diagram[illumination],152,4m,3.0,0,OK
third run,half_text + noisy_half_diagram[illumination],153,1.5m,1.8,0,OK
third run,half_text + noisy_half_diagram[illumination],157,\frac{3}{5},Undefined,0,OK
third run,half_text + noisy_half_diagram[illumination],165,\frac{√{3}}{2},1/2,0,OK_AFTER_JSON_REPAIR
third run,half_text + noisy_half_diagram[illumination],198,60,Cannot be determined,0,OK
third run,half_text + noisy_half_diagram[illumination],207,157.1,1.2,0,OK
third run,half_text + noisy_half_diagram[illumination],210,15,16,0,OK
third run,half_text + noisy_half_diagram[illumination],211,38,38 degrees,1,OK
third run,half_text + noisy_half_diagram[illumination],223,\sqrt{7},5,0,OK
third run,half_text + noisy_half_diagram[illumination],239,8,16,0,OK
third run,half_text + noisy_half_diagram[illumination],243,1591,Unknown,0,OK
third run,half_text + noisy_half_diagram[illumination],257,15,5,0,OK
third run,half_text + noisy_half_diagram[illumination],264,60,2N,0,OK
third run,half_text + noisy_half_diagram[illumination],281,0.38,0.92,0,OK
third run,half_text + noisy_half_diagram[illumination],327,11.8,30.0,0,OK
third run,half_text + noisy_half_diagram[illumination],348,285,44,0,OK
third run,half_text + noisy_half_diagram[illumination],364,74.85,65.9,0,OK
third run,half_text + noisy_half_diagram[illumination],365,23.9,23.4,0,OK
third run,half_text + noisy_half_diagram[illumination],420,8,x,0,OK
third run,half_text + noisy_half_diagram[illumination],432,8.246,5,0,OK
third run,half_text + noisy_half_diagram[illumination],438,\frac{(x+3)^2}{25}-\frac{(y+3)^2}{25}=1,The equation of the hyperbola is (x-2)^2 - (y+3)^2 = 9,0,OK
third run,half_text + noisy_half_diagram[illumination],441,$\frac{4}{5}$,Cannot be determined,0,OK
third run,half_text + noisy_half_diagram[illumination],447,$\frac{20}{29}$,Cannot be determined,0,OK
third run,half_text + noisy_half_diagram[illumination],449,$\frac{1}{x}$,1,0,OK
third run,half_text + noisy_half_diagram[illumination],457,$(x-1)^{2}+(y-3)^{2}=36$,(x-1)^2 + (y-3)^2 = 0,0,OK
third run,half_text + noisy_half_diagram[illumination],472,"(0,0)",O,0,OK
third run,half_text + noisy_half_diagram[irr_objects],1,140°,60 degrees,0,OK
third run,half_text + noisy_half_diagram[irr_objects],2,65°,50 degrees,0,OK
third run,half_text + noisy_half_diagram[irr_objects],3,55°,70,0,OK
third run,half_text + noisy_half_diagram[irr_objects],4,27°,36_deg,0,OK
third run,half_text + noisy_half_diagram[irr_objects],7,45°,30,0,OK
third run,half_text + noisy_half_diagram[irr_objects],8,3cm,7.0,0,OK
third run,half_text + noisy_half_diagram[irr_objects],9,6cm,Cannot be determined,0,OK
third run,half_text + noisy_half_diagram[irr_objects],10,72°,36_deg,0,OK
third run,half_text + noisy_half_diagram[irr_objects],11,84°,36 degrees,0,OK
third run,half_text + noisy_half_diagram[irr_objects],14,55°,30 degrees,0,OK
third run,half_text + noisy_half_diagram[irr_objects],16,25°,50,0,OK
third run,half_text + noisy_half_diagram[irr_objects],17,65°,23 degrees,0,OK
third run,half_text + noisy_half_diagram[irr_objects],20,20°,140 degrees,0,OK
third run,half_text + noisy_half_diagram[irr_objects],22,62°,28 degrees,0,OK
third run,half_text + noisy_half_diagram[irr_objects],25,65°,50 degrees,0,OK
third run,half_text + noisy_half_diagram[irr_objects],26,12,22.0_m,0,OK
third run,half_text + noisy_half_diagram[irr_objects],29,115°,50 degrees,0,OK
third run,half_text + noisy_half_diagram[irr_objects],30,60°,30_deg,0,OK
third run,half_text + noisy_half_diagram[irr_objects],32,76°,52_deg,0,OK
third run,half_text + noisy_half_diagram[irr_objects],34,80°,100 degrees,0,OK
third run,half_text + noisy_half_diagram[irr_objects],36,20°,Unknown,0,OK
third run,half_text + noisy_half_diagram[irr_objects],37,25°,50 degrees,0,OK
third run,half_text + noisy_half_diagram[irr_objects],38,40°,70_deg,0,OK
third run,half_text + noisy_half_diagram[irr_objects],40,50°,90_deg,0,OK
third run,half_text + noisy_half_diagram[irr_objects],43,40°,150 degrees,0,OK_AFTER_JSON_REPAIR
third run,half_text + noisy_half_diagram[irr_objects],44,9m,30_units,0,OK
third run,half_text + noisy_half_diagram[irr_objects],45,70°,35_deg,0,OK
third run,half_text + noisy_half_diagram[irr_objects],46,110°,70_deg,0,OK
third run,half_text + noisy_half_diagram[irr_objects],48,130°,100 degrees,0,OK
third run,half_text + noisy_half_diagram[irr_objects],49,100°,115 degrees,0,OK
third run,half_text + noisy_half_diagram[irr_objects],50,140°,50_deg,0,OK
third run,half_text + noisy_half_diagram[irr_objects],53,55°,BFD,0,OK
third run,half_text + noisy_half_diagram[irr_objects],55,55°,70,0,OK
third run,half_text + noisy_half_diagram[irr_objects],56,40°,20_deg,0,OK
third run,half_text + noisy_half_diagram[irr_objects],57,20°,20,1,OK
third run,half_text + noisy_half_diagram[irr_objects],58,55°,35,0,OK
third run,half_text + noisy_half_diagram[irr_objects],59,50°,80,0,OK
third run,half_text + noisy_half_diagram[irr_objects],60,45°,135_deg,0,OK
third run,half_text + noisy_half_diagram[irr_objects],64,40cm,160.0,0,OK
third run,half_text + noisy_half_diagram[irr_objects],72,8cm,16,0,OK
third run,half_text + noisy_half_diagram[irr_objects],73,140°,70,0,OK
third run,half_text + noisy_half_diagram[irr_objects],78,125°,The measure of ∠CAB cannot be determined.,0,OK
third run,half_text + noisy_half_diagram[irr_objects],79,16cm,Cannot be determined,0,OK
third run,half_text + noisy_half_diagram[irr_objects],81,25°,90,0,OK
third run,half_text + noisy_half_diagram[irr_objects],84,√{3},Cannot be determined,0,OK
third run,half_text + noisy_half_diagram[irr_objects],86,2√{3},Cannot be determined,0,OK
third run,half_text + noisy_half_diagram[irr_objects],88,128°,30 degrees,0,OK
third run,half_text + noisy_half_diagram[irr_objects],95,30°,60_deg,0,OK
third run,half_text + noisy_half_diagram[irr_objects],99,64°,90 degrees,0,OK
third run,half_text + noisy_half_diagram[irr_objects],108,8m,8.0,1,OK
third run,half_text + noisy_half_diagram[irr_objects],109,40°,130 degrees,0,OK
third run,half_text + noisy_half_diagram[irr_objects],112,2.4,Unknown,0,OK
third run,half_text + noisy_half_diagram[irr_objects],114,\frac{1}{2}cm^{2},1,0,OK
third run,half_text + noisy_half_diagram[irr_objects],115,4πcm,12,0,OK
third run,half_text + noisy_half_diagram[irr_objects],117,2√{2}cm,3,0,OK
third run,half_text + noisy_half_diagram[irr_objects],119,240cm^{2},The area of the sector cardboard cannot be determined from the given information.,0,OK
third run,half_text + noisy_half_diagram[irr_objects],120,9πcm^{2},5 units,0,OK
third run,half_text + noisy_half_diagram[irr_objects],123,15π,15.7,0,OK_AFTER_JSON_REPAIR
third run,half_text + noisy_half_diagram[irr_objects],128,4cm,5,0,OK
third run,half_text + noisy_half_diagram[irr_objects],132,10.2m,12,0,OK
third run,half_text + noisy_half_diagram[irr_objects],133,120m,80.0,0,OK
third run,half_text + noisy_half_diagram[irr_objects],149,\frac{20}{3},3.0,0,OK
third run,half_text + noisy_half_diagram[irr_objects],150,\frac{40}{7}m,7/3,0,OK_AFTER_JSON_REPAIR
third run,half_text + noisy_half_diagram[irr_objects],151,5.1,5_units,0,OK
third run,half_text + noisy_half_diagram[irr_objects],152,4m,3.0,0,OK
third run,half_text + noisy_half_diagram[irr_objects],153,1.5m,1.8,0,OK
third run,half_text + noisy_half_diagram[irr_objects],157,\frac{3}{5},4/5,0,OK_AFTER_JSON_REPAIR
third run,half_text + noisy_half_diagram[irr_objects],165,\frac{√{3}}{2},1/sqrt(2),0,OK_AFTER_JSON_REPAIR
third run,half_text + noisy_half_diagram[irr_objects],198,60,33.75,0,OK
third run,half_text + noisy_half_diagram[irr_objects],207,157.1,0,0,OK_AFTER_JSON_REPAIR
third run,half_text + noisy_half_diagram[irr_objects],210,15,20,0,OK_AFTER_JSON_REPAIR
third run,half_text + noisy_half_diagram[irr_objects],211,38,38,1,OK
third run,half_text + noisy_half_diagram[irr_objects],223,\sqrt{7},x,0,OK
third run,half_text + noisy_half_diagram[irr_objects],239,8,20,0,OK_AFTER_JSON_REPAIR
third run,half_text + noisy_half_diagram[irr_objects],243,1591,Cannot be determined from the provided triples.,0,OK
third run,half_text + noisy_half_diagram[irr_objects],257,15,12,0,OK
third run,half_text + noisy_half_diagram[irr_objects],264,60,10x + 2N,0,OK
third run,half_text + noisy_half_diagram[irr_objects],281,0.38,0.38,1,OK_AFTER_JSON_REPAIR
third run,half_text + noisy_half_diagram[irr_objects],327,11.8,10.7,0,OK
third run,half_text + noisy_half_diagram[irr_objects],348,285,44,0,OK
third run,half_text + noisy_half_diagram[irr_objects],364,74.85,35.5,0,OK
third run,half_text + noisy_half_diagram[irr_objects],365,23.9,0.3,0,OK
third run,half_text + noisy_half_diagram[irr_objects],420,8,16,0,OK_AFTER_JSON_REPAIR
third run,half_text + noisy_half_diagram[irr_objects],432,8.246,5,0,OK
third run,half_text + noisy_half_diagram[irr_objects],438,\frac{(x+3)^2}{25}-\frac{(y+3)^2}{25}=1,The equation of the hyperbola is x^2 + y^2 = 2a^2,0,OK
third run,half_text + noisy_half_diagram[irr_objects],441,$\frac{4}{5}$,Cannot be determined,0,OK
third run,half_text + noisy_half_diagram[irr_objects],447,$\frac{20}{29}$,Cannot be determined,0,OK
third run,half_text + noisy_half_diagram[irr_objects],449,$\frac{1}{x}$,1,0,OK
third run,half_text + noisy_half_diagram[irr_objects],457,$(x-1)^{2}+(y-3)^{2}=36$,x^2 + y^2 = 9,0,OK
third run,half_text + noisy_half_diagram[irr_objects],472,"(0,0)",B,0,OK
third run,half_text + noisy_half_diagram[pixel_noise],1,140°,80 degrees,0,OK
third run,half_text + noisy_half_diagram[pixel_noise],2,65°,50 degrees,0,OK
third run,half_text + noisy_half_diagram[pixel_noise],3,55°,70 degrees,0,OK
third run,half_text + noisy_half_diagram[pixel_noise],4,27°,36 degrees,0,OK
third run,half_text + noisy_half_diagram[pixel_noise],7,45°,35 degrees,0,OK
third run,half_text + noisy_half_diagram[pixel_noise],8,3cm,5.0,0,OK
third run,half_text + noisy_half_diagram[pixel_noise],9,6cm,12,0,OK_AFTER_JSON_REPAIR
third run,half_text + noisy_half_diagram[pixel_noise],10,72°,36 degrees,0,OK
third run,half_text + noisy_half_diagram[pixel_noise],11,84°,36,0,OK
third run,half_text + noisy_half_diagram[pixel_noise],14,55°,35_deg,0,OK
third run,half_text + noisy_half_diagram[pixel_noise],16,25°,50,0,OK
third run,half_text + noisy_half_diagram[pixel_noise],17,65°,42_deg,0,OK
third run,half_text + noisy_half_diagram[pixel_noise],20,20°,40_deg,0,OK
third run,half_text + noisy_half_diagram[pixel_noise],22,62°,28_deg,0,OK
third run,half_text + noisy_half_diagram[pixel_noise],25,65°,50 degrees,0,OK
third run,half_text + noisy_half_diagram[pixel_noise],26,12,22_m,0,OK
third run,half_text + noisy_half_diagram[pixel_noise],29,115°,50,0,OK
third run,half_text + noisy_half_diagram[pixel_noise],30,60°,30_deg,0,OK
third run,half_text + noisy_half_diagram[pixel_noise],32,76°,52,0,OK
third run,half_text + noisy_half_diagram[pixel_noise],34,80°,100 degrees,0,OK
third run,half_text + noisy_half_diagram[pixel_noise],36,20°,50_deg,0,OK
third run,half_text + noisy_half_diagram[pixel_noise],37,25°,50 degrees,0,OK
third run,half_text + noisy_half_diagram[pixel_noise],38,40°,70 degrees,0,OK
third run,half_text + noisy_half_diagram[pixel_noise],40,50°,50_deg,1,OK
third run,half_text + noisy_half_diagram[pixel_noise],43,40°,100_deg,0,OK
third run,half_text + noisy_half_diagram[pixel_noise],44,9m,1.5,0,OK
third run,half_text + noisy_half_diagram[pixel_noise],45,70°,35_deg,0,OK
third run,half_text + noisy_half_diagram[pixel_noise],46,110°,70_deg,0,OK
third run,half_text + noisy_half_diagram[pixel_noise],48,130°,100 degrees,0,OK
third run,half_text + noisy_half_diagram[pixel_noise],49,100°,30_deg,0,OK
third run,half_text + noisy_half_diagram[pixel_noise],50,140°,50,0,OK
third run,half_text + noisy_half_diagram[pixel_noise],53,55°,c,0,OK
third run,half_text + noisy_half_diagram[pixel_noise],55,55°,70,0,OK
third run,half_text + noisy_half_diagram[pixel_noise],56,40°,20_deg,0,OK
third run,half_text + noisy_half_diagram[pixel_noise],57,20°,20,1,OK
third run,half_text + noisy_half_diagram[pixel_noise],58,55°,90_deg,0,OK
third run,half_text + noisy_half_diagram[pixel_noise],59,50°,80 degrees,0,OK
third run,half_text + noisy_half_diagram[pixel_noise],60,45°,135_deg,0,OK
third run,half_text + noisy_half_diagram[pixel_noise],64,40cm,160.0,0,OK
third run,half_text + noisy_half_diagram[pixel_noise],72,8cm,16,0,OK_AFTER_JSON_REPAIR
third run,half_text + noisy_half_diagram[pixel_noise],73,140°,70 degrees,0,OK
third run,half_text + noisy_half_diagram[pixel_noise],78,125°,90,0,OK_AFTER_JSON_REPAIR
third run,half_text + noisy_half_diagram[pixel_noise],79,16cm,Cannot be determined,0,OK
third run,half_text + noisy_half_diagram[pixel_noise],81,25°,30_deg,0,OK
third run,half_text + noisy_half_diagram[pixel_noise],84,√{3},BC,0,OK
third run,half_text + noisy_half_diagram[pixel_noise],86,2√{3},Cannot be determined,0,OK
third run,half_text + noisy_half_diagram[pixel_noise],88,128°,42_deg,0,OK
third run,half_text + noisy_half_diagram[pixel_noise],95,30°,90_deg,0,OK
third run,half_text + noisy_half_diagram[pixel_noise],99,64°,26 degrees,0,OK
third run,half_text + noisy_half_diagram[pixel_noise],108,8m,8.0,1,OK
third run,half_text + noisy_half_diagram[pixel_noise],109,40°,130_deg,0,OK
third run,half_text + noisy_half_diagram[pixel_noise],112,2.4,2.5,0,OK
third run,half_text + noisy_half_diagram[pixel_noise],114,\frac{1}{2}cm^{2},π/4,0,OK_AFTER_JSON_REPAIR
third run,half_text + noisy_half_diagram[pixel_noise],115,4πcm,12,0,OK
third run,half_text + noisy_half_diagram[pixel_noise],117,2√{2}cm,3,0,OK
third run,half_text + noisy_half_diagram[pixel_noise],119,240cm^{2},The area of the sector cardboard cannot be determined from the given triples.,0,OK
third run,half_text + noisy_half_diagram[pixel_noise],120,9πcm^{2},20 square units,0,OK
third run,half_text + noisy_half_diagram[pixel_noise],123,15π,Cannot be determined,0,OK
third run,half_text + noisy_half_diagram[pixel_noise],128,4cm,6,0,OK
third run,half_text + noisy_half_diagram[pixel_noise],132,10.2m,12,0,OK
third run,half_text + noisy_half_diagram[pixel_noise],133,120m,80.0,0,OK
third run,half_text + noisy_half_diagram[pixel_noise],149,\frac{20}{3},0.0,0,OK_AFTER_JSON_REPAIR
third run,half_text + noisy_half_diagram[pixel_noise],150,\frac{40}{7}m,2.0,0,OK
third run,half_text + noisy_half_diagram[pixel_noise],151,5.1,5 units,1,OK
third run,half_text + noisy_half_diagram[pixel_noise],152,4m,3,0,OK
third run,half_text + noisy_half_diagram[pixel_noise],153,1.5m,1.8,0,OK
third run,half_text + noisy_half_diagram[pixel_noise],157,\frac{3}{5},4/5,0,OK
third run,half_text + noisy_half_diagram[pixel_noise],165,\frac{√{3}}{2},1/sqrt(5),0,OK_AFTER_JSON_REPAIR
third run,half_text + noisy_half_diagram[pixel_noise],198,60,60,1,OK_AFTER_JSON_REPAIR
third run,half_text + noisy_half_diagram[pixel_noise],207,157.1,0.0,0,OK
third run,half_text + noisy_half_diagram[pixel_noise],210,15,16,0,OK_AFTER_JSON_REPAIR
third run,half_text + noisy_half_diagram[pixel_noise],211,38,38,1,OK
third run,half_text + noisy_half_diagram[pixel_noise],223,\sqrt{7},5,0,OK
third run,half_text + noisy_half_diagram[pixel_noise],239,8,4,0,OK
third run,half_text + noisy_half_diagram[pixel_noise],243,1591,110 units,0,OK
third run,half_text + noisy_half_diagram[pixel_noise],257,15,12,0,OK
third run,half_text + noisy_half_diagram[pixel_noise],264,60,100,0,OK
third run,half_text + noisy_half_diagram[pixel_noise],281,0.38,0.92,0,OK_AFTER_JSON_REPAIR
third run,half_text + noisy_half_diagram[pixel_noise],327,11.8,10.7,0,OK
third run,half_text + noisy_half_diagram[pixel_noise],348,285,0,0,OK
third run,half_text + noisy_half_diagram[pixel_noise],364,74.85,35.5,0,OK
third run,half_text + noisy_half_diagram[pixel_noise],365,23.9,0.0,0,OK
third run,half_text + noisy_half_diagram[pixel_noise],420,8,Cannot be determined,0,OK
third run,half_text + noisy_half_diagram[pixel_noise],432,8.246,5,0,OK
third run,half_text + noisy_half_diagram[pixel_noise],438,\frac{(x+3)^2}{25}-\frac{(y+3)^2}{25}=1,The equation of the hyperbola is (x - 2)(x + 8) = 0,0,OK
third run,half_text + noisy_half_diagram[pixel_noise],441,$\frac{4}{5}$,3/5,0,OK
third run,half_text + noisy_half_diagram[pixel_noise],447,$\frac{20}{29}$,1/2,0,OK
third run,half_text + noisy_half_diagram[pixel_noise],449,$\frac{1}{x}$,1,0,OK
third run,half_text + noisy_half_diagram[pixel_noise],457,$(x-1)^{2}+(y-3)^{2}=36$,x² + y² = 5²,0,OK
third run,half_text + noisy_half_diagram[pixel_noise],472,"(0,0)",B,0,OK_AFTER_JSON_REPAIR
third run,noisy_half_text[numeric] + half_diagram,1,140°,60 degrees,0,OK
third run,noisy_half_text[numeric] + half_diagram,2,65°,Unknown,0,OK
third run,noisy_half_text[numeric] + half_diagram,3,55°,70,0,OK
third run,noisy_half_text[numeric] + half_diagram,4,27°,36 degrees,0,OK
third run,noisy_half_text[numeric] + half_diagram,7,45°,35 degrees,0,OK
third run,noisy_half_text[numeric] + half_diagram,8,3cm,5 units,0,OK
third run,noisy_half_text[numeric] + half_diagram,9,6cm,457,0,OK_AFTER_JSON_REPAIR
third run,noisy_half_text[numeric] + half_diagram,10,72°,unknown,0,OK
third run,noisy_half_text[numeric] + half_diagram,11,84°,60_deg,0,OK
third run,noisy_half_text[numeric] + half_diagram,14,55°,35 degrees,0,OK
third run,noisy_half_text[numeric] + half_diagram,16,25°,30 degrees,0,OK
third run,noisy_half_text[numeric] + half_diagram,17,65°,42 degrees,0,OK
third run,noisy_half_text[numeric] + half_diagram,20,20°,40,0,OK
third run,noisy_half_text[numeric] + half_diagram,22,62°,28 degrees,0,OK
third run,noisy_half_text[numeric] + half_diagram,25,65°,50,0,OK
third run,noisy_half_text[numeric] + half_diagram,26,12,22.0_m,0,OK
third run,noisy_half_text[numeric] + half_diagram,29,115°,50,0,OK
third run,noisy_half_text[numeric] + half_diagram,30,60°,30_deg,0,OK
third run,noisy_half_text[numeric] + half_diagram,32,76°,52_deg,0,OK
third run,noisy_half_text[numeric] + half_diagram,34,80°,100 degrees,0,OK
third run,noisy_half_text[numeric] + half_diagram,36,20°,0.57735,0,OK_AFTER_JSON_REPAIR
third run,noisy_half_text[numeric] + half_diagram,37,25°,50 degrees,0,OK
third run,noisy_half_text[numeric] + half_diagram,38,40°,Cannot be determined.,0,OK
third run,noisy_half_text[numeric] + half_diagram,40,50°,50 degrees,1,OK
third run,noisy_half_text[numeric] + half_diagram,43,40°,30_deg,0,OK
third run,noisy_half_text[numeric] + half_diagram,44,9m,30.0,0,OK
third run,noisy_half_text[numeric] + half_diagram,45,70°,35_deg,0,OK
third run,noisy_half_text[numeric] + half_diagram,46,110°,70,0,OK
third run,noisy_half_text[numeric] + half_diagram,48,130°,100,0,OK
third run,noisy_half_text[numeric] + half_diagram,49,100°,The measure of angle ABC cannot be determined from the given triples.,0,OK
third run,noisy_half_text[numeric] + half_diagram,50,140°,50 degrees,0,OK
third run,noisy_half_text[numeric] + half_diagram,53,55°,c,0,OK
third run,noisy_half_text[numeric] + half_diagram,55,55°,70,0,OK
third run,noisy_half_text[numeric] + half_diagram,56,40°,20_deg,0,OK
third run,noisy_half_text[numeric] + half_diagram,57,20°,20 degrees,1,OK
third run,noisy_half_text[numeric] + half_diagram,58,55°,35,0,OK
third run,noisy_half_text[numeric] + half_diagram,59,50°,80 degrees,0,OK
third run,noisy_half_text[numeric] + half_diagram,60,45°,135_deg,0,OK
third run,noisy_half_text[numeric] + half_diagram,64,40cm,160.0,0,OK
third run,noisy_half_text[numeric] + half_diagram,72,8cm,Cannot be determined,0,OK
third run,noisy_half_text[numeric] + half_diagram,73,140°,70,0,OK
third run,noisy_half_text[numeric] + half_diagram,78,125°,0,0,OK
third run,noisy_half_text[numeric] + half_diagram,79,16cm,Cannot be determined,0,OK
third run,noisy_half_text[numeric] + half_diagram,81,25°,40,0,OK_AFTER_JSON_REPAIR
third run,noisy_half_text[numeric] + half_diagram,84,√{3},BC,0,OK
third run,noisy_half_text[numeric] + half_diagram,86,2√{3},BC,0,OK
third run,noisy_half_text[numeric] + half_diagram,88,128°,42 degrees,0,OK
third run,noisy_half_text[numeric] + half_diagram,95,30°,90_deg,0,OK
third run,noisy_half_text[numeric] + half_diagram,99,64°,unknown,0,OK
third run,noisy_half_text[numeric] + half_diagram,108,8m,5 units,0,OK
third run,noisy_half_text[numeric] + half_diagram,109,40°,130 degrees,0,OK
third run,noisy_half_text[numeric] + half_diagram,112,2.4,Unknown,0,OK
third run,noisy_half_text[numeric] + half_diagram,114,\frac{1}{2}cm^{2},0.5,0,OK_AFTER_JSON_REPAIR
third run,noisy_half_text[numeric] + half_diagram,115,4πcm,60,0,OK_AFTER_JSON_REPAIR
third run,noisy_half_text[numeric] + half_diagram,117,2√{2}cm,3,0,OK
third run,noisy_half_text[numeric] + half_diagram,119,240cm^{2},The area of the sector cardboard cannot be determined from the given triples.,0,OK
third run,noisy_half_text[numeric] + half_diagram,120,9πcm^{2},5 units,0,OK
third run,noisy_half_text[numeric] + half_diagram,123,15π,3π,0,OK_AFTER_JSON_REPAIR
third run,noisy_half_text[numeric] + half_diagram,128,4cm,579,0,OK
third run,noisy_half_text[numeric] + half_diagram,132,10.2m,2.2,0,OK
third run,noisy_half_text[numeric] + half_diagram,133,120m,80.0,0,OK
third run,noisy_half_text[numeric] + half_diagram,149,\frac{20}{3},13.0,0,OK
third run,noisy_half_text[numeric] + half_diagram,150,\frac{40}{7}m,7/3,0,OK
third run,noisy_half_text[numeric] + half_diagram,151,5.1,5 units,1,OK
third run,noisy_half_text[numeric] + half_diagram,152,4m,1.0,0,OK_AFTER_JSON_REPAIR
third run,noisy_half_text[numeric] + half_diagram,153,1.5m,1.8,0,OK
third run,noisy_half_text[numeric] + half_diagram,157,\frac{3}{5},4/3,0,OK_AFTER_JSON_REPAIR
third run,noisy_half_text[numeric] + half_diagram,165,\frac{√{3}}{2},1/2,0,OK
third run,noisy_half_text[numeric] + half_diagram,198,60,Cannot be determined,0,OK
third run,noisy_half_text[numeric] + half_diagram,207,157.1,0.0,0,OK
third run,noisy_half_text[numeric] + half_diagram,210,15,12,0,OK
third run,noisy_half_text[numeric] + half_diagram,211,38,38,1,OK
third run,noisy_half_text[numeric] + half_diagram,223,\sqrt{7},5,0,OK
third run,noisy_half_text[numeric] + half_diagram,239,8,4,0,OK
third run,noisy_half_text[numeric] + half_diagram,243,1591,Cannot be determined from the provided triples.,0,OK
third run,noisy_half_text[numeric] + half_diagram,257,15,16,0,OK
third run,noisy_half_text[numeric] + half_diagram,264,60,5 degrees,0,OK
third run,noisy_half_text[numeric] + half_diagram,281,0.38,0.60,0,OK
third run,noisy_half_text[numeric] + half_diagram,327,11.8,10.7,0,OK
third run,noisy_half_text[numeric] + half_diagram,348,285,44,0,OK
third run,noisy_half_text[numeric] + half_diagram,364,74.85,65.90,0,OK
third run,noisy_half_text[numeric] + half_diagram,365,23.9,10.3,0,OK
third run,noisy_half_text[numeric] + half_diagram,420,8,Cannot be determined,0,OK
third run,noisy_half_text[numeric] + half_diagram,432,8.246,5,0,OK
third run,noisy_half_text[numeric] + half_diagram,438,\frac{(x+3)^2}{25}-\frac{(y+3)^2}{25}=1,"The hyperbola has center (-3, -3) and vertices at (-8, -3) and (2, -3). Therefore, the equation is of the form (x - h)^2/a^2 - (y - k)^2/b^2 = 1, where (h, k) is the center and a is the distance from the center to a vertex.",0,OK
third run,noisy_half_text[numeric] + half_diagram,441,$\frac{4}{5}$,Cannot be determined,0,OK
third run,noisy_half_text[numeric] + half_diagram,447,$\frac{20}{29}$,Cannot be determined,0,OK
third run,noisy_half_text[numeric] + half_diagram,449,$\frac{1}{x}$,1,0,OK
third run,noisy_half_text[numeric] + half_diagram,457,$(x-1)^{2}+(y-3)^{2}=36$,(x-0)^2 + (y-0)^2 = 5^2,0,OK
third run,noisy_half_text[numeric] + half_diagram,472,"(0,0)",B,0,OK
third run,noisy_half_text[punctuation] + half_diagram,1,140°,60 degrees,0,OK
third run,noisy_half_text[punctuation] + half_diagram,2,65°,50 degrees,0,OK
third run,noisy_half_text[punctuation] + half_diagram,3,55°,70 degrees,0,OK
third run,noisy_half_text[punctuation] + half_diagram,4,27°,36 degrees,0,OK
third run,noisy_half_text[punctuation] + half_diagram,7,45°,70,0,OK
third run,noisy_half_text[punctuation] + half_diagram,8,3cm,7 units,0,OK
third run,noisy_half_text[punctuation] + half_diagram,9,6cm,Cannot be determined,0,OK
third run,noisy_half_text[punctuation] + half_diagram,10,72°,36_deg,0,OK
third run,noisy_half_text[punctuation] + half_diagram,11,84°,90,0,OK
third run,noisy_half_text[punctuation] + half_diagram,14,55°,35 degrees,0,OK
third run,noisy_half_text[punctuation] + half_diagram,16,25°,50 degrees,0,OK
third run,noisy_half_text[punctuation] + half_diagram,17,65°,42_deg,0,OK
third run,noisy_half_text[punctuation] + half_diagram,20,20°,70,0,OK
third run,noisy_half_text[punctuation] + half_diagram,22,62°,28 degrees,0,OK
third run,noisy_half_text[punctuation] + half_diagram,25,65°,50 degrees,0,OK
third run,noisy_half_text[punctuation] + half_diagram,26,12,22.0_m,0,OK
third run,noisy_half_text[punctuation] + half_diagram,29,115°,50,0,OK
third run,noisy_half_text[punctuation] + half_diagram,30,60°,30_deg,0,OK
third run,noisy_half_text[punctuation] + half_diagram,32,76°,52_deg,0,OK
third run,noisy_half_text[punctuation] + half_diagram,34,80°,100 degrees,0,OK
third run,noisy_half_text[punctuation] + half_diagram,36,20°,50 degrees,0,OK
third run,noisy_half_text[punctuation] + half_diagram,37,25°,50 degrees,0,OK
third run,noisy_half_text[punctuation] + half_diagram,38,40°,70_deg,0,OK
third run,noisy_half_text[punctuation] + half_diagram,40,50°,50_deg,1,OK
third run,noisy_half_text[punctuation] + half_diagram,43,40°,30_deg,0,OK
third run,noisy_half_text[punctuation] + half_diagram,44,9m,1.5,0,OK
third run,noisy_half_text[punctuation] + half_diagram,45,70°,35_deg,0,OK
third run,noisy_half_text[punctuation] + half_diagram,46,110°,70 degrees,0,OK
third run,noisy_half_text[punctuation] + half_diagram,48,130°,50,0,OK
third run,noisy_half_text[punctuation] + half_diagram,49,100°,145 degrees,0,OK
third run,noisy_half_text[punctuation] + half_diagram,50,140°,50_deg,0,OK
third run,noisy_half_text[punctuation] + half_diagram,53,55°,c,0,OK
third run,noisy_half_text[punctuation] + half_diagram,55,55°,90,0,OK
third run,noisy_half_text[punctuation] + half_diagram,56,40°,"The measure of ∠EOD is not directly provided in the given triples. However, we know that CD is a diameter of O and CD intersects EF. The center of CD is G.",0,OK
third run,noisy_half_text[punctuation] + half_diagram,57,20°,20 degrees,1,OK
third run,noisy_half_text[punctuation] + half_diagram,58,55°,35,0,OK
third run,noisy_half_text[punctuation] + half_diagram,59,50°,80 degrees,0,OK
third run,noisy_half_text[punctuation] + half_diagram,60,45°,135_deg,0,OK
third run,noisy_half_text[punctuation] + half_diagram,64,40cm,160.0,0,OK
third run,noisy_half_text[punctuation] + half_diagram,72,8cm,16,0,OK
third run,noisy_half_text[punctuation] + half_diagram,73,140°,70 degrees,0,OK
third run,noisy_half_text[punctuation] + half_diagram,78,125°,The measure of angle AED cannot be determined from the given information.,0,OK
third run,noisy_half_text[punctuation] + half_diagram,79,16cm,Cannot be determined,0,OK
third run,noisy_half_text[punctuation] + half_diagram,81,25°,50 degrees,0,OK_AFTER_JSON_REPAIR
third run,noisy_half_text[punctuation] + half_diagram,84,√{3},BC,0,OK
third run,noisy_half_text[punctuation] + half_diagram,86,2√{3},BC,0,OK
third run,noisy_half_text[punctuation] + half_diagram,88,128°,42 degrees,0,OK
third run,noisy_half_text[punctuation] + half_diagram,95,30°,30_deg,1,OK
third run,noisy_half_text[punctuation] + half_diagram,99,64°,90 degrees,0,OK
third run,noisy_half_text[punctuation] + half_diagram,108,8m,5 units,0,OK
third run,noisy_half_text[punctuation] + half_diagram,109,40°,130 degrees,0,OK
third run,noisy_half_text[punctuation] + half_diagram,112,2.4,2.5,0,OK
third run,noisy_half_text[punctuation] + half_diagram,114,\frac{1}{2}cm^{2},0.5,0,OK_AFTER_JSON_REPAIR
third run,noisy_half_text[punctuation] + half_diagram,115,4πcm,60,0,OK_AFTER_JSON_REPAIR
third run,noisy_half_text[punctuation] + half_diagram,117,2√{2}cm,3,0,OK
third run,noisy_half_text[punctuation] + half_diagram,119,240cm^{2},0,0,OK
third run,noisy_half_text[punctuation] + half_diagram,120,9πcm^{2},6.25,0,OK_AFTER_JSON_REPAIR
third run,noisy_half_text[punctuation] + half_diagram,123,15π,6,0,OK_AFTER_JSON_REPAIR
third run,noisy_half_text[punctuation] + half_diagram,128,4cm,6,0,OK
third run,noisy_half_text[punctuation] + half_diagram,132,10.2m,12,0,OK
third run,noisy_half_text[punctuation] + half_diagram,133,120m,80.0,0,OK
third run,noisy_half_text[punctuation] + half_diagram,149,\frac{20}{3},10.0,0,OK
third run,noisy_half_text[punctuation] + half_diagram,150,\frac{40}{7}m,BC,0,OK
third run,noisy_half_text[punctuation] + half_diagram,151,5.1,5,1,OK
third run,noisy_half_text[punctuation] + half_diagram,152,4m,1.4,0,OK_AFTER_JSON_REPAIR
third run,noisy_half_text[punctuation] + half_diagram,153,1.5m,1.0,0,OK
third run,noisy_half_text[punctuation] + half_diagram,157,\frac{3}{5},4/5,0,OK
third run,noisy_half_text[punctuation] + half_diagram,165,\frac{√{3}}{2},1/sqrt(2),0,OK_AFTER_JSON_REPAIR
third run,noisy_half_text[punctuation] + half_diagram,198,60,66.5,0,OK
third run,noisy_half_text[punctuation] + half_diagram,207,157.1,0.0,0,OK
third run,noisy_half_text[punctuation] + half_diagram,210,15,16,0,OK
third run,noisy_half_text[punctuation] + half_diagram,211,38,38°,1,OK
third run,noisy_half_text[punctuation] + half_diagram,223,\sqrt{7},5,0,OK
third run,noisy_half_text[punctuation] + half_diagram,239,8,20,0,OK
third run,noisy_half_text[punctuation] + half_diagram,243,1591,Cannot be determined from the provided triples.,0,OK
third run,noisy_half_text[punctuation] + half_diagram,257,15,5,0,OK
third run,noisy_half_text[punctuation] + half_diagram,264,60,10,0,OK
third run,noisy_half_text[punctuation] + half_diagram,281,0.38,0.99,0,OK
third run,noisy_half_text[punctuation] + half_diagram,327,11.8,10.7,0,OK
third run,noisy_half_text[punctuation] + half_diagram,348,285,44,0,OK
third run,noisy_half_text[punctuation] + half_diagram,364,74.85,65.90,0,OK
third run,noisy_half_text[punctuation] + half_diagram,365,23.9,10.3,0,OK
third run,noisy_half_text[punctuation] + half_diagram,420,8,16,0,OK_AFTER_JSON_REPAIR
third run,noisy_half_text[punctuation] + half_diagram,432,8.246,5,0,OK
third run,noisy_half_text[punctuation] + half_diagram,438,\frac{(x+3)^2}{25}-\frac{(y+3)^2}{25}=1,Cannot be determined,0,OK
third run,noisy_half_text[punctuation] + half_diagram,441,$\frac{4}{5}$,sin(a) = 0.5,0,OK
third run,noisy_half_text[punctuation] + half_diagram,447,$\frac{20}{29}$,Cannot be determined,0,OK
third run,noisy_half_text[punctuation] + half_diagram,449,$\frac{1}{x}$,Cannot be determined,0,OK
third run,noisy_half_text[punctuation] + half_diagram,457,$(x-1)^{2}+(y-3)^{2}=36$,The equation of the circle is not determinable from the given triples.,0,OK
third run,noisy_half_text[punctuation] + half_diagram,472,"(0,0)",O,0,OK
third run,noisy_half_text[sentence] + half_diagram,1,140°,60 degrees,0,OK_AFTER_JSON_REPAIR
third run,noisy_half_text[sentence] + half_diagram,2,65°,50 degrees,0,OK
third run,noisy_half_text[sentence] + half_diagram,3,55°,70,0,OK
third run,noisy_half_text[sentence] + half_diagram,4,27°,36 degrees,0,OK
third run,noisy_half_text[sentence] + half_diagram,7,45°,Unknown,0,OK
third run,noisy_half_text[sentence] + half_diagram,8,3cm,7.0,0,OK
third run,noisy_half_text[sentence] + half_diagram,9,6cm,12,0,OK_AFTER_JSON_REPAIR
third run,noisy_half_text[sentence] + half_diagram,10,72°,unknown,0,OK
third run,noisy_half_text[sentence] + half_diagram,11,84°,36,0,OK
third run,noisy_half_text[sentence] + half_diagram,14,55°,35 degrees,0,OK
third run,noisy_half_text[sentence] + half_diagram,16,25°,90 degrees,0,OK
third run,noisy_half_text[sentence] + half_diagram,17,65°,23 degrees,0,OK
third run,noisy_half_text[sentence] + half_diagram,20,20°,140,0,OK
third run,noisy_half_text[sentence] + half_diagram,22,62°,28 degrees,0,OK
third run,noisy_half_text[sentence] + half_diagram,25,65°,50 degrees,0,OK
third run,noisy_half_text[sentence] + half_diagram,26,12,22.0,0,OK
third run,noisy_half_text[sentence] + half_diagram,29,115°,50 degrees,0,OK
third run,noisy_half_text[sentence] + half_diagram,30,60°,30 degrees,0,OK
third run,noisy_half_text[sentence] + half_diagram,32,76°,52_deg,0,OK
third run,noisy_half_text[sentence] + half_diagram,34,80°,100 degrees,0,OK
third run,noisy_half_text[sentence] + half_diagram,36,20°,50 degrees,0,OK
third run,noisy_half_text[sentence] + half_diagram,37,25°,The measure of ∠AOB is 50_deg.,0,OK
third run,noisy_half_text[sentence] + half_diagram,38,40°,70_deg,0,OK
third run,noisy_half_text[sentence] + half_diagram,40,50°,50_deg,1,OK
third run,noisy_half_text[sentence] + half_diagram,43,40°,100_deg,0,OK
third run,noisy_half_text[sentence] + half_diagram,44,9m,30.0,0,OK
third run,noisy_half_text[sentence] + half_diagram,45,70°,35_deg,0,OK
third run,noisy_half_text[sentence] + half_diagram,46,110°,70 degrees,0,OK
third run,noisy_half_text[sentence] + half_diagram,48,130°,100 degrees,0,OK
third run,noisy_half_text[sentence] + half_diagram,49,100°,30_deg,0,OK
third run,noisy_half_text[sentence] + half_diagram,50,140°,50 degrees,0,OK
third run,noisy_half_text[sentence] + half_diagram,53,55°,b,0,OK
third run,noisy_half_text[sentence] + half_diagram,55,55°,90,0,OK
third run,noisy_half_text[sentence] + half_diagram,56,40°,20 degrees,0,OK
third run,noisy_half_text[sentence] + half_diagram,57,20°,20 degrees,1,OK
third run,noisy_half_text[sentence] + half_diagram,58,55°,35,0,OK
third run,noisy_half_text[sentence] + half_diagram,59,50°,80 degrees,0,OK
third run,noisy_half_text[sentence] + half_diagram,60,45°,135_deg,0,OK
third run,noisy_half_text[sentence] + half_diagram,64,40cm,160 units,0,OK
third run,noisy_half_text[sentence] + half_diagram,72,8cm,16,0,OK
third run,noisy_half_text[sentence] + half_diagram,73,140°,70 degrees,0,OK
third run,noisy_half_text[sentence] + half_diagram,78,125°,unknown,0,OK
third run,noisy_half_text[sentence] + half_diagram,79,16cm,Cannot be determined,0,OK
third run,noisy_half_text[sentence] + half_diagram,81,25°,90 degrees,0,OK
third run,noisy_half_text[sentence] + half_diagram,84,√{3},BC,0,OK
third run,noisy_half_text[sentence] + half_diagram,86,2√{3},BC,0,OK
third run,noisy_half_text[sentence] + half_diagram,88,128°,42,0,OK
third run,noisy_half_text[sentence] + half_diagram,95,30°,90_deg,0,OK
third run,noisy_half_text[sentence] + half_diagram,99,64°,90 degrees,0,OK
third run,noisy_half_text[sentence] + half_diagram,108,8m,8.0,1,OK
third run,noisy_half_text[sentence] + half_diagram,109,40°,130 degrees,0,OK
third run,noisy_half_text[sentence] + half_diagram,112,2.4,2.5,0,OK
third run,noisy_half_text[sentence] + half_diagram,114,\frac{1}{2}cm^{2},1.5,0,OK
third run,noisy_half_text[sentence] + half_diagram,115,4πcm,120,0,OK
third run,noisy_half_text[sentence] + half_diagram,117,2√{2}cm,3,0,OK
third run,noisy_half_text[sentence] + half_diagram,119,240cm^{2},The area of the sector cardboard cannot be determined from the given information.,0,OK
third run,noisy_half_text[sentence] + half_diagram,120,9πcm^{2},5.0,0,OK
third run,noisy_half_text[sentence] + half_diagram,123,15π,12.0,0,OK_AFTER_JSON_REPAIR
third run,noisy_half_text[sentence] + half_diagram,128,4cm,0,0,OK
third run,noisy_half_text[sentence] + half_diagram,132,10.2m,2.6,0,OK_AFTER_JSON_REPAIR
third run,noisy_half_text[sentence] + half_diagram,133,120m,60.0_m,0,OK
third run,noisy_half_text[sentence] + half_diagram,149,\frac{20}{3},10.0,0,OK
third run,noisy_half_text[sentence] + half_diagram,150,\frac{40}{7}m,7/3,0,OK
third run,noisy_half_text[sentence] + half_diagram,151,5.1,5,1,OK
third run,noisy_half_text[sentence] + half_diagram,152,4m,2.1,0,OK
third run,noisy_half_text[sentence] + half_diagram,153,1.5m,1.8,0,OK
third run,noisy_half_text[sentence] + half_diagram,157,\frac{3}{5},0.0,0,OK
third run,noisy_half_text[sentence] + half_diagram,165,\frac{√{3}}{2},1,0,OK
third run,noisy_half_text[sentence] + half_diagram,198,60,126.75,0,OK_AFTER_JSON_REPAIR
third run,noisy_half_text[sentence] + half_diagram,207,157.1,17.8,0,OK_AFTER_JSON_REPAIR
third run,noisy_half_text[sentence] + half_diagram,210,15,16,0,OK
third run,noisy_half_text[sentence] + half_diagram,211,38,83°,0,OK
third run,noisy_half_text[sentence] + half_diagram,223,\sqrt{7},5,0,OK
third run,noisy_half_text[sentence] + half_diagram,239,8,20,0,OK
third run,noisy_half_text[sentence] + half_diagram,243,1591,150,0,OK
third run,noisy_half_text[sentence] + half_diagram,257,15,16,0,OK
third run,noisy_half_text[sentence] + half_diagram,264,60,10 degrees,0,OK
third run,noisy_half_text[sentence] + half_diagram,281,0.38,0.99,0,OK
third run,noisy_half_text[sentence] + half_diagram,327,11.8,0.0,0,OK
third run,noisy_half_text[sentence] + half_diagram,348,285,198,0,OK
third run,noisy_half_text[sentence] + half_diagram,364,74.85,35.5,0,OK
third run,noisy_half_text[sentence] + half_diagram,365,23.9,30.0,0,OK
third run,noisy_half_text[sentence] + half_diagram,420,8,Cannot be determined,0,OK
third run,noisy_half_text[sentence] + half_diagram,432,8.246,5,0,OK
third run,noisy_half_text[sentence] + half_diagram,438,\frac{(x+3)^2}{25}-\frac{(y+3)^2}{25}=1,The equation of the hyperbola is (x+3)^2 - (y+3)^2 = 25,0,OK
third run,noisy_half_text[sentence] + half_diagram,441,$\frac{4}{5}$,0,0,OK
third run,noisy_half_text[sentence] + half_diagram,447,$\frac{20}{29}$,Cannot be determined,0,OK
third run,noisy_half_text[sentence] + half_diagram,449,$\frac{1}{x}$,1.5,0,OK
third run,noisy_half_text[sentence] + half_diagram,457,$(x-1)^{2}+(y-3)^{2}=36$,The equation is (x-1)(x-3) + y^2 = 0,0,OK
third run,noisy_half_text[sentence] + half_diagram,472,"(0,0)",O,0,OK
third run,noisy_half_text[typo] + half_diagram,1,140°,60 degrees,0,OK
third run,noisy_half_text[typo] + half_diagram,2,65°,50_deg,0,OK
third run,noisy_half_text[typo] + half_diagram,3,55°,70,0,OK
third run,noisy_half_text[typo] + half_diagram,4,27°,36 degrees,0,OK
third run,noisy_half_text[typo] + half_diagram,7,45°,unknown,0,OK
third run,noisy_half_text[typo] + half_diagram,8,3cm,5.0,0,OK_AFTER_JSON_REPAIR
third run,noisy_half_text[typo] + half_diagram,9,6cm,18,0,OK_AFTER_JSON_REPAIR
third run,noisy_half_text[typo] + half_diagram,10,72°,36_deg,0,OK
third run,noisy_half_text[typo] + half_diagram,11,84°,36 degrees,0,OK
third run,noisy_half_text[typo] + half_diagram,14,55°,35_deg,0,OK
third run,noisy_half_text[typo] + half_diagram,16,25°,50,0,OK
third run,noisy_half_text[typo] + half_diagram,17,65°,42 degrees,0,OK
third run,noisy_half_text[typo] + half_diagram,20,20°,140,0,OK
third run,noisy_half_text[typo] + half_diagram,22,62°,28 degrees,0,OK
third run,noisy_half_text[typo] + half_diagram,25,65°,50 degrees,0,OK
third run,noisy_half_text[typo] + half_diagram,26,12,22.0,0,OK
third run,noisy_half_text[typo] + half_diagram,29,115°,50 degrees,0,OK
third run,noisy_half_text[typo] + half_diagram,30,60°,30_deg,0,OK
third run,noisy_half_text[typo] + half_diagram,32,76°,52,0,OK
third run,noisy_half_text[typo] + half_diagram,34,80°,100 degrees,0,OK
third run,noisy_half_text[typo] + half_diagram,36,20°,50_deg,0,OK
third run,noisy_half_text[typo] + half_diagram,37,25°,50 degrees,0,OK
third run,noisy_half_text[typo] + half_diagram,38,40°,The measure of BAC is 70 degrees.,0,OK
third run,noisy_half_text[typo] + half_diagram,40,50°,50_deg,1,OK
third run,noisy_half_text[typo] + half_diagram,43,40°,130 degrees,0,OK_AFTER_JSON_REPAIR
third run,noisy_half_text[typo] + half_diagram,44,9m,30_units,0,OK
third run,noisy_half_text[typo] + half_diagram,45,70°,35_deg,0,OK
third run,noisy_half_text[typo] + half_diagram,46,110°,70,0,OK
third run,noisy_half_text[typo] + half_diagram,48,130°,100 degrees,0,OK
third run,noisy_half_text[typo] + half_diagram,49,100°,30,0,OK
third run,noisy_half_text[typo] + half_diagram,50,140°,50_deg,0,OK
third run,noisy_half_text[typo] + half_diagram,53,55°,BFD,0,OK
third run,noisy_half_text[typo] + half_diagram,55,55°,70,0,OK
third run,noisy_half_text[typo] + half_diagram,56,40°,20 degrees,0,OK
third run,noisy_half_text[typo] + half_diagram,57,20°,30_deg,0,OK
third run,noisy_half_text[typo] + half_diagram,58,55°,35.0_deg,0,OK
third run,noisy_half_text[typo] + half_diagram,59,50°,80 degrees,0,OK
third run,noisy_half_text[typo] + half_diagram,60,45°,135_deg,0,OK
third run,noisy_half_text[typo] + half_diagram,64,40cm,200,0,OK
third run,noisy_half_text[typo] + half_diagram,72,8cm,16,0,OK
third run,noisy_half_text[typo] + half_diagram,73,140°,70 degrees,0,OK
third run,noisy_half_text[typo] + half_diagram,78,125°,30 degrees,0,OK
third run,noisy_half_text[typo] + half_diagram,79,16cm,Cannot be determined,0,OK
third run,noisy_half_text[typo] + half_diagram,81,25°,90_deg,0,OK
third run,noisy_half_text[typo] + half_diagram,84,√{3},BC,0,OK
third run,noisy_half_text[typo] + half_diagram,86,2√{3},BC,0,OK
third run,noisy_half_text[typo] + half_diagram,88,128°,42 degrees,0,OK
third run,noisy_half_text[typo] + half_diagram,95,30°,60_deg,0,OK
third run,noisy_half_text[typo] + half_diagram,99,64°,26,0,OK
third run,noisy_half_text[typo] + half_diagram,108,8m,5_units,0,OK
third run,noisy_half_text[typo] + half_diagram,109,40°,130 degrees,0,OK
third run,noisy_half_text[typo] + half_diagram,112,2.4,2.5,0,OK
third run,noisy_half_text[typo] + half_diagram,114,\frac{1}{2}cm^{2},1.5,0,OK
third run,noisy_half_text[typo] + half_diagram,115,4πcm,30,0,OK
third run,noisy_half_text[typo] + half_diagram,117,2√{2}cm,The height of the cone is 3.,0,OK
third run,noisy_half_text[typo] + half_diagram,119,240cm^{2},10.0_units,0,OK
third run,noisy_half_text[typo] + half_diagram,120,9πcm^{2},0,0,OK
third run,noisy_half_text[typo] + half_diagram,123,15π,15π,1,OK_AFTER_JSON_REPAIR
third run,noisy_half_text[typo] + half_diagram,128,4cm,6,0,OK
third run,noisy_half_text[typo] + half_diagram,132,10.2m,12,0,OK
third run,noisy_half_text[typo] + half_diagram,133,120m,80.0_units,0,OK
third run,noisy_half_text[typo] + half_diagram,149,\frac{20}{3},10.0,0,OK
third run,noisy_half_text[typo] + half_diagram,150,\frac{40}{7}m,7/3,0,OK_AFTER_JSON_REPAIR
third run,noisy_half_text[typo] + half_diagram,151,5.1,5 units,1,OK
third run,noisy_half_text[typo] + half_diagram,152,4m,AB,0,OK
third run,noisy_half_text[typo] + half_diagram,153,1.5m,1.0,0,OK
third run,noisy_half_text[typo] + half_diagram,157,\frac{3}{5},0.6,0,OK_AFTER_JSON_REPAIR
third run,noisy_half_text[typo] + half_diagram,165,\frac{√{3}}{2},1/sqrt(2),0,OK_AFTER_JSON_REPAIR
third run,noisy_half_text[typo] + half_diagram,198,60,60,1,OK
third run,noisy_half_text[typo] + half_diagram,207,157.1,78.5,0,OK
third run,noisy_half_text[typo] + half_diagram,210,15,5,0,OK
third run,noisy_half_text[typo] + half_diagram,211,38,38,1,OK
third run,noisy_half_text[typo] + half_diagram,223,\sqrt{7},13,0,OK
third run,noisy_half_text[typo] + half_diagram,239,8,16,0,OK
third run,noisy_half_text[typo] + half_diagram,243,1591,Cannot be determined from the provided triples.,0,OK
third run,noisy_half_text[typo] + half_diagram,257,15,12,0,OK
third run,noisy_half_text[typo] + half_diagram,264,60,30_deg,0,OK
third run,noisy_half_text[typo] + half_diagram,281,0.38,0.69,0,OK
third run,noisy_half_text[typo] + half_diagram,327,11.8,10.7,0,OK
third run,noisy_half_text[typo] + half_diagram,348,285,1,0,OK
third run,noisy_half_text[typo] + half_diagram,364,74.85,35.5,0,OK
third run,noisy_half_text[typo] + half_diagram,365,23.9,90.0,0,OK
third run,noisy_half_text[typo] + half_diagram,420,8,6,0,OK
third run,noisy_half_text[typo] + half_diagram,432,8.246,5,0,OK
third run,noisy_half_text[typo] + half_diagram,438,\frac{(x+3)^2}{25}-\frac{(y+3)^2}{25}=1,The equation of the hyperbola is ((x + 3)^2 - 9) - ((y + 3)^2 - 9) = 1,0,OK
third run,noisy_half_text[typo] + half_diagram,441,$\frac{4}{5}$,undefined,0,OK
third run,noisy_half_text[typo] + half_diagram,447,$\frac{20}{29}$,Cannot be determined,0,OK
third run,noisy_half_text[typo] + half_diagram,449,$\frac{1}{x}$,1,0,OK
third run,noisy_half_text[typo] + half_diagram,457,$(x-1)^{2}+(y-3)^{2}=36$,(x-1)^2 + (y-3)^2 = 25,0,OK
third run,noisy_half_text[typo] + half_diagram,472,"(0,0)",O,0,OK
third run,noisy_text[numeric] + full_diagram,1,140°,60 degrees,0,OK
third run,noisy_text[numeric] + full_diagram,2,65°,50 degrees,0,OK
third run,noisy_text[numeric] + full_diagram,3,55°,70,0,OK
third run,noisy_text[numeric] + full_diagram,4,27°,36_deg,0,OK
third run,noisy_text[numeric] + full_diagram,7,45°,70,0,OK
third run,noisy_text[numeric] + full_diagram,8,3cm,12,0,OK
third run,noisy_text[numeric] + full_diagram,9,6cm,12,0,OK_AFTER_JSON_REPAIR
third run,noisy_text[numeric] + full_diagram,10,72°,36_deg,0,OK
third run,noisy_text[numeric] + full_diagram,11,84°,36_deg,0,OK
third run,noisy_text[numeric] + full_diagram,14,55°,Unknown,0,OK
third run,noisy_text[numeric] + full_diagram,16,25°,50,0,OK
third run,noisy_text[numeric] + full_diagram,17,65°,unknown,0,OK
third run,noisy_text[numeric] + full_diagram,20,20°,140 degrees,0,OK
third run,noisy_text[numeric] + full_diagram,22,62°,28 degrees,0,OK
third run,noisy_text[numeric] + full_diagram,25,65°,50 degrees,0,OK
third run,noisy_text[numeric] + full_diagram,26,12,3.2 m,0,OK
third run,noisy_text[numeric] + full_diagram,29,115°,30 degrees,0,OK
third run,noisy_text[numeric] + full_diagram,30,60°,30_deg,0,OK
third run,noisy_text[numeric] + full_diagram,32,76°,52_deg,0,OK
third run,noisy_text[numeric] + full_diagram,34,80°,100 degrees,0,OK
third run,noisy_text[numeric] + full_diagram,36,20°,50 degrees,0,OK
third run,noisy_text[numeric] + full_diagram,37,25°,50 degrees,0,OK
third run,noisy_text[numeric] + full_diagram,38,40°,Cannot be determined.,0,OK
third run,noisy_text[numeric] + full_diagram,40,50°,50 degrees,1,OK
third run,noisy_text[numeric] + full_diagram,43,40°,130 degrees,0,OK
third run,noisy_text[numeric] + full_diagram,44,9m,1.5,0,OK
third run,noisy_text[numeric] + full_diagram,45,70°,35_deg,0,OK
third run,noisy_text[numeric] + full_diagram,46,110°,70_deg,0,OK
third run,noisy_text[numeric] + full_diagram,48,130°,100,0,OK
third run,noisy_text[numeric] + full_diagram,49,100°,35,0,OK
third run,noisy_text[numeric] + full_diagram,50,140°,50 degrees,0,OK
third run,noisy_text[numeric] + full_diagram,53,55°,F,0,OK
third run,noisy_text[numeric] + full_diagram,55,55°,70,0,OK
third run,noisy_text[numeric] + full_diagram,56,40°,20 degrees,0,OK
third run,noisy_text[numeric] + full_diagram,57,20°,20 degrees,1,OK
third run,noisy_text[numeric] + full_diagram,58,55°,90,0,OK_AFTER_JSON_REPAIR
third run,noisy_text[numeric] + full_diagram,59,50°,80 degrees,0,OK
third run,noisy_text[numeric] + full_diagram,60,45°,135,0,OK
third run,noisy_text[numeric] + full_diagram,64,40cm,160.0,0,OK
third run,noisy_text[numeric] + full_diagram,72,8cm,16,0,OK
third run,noisy_text[numeric] + full_diagram,73,140°,70 degrees,0,OK
third run,noisy_text[numeric] + full_diagram,78,125°,70 degrees,0,OK
third run,noisy_text[numeric] + full_diagram,79,16cm,32,0,OK_AFTER_JSON_REPAIR
third run,noisy_text[numeric] + full_diagram,81,25°,50,0,OK_AFTER_JSON_REPAIR
third run,noisy_text[numeric] + full_diagram,84,√{3},0,0,OK
third run,noisy_text[numeric] + full_diagram,86,2√{3},5,0,OK
third run,noisy_text[numeric] + full_diagram,88,128°,64 degrees,0,OK_AFTER_JSON_REPAIR
third run,noisy_text[numeric] + full_diagram,95,30°,90_deg,0,OK
third run,noisy_text[numeric] + full_diagram,99,64°,26 degrees,0,OK
third run,noisy_text[numeric] + full_diagram,108,8m,5,0,OK
third run,noisy_text[numeric] + full_diagram,109,40°,90,0,OK
third run,noisy_text[numeric] + full_diagram,112,2.4,3.2,0,OK
third run,noisy_text[numeric] + full_diagram,114,\frac{1}{2}cm^{2},0.5,0,OK_AFTER_JSON_REPAIR
third run,noisy_text[numeric] + full_diagram,115,4πcm,6,0,OK
third run,noisy_text[numeric] + full_diagram,117,2√{2}cm,3 units,0,OK
third run,noisy_text[numeric] + full_diagram,119,240cm^{2},0,0,OK
third run,noisy_text[numeric] + full_diagram,120,9πcm^{2},10,0,OK_AFTER_JSON_REPAIR
third run,noisy_text[numeric] + full_diagram,123,15π,Cannot be determined,0,OK
third run,noisy_text[numeric] + full_diagram,128,4cm,6,0,OK
third run,noisy_text[numeric] + full_diagram,132,10.2m,12.0,0,OK
third run,noisy_text[numeric] + full_diagram,133,120m,80.0_units,0,OK
third run,noisy_text[numeric] + full_diagram,149,\frac{20}{3},0,0,OK
third run,noisy_text[numeric] + full_diagram,150,\frac{40}{7}m,7/3,0,OK
third run,noisy_text[numeric] + full_diagram,151,5.1,20_units,0,OK
third run,noisy_text[numeric] + full_diagram,152,4m,1.9,0,OK
third run,noisy_text[numeric] + full_diagram,153,1.5m,1.8,0,OK
third run,noisy_text[numeric] + full_diagram,157,\frac{3}{5},4/5,0,OK
third run,noisy_text[numeric] + full_diagram,165,\frac{√{3}}{2},sin(B) cannot be determined,0,OK
third run,noisy_text[numeric] + full_diagram,198,60,30.25,0,OK
third run,noisy_text[numeric] + full_diagram,207,157.1,39.27,0,OK_AFTER_JSON_REPAIR
third run,noisy_text[numeric] + full_diagram,210,15,12,0,OK_AFTER_JSON_REPAIR
third run,noisy_text[numeric] + full_diagram,211,38,83,0,OK
third run,noisy_text[numeric] + full_diagram,223,\sqrt{7},5,0,OK
third run,noisy_text[numeric] + full_diagram,239,8,16,0,OK
third run,noisy_text[numeric] + full_diagram,243,1591,Unknown,0,OK
third run,noisy_text[numeric] + full_diagram,257,15,5,0,OK
third run,noisy_text[numeric] + full_diagram,264,60,30_deg,0,OK
third run,noisy_text[numeric] + full_diagram,281,0.38,0.92,0,OK_AFTER_JSON_REPAIR
third run,noisy_text[numeric] + full_diagram,327,11.8,10.7,0,OK
third run,noisy_text[numeric] + full_diagram,348,285,100,0,OK
third run,noisy_text[numeric] + full_diagram,364,74.85,65.90,0,OK
third run,noisy_text[numeric] + full_diagram,365,23.9,1.3,0,OK_AFTER_JSON_REPAIR
third run,noisy_text[numeric] + full_diagram,420,8,6,0,OK
third run,noisy_text[numeric] + full_diagram,432,8.246,4,0,OK
third run,noisy_text[numeric] + full_diagram,438,\frac{(x+3)^2}{25}-\frac{(y+3)^2}{25}=1,This question cannot be answered using the provided triples.,0,OK
third run,noisy_text[numeric] + full_diagram,441,$\frac{4}{5}$,1/2,0,OK_AFTER_JSON_REPAIR
third run,noisy_text[numeric] + full_diagram,447,$\frac{20}{29}$,20/29,0,OK
third run,noisy_text[numeric] + full_diagram,449,$\frac{1}{x}$,1,0,OK
third run,noisy_text[numeric] + full_diagram,457,$(x-1)^{2}+(y-3)^{2}=36$,(x-0)^2 + (y-0)^2 = 6^2,0,OK
third run,noisy_text[numeric] + full_diagram,472,"(0,0)",B,0,OK
third run,noisy_text[punctuation] + full_diagram,1,140°,60 degrees,0,OK
third run,noisy_text[punctuation] + full_diagram,2,65°,130 degrees,0,OK
third run,noisy_text[punctuation] + full_diagram,3,55°,70,0,OK
third run,noisy_text[punctuation] + full_diagram,4,27°,36_deg,0,OK
third run,noisy_text[punctuation] + full_diagram,7,45°,35 degrees,0,OK
third run,noisy_text[punctuation] + full_diagram,8,3cm,7.0,0,OK
third run,noisy_text[punctuation] + full_diagram,9,6cm,6,1,OK_AFTER_JSON_REPAIR
third run,noisy_text[punctuation] + full_diagram,10,72°,30 degrees,0,OK
third run,noisy_text[punctuation] + full_diagram,11,84°,60_deg,0,OK
third run,noisy_text[punctuation] + full_diagram,14,55°,35 degrees,0,OK
third run,noisy_text[punctuation] + full_diagram,16,25°,50 degrees,0,OK
third run,noisy_text[punctuation] + full_diagram,17,65°,42_deg,0,OK
third run,noisy_text[punctuation] + full_diagram,20,20°,140_deg,0,OK
third run,noisy_text[punctuation] + full_diagram,22,62°,28 degrees,0,OK
third run,noisy_text[punctuation] + full_diagram,25,65°,50 degrees,0,OK
third run,noisy_text[punctuation] + full_diagram,26,12,30m,0,OK
third run,noisy_text[punctuation] + full_diagram,29,115°,30 degrees,0,OK
third run,noisy_text[punctuation] + full_diagram,30,60°,30_deg,0,OK
third run,noisy_text[punctuation] + full_diagram,32,76°,52 degrees,0,OK
third run,noisy_text[punctuation] + full_diagram,34,80°,100 degrees,0,OK
third run,noisy_text[punctuation] + full_diagram,36,20°,Unknown,0,OK
third run,noisy_text[punctuation] + full_diagram,37,25°,50 degrees,0,OK
third run,noisy_text[punctuation] + full_diagram,38,40°,Cannot be determined.,0,OK
third run,noisy_text[punctuation] + full_diagram,40,50°,50 degrees,1,OK
third run,noisy_text[punctuation] + full_diagram,43,40°,100 degrees,0,OK_AFTER_JSON_REPAIR
third run,noisy_text[punctuation] + full_diagram,44,9m,1.5,0,OK
third run,noisy_text[punctuation] + full_diagram,45,70°,35_deg,0,OK
third run,noisy_text[punctuation] + full_diagram,46,110°,70,0,OK
third run,noisy_text[punctuation] + full_diagram,48,130°,100,0,OK
third run,noisy_text[punctuation] + full_diagram,49,100°,30_deg,0,OK
third run,noisy_text[punctuation] + full_diagram,50,140°,50 degrees,0,OK
third run,noisy_text[punctuation] + full_diagram,53,55°,F,0,OK
third run,noisy_text[punctuation] + full_diagram,55,55°,3,0,OK
third run,noisy_text[punctuation] + full_diagram,56,40°,20 degrees,0,OK
third run,noisy_text[punctuation] + full_diagram,57,20°,20 degrees,1,OK
third run,noisy_text[punctuation] + full_diagram,58,55°,90_deg,0,OK
third run,noisy_text[punctuation] + full_diagram,59,50°,80 degrees,0,OK
third run,noisy_text[punctuation] + full_diagram,60,45°,135_deg,0,OK
third run,noisy_text[punctuation] + full_diagram,64,40cm,200.0,0,OK
third run,noisy_text[punctuation] + full_diagram,72,8cm,16,0,OK
third run,noisy_text[punctuation] + full_diagram,73,140°,70 degrees,0,OK
third run,noisy_text[punctuation] + full_diagram,78,125°,70 degrees,0,OK
third run,noisy_text[punctuation] + full_diagram,79,16cm,AD + CE + CD,0,OK
third run,noisy_text[punctuation] + full_diagram,81,25°,90_deg,0,OK
third run,noisy_text[punctuation] + full_diagram,84,√{3},0,0,OK
third run,noisy_text[punctuation] + full_diagram,86,2√{3},2,0,OK
third run,noisy_text[punctuation] + full_diagram,88,128°,60,0,OK
third run,noisy_text[punctuation] + full_diagram,95,30°,90 degrees,0,OK
third run,noisy_text[punctuation] + full_diagram,99,64°,26.0_deg,0,OK
third run,noisy_text[punctuation] + full_diagram,108,8m,5.0,0,OK
third run,noisy_text[punctuation] + full_diagram,109,40°,130,0,OK
third run,noisy_text[punctuation] + full_diagram,112,2.4,2.5,0,OK
third run,noisy_text[punctuation] + full_diagram,114,\frac{1}{2}cm^{2},1,0,OK
third run,noisy_text[punctuation] + full_diagram,115,4πcm,4π,0,OK_AFTER_JSON_REPAIR
third run,noisy_text[punctuation] + full_diagram,117,2√{2}cm,3 units,0,OK
third run,noisy_text[punctuation] + full_diagram,119,240cm^{2},0,0,OK
third run,noisy_text[punctuation] + full_diagram,120,9πcm^{2},5π,0,OK
third run,noisy_text[punctuation] + full_diagram,123,15π,15.0,0,OK_AFTER_JSON_REPAIR
third run,noisy_text[punctuation] + full_diagram,128,4cm,6 units,0,OK
third run,noisy_text[punctuation] + full_diagram,132,10.2m,3.2,0,OK
third run,noisy_text[punctuation] + full_diagram,133,120m,60.0_m,0,OK
third run,noisy_text[punctuation] + full_diagram,149,\frac{20}{3},16.0,0,OK_AFTER_JSON_REPAIR
third run,noisy_text[punctuation] + full_diagram,150,\frac{40}{7}m,7/3,0,OK
third run,noisy_text[punctuation] + full_diagram,151,5.1,20 units,0,OK
third run,noisy_text[punctuation] + full_diagram,152,4m,0.9,0,OK_AFTER_JSON_REPAIR
third run,noisy_text[punctuation] + full_diagram,153,1.5m,1.2,0,OK
third run,noisy_text[punctuation] + full_diagram,157,\frac{3}{5},4/5,0,OK
third run,noisy_text[punctuation] + full_diagram,165,\frac{√{3}}{2},sin(B) cannot be determined from the given information.,0,OK
third run,noisy_text[punctuation] + full_diagram,198,60,60,1,OK
third run,noisy_text[punctuation] + full_diagram,207,157.1,62.8,0,OK
third run,noisy_text[punctuation] + full_diagram,210,15,5,0,OK
third run,noisy_text[punctuation] + full_diagram,211,38,20,0,OK
third run,noisy_text[punctuation] + full_diagram,223,\sqrt{7},5,0,OK
third run,noisy_text[punctuation] + full_diagram,239,8,4,0,OK
third run,noisy_text[punctuation] + full_diagram,243,1591,377 miles,0,OK
third run,noisy_text[punctuation] + full_diagram,257,15,16,0,OK
third run,noisy_text[punctuation] + full_diagram,264,60,20 degrees,0,OK
third run,noisy_text[punctuation] + full_diagram,281,0.38,0.92,0,OK_AFTER_JSON_REPAIR
third run,noisy_text[punctuation] + full_diagram,327,11.8,10.7,0,OK
third run,noisy_text[punctuation] + full_diagram,348,285,198,0,OK
third run,noisy_text[punctuation] + full_diagram,364,74.85,65.90,0,OK
third run,noisy_text[punctuation] + full_diagram,365,23.9,41.1,0,OK
third run,noisy_text[punctuation] + full_diagram,420,8,16,0,OK
third run,noisy_text[punctuation] + full_diagram,432,8.246,7,0,OK_AFTER_JSON_REPAIR
third run,noisy_text[punctuation] + full_diagram,438,\frac{(x+3)^2}{25}-\frac{(y+3)^2}{25}=1,The equation of the hyperbola is (x - (-3))^2 - (y + 3)^2 = 50,0,OK
third run,noisy_text[punctuation] + full_diagram,441,$\frac{4}{5}$,4/5,0,OK
third run,noisy_text[punctuation] + full_diagram,447,$\frac{20}{29}$,20/29,0,OK
third run,noisy_text[punctuation] + full_diagram,449,$\frac{1}{x}$,The value of sec theta at point P cannot be determined from the given triples.,0,OK
third run,noisy_text[punctuation] + full_diagram,457,$(x-1)^{2}+(y-3)^{2}=36$,(x-0)^2 + (y-0)^2 = 6^2,0,OK
third run,noisy_text[punctuation] + full_diagram,472,"(0,0)",B,0,OK
third run,noisy_text[sentence] + full_diagram,1,140°,60 degrees,0,OK
third run,noisy_text[sentence] + full_diagram,2,65°,"The measure of angle EGF is not directly provided in the given triples. However, we know that EF intersects AB and CD at point G. Since EF intersects AB and CD, it forms angles with these segments. Without additional information about the angles formed by the intersection, we cannot determine the measure of angle EGF.",0,OK
third run,noisy_text[sentence] + full_diagram,3,55°,70,0,OK
third run,noisy_text[sentence] + full_diagram,4,27°,36_deg,0,OK
third run,noisy_text[sentence] + full_diagram,7,45°,35 degrees,0,OK
third run,noisy_text[sentence] + full_diagram,8,3cm,12,0,OK_AFTER_JSON_REPAIR
third run,noisy_text[sentence] + full_diagram,9,6cm,Cannot be determined,0,OK
third run,noisy_text[sentence] + full_diagram,10,72°,30 degrees,0,OK
third run,noisy_text[sentence] + full_diagram,11,84°,36,0,OK_AFTER_JSON_REPAIR
third run,noisy_text[sentence] + full_diagram,14,55°,35 degrees,0,OK
third run,noisy_text[sentence] + full_diagram,16,25°,50 degrees,0,OK
third run,noisy_text[sentence] + full_diagram,17,65°,65_deg,1,OK
third run,noisy_text[sentence] + full_diagram,20,20°,40,0,OK_AFTER_JSON_REPAIR
third run,noisy_text[sentence] + full_diagram,22,62°,28 degrees,0,OK
third run,noisy_text[sentence] + full_diagram,25,65°,50 degrees,0,OK
third run,noisy_text[sentence] + full_diagram,26,12,22.0_m,0,OK
third run,noisy_text[sentence] + full_diagram,29,115°,50_deg,0,OK
third run,noisy_text[sentence] + full_diagram,30,60°,30_deg,0,OK
third run,noisy_text[sentence] + full_diagram,32,76°,52 degrees,0,OK
third run,noisy_text[sentence] + full_diagram,34,80°,100 degrees,0,OK
third run,noisy_text[sentence] + full_diagram,36,20°,25,0,OK_AFTER_JSON_REPAIR
third run,noisy_text[sentence] + full_diagram,37,25°,50 degrees,0,OK
third run,noisy_text[sentence] + full_diagram,38,40°,70,0,OK
third run,noisy_text[sentence] + full_diagram,40,50°,50 degrees,1,OK
third run,noisy_text[sentence] + full_diagram,43,40°,30_deg,0,OK
third run,noisy_text[sentence] + full_diagram,44,9m,30.0,0,OK
third run,noisy_text[sentence] + full_diagram,45,70°,35_deg,0,OK
third run,noisy_text[sentence] + full_diagram,46,110°,70 degrees,0,OK
third run,noisy_text[sentence] + full_diagram,48,130°,100,0,OK
third run,noisy_text[sentence] + full_diagram,49,100°,135,0,OK_AFTER_JSON_REPAIR
third run,noisy_text[sentence] + full_diagram,50,140°,50 degrees,0,OK
third run,noisy_text[sentence] + full_diagram,53,55°,BFD,0,OK
third run,noisy_text[sentence] + full_diagram,55,55°,70,0,OK
third run,noisy_text[sentence] + full_diagram,56,40°,20_deg,0,OK
third run,noisy_text[sentence] + full_diagram,57,20°,20 degrees,1,OK
third run,noisy_text[sentence] + full_diagram,58,55°,145,0,OK_AFTER_JSON_REPAIR
third run,noisy_text[sentence] + full_diagram,59,50°,80 degrees,0,OK
third run,noisy_text[sentence] + full_diagram,60,45°,135_deg,0,OK
third run,noisy_text[sentence] + full_diagram,64,40cm,200.0,0,OK
third run,noisy_text[sentence] + full_diagram,72,8cm,16,0,OK
third run,noisy_text[sentence] + full_diagram,73,140°,70 degrees,0,OK
third run,noisy_text[sentence] + full_diagram,78,125°,70 degrees,0,OK
third run,noisy_text[sentence] + full_diagram,79,16cm,32,0,OK
third run,noisy_text[sentence] + full_diagram,81,25°,40,0,OK_AFTER_JSON_REPAIR
third run,noisy_text[sentence] + full_diagram,84,√{3},BC,0,OK
third run,noisy_text[sentence] + full_diagram,86,2√{3},2,0,OK
third run,noisy_text[sentence] + full_diagram,88,128°,42,0,OK
third run,noisy_text[sentence] + full_diagram,95,30°,90 degrees,0,OK
third run,noisy_text[sentence] + full_diagram,99,64°,26 degrees,0,OK
third run,noisy_text[sentence] + full_diagram,108,8m,8 units,1,OK
third run,noisy_text[sentence] + full_diagram,109,40°,90,0,OK
third run,noisy_text[sentence] + full_diagram,112,2.4,0.7,0,OK
third run,noisy_text[sentence] + full_diagram,114,\frac{1}{2}cm^{2},1/4 * π,0,OK_AFTER_JSON_REPAIR
third run,noisy_text[sentence] + full_diagram,115,4πcm,6π,0,OK
third run,noisy_text[sentence] + full_diagram,117,2√{2}cm,3 cm,0,OK
third run,noisy_text[sentence] + full_diagram,119,240cm^{2},7.6445,0,OK_AFTER_JSON_REPAIR
third run,noisy_text[sentence] + full_diagram,120,9πcm^{2},0,0,OK
third run,noisy_text[sentence] + full_diagram,123,15π,15.0,0,OK
third run,noisy_text[sentence] + full_diagram,128,4cm,6 units,0,OK
third run,noisy_text[sentence] + full_diagram,132,10.2m,1.6,0,OK
third run,noisy_text[sentence] + full_diagram,133,120m,80.0_m,0,OK
third run,noisy_text[sentence] + full_diagram,149,\frac{20}{3},7,0,OK_AFTER_JSON_REPAIR
third run,noisy_text[sentence] + full_diagram,150,\frac{40}{7}m,7,0,OK
third run,noisy_text[sentence] + full_diagram,151,5.1,5.0_units,0,OK
third run,noisy_text[sentence] + full_diagram,152,4m,1.4,0,OK
third run,noisy_text[sentence] + full_diagram,153,1.5m,1.8,0,OK_AFTER_JSON_REPAIR
third run,noisy_text[sentence] + full_diagram,157,\frac{3}{5},4/5,0,OK
third run,noisy_text[sentence] + full_diagram,165,\frac{√{3}}{2},sin(B) cannot be determined from the given information.,0,OK
third run,noisy_text[sentence] + full_diagram,198,60,0,0,OK
third run,noisy_text[sentence] + full_diagram,207,157.1,78.5,0,OK
third run,noisy_text[sentence] + full_diagram,210,15,16,0,OK
third run,noisy_text[sentence] + full_diagram,211,38,83,0,OK
third run,noisy_text[sentence] + full_diagram,223,\sqrt{7},√7,0,OK_AFTER_JSON_REPAIR
third run,noisy_text[sentence] + full_diagram,239,8,11,0,OK_AFTER_JSON_REPAIR
third run,noisy_text[sentence] + full_diagram,243,1591,The distance between Phoenix and Atlanta is 73.8x.,0,OK
third run,noisy_text[sentence] + full_diagram,257,15,5,0,OK
third run,noisy_text[sentence] + full_diagram,264,60,100,0,OK
third run,noisy_text[sentence] + full_diagram,281,0.38,0.69,0,OK
third run,noisy_text[sentence] + full_diagram,327,11.8,10.7,0,OK
third run,noisy_text[sentence] + full_diagram,348,285,198,0,OK
third run,noisy_text[sentence] + full_diagram,364,74.85,65.90,0,OK
third run,noisy_text[sentence] + full_diagram,365,23.9,12.9,0,OK_AFTER_JSON_REPAIR
third run,noisy_text[sentence] + full_diagram,420,8,Cannot be determined,0,OK
third run,noisy_text[sentence] + full_diagram,432,8.246,sqrt(68),1,OK_AFTER_JSON_REPAIR
third run,noisy_text[sentence] + full_diagram,438,\frac{(x+3)^2}{25}-\frac{(y+3)^2}{25}=1,The equation of the hyperbola is not determinable from the given triples.,0,OK
third run,noisy_text[sentence] + full_diagram,441,$\frac{4}{5}$,4/5,0,OK
third run,noisy_text[sentence] + full_diagram,447,$\frac{20}{29}$,21/29,0,OK
third run,noisy_text[sentence] + full_diagram,449,$\frac{1}{x}$,Cannot be determined.,0,OK
third run,noisy_text[sentence] + full_diagram,457,$(x-1)^{2}+(y-3)^{2}=36$,x^2 + y^2 = 9,0,OK
third run,noisy_text[sentence] + full_diagram,472,"(0,0)",O,0,OK
third run,noisy_text[typo] + full_diagram,1,140°,60 degrees,0,OK
third run,noisy_text[typo] + full_diagram,2,65°,50 degrees,0,OK
third run,noisy_text[typo] + full_diagram,3,55°,70,0,OK
third run,noisy_text[typo] + full_diagram,4,27°,30 degrees,0,OK
third run,noisy_text[typo] + full_diagram,7,45°,30,0,OK
third run,noisy_text[typo] + full_diagram,8,3cm,7,0,OK_AFTER_JSON_REPAIR
third run,noisy_text[typo] + full_diagram,9,6cm,Cannot be determined,0,OK
third run,noisy_text[typo] + full_diagram,10,72°,36_deg,0,OK
third run,noisy_text[typo] + full_diagram,11,84°,36,0,OK
third run,noisy_text[typo] + full_diagram,14,55°,35_deg,0,OK
third run,noisy_text[typo] + full_diagram,16,25°,50 degrees,0,OK
third run,noisy_text[typo] + full_diagram,17,65°,65_deg,1,OK_AFTER_JSON_REPAIR
third run,noisy_text[typo] + full_diagram,20,20°,140 degrees,0,OK
third run,noisy_text[typo] + full_diagram,22,62°,28 degrees,0,OK
third run,noisy_text[typo] + full_diagram,25,65°,50 degrees,0,OK
third run,noisy_text[typo] + full_diagram,26,12,22 meters,0,OK
third run,noisy_text[typo] + full_diagram,29,115°,50,0,OK
third run,noisy_text[typo] + full_diagram,30,60°,30_deg,0,OK
third run,noisy_text[typo] + full_diagram,32,76°,52_deg,0,OK
third run,noisy_text[typo] + full_diagram,34,80°,100,0,OK
third run,noisy_text[typo] + full_diagram,36,20°,50 degrees,0,OK
third run,noisy_text[typo] + full_diagram,37,25°,50 degrees,0,OK
third run,noisy_text[typo] + full_diagram,38,40°,70 degrees,0,OK
third run,noisy_text[typo] + full_diagram,40,50°,50 degrees,1,OK
third run,noisy_text[typo] + full_diagram,43,40°,30_deg,0,OK
third run,noisy_text[typo] + full_diagram,44,9m,1.5,0,OK
third run,noisy_text[typo] + full_diagram,45,70°,35 degrees,0,OK
third run,noisy_text[typo] + full_diagram,46,110°,70,0,OK
third run,noisy_text[typo] + full_diagram,48,130°,50,0,OK_AFTER_JSON_REPAIR
third run,noisy_text[typo] + full_diagram,49,100°,35_deg,0,OK
third run,noisy_text[typo] + full_diagram,50,140°,50 degrees,0,OK
third run,noisy_text[typo] + full_diagram,53,55°,BFD,0,OK
third run,noisy_text[typo] + full_diagram,55,55°,3,0,OK
third run,noisy_text[typo] + full_diagram,56,40°,20 degrees,0,OK
third run,noisy_text[typo] + full_diagram,57,20°,20 degrees,1,OK
third run,noisy_text[typo] + full_diagram,58,55°,55,1,OK_AFTER_JSON_REPAIR
third run,noisy_text[typo] + full_diagram,59,50°,80_deg,0,OK
third run,noisy_text[typo] + full_diagram,60,45°,135,0,OK
third run,noisy_text[typo] + full_diagram,64,40cm,160,0,OK
third run,noisy_text[typo] + full_diagram,72,8cm,16,0,OK
third run,noisy_text[typo] + full_diagram,73,140°,70,0,OK
third run,noisy_text[typo] + full_diagram,78,125°,70 degrees,0,OK
third run,noisy_text[typo] + full_diagram,79,16cm,32,0,OK
third run,noisy_text[typo] + full_diagram,81,25°,50 degrees,0,OK
third run,noisy_text[typo] + full_diagram,84,√{3},0,0,OK
third run,noisy_text[typo] + full_diagram,86,2√{3},BC,0,OK
third run,noisy_text[typo] + full_diagram,88,128°,60,0,OK_AFTER_JSON_REPAIR
third run,noisy_text[typo] + full_diagram,95,30°,90_deg,0,OK
third run,noisy_text[typo] + full_diagram,99,64°,26 degrees,0,OK
third run,noisy_text[typo] + full_diagram,108,8m,8 units,1,OK
third run,noisy_text[typo] + full_diagram,109,40°,130,0,OK
third run,noisy_text[typo] + full_diagram,112,2.4,2.5,0,OK
third run,noisy_text[typo] + full_diagram,114,\frac{1}{2}cm^{2},π/4,0,OK_AFTER_JSON_REPAIR
third run,noisy_text[typo] + full_diagram,115,4πcm,6,0,OK
third run,noisy_text[typo] + full_diagram,117,2√{2}cm,3,0,OK
third run,noisy_text[typo] + full_diagram,119,240cm^{2},Cannot be determined.,0,OK
third run,noisy_text[typo] + full_diagram,120,9πcm^{2},30,0,OK
third run,noisy_text[typo] + full_diagram,123,15π,Cannot be determined,0,OK
third run,noisy_text[typo] + full_diagram,128,4cm,6.0,0,OK
third run,noisy_text[typo] + full_diagram,132,10.2m,13.6,0,OK_AFTER_JSON_REPAIR
third run,noisy_text[typo] + full_diagram,133,120m,80.0_m,0,OK
third run,noisy_text[typo] + full_diagram,149,\frac{20}{3},16,0,OK_AFTER_JSON_REPAIR
third run,noisy_text[typo] + full_diagram,150,\frac{40}{7}m,BC,0,OK
third run,noisy_text[typo] + full_diagram,151,5.1,20 units,0,OK
third run,noisy_text[typo] + full_diagram,152,4m,2.1,0,OK
third run,noisy_text[typo] + full_diagram,153,1.5m,2.2,0,OK_AFTER_JSON_REPAIR
third run,noisy_text[typo] + full_diagram,157,\frac{3}{5},4/5,0,OK
third run,noisy_text[typo] + full_diagram,165,\frac{√{3}}{2},1/2,0,OK
third run,noisy_text[typo] + full_diagram,198,60,10.5,0,OK
third run,noisy_text[typo] + full_diagram,207,157.1,314.2,0,OK_AFTER_JSON_REPAIR
third run,noisy_text[typo] + full_diagram,210,15,16,0,OK
third run,noisy_text[typo] + full_diagram,211,38,17.9,0,OK
third run,noisy_text[typo] + full_diagram,223,\sqrt{7},5,0,OK
third run,noisy_text[typo] + full_diagram,239,8,7,0,OK
third run,noisy_text[typo] + full_diagram,243,1591,3482,0,OK
third run,noisy_text[typo] + full_diagram,257,15,5,0,OK
third run,noisy_text[typo] + full_diagram,264,60,150,0,OK_AFTER_JSON_REPAIR
third run,noisy_text[typo] + full_diagram,281,0.38,0.69,0,OK
third run,noisy_text[typo] + full_diagram,327,11.8,10.7,0,OK
third run,noisy_text[typo] + full_diagram,348,285,100,0,OK
third run,noisy_text[typo] + full_diagram,364,74.85,65.90,0,OK
third run,noisy_text[typo] + full_diagram,365,23.9,48.6,0,OK
third run,noisy_text[typo] + full_diagram,420,8,10,0,OK_AFTER_JSON_REPAIR
third run,noisy_text[typo] + full_diagram,432,8.246,√[5² + (-2)²] = √[25 + 4] = √29,0,OK
third run,noisy_text[typo] + full_diagram,438,\frac{(x+3)^2}{25}-\frac{(y+3)^2}{25}=1,,0,NO_TRIPLES_FOR_INDEX
third run,noisy_text[typo] + full_diagram,441,$\frac{4}{5}$,3/5,0,OK
third run,noisy_text[typo] + full_diagram,447,$\frac{20}{29}$,20/29,0,OK
third run,noisy_text[typo] + full_diagram,449,$\frac{1}{x}$,1,0,OK
third run,noisy_text[typo] + full_diagram,457,$(x-1)^{2}+(y-3)^{2}=36$,The equation of the circle is (x-0)^2 + (y-0)^2 = 6^2,0,OK
third run,noisy_text[typo] + full_diagram,472,"(0,0)",B,0,OK
